project,bug_id,tool,rank,mrr,map,map_recalc_single_gt,map_recalc_with_gt,map_recalc_conservative,map_diff_single,map_diff_with_gt,map_diff_conservative,top@1,top@5,top@10
Chart,1,FlexFL,5.0,0.2,0.2,0.2,0.2,0.2,0.0,0.0,0.0,0,1,1
Chart,1,boostnsift,1.0,1.0,1.0,1.0,1.0,1.0,0.0,0.0,0.0,1,1,1
Chart,1,buglocator,14.0,0.071429,0.071429,0.07142857142857142,0.07142857142857142,0.07142857142857142,4.285714285817699e-07,4.285714285817699e-07,4.285714285817699e-07,0,0,0
Chart,1,locus,2.0,0.5,0.5,0.5,0.5,0.5,0.0,0.0,0.0,0,1,1
Chart,2,FlexFL,1.0,1.0,1.0,1.0,1.0,1.0,0.0,0.0,0.0,1,1,1
Chart,2,boostnsift,5.0,0.2,0.2,0.2,0.2,0.2,0.0,0.0,0.0,0,1,1
Chart,2,buglocator,3.0,0.333333,0.333333,0.3333333333333333,0.3333333333333333,0.3333333333333333,3.3333333332441484e-07,3.3333333332441484e-07,3.3333333332441484e-07,0,1,1
Chart,2,locus,,0.0,0.0,0.0,0.0,0.0,0.0,0.0,0.0,0,0,0
Chart,3,FlexFL,1.0,1.0,1.0,1.0,1.0,1.0,0.0,0.0,0.0,1,1,1
Chart,4,FlexFL,,0.0,0.0,0.0,0.0,0.0,0.0,0.0,0.0,0,0,0
Chart,5,FlexFL,1.0,1.0,1.0,1.0,1.0,1.0,0.0,0.0,0.0,1,1,1
Chart,5,boostnsift,1.0,1.0,1.0,1.0,1.0,1.0,0.0,0.0,0.0,1,1,1
Chart,5,buglocator,1.0,1.0,1.0,1.0,1.0,1.0,0.0,0.0,0.0,1,1,1
Chart,5,locus,1.0,1.0,1.0,1.0,1.0,1.0,0.0,0.0,0.0,1,1,1
Chart,6,FlexFL,1.0,1.0,1.0,1.0,1.0,1.0,0.0,0.0,0.0,1,1,1
Chart,7,FlexFL,1.0,1.0,1.0,1.0,1.0,1.0,0.0,0.0,0.0,1,1,1
Chart,8,FlexFL,1.0,1.0,1.0,1.0,1.0,1.0,0.0,0.0,0.0,1,1,1
Chart,9,FlexFL,1.0,1.0,1.0,1.0,1.0,1.0,0.0,0.0,0.0,1,1,1
Chart,9,boostnsift,1.0,1.0,1.0,1.0,1.0,1.0,0.0,0.0,0.0,1,1,1
Chart,9,buglocator,1.0,1.0,1.0,1.0,1.0,1.0,0.0,0.0,0.0,1,1,1
Chart,9,locus,1.0,1.0,1.0,1.0,1.0,1.0,0.0,0.0,0.0,1,1,1
Chart,10,FlexFL,1.0,1.0,1.0,1.0,1.0,1.0,0.0,0.0,0.0,1,1,1
Chart,11,FlexFL,1.0,1.0,1.0,1.0,1.0,1.0,0.0,0.0,0.0,1,1,1
Chart,11,boostnsift,1.0,1.0,1.0,1.0,1.0,1.0,0.0,0.0,0.0,1,1,1
Chart,11,buglocator,1.0,1.0,1.0,1.0,1.0,1.0,0.0,0.0,0.0,1,1,1
Chart,11,locus,,0.0,0.0,0.0,0.0,0.0,0.0,0.0,0.0,0,0,0
Chart,12,FlexFL,3.0,0.3333333333333333,0.3333333333333333,0.3333333333333333,0.3333333333333333,0.3333333333333333,0.0,0.0,0.0,0,1,1
Chart,12,boostnsift,2.0,0.5,0.5,0.5,0.5,0.5,0.0,0.0,0.0,0,1,1
Chart,12,buglocator,1.0,1.0,1.0,1.0,1.0,1.0,0.0,0.0,0.0,1,1,1
Chart,12,locus,,0.0,0.0,0.0,0.0,0.0,0.0,0.0,0.0,0,0,0
Chart,13,FlexFL,1.0,1.0,1.0,1.0,1.0,1.0,0.0,0.0,0.0,1,1,1
Chart,14,FlexFL,1.0,1.0,1.0,1.0,1.0,1.0,0.0,0.0,0.0,1,1,1
Chart,15,FlexFL,1.0,1.0,1.0,1.0,1.0,1.0,0.0,0.0,0.0,1,1,1
Chart,16,FlexFL,1.0,1.0,1.0,1.0,1.0,1.0,0.0,0.0,0.0,1,1,1
Chart,16,boostnsift,1.0,1.0,1.0,1.0,1.0,1.0,0.0,0.0,0.0,1,1,1
Chart,16,buglocator,1.0,1.0,1.0,1.0,1.0,1.0,0.0,0.0,0.0,1,1,1
Chart,16,locus,1.0,1.0,1.0,1.0,1.0,1.0,0.0,0.0,0.0,1,1,1
Chart,17,FlexFL,2.0,0.5,0.5,0.5,0.5,0.5,0.0,0.0,0.0,1,1,1
Chart,17,boostnsift,1.0,1.0,1.0,1.0,1.0,1.0,0.0,0.0,0.0,1,1,1
Chart,17,buglocator,1.0,1.0,1.0,1.0,1.0,1.0,0.0,0.0,0.0,1,1,1
Chart,17,locus,1.0,1.0,1.0,1.0,1.0,1.0,0.0,0.0,0.0,1,1,1
Chart,18,FlexFL,1.0,1.0,1.0,1.0,1.0,1.0,0.0,0.0,0.0,1,1,1
Chart,19,FlexFL,5.0,0.2,0.1,0.2,0.2,0.2,0.1,0.1,0.1,1,1,1
Chart,20,FlexFL,1.0,1.0,1.0,1.0,1.0,1.0,0.0,0.0,0.0,1,1,1
Chart,21,FlexFL,1.0,1.0,0.5,1.0,1.0,1.0,0.5,0.5,0.5,1,1,1
Chart,22,FlexFL,1.0,1.0,0.4166666666666666,1.0,1.0,1.0,0.5833333333333335,0.5833333333333335,0.5833333333333335,1,1,1
Chart,23,FlexFL,,0.0,0.0,0.0,0.0,0.0,0.0,0.0,0.0,0,0,0
Chart,24,FlexFL,1.0,1.0,1.0,1.0,1.0,1.0,0.0,0.0,0.0,1,1,1
Chart,25,FlexFL,1.0,1.0,1.0,1.0,1.0,1.0,0.0,0.0,0.0,1,1,1
Chart,26,FlexFL,,0.0,0.0,0.0,0.0,0.0,0.0,0.0,0.0,0,0,0
Cli,1,FlexFL,1.0,1.0,1.0,1.0,1.0,1.0,0.0,0.0,0.0,1,1,1
Cli,1,boostnsift,6.0,0.166667,0.166667,0.16666666666666666,0.16666666666666666,0.16666666666666666,3.333333333521704e-07,3.333333333521704e-07,3.333333333521704e-07,0,0,1
Cli,1,buglocator,1.0,1.0,1.0,1.0,1.0,1.0,0.0,0.0,0.0,1,1,1
Cli,1,locus,1.0,1.0,1.0,1.0,1.0,1.0,0.0,0.0,0.0,1,1,1
Cli,2,FlexFL,1.0,1.0,1.0,1.0,1.0,1.0,0.0,0.0,0.0,1,1,1
Cli,2,boostnsift,1.0,1.0,1.0,1.0,1.0,1.0,0.0,0.0,0.0,1,1,1
Cli,2,buglocator,11.0,0.090909,0.090909,0.09090909090909091,0.09090909090909091,0.09090909090909091,9.090909090792021e-08,9.090909090792021e-08,9.090909090792021e-08,0,0,0
Cli,2,locus,5.0,0.2,0.2,0.2,0.2,0.2,0.0,0.0,0.0,0,1,1
Cli,3,FlexFL,,0.0,0.0,0.0,0.0,0.0,0.0,0.0,0.0,0,0,0
Cli,3,boostnsift,9.0,0.111111,0.111111,0.1111111111111111,0.1111111111111111,0.1111111111111111,1.1111111110351235e-07,1.1111111110351235e-07,1.1111111110351235e-07,0,0,1
Cli,3,buglocator,9.0,0.111111,0.111111,0.1111111111111111,0.1111111111111111,0.1111111111111111,1.1111111110351235e-07,1.1111111110351235e-07,1.1111111110351235e-07,0,0,1
Cli,3,locus,15.0,0.066667,0.066667,0.06666666666666667,0.06666666666666667,0.06666666666666667,3.333333333382926e-07,3.333333333382926e-07,3.333333333382926e-07,0,0,0
Cli,4,FlexFL,3.0,0.3333333333333333,0.3333333333333333,0.3333333333333333,0.3333333333333333,0.3333333333333333,0.0,0.0,0.0,0,1,1
Cli,4,boostnsift,2.0,0.5,0.5,0.5,0.5,0.5,0.0,0.0,0.0,0,1,1
Cli,4,buglocator,4.0,0.25,0.25,0.25,0.25,0.25,0.0,0.0,0.0,0,1,1
Cli,4,locus,7.0,0.142857,0.142857,0.14285714285714285,0.14285714285714285,0.14285714285714285,1.4285714283746032e-07,1.4285714283746032e-07,1.4285714283746032e-07,0,0,1
Cli,5,FlexFL,1.0,1.0,1.0,1.0,1.0,1.0,0.0,0.0,0.0,1,1,1
Cli,5,boostnsift,8.0,0.125,0.125,0.125,0.125,0.125,0.0,0.0,0.0,0,0,1
Cli,5,buglocator,9.0,0.111111,0.111111,0.1111111111111111,0.1111111111111111,0.1111111111111111,1.1111111110351235e-07,1.1111111110351235e-07,1.1111111110351235e-07,0,0,1
Cli,5,locus,3.0,0.333333,0.333333,0.3333333333333333,0.3333333333333333,0.3333333333333333,3.3333333332441484e-07,3.3333333332441484e-07,3.3333333332441484e-07,0,1,1
Cli,7,FlexFL,,0.0,0.0,0.0,0.0,0.0,0.0,0.0,0.0,0,0,0
Cli,7,boostnsift,29.0,0.034483,0.034483,0.034482758620689655,0.0,0.034482758620689655,2.41379310345069e-07,0.034483,2.41379310345069e-07,0,0,0
Cli,7,buglocator,55.0,0.018182,0.018182,0.01818181818181818,0.0,0.01818181818181818,1.8181818181930987e-07,0.018182,1.8181818181930987e-07,0,0,0
Cli,7,locus,,0.0,0.0,0.0,0.0,0.0,0.0,0.0,0.0,0,0,0
Cli,8,FlexFL,1.0,1.0,1.0,1.0,1.0,1.0,0.0,0.0,0.0,1,1,1
Cli,8,boostnsift,1.0,1.0,1.0,1.0,1.0,1.0,0.0,0.0,0.0,1,1,1
Cli,8,buglocator,1.0,1.0,1.0,1.0,1.0,1.0,0.0,0.0,0.0,1,1,1
Cli,8,locus,1.0,1.0,1.0,1.0,1.0,1.0,0.0,0.0,0.0,1,1,1
Cli,9,FlexFL,1.0,1.0,1.0,1.0,1.0,1.0,0.0,0.0,0.0,1,1,1
Cli,9,boostnsift,1.0,1.0,1.0,1.0,1.0,1.0,0.0,0.0,0.0,1,1,1
Cli,9,buglocator,1.0,1.0,1.0,1.0,1.0,1.0,0.0,0.0,0.0,1,1,1
Cli,9,locus,1.0,1.0,1.0,1.0,1.0,1.0,0.0,0.0,0.0,1,1,1
Cli,10,FlexFL,2.0,0.5,0.5,0.5,0.5,0.5,0.0,0.0,0.0,0,1,1
Cli,10,boostnsift,1.0,1.0,1.0,1.0,1.0,1.0,0.0,0.0,0.0,1,1,1
Cli,10,buglocator,9.0,0.111111,0.111111,0.1111111111111111,0.1111111111111111,0.1111111111111111,1.1111111110351235e-07,1.1111111110351235e-07,1.1111111110351235e-07,0,0,1
Cli,10,locus,3.0,0.333333,0.333333,0.3333333333333333,0.3333333333333333,0.3333333333333333,3.3333333332441484e-07,3.3333333332441484e-07,3.3333333332441484e-07,0,1,1
Cli,11,FlexFL,,0.0,0.0,0.0,0.0,0.0,0.0,0.0,0.0,0,0,0
Cli,11,boostnsift,4.0,0.25,0.25,0.25,0.25,0.25,0.0,0.0,0.0,0,1,1
Cli,11,buglocator,3.0,0.333333,0.333333,0.3333333333333333,0.3333333333333333,0.3333333333333333,3.3333333332441484e-07,3.3333333332441484e-07,3.3333333332441484e-07,0,1,1
Cli,11,locus,1.0,1.0,1.0,1.0,1.0,1.0,0.0,0.0,0.0,1,1,1
Cli,12,FlexFL,,0.0,0.0,0.0,0.0,0.0,0.0,0.0,0.0,0,0,0
Cli,12,boostnsift,5.0,0.2,0.2,0.2,0.2,0.2,0.0,0.0,0.0,0,1,1
Cli,12,buglocator,15.0,0.066667,0.066667,0.06666666666666667,0.06666666666666667,0.06666666666666667,3.333333333382926e-07,3.333333333382926e-07,3.333333333382926e-07,0,0,0
Cli,12,locus,6.0,0.166667,0.166667,0.16666666666666666,0.16666666666666666,0.16666666666666666,3.333333333521704e-07,3.333333333521704e-07,3.333333333521704e-07,0,0,1
Cli,13,FlexFL,3.0,0.3333333333333333,0.3333333333333333,0.3333333333333333,0.3333333333333333,0.3333333333333333,0.0,0.0,0.0,0,1,1
Cli,13,boostnsift,4.0,0.25,0.25,0.25,0.25,0.25,0.0,0.0,0.0,0,1,1
Cli,13,buglocator,4.0,0.25,0.375,0.25,0.25,0.25,0.125,0.125,0.125,0,1,1
Cli,13,locus,,0.0,0.0,0.0,0.0,0.0,0.0,0.0,0.0,0,0,0
Cli,14,FlexFL,,0.0,0.0,0.0,0.0,0.0,0.0,0.0,0.0,0,0,0
Cli,14,boostnsift,11.0,0.090909,0.090909,0.09090909090909091,0.09090909090909091,0.09090909090909091,9.090909090792021e-08,9.090909090792021e-08,9.090909090792021e-08,0,0,0
Cli,14,buglocator,57.0,0.017544,0.017544,0.017543859649122806,0.017543859649122806,0.017543859649122806,1.4035087719452277e-07,1.4035087719452277e-07,1.4035087719452277e-07,0,0,0
Cli,14,locus,,0.0,0.0,0.0,0.0,0.0,0.0,0.0,0.0,0,0,0
Cli,15,FlexFL,,0.0,0.0,0.0,0.0,0.0,0.0,0.0,0.0,0,0,0
Cli,15,boostnsift,22.0,0.045455,0.045455,0.045454545454545456,0.045454545454545456,0.045454545454545456,4.5454545454653994e-07,4.5454545454653994e-07,4.5454545454653994e-07,0,0,0
Cli,15,buglocator,70.0,0.014286,0.014286,0.014285714285714285,0.014285714285714285,0.014285714285714285,2.8571428571481927e-07,2.8571428571481927e-07,2.8571428571481927e-07,0,0,0
Cli,15,locus,,0.0,0.0,0.0,0.0,0.0,0.0,0.0,0.0,0,0,0
Cli,16,FlexFL,1.0,1.0,1.0,1.0,1.0,1.0,0.0,0.0,0.0,1,1,1
Cli,16,boostnsift,22.0,0.045455,0.045455,0.045454545454545456,0.022727272727272728,0.045454545454545456,4.5454545454653994e-07,0.022727727272727274,4.5454545454653994e-07,0,0,0
Cli,16,buglocator,80.0,0.0125,0.0125,0.0125,0.00625,0.0125,0.0,0.00625,0.0,0,0,0
Cli,16,locus,,0.0,0.0,0.0,0.0,0.0,0.0,0.0,0.0,0,0,0
Cli,17,FlexFL,1.0,1.0,1.0,1.0,1.0,1.0,0.0,0.0,0.0,1,1,1
Cli,17,boostnsift,1.0,1.0,1.0,1.0,1.0,1.0,0.0,0.0,0.0,1,1,1
Cli,17,buglocator,1.0,1.0,1.0,1.0,1.0,1.0,0.0,0.0,0.0,1,1,1
Cli,17,locus,1.0,1.0,1.0,1.0,1.0,1.0,0.0,0.0,0.0,1,1,1
Cli,18,FlexFL,1.0,1.0,1.0,1.0,1.0,1.0,0.0,0.0,0.0,1,1,1
Cli,18,boostnsift,1.0,1.0,1.0,1.0,1.0,1.0,0.0,0.0,0.0,1,1,1
Cli,18,buglocator,2.0,0.5,0.5,0.5,0.5,0.5,0.0,0.0,0.0,0,1,1
Cli,18,locus,1.0,1.0,1.0,1.0,1.0,1.0,0.0,0.0,0.0,1,1,1
Cli,19,FlexFL,1.0,1.0,1.0,1.0,1.0,1.0,0.0,0.0,0.0,1,1,1
Cli,19,boostnsift,1.0,1.0,1.0,1.0,1.0,1.0,0.0,0.0,0.0,1,1,1
Cli,19,buglocator,2.0,0.5,0.5,0.5,0.5,0.5,0.0,0.0,0.0,0,1,1
Cli,19,locus,1.0,1.0,1.0,1.0,1.0,1.0,0.0,0.0,0.0,1,1,1
Cli,20,FlexFL,1.0,1.0,1.0,1.0,1.0,1.0,0.0,0.0,0.0,1,1,1
Cli,20,boostnsift,1.0,1.0,1.0,1.0,1.0,1.0,0.0,0.0,0.0,1,1,1
Cli,20,buglocator,1.0,1.0,1.0,1.0,1.0,1.0,0.0,0.0,0.0,1,1,1
Cli,20,locus,1.0,1.0,1.0,1.0,1.0,1.0,0.0,0.0,0.0,1,1,1
Cli,21,FlexFL,,0.0,0.0,0.0,0.0,0.0,0.0,0.0,0.0,0,0,0
Cli,21,boostnsift,2.0,0.5,0.5,0.5,0.5357142857142857,0.5,0.0,0.0357142857142857,0.0,0,1,1
Cli,21,buglocator,56.0,0.017857,0.017857,0.017857142857142856,0.008928571428571428,0.017857142857142856,1.4285714285480755e-07,0.008928428571428573,1.4285714285480755e-07,0,0,0
Cli,21,locus,,0.0,0.0,0.0,0.0,0.0,0.0,0.0,0.0,0,0,0
Cli,22,FlexFL,1.0,1.0,0.25,1.0,1.0,1.0,0.75,0.75,0.75,1,1,1
Cli,22,boostnsift,1.0,1.0,1.0,1.0,1.0,1.0,0.0,0.0,0.0,1,1,1
Cli,22,buglocator,4.0,0.25,0.25,0.25,0.25,0.25,0.0,0.0,0.0,0,1,1
Cli,22,locus,3.0,0.333333,0.333333,0.3333333333333333,0.3333333333333333,0.3333333333333333,3.3333333332441484e-07,3.3333333332441484e-07,3.3333333332441484e-07,0,1,1
Cli,23,FlexFL,1.0,1.0,1.0,1.0,1.0,1.0,0.0,0.0,0.0,1,1,1
Cli,23,boostnsift,1.0,1.0,1.0,1.0,1.0,1.0,0.0,0.0,0.0,1,1,1
Cli,23,buglocator,1.0,1.0,1.0,1.0,1.0,1.0,0.0,0.0,0.0,1,1,1
Cli,23,locus,1.0,1.0,1.0,1.0,1.0,1.0,0.0,0.0,0.0,1,1,1
Cli,24,FlexFL,1.0,1.0,1.0,1.0,1.0,1.0,0.0,0.0,0.0,1,1,1
Cli,24,boostnsift,1.0,1.0,1.0,1.0,1.0,1.0,0.0,0.0,0.0,1,1,1
Cli,24,buglocator,1.0,1.0,1.0,1.0,1.0,1.0,0.0,0.0,0.0,1,1,1
Cli,24,locus,1.0,1.0,1.0,1.0,1.0,1.0,0.0,0.0,0.0,1,1,1
Cli,25,FlexFL,1.0,1.0,1.0,1.0,1.0,1.0,0.0,0.0,0.0,1,1,1
Cli,25,boostnsift,1.0,1.0,1.0,1.0,1.0,1.0,0.0,0.0,0.0,1,1,1
Cli,25,buglocator,1.0,1.0,1.0,1.0,1.0,1.0,0.0,0.0,0.0,1,1,1
Cli,25,locus,1.0,1.0,1.0,1.0,1.0,1.0,0.0,0.0,0.0,1,1,1
Cli,26,FlexFL,4.0,0.25,0.25,0.25,0.25,0.25,0.0,0.0,0.0,1,1,1
Cli,26,boostnsift,1.0,1.0,1.0,1.0,1.0,1.0,0.0,0.0,0.0,1,1,1
Cli,26,buglocator,1.0,1.0,1.0,1.0,1.0,1.0,0.0,0.0,0.0,1,1,1
Cli,26,locus,1.0,1.0,1.0,1.0,1.0,1.0,0.0,0.0,0.0,1,1,1
Cli,27,FlexFL,1.0,1.0,1.0,1.0,1.0,1.0,0.0,0.0,0.0,1,1,1
Cli,27,boostnsift,2.0,0.5,0.5,0.5,0.5,0.5,0.0,0.0,0.0,0,1,1
Cli,27,buglocator,1.0,1.0,1.0,1.0,1.0,1.0,0.0,0.0,0.0,1,1,1
Cli,27,locus,2.0,0.5,0.5,0.5,0.5,0.5,0.0,0.0,0.0,0,1,1
Cli,28,FlexFL,1.0,1.0,1.0,1.0,1.0,1.0,0.0,0.0,0.0,1,1,1
Cli,28,boostnsift,1.0,1.0,1.0,1.0,1.0,1.0,0.0,0.0,0.0,1,1,1
Cli,28,buglocator,1.0,1.0,1.0,1.0,1.0,1.0,0.0,0.0,0.0,1,1,1
Cli,28,locus,1.0,1.0,1.0,1.0,1.0,1.0,0.0,0.0,0.0,1,1,1
Cli,29,FlexFL,5.0,0.2,0.2,0.2,0.2,0.2,0.0,0.0,0.0,0,1,1
Cli,29,boostnsift,3.0,0.333333,0.333333,0.3333333333333333,0.3333333333333333,0.3333333333333333,3.3333333332441484e-07,3.3333333332441484e-07,3.3333333332441484e-07,0,1,1
Cli,29,buglocator,4.0,0.25,0.25,0.25,0.25,0.25,0.0,0.0,0.0,0,1,1
Cli,29,locus,2.0,0.5,0.5,0.5,0.5,0.5,0.0,0.0,0.0,0,1,1
Cli,30,FlexFL,2.0,0.5,0.25,0.5,0.5357142857142857,0.5,0.25,0.2857142857142857,0.25,1,1,1
Cli,30,boostnsift,3.0,0.333333,0.333333,0.3333333333333333,0.41666666666666663,0.3333333333333333,3.3333333332441484e-07,0.08333366666666664,3.3333333332441484e-07,0,1,1
Cli,30,buglocator,2.0,0.5,0.5,0.5,0.5357142857142857,0.5,0.0,0.0357142857142857,0.0,0,1,1
Cli,30,locus,13.0,0.076923,0.076923,0.07692307692307693,0.038461538461538464,0.07692307692307693,7.692307692208633e-08,0.03846146153846154,7.692307692208633e-08,0,0,0
Cli,31,FlexFL,1.0,1.0,1.0,1.0,1.0,1.0,0.0,0.0,0.0,1,1,1
Cli,31,boostnsift,6.0,0.166667,0.166667,0.16666666666666666,0.08333333333333333,0.16666666666666666,3.333333333521704e-07,0.08333366666666668,3.333333333521704e-07,0,0,1
Cli,31,buglocator,4.0,0.25,0.25,0.25,0.3472222222222222,0.25,0.0,0.09722222222222221,0.0,0,1,1
Cli,31,locus,1.0,1.0,1.0,1.0,1.0,1.0,0.0,0.0,0.0,1,1,1
Cli,32,FlexFL,1.0,1.0,1.0,1.0,1.0,1.0,0.0,0.0,0.0,1,1,1
Cli,32,boostnsift,1.0,1.0,1.0,1.0,1.0,1.0,0.0,0.0,0.0,1,1,1
Cli,32,buglocator,2.0,0.5,0.5,0.5,0.5,0.5,0.0,0.0,0.0,0,1,1
Cli,32,locus,1.0,1.0,1.0,1.0,1.0,1.0,0.0,0.0,0.0,1,1,1
Cli,33,FlexFL,1.0,1.0,1.0,1.0,1.0,1.0,0.0,0.0,0.0,1,1,1
Cli,33,boostnsift,3.0,0.333333,0.333333,0.3333333333333333,0.3333333333333333,0.3333333333333333,3.3333333332441484e-07,3.3333333332441484e-07,3.3333333332441484e-07,0,1,1
Cli,33,buglocator,1.0,1.0,1.0,1.0,1.0,1.0,0.0,0.0,0.0,1,1,1
Cli,33,locus,2.0,0.5,0.5,0.5,0.5,0.5,0.0,0.0,0.0,0,1,1
Cli,34,FlexFL,1.0,1.0,1.0,1.0,1.0,1.0,0.0,0.0,0.0,1,1,1
Cli,34,boostnsift,5.0,0.2,0.2,0.2,0.2,0.2,0.0,0.0,0.0,0,1,1
Cli,34,buglocator,2.0,0.5,0.5,0.5,0.5,0.5,0.0,0.0,0.0,0,1,1
Cli,34,locus,3.0,0.333333,0.333333,0.3333333333333333,0.3333333333333333,0.3333333333333333,3.3333333332441484e-07,3.3333333332441484e-07,3.3333333332441484e-07,0,1,1
Cli,35,FlexFL,,0.0,0.0,0.0,0.0,0.0,0.0,0.0,0.0,0,0,0
Cli,35,boostnsift,12.0,0.083333,0.083333,0.08333333333333333,0.08333333333333333,0.08333333333333333,3.3333333332441484e-07,3.3333333332441484e-07,3.3333333332441484e-07,0,0,0
Cli,35,buglocator,11.0,0.090909,0.090909,0.09090909090909091,0.09090909090909091,0.09090909090909091,9.090909090792021e-08,9.090909090792021e-08,9.090909090792021e-08,0,0,0
Cli,35,locus,2.0,0.5,0.5,0.5,0.5,0.5,0.0,0.0,0.0,0,1,1
Cli,36,FlexFL,,0.0,0.0,0.0,0.0,0.0,0.0,0.0,0.0,0,0,0
Cli,36,boostnsift,8.0,0.125,0.125,0.125,0.0,0.125,0.0,0.125,0.0,0,0,1
Cli,36,buglocator,3.0,0.333333,0.333333,0.3333333333333333,0.0,0.3333333333333333,3.3333333332441484e-07,0.333333,3.3333333332441484e-07,0,1,1
Cli,36,locus,3.0,0.333333,0.333333,0.3333333333333333,0.0,0.3333333333333333,3.3333333332441484e-07,0.333333,3.3333333332441484e-07,0,1,1
Cli,37,FlexFL,1.0,1.0,1.0,1.0,1.0,1.0,0.0,0.0,0.0,1,1,1
Cli,37,boostnsift,,0.0,0.0,0.0,0.0,0.0,0.0,0.0,0.0,0,0,0
Cli,37,buglocator,2.0,0.5,0.5,0.5,0.5,0.5,0.0,0.0,0.0,0,1,1
Cli,37,locus,8.0,0.125,0.125,0.125,0.125,0.125,0.0,0.0,0.0,0,0,1
Cli,38,FlexFL,1.0,1.0,1.0,1.0,1.0,1.0,0.0,0.0,0.0,1,1,1
Cli,38,boostnsift,43.0,0.023256,0.023256,0.023255813953488372,0.023255813953488372,0.023255813953488372,1.8604651162712482e-07,1.8604651162712482e-07,1.8604651162712482e-07,0,0,0
Cli,38,buglocator,2.0,0.5,0.5,0.5,0.5,0.5,0.0,0.0,0.0,0,1,1
Cli,38,locus,8.0,0.125,0.125,0.125,0.125,0.125,0.0,0.0,0.0,0,0,1
Cli,39,FlexFL,1.0,1.0,1.0,1.0,1.0,1.0,0.0,0.0,0.0,1,1,1
Cli,39,boostnsift,1.0,1.0,1.0,1.0,1.0,1.0,0.0,0.0,0.0,1,1,1
Cli,39,buglocator,5.0,0.2,0.2,0.2,0.2,0.2,0.0,0.0,0.0,0,1,1
Cli,39,locus,3.0,0.333333,0.333333,0.3333333333333333,0.3333333333333333,0.3333333333333333,3.3333333332441484e-07,3.3333333332441484e-07,3.3333333332441484e-07,0,1,1
Cli,40,FlexFL,1.0,1.0,1.0,1.0,1.0,1.0,0.0,0.0,0.0,1,1,1
Cli,40,boostnsift,1.0,1.0,1.0,1.0,1.0,1.0,0.0,0.0,0.0,1,1,1
Cli,40,buglocator,1.0,1.0,1.0,1.0,1.0,1.0,0.0,0.0,0.0,1,1,1
Cli,40,locus,1.0,1.0,1.0,1.0,1.0,1.0,0.0,0.0,0.0,1,1,1
Closure,1,FlexFL,1.0,1.0,1.0,1.0,1.0,1.0,0.0,0.0,0.0,1,1,1
Closure,1,boostnsift,40.0,0.025,0.025,0.025,0.025,0.025,0.0,0.0,0.0,0,0,0
Closure,1,buglocator,17.0,0.058824,0.058824,0.058823529411764705,0.058823529411764705,0.058823529411764705,4.7058823529622096e-07,4.7058823529622096e-07,4.7058823529622096e-07,0,0,0
Closure,1,locus,4.0,0.25,0.25,0.25,0.25,0.25,0.0,0.0,0.0,0,1,1
Closure,2,FlexFL,1.0,1.0,1.0,1.0,1.0,1.0,0.0,0.0,0.0,1,1,1
Closure,2,boostnsift,27.0,0.037037,0.037037,0.037037037037037035,0.037037037037037035,0.037037037037037035,3.7037037034504117e-08,3.7037037034504117e-08,3.7037037034504117e-08,0,0,0
Closure,2,buglocator,15.0,0.066667,0.066667,0.06666666666666667,0.06666666666666667,0.06666666666666667,3.333333333382926e-07,3.333333333382926e-07,3.333333333382926e-07,0,0,0
Closure,2,locus,8.0,0.125,0.125,0.125,0.125,0.125,0.0,0.0,0.0,0,0,1
Closure,3,FlexFL,,0.0,0.0,0.0,0.0,0.0,0.0,0.0,0.0,0,0,0
Closure,3,boostnsift,21.0,0.047619,0.047619,0.047619047619047616,0.023809523809523808,0.047619047619047616,4.7619047614799737e-08,0.023809476190476193,4.7619047614799737e-08,0,0,0
Closure,3,buglocator,41.0,0.02439,0.02439,0.024390243902439025,0.012195121951219513,0.024390243902439025,2.439024390267497e-07,0.012194878048780486,2.439024390267497e-07,0,0,0
Closure,3,locus,85.0,0.011765,0.011765,0.011764705882352941,0.0058823529411764705,0.011764705882352941,2.941176470584034e-07,0.005882647058823529,2.941176470584034e-07,0,0,0
Closure,4,FlexFL,4.0,0.25,0.25,0.25,0.25,0.25,0.0,0.0,0.0,0,1,1
Closure,4,boostnsift,6.0,0.166667,0.166667,0.16666666666666666,0.16666666666666666,0.16666666666666666,3.333333333521704e-07,3.333333333521704e-07,3.333333333521704e-07,0,0,1
Closure,4,buglocator,7.0,0.142857,0.142857,0.14285714285714285,0.14285714285714285,0.14285714285714285,1.4285714283746032e-07,1.4285714283746032e-07,1.4285714283746032e-07,0,0,1
Closure,4,locus,32.0,0.03125,0.03125,0.03125,0.03125,0.03125,0.0,0.0,0.0,0,0,0
Closure,5,FlexFL,2.0,0.5,0.5,0.5,0.5,0.5,0.0,0.0,0.0,0,1,1
Closure,5,boostnsift,260.0,0.003846,0.003846,0.0038461538461538464,0.0038461538461538464,0.0038461538461538464,1.5384615384634107e-07,1.5384615384634107e-07,1.5384615384634107e-07,0,0,0
Closure,5,buglocator,337.0,0.002967,0.002967,0.002967359050445104,0.002967359050445104,0.002967359050445104,3.590504451039464e-07,3.590504451039464e-07,3.590504451039464e-07,0,0,0
Closure,5,locus,239.0,0.004184,0.004184,0.0041841004184100415,0.0041841004184100415,0.0041841004184100415,1.0041841004126278e-07,1.0041841004126278e-07,1.0041841004126278e-07,0,0,0
Closure,6,FlexFL,,0.0,0.0,0.0,0.0,0.0,0.0,0.0,0.0,0,0,0
Closure,6,boostnsift,7.0,0.142857,0.142857,0.14285714285714285,0.14285714285714285,0.14285714285714285,1.4285714283746032e-07,1.4285714283746032e-07,1.4285714283746032e-07,0,0,1
Closure,6,buglocator,21.0,0.047619,0.047619,0.047619047619047616,0.047619047619047616,0.047619047619047616,4.7619047614799737e-08,4.7619047614799737e-08,4.7619047614799737e-08,0,0,0
Closure,6,locus,92.0,0.01087,0.01087,0.010869565217391304,0.010869565217391304,0.010869565217391304,4.347826086954082e-07,4.347826086954082e-07,4.347826086954082e-07,0,0,0
Closure,7,FlexFL,2.0,0.5,0.5,0.5,0.5,0.5,0.0,0.0,0.0,1,1,1
Closure,7,boostnsift,98.0,0.010204,0.010204,0.01020408163265306,0.01020408163265306,0.01020408163265306,8.16326530608813e-08,8.16326530608813e-08,8.16326530608813e-08,0,0,0
Closure,7,buglocator,148.0,0.006757,0.006757,0.006756756756756757,0.006756756756756757,0.006756756756756757,2.4324324324285357e-07,2.4324324324285357e-07,2.4324324324285357e-07,0,0,0
Closure,7,locus,684.0,0.001462,0.001462,0.0014619883040935672,0.0014619883040935672,0.0014619883040935672,1.1695906432804618e-08,1.1695906432804618e-08,1.1695906432804618e-08,0,0,0
Closure,8,FlexFL,,0.0,0.0,0.0,0.0,0.0,0.0,0.0,0.0,0,0,0
Closure,8,boostnsift,275.0,0.003636,0.003636,0.0036363636363636364,0.0036363636363636364,0.0036363636363636364,3.636363636364513e-07,3.636363636364513e-07,3.636363636364513e-07,0,0,0
Closure,8,buglocator,87.0,0.011494,0.011494,0.011494252873563218,0.011494252873563218,0.011494252873563218,2.528735632174872e-07,2.528735632174872e-07,2.528735632174872e-07,0,0,0
Closure,8,locus,4.0,0.25,0.25,0.25,0.25,0.25,0.0,0.0,0.0,0,1,1
Closure,9,FlexFL,3.0,0.3333333333333333,0.1666666666666666,0.3333333333333333,0.41666666666666663,0.3333333333333333,0.1666666666666667,0.25,0.1666666666666667,0,1,1
Closure,9,boostnsift,18.0,0.055556,0.055556,0.05555555555555555,0.027777777777777776,0.05555555555555555,4.4444444444874387e-07,0.027778222222222225,4.4444444444874387e-07,0,0,0
Closure,9,buglocator,17.0,0.058824,0.058824,0.058823529411764705,0.029411764705882353,0.058823529411764705,4.7058823529622096e-07,0.02941223529411765,4.7058823529622096e-07,0,0,0
Closure,9,locus,71.0,0.014085,0.014085,0.014084507042253521,0.007042253521126761,0.014084507042253521,4.929577464788532e-07,0.00704274647887324,4.929577464788532e-07,0,0,0
Closure,10,FlexFL,3.0,0.3333333333333333,0.3333333333333333,0.3333333333333333,0.3333333333333333,0.3333333333333333,0.0,0.0,0.0,0,1,1
Closure,10,boostnsift,7.0,0.142857,0.142857,0.14285714285714285,0.14285714285714285,0.14285714285714285,1.4285714283746032e-07,1.4285714283746032e-07,1.4285714283746032e-07,0,0,1
Closure,10,buglocator,29.0,0.034483,0.034483,0.034482758620689655,0.034482758620689655,0.034482758620689655,2.41379310345069e-07,2.41379310345069e-07,2.41379310345069e-07,0,0,0
Closure,10,locus,32.0,0.03125,0.03125,0.03125,0.03125,0.03125,0.0,0.0,0.0,0,0,0
Closure,11,FlexFL,,0.0,0.0,0.0,0.0,0.0,0.0,0.0,0.0,0,0,0
Closure,11,boostnsift,3.0,0.333333,0.333333,0.3333333333333333,0.3333333333333333,0.3333333333333333,3.3333333332441484e-07,3.3333333332441484e-07,3.3333333332441484e-07,0,1,1
Closure,11,buglocator,26.0,0.038462,0.038462,0.038461538461538464,0.038461538461538464,0.038461538461538464,4.615384615394569e-07,4.615384615394569e-07,4.615384615394569e-07,0,0,0
Closure,11,locus,8.0,0.125,0.125,0.125,0.125,0.125,0.0,0.0,0.0,0,0,1
Closure,12,FlexFL,,0.0,0.0,0.0,0.0,0.0,0.0,0.0,0.0,0,0,0
Closure,12,boostnsift,332.0,0.003012,0.003012,0.0030120481927710845,0.0030120481927710845,0.0030120481927710845,4.819277108457365e-08,4.819277108457365e-08,4.819277108457365e-08,0,0,0
Closure,12,buglocator,222.0,0.004505,0.004505,0.0045045045045045045,0.0045045045045045045,0.0045045045045045045,4.954954954958582e-07,4.954954954958582e-07,4.954954954958582e-07,0,0,0
Closure,12,locus,450.0,0.002222,0.002222,0.0022222222222222222,0.0022222222222222222,0.0022222222222222222,2.2222222222220353e-07,2.2222222222220353e-07,2.2222222222220353e-07,0,0,0
Closure,13,FlexFL,,0.0,0.0,0.0,0.0,0.0,0.0,0.0,0.0,0,0,0
Closure,13,boostnsift,294.0,0.003401,0.003401,0.003401360544217687,0.003401360544217687,0.003401360544217687,3.605442176870047e-07,3.605442176870047e-07,3.605442176870047e-07,0,0,0
Closure,13,buglocator,163.0,0.006135,0.006135,0.006134969325153374,0.006134969325153374,0.006134969325153374,3.067484662545167e-08,3.067484662545167e-08,3.067484662545167e-08,0,0,0
Closure,13,locus,161.0,0.006211,0.006211,0.006211180124223602,0.006211180124223602,0.006211180124223602,1.801242236016895e-07,1.801242236016895e-07,1.801242236016895e-07,0,0,0
Closure,14,FlexFL,4.0,0.25,0.25,0.25,0.25,0.25,0.0,0.0,0.0,0,1,1
Closure,14,boostnsift,172.0,0.005814,0.005814,0.005813953488372093,0.005813953488372093,0.005813953488372093,4.6511627906781206e-08,4.6511627906781206e-08,4.6511627906781206e-08,0,0,0
Closure,14,buglocator,2.0,0.5,0.5,0.5,0.5,0.5,0.0,0.0,0.0,0,1,1
Closure,14,locus,12.0,0.083333,0.083333,0.08333333333333333,0.08333333333333333,0.08333333333333333,3.3333333332441484e-07,3.3333333332441484e-07,3.3333333332441484e-07,0,0,0
Closure,15,FlexFL,,0.0,0.0,0.0,0.0,0.0,0.0,0.0,0.0,0,0,0
Closure,15,boostnsift,94.0,0.010638,0.010638,0.010638297872340425,0.0,0.010638297872340425,2.978723404253869e-07,0.010638,2.978723404253869e-07,0,0,0
Closure,15,buglocator,475.0,0.002105,0.002105,0.002105263157894737,0.0,0.002105263157894737,2.6315789473669443e-07,0.002105,2.6315789473669443e-07,0,0,0
Closure,15,locus,363.0,0.002755,0.002755,0.0027548209366391185,0.0,0.0027548209366391185,1.790633608815366e-07,0.002755,1.790633608815366e-07,0,0,0
Closure,16,FlexFL,4.0,0.25,0.0833333333333333,0.25,0.3472222222222222,0.25,0.16666666666666669,0.2638888888888889,0.16666666666666669,0,1,1
Closure,16,boostnsift,141.0,0.007092,0.007092,0.0070921985815602835,0.0035460992907801418,0.0070921985815602835,1.9858156028330215e-07,0.0035459007092198585,1.9858156028330215e-07,0,0,0
Closure,16,buglocator,119.0,0.008403,0.008403,0.008403361344537815,0.004201680672268907,0.008403361344537815,3.613445378140151e-07,0.004201319327731093,3.613445378140151e-07,0,0,0
Closure,16,locus,75.0,0.013333,0.013333,0.013333333333333334,0.006666666666666667,0.013333333333333334,3.333333333348232e-07,0.006666333333333332,3.333333333348232e-07,0,0,0
Closure,17,FlexFL,,0.0,0.0,0.0,0.0,0.0,0.0,0.0,0.0,0,0,0
Closure,17,boostnsift,74.0,0.013514,0.013514,0.013513513513513514,0.013513513513513514,0.013513513513513514,4.864864864857071e-07,4.864864864857071e-07,4.864864864857071e-07,0,0,0
Closure,17,buglocator,2.0,0.5,0.5,0.5,0.5,0.5,0.0,0.0,0.0,0,1,1
Closure,17,locus,12.0,0.083333,0.083333,0.08333333333333333,0.08333333333333333,0.08333333333333333,3.3333333332441484e-07,3.3333333332441484e-07,3.3333333332441484e-07,0,0,0
Closure,18,FlexFL,,0.0,0.0,0.0,0.0,0.0,0.0,0.0,0.0,0,0,0
Closure,18,boostnsift,11.0,0.090909,0.090909,0.09090909090909091,0.09090909090909091,0.09090909090909091,9.090909090792021e-08,9.090909090792021e-08,9.090909090792021e-08,0,0,0
Closure,18,buglocator,15.0,0.066667,0.066667,0.06666666666666667,0.06666666666666667,0.06666666666666667,3.333333333382926e-07,3.333333333382926e-07,3.333333333382926e-07,0,0,0
Closure,18,locus,5.0,0.2,0.2,0.2,0.2,0.2,0.0,0.0,0.0,0,1,1
Closure,19,FlexFL,2.0,0.5,0.5,0.5,0.5,0.5,0.0,0.0,0.0,0,1,1
Closure,19,boostnsift,34.0,0.029412,0.029412,0.029411764705882353,0.029411764705882353,0.029411764705882353,2.3529411764811048e-07,2.3529411764811048e-07,2.3529411764811048e-07,0,0,0
Closure,19,buglocator,17.0,0.058824,0.058824,0.058823529411764705,0.058823529411764705,0.058823529411764705,4.7058823529622096e-07,4.7058823529622096e-07,4.7058823529622096e-07,0,0,0
Closure,19,locus,7.0,0.142857,0.142857,0.14285714285714285,0.14285714285714285,0.14285714285714285,1.4285714283746032e-07,1.4285714283746032e-07,1.4285714283746032e-07,0,0,1
Closure,20,FlexFL,1.0,1.0,1.0,1.0,1.0,1.0,0.0,0.0,0.0,1,1,1
Closure,20,boostnsift,1.0,1.0,1.0,1.0,1.0,1.0,0.0,0.0,0.0,1,1,1
Closure,20,buglocator,18.0,0.055556,0.055556,0.05555555555555555,0.05555555555555555,0.05555555555555555,4.4444444444874387e-07,4.4444444444874387e-07,4.4444444444874387e-07,0,0,0
Closure,20,locus,26.0,0.038462,0.038462,0.038461538461538464,0.038461538461538464,0.038461538461538464,4.615384615394569e-07,4.615384615394569e-07,4.615384615394569e-07,0,0,0
Closure,21,FlexFL,1.0,1.0,1.0,1.0,1.0,1.0,0.0,0.0,0.0,1,1,1
Closure,21,boostnsift,2.0,0.5,0.5,0.5,0.5,0.5,0.0,0.0,0.0,0,1,1
Closure,21,buglocator,13.0,0.076923,0.076923,0.07692307692307693,0.07692307692307693,0.07692307692307693,7.692307692208633e-08,7.692307692208633e-08,7.692307692208633e-08,0,0,0
Closure,21,locus,5.0,0.2,0.2,0.2,0.2,0.2,0.0,0.0,0.0,0,1,1
Closure,22,FlexFL,1.0,1.0,1.0,1.0,1.0,1.0,0.0,0.0,0.0,1,1,1
Closure,22,boostnsift,2.0,0.5,0.5,0.5,0.5,0.5,0.0,0.0,0.0,0,1,1
Closure,22,buglocator,13.0,0.076923,0.076923,0.07692307692307693,0.07692307692307693,0.07692307692307693,7.692307692208633e-08,7.692307692208633e-08,7.692307692208633e-08,0,0,0
Closure,22,locus,5.0,0.2,0.2,0.2,0.2,0.2,0.0,0.0,0.0,0,1,1
Closure,23,FlexFL,1.0,1.0,1.0,1.0,1.0,1.0,0.0,0.0,0.0,1,1,1
Closure,23,boostnsift,1.0,1.0,1.0,1.0,1.0,1.0,0.0,0.0,0.0,1,1,1
Closure,23,buglocator,28.0,0.035714,0.035714,0.03571428571428571,0.03571428571428571,0.03571428571428571,2.857142857096151e-07,2.857142857096151e-07,2.857142857096151e-07,0,0,0
Closure,23,locus,1.0,1.0,1.0,1.0,1.0,1.0,0.0,0.0,0.0,1,1,1
Closure,24,FlexFL,5.0,0.2,0.2,0.2,0.2,0.2,0.0,0.0,0.0,0,1,1
Closure,24,boostnsift,36.0,0.027778,0.027778,0.027777777777777776,0.027777777777777776,0.027777777777777776,2.2222222222437193e-07,2.2222222222437193e-07,2.2222222222437193e-07,0,0,0
Closure,24,buglocator,29.0,0.034483,0.034483,0.034482758620689655,0.034482758620689655,0.034482758620689655,2.41379310345069e-07,2.41379310345069e-07,2.41379310345069e-07,0,0,0
Closure,24,locus,27.0,0.037037,0.037037,0.037037037037037035,0.037037037037037035,0.037037037037037035,3.7037037034504117e-08,3.7037037034504117e-08,3.7037037034504117e-08,0,0,0
Closure,25,FlexFL,1.0,1.0,1.0,1.0,1.0,1.0,0.0,0.0,0.0,1,1,1
Closure,25,boostnsift,6.0,0.166667,0.166667,0.16666666666666666,0.16666666666666666,0.16666666666666666,3.333333333521704e-07,3.333333333521704e-07,3.333333333521704e-07,0,0,1
Closure,25,buglocator,27.0,0.037037,0.037037,0.037037037037037035,0.037037037037037035,0.037037037037037035,3.7037037034504117e-08,3.7037037034504117e-08,3.7037037034504117e-08,0,0,0
Closure,25,locus,21.0,0.047619,0.047619,0.047619047619047616,0.047619047619047616,0.047619047619047616,4.7619047614799737e-08,4.7619047614799737e-08,4.7619047614799737e-08,0,0,0
Closure,26,FlexFL,1.0,1.0,1.0,1.0,1.0,1.0,0.0,0.0,0.0,1,1,1
Closure,26,boostnsift,33.0,0.030303,0.030303,0.030303030303030304,0.030303030303030304,0.030303030303030304,3.030303030379655e-08,3.030303030379655e-08,3.030303030379655e-08,0,0,0
Closure,26,buglocator,5.0,0.2,0.2,0.2,0.2,0.2,0.0,0.0,0.0,0,1,1
Closure,26,locus,2.0,0.5,0.5,0.5,0.5,0.5,0.0,0.0,0.0,0,1,1
Closure,27,FlexFL,2.0,0.5,0.25,0.5,0.5,0.5,0.25,0.25,0.25,1,1,1
Closure,27,boostnsift,66.0,0.015152,0.015152,0.015151515151515152,0.015151515151515152,0.015151515151515152,4.848484848486018e-07,4.848484848486018e-07,4.848484848486018e-07,0,0,0
Closure,27,buglocator,14.0,0.071429,0.071429,0.07142857142857142,0.07142857142857142,0.07142857142857142,4.285714285817699e-07,4.285714285817699e-07,4.285714285817699e-07,0,0,0
Closure,27,locus,55.0,0.018182,0.018182,0.01818181818181818,0.01818181818181818,0.01818181818181818,1.8181818181930987e-07,1.8181818181930987e-07,1.8181818181930987e-07,0,0,0
Closure,28,FlexFL,,0.0,0.0,0.0,0.0,0.0,0.0,0.0,0.0,0,0,0
Closure,28,boostnsift,396.0,0.002525,0.002525,0.0025252525252525255,0.0,0.0025252525252525255,2.525252525255664e-07,0.002525,2.525252525255664e-07,0,0,0
Closure,28,buglocator,428.0,0.002336,0.002336,0.002336448598130841,0.0,0.002336448598130841,4.485981308409784e-07,0.002336,4.485981308409784e-07,0,0,0
Closure,28,locus,366.0,0.002732,0.002732,0.00273224043715847,0.0,0.00273224043715847,2.404371584698896e-07,0.002732,2.404371584698896e-07,0,0,0
Closure,29,FlexFL,4.0,0.25,0.25,0.25,0.25,0.25,0.0,0.0,0.0,0,1,1
Closure,29,boostnsift,343.0,0.002915,0.002915,0.0029154518950437317,0.0029154518950437317,0.0029154518950437317,4.518950437316753e-07,4.518950437316753e-07,4.518950437316753e-07,0,0,0
Closure,29,buglocator,490.0,0.002041,0.002041,0.0020408163265306124,0.0020408163265306124,0.0020408163265306124,1.836734693874166e-07,1.836734693874166e-07,1.836734693874166e-07,0,0,0
Closure,29,locus,240.0,0.004167,0.004167,0.004166666666666667,0.004166666666666667,0.004166666666666667,3.3333333333308846e-07,3.3333333333308846e-07,3.3333333333308846e-07,0,0,0
Closure,30,FlexFL,,0.0,0.0,0.0,0.0,0.0,0.0,0.0,0.0,0,0,0
Closure,30,boostnsift,274.0,0.00365,0.00365,0.0036496350364963502,0.0018248175182481751,0.0036496350364963502,3.6496350364978794e-07,0.001825182481751825,3.6496350364978794e-07,0,0,0
Closure,30,buglocator,187.0,0.005348,0.005348,0.0053475935828877,0.00267379679144385,0.0053475935828877,4.0641711230009897e-07,0.00267420320855615,4.0641711230009897e-07,0,0,0
Closure,30,locus,205.0,0.004878,0.004878,0.004878048780487805,0.0024390243902439024,0.004878048780487805,4.8780487804482575e-08,0.002438975609756098,4.8780487804482575e-08,0,0,0
Closure,31,FlexFL,,0.0,0.0,0.0,0.0,0.0,0.0,0.0,0.0,0,0,0
Closure,31,boostnsift,10.0,0.1,0.1,0.1,0.1,0.1,0.0,0.0,0.0,0,0,1
Closure,31,buglocator,7.0,0.142857,0.142857,0.14285714285714285,0.14285714285714285,0.14285714285714285,1.4285714283746032e-07,1.4285714283746032e-07,1.4285714283746032e-07,0,0,1
Closure,31,locus,2.0,0.5,0.5,0.5,0.5,0.5,0.0,0.0,0.0,0,1,1
Closure,32,FlexFL,1.0,1.0,1.0,1.0,1.0,1.0,0.0,0.0,0.0,1,1,1
Closure,32,boostnsift,1.0,1.0,1.0,1.0,1.0,1.0,0.0,0.0,0.0,1,1,1
Closure,32,buglocator,9.0,0.111111,0.111111,0.1111111111111111,0.1111111111111111,0.1111111111111111,1.1111111110351235e-07,1.1111111110351235e-07,1.1111111110351235e-07,0,0,1
Closure,32,locus,40.0,0.025,0.025,0.025,0.025,0.025,0.0,0.0,0.0,0,0,0
Closure,33,FlexFL,,0.0,0.0,0.0,0.0,0.0,0.0,0.0,0.0,0,0,0
Closure,33,boostnsift,41.0,0.02439,0.02439,0.024390243902439025,0.024390243902439025,0.024390243902439025,2.439024390267497e-07,2.439024390267497e-07,2.439024390267497e-07,0,0,0
Closure,33,buglocator,242.0,0.004132,0.004132,0.004132231404958678,0.004132231404958678,0.004132231404958678,2.3140495867754463e-07,2.3140495867754463e-07,2.3140495867754463e-07,0,0,0
Closure,33,locus,55.0,0.018182,0.018182,0.01818181818181818,0.01818181818181818,0.01818181818181818,1.8181818181930987e-07,1.8181818181930987e-07,1.8181818181930987e-07,0,0,0
Closure,34,FlexFL,3.0,0.3333333333333333,0.3333333333333333,0.3333333333333333,0.41666666666666663,0.3333333333333333,0.0,0.08333333333333331,0.0,0,1,1
Closure,34,boostnsift,10.0,0.1,0.1,0.1,0.05,0.1,0.0,0.05,0.0,0,0,1
Closure,34,buglocator,7.0,0.142857,0.142857,0.14285714285714285,0.07142857142857142,0.14285714285714285,1.4285714283746032e-07,0.07142842857142859,1.4285714283746032e-07,0,0,1
Closure,34,locus,2.0,0.5,0.5,0.5,0.5357142857142857,0.5,0.0,0.0357142857142857,0.0,0,1,1
Closure,35,FlexFL,,0.0,0.0,0.0,0.0,0.0,0.0,0.0,0.0,0,0,0
Closure,35,boostnsift,2.0,0.5,0.5,0.5,0.5,0.5,0.0,0.0,0.0,0,1,1
Closure,35,buglocator,39.0,0.025641,0.025641,0.02564102564102564,0.02564102564102564,0.02564102564102564,2.564102563953896e-08,2.564102563953896e-08,2.564102563953896e-08,0,0,0
Closure,35,locus,12.0,0.083333,0.083333,0.08333333333333333,0.08333333333333333,0.08333333333333333,3.3333333332441484e-07,3.3333333332441484e-07,3.3333333332441484e-07,0,0,0
Closure,36,FlexFL,,0.0,0.0,0.0,0.0,0.0,0.0,0.0,0.0,0,0,0
Closure,36,boostnsift,619.0,0.001616,0.001616,0.0016155088852988692,0.0016155088852988692,0.0016155088852988692,4.911147011307879e-07,4.911147011307879e-07,4.911147011307879e-07,0,0,0
Closure,36,buglocator,111.0,0.009009,0.009009,0.009009009009009009,0.009009009009009009,0.009009009009009009,9.009009009283697e-09,9.009009009283697e-09,9.009009009283697e-09,0,0,0
Closure,36,locus,55.0,0.018182,0.018182,0.01818181818181818,0.01818181818181818,0.01818181818181818,1.8181818181930987e-07,1.8181818181930987e-07,1.8181818181930987e-07,0,0,0
Closure,37,FlexFL,3.0,0.3333333333333333,0.3333333333333333,0.3333333333333333,0.41666666666666663,0.3333333333333333,0.0,0.08333333333333331,0.0,0,1,1
Closure,37,boostnsift,31.0,0.032258,0.032258,0.03225806451612903,0.016129032258064516,0.03225806451612903,6.451612902941273e-08,0.016128967741935486,6.451612902941273e-08,0,0,0
Closure,37,buglocator,1.0,1.0,1.0,1.0,1.0,1.0,0.0,0.0,0.0,1,1,1
Closure,37,locus,1.0,1.0,1.0,1.0,1.0,1.0,0.0,0.0,0.0,1,1,1
Closure,38,FlexFL,2.0,0.5,0.5,0.5,0.5,0.5,0.0,0.0,0.0,0,1,1
Closure,38,boostnsift,139.0,0.007194,0.007194,0.007194244604316547,0.007194244604316547,0.007194244604316547,2.4460431654726306e-07,2.4460431654726306e-07,2.4460431654726306e-07,0,0,0
Closure,38,buglocator,328.0,0.003049,0.003049,0.003048780487804878,0.003048780487804878,0.003048780487804878,2.195121951219063e-07,2.195121951219063e-07,2.195121951219063e-07,0,0,0
Closure,38,locus,100.0,0.01,0.01,0.01,0.01,0.01,0.0,0.0,0.0,0,0,0
Closure,39,FlexFL,,0.0,0.0,0.0,0.0,0.0,0.0,0.0,0.0,0,0,0
Closure,39,boostnsift,182.0,0.005495,0.005495,0.005494505494505495,0.005494505494505495,0.005494505494505495,4.945054945049501e-07,4.945054945049501e-07,4.945054945049501e-07,0,0,0
Closure,39,buglocator,415.0,0.00241,0.00241,0.0024096385542168677,0.0024096385542168677,0.0024096385542168677,3.6144578313213396e-07,3.6144578313213396e-07,3.6144578313213396e-07,0,0,0
Closure,39,locus,50.0,0.02,0.02,0.02,0.02,0.02,0.0,0.0,0.0,0,0,0
Closure,40,FlexFL,,0.0,0.0,0.0,0.0,0.0,0.0,0.0,0.0,0,0,0
Closure,40,boostnsift,32.0,0.03125,0.03125,0.03125,0.03125,0.03125,0.0,0.0,0.0,0,0,0
Closure,40,buglocator,5.0,0.2,0.2,0.2,0.2,0.2,0.0,0.0,0.0,0,1,1
Closure,40,locus,8.0,0.125,0.125,0.125,0.125,0.125,0.0,0.0,0.0,0,0,1
Closure,41,FlexFL,,0.0,0.0,0.0,0.0,0.0,0.0,0.0,0.0,0,0,0
Closure,41,boostnsift,66.0,0.015152,0.015152,0.015151515151515152,0.015151515151515152,0.015151515151515152,4.848484848486018e-07,4.848484848486018e-07,4.848484848486018e-07,0,0,0
Closure,41,buglocator,10.0,0.1,0.1,0.1,0.1,0.1,0.0,0.0,0.0,0,0,1
Closure,41,locus,16.0,0.0625,0.0625,0.0625,0.0625,0.0625,0.0,0.0,0.0,0,0,0
Closure,42,FlexFL,1.0,1.0,1.0,1.0,1.0,1.0,0.0,0.0,0.0,1,1,1
Closure,42,boostnsift,205.0,0.004878,0.004878,0.004878048780487805,0.004878048780487805,0.004878048780487805,4.8780487804482575e-08,4.8780487804482575e-08,4.8780487804482575e-08,0,0,0
Closure,42,buglocator,7.0,0.142857,0.142857,0.14285714285714285,0.14285714285714285,0.14285714285714285,1.4285714283746032e-07,1.4285714283746032e-07,1.4285714283746032e-07,0,0,1
Closure,42,locus,5.0,0.2,0.2,0.2,0.2,0.2,0.0,0.0,0.0,0,1,1
Closure,43,FlexFL,,0.0,0.0,0.0,0.0,0.0,0.0,0.0,0.0,0,0,0
Closure,43,boostnsift,51.0,0.019608,0.019608,0.0196078431372549,0.0196078431372549,0.0196078431372549,1.5686274509874032e-07,1.5686274509874032e-07,1.5686274509874032e-07,0,0,0
Closure,43,buglocator,1.0,1.0,1.0,1.0,1.0,1.0,0.0,0.0,0.0,1,1,1
Closure,43,locus,2.0,0.5,0.5,0.5,0.5,0.5,0.0,0.0,0.0,0,1,1
Closure,44,FlexFL,,0.0,0.0,0.0,0.0,0.0,0.0,0.0,0.0,0,0,0
Closure,44,boostnsift,,0.0,0.0,0.0,0.0,0.0,0.0,0.0,0.0,0,0,0
Closure,44,buglocator,916.0,0.001092,0.001092,0.001091703056768559,0.001091703056768559,0.001091703056768559,2.969432314411935e-07,2.969432314411935e-07,2.969432314411935e-07,0,0,0
Closure,44,locus,276.0,0.003623,0.003623,0.0036231884057971015,0.0036231884057971015,0.0036231884057971015,1.8840579710157485e-07,1.8840579710157485e-07,1.8840579710157485e-07,0,0,0
Closure,45,FlexFL,,0.0,0.0,0.0,0.0,0.0,0.0,0.0,0.0,0,0,0
Closure,45,boostnsift,13.0,0.076923,0.076923,0.07692307692307693,0.038461538461538464,0.07692307692307693,7.692307692208633e-08,0.03846146153846154,7.692307692208633e-08,0,0,0
Closure,45,buglocator,172.0,0.005814,0.005814,0.005813953488372093,0.0029069767441860465,0.005813953488372093,4.6511627906781206e-08,0.0029070232558139533,4.6511627906781206e-08,0,0,0
Closure,45,locus,80.0,0.0125,0.0125,0.0125,0.00625,0.0125,0.0,0.00625,0.0,0,0,0
Closure,46,FlexFL,1.0,1.0,1.0,1.0,1.0,1.0,0.0,0.0,0.0,1,1,1
Closure,46,boostnsift,10.0,0.1,0.1,0.1,0.1,0.1,0.0,0.0,0.0,0,0,1
Closure,46,buglocator,10.0,0.1,0.1,0.1,0.1,0.1,0.0,0.0,0.0,0,0,1
Closure,46,locus,1.0,1.0,1.0,1.0,1.0,1.0,0.0,0.0,0.0,1,1,1
Closure,47,FlexFL,,0.0,0.0,0.0,0.0,0.0,0.0,0.0,0.0,0,0,0
Closure,47,boostnsift,110.0,0.009091,0.009091,0.00909090909090909,0.00909090909090909,0.00909090909090909,9.090909090965493e-08,9.090909090965493e-08,9.090909090965493e-08,0,0,0
Closure,47,buglocator,65.0,0.015385,0.015385,0.015384615384615385,0.015384615384615385,0.015384615384615385,3.846153846139011e-07,3.846153846139011e-07,3.846153846139011e-07,0,0,0
Closure,47,locus,21.0,0.047619,0.047619,0.047619047619047616,0.047619047619047616,0.047619047619047616,4.7619047614799737e-08,4.7619047614799737e-08,4.7619047614799737e-08,0,0,0
Closure,48,FlexFL,4.0,0.25,0.25,0.25,0.25,0.25,0.0,0.0,0.0,0,1,1
Closure,48,boostnsift,19.0,0.052632,0.052632,0.05263157894736842,0.05263157894736842,0.05263157894736842,4.2105263158009887e-07,4.2105263158009887e-07,4.2105263158009887e-07,0,0,0
Closure,48,buglocator,1.0,1.0,1.0,1.0,1.0,1.0,0.0,0.0,0.0,1,1,1
Closure,48,locus,8.0,0.125,0.125,0.125,0.125,0.125,0.0,0.0,0.0,0,0,1
Closure,49,FlexFL,,0.0,0.0,0.0,0.0,0.0,0.0,0.0,0.0,0,0,0
Closure,49,boostnsift,55.0,0.018182,0.018182,0.01818181818181818,0.01818181818181818,0.01818181818181818,1.8181818181930987e-07,1.8181818181930987e-07,1.8181818181930987e-07,0,0,0
Closure,49,buglocator,29.0,0.034483,0.034483,0.034482758620689655,0.034482758620689655,0.034482758620689655,2.41379310345069e-07,2.41379310345069e-07,2.41379310345069e-07,0,0,0
Closure,49,locus,201.0,0.004975,0.004975,0.004975124378109453,0.004975124378109453,0.004975124378109453,1.2437810945238603e-07,1.2437810945238603e-07,1.2437810945238603e-07,0,0,0
Closure,50,FlexFL,,0.0,0.0,0.0,0.0,0.0,0.0,0.0,0.0,0,0,0
Closure,50,boostnsift,6.0,0.166667,0.166667,0.16666666666666666,0.16666666666666666,0.16666666666666666,3.333333333521704e-07,3.333333333521704e-07,3.333333333521704e-07,0,0,1
Closure,50,buglocator,117.0,0.008547,0.008547,0.008547008547008548,0.008547008547008548,0.008547008547008548,8.547008547091228e-09,8.547008547091228e-09,8.547008547091228e-09,0,0,0
Closure,50,locus,186.0,0.005376,0.005376,0.005376344086021506,0.005376344086021506,0.005376344086021506,3.4408602150610285e-07,3.4408602150610285e-07,3.4408602150610285e-07,0,0,0
Closure,51,FlexFL,,0.0,0.0,0.0,0.0,0.0,0.0,0.0,0.0,0,0,0
Closure,51,boostnsift,328.0,0.003049,0.003049,0.003048780487804878,0.003048780487804878,0.003048780487804878,2.195121951219063e-07,2.195121951219063e-07,2.195121951219063e-07,0,0,0
Closure,51,buglocator,790.0,0.001266,0.001266,0.0012658227848101266,0.0012658227848101266,0.0012658227848101266,1.7721518987337537e-07,1.7721518987337537e-07,1.7721518987337537e-07,0,0,0
Closure,51,locus,246.0,0.004065,0.004065,0.0040650406504065045,0.0040650406504065045,0.0040650406504065045,4.065040650445828e-08,4.065040650445828e-08,4.065040650445828e-08,0,0,0
Closure,52,FlexFL,,0.0,0.0,0.0,0.0,0.0,0.0,0.0,0.0,0,0,0
Closure,52,boostnsift,58.0,0.017241,0.017241,0.017241379310344827,0.017241379310344827,0.017241379310344827,3.7931034482796555e-07,3.7931034482796555e-07,3.7931034482796555e-07,0,0,0
Closure,52,buglocator,124.0,0.008065,0.008065,0.008064516129032258,0.008064516129032258,0.008064516129032258,4.838709677414121e-07,4.838709677414121e-07,4.838709677414121e-07,0,0,0
Closure,52,locus,70.0,0.014286,0.014286,0.014285714285714285,0.014285714285714285,0.014285714285714285,2.8571428571481927e-07,2.8571428571481927e-07,2.8571428571481927e-07,0,0,0
Closure,53,FlexFL,,0.0,0.0,0.0,0.0,0.0,0.0,0.0,0.0,0,0,0
Closure,53,boostnsift,241.0,0.004149,0.004149,0.004149377593360996,0.004149377593360996,0.004149377593360996,3.7759336099594393e-07,3.7759336099594393e-07,3.7759336099594393e-07,0,0,0
Closure,53,buglocator,21.0,0.047619,0.047619,0.047619047619047616,0.047619047619047616,0.047619047619047616,4.7619047614799737e-08,4.7619047614799737e-08,4.7619047614799737e-08,0,0,0
Closure,53,locus,1.0,1.0,1.0,1.0,1.0,1.0,0.0,0.0,0.0,1,1,1
Closure,54,FlexFL,1.0,1.0,1.0,1.0,1.0,1.0,0.0,0.0,0.0,1,1,1
Closure,54,boostnsift,66.0,0.015152,0.015152,0.015151515151515152,0.007575757575757576,0.015151515151515152,4.848484848486018e-07,0.007576242424242425,4.848484848486018e-07,0,0,0
Closure,54,buglocator,11.0,0.090909,0.090909,0.09090909090909091,0.045454545454545456,0.09090909090909091,9.090909090792021e-08,0.04545445454545455,9.090909090792021e-08,0,0,0
Closure,54,locus,16.0,0.0625,0.0625,0.0625,0.03125,0.0625,0.0,0.03125,0.0,0,0,0
Closure,55,FlexFL,,0.0,0.0,0.0,0.0,0.0,0.0,0.0,0.0,0,0,0
Closure,55,boostnsift,208.0,0.004808,0.004808,0.004807692307692308,0.004807692307692308,0.004807692307692308,3.0769230769181477e-07,3.0769230769181477e-07,3.0769230769181477e-07,0,0,0
Closure,55,buglocator,99.0,0.010101,0.010101,0.010101010101010102,0.010101010101010102,0.010101010101010102,1.0101010101265517e-08,1.0101010101265517e-08,1.0101010101265517e-08,0,0,0
Closure,55,locus,277.0,0.00361,0.00361,0.0036101083032490976,0.0036101083032490976,0.0036101083032490976,1.0830324909767361e-07,1.0830324909767361e-07,1.0830324909767361e-07,0,0,0
Closure,56,FlexFL,,0.0,0.0,0.0,0.0,0.0,0.0,0.0,0.0,0,0,0
Closure,56,boostnsift,78.0,0.012821,0.012821,0.01282051282051282,0.01282051282051282,0.01282051282051282,4.871794871807306e-07,4.871794871807306e-07,4.871794871807306e-07,0,0,0
Closure,56,buglocator,46.0,0.021739,0.01433,0.021739130434782608,0.021739130434782608,0.021739130434782608,0.007409130434782607,0.007409130434782607,0.007409130434782607,0,0,0
Closure,56,locus,190.0,0.005263,0.005263,0.005263157894736842,0.005263157894736842,0.005263157894736842,1.5789473684166971e-07,1.5789473684166971e-07,1.5789473684166971e-07,0,0,0
Closure,57,FlexFL,3.0,0.3333333333333333,0.3333333333333333,0.3333333333333333,0.3333333333333333,0.3333333333333333,0.0,0.0,0.0,0,1,1
Closure,57,boostnsift,24.0,0.041667,0.041667,0.041666666666666664,0.041666666666666664,0.041666666666666664,3.333333333382926e-07,3.333333333382926e-07,3.333333333382926e-07,0,0,0
Closure,57,buglocator,206.0,0.004854,0.004854,0.0048543689320388345,0.0048543689320388345,0.0048543689320388345,3.6893203883472253e-07,3.6893203883472253e-07,3.6893203883472253e-07,0,0,0
Closure,57,locus,119.0,0.008403,0.008403,0.008403361344537815,0.008403361344537815,0.008403361344537815,3.613445378140151e-07,3.613445378140151e-07,3.613445378140151e-07,0,0,0
Closure,58,FlexFL,,0.0,0.0,0.0,0.0,0.0,0.0,0.0,0.0,0,0,0
Closure,58,boostnsift,178.0,0.005618,0.005618,0.0056179775280898875,0.0056179775280898875,0.0056179775280898875,2.2471910112245586e-08,2.2471910112245586e-08,2.2471910112245586e-08,0,0,0
Closure,58,buglocator,609.0,0.001642,0.001642,0.0016420361247947454,0.0016420361247947454,0.0016420361247947454,3.612479474541727e-08,3.612479474541727e-08,3.612479474541727e-08,0,0,0
Closure,58,locus,757.0,0.001321,0.001321,0.001321003963011889,0.001321003963011889,0.001321003963011889,3.963011889138168e-09,3.963011889138168e-09,3.963011889138168e-09,0,0,0
Closure,59,FlexFL,,0.0,0.0,0.0,0.0,0.0,0.0,0.0,0.0,0,0,0
Closure,59,boostnsift,3.0,0.333333,0.333333,0.3333333333333333,0.3333333333333333,0.3333333333333333,3.3333333332441484e-07,3.3333333332441484e-07,3.3333333332441484e-07,0,1,1
Closure,59,buglocator,9.0,0.111111,0.111111,0.1111111111111111,0.1111111111111111,0.1111111111111111,1.1111111110351235e-07,1.1111111110351235e-07,1.1111111110351235e-07,0,0,1
Closure,59,locus,1.0,1.0,1.0,1.0,1.0,1.0,0.0,0.0,0.0,1,1,1
Closure,60,FlexFL,,0.0,0.0,0.0,0.0,0.0,0.0,0.0,0.0,0,0,0
Closure,60,boostnsift,3.0,0.333333,0.333333,0.3333333333333333,0.3333333333333333,0.3333333333333333,3.3333333332441484e-07,3.3333333332441484e-07,3.3333333332441484e-07,0,1,1
Closure,60,buglocator,14.0,0.071429,0.071429,0.07142857142857142,0.07142857142857142,0.07142857142857142,4.285714285817699e-07,4.285714285817699e-07,4.285714285817699e-07,0,0,0
Closure,60,locus,16.0,0.0625,0.0625,0.0625,0.0625,0.0625,0.0,0.0,0.0,0,0,0
Closure,61,FlexFL,,0.0,0.0,0.0,0.0,0.0,0.0,0.0,0.0,0,0,0
Closure,61,boostnsift,55.0,0.018182,0.018182,0.01818181818181818,0.01818181818181818,0.01818181818181818,1.8181818181930987e-07,1.8181818181930987e-07,1.8181818181930987e-07,0,0,0
Closure,61,buglocator,8.0,0.125,0.125,0.125,0.125,0.125,0.0,0.0,0.0,0,0,1
Closure,61,locus,7.0,0.142857,0.142857,0.14285714285714285,0.14285714285714285,0.14285714285714285,1.4285714283746032e-07,1.4285714283746032e-07,1.4285714283746032e-07,0,0,1
Closure,62,FlexFL,1.0,1.0,1.0,1.0,1.0,1.0,0.0,0.0,0.0,1,1,1
Closure,62,boostnsift,35.0,0.028571,0.028571,0.02857142857142857,0.02857142857142857,0.02857142857142857,4.2857142857136155e-07,4.2857142857136155e-07,4.2857142857136155e-07,0,0,0
Closure,62,buglocator,314.0,0.003185,0.003185,0.0031847133757961785,0.0031847133757961785,0.0031847133757961785,2.86624203821393e-07,2.86624203821393e-07,2.86624203821393e-07,0,0,0
Closure,62,locus,225.0,0.004444,0.004444,0.0044444444444444444,0.0044444444444444444,0.0044444444444444444,4.4444444444440706e-07,4.4444444444440706e-07,4.4444444444440706e-07,0,0,0
Closure,64,FlexFL,4.0,0.25,0.25,0.25,0.25,0.25,0.0,0.0,0.0,0,1,1
Closure,64,boostnsift,2.0,0.5,0.5,0.5,0.5,0.5,0.0,0.0,0.0,0,1,1
Closure,64,buglocator,6.0,0.166667,0.166667,0.16666666666666666,0.16666666666666666,0.16666666666666666,3.333333333521704e-07,3.333333333521704e-07,3.333333333521704e-07,0,0,1
Closure,64,locus,1.0,1.0,1.0,1.0,1.0,1.0,0.0,0.0,0.0,1,1,1
Closure,65,FlexFL,1.0,1.0,1.0,1.0,1.0,1.0,0.0,0.0,0.0,1,1,1
Closure,65,boostnsift,14.0,0.071429,0.071429,0.07142857142857142,0.07142857142857142,0.07142857142857142,4.285714285817699e-07,4.285714285817699e-07,4.285714285817699e-07,0,0,0
Closure,65,buglocator,1.0,1.0,1.0,1.0,1.0,1.0,0.0,0.0,0.0,1,1,1
Closure,65,locus,1.0,1.0,1.0,1.0,1.0,1.0,0.0,0.0,0.0,1,1,1
Closure,66,FlexFL,1.0,1.0,1.0,1.0,1.0,1.0,0.0,0.0,0.0,1,1,1
Closure,66,boostnsift,29.0,0.034483,0.034483,0.034482758620689655,0.034482758620689655,0.034482758620689655,2.41379310345069e-07,2.41379310345069e-07,2.41379310345069e-07,0,0,0
Closure,66,buglocator,45.0,0.022222,0.022222,0.022222222222222223,0.022222222222222223,0.022222222222222223,2.2222222222437193e-07,2.2222222222437193e-07,2.2222222222437193e-07,0,0,0
Closure,66,locus,16.0,0.0625,0.0625,0.0625,0.0625,0.0625,0.0,0.0,0.0,0,0,0
Closure,67,FlexFL,,0.0,0.0,0.0,0.0,0.0,0.0,0.0,0.0,0,0,0
Closure,67,boostnsift,97.0,0.010309,0.010309,0.010309278350515464,0.010309278350515464,0.010309278350515464,2.7835051546326595e-07,2.7835051546326595e-07,2.7835051546326595e-07,0,0,0
Closure,67,buglocator,49.0,0.020408,0.020408,0.02040816326530612,0.02040816326530612,0.02040816326530612,1.632653061217626e-07,1.632653061217626e-07,1.632653061217626e-07,0,0,0
Closure,67,locus,60.0,0.016667,0.016667,0.016666666666666666,0.016666666666666666,0.016666666666666666,3.333333333348232e-07,3.333333333348232e-07,3.333333333348232e-07,0,0,0
Closure,68,FlexFL,1.0,1.0,0.5555555555555555,1.0,1.0,1.0,0.44444444444444453,0.44444444444444453,0.44444444444444453,1,1,1
Closure,68,boostnsift,7.0,0.142857,0.142857,0.14285714285714285,0.14285714285714285,0.14285714285714285,1.4285714283746032e-07,1.4285714283746032e-07,1.4285714283746032e-07,0,0,1
Closure,68,buglocator,1.0,1.0,1.0,1.0,1.0,1.0,0.0,0.0,0.0,1,1,1
Closure,68,locus,6.0,0.166667,0.166667,0.16666666666666666,0.16666666666666666,0.16666666666666666,3.333333333521704e-07,3.333333333521704e-07,3.333333333521704e-07,0,0,1
Closure,69,FlexFL,,0.0,0.0,0.0,0.0,0.0,0.0,0.0,0.0,0,0,0
Closure,69,boostnsift,33.0,0.030303,0.030303,0.030303030303030304,0.030303030303030304,0.030303030303030304,3.030303030379655e-08,3.030303030379655e-08,3.030303030379655e-08,0,0,0
Closure,69,buglocator,20.0,0.05,0.05,0.05,0.05,0.05,0.0,0.0,0.0,0,0,0
Closure,69,locus,13.0,0.076923,0.076923,0.07692307692307693,0.07692307692307693,0.07692307692307693,7.692307692208633e-08,7.692307692208633e-08,7.692307692208633e-08,0,0,0
Closure,70,FlexFL,,0.0,0.0,0.0,0.0,0.0,0.0,0.0,0.0,0,0,0
Closure,70,boostnsift,146.0,0.006849,0.006849,0.00684931506849315,0.00684931506849315,0.00684931506849315,3.150684931502515e-07,3.150684931502515e-07,3.150684931502515e-07,0,0,0
Closure,70,buglocator,14.0,0.071429,0.071429,0.07142857142857142,0.07142857142857142,0.07142857142857142,4.285714285817699e-07,4.285714285817699e-07,4.285714285817699e-07,0,0,0
Closure,70,locus,18.0,0.055556,0.055556,0.05555555555555555,0.05555555555555555,0.05555555555555555,4.4444444444874387e-07,4.4444444444874387e-07,4.4444444444874387e-07,0,0,0
Closure,71,FlexFL,1.0,1.0,1.0,1.0,1.0,1.0,0.0,0.0,0.0,1,1,1
Closure,71,boostnsift,52.0,0.019231,0.019231,0.019230769230769232,0.019230769230769232,0.019230769230769232,2.3076923076972844e-07,2.3076923076972844e-07,2.3076923076972844e-07,0,0,0
Closure,71,buglocator,56.0,0.017857,0.017857,0.017857142857142856,0.017857142857142856,0.017857142857142856,1.4285714285480755e-07,1.4285714285480755e-07,1.4285714285480755e-07,0,0,0
Closure,71,locus,35.0,0.028571,0.028571,0.02857142857142857,0.02857142857142857,0.02857142857142857,4.2857142857136155e-07,4.2857142857136155e-07,4.2857142857136155e-07,0,0,0
Closure,72,FlexFL,,0.0,0.0,0.0,0.0,0.0,0.0,0.0,0.0,0,0,0
Closure,72,boostnsift,79.0,0.012658,0.012658,0.012658227848101266,0.006329113924050633,0.012658227848101266,2.2784810126477706e-07,0.006328886075949368,2.2784810126477706e-07,0,0,0
Closure,72,buglocator,19.0,0.052632,0.052632,0.05263157894736842,0.02631578947368421,0.05263157894736842,4.2105263158009887e-07,0.02631621052631579,4.2105263158009887e-07,0,0,0
Closure,72,locus,3.0,0.333333,0.333333,0.3333333333333333,0.41666666666666663,0.3333333333333333,3.3333333332441484e-07,0.08333366666666664,3.3333333332441484e-07,0,1,1
Closure,73,FlexFL,1.0,1.0,1.0,1.0,1.0,1.0,0.0,0.0,0.0,1,1,1
Closure,73,boostnsift,5.0,0.2,0.2,0.2,0.2,0.2,0.0,0.0,0.0,0,1,1
Closure,73,buglocator,10.0,0.1,0.1,0.1,0.1,0.1,0.0,0.0,0.0,0,0,1
Closure,73,locus,1.0,1.0,1.0,1.0,1.0,1.0,0.0,0.0,0.0,1,1,1
Closure,74,FlexFL,1.0,1.0,1.0,1.0,1.0,1.0,0.0,0.0,0.0,1,1,1
Closure,74,boostnsift,63.0,0.015873,0.015873,0.015873015873015872,0.015873015873015872,0.015873015873015872,1.587301587044343e-08,1.587301587044343e-08,1.587301587044343e-08,0,0,0
Closure,74,buglocator,228.0,0.004386,0.004386,0.0043859649122807015,0.0043859649122807015,0.0043859649122807015,3.508771929863069e-08,3.508771929863069e-08,3.508771929863069e-08,0,0,0
Closure,74,locus,282.0,0.003546,0.003546,0.0035460992907801418,0.0035460992907801418,0.0035460992907801418,9.929078014165107e-08,9.929078014165107e-08,9.929078014165107e-08,0,0,0
Closure,75,FlexFL,1.0,1.0,0.7,1.0,1.0,1.0,0.30000000000000004,0.30000000000000004,0.30000000000000004,1,1,1
Closure,75,boostnsift,108.0,0.009259,0.009259,0.009259259259259259,0.009259259259259259,0.009259259259259259,2.5925925925887605e-07,2.5925925925887605e-07,2.5925925925887605e-07,0,0,0
Closure,75,buglocator,61.0,0.016393,0.016393,0.01639344262295082,0.01639344262295082,0.01639344262295082,4.426229508192048e-07,4.426229508192048e-07,4.426229508192048e-07,0,0,0
Closure,75,locus,71.0,0.014085,0.014085,0.014084507042253521,0.014084507042253521,0.014084507042253521,4.929577464788532e-07,4.929577464788532e-07,4.929577464788532e-07,0,0,0
Closure,76,FlexFL,1.0,1.0,1.0,1.0,1.0,1.0,0.0,0.0,0.0,1,1,1
Closure,76,boostnsift,5.0,0.2,0.2,0.2,0.2,0.2,0.0,0.0,0.0,0,1,1
Closure,76,buglocator,35.0,0.028571,0.028571,0.02857142857142857,0.02857142857142857,0.02857142857142857,4.2857142857136155e-07,4.2857142857136155e-07,4.2857142857136155e-07,0,0,0
Closure,76,locus,35.0,0.028571,0.028571,0.02857142857142857,0.02857142857142857,0.02857142857142857,4.2857142857136155e-07,4.2857142857136155e-07,4.2857142857136155e-07,0,0,0
Closure,77,FlexFL,1.0,1.0,1.0,1.0,1.0,1.0,0.0,0.0,0.0,1,1,1
Closure,77,boostnsift,1.0,1.0,1.0,1.0,1.0,1.0,0.0,0.0,0.0,1,1,1
Closure,77,buglocator,29.0,0.034483,0.034483,0.034482758620689655,0.034482758620689655,0.034482758620689655,2.41379310345069e-07,2.41379310345069e-07,2.41379310345069e-07,0,0,0
Closure,77,locus,19.0,0.052632,0.052632,0.05263157894736842,0.05263157894736842,0.05263157894736842,4.2105263158009887e-07,4.2105263158009887e-07,4.2105263158009887e-07,0,0,0
Closure,78,FlexFL,1.0,1.0,1.0,1.0,1.0,1.0,0.0,0.0,0.0,1,1,1
Closure,78,boostnsift,1.0,1.0,1.0,1.0,1.0,1.0,0.0,0.0,0.0,1,1,1
Closure,78,buglocator,21.0,0.047619,0.047619,0.047619047619047616,0.047619047619047616,0.047619047619047616,4.7619047614799737e-08,4.7619047614799737e-08,4.7619047614799737e-08,0,0,0
Closure,78,locus,38.0,0.026316,0.026316,0.02631578947368421,0.02631578947368421,0.02631578947368421,2.1052631579004943e-07,2.1052631579004943e-07,2.1052631579004943e-07,0,0,0
Closure,79,FlexFL,5.0,0.2,0.1,0.2,0.30000000000000004,0.2,0.1,0.20000000000000004,0.1,1,1,1
Closure,79,boostnsift,7.0,0.142857,0.142857,0.14285714285714285,0.07142857142857142,0.14285714285714285,1.4285714283746032e-07,0.07142842857142859,1.4285714283746032e-07,0,0,1
Closure,79,buglocator,112.0,0.008929,0.008929,0.008928571428571428,0.004464285714285714,0.008928571428571428,4.2857142857136155e-07,0.004464714285714285,4.2857142857136155e-07,0,0,0
Closure,79,locus,3.0,0.333333,0.333333,0.3333333333333333,0.41666666666666663,0.3333333333333333,3.3333333332441484e-07,0.08333366666666664,3.3333333332441484e-07,0,1,1
Closure,80,FlexFL,4.0,0.25,0.125,0.25,0.25,0.25,0.125,0.125,0.125,1,1,1
Closure,80,boostnsift,57.0,0.017544,0.017544,0.017543859649122806,0.017543859649122806,0.017543859649122806,1.4035087719452277e-07,1.4035087719452277e-07,1.4035087719452277e-07,0,0,0
Closure,80,buglocator,20.0,0.05,0.05,0.05,0.05,0.05,0.0,0.0,0.0,0,0,0
Closure,80,locus,20.0,0.05,0.05,0.05,0.05,0.05,0.0,0.0,0.0,0,0,0
Closure,81,FlexFL,2.0,0.5,0.5,0.5,0.5,0.5,0.0,0.0,0.0,0,1,1
Closure,81,boostnsift,124.0,0.008065,0.008065,0.008064516129032258,0.008064516129032258,0.008064516129032258,4.838709677414121e-07,4.838709677414121e-07,4.838709677414121e-07,0,0,0
Closure,81,buglocator,3.0,0.333333,0.333333,0.3333333333333333,0.3333333333333333,0.3333333333333333,3.3333333332441484e-07,3.3333333332441484e-07,3.3333333332441484e-07,0,1,1
Closure,81,locus,5.0,0.2,0.2,0.2,0.2,0.2,0.0,0.0,0.0,0,1,1
Closure,82,FlexFL,,0.0,0.0,0.0,0.0,0.0,0.0,0.0,0.0,0,0,0
Closure,82,boostnsift,78.0,0.012821,0.012821,0.01282051282051282,0.01282051282051282,0.01282051282051282,4.871794871807306e-07,4.871794871807306e-07,4.871794871807306e-07,0,0,0
Closure,82,buglocator,24.0,0.041667,0.041667,0.041666666666666664,0.041666666666666664,0.041666666666666664,3.333333333382926e-07,3.333333333382926e-07,3.333333333382926e-07,0,0,0
Closure,82,locus,191.0,0.005236,0.005236,0.005235602094240838,0.005235602094240838,0.005235602094240838,3.9790575916218845e-07,3.9790575916218845e-07,3.9790575916218845e-07,0,0,0
Closure,83,FlexFL,,0.0,0.0,0.0,0.0,0.0,0.0,0.0,0.0,0,0,0
Closure,83,boostnsift,1.0,1.0,1.0,1.0,1.0,1.0,0.0,0.0,0.0,1,1,1
Closure,83,buglocator,2.0,0.5,0.5,0.5,0.5,0.5,0.0,0.0,0.0,0,1,1
Closure,83,locus,8.0,0.125,0.125,0.125,0.125,0.125,0.0,0.0,0.0,0,0,1
Closure,84,FlexFL,,0.0,0.0,0.0,0.0,0.0,0.0,0.0,0.0,0,0,0
Closure,84,boostnsift,120.0,0.008333,0.008333,0.008333333333333333,0.008333333333333333,0.008333333333333333,3.3333333333308846e-07,3.3333333333308846e-07,3.3333333333308846e-07,0,0,0
Closure,84,buglocator,37.0,0.027027,0.027027,0.02702702702702703,0.02702702702702703,0.02702702702702703,2.7027027029585815e-08,2.7027027029585815e-08,2.7027027029585815e-08,0,0,0
Closure,84,locus,11.0,0.090909,0.090909,0.09090909090909091,0.09090909090909091,0.09090909090909091,9.090909090792021e-08,9.090909090792021e-08,9.090909090792021e-08,0,0,0
Closure,85,FlexFL,5.0,0.2,0.1,0.2,0.2,0.2,0.1,0.1,0.1,0,1,1
Closure,85,boostnsift,60.0,0.016667,0.016667,0.016666666666666666,0.016666666666666666,0.016666666666666666,3.333333333348232e-07,3.333333333348232e-07,3.333333333348232e-07,0,0,0
Closure,85,buglocator,349.0,0.002865,0.002865,0.0028653295128939827,0.0028653295128939827,0.0028653295128939827,3.295128939827946e-07,3.295128939827946e-07,3.295128939827946e-07,0,0,0
Closure,85,locus,341.0,0.002933,0.002933,0.002932551319648094,0.002932551319648094,0.002932551319648094,4.4868035190600425e-07,4.4868035190600425e-07,4.4868035190600425e-07,0,0,0
Closure,86,FlexFL,3.0,0.3333333333333333,0.3333333333333333,0.3333333333333333,0.3333333333333333,0.3333333333333333,0.0,0.0,0.0,0,1,1
Closure,86,boostnsift,14.0,0.071429,0.071429,0.07142857142857142,0.07142857142857142,0.07142857142857142,4.285714285817699e-07,4.285714285817699e-07,4.285714285817699e-07,0,0,0
Closure,86,buglocator,42.0,0.02381,0.02381,0.023809523809523808,0.023809523809523808,0.023809523809523808,4.761904761931002e-07,4.761904761931002e-07,4.761904761931002e-07,0,0,0
Closure,86,locus,10.0,0.1,0.1,0.1,0.1,0.1,0.0,0.0,0.0,0,0,1
Closure,87,FlexFL,3.0,0.3333333333333333,0.3333333333333333,0.3333333333333333,0.3333333333333333,0.3333333333333333,0.0,0.0,0.0,0,1,1
Closure,87,boostnsift,129.0,0.007752,0.007752,0.007751937984496124,0.007751937984496124,0.007751937984496124,6.201550387628652e-08,6.201550387628652e-08,6.201550387628652e-08,0,0,0
Closure,87,buglocator,15.0,0.066667,0.066667,0.06666666666666667,0.06666666666666667,0.06666666666666667,3.333333333382926e-07,3.333333333382926e-07,3.333333333382926e-07,0,0,0
Closure,87,locus,6.0,0.166667,0.166667,0.16666666666666666,0.16666666666666666,0.16666666666666666,3.333333333521704e-07,3.333333333521704e-07,3.333333333521704e-07,0,0,1
Closure,88,FlexFL,1.0,1.0,1.0,1.0,1.0,1.0,0.0,0.0,0.0,1,1,1
Closure,88,boostnsift,73.0,0.013699,0.013699,0.0136986301369863,0.0136986301369863,0.0136986301369863,3.698630136987624e-07,3.698630136987624e-07,3.698630136987624e-07,0,0,0
Closure,88,buglocator,84.0,0.011905,0.011905,0.011904761904761904,0.011904761904761904,0.011904761904761904,2.380952380965501e-07,2.380952380965501e-07,2.380952380965501e-07,0,0,0
Closure,88,locus,21.0,0.047619,0.047619,0.047619047619047616,0.047619047619047616,0.047619047619047616,4.7619047614799737e-08,4.7619047614799737e-08,4.7619047614799737e-08,0,0,0
Closure,89,FlexFL,,0.0,0.0,0.0,0.0,0.0,0.0,0.0,0.0,0,0,0
Closure,89,boostnsift,142.0,0.007042,0.007042,0.007042253521126761,0.0035211267605633804,0.007042253521126761,2.5352112676107347e-07,0.0035208732394366193,2.5352112676107347e-07,0,0,0
Closure,89,buglocator,44.0,0.022727,0.022727,0.022727272727272728,0.011363636363636364,0.022727272727272728,2.727272727272301e-07,0.011363363636363637,2.727272727272301e-07,0,0,0
Closure,89,locus,51.0,0.019608,0.019608,0.0196078431372549,0.00980392156862745,0.0196078431372549,1.5686274509874032e-07,0.00980407843137255,1.5686274509874032e-07,0,0,0
Closure,90,FlexFL,1.0,1.0,0.5,1.0,1.0,1.0,0.5,0.5,0.5,1,1,1
Closure,90,boostnsift,32.0,0.03125,0.03125,0.03125,0.015625,0.03125,0.0,0.015625,0.0,0,0,0
Closure,90,buglocator,16.0,0.0625,0.0625,0.0625,0.03125,0.0625,0.0,0.03125,0.0,0,0,0
Closure,90,locus,12.0,0.083333,0.083333,0.08333333333333333,0.041666666666666664,0.08333333333333333,3.3333333332441484e-07,0.04166633333333334,3.3333333332441484e-07,0,0,0
Closure,91,FlexFL,,0.0,0.0,0.0,0.0,0.0,0.0,0.0,0.0,0,0,0
Closure,91,boostnsift,19.0,0.052632,0.052632,0.05263157894736842,0.05263157894736842,0.05263157894736842,4.2105263158009887e-07,4.2105263158009887e-07,4.2105263158009887e-07,0,0,0
Closure,91,buglocator,106.0,0.009434,0.009434,0.009433962264150943,0.009433962264150943,0.009433962264150943,3.773584905664151e-08,3.773584905664151e-08,3.773584905664151e-08,0,0,0
Closure,91,locus,3.0,0.333333,0.333333,0.3333333333333333,0.3333333333333333,0.3333333333333333,3.3333333332441484e-07,3.3333333332441484e-07,3.3333333332441484e-07,0,1,1
Closure,92,FlexFL,3.0,0.3333333333333333,0.3333333333333333,0.3333333333333333,0.3333333333333333,0.3333333333333333,0.0,0.0,0.0,0,1,1
Closure,92,boostnsift,7.0,0.142857,0.142857,0.14285714285714285,0.14285714285714285,0.14285714285714285,1.4285714283746032e-07,1.4285714283746032e-07,1.4285714283746032e-07,0,0,1
Closure,92,buglocator,12.0,0.083333,0.083333,0.08333333333333333,0.08333333333333333,0.08333333333333333,3.3333333332441484e-07,3.3333333332441484e-07,3.3333333332441484e-07,0,0,0
Closure,92,locus,14.0,0.071429,0.071429,0.07142857142857142,0.07142857142857142,0.07142857142857142,4.285714285817699e-07,4.285714285817699e-07,4.285714285817699e-07,0,0,0
Closure,94,FlexFL,5.0,0.2,0.2,0.2,0.2,0.2,0.0,0.0,0.0,0,1,1
Closure,94,boostnsift,26.0,0.038462,0.038462,0.038461538461538464,0.038461538461538464,0.038461538461538464,4.615384615394569e-07,4.615384615394569e-07,4.615384615394569e-07,0,0,0
Closure,94,buglocator,57.0,0.017544,0.017544,0.017543859649122806,0.017543859649122806,0.017543859649122806,1.4035087719452277e-07,1.4035087719452277e-07,1.4035087719452277e-07,0,0,0
Closure,94,locus,76.0,0.013158,0.013158,0.013157894736842105,0.013157894736842105,0.013157894736842105,1.0526315789502472e-07,1.0526315789502472e-07,1.0526315789502472e-07,0,0,0
Closure,95,boostnsift,28.0,0.035714,0.035714,0.03571428571428571,0.03571428571428571,0.03571428571428571,2.857142857096151e-07,2.857142857096151e-07,2.857142857096151e-07,0,0,0
Closure,95,buglocator,15.0,0.066667,0.066667,0.06666666666666667,0.06666666666666667,0.06666666666666667,3.333333333382926e-07,3.333333333382926e-07,3.333333333382926e-07,0,0,0
Closure,95,locus,29.0,0.034483,0.034483,0.034482758620689655,0.034482758620689655,0.034482758620689655,2.41379310345069e-07,2.41379310345069e-07,2.41379310345069e-07,0,0,0
Closure,96,FlexFL,,0.0,0.0,0.0,0.0,0.0,0.0,0.0,0.0,0,0,0
Closure,96,boostnsift,37.0,0.027027,0.027027,0.02702702702702703,0.02702702702702703,0.02702702702702703,2.7027027029585815e-08,2.7027027029585815e-08,2.7027027029585815e-08,0,0,0
Closure,96,buglocator,10.0,0.1,0.1,0.1,0.1,0.1,0.0,0.0,0.0,0,0,1
Closure,96,locus,10.0,0.1,0.1,0.1,0.1,0.1,0.0,0.0,0.0,0,0,1
Closure,97,FlexFL,1.0,1.0,1.0,1.0,1.0,1.0,0.0,0.0,0.0,1,1,1
Closure,97,boostnsift,1.0,1.0,1.0,1.0,1.0,1.0,0.0,0.0,0.0,1,1,1
Closure,97,buglocator,16.0,0.0625,0.0625,0.0625,0.0625,0.0625,0.0,0.0,0.0,0,0,0
Closure,97,locus,34.0,0.029412,0.029412,0.029411764705882353,0.029411764705882353,0.029411764705882353,2.3529411764811048e-07,2.3529411764811048e-07,2.3529411764811048e-07,0,0,0
Closure,98,FlexFL,,0.0,0.0,0.0,0.0,0.0,0.0,0.0,0.0,0,0,0
Closure,98,boostnsift,254.0,0.003937,0.003937,0.003937007874015748,0.001968503937007874,0.003937007874015748,7.874015747581786e-09,0.0019684960629921264,7.874015747581786e-09,0,0,0
Closure,98,buglocator,255.0,0.003922,0.003922,0.00392156862745098,0.00196078431372549,0.00392156862745098,4.3137254901980115e-07,0.00196121568627451,4.3137254901980115e-07,0,0,0
Closure,98,locus,62.0,0.016129,0.016129,0.016129032258064516,0.008064516129032258,0.016129032258064516,3.2258064514706364e-08,0.008064483870967743,3.2258064514706364e-08,0,0,0
Closure,99,FlexFL,4.0,0.25,0.25,0.25,0.25,0.25,0.0,0.0,0.0,0,1,1
Closure,99,boostnsift,54.0,0.018519,0.018519,0.018518518518518517,0.018518518518518517,0.018518518518518517,4.81481481483248e-07,4.81481481483248e-07,4.81481481483248e-07,0,0,0
Closure,99,buglocator,51.0,0.019608,0.019608,0.0196078431372549,0.0196078431372549,0.0196078431372549,1.5686274509874032e-07,1.5686274509874032e-07,1.5686274509874032e-07,0,0,0
Closure,99,locus,9.0,0.111111,0.111111,0.1111111111111111,0.1111111111111111,0.1111111111111111,1.1111111110351235e-07,1.1111111110351235e-07,1.1111111110351235e-07,0,0,1
Closure,100,FlexFL,1.0,1.0,1.0,1.0,1.0,1.0,0.0,0.0,0.0,1,1,1
Closure,100,boostnsift,33.0,0.030303,0.030303,0.030303030303030304,0.030303030303030304,0.030303030303030304,3.030303030379655e-08,3.030303030379655e-08,3.030303030379655e-08,0,0,0
Closure,100,buglocator,19.0,0.052632,0.052632,0.05263157894736842,0.05263157894736842,0.05263157894736842,4.2105263158009887e-07,4.2105263158009887e-07,4.2105263158009887e-07,0,0,0
Closure,100,locus,5.0,0.2,0.2,0.2,0.2,0.2,0.0,0.0,0.0,0,1,1
Closure,101,FlexFL,2.0,0.5,0.5,0.5,0.5,0.5,0.0,0.0,0.0,0,1,1
Closure,101,boostnsift,2.0,0.5,0.5,0.5,0.5,0.5,0.0,0.0,0.0,0,1,1
Closure,101,buglocator,1.0,1.0,1.0,1.0,1.0,1.0,0.0,0.0,0.0,1,1,1
Closure,101,locus,14.0,0.071429,0.071429,0.07142857142857142,0.07142857142857142,0.07142857142857142,4.285714285817699e-07,4.285714285817699e-07,4.285714285817699e-07,0,0,0
Closure,102,FlexFL,,0.0,0.0,0.0,0.0,0.0,0.0,0.0,0.0,0,0,0
Closure,102,boostnsift,190.0,0.005263,0.005263,0.005263157894736842,0.005263157894736842,0.005263157894736842,1.5789473684166971e-07,1.5789473684166971e-07,1.5789473684166971e-07,0,0,0
Closure,102,buglocator,170.0,0.005882,0.005882,0.0058823529411764705,0.0058823529411764705,0.0058823529411764705,3.52941176470431e-07,3.52941176470431e-07,3.52941176470431e-07,0,0,0
Closure,102,locus,45.0,0.022222,0.022222,0.022222222222222223,0.022222222222222223,0.022222222222222223,2.2222222222437193e-07,2.2222222222437193e-07,2.2222222222437193e-07,0,0,0
Closure,103,FlexFL,3.0,0.3333333333333333,0.3333333333333333,0.3333333333333333,0.41666666666666663,0.3333333333333333,0.0,0.08333333333333331,0.0,0,1,1
Closure,103,boostnsift,68.0,0.014706,0.014706,0.014705882352941176,0.007352941176470588,0.014705882352941176,1.1764705882405524e-07,0.007353058823529412,1.1764705882405524e-07,0,0,0
Closure,103,buglocator,151.0,0.006623,0.006623,0.006622516556291391,0.0033112582781456954,0.006622516556291391,4.834437086096918e-07,0.003311741721854305,4.834437086096918e-07,0,0,0
Closure,103,locus,259.0,0.003861,0.003861,0.003861003861003861,0.0019305019305019305,0.003861003861003861,3.861003861245493e-09,0.0019304980694980693,3.861003861245493e-09,0,0,0
Closure,104,FlexFL,4.0,0.25,0.25,0.25,0.25,0.25,0.0,0.0,0.0,0,1,1
Closure,104,boostnsift,4.0,0.25,0.25,0.25,0.25,0.25,0.0,0.0,0.0,0,1,1
Closure,104,buglocator,312.0,0.003205,0.003205,0.003205128205128205,0.003205128205128205,0.003205128205128205,1.2820512820506738e-07,1.2820512820506738e-07,1.2820512820506738e-07,0,0,0
Closure,104,locus,104.0,0.009615,0.009615,0.009615384615384616,0.009615384615384616,0.009615384615384616,3.846153846156358e-07,3.846153846156358e-07,3.846153846156358e-07,0,0,0
Closure,105,FlexFL,1.0,1.0,1.0,1.0,1.0,1.0,0.0,0.0,0.0,1,1,1
Closure,105,boostnsift,2.0,0.5,0.5,0.5,0.5,0.5,0.0,0.0,0.0,0,1,1
Closure,105,buglocator,58.0,0.017241,0.017241,0.017241379310344827,0.017241379310344827,0.017241379310344827,3.7931034482796555e-07,3.7931034482796555e-07,3.7931034482796555e-07,0,0,0
Closure,105,locus,25.0,0.04,0.04,0.04,0.04,0.04,0.0,0.0,0.0,0,0,0
Closure,106,FlexFL,,0.0,0.0,0.0,0.0,0.0,0.0,0.0,0.0,0,0,0
Closure,106,boostnsift,313.0,0.003195,0.003195,0.003194888178913738,0.001597444089456869,0.003194888178913738,1.1182108626203724e-07,0.001597555910543131,1.1182108626203724e-07,0,0,0
Closure,106,buglocator,182.0,0.005495,0.005495,0.005494505494505495,0.0027472527472527475,0.005494505494505495,4.945054945049501e-07,0.0027477472527472524,4.945054945049501e-07,0,0,0
Closure,106,locus,256.0,0.003906,0.003906,0.00390625,0.001953125,0.00390625,2.4999999999981634e-07,0.0019528750000000002,2.4999999999981634e-07,0,0,0
Closure,107,FlexFL,,0.0,0.0,0.0,0.0,0.0,0.0,0.0,0.0,0,0,0
Closure,107,boostnsift,2.0,0.5,0.5,0.5,0.5,0.5,0.0,0.0,0.0,0,1,1
Closure,107,buglocator,2.0,0.5,0.5,0.5,0.5,0.5,0.0,0.0,0.0,0,1,1
Closure,107,locus,6.0,0.166667,0.166667,0.16666666666666666,0.16666666666666666,0.16666666666666666,3.333333333521704e-07,3.333333333521704e-07,3.333333333521704e-07,0,0,1
Closure,108,FlexFL,,0.0,0.0,0.0,0.0,0.0,0.0,0.0,0.0,0,0,0
Closure,108,boostnsift,7.0,0.142857,0.142857,0.14285714285714285,0.14285714285714285,0.14285714285714285,1.4285714283746032e-07,1.4285714283746032e-07,1.4285714283746032e-07,0,0,1
Closure,108,buglocator,1.0,1.0,1.0,1.0,1.0,1.0,0.0,0.0,0.0,1,1,1
Closure,108,locus,1.0,1.0,1.0,1.0,1.0,1.0,0.0,0.0,0.0,1,1,1
Closure,109,FlexFL,2.0,0.5,0.5,0.5,0.5,0.5,0.0,0.0,0.0,1,1,1
Closure,109,boostnsift,9.0,0.111111,0.111111,0.1111111111111111,0.1111111111111111,0.1111111111111111,1.1111111110351235e-07,1.1111111110351235e-07,1.1111111110351235e-07,0,0,1
Closure,109,buglocator,14.0,0.071429,0.071429,0.07142857142857142,0.07142857142857142,0.07142857142857142,4.285714285817699e-07,4.285714285817699e-07,4.285714285817699e-07,0,0,0
Closure,109,locus,19.0,0.052632,0.052632,0.05263157894736842,0.05263157894736842,0.05263157894736842,4.2105263158009887e-07,4.2105263158009887e-07,4.2105263158009887e-07,0,0,0
Closure,110,FlexFL,4.0,0.25,0.25,0.25,0.3472222222222222,0.25,0.0,0.09722222222222221,0.0,0,1,1
Closure,110,boostnsift,56.0,0.017857,0.017857,0.017857142857142856,0.008928571428571428,0.017857142857142856,1.4285714285480755e-07,0.008928428571428573,1.4285714285480755e-07,0,0,0
Closure,110,buglocator,32.0,0.03125,0.03125,0.03125,0.015625,0.03125,0.0,0.015625,0.0,0,0,0
Closure,110,locus,44.0,0.022727,0.022727,0.022727272727272728,0.011363636363636364,0.022727272727272728,2.727272727272301e-07,0.011363363636363637,2.727272727272301e-07,0,0,0
Closure,111,FlexFL,,0.0,0.0,0.0,0.0,0.0,0.0,0.0,0.0,0,0,0
Closure,111,boostnsift,43.0,0.023256,0.023256,0.023255813953488372,0.0,0.023255813953488372,1.8604651162712482e-07,0.023256,1.8604651162712482e-07,0,0,0
Closure,111,buglocator,212.0,0.004717,0.004717,0.0047169811320754715,0.0,0.0047169811320754715,1.8867924528320756e-08,0.004717,1.8867924528320756e-08,0,0,0
Closure,111,locus,392.0,0.002551,0.002551,0.002551020408163265,0.0,0.002551020408163265,2.0408163265220325e-08,0.002551,2.0408163265220325e-08,0,0,0
Closure,112,FlexFL,1.0,1.0,1.0,1.0,1.0,1.0,0.0,0.0,0.0,1,1,1
Closure,112,boostnsift,4.0,0.25,0.25,0.25,0.25,0.25,0.0,0.0,0.0,0,1,1
Closure,112,buglocator,27.0,0.037037,0.037037,0.037037037037037035,0.037037037037037035,0.037037037037037035,3.7037037034504117e-08,3.7037037034504117e-08,3.7037037034504117e-08,0,0,0
Closure,112,locus,8.0,0.125,0.125,0.125,0.125,0.125,0.0,0.0,0.0,0,0,1
Closure,113,FlexFL,1.0,1.0,1.0,1.0,1.0,1.0,0.0,0.0,0.0,1,1,1
Closure,113,boostnsift,1.0,1.0,1.0,1.0,1.0,1.0,0.0,0.0,0.0,1,1,1
Closure,113,buglocator,2.0,0.5,0.5,0.5,0.5,0.5,0.0,0.0,0.0,0,1,1
Closure,113,locus,2.0,0.5,0.5,0.5,0.5,0.5,0.0,0.0,0.0,0,1,1
Closure,114,FlexFL,,0.0,0.0,0.0,0.0,0.0,0.0,0.0,0.0,0,0,0
Closure,114,boostnsift,42.0,0.02381,0.02381,0.023809523809523808,0.023809523809523808,0.023809523809523808,4.761904761931002e-07,4.761904761931002e-07,4.761904761931002e-07,0,0,0
Closure,114,buglocator,26.0,0.038462,0.038462,0.038461538461538464,0.038461538461538464,0.038461538461538464,4.615384615394569e-07,4.615384615394569e-07,4.615384615394569e-07,0,0,0
Closure,114,locus,14.0,0.071429,0.071429,0.07142857142857142,0.07142857142857142,0.07142857142857142,4.285714285817699e-07,4.285714285817699e-07,4.285714285817699e-07,0,0,0
Closure,115,FlexFL,,0.0,0.0,0.0,0.0,0.0,0.0,0.0,0.0,0,0,0
Closure,115,boostnsift,19.0,0.052632,0.052632,0.05263157894736842,0.05263157894736842,0.05263157894736842,4.2105263158009887e-07,4.2105263158009887e-07,4.2105263158009887e-07,0,0,0
Closure,115,buglocator,14.0,0.071429,0.071429,0.07142857142857142,0.07142857142857142,0.07142857142857142,4.285714285817699e-07,4.285714285817699e-07,4.285714285817699e-07,0,0,0
Closure,115,locus,11.0,0.090909,0.090909,0.09090909090909091,0.09090909090909091,0.09090909090909091,9.090909090792021e-08,9.090909090792021e-08,9.090909090792021e-08,0,0,0
Closure,116,FlexFL,1.0,1.0,1.0,1.0,1.0,1.0,0.0,0.0,0.0,1,1,1
Closure,116,boostnsift,25.0,0.04,0.04,0.04,0.04,0.04,0.0,0.0,0.0,0,0,0
Closure,116,buglocator,17.0,0.058824,0.058824,0.058823529411764705,0.058823529411764705,0.058823529411764705,4.7058823529622096e-07,4.7058823529622096e-07,4.7058823529622096e-07,0,0,0
Closure,116,locus,9.0,0.111111,0.111111,0.1111111111111111,0.1111111111111111,0.1111111111111111,1.1111111110351235e-07,1.1111111110351235e-07,1.1111111110351235e-07,0,0,1
Closure,117,FlexFL,5.0,0.2,0.2,0.2,0.2,0.2,0.0,0.0,0.0,0,1,1
Closure,117,boostnsift,4.0,0.25,0.25,0.25,0.25,0.25,0.0,0.0,0.0,0,1,1
Closure,117,buglocator,15.0,0.066667,0.066667,0.06666666666666667,0.06666666666666667,0.06666666666666667,3.333333333382926e-07,3.333333333382926e-07,3.333333333382926e-07,0,0,0
Closure,117,locus,29.0,0.034483,0.034483,0.034482758620689655,0.034482758620689655,0.034482758620689655,2.41379310345069e-07,2.41379310345069e-07,2.41379310345069e-07,0,0,0
Closure,118,FlexFL,2.0,0.5,0.5,0.5,0.5,0.5,0.0,0.0,0.0,0,1,1
Closure,118,boostnsift,159.0,0.006289,0.006289,0.006289308176100629,0.006289308176100629,0.006289308176100629,3.081761006289499e-07,3.081761006289499e-07,3.081761006289499e-07,0,0,0
Closure,118,buglocator,13.0,0.076923,0.076923,0.07692307692307693,0.07692307692307693,0.07692307692307693,7.692307692208633e-08,7.692307692208633e-08,7.692307692208633e-08,0,0,0
Closure,118,locus,36.0,0.027778,0.027778,0.027777777777777776,0.027777777777777776,0.027777777777777776,2.2222222222437193e-07,2.2222222222437193e-07,2.2222222222437193e-07,0,0,0
Closure,119,FlexFL,,0.0,0.0,0.0,0.0,0.0,0.0,0.0,0.0,0,0,0
Closure,119,boostnsift,72.0,0.013889,0.013889,0.013888888888888888,0.013888888888888888,0.013888888888888888,1.1111111111218597e-07,1.1111111111218597e-07,1.1111111111218597e-07,0,0,0
Closure,119,buglocator,379.0,0.002639,0.002639,0.002638522427440633,0.002638522427440633,0.002638522427440633,4.775725593667013e-07,4.775725593667013e-07,4.775725593667013e-07,0,0,0
Closure,119,locus,258.0,0.003876,0.003876,0.003875968992248062,0.003875968992248062,0.003875968992248062,3.100775193814326e-08,3.100775193814326e-08,3.100775193814326e-08,0,0,0
Closure,120,FlexFL,,0.0,0.0,0.0,0.0,0.0,0.0,0.0,0.0,0,0,0
Closure,120,boostnsift,188.0,0.005319,0.005319,0.005319148936170213,0.005319148936170213,0.005319148936170213,1.4893617021269345e-07,1.4893617021269345e-07,1.4893617021269345e-07,0,0,0
Closure,120,buglocator,195.0,0.005128,0.005128,0.005128205128205128,0.005128205128205128,0.005128205128205128,2.0512820512845475e-07,2.0512820512845475e-07,2.0512820512845475e-07,0,0,0
Closure,120,locus,276.0,0.003623,0.003623,0.0036231884057971015,0.0036231884057971015,0.0036231884057971015,1.8840579710157485e-07,1.8840579710157485e-07,1.8840579710157485e-07,0,0,0
Closure,121,FlexFL,1.0,1.0,1.0,1.0,1.0,1.0,0.0,0.0,0.0,1,1,1
Closure,121,boostnsift,327.0,0.003058,0.003058,0.0030581039755351682,0.0030581039755351682,0.0030581039755351682,1.0397553516826655e-07,1.0397553516826655e-07,1.0397553516826655e-07,0,0,0
Closure,121,buglocator,53.0,0.018868,0.018868,0.018867924528301886,0.018867924528301886,0.018867924528301886,7.547169811328303e-08,7.547169811328303e-08,7.547169811328303e-08,0,0,0
Closure,121,locus,132.0,0.007576,0.007576,0.007575757575757576,0.007575757575757576,0.007575757575757576,2.424242424243009e-07,2.424242424243009e-07,2.424242424243009e-07,0,0,0
Closure,122,FlexFL,1.0,1.0,1.0,1.0,1.0,1.0,0.0,0.0,0.0,1,1,1
Closure,122,boostnsift,1.0,1.0,1.0,1.0,1.0,1.0,0.0,0.0,0.0,1,1,1
Closure,122,buglocator,1.0,1.0,1.0,1.0,1.0,1.0,0.0,0.0,0.0,1,1,1
Closure,122,locus,3.0,0.333333,0.333333,0.3333333333333333,0.3333333333333333,0.3333333333333333,3.3333333332441484e-07,3.3333333332441484e-07,3.3333333332441484e-07,0,1,1
Closure,123,FlexFL,4.0,0.25,0.25,0.25,0.25,0.25,0.0,0.0,0.0,0,1,1
Closure,123,boostnsift,22.0,0.045455,0.045455,0.045454545454545456,0.045454545454545456,0.045454545454545456,4.5454545454653994e-07,4.5454545454653994e-07,4.5454545454653994e-07,0,0,0
Closure,123,buglocator,80.0,0.0125,0.0125,0.0125,0.0125,0.0125,0.0,0.0,0.0,0,0,0
Closure,123,locus,39.0,0.025641,0.025641,0.02564102564102564,0.02564102564102564,0.02564102564102564,2.564102563953896e-08,2.564102563953896e-08,2.564102563953896e-08,0,0,0
Closure,124,FlexFL,1.0,1.0,1.0,1.0,1.0,1.0,0.0,0.0,0.0,1,1,1
Closure,124,boostnsift,102.0,0.009804,0.009804,0.00980392156862745,0.00980392156862745,0.00980392156862745,7.843137254937016e-08,7.843137254937016e-08,7.843137254937016e-08,0,0,0
Closure,124,buglocator,706.0,0.001416,0.001416,0.00141643059490085,0.00141643059490085,0.00141643059490085,4.305949008499843e-07,4.305949008499843e-07,4.305949008499843e-07,0,0,0
Closure,124,locus,262.0,0.003817,0.003817,0.003816793893129771,0.003816793893129771,0.003816793893129771,2.0610687022923693e-07,2.0610687022923693e-07,2.0610687022923693e-07,0,0,0
Closure,125,FlexFL,1.0,1.0,1.0,1.0,1.0,1.0,0.0,0.0,0.0,1,1,1
Closure,125,boostnsift,12.0,0.083333,0.083333,0.08333333333333333,0.08333333333333333,0.08333333333333333,3.3333333332441484e-07,3.3333333332441484e-07,3.3333333332441484e-07,0,0,0
Closure,125,buglocator,15.0,0.066667,0.066667,0.06666666666666667,0.06666666666666667,0.06666666666666667,3.333333333382926e-07,3.333333333382926e-07,3.333333333382926e-07,0,0,0
Closure,125,locus,4.0,0.25,0.25,0.25,0.25,0.25,0.0,0.0,0.0,0,1,1
Closure,126,FlexFL,3.0,0.3333333333333333,0.3333333333333333,0.3333333333333333,0.3333333333333333,0.3333333333333333,0.0,0.0,0.0,0,1,1
Closure,126,boostnsift,6.0,0.166667,0.166667,0.16666666666666666,0.16666666666666666,0.16666666666666666,3.333333333521704e-07,3.333333333521704e-07,3.333333333521704e-07,0,0,1
Closure,126,buglocator,5.0,0.2,0.2,0.2,0.2,0.2,0.0,0.0,0.0,0,1,1
Closure,126,locus,82.0,0.012195,0.012195,0.012195121951219513,0.012195121951219513,0.012195121951219513,1.2195121951337484e-07,1.2195121951337484e-07,1.2195121951337484e-07,0,0,0
Closure,127,FlexFL,4.0,0.25,0.25,0.25,0.25,0.25,0.0,0.0,0.0,0,1,1
Closure,127,boostnsift,183.0,0.005464,0.005464,0.00546448087431694,0.00546448087431694,0.00546448087431694,4.808743169397792e-07,4.808743169397792e-07,4.808743169397792e-07,0,0,0
Closure,127,buglocator,138.0,0.007246,0.007246,0.007246376811594203,0.007246376811594203,0.007246376811594203,3.768115942031497e-07,3.768115942031497e-07,3.768115942031497e-07,0,0,0
Closure,127,locus,132.0,0.007576,0.007576,0.007575757575757576,0.007575757575757576,0.007575757575757576,2.424242424243009e-07,2.424242424243009e-07,2.424242424243009e-07,0,0,0
Closure,128,FlexFL,,0.0,0.0,0.0,0.0,0.0,0.0,0.0,0.0,0,0,0
Closure,128,boostnsift,42.0,0.02381,0.02381,0.023809523809523808,0.023809523809523808,0.023809523809523808,4.761904761931002e-07,4.761904761931002e-07,4.761904761931002e-07,0,0,0
Closure,128,buglocator,114.0,0.008772,0.008772,0.008771929824561403,0.008771929824561403,0.008771929824561403,7.017543859726139e-08,7.017543859726139e-08,7.017543859726139e-08,0,0,0
Closure,128,locus,91.0,0.010989,0.010989,0.01098901098901099,0.01098901098901099,0.01098901098901099,1.0989010989365111e-08,1.0989010989365111e-08,1.0989010989365111e-08,0,0,0
Closure,129,FlexFL,,0.0,0.0,0.0,0.0,0.0,0.0,0.0,0.0,0,0,0
Closure,129,boostnsift,322.0,0.003106,0.003106,0.003105590062111801,0.003105590062111801,0.003105590062111801,4.0993788819878793e-07,4.0993788819878793e-07,4.0993788819878793e-07,0,0,0
Closure,129,buglocator,183.0,0.005464,0.005464,0.00546448087431694,0.00546448087431694,0.00546448087431694,4.808743169397792e-07,4.808743169397792e-07,4.808743169397792e-07,0,0,0
Closure,129,locus,108.0,0.009259,0.009259,0.009259259259259259,0.009259259259259259,0.009259259259259259,2.5925925925887605e-07,2.5925925925887605e-07,2.5925925925887605e-07,0,0,0
Closure,130,FlexFL,2.0,0.5,0.5,0.5,0.5,0.5,0.0,0.0,0.0,0,1,1
Closure,130,boostnsift,4.0,0.25,0.25,0.25,0.25,0.25,0.0,0.0,0.0,0,1,1
Closure,130,buglocator,37.0,0.027027,0.027027,0.02702702702702703,0.02702702702702703,0.02702702702702703,2.7027027029585815e-08,2.7027027029585815e-08,2.7027027029585815e-08,0,0,0
Closure,130,locus,42.0,0.02381,0.02381,0.023809523809523808,0.023809523809523808,0.023809523809523808,4.761904761931002e-07,4.761904761931002e-07,4.761904761931002e-07,0,0,0
Closure,131,FlexFL,,0.0,0.0,0.0,0.0,0.0,0.0,0.0,0.0,0,0,0
Closure,131,boostnsift,34.0,0.029412,0.029412,0.029411764705882353,0.029411764705882353,0.029411764705882353,2.3529411764811048e-07,2.3529411764811048e-07,2.3529411764811048e-07,0,0,0
Closure,131,buglocator,112.0,0.008929,0.008929,0.008928571428571428,0.008928571428571428,0.008928571428571428,4.2857142857136155e-07,4.2857142857136155e-07,4.2857142857136155e-07,0,0,0
Closure,131,locus,39.0,0.025641,0.025641,0.02564102564102564,0.02564102564102564,0.02564102564102564,2.564102563953896e-08,2.564102563953896e-08,2.564102563953896e-08,0,0,0
Closure,132,FlexFL,,0.0,0.0,0.0,0.0,0.0,0.0,0.0,0.0,0,0,0
Closure,132,boostnsift,61.0,0.016393,0.016393,0.01639344262295082,0.01639344262295082,0.01639344262295082,4.426229508192048e-07,4.426229508192048e-07,4.426229508192048e-07,0,0,0
Closure,132,buglocator,103.0,0.009709,0.009709,0.009708737864077669,0.009708737864077669,0.009708737864077669,2.6213592233155503e-07,2.6213592233155503e-07,2.6213592233155503e-07,0,0,0
Closure,132,locus,100.0,0.01,0.01,0.01,0.01,0.01,0.0,0.0,0.0,0,0,0
Closure,133,boostnsift,8.0,0.125,0.125,0.125,0.125,0.125,0.0,0.0,0.0,0,0,1
Closure,133,buglocator,4.0,0.25,0.25,0.25,0.25,0.25,0.0,0.0,0.0,0,1,1
Closure,133,locus,2.0,0.5,0.5,0.5,0.5,0.5,0.0,0.0,0.0,0,1,1
Closure,134,FlexFL,,0.0,0.0,0.0,0.0,0.0,0.0,0.0,0.0,0,0,0
Closure,134,boostnsift,180.0,0.005556,0.005556,0.005555555555555556,0.001388888888888889,0.005555555555555556,4.4444444444440706e-07,0.004167111111111111,4.4444444444440706e-07,0,0,0
Closure,134,buglocator,5.0,0.2,0.2,0.2,0.30000000000000004,0.2,0.0,0.10000000000000003,0.0,0,1,1
Closure,134,locus,23.0,0.043478,0.043478,0.043478260869565216,0.010869565217391304,0.043478260869565216,2.608695652134285e-07,0.0326084347826087,2.608695652134285e-07,0,0,0
Closure,135,FlexFL,3.0,0.3333333333333333,0.3333333333333333,0.3333333333333333,0.41666666666666663,0.3333333333333333,0.0,0.08333333333333331,0.0,0,1,1
Closure,135,boostnsift,19.0,0.052632,0.052632,0.05263157894736842,0.02631578947368421,0.05263157894736842,4.2105263158009887e-07,0.02631621052631579,4.2105263158009887e-07,0,0,0
Closure,135,buglocator,81.0,0.012346,0.012346,0.012345679012345678,0.006172839506172839,0.012345679012345678,3.2098765432100884e-07,0.00617316049382716,3.2098765432100884e-07,0,0,0
Closure,135,locus,115.0,0.008696,0.008696,0.008695652173913044,0.004347826086956522,0.008695652173913044,3.4782608695702044e-07,0.004348173913043479,3.4782608695702044e-07,0,0,0
Closure,136,FlexFL,,0.0,0.0,0.0,0.0,0.0,0.0,0.0,0.0,0,0,0
Closure,136,boostnsift,,0.0,0.0,0.0,0.0,0.0,0.0,0.0,0.0,0,0,0
Closure,136,buglocator,146.0,0.006849,0.006849,0.00684931506849315,0.003424657534246575,0.00684931506849315,3.150684931502515e-07,0.003424342465753425,3.150684931502515e-07,0,0,0
Closure,136,locus,141.0,0.007092,0.007092,0.0070921985815602835,0.0035460992907801418,0.0070921985815602835,1.9858156028330215e-07,0.0035459007092198585,1.9858156028330215e-07,0,0,0
Closure,137,FlexFL,,0.0,0.0,0.0,0.0,0.0,0.0,0.0,0.0,0,0,0
Closure,137,boostnsift,252.0,0.003968,0.003968,0.003968253968253968,0.000992063492063492,0.003968253968253968,2.539682539678609e-07,0.002975936507936508,2.539682539678609e-07,0,0,0
Closure,137,buglocator,118.0,0.008475,0.008475,0.00847457627118644,0.00211864406779661,0.00847457627118644,4.2372881355924596e-07,0.00635635593220339,4.2372881355924596e-07,0,0,0
Closure,137,locus,47.0,0.021277,0.021277,0.02127659574468085,0.005319148936170213,0.02127659574468085,4.042553191502263e-07,0.015957851063829787,4.042553191502263e-07,0,0,0
Closure,138,FlexFL,2.0,0.5,0.5,0.5,0.5357142857142857,0.5,0.0,0.0357142857142857,0.0,0,1,1
Closure,138,boostnsift,75.0,0.013333,0.013333,0.013333333333333334,0.006666666666666667,0.013333333333333334,3.333333333348232e-07,0.006666333333333332,3.333333333348232e-07,0,0,0
Closure,138,buglocator,25.0,0.04,0.04,0.04,0.02,0.04,0.0,0.02,0.0,0,0,0
Closure,138,locus,107.0,0.009346,0.009346,0.009345794392523364,0.004672897196261682,0.009345794392523364,2.0560747663635193e-07,0.004673102803738318,2.0560747663635193e-07,0,0,0
Closure,139,FlexFL,,0.0,0.0,0.0,0.0,0.0,0.0,0.0,0.0,0,0,0
Closure,139,boostnsift,84.0,0.011905,0.011905,0.011904761904761904,0.005952380952380952,0.011904761904761904,2.380952380965501e-07,0.005952619047619049,2.380952380965501e-07,0,0,0
Closure,139,buglocator,83.0,0.012048,0.012048,0.012048192771084338,0.006024096385542169,0.012048192771084338,1.927710843382946e-07,0.006023903614457831,1.927710843382946e-07,0,0,0
Closure,139,locus,35.0,0.028571,0.028571,0.02857142857142857,0.014285714285714285,0.02857142857142857,4.2857142857136155e-07,0.014285285714285714,4.2857142857136155e-07,0,0,0
Closure,140,FlexFL,3.0,0.3333333333333333,0.1666666666666666,0.3333333333333333,0.3333333333333333,0.3333333333333333,0.1666666666666667,0.1666666666666667,0.1666666666666667,0,1,1
Closure,140,boostnsift,4.0,0.25,0.25,0.25,0.25,0.25,0.0,0.0,0.0,0,1,1
Closure,140,buglocator,13.0,0.076923,0.076923,0.07692307692307693,0.07692307692307693,0.07692307692307693,7.692307692208633e-08,7.692307692208633e-08,7.692307692208633e-08,0,0,0
Closure,140,locus,44.0,0.022727,0.022727,0.022727272727272728,0.022727272727272728,0.022727272727272728,2.727272727272301e-07,2.727272727272301e-07,2.727272727272301e-07,0,0,0
Closure,141,FlexFL,1.0,1.0,1.0,1.0,1.0,1.0,0.0,0.0,0.0,1,1,1
Closure,141,boostnsift,1.0,1.0,1.0,1.0,1.0,1.0,0.0,0.0,0.0,1,1,1
Closure,141,buglocator,16.0,0.0625,0.0625,0.0625,0.03125,0.0625,0.0,0.03125,0.0,0,0,0
Closure,141,locus,13.0,0.076923,0.076923,0.07692307692307693,0.038461538461538464,0.07692307692307693,7.692307692208633e-08,0.03846146153846154,7.692307692208633e-08,0,0,0
Closure,142,FlexFL,,0.0,0.0,0.0,0.0,0.0,0.0,0.0,0.0,0,0,0
Closure,142,boostnsift,174.0,0.005747,0.005747,0.005747126436781609,0.0028735632183908046,0.005747126436781609,1.264367816087436e-07,0.002873436781609196,1.264367816087436e-07,0,0,0
Closure,142,buglocator,30.0,0.033333,0.033333,0.03333333333333333,0.016666666666666666,0.03333333333333333,3.3333333333135373e-07,0.016666333333333335,3.3333333333135373e-07,0,0,0
Closure,142,locus,44.0,0.022727,0.022727,0.022727272727272728,0.011363636363636364,0.022727272727272728,2.727272727272301e-07,0.011363363636363637,2.727272727272301e-07,0,0,0
Closure,143,FlexFL,1.0,1.0,1.0,1.0,1.0,1.0,0.0,0.0,0.0,1,1,1
Closure,143,boostnsift,392.0,0.002551,0.002551,0.002551020408163265,0.0012755102040816326,0.002551020408163265,2.0408163265220325e-08,0.0012754897959183673,2.0408163265220325e-08,0,0,0
Closure,143,buglocator,445.0,0.002247,0.002247,0.0022471910112359553,0.0011235955056179776,0.0022471910112359553,1.9101123595538852e-07,0.0011234044943820222,1.9101123595538852e-07,0,0,0
Closure,143,locus,437.0,0.002288,0.002288,0.002288329519450801,0.0011441647597254005,0.002288329519450801,3.2951945080081715e-07,0.0011438352402745996,3.2951945080081715e-07,0,0,0
Closure,144,FlexFL,3.0,0.3333333333333333,0.3333333333333333,0.3333333333333333,0.41666666666666663,0.3333333333333333,0.0,0.08333333333333331,0.0,0,1,1
Closure,144,boostnsift,168.0,0.005952,0.005952,0.005952380952380952,0.001984126984126984,0.005952380952380952,3.80952380952225e-07,0.003967873015873016,3.80952380952225e-07,0,0,0
Closure,144,buglocator,307.0,0.003257,0.003257,0.003257328990228013,0.0010857763300760044,0.003257328990228013,3.289902280132623e-07,0.0021712236699239955,3.289902280132623e-07,0,0,0
Closure,144,locus,,0.0,0.0,0.0,0.0,0.0,0.0,0.0,0.0,0,0,0
Closure,145,FlexFL,3.0,0.3333333333333333,0.3333333333333333,0.3333333333333333,0.3333333333333333,0.3333333333333333,0.0,0.0,0.0,0,1,1
Closure,145,boostnsift,20.0,0.05,0.05,0.05,0.05,0.05,0.0,0.0,0.0,0,0,0
Closure,145,buglocator,93.0,0.010753,0.010753,0.010752688172043012,0.010752688172043012,0.010752688172043012,3.118279569887944e-07,3.118279569887944e-07,3.118279569887944e-07,0,0,0
Closure,145,locus,27.0,0.037037,0.037037,0.037037037037037035,0.037037037037037035,0.037037037037037035,3.7037037034504117e-08,3.7037037034504117e-08,3.7037037034504117e-08,0,0,0
Closure,146,FlexFL,4.0,0.25,0.25,0.25,0.25,0.25,0.0,0.0,0.0,0,1,1
Closure,146,boostnsift,28.0,0.035714,0.035714,0.03571428571428571,0.03571428571428571,0.03571428571428571,2.857142857096151e-07,2.857142857096151e-07,2.857142857096151e-07,0,0,0
Closure,146,buglocator,23.0,0.043478,0.043478,0.043478260869565216,0.043478260869565216,0.043478260869565216,2.608695652134285e-07,2.608695652134285e-07,2.608695652134285e-07,0,0,0
Closure,146,locus,126.0,0.007937,0.007937,0.007936507936507936,0.007936507936507936,0.007936507936507936,4.920634920635436e-07,4.920634920635436e-07,4.920634920635436e-07,0,0,0
Closure,147,FlexFL,1.0,1.0,1.0,1.0,1.0,1.0,0.0,0.0,0.0,1,1,1
Closure,147,boostnsift,143.0,0.006993,0.006993,0.006993006993006993,0.0034965034965034965,0.006993006993006993,6.993006992916939e-09,0.0034964965034965036,6.993006992916939e-09,0,0,0
Closure,147,buglocator,94.0,0.010638,0.010638,0.010638297872340425,0.005319148936170213,0.010638297872340425,2.978723404253869e-07,0.005318851063829787,2.978723404253869e-07,0,0,0
Closure,147,locus,6.0,0.166667,0.166667,0.16666666666666666,0.08333333333333333,0.16666666666666666,3.333333333521704e-07,0.08333366666666668,3.333333333521704e-07,0,0,1
Closure,148,FlexFL,,0.0,0.0,0.0,0.0,0.0,0.0,0.0,0.0,0,0,0
Closure,148,boostnsift,39.0,0.025641,0.025641,0.02564102564102564,0.00641025641025641,0.02564102564102564,2.564102563953896e-08,0.01923074358974359,2.564102563953896e-08,0,0,0
Closure,148,buglocator,59.0,0.016949,0.016949,0.01694915254237288,0.00423728813559322,0.01694915254237288,1.5254237288250816e-07,0.01271171186440678,1.5254237288250816e-07,0,0,0
Closure,148,locus,136.0,0.007353,0.007353,0.007352941176470588,0.001838235294117647,0.007352941176470588,5.882352941202762e-08,0.005514764705882353,5.882352941202762e-08,0,0,0
Closure,149,FlexFL,5.0,0.2,0.05,0.2,0.30000000000000004,0.2,0.15000000000000002,0.25000000000000006,0.15000000000000002,0,1,1
Closure,149,boostnsift,12.0,0.083333,0.083333,0.08333333333333333,0.027777777777777776,0.08333333333333333,3.3333333332441484e-07,0.05555522222222223,3.3333333332441484e-07,0,0,0
Closure,149,buglocator,8.0,0.125,0.125,0.125,0.041666666666666664,0.125,0.0,0.08333333333333334,0.0,0,0,1
Closure,149,locus,6.0,0.166667,0.166667,0.16666666666666666,0.05555555555555555,0.16666666666666666,3.333333333521704e-07,0.11111144444444446,3.333333333521704e-07,0,0,1
Closure,150,FlexFL,,0.0,0.0,0.0,0.0,0.0,0.0,0.0,0.0,0,0,0
Closure,150,boostnsift,94.0,0.010638,0.010638,0.010638297872340425,0.010638297872340425,0.010638297872340425,2.978723404253869e-07,2.978723404253869e-07,2.978723404253869e-07,0,0,0
Closure,150,buglocator,6.0,0.166667,0.166667,0.16666666666666666,0.16666666666666666,0.16666666666666666,3.333333333521704e-07,3.333333333521704e-07,3.333333333521704e-07,0,0,1
Closure,150,locus,11.0,0.090909,0.090909,0.09090909090909091,0.09090909090909091,0.09090909090909091,9.090909090792021e-08,9.090909090792021e-08,9.090909090792021e-08,0,0,0
Closure,151,FlexFL,1.0,1.0,1.0,1.0,1.0,1.0,0.0,0.0,0.0,1,1,1
Closure,151,boostnsift,27.0,0.037037,0.037037,0.037037037037037035,0.037037037037037035,0.037037037037037035,3.7037037034504117e-08,3.7037037034504117e-08,3.7037037034504117e-08,0,0,0
Closure,151,buglocator,12.0,0.083333,0.083333,0.08333333333333333,0.08333333333333333,0.08333333333333333,3.3333333332441484e-07,3.3333333332441484e-07,3.3333333332441484e-07,0,0,0
Closure,151,locus,,0.0,0.0,0.0,0.0,0.0,0.0,0.0,0.0,0,0,0
Closure,152,FlexFL,1.0,1.0,1.0,1.0,1.0,1.0,0.0,0.0,0.0,1,1,1
Closure,152,boostnsift,49.0,0.020408,0.020408,0.02040816326530612,0.02040816326530612,0.02040816326530612,1.632653061217626e-07,1.632653061217626e-07,1.632653061217626e-07,0,0,0
Closure,152,buglocator,24.0,0.041667,0.041667,0.041666666666666664,0.041666666666666664,0.041666666666666664,3.333333333382926e-07,3.333333333382926e-07,3.333333333382926e-07,0,0,0
Closure,152,locus,15.0,0.066667,0.066667,0.06666666666666667,0.06666666666666667,0.06666666666666667,3.333333333382926e-07,3.333333333382926e-07,3.333333333382926e-07,0,0,0
Closure,153,FlexFL,,0.0,0.0,0.0,0.0,0.0,0.0,0.0,0.0,0,0,0
Closure,153,boostnsift,88.0,0.011364,0.011364,0.011363636363636364,0.003787878787878788,0.011363636363636364,3.63636363636885e-07,0.007576121212121213,3.63636363636885e-07,0,0,0
Closure,153,buglocator,302.0,0.003311,0.003311,0.0033112582781456954,0.0011037527593818985,0.0033112582781456954,2.5827814569522045e-07,0.0022072472406181017,2.5827814569522045e-07,0,0,0
Closure,153,locus,23.0,0.043478,0.043478,0.043478260869565216,0.014492753623188404,0.043478260869565216,2.608695652134285e-07,0.0289852463768116,2.608695652134285e-07,0,0,0
Closure,154,FlexFL,1.0,1.0,1.0,1.0,1.0,1.0,0.0,0.0,0.0,1,1,1
Closure,154,boostnsift,8.0,0.125,0.125,0.125,0.0625,0.125,0.0,0.0625,0.0,0,0,1
Closure,154,buglocator,21.0,0.047619,0.047619,0.047619047619047616,0.023809523809523808,0.047619047619047616,4.7619047614799737e-08,0.023809476190476193,4.7619047614799737e-08,0,0,0
Closure,154,locus,5.0,0.2,0.2,0.2,0.30000000000000004,0.2,0.0,0.10000000000000003,0.0,0,1,1
Closure,155,FlexFL,3.0,0.3333333333333333,0.3333333333333333,0.3333333333333333,0.41666666666666663,0.3333333333333333,0.0,0.08333333333333331,0.0,0,1,1
Closure,155,boostnsift,356.0,0.002809,0.002809,0.0028089887640449437,0.0014044943820224719,0.0028089887640449437,1.1235955056122793e-08,0.001404505617977528,1.1235955056122793e-08,0,0,0
Closure,155,buglocator,121.0,0.008264,0.008264,0.008264462809917356,0.004132231404958678,0.008264462809917356,4.6280991735508925e-07,0.004131768595041323,4.6280991735508925e-07,0,0,0
Closure,155,locus,103.0,0.009709,0.009709,0.009708737864077669,0.0048543689320388345,0.009708737864077669,2.6213592233155503e-07,0.004854631067961166,2.6213592233155503e-07,0,0,0
Closure,156,FlexFL,,0.0,0.0,0.0,0.0,0.0,0.0,0.0,0.0,0,0,0
Closure,156,boostnsift,77.0,0.012987,0.012987,0.012987012987012988,0.012987012987012988,0.012987012987012988,1.2987012987589197e-08,1.2987012987589197e-08,1.2987012987589197e-08,0,0,0
Closure,156,buglocator,15.0,0.066667,0.066667,0.06666666666666667,0.06666666666666667,0.06666666666666667,3.333333333382926e-07,3.333333333382926e-07,3.333333333382926e-07,0,0,0
Closure,156,locus,51.0,0.019608,0.019608,0.0196078431372549,0.0196078431372549,0.0196078431372549,1.5686274509874032e-07,1.5686274509874032e-07,1.5686274509874032e-07,0,0,0
Closure,157,FlexFL,,0.0,0.0,0.0,0.0,0.0,0.0,0.0,0.0,0,0,0
Closure,157,boostnsift,72.0,0.013889,0.013889,0.013888888888888888,0.004629629629629629,0.013888888888888888,1.1111111111218597e-07,0.009259370370370371,1.1111111111218597e-07,0,0,0
Closure,157,buglocator,144.0,0.006944,0.006944,0.006944444444444444,0.0023148148148148147,0.006944444444444444,4.4444444444440706e-07,0.004629185185185185,4.4444444444440706e-07,0,0,0
Closure,157,locus,53.0,0.018868,0.018868,0.018867924528301886,0.006289308176100628,0.018867924528301886,7.547169811328303e-08,0.012578691823899372,7.547169811328303e-08,0,0,0
Closure,158,FlexFL,2.0,0.5,0.1666666666666666,0.5,0.5357142857142857,0.5,0.33333333333333337,0.36904761904761907,0.33333333333333337,1,1,1
Closure,158,boostnsift,1.0,1.0,1.0,1.0,1.0,1.0,0.0,0.0,0.0,1,1,1
Closure,158,buglocator,8.0,0.125,0.125,0.125,0.03125,0.125,0.0,0.09375,0.0,0,0,1
Closure,158,locus,82.0,0.012195,0.012195,0.012195121951219513,0.003048780487804878,0.012195121951219513,1.2195121951337484e-07,0.00914621951219512,1.2195121951337484e-07,0,0,0
Closure,159,FlexFL,,0.0,0.0,0.0,0.0,0.0,0.0,0.0,0.0,0,0,0
Closure,159,boostnsift,28.0,0.035714,0.035714,0.03571428571428571,0.03571428571428571,0.03571428571428571,2.857142857096151e-07,2.857142857096151e-07,2.857142857096151e-07,0,0,0
Closure,159,buglocator,15.0,0.066667,0.066667,0.06666666666666667,0.06666666666666667,0.06666666666666667,3.333333333382926e-07,3.333333333382926e-07,3.333333333382926e-07,0,0,0
Closure,159,locus,43.0,0.023256,0.023256,0.023255813953488372,0.023255813953488372,0.023255813953488372,1.8604651162712482e-07,1.8604651162712482e-07,1.8604651162712482e-07,0,0,0
Closure,160,FlexFL,,0.0,0.0,0.0,0.0,0.0,0.0,0.0,0.0,0,0,0
Closure,160,boostnsift,2.0,0.5,0.5,0.5,0.5,0.5,0.0,0.0,0.0,0,1,1
Closure,160,buglocator,11.0,0.090909,0.090909,0.09090909090909091,0.09090909090909091,0.09090909090909091,9.090909090792021e-08,9.090909090792021e-08,9.090909090792021e-08,0,0,0
Closure,160,locus,35.0,0.028571,0.028571,0.02857142857142857,0.02857142857142857,0.02857142857142857,4.2857142857136155e-07,4.2857142857136155e-07,4.2857142857136155e-07,0,0,0
Closure,161,FlexFL,1.0,1.0,1.0,1.0,1.0,1.0,0.0,0.0,0.0,1,1,1
Closure,161,boostnsift,1.0,1.0,1.0,1.0,1.0,1.0,0.0,0.0,0.0,1,1,1
Closure,161,buglocator,15.0,0.066667,0.066667,0.06666666666666667,0.06666666666666667,0.06666666666666667,3.333333333382926e-07,3.333333333382926e-07,3.333333333382926e-07,0,0,0
Closure,161,locus,18.0,0.055556,0.055556,0.05555555555555555,0.05555555555555555,0.05555555555555555,4.4444444444874387e-07,4.4444444444874387e-07,4.4444444444874387e-07,0,0,0
Closure,162,FlexFL,2.0,0.5,0.5,0.5,0.5,0.5,0.0,0.0,0.0,0,1,1
Closure,162,boostnsift,199.0,0.005025,0.005025,0.005025125628140704,0.005025125628140704,0.005025125628140704,1.2562814070363887e-07,1.2562814070363887e-07,1.2562814070363887e-07,0,0,0
Closure,162,buglocator,229.0,0.004367,0.004367,0.004366812227074236,0.004366812227074236,0.004366812227074236,1.8777292576464127e-07,1.8777292576464127e-07,1.8777292576464127e-07,0,0,0
Closure,162,locus,74.0,0.013514,0.013514,0.013513513513513514,0.013513513513513514,0.013513513513513514,4.864864864857071e-07,4.864864864857071e-07,4.864864864857071e-07,0,0,0
Closure,163,FlexFL,,0.0,0.0,0.0,0.0,0.0,0.0,0.0,0.0,0,0,0
Closure,163,boostnsift,162.0,0.006173,0.006173,0.006172839506172839,0.0010288065843621398,0.006172839506172839,1.6049382716050442e-07,0.00514419341563786,1.6049382716050442e-07,0,0,0
Closure,163,buglocator,102.0,0.009804,0.009804,0.00980392156862745,0.001633986928104575,0.00980392156862745,7.843137254937016e-08,0.008170013071895426,7.843137254937016e-08,0,0,0
Closure,163,locus,242.0,0.004132,0.004132,0.004132231404958678,0.0006887052341597796,0.004132231404958678,2.3140495867754463e-07,0.0034432947658402206,2.3140495867754463e-07,0,0,0
Closure,164,FlexFL,4.0,0.25,0.25,0.25,0.25,0.25,0.0,0.0,0.0,0,1,1
Closure,164,boostnsift,3.0,0.333333,0.333333,0.3333333333333333,0.3333333333333333,0.3333333333333333,3.3333333332441484e-07,3.3333333332441484e-07,3.3333333332441484e-07,0,1,1
Closure,164,buglocator,512.0,0.001953,0.001953,0.001953125,0.001953125,0.001953125,1.2499999999990817e-07,1.2499999999990817e-07,1.2499999999990817e-07,0,0,0
Closure,164,locus,122.0,0.008197,0.008197,0.00819672131147541,0.00819672131147541,0.00819672131147541,2.7868852458916293e-07,2.7868852458916293e-07,2.7868852458916293e-07,0,0,0
Closure,165,FlexFL,1.0,1.0,0.25,1.0,1.0,1.0,0.75,0.75,0.75,1,1,1
Closure,165,boostnsift,3.0,0.333333,0.333333,0.3333333333333333,0.41666666666666663,0.3333333333333333,3.3333333332441484e-07,0.08333366666666664,3.3333333332441484e-07,0,1,1
Closure,165,buglocator,18.0,0.055556,0.055556,0.05555555555555555,0.018518518518518517,0.05555555555555555,4.4444444444874387e-07,0.037037481481481484,4.4444444444874387e-07,0,0,0
Closure,165,locus,24.0,0.041667,0.041667,0.041666666666666664,0.013888888888888888,0.041666666666666664,3.333333333382926e-07,0.027778111111111115,3.333333333382926e-07,0,0,0
Closure,166,FlexFL,2.0,0.5,0.5,0.5,0.5,0.5,0.0,0.0,0.0,0,1,1
Closure,166,boostnsift,7.0,0.142857,0.142857,0.14285714285714285,0.14285714285714285,0.14285714285714285,1.4285714283746032e-07,1.4285714283746032e-07,1.4285714283746032e-07,0,0,1
Closure,166,buglocator,45.0,0.022222,0.022222,0.022222222222222223,0.022222222222222223,0.022222222222222223,2.2222222222437193e-07,2.2222222222437193e-07,2.2222222222437193e-07,0,0,0
Closure,166,locus,19.0,0.052632,0.052632,0.05263157894736842,0.05263157894736842,0.05263157894736842,4.2105263158009887e-07,4.2105263158009887e-07,4.2105263158009887e-07,0,0,0
Closure,167,FlexFL,,0.0,0.0,0.0,0.0,0.0,0.0,0.0,0.0,0,0,0
Closure,167,boostnsift,414.0,0.002415,0.002415,0.0024154589371980675,0.0012077294685990338,0.0024154589371980675,4.589371980674717e-07,0.0012072705314009663,4.589371980674717e-07,0,0,0
Closure,167,buglocator,638.0,0.001567,0.001567,0.001567398119122257,0.0007836990595611285,0.001567398119122257,3.9811912225695863e-07,0.0007833009404388715,3.9811912225695863e-07,0,0,0
Closure,167,locus,716.0,0.001397,0.001397,0.0013966480446927375,0.0006983240223463687,0.0013966480446927375,3.519553072625463e-07,0.0006986759776536313,3.519553072625463e-07,0,0,0
Closure,168,FlexFL,,0.0,0.0,0.0,0.0,0.0,0.0,0.0,0.0,0,0,0
Closure,168,boostnsift,30.0,0.033333,0.033333,0.03333333333333333,0.03333333333333333,0.03333333333333333,3.3333333333135373e-07,3.3333333333135373e-07,3.3333333333135373e-07,0,0,0
Closure,168,buglocator,2.0,0.5,0.5,0.5,0.5,0.5,0.0,0.0,0.0,0,1,1
Closure,168,locus,18.0,0.055556,0.055556,0.05555555555555555,0.05555555555555555,0.05555555555555555,4.4444444444874387e-07,4.4444444444874387e-07,4.4444444444874387e-07,0,0,0
Closure,169,FlexFL,1.0,1.0,1.0,1.0,1.0,1.0,0.0,0.0,0.0,1,1,1
Closure,169,boostnsift,108.0,0.009259,0.009259,0.009259259259259259,0.001851851851851852,0.009259259259259259,2.5925925925887605e-07,0.007407148148148148,2.5925925925887605e-07,0,0,0
Closure,169,buglocator,162.0,0.006173,0.006173,0.006172839506172839,0.0012345679012345679,0.006172839506172839,1.6049382716050442e-07,0.004938432098765432,1.6049382716050442e-07,0,0,0
Closure,169,locus,140.0,0.007143,0.007143,0.007142857142857143,0.0014285714285714286,0.007142857142857143,1.4285714285740964e-07,0.005714428571428572,1.4285714285740964e-07,0,0,0
Closure,170,FlexFL,,0.0,0.0,0.0,0.0,0.0,0.0,0.0,0.0,0,0,0
Closure,170,boostnsift,510.0,0.001961,0.001961,0.00196078431372549,0.00196078431372549,0.00196078431372549,2.1568627450990058e-07,2.1568627450990058e-07,2.1568627450990058e-07,0,0,0
Closure,170,buglocator,632.0,0.001582,0.001582,0.0015822784810126582,0.0015822784810126582,0.0015822784810126582,2.784810126581303e-07,2.784810126581303e-07,2.784810126581303e-07,0,0,0
Closure,170,locus,399.0,0.002506,0.002506,0.002506265664160401,0.002506265664160401,0.002506265664160401,2.6566416040088234e-07,2.6566416040088234e-07,2.6566416040088234e-07,0,0,0
Closure,171,FlexFL,,0.0,0.0,0.0,0.0,0.0,0.0,0.0,0.0,0,0,0
Closure,171,boostnsift,20.0,0.05,0.05,0.05,0.025,0.05,0.0,0.025,0.0,0,0,0
Closure,171,buglocator,154.0,0.006494,0.006494,0.006493506493506494,0.003246753246753247,0.006493506493506494,4.935064935058381e-07,0.003247246753246753,4.935064935058381e-07,0,0,0
Closure,171,locus,20.0,0.05,0.05,0.05,0.025,0.05,0.0,0.025,0.0,0,0,0
Closure,172,FlexFL,,0.0,0.0,0.0,0.0,0.0,0.0,0.0,0.0,0,0,0
Closure,172,boostnsift,38.0,0.026316,0.026316,0.02631578947368421,0.02631578947368421,0.02631578947368421,2.1052631579004943e-07,2.1052631579004943e-07,2.1052631579004943e-07,0,0,0
Closure,172,buglocator,2.0,0.5,0.5,0.5,0.5,0.5,0.0,0.0,0.0,0,1,1
Closure,172,locus,6.0,0.166667,0.166667,0.16666666666666666,0.16666666666666666,0.16666666666666666,3.333333333521704e-07,3.333333333521704e-07,3.333333333521704e-07,0,0,1
Closure,173,FlexFL,1.0,1.0,1.0,1.0,1.0,1.0,0.0,0.0,0.0,1,1,1
Closure,173,boostnsift,1.0,1.0,1.0,1.0,1.0,1.0,0.0,0.0,0.0,1,1,1
Closure,173,buglocator,2.0,0.5,0.5,0.5,0.5357142857142857,0.5,0.0,0.0357142857142857,0.0,0,1,1
Closure,173,locus,7.0,0.142857,0.142857,0.14285714285714285,0.07142857142857142,0.14285714285714285,1.4285714283746032e-07,0.07142842857142859,1.4285714283746032e-07,0,0,1
Closure,174,FlexFL,1.0,1.0,0.3333333333333333,1.0,1.0,1.0,0.6666666666666667,0.6666666666666667,0.6666666666666667,1,1,1
Closure,174,boostnsift,119.0,0.008403,0.008403,0.008403361344537815,0.0028011204481792713,0.008403361344537815,3.613445378140151e-07,0.0056018795518207294,3.613445378140151e-07,0,0,0
Closure,174,buglocator,289.0,0.00346,0.00346,0.0034602076124567475,0.0011534025374855825,0.0034602076124567475,2.0761245674754195e-07,0.0023065974625144175,2.0761245674754195e-07,0,0,0
Closure,174,locus,29.0,0.034483,0.034483,0.034482758620689655,0.011494252873563218,0.034482758620689655,2.41379310345069e-07,0.02298874712643678,2.41379310345069e-07,0,0,0
Closure,175,FlexFL,2.0,0.5,0.5,0.5,0.5,0.5,0.0,0.0,0.0,0,1,1
Closure,175,boostnsift,23.0,0.043478,0.043478,0.043478260869565216,0.043478260869565216,0.043478260869565216,2.608695652134285e-07,2.608695652134285e-07,2.608695652134285e-07,0,0,0
Closure,175,buglocator,16.0,0.0625,0.0625,0.0625,0.0625,0.0625,0.0,0.0,0.0,0,0,0
Closure,175,locus,9.0,0.111111,0.111111,0.1111111111111111,0.1111111111111111,0.1111111111111111,1.1111111110351235e-07,1.1111111110351235e-07,1.1111111110351235e-07,0,0,1
Closure,176,FlexFL,2.0,0.5,0.5,0.5,0.5,0.5,0.0,0.0,0.0,0,1,1
Closure,176,boostnsift,11.0,0.090909,0.090909,0.09090909090909091,0.09090909090909091,0.09090909090909091,9.090909090792021e-08,9.090909090792021e-08,9.090909090792021e-08,0,0,0
Closure,176,buglocator,44.0,0.022727,0.022727,0.022727272727272728,0.022727272727272728,0.022727272727272728,2.727272727272301e-07,2.727272727272301e-07,2.727272727272301e-07,0,0,0
Closure,176,locus,29.0,0.034483,0.034483,0.034482758620689655,0.034482758620689655,0.034482758620689655,2.41379310345069e-07,2.41379310345069e-07,2.41379310345069e-07,0,0,0
Codec,1,FlexFL,,0.0,0.0,0.0,0.0,0.0,0.0,0.0,0.0,0,0,0
Codec,1,boostnsift,13.0,0.076923,0.076923,0.07692307692307693,0.02564102564102564,0.07692307692307693,7.692307692208633e-08,0.051281974358974365,7.692307692208633e-08,0,0,0
Codec,1,buglocator,24.0,0.041667,0.041667,0.041666666666666664,0.013888888888888888,0.041666666666666664,3.333333333382926e-07,0.027778111111111115,3.333333333382926e-07,0,0,0
Codec,1,locus,24.0,0.041667,0.041667,0.041666666666666664,0.013888888888888888,0.041666666666666664,3.333333333382926e-07,0.027778111111111115,3.333333333382926e-07,0,0,0
Codec,2,FlexFL,1.0,1.0,1.0,1.0,1.0,1.0,0.0,0.0,0.0,1,1,1
Codec,2,boostnsift,1.0,1.0,1.0,1.0,1.0,1.0,0.0,0.0,0.0,1,1,1
Codec,2,buglocator,3.0,0.333333,0.333333,0.3333333333333333,0.3333333333333333,0.3333333333333333,3.3333333332441484e-07,3.3333333332441484e-07,3.3333333332441484e-07,0,1,1
Codec,2,locus,1.0,1.0,1.0,1.0,1.0,1.0,0.0,0.0,0.0,1,1,1
Codec,3,FlexFL,1.0,1.0,1.0,1.0,1.0,1.0,0.0,0.0,0.0,1,1,1
Codec,3,boostnsift,1.0,1.0,1.0,1.0,1.0,1.0,0.0,0.0,0.0,1,1,1
Codec,3,buglocator,1.0,1.0,1.0,1.0,1.0,1.0,0.0,0.0,0.0,1,1,1
Codec,3,locus,1.0,1.0,1.0,1.0,1.0,1.0,0.0,0.0,0.0,1,1,1
Codec,4,FlexFL,,0.0,0.0,0.0,0.0,0.0,0.0,0.0,0.0,0,0,0
Codec,4,boostnsift,2.0,0.5,0.5,0.5,0.5,0.5,0.0,0.0,0.0,0,1,1
Codec,4,buglocator,1.0,1.0,1.0,1.0,1.0,1.0,0.0,0.0,0.0,1,1,1
Codec,4,locus,1.0,1.0,1.0,1.0,1.0,1.0,0.0,0.0,0.0,1,1,1
Codec,5,FlexFL,2.0,0.5,0.5,0.5,0.5,0.5,0.0,0.0,0.0,0,1,1
Codec,5,boostnsift,1.0,1.0,1.0,1.0,1.0,1.0,0.0,0.0,0.0,1,1,1
Codec,5,buglocator,1.0,1.0,1.0,1.0,1.0,1.0,0.0,0.0,0.0,1,1,1
Codec,5,locus,2.0,0.5,0.5,0.5,0.5,0.5,0.0,0.0,0.0,0,1,1
Codec,6,FlexFL,1.0,1.0,1.0,1.0,1.0,1.0,0.0,0.0,0.0,1,1,1
Codec,6,boostnsift,1.0,1.0,1.0,1.0,1.0,1.0,0.0,0.0,0.0,1,1,1
Codec,6,buglocator,1.0,1.0,1.0,1.0,1.0,1.0,0.0,0.0,0.0,1,1,1
Codec,6,locus,2.0,0.5,0.5,0.5,0.5,0.5,0.0,0.0,0.0,0,1,1
Codec,7,FlexFL,1.0,1.0,1.0,1.0,1.0,1.0,0.0,0.0,0.0,1,1,1
Codec,7,boostnsift,1.0,1.0,1.0,1.0,1.0,1.0,0.0,0.0,0.0,1,1,1
Codec,7,buglocator,1.0,1.0,1.0,1.0,1.0,1.0,0.0,0.0,0.0,1,1,1
Codec,7,locus,1.0,1.0,1.0,1.0,1.0,1.0,0.0,0.0,0.0,1,1,1
Codec,8,FlexFL,1.0,1.0,1.0,1.0,1.0,1.0,0.0,0.0,0.0,1,1,1
Codec,8,boostnsift,2.0,0.5,0.5,0.5,0.5357142857142857,0.5,0.0,0.0357142857142857,0.0,0,1,1
Codec,8,buglocator,2.0,0.5,0.5,0.5,0.5357142857142857,0.5,0.0,0.0357142857142857,0.0,0,1,1
Codec,8,locus,2.0,0.5,0.5,0.5,0.5357142857142857,0.5,0.0,0.0357142857142857,0.0,0,1,1
Codec,9,FlexFL,1.0,1.0,1.0,1.0,1.0,1.0,0.0,0.0,0.0,1,1,1
Codec,9,boostnsift,1.0,1.0,1.0,1.0,1.0,1.0,0.0,0.0,0.0,1,1,1
Codec,9,buglocator,1.0,1.0,1.0,1.0,1.0,1.0,0.0,0.0,0.0,1,1,1
Codec,9,locus,1.0,1.0,1.0,1.0,1.0,1.0,0.0,0.0,0.0,1,1,1
Codec,10,FlexFL,1.0,1.0,1.0,1.0,1.0,1.0,0.0,0.0,0.0,1,1,1
Codec,10,boostnsift,1.0,1.0,1.0,1.0,1.0,1.0,0.0,0.0,0.0,1,1,1
Codec,10,buglocator,1.0,1.0,1.0,1.0,1.0,1.0,0.0,0.0,0.0,1,1,1
Codec,10,locus,1.0,1.0,1.0,1.0,1.0,1.0,0.0,0.0,0.0,1,1,1
Codec,11,FlexFL,1.0,1.0,0.3333333333333333,1.0,1.0,1.0,0.6666666666666667,0.6666666666666667,0.6666666666666667,1,1,1
Codec,11,boostnsift,1.0,1.0,1.0,1.0,1.0,1.0,0.0,0.0,0.0,1,1,1
Codec,11,buglocator,2.0,0.5,0.5,0.5,0.5,0.5,0.0,0.0,0.0,0,1,1
Codec,11,locus,1.0,1.0,1.0,1.0,1.0,1.0,0.0,0.0,0.0,1,1,1
Codec,12,FlexFL,,0.0,0.0,0.0,0.0,0.0,0.0,0.0,0.0,0,0,0
Codec,12,boostnsift,4.0,0.25,0.25,0.25,0.0,0.25,0.0,0.25,0.0,0,1,1
Codec,12,buglocator,4.0,0.25,0.25,0.25,0.0,0.25,0.0,0.25,0.0,0,1,1
Codec,12,locus,3.0,0.333333,0.333333,0.3333333333333333,0.0,0.3333333333333333,3.3333333332441484e-07,0.333333,3.3333333332441484e-07,0,1,1
Codec,13,FlexFL,1.0,1.0,1.0,1.0,1.0,1.0,0.0,0.0,0.0,1,1,1
Codec,13,boostnsift,28.0,0.035714,0.035714,0.03571428571428571,0.03571428571428571,0.03571428571428571,2.857142857096151e-07,2.857142857096151e-07,2.857142857096151e-07,0,0,0
Codec,13,buglocator,92.0,0.01087,0.01087,0.010869565217391304,0.010869565217391304,0.010869565217391304,4.347826086954082e-07,4.347826086954082e-07,4.347826086954082e-07,0,0,0
Codec,13,locus,56.0,0.017857,0.017857,0.017857142857142856,0.017857142857142856,0.017857142857142856,1.4285714285480755e-07,1.4285714285480755e-07,1.4285714285480755e-07,0,0,0
Codec,14,FlexFL,,0.0,0.0,0.0,0.0,0.0,0.0,0.0,0.0,0,0,0
Codec,14,boostnsift,34.0,0.029412,0.029412,0.029411764705882353,0.029411764705882353,0.029411764705882353,2.3529411764811048e-07,2.3529411764811048e-07,2.3529411764811048e-07,0,0,0
Codec,14,buglocator,7.0,0.142857,0.142857,0.14285714285714285,0.14285714285714285,0.14285714285714285,1.4285714283746032e-07,1.4285714283746032e-07,1.4285714283746032e-07,0,0,1
Codec,14,locus,15.0,0.066667,0.066667,0.06666666666666667,0.06666666666666667,0.06666666666666667,3.333333333382926e-07,3.333333333382926e-07,3.333333333382926e-07,0,0,0
Codec,15,FlexFL,1.0,1.0,1.0,1.0,1.0,1.0,0.0,0.0,0.0,1,1,1
Codec,15,boostnsift,1.0,1.0,1.0,1.0,1.0,1.0,0.0,0.0,0.0,1,1,1
Codec,15,buglocator,1.0,1.0,1.0,1.0,1.0,1.0,0.0,0.0,0.0,1,1,1
Codec,15,locus,1.0,1.0,1.0,1.0,1.0,1.0,0.0,0.0,0.0,1,1,1
Codec,16,FlexFL,,0.0,0.0,0.0,0.0,0.0,0.0,0.0,0.0,0,0,0
Codec,16,boostnsift,1.0,1.0,1.0,1.0,0.0,1.0,0.0,1.0,0.0,1,1,1
Codec,16,buglocator,1.0,1.0,1.0,1.0,0.0,1.0,0.0,1.0,0.0,1,1,1
Codec,16,locus,1.0,1.0,1.0,1.0,0.0,1.0,0.0,1.0,0.0,1,1,1
Codec,17,FlexFL,2.0,0.5,0.5,0.5,0.5,0.5,0.0,0.0,0.0,1,1,1
Codec,17,boostnsift,3.0,0.333333,0.333333,0.3333333333333333,0.3333333333333333,0.3333333333333333,3.3333333332441484e-07,3.3333333332441484e-07,3.3333333332441484e-07,0,1,1
Codec,17,buglocator,1.0,1.0,1.0,1.0,1.0,1.0,0.0,0.0,0.0,1,1,1
Codec,17,locus,1.0,1.0,1.0,1.0,1.0,1.0,0.0,0.0,0.0,1,1,1
Codec,18,FlexFL,4.0,0.25,0.25,0.25,0.25,0.25,0.0,0.0,0.0,0,1,1
Codec,18,boostnsift,1.0,1.0,1.0,1.0,1.0,1.0,0.0,0.0,0.0,1,1,1
Codec,18,buglocator,5.0,0.2,0.2,0.2,0.2,0.2,0.0,0.0,0.0,0,1,1
Codec,18,locus,1.0,1.0,1.0,1.0,1.0,1.0,0.0,0.0,0.0,1,1,1
Collections,1,boostnsift,,0.0,0.0,0.0,0.0,0.0,0.0,0.0,0.0,0,0,0
Collections,1,buglocator,,0.0,0.0,0.0,0.0,0.0,0.0,0.0,0.0,0,0,0
Collections,1,locus,,0.0,0.0,0.0,0.0,0.0,0.0,0.0,0.0,0,0,0
Collections,2,boostnsift,,0.0,0.0,0.0,0.0,0.0,0.0,0.0,0.0,0,0,0
Collections,2,buglocator,,0.0,0.0,0.0,0.0,0.0,0.0,0.0,0.0,0,0,0
Collections,2,locus,,0.0,0.0,0.0,0.0,0.0,0.0,0.0,0.0,0,0,0
Collections,3,boostnsift,,0.0,0.0,0.0,0.0,0.0,0.0,0.0,0.0,0,0,0
Collections,3,buglocator,,0.0,0.0,0.0,0.0,0.0,0.0,0.0,0.0,0,0,0
Collections,3,locus,,0.0,0.0,0.0,0.0,0.0,0.0,0.0,0.0,0,0,0
Collections,4,boostnsift,,0.0,0.0,0.0,0.0,0.0,0.0,0.0,0.0,0,0,0
Collections,4,buglocator,,0.0,0.0,0.0,0.0,0.0,0.0,0.0,0.0,0,0,0
Collections,4,locus,,0.0,0.0,0.0,0.0,0.0,0.0,0.0,0.0,0,0,0
Collections,5,boostnsift,,0.0,0.0,0.0,0.0,0.0,0.0,0.0,0.0,0,0,0
Collections,5,buglocator,,0.0,0.0,0.0,0.0,0.0,0.0,0.0,0.0,0,0,0
Collections,5,locus,,0.0,0.0,0.0,0.0,0.0,0.0,0.0,0.0,0,0,0
Collections,6,boostnsift,,0.0,0.0,0.0,0.0,0.0,0.0,0.0,0.0,0,0,0
Collections,6,buglocator,,0.0,0.0,0.0,0.0,0.0,0.0,0.0,0.0,0,0,0
Collections,6,locus,,0.0,0.0,0.0,0.0,0.0,0.0,0.0,0.0,0,0,0
Collections,7,boostnsift,,0.0,0.0,0.0,0.0,0.0,0.0,0.0,0.0,0,0,0
Collections,7,buglocator,,0.0,0.0,0.0,0.0,0.0,0.0,0.0,0.0,0,0,0
Collections,7,locus,,0.0,0.0,0.0,0.0,0.0,0.0,0.0,0.0,0,0,0
Collections,8,boostnsift,,0.0,0.0,0.0,0.0,0.0,0.0,0.0,0.0,0,0,0
Collections,8,buglocator,,0.0,0.0,0.0,0.0,0.0,0.0,0.0,0.0,0,0,0
Collections,8,locus,,0.0,0.0,0.0,0.0,0.0,0.0,0.0,0.0,0,0,0
Collections,9,boostnsift,,0.0,0.0,0.0,0.0,0.0,0.0,0.0,0.0,0,0,0
Collections,9,buglocator,,0.0,0.0,0.0,0.0,0.0,0.0,0.0,0.0,0,0,0
Collections,9,locus,,0.0,0.0,0.0,0.0,0.0,0.0,0.0,0.0,0,0,0
Collections,10,boostnsift,,0.0,0.0,0.0,0.0,0.0,0.0,0.0,0.0,0,0,0
Collections,10,buglocator,,0.0,0.0,0.0,0.0,0.0,0.0,0.0,0.0,0,0,0
Collections,10,locus,,0.0,0.0,0.0,0.0,0.0,0.0,0.0,0.0,0,0,0
Collections,11,boostnsift,,0.0,0.0,0.0,0.0,0.0,0.0,0.0,0.0,0,0,0
Collections,11,buglocator,,0.0,0.0,0.0,0.0,0.0,0.0,0.0,0.0,0,0,0
Collections,11,locus,,0.0,0.0,0.0,0.0,0.0,0.0,0.0,0.0,0,0,0
Collections,12,boostnsift,,0.0,0.0,0.0,0.0,0.0,0.0,0.0,0.0,0,0,0
Collections,12,buglocator,,0.0,0.0,0.0,0.0,0.0,0.0,0.0,0.0,0,0,0
Collections,12,locus,,0.0,0.0,0.0,0.0,0.0,0.0,0.0,0.0,0,0,0
Collections,13,boostnsift,,0.0,0.0,0.0,0.0,0.0,0.0,0.0,0.0,0,0,0
Collections,13,buglocator,,0.0,0.0,0.0,0.0,0.0,0.0,0.0,0.0,0,0,0
Collections,13,locus,,0.0,0.0,0.0,0.0,0.0,0.0,0.0,0.0,0,0,0
Collections,14,boostnsift,,0.0,0.0,0.0,0.0,0.0,0.0,0.0,0.0,0,0,0
Collections,14,buglocator,,0.0,0.0,0.0,0.0,0.0,0.0,0.0,0.0,0,0,0
Collections,14,locus,,0.0,0.0,0.0,0.0,0.0,0.0,0.0,0.0,0,0,0
Collections,15,boostnsift,,0.0,0.0,0.0,0.0,0.0,0.0,0.0,0.0,0,0,0
Collections,15,buglocator,,0.0,0.0,0.0,0.0,0.0,0.0,0.0,0.0,0,0,0
Collections,15,locus,,0.0,0.0,0.0,0.0,0.0,0.0,0.0,0.0,0,0,0
Collections,16,boostnsift,,0.0,0.0,0.0,0.0,0.0,0.0,0.0,0.0,0,0,0
Collections,16,buglocator,,0.0,0.0,0.0,0.0,0.0,0.0,0.0,0.0,0,0,0
Collections,16,locus,,0.0,0.0,0.0,0.0,0.0,0.0,0.0,0.0,0,0,0
Collections,17,boostnsift,,0.0,0.0,0.0,0.0,0.0,0.0,0.0,0.0,0,0,0
Collections,17,buglocator,,0.0,0.0,0.0,0.0,0.0,0.0,0.0,0.0,0,0,0
Collections,17,locus,,0.0,0.0,0.0,0.0,0.0,0.0,0.0,0.0,0,0,0
Collections,18,boostnsift,,0.0,0.0,0.0,0.0,0.0,0.0,0.0,0.0,0,0,0
Collections,18,buglocator,,0.0,0.0,0.0,0.0,0.0,0.0,0.0,0.0,0,0,0
Collections,18,locus,,0.0,0.0,0.0,0.0,0.0,0.0,0.0,0.0,0,0,0
Collections,19,boostnsift,,0.0,0.0,0.0,0.0,0.0,0.0,0.0,0.0,0,0,0
Collections,19,buglocator,,0.0,0.0,0.0,0.0,0.0,0.0,0.0,0.0,0,0,0
Collections,19,locus,,0.0,0.0,0.0,0.0,0.0,0.0,0.0,0.0,0,0,0
Collections,20,boostnsift,,0.0,0.0,0.0,0.0,0.0,0.0,0.0,0.0,0,0,0
Collections,20,buglocator,,0.0,0.0,0.0,0.0,0.0,0.0,0.0,0.0,0,0,0
Collections,20,locus,,0.0,0.0,0.0,0.0,0.0,0.0,0.0,0.0,0,0,0
Collections,21,boostnsift,,0.0,0.0,0.0,0.0,0.0,0.0,0.0,0.0,0,0,0
Collections,21,buglocator,,0.0,0.0,0.0,0.0,0.0,0.0,0.0,0.0,0,0,0
Collections,21,locus,,0.0,0.0,0.0,0.0,0.0,0.0,0.0,0.0,0,0,0
Collections,22,boostnsift,,0.0,0.0,0.0,0.0,0.0,0.0,0.0,0.0,0,0,0
Collections,22,buglocator,,0.0,0.0,0.0,0.0,0.0,0.0,0.0,0.0,0,0,0
Collections,22,locus,5.0,0.2,0.2,0.2,0.2,0.2,0.0,0.0,0.0,0,1,1
Collections,23,boostnsift,,0.0,0.0,0.0,0.0,0.0,0.0,0.0,0.0,0,0,0
Collections,23,buglocator,,0.0,0.0,0.0,0.0,0.0,0.0,0.0,0.0,0,0,0
Collections,23,locus,27.0,0.037037,0.037037,0.037037037037037035,0.037037037037037035,0.037037037037037035,3.7037037034504117e-08,3.7037037034504117e-08,3.7037037034504117e-08,0,0,0
Collections,24,boostnsift,,0.0,0.0,0.0,0.0,0.0,0.0,0.0,0.0,0,0,0
Collections,24,buglocator,,0.0,0.0,0.0,0.0,0.0,0.0,0.0,0.0,0,0,0
Collections,24,locus,2.0,0.5,0.5,0.5,0.5,0.5,0.0,0.0,0.0,0,1,1
Collections,25,FlexFL,1.0,1.0,0.3333333333333333,1.0,1.0,1.0,0.6666666666666667,0.6666666666666667,0.6666666666666667,1,1,1
Collections,25,boostnsift,3.0,0.333333,0.333333,0.3333333333333333,0.3333333333333333,0.3333333333333333,3.3333333332441484e-07,3.3333333332441484e-07,3.3333333332441484e-07,0,1,1
Collections,25,buglocator,2.0,0.5,0.5,0.5,0.5,0.5,0.0,0.0,0.0,0,1,1
Collections,25,locus,5.0,0.2,0.2,0.2,0.2,0.2,0.0,0.0,0.0,0,1,1
Collections,26,FlexFL,3.0,0.3333333333333333,0.3333333333333333,0.3333333333333333,0.3333333333333333,0.3333333333333333,0.0,0.0,0.0,0,1,1
Collections,26,boostnsift,6.0,0.166667,0.166667,0.16666666666666666,0.16666666666666666,0.16666666666666666,3.333333333521704e-07,3.333333333521704e-07,3.333333333521704e-07,0,0,1
Collections,26,buglocator,1.0,1.0,1.0,1.0,1.0,1.0,0.0,0.0,0.0,1,1,1
Collections,26,locus,1.0,1.0,1.0,1.0,1.0,1.0,0.0,0.0,0.0,1,1,1
Collections,27,FlexFL,,0.0,0.0,0.0,0.0,0.0,0.0,0.0,0.0,0,0,0
Collections,27,boostnsift,27.0,0.037037,0.037037,0.037037037037037035,0.0,0.037037037037037035,3.7037037034504117e-08,0.037037,3.7037037034504117e-08,0,0,0
Collections,27,buglocator,20.0,0.05,0.05,0.05,0.0,0.05,0.0,0.05,0.0,0,0,0
Collections,27,locus,26.0,0.038462,0.038462,0.038461538461538464,0.0,0.038461538461538464,4.615384615394569e-07,0.038462,4.615384615394569e-07,0,0,0
Collections,28,FlexFL,,0.0,0.0,0.0,0.0,0.0,0.0,0.0,0.0,0,0,0
Collections,28,boostnsift,2.0,0.5,0.5,0.5,0.0,0.5,0.0,0.5,0.0,0,1,1
Collections,28,buglocator,6.0,0.166667,0.166667,0.16666666666666666,0.0,0.16666666666666666,3.333333333521704e-07,0.166667,3.333333333521704e-07,0,0,1
Collections,28,locus,7.0,0.142857,0.142857,0.14285714285714285,0.0,0.14285714285714285,1.4285714283746032e-07,0.142857,1.4285714283746032e-07,0,0,1
Compress,1,FlexFL,,0.0,0.0,0.0,0.0,0.0,0.0,0.0,0.0,0,0,0
Compress,1,boostnsift,3.0,0.333333,0.333333,0.3333333333333333,0.3333333333333333,0.3333333333333333,3.3333333332441484e-07,3.3333333332441484e-07,3.3333333332441484e-07,0,1,1
Compress,1,buglocator,12.0,0.083333,0.083333,0.08333333333333333,0.08333333333333333,0.08333333333333333,3.3333333332441484e-07,3.3333333332441484e-07,3.3333333332441484e-07,0,0,0
Compress,1,locus,,0.0,0.0,0.0,0.0,0.0,0.0,0.0,0.0,0,0,0
Compress,2,FlexFL,2.0,0.5,0.125,0.5,0.5,0.5,0.375,0.375,0.375,0,1,1
Compress,2,boostnsift,4.0,0.25,0.25,0.25,0.25,0.25,0.0,0.0,0.0,0,1,1
Compress,2,buglocator,52.0,0.019231,0.019231,0.019230769230769232,0.019230769230769232,0.019230769230769232,2.3076923076972844e-07,2.3076923076972844e-07,2.3076923076972844e-07,0,0,0
Compress,2,locus,,0.0,0.0,0.0,0.0,0.0,0.0,0.0,0.0,0,0,0
Compress,3,FlexFL,3.0,0.3333333333333333,0.1111111111111111,0.3333333333333333,0.3333333333333333,0.3333333333333333,0.2222222222222222,0.2222222222222222,0.2222222222222222,0,1,1
Compress,3,boostnsift,4.0,0.25,0.25,0.25,0.25,0.25,0.0,0.0,0.0,0,1,1
Compress,3,buglocator,8.0,0.125,0.125,0.125,0.125,0.125,0.0,0.0,0.0,0,0,1
Compress,3,locus,2.0,0.5,0.5,0.5,0.5,0.5,0.0,0.0,0.0,0,1,1
Compress,4,FlexFL,1.0,1.0,1.0,1.0,1.0,1.0,0.0,0.0,0.0,1,1,1
Compress,4,boostnsift,5.0,0.2,0.2,0.2,0.30000000000000004,0.2,0.0,0.10000000000000003,0.0,0,1,1
Compress,4,buglocator,12.0,0.083333,0.083333,0.08333333333333333,0.020833333333333332,0.08333333333333333,3.3333333332441484e-07,0.062499666666666676,3.3333333332441484e-07,0,0,0
Compress,4,locus,2.0,0.5,0.5,0.5,0.5357142857142857,0.5,0.0,0.0357142857142857,0.0,0,1,1
Compress,5,FlexFL,1.0,1.0,1.0,1.0,1.0,1.0,0.0,0.0,0.0,1,1,1
Compress,5,boostnsift,1.0,1.0,1.0,1.0,1.0,1.0,0.0,0.0,0.0,1,1,1
Compress,5,buglocator,2.0,0.5,0.5,0.5,0.5,0.5,0.0,0.0,0.0,0,1,1
Compress,5,locus,1.0,1.0,1.0,1.0,1.0,1.0,0.0,0.0,0.0,1,1,1
Compress,6,FlexFL,1.0,1.0,0.5,1.0,1.0,1.0,0.5,0.5,0.5,1,1,1
Compress,6,boostnsift,6.0,0.166667,0.166667,0.16666666666666666,0.16666666666666666,0.16666666666666666,3.333333333521704e-07,3.333333333521704e-07,3.333333333521704e-07,0,0,1
Compress,6,buglocator,1.0,1.0,1.0,1.0,1.0,1.0,0.0,0.0,0.0,1,1,1
Compress,6,locus,1.0,1.0,1.0,1.0,1.0,1.0,0.0,0.0,0.0,1,1,1
Compress,7,FlexFL,1.0,1.0,1.0,1.0,1.0,1.0,0.0,0.0,0.0,1,1,1
Compress,7,boostnsift,4.0,0.25,0.25,0.25,0.25,0.25,0.0,0.0,0.0,0,1,1
Compress,7,buglocator,2.0,0.5,0.5,0.5,0.5,0.5,0.0,0.0,0.0,0,1,1
Compress,7,locus,1.0,1.0,1.0,1.0,1.0,1.0,0.0,0.0,0.0,1,1,1
Compress,8,FlexFL,2.0,0.5,0.5,0.5,0.5,0.5,0.0,0.0,0.0,0,1,1
Compress,8,boostnsift,1.0,1.0,1.0,1.0,1.0,1.0,0.0,0.0,0.0,1,1,1
Compress,8,buglocator,1.0,1.0,1.0,1.0,1.0,1.0,0.0,0.0,0.0,1,1,1
Compress,8,locus,1.0,1.0,1.0,1.0,1.0,1.0,0.0,0.0,0.0,1,1,1
Compress,9,FlexFL,1.0,1.0,1.0,1.0,1.0,1.0,0.0,0.0,0.0,1,1,1
Compress,9,boostnsift,1.0,1.0,1.0,1.0,1.0,1.0,0.0,0.0,0.0,1,1,1
Compress,9,buglocator,1.0,1.0,1.0,1.0,1.0,1.0,0.0,0.0,0.0,1,1,1
Compress,9,locus,1.0,1.0,1.0,1.0,1.0,1.0,0.0,0.0,0.0,1,1,1
Compress,10,FlexFL,1.0,1.0,1.0,1.0,1.0,1.0,0.0,0.0,0.0,1,1,1
Compress,10,boostnsift,1.0,1.0,1.0,1.0,1.0,1.0,0.0,0.0,0.0,1,1,1
Compress,10,buglocator,1.0,1.0,1.0,1.0,1.0,1.0,0.0,0.0,0.0,1,1,1
Compress,10,locus,1.0,1.0,1.0,1.0,1.0,1.0,0.0,0.0,0.0,1,1,1
Compress,11,FlexFL,1.0,1.0,1.0,1.0,1.0,1.0,0.0,0.0,0.0,1,1,1
Compress,11,boostnsift,1.0,1.0,1.0,1.0,1.0,1.0,0.0,0.0,0.0,1,1,1
Compress,11,buglocator,1.0,1.0,1.0,1.0,1.0,1.0,0.0,0.0,0.0,1,1,1
Compress,11,locus,3.0,0.333333,0.333333,0.3333333333333333,0.3333333333333333,0.3333333333333333,3.3333333332441484e-07,3.3333333332441484e-07,3.3333333332441484e-07,0,1,1
Compress,12,FlexFL,3.0,0.3333333333333333,0.3333333333333333,0.3333333333333333,0.3333333333333333,0.3333333333333333,0.0,0.0,0.0,0,1,1
Compress,12,boostnsift,6.0,0.166667,0.166667,0.16666666666666666,0.16666666666666666,0.16666666666666666,3.333333333521704e-07,3.333333333521704e-07,3.333333333521704e-07,0,0,1
Compress,12,buglocator,2.0,0.5,0.5,0.5,0.5,0.5,0.0,0.0,0.0,0,1,1
Compress,12,locus,7.0,0.142857,0.142857,0.14285714285714285,0.14285714285714285,0.14285714285714285,1.4285714283746032e-07,1.4285714283746032e-07,1.4285714283746032e-07,0,0,1
Compress,13,FlexFL,,0.0,0.0,0.0,0.0,0.0,0.0,0.0,0.0,0,0,0
Compress,13,boostnsift,3.0,0.333333,0.333333,0.3333333333333333,0.3333333333333333,0.3333333333333333,3.3333333332441484e-07,3.3333333332441484e-07,3.3333333332441484e-07,0,1,1
Compress,13,buglocator,10.0,0.1,0.1,0.1,0.1,0.1,0.0,0.0,0.0,0,0,1
Compress,13,locus,19.0,0.052632,0.052632,0.05263157894736842,0.05263157894736842,0.05263157894736842,4.2105263158009887e-07,4.2105263158009887e-07,4.2105263158009887e-07,0,0,0
Compress,14,FlexFL,2.0,0.5,0.5,0.5,0.5,0.5,0.0,0.0,0.0,0,1,1
Compress,14,boostnsift,23.0,0.043478,0.043478,0.043478260869565216,0.043478260869565216,0.043478260869565216,2.608695652134285e-07,2.608695652134285e-07,2.608695652134285e-07,0,0,0
Compress,14,buglocator,5.0,0.2,0.2,0.2,0.2,0.2,0.0,0.0,0.0,0,1,1
Compress,14,locus,5.0,0.2,0.2,0.2,0.2,0.2,0.0,0.0,0.0,0,1,1
Compress,15,FlexFL,2.0,0.5,0.5,0.5,0.5,0.5,0.0,0.0,0.0,0,1,1
Compress,15,boostnsift,3.0,0.333333,0.333333,0.3333333333333333,0.3333333333333333,0.3333333333333333,3.3333333332441484e-07,3.3333333332441484e-07,3.3333333332441484e-07,0,1,1
Compress,15,buglocator,2.0,0.5,0.5,0.5,0.5,0.5,0.0,0.0,0.0,0,1,1
Compress,15,locus,11.0,0.090909,0.090909,0.09090909090909091,0.09090909090909091,0.09090909090909091,9.090909090792021e-08,9.090909090792021e-08,9.090909090792021e-08,0,0,0
Compress,16,FlexFL,,0.0,0.0,0.0,0.0,0.0,0.0,0.0,0.0,0,0,0
Compress,16,boostnsift,7.0,0.142857,0.142857,0.14285714285714285,0.14285714285714285,0.14285714285714285,1.4285714283746032e-07,1.4285714283746032e-07,1.4285714283746032e-07,0,0,1
Compress,16,buglocator,9.0,0.111111,0.111111,0.1111111111111111,0.1111111111111111,0.1111111111111111,1.1111111110351235e-07,1.1111111110351235e-07,1.1111111110351235e-07,0,0,1
Compress,16,locus,6.0,0.166667,0.166667,0.16666666666666666,0.16666666666666666,0.16666666666666666,3.333333333521704e-07,3.333333333521704e-07,3.333333333521704e-07,0,0,1
Compress,17,FlexFL,1.0,1.0,1.0,1.0,1.0,1.0,0.0,0.0,0.0,1,1,1
Compress,17,boostnsift,1.0,1.0,1.0,1.0,1.0,1.0,0.0,0.0,0.0,1,1,1
Compress,17,buglocator,2.0,0.5,0.5,0.5,0.5,0.5,0.0,0.0,0.0,0,1,1
Compress,17,locus,2.0,0.5,0.5,0.5,0.5,0.5,0.0,0.0,0.0,0,1,1
Compress,18,FlexFL,1.0,1.0,1.0,1.0,1.0,1.0,0.0,0.0,0.0,1,1,1
Compress,18,boostnsift,1.0,1.0,1.0,1.0,1.0,1.0,0.0,0.0,0.0,1,1,1
Compress,18,buglocator,1.0,1.0,1.0,1.0,1.0,1.0,0.0,0.0,0.0,1,1,1
Compress,18,locus,2.0,0.5,0.5,0.5,0.5,0.5,0.0,0.0,0.0,0,1,1
Compress,19,FlexFL,1.0,1.0,1.0,1.0,1.0,1.0,0.0,0.0,0.0,1,1,1
Compress,19,boostnsift,4.0,0.25,0.25,0.25,0.25,0.25,0.0,0.0,0.0,0,1,1
Compress,19,buglocator,3.0,0.333333,0.333333,0.3333333333333333,0.3333333333333333,0.3333333333333333,3.3333333332441484e-07,3.3333333332441484e-07,3.3333333332441484e-07,0,1,1
Compress,19,locus,6.0,0.166667,0.166667,0.16666666666666666,0.16666666666666666,0.16666666666666666,3.333333333521704e-07,3.333333333521704e-07,3.333333333521704e-07,0,0,1
Compress,20,FlexFL,2.0,0.5,0.3888888888888888,0.5,0.5,0.5,0.11111111111111122,0.11111111111111122,0.11111111111111122,1,1,1
Compress,20,boostnsift,3.0,0.333333,0.333333,0.3333333333333333,0.3333333333333333,0.3333333333333333,3.3333333332441484e-07,3.3333333332441484e-07,3.3333333332441484e-07,0,1,1
Compress,20,buglocator,5.0,0.2,0.2,0.2,0.2,0.2,0.0,0.0,0.0,0,1,1
Compress,20,locus,16.0,0.0625,0.0625,0.0625,0.0625,0.0625,0.0,0.0,0.0,0,0,0
Compress,21,FlexFL,1.0,1.0,1.0,1.0,1.0,1.0,0.0,0.0,0.0,1,1,1
Compress,21,boostnsift,2.0,0.5,0.5,0.5,0.5,0.5,0.0,0.0,0.0,0,1,1
Compress,21,buglocator,1.0,1.0,1.0,1.0,1.0,1.0,0.0,0.0,0.0,1,1,1
Compress,21,locus,7.0,0.142857,0.142857,0.14285714285714285,0.14285714285714285,0.14285714285714285,1.4285714283746032e-07,1.4285714283746032e-07,1.4285714283746032e-07,0,0,1
Compress,22,FlexFL,1.0,1.0,1.0,1.0,1.0,1.0,0.0,0.0,0.0,1,1,1
Compress,22,boostnsift,1.0,1.0,1.0,1.0,1.0,1.0,0.0,0.0,0.0,1,1,1
Compress,22,buglocator,9.0,0.111111,0.111111,0.1111111111111111,0.1111111111111111,0.1111111111111111,1.1111111110351235e-07,1.1111111110351235e-07,1.1111111110351235e-07,0,0,1
Compress,22,locus,12.0,0.083333,0.083333,0.08333333333333333,0.08333333333333333,0.08333333333333333,3.3333333332441484e-07,3.3333333332441484e-07,3.3333333332441484e-07,0,0,0
Compress,23,FlexFL,3.0,0.3333333333333333,0.3333333333333333,0.3333333333333333,0.3333333333333333,0.3333333333333333,0.0,0.0,0.0,0,1,1
Compress,23,boostnsift,28.0,0.035714,0.035714,0.03571428571428571,0.03571428571428571,0.03571428571428571,2.857142857096151e-07,2.857142857096151e-07,2.857142857096151e-07,0,0,0
Compress,23,buglocator,2.0,0.5,0.5,0.5,0.5,0.5,0.0,0.0,0.0,0,1,1
Compress,23,locus,3.0,0.333333,0.333333,0.3333333333333333,0.3333333333333333,0.3333333333333333,3.3333333332441484e-07,3.3333333332441484e-07,3.3333333332441484e-07,0,1,1
Compress,24,FlexFL,1.0,1.0,1.0,1.0,1.0,1.0,0.0,0.0,0.0,1,1,1
Compress,24,boostnsift,2.0,0.5,0.5,0.5,0.5,0.5,0.0,0.0,0.0,0,1,1
Compress,24,buglocator,2.0,0.5,0.5,0.5,0.5,0.5,0.0,0.0,0.0,0,1,1
Compress,24,locus,2.0,0.5,0.5,0.5,0.5,0.5,0.0,0.0,0.0,0,1,1
Compress,25,FlexFL,1.0,1.0,1.0,1.0,1.0,1.0,0.0,0.0,0.0,1,1,1
Compress,25,boostnsift,4.0,0.25,0.25,0.25,0.25,0.25,0.0,0.0,0.0,0,1,1
Compress,25,buglocator,1.0,1.0,1.0,1.0,1.0,1.0,0.0,0.0,0.0,1,1,1
Compress,25,locus,2.0,0.5,0.5,0.5,0.5,0.5,0.0,0.0,0.0,0,1,1
Compress,26,FlexFL,2.0,0.5,0.5,0.5,0.5,0.5,0.0,0.0,0.0,0,1,1
Compress,26,boostnsift,1.0,1.0,1.0,1.0,1.0,1.0,0.0,0.0,0.0,1,1,1
Compress,26,buglocator,1.0,1.0,1.0,1.0,1.0,1.0,0.0,0.0,0.0,1,1,1
Compress,26,locus,1.0,1.0,1.0,1.0,1.0,1.0,0.0,0.0,0.0,1,1,1
Compress,27,FlexFL,1.0,1.0,1.0,1.0,1.0,1.0,0.0,0.0,0.0,1,1,1
Compress,27,boostnsift,4.0,0.25,0.25,0.25,0.25,0.25,0.0,0.0,0.0,0,1,1
Compress,27,buglocator,3.0,0.333333,0.333333,0.3333333333333333,0.3333333333333333,0.3333333333333333,3.3333333332441484e-07,3.3333333332441484e-07,3.3333333332441484e-07,0,1,1
Compress,27,locus,5.0,0.2,0.2,0.2,0.2,0.2,0.0,0.0,0.0,0,1,1
Compress,28,FlexFL,1.0,1.0,1.0,1.0,1.0,1.0,0.0,0.0,0.0,1,1,1
Compress,28,boostnsift,6.0,0.166667,0.166667,0.16666666666666666,0.16666666666666666,0.16666666666666666,3.333333333521704e-07,3.333333333521704e-07,3.333333333521704e-07,0,0,1
Compress,28,buglocator,1.0,1.0,1.0,1.0,1.0,1.0,0.0,0.0,0.0,1,1,1
Compress,28,locus,4.0,0.25,0.25,0.25,0.25,0.25,0.0,0.0,0.0,0,1,1
Compress,29,FlexFL,1.0,1.0,1.0,1.0,1.0,1.0,0.0,0.0,0.0,1,1,1
Compress,29,boostnsift,1.0,1.0,1.0,1.0,1.0,1.0,0.0,0.0,0.0,1,1,1
Compress,29,buglocator,1.0,1.0,1.0,1.0,1.0,1.0,0.0,0.0,0.0,1,1,1
Compress,29,locus,1.0,1.0,1.0,1.0,1.0,1.0,0.0,0.0,0.0,1,1,1
Compress,30,FlexFL,1.0,1.0,1.0,1.0,1.0,1.0,0.0,0.0,0.0,1,1,1
Compress,30,boostnsift,25.0,0.04,0.04,0.04,0.04,0.04,0.0,0.0,0.0,0,0,0
Compress,30,buglocator,16.0,0.0625,0.0625,0.0625,0.0625,0.0625,0.0,0.0,0.0,0,0,0
Compress,30,locus,28.0,0.035714,0.035714,0.03571428571428571,0.03571428571428571,0.03571428571428571,2.857142857096151e-07,2.857142857096151e-07,2.857142857096151e-07,0,0,0
Compress,31,FlexFL,2.0,0.5,0.5,0.5,0.5,0.5,0.0,0.0,0.0,0,1,1
Compress,31,boostnsift,6.0,0.166667,0.166667,0.16666666666666666,0.16666666666666666,0.16666666666666666,3.333333333521704e-07,3.333333333521704e-07,3.333333333521704e-07,0,0,1
Compress,31,buglocator,3.0,0.333333,0.333333,0.3333333333333333,0.3333333333333333,0.3333333333333333,3.3333333332441484e-07,3.3333333332441484e-07,3.3333333332441484e-07,0,1,1
Compress,31,locus,3.0,0.333333,0.333333,0.3333333333333333,0.3333333333333333,0.3333333333333333,3.3333333332441484e-07,3.3333333332441484e-07,3.3333333332441484e-07,0,1,1
Compress,32,FlexFL,1.0,1.0,1.0,1.0,1.0,1.0,0.0,0.0,0.0,1,1,1
Compress,32,boostnsift,1.0,1.0,1.0,1.0,1.0,1.0,0.0,0.0,0.0,1,1,1
Compress,32,buglocator,1.0,1.0,1.0,1.0,1.0,1.0,0.0,0.0,0.0,1,1,1
Compress,32,locus,1.0,1.0,1.0,1.0,1.0,1.0,0.0,0.0,0.0,1,1,1
Compress,33,FlexFL,1.0,1.0,1.0,1.0,1.0,1.0,0.0,0.0,0.0,1,1,1
Compress,33,boostnsift,2.0,0.5,0.5,0.5,0.5,0.5,0.0,0.0,0.0,0,1,1
Compress,33,buglocator,18.0,0.055556,0.055556,0.05555555555555555,0.05555555555555555,0.05555555555555555,4.4444444444874387e-07,4.4444444444874387e-07,4.4444444444874387e-07,0,0,0
Compress,33,locus,9.0,0.111111,0.111111,0.1111111111111111,0.1111111111111111,0.1111111111111111,1.1111111110351235e-07,1.1111111110351235e-07,1.1111111110351235e-07,0,0,1
Compress,34,FlexFL,1.0,1.0,1.0,1.0,1.0,1.0,0.0,0.0,0.0,1,1,1
Compress,34,boostnsift,10.0,0.1,0.1,0.1,0.1,0.1,0.0,0.0,0.0,0,0,1
Compress,34,buglocator,5.0,0.2,0.2,0.2,0.2,0.2,0.0,0.0,0.0,0,1,1
Compress,34,locus,1.0,1.0,1.0,1.0,1.0,1.0,0.0,0.0,0.0,1,1,1
Compress,35,FlexFL,1.0,1.0,1.0,1.0,1.0,1.0,0.0,0.0,0.0,1,1,1
Compress,35,boostnsift,1.0,1.0,1.0,1.0,1.0,1.0,0.0,0.0,0.0,1,1,1
Compress,35,buglocator,1.0,1.0,1.0,1.0,1.0,1.0,0.0,0.0,0.0,1,1,1
Compress,35,locus,1.0,1.0,1.0,1.0,1.0,1.0,0.0,0.0,0.0,1,1,1
Compress,36,FlexFL,1.0,1.0,1.0,1.0,1.0,1.0,0.0,0.0,0.0,1,1,1
Compress,36,boostnsift,1.0,1.0,1.0,1.0,1.0,1.0,0.0,0.0,0.0,1,1,1
Compress,36,buglocator,1.0,1.0,1.0,1.0,1.0,1.0,0.0,0.0,0.0,1,1,1
Compress,36,locus,5.0,0.2,0.2,0.2,0.2,0.2,0.0,0.0,0.0,0,1,1
Compress,37,FlexFL,1.0,1.0,1.0,1.0,1.0,1.0,0.0,0.0,0.0,1,1,1
Compress,37,boostnsift,1.0,1.0,1.0,1.0,1.0,1.0,0.0,0.0,0.0,1,1,1
Compress,37,buglocator,1.0,1.0,1.0,1.0,1.0,1.0,0.0,0.0,0.0,1,1,1
Compress,37,locus,2.0,0.5,0.5,0.5,0.5,0.5,0.0,0.0,0.0,0,1,1
Compress,38,FlexFL,1.0,1.0,1.0,1.0,1.0,1.0,0.0,0.0,0.0,1,1,1
Compress,38,boostnsift,3.0,0.333333,0.333333,0.3333333333333333,0.3333333333333333,0.3333333333333333,3.3333333332441484e-07,3.3333333332441484e-07,3.3333333332441484e-07,0,1,1
Compress,38,buglocator,1.0,1.0,1.0,1.0,1.0,1.0,0.0,0.0,0.0,1,1,1
Compress,38,locus,1.0,1.0,1.0,1.0,1.0,1.0,0.0,0.0,0.0,1,1,1
Compress,39,FlexFL,,0.0,0.0,0.0,0.0,0.0,0.0,0.0,0.0,0,0,0
Compress,39,boostnsift,9.0,0.111111,0.111111,0.1111111111111111,0.1111111111111111,0.1111111111111111,1.1111111110351235e-07,1.1111111110351235e-07,1.1111111110351235e-07,0,0,1
Compress,39,buglocator,45.0,0.022222,0.022222,0.022222222222222223,0.022222222222222223,0.022222222222222223,2.2222222222437193e-07,2.2222222222437193e-07,2.2222222222437193e-07,0,0,0
Compress,39,locus,107.0,0.009346,0.009346,0.009345794392523364,0.009345794392523364,0.009345794392523364,2.0560747663635193e-07,2.0560747663635193e-07,2.0560747663635193e-07,0,0,0
Compress,40,FlexFL,1.0,1.0,1.0,1.0,1.0,1.0,0.0,0.0,0.0,1,1,1
Compress,40,boostnsift,1.0,1.0,1.0,1.0,1.0,1.0,0.0,0.0,0.0,1,1,1
Compress,40,buglocator,1.0,1.0,1.0,1.0,1.0,1.0,0.0,0.0,0.0,1,1,1
Compress,40,locus,1.0,1.0,1.0,1.0,1.0,1.0,0.0,0.0,0.0,1,1,1
Compress,41,FlexFL,1.0,1.0,1.0,1.0,1.0,1.0,0.0,0.0,0.0,1,1,1
Compress,41,boostnsift,15.0,0.066667,0.066667,0.06666666666666667,0.06666666666666667,0.06666666666666667,3.333333333382926e-07,3.333333333382926e-07,3.333333333382926e-07,0,0,0
Compress,41,buglocator,2.0,0.5,0.5,0.5,0.5,0.5,0.0,0.0,0.0,0,1,1
Compress,41,locus,2.0,0.5,0.5,0.5,0.5,0.5,0.0,0.0,0.0,0,1,1
Compress,42,FlexFL,1.0,1.0,1.0,1.0,1.0,1.0,0.0,0.0,0.0,1,1,1
Compress,42,boostnsift,2.0,0.5,0.5,0.5,0.5,0.5,0.0,0.0,0.0,0,1,1
Compress,42,buglocator,1.0,1.0,1.0,1.0,1.0,1.0,0.0,0.0,0.0,1,1,1
Compress,42,locus,3.0,0.333333,0.333333,0.3333333333333333,0.3333333333333333,0.3333333333333333,3.3333333332441484e-07,3.3333333332441484e-07,3.3333333332441484e-07,0,1,1
Compress,43,FlexFL,1.0,1.0,1.0,1.0,1.0,1.0,0.0,0.0,0.0,1,1,1
Compress,43,boostnsift,1.0,1.0,1.0,1.0,1.0,1.0,0.0,0.0,0.0,1,1,1
Compress,43,buglocator,1.0,1.0,1.0,1.0,1.0,1.0,0.0,0.0,0.0,1,1,1
Compress,43,locus,1.0,1.0,1.0,1.0,1.0,1.0,0.0,0.0,0.0,1,1,1
Compress,44,FlexFL,1.0,1.0,1.0,1.0,1.0,1.0,0.0,0.0,0.0,1,1,1
Compress,44,boostnsift,3.0,0.333333,0.333333,0.3333333333333333,0.3333333333333333,0.3333333333333333,3.3333333332441484e-07,3.3333333332441484e-07,3.3333333332441484e-07,0,1,1
Compress,44,buglocator,1.0,1.0,1.0,1.0,1.0,1.0,0.0,0.0,0.0,1,1,1
Compress,44,locus,1.0,1.0,1.0,1.0,1.0,1.0,0.0,0.0,0.0,1,1,1
Compress,45,FlexFL,1.0,1.0,1.0,1.0,1.0,1.0,0.0,0.0,0.0,1,1,1
Compress,45,boostnsift,1.0,1.0,1.0,1.0,1.0,1.0,0.0,0.0,0.0,1,1,1
Compress,45,buglocator,1.0,1.0,1.0,1.0,1.0,1.0,0.0,0.0,0.0,1,1,1
Compress,45,locus,1.0,1.0,1.0,1.0,1.0,1.0,0.0,0.0,0.0,1,1,1
Compress,46,FlexFL,2.0,0.5,0.5,0.5,0.5,0.5,0.0,0.0,0.0,1,1,1
Compress,46,boostnsift,20.0,0.05,0.05,0.05,0.05,0.05,0.0,0.0,0.0,0,0,0
Compress,46,buglocator,14.0,0.071429,0.071429,0.07142857142857142,0.07142857142857142,0.07142857142857142,4.285714285817699e-07,4.285714285817699e-07,4.285714285817699e-07,0,0,0
Compress,46,locus,26.0,0.038462,0.038462,0.038461538461538464,0.038461538461538464,0.038461538461538464,4.615384615394569e-07,4.615384615394569e-07,4.615384615394569e-07,0,0,0
Compress,47,FlexFL,3.0,0.3333333333333333,0.1666666666666666,0.3333333333333333,0.3333333333333333,0.3333333333333333,0.1666666666666667,0.1666666666666667,0.1666666666666667,1,1,1
Compress,47,boostnsift,1.0,1.0,1.0,1.0,1.0,1.0,0.0,0.0,0.0,1,1,1
Compress,47,buglocator,2.0,0.5,0.5,0.5,0.5,0.5,0.0,0.0,0.0,0,1,1
Compress,47,locus,1.0,1.0,1.0,1.0,1.0,1.0,0.0,0.0,0.0,1,1,1
Csv,1,FlexFL,3.0,0.3333333333333333,0.3333333333333333,0.3333333333333333,0.3333333333333333,0.3333333333333333,0.0,0.0,0.0,1,1,1
Csv,1,boostnsift,1.0,1.0,1.0,1.0,1.0,1.0,0.0,0.0,0.0,1,1,1
Csv,1,buglocator,1.0,1.0,1.0,1.0,1.0,1.0,0.0,0.0,0.0,1,1,1
Csv,1,locus,1.0,1.0,1.0,1.0,1.0,1.0,0.0,0.0,0.0,1,1,1
Csv,2,FlexFL,1.0,1.0,1.0,1.0,1.0,1.0,0.0,0.0,0.0,1,1,1
Csv,2,boostnsift,1.0,1.0,1.0,1.0,1.0,1.0,0.0,0.0,0.0,1,1,1
Csv,2,buglocator,1.0,1.0,1.0,1.0,1.0,1.0,0.0,0.0,0.0,1,1,1
Csv,2,locus,2.0,0.5,0.5,0.5,0.5,0.5,0.0,0.0,0.0,0,1,1
Csv,3,FlexFL,1.0,1.0,1.0,1.0,1.0,1.0,0.0,0.0,0.0,1,1,1
Csv,3,boostnsift,1.0,1.0,1.0,1.0,1.0,1.0,0.0,0.0,0.0,1,1,1
Csv,3,buglocator,2.0,0.5,0.5,0.5,0.5,0.5,0.0,0.0,0.0,0,1,1
Csv,3,locus,,0.0,0.0,0.0,0.0,0.0,0.0,0.0,0.0,0,0,0
Csv,4,FlexFL,4.0,0.25,0.25,0.25,0.25,0.25,0.0,0.0,0.0,1,1,1
Csv,4,boostnsift,1.0,1.0,1.0,1.0,1.0,1.0,0.0,0.0,0.0,1,1,1
Csv,4,buglocator,1.0,1.0,1.0,1.0,1.0,1.0,0.0,0.0,0.0,1,1,1
Csv,4,locus,1.0,1.0,1.0,1.0,1.0,1.0,0.0,0.0,0.0,1,1,1
Csv,5,FlexFL,3.0,0.3333333333333333,0.3333333333333333,0.3333333333333333,0.3333333333333333,0.3333333333333333,0.0,0.0,0.0,0,1,1
Csv,5,boostnsift,3.0,0.333333,0.333333,0.3333333333333333,0.3333333333333333,0.3333333333333333,3.3333333332441484e-07,3.3333333332441484e-07,3.3333333332441484e-07,0,1,1
Csv,5,buglocator,6.0,0.166667,0.166667,0.16666666666666666,0.16666666666666666,0.16666666666666666,3.333333333521704e-07,3.333333333521704e-07,3.333333333521704e-07,0,0,1
Csv,5,locus,3.0,0.333333,0.333333,0.3333333333333333,0.3333333333333333,0.3333333333333333,3.3333333332441484e-07,3.3333333332441484e-07,3.3333333332441484e-07,0,1,1
Csv,6,FlexFL,1.0,1.0,1.0,1.0,1.0,1.0,0.0,0.0,0.0,1,1,1
Csv,6,boostnsift,1.0,1.0,1.0,1.0,1.0,1.0,0.0,0.0,0.0,1,1,1
Csv,6,buglocator,2.0,0.5,0.5,0.5,0.5,0.5,0.0,0.0,0.0,0,1,1
Csv,6,locus,2.0,0.5,0.5,0.5,0.5,0.5,0.0,0.0,0.0,0,1,1
Csv,7,FlexFL,4.0,0.25,0.25,0.25,0.25,0.25,0.0,0.0,0.0,1,1,1
Csv,7,boostnsift,3.0,0.333333,0.333333,0.3333333333333333,0.3333333333333333,0.3333333333333333,3.3333333332441484e-07,3.3333333332441484e-07,3.3333333332441484e-07,0,1,1
Csv,7,buglocator,3.0,0.333333,0.333333,0.3333333333333333,0.3333333333333333,0.3333333333333333,3.3333333332441484e-07,3.3333333332441484e-07,3.3333333332441484e-07,0,1,1
Csv,7,locus,8.0,0.125,0.125,0.125,0.125,0.125,0.0,0.0,0.0,0,0,1
Csv,8,FlexFL,1.0,1.0,1.0,1.0,1.0,1.0,0.0,0.0,0.0,1,1,1
Csv,8,boostnsift,3.0,0.333333,0.333333,0.3333333333333333,0.3333333333333333,0.3333333333333333,3.3333333332441484e-07,3.3333333332441484e-07,3.3333333332441484e-07,0,1,1
Csv,8,buglocator,1.0,1.0,1.0,1.0,1.0,1.0,0.0,0.0,0.0,1,1,1
Csv,8,locus,3.0,0.333333,0.333333,0.3333333333333333,0.3333333333333333,0.3333333333333333,3.3333333332441484e-07,3.3333333332441484e-07,3.3333333332441484e-07,0,1,1
Csv,9,FlexFL,2.0,0.5,0.5,0.5,0.5,0.5,0.0,0.0,0.0,1,1,1
Csv,9,boostnsift,1.0,1.0,1.0,1.0,1.0,1.0,0.0,0.0,0.0,1,1,1
Csv,9,buglocator,1.0,1.0,1.0,1.0,1.0,1.0,0.0,0.0,0.0,1,1,1
Csv,9,locus,2.0,0.5,0.5,0.5,0.5,0.5,0.0,0.0,0.0,0,1,1
Csv,10,FlexFL,1.0,1.0,1.0,1.0,1.0,1.0,0.0,0.0,0.0,1,1,1
Csv,10,boostnsift,1.0,1.0,1.0,1.0,1.0,1.0,0.0,0.0,0.0,1,1,1
Csv,10,buglocator,1.0,1.0,1.0,1.0,1.0,1.0,0.0,0.0,0.0,1,1,1
Csv,10,locus,3.0,0.333333,0.333333,0.3333333333333333,0.3333333333333333,0.3333333333333333,3.3333333332441484e-07,3.3333333332441484e-07,3.3333333332441484e-07,0,1,1
Csv,11,FlexFL,3.0,0.3333333333333333,0.3333333333333333,0.3333333333333333,0.3333333333333333,0.3333333333333333,0.0,0.0,0.0,0,1,1
Csv,11,boostnsift,2.0,0.5,0.5,0.5,0.5,0.5,0.0,0.0,0.0,0,1,1
Csv,11,buglocator,5.0,0.2,0.2,0.2,0.2,0.2,0.0,0.0,0.0,0,1,1
Csv,11,locus,11.0,0.090909,0.090909,0.09090909090909091,0.09090909090909091,0.09090909090909091,9.090909090792021e-08,9.090909090792021e-08,9.090909090792021e-08,0,0,0
Csv,12,FlexFL,,0.0,0.0,0.0,0.0,0.0,0.0,0.0,0.0,0,0,0
Csv,12,boostnsift,1.0,1.0,1.0,1.0,0.0,1.0,0.0,1.0,0.0,1,1,1
Csv,12,buglocator,4.0,0.25,0.25,0.25,0.0,0.25,0.0,0.25,0.0,0,1,1
Csv,12,locus,3.0,0.333333,0.333333,0.3333333333333333,0.0,0.3333333333333333,3.3333333332441484e-07,0.333333,3.3333333332441484e-07,0,1,1
Csv,13,FlexFL,,0.0,0.0,0.0,0.0,0.0,0.0,0.0,0.0,0,0,0
Csv,13,boostnsift,2.0,0.5,0.5,0.5,0.5,0.5,0.0,0.0,0.0,0,1,1
Csv,13,buglocator,4.0,0.25,0.25,0.25,0.25,0.25,0.0,0.0,0.0,0,1,1
Csv,13,locus,2.0,0.5,0.5,0.5,0.5,0.5,0.0,0.0,0.0,0,1,1
Csv,14,FlexFL,1.0,1.0,1.0,1.0,1.0,1.0,0.0,0.0,0.0,1,1,1
Csv,14,boostnsift,1.0,1.0,1.0,1.0,1.0,1.0,0.0,0.0,0.0,1,1,1
Csv,14,buglocator,1.0,1.0,1.0,1.0,1.0,1.0,0.0,0.0,0.0,1,1,1
Csv,14,locus,3.0,0.333333,0.333333,0.3333333333333333,0.3333333333333333,0.3333333333333333,3.3333333332441484e-07,3.3333333332441484e-07,3.3333333332441484e-07,0,1,1
Csv,15,FlexFL,1.0,1.0,1.0,1.0,1.0,1.0,0.0,0.0,0.0,1,1,1
Csv,15,boostnsift,1.0,1.0,1.0,1.0,1.0,1.0,0.0,0.0,0.0,1,1,1
Csv,15,buglocator,1.0,1.0,1.0,1.0,1.0,1.0,0.0,0.0,0.0,1,1,1
Csv,15,locus,2.0,0.5,0.5,0.5,0.5,0.5,0.0,0.0,0.0,0,1,1
Csv,16,FlexFL,1.0,1.0,0.5,1.0,1.0,1.0,0.5,0.5,0.5,1,1,1
Csv,16,boostnsift,1.0,1.0,1.0,1.0,1.0,1.0,0.0,0.0,0.0,1,1,1
Csv,16,buglocator,1.0,1.0,1.0,1.0,1.0,1.0,0.0,0.0,0.0,1,1,1
Csv,16,locus,1.0,1.0,1.0,1.0,1.0,1.0,0.0,0.0,0.0,1,1,1
Gson,1,FlexFL,2.0,0.5,0.5,0.5,0.5,0.5,0.0,0.0,0.0,0,1,1
Gson,1,boostnsift,2.0,0.5,0.5,0.5,0.5,0.5,0.0,0.0,0.0,0,1,1
Gson,1,buglocator,72.0,0.013889,0.013889,0.013888888888888888,0.013888888888888888,0.013888888888888888,1.1111111111218597e-07,1.1111111111218597e-07,1.1111111111218597e-07,0,0,0
Gson,1,locus,,0.0,0.0,0.0,0.0,0.0,0.0,0.0,0.0,0,0,0
Gson,2,FlexFL,1.0,1.0,1.0,1.0,1.0,1.0,0.0,0.0,0.0,1,1,1
Gson,2,boostnsift,1.0,1.0,1.0,1.0,1.0,1.0,0.0,0.0,0.0,1,1,1
Gson,2,buglocator,10.0,0.1,0.1,0.1,0.1,0.1,0.0,0.0,0.0,0,0,1
Gson,2,locus,33.0,0.030303,0.030303,0.030303030303030304,0.030303030303030304,0.030303030303030304,3.030303030379655e-08,3.030303030379655e-08,3.030303030379655e-08,0,0,0
Gson,3,FlexFL,3.0,0.3333333333333333,0.3333333333333333,0.3333333333333333,0.3333333333333333,0.3333333333333333,0.0,0.0,0.0,0,1,1
Gson,3,boostnsift,10.0,0.1,0.1,0.1,0.1,0.1,0.0,0.0,0.0,0,0,1
Gson,3,buglocator,74.0,0.013514,0.013514,0.013513513513513514,0.013513513513513514,0.013513513513513514,4.864864864857071e-07,4.864864864857071e-07,4.864864864857071e-07,0,0,0
Gson,3,locus,31.0,0.032258,0.032258,0.03225806451612903,0.03225806451612903,0.03225806451612903,6.451612902941273e-08,6.451612902941273e-08,6.451612902941273e-08,0,0,0
Gson,4,FlexFL,1.0,1.0,0.1,1.0,1.0,1.0,0.9,0.9,0.9,1,1,1
Gson,4,boostnsift,2.0,0.5,0.5,0.5,0.5357142857142857,0.5,0.0,0.0357142857142857,0.0,0,1,1
Gson,4,buglocator,1.0,1.0,1.0,1.0,1.0,1.0,0.0,0.0,0.0,1,1,1
Gson,4,locus,1.0,1.0,1.0,1.0,1.0,1.0,0.0,0.0,0.0,1,1,1
Gson,5,FlexFL,1.0,1.0,1.0,1.0,1.0,1.0,0.0,0.0,0.0,1,1,1
Gson,5,boostnsift,2.0,0.5,0.5,0.5,0.5,0.5,0.0,0.0,0.0,0,1,1
Gson,5,buglocator,4.0,0.25,0.25,0.25,0.25,0.25,0.0,0.0,0.0,0,1,1
Gson,5,locus,4.0,0.25,0.25,0.25,0.25,0.25,0.0,0.0,0.0,0,1,1
Gson,6,FlexFL,1.0,1.0,1.0,1.0,1.0,1.0,0.0,0.0,0.0,1,1,1
Gson,6,boostnsift,4.0,0.25,0.25,0.25,0.25,0.25,0.0,0.0,0.0,0,1,1
Gson,6,buglocator,110.0,0.009091,0.009091,0.00909090909090909,0.00909090909090909,0.00909090909090909,9.090909090965493e-08,9.090909090965493e-08,9.090909090965493e-08,0,0,0
Gson,6,locus,21.0,0.047619,0.047619,0.047619047619047616,0.047619047619047616,0.047619047619047616,4.7619047614799737e-08,4.7619047614799737e-08,4.7619047614799737e-08,0,0,0
Gson,7,FlexFL,1.0,1.0,1.0,1.0,1.0,1.0,0.0,0.0,0.0,1,1,1
Gson,7,boostnsift,3.0,0.333333,0.333333,0.3333333333333333,0.3333333333333333,0.3333333333333333,3.3333333332441484e-07,3.3333333332441484e-07,3.3333333332441484e-07,0,1,1
Gson,7,buglocator,4.0,0.25,0.25,0.25,0.25,0.25,0.0,0.0,0.0,0,1,1
Gson,7,locus,14.0,0.071429,0.071429,0.07142857142857142,0.07142857142857142,0.07142857142857142,4.285714285817699e-07,4.285714285817699e-07,4.285714285817699e-07,0,0,0
Gson,8,FlexFL,3.0,0.3333333333333333,0.3333333333333333,0.3333333333333333,0.3333333333333333,0.3333333333333333,0.0,0.0,0.0,0,1,1
Gson,8,boostnsift,10.0,0.1,0.1,0.1,0.1,0.1,0.0,0.0,0.0,0,0,1
Gson,8,buglocator,3.0,0.333333,0.333333,0.3333333333333333,0.3333333333333333,0.3333333333333333,3.3333333332441484e-07,3.3333333332441484e-07,3.3333333332441484e-07,0,1,1
Gson,8,locus,1.0,1.0,1.0,1.0,1.0,1.0,0.0,0.0,0.0,1,1,1
Gson,9,FlexFL,,0.0,0.0,0.0,0.0,0.0,0.0,0.0,0.0,0,0,0
Gson,9,boostnsift,1.0,1.0,1.0,1.0,0.0,1.0,0.0,1.0,0.0,1,1,1
Gson,9,buglocator,5.0,0.2,0.2,0.2,0.0,0.2,0.0,0.2,0.0,0,1,1
Gson,9,locus,10.0,0.1,0.1,0.1,0.0,0.1,0.0,0.1,0.0,0,0,1
Gson,10,FlexFL,3.0,0.3333333333333333,0.3333333333333333,0.3333333333333333,0.3333333333333333,0.3333333333333333,0.0,0.0,0.0,0,1,1
Gson,10,boostnsift,2.0,0.5,0.5,0.5,0.5,0.5,0.0,0.0,0.0,0,1,1
Gson,10,buglocator,21.0,0.047619,0.047619,0.047619047619047616,0.047619047619047616,0.047619047619047616,4.7619047614799737e-08,4.7619047614799737e-08,4.7619047614799737e-08,0,0,0
Gson,10,locus,6.0,0.166667,0.166667,0.16666666666666666,0.16666666666666666,0.16666666666666666,3.333333333521704e-07,3.333333333521704e-07,3.333333333521704e-07,0,0,1
Gson,11,FlexFL,,0.0,0.0,0.0,0.0,0.0,0.0,0.0,0.0,0,0,0
Gson,11,boostnsift,9.0,0.111111,0.111111,0.1111111111111111,0.0,0.1111111111111111,1.1111111110351235e-07,0.111111,1.1111111110351235e-07,0,0,1
Gson,11,buglocator,27.0,0.037037,0.037037,0.037037037037037035,0.0,0.037037037037037035,3.7037037034504117e-08,0.037037,3.7037037034504117e-08,0,0,0
Gson,11,locus,41.0,0.02439,0.02439,0.024390243902439025,0.0,0.024390243902439025,2.439024390267497e-07,0.02439,2.439024390267497e-07,0,0,0
Gson,12,FlexFL,1.0,1.0,1.0,1.0,1.0,1.0,0.0,0.0,0.0,1,1,1
Gson,12,boostnsift,10.0,0.1,0.1,0.1,0.1,0.1,0.0,0.0,0.0,0,0,1
Gson,12,buglocator,1.0,1.0,1.0,1.0,1.0,1.0,0.0,0.0,0.0,1,1,1
Gson,12,locus,1.0,1.0,1.0,1.0,1.0,1.0,0.0,0.0,0.0,1,1,1
Gson,13,FlexFL,1.0,1.0,1.0,1.0,1.0,1.0,0.0,0.0,0.0,1,1,1
Gson,13,boostnsift,2.0,0.5,0.5,0.5,0.5,0.5,0.0,0.0,0.0,0,1,1
Gson,13,buglocator,1.0,1.0,1.0,1.0,1.0,1.0,0.0,0.0,0.0,1,1,1
Gson,13,locus,3.0,0.333333,0.333333,0.3333333333333333,0.3333333333333333,0.3333333333333333,3.3333333332441484e-07,3.3333333332441484e-07,3.3333333332441484e-07,0,1,1
Gson,14,FlexFL,,0.0,0.0,0.0,0.0,0.0,0.0,0.0,0.0,0,0,0
Gson,14,boostnsift,1.0,1.0,1.0,1.0,0.0,1.0,0.0,1.0,0.0,1,1,1
Gson,14,buglocator,1.0,1.0,1.0,1.0,0.0,1.0,0.0,1.0,0.0,1,1,1
Gson,14,locus,,0.0,0.0,0.0,0.0,0.0,0.0,0.0,0.0,0,0,0
Gson,15,FlexFL,1.0,1.0,1.0,1.0,1.0,1.0,0.0,0.0,0.0,1,1,1
Gson,15,boostnsift,1.0,1.0,1.0,1.0,1.0,1.0,0.0,0.0,0.0,1,1,1
Gson,15,buglocator,4.0,0.25,0.25,0.25,0.25,0.25,0.0,0.0,0.0,0,1,1
Gson,15,locus,4.0,0.25,0.25,0.25,0.25,0.25,0.0,0.0,0.0,0,1,1
Gson,16,FlexFL,,0.0,0.0,0.0,0.0,0.0,0.0,0.0,0.0,0,0,0
Gson,16,boostnsift,1.0,1.0,1.0,1.0,0.0,1.0,0.0,1.0,0.0,1,1,1
Gson,16,buglocator,2.0,0.5,0.5,0.5,0.0,0.5,0.0,0.5,0.0,0,1,1
Gson,16,locus,,0.0,0.0,0.0,0.0,0.0,0.0,0.0,0.0,0,0,0
Gson,17,FlexFL,1.0,1.0,1.0,1.0,1.0,1.0,0.0,0.0,0.0,1,1,1
Gson,17,boostnsift,3.0,0.333333,0.333333,0.3333333333333333,0.3333333333333333,0.3333333333333333,3.3333333332441484e-07,3.3333333332441484e-07,3.3333333332441484e-07,0,1,1
Gson,17,buglocator,2.0,0.5,0.5,0.5,0.5,0.5,0.0,0.0,0.0,0,1,1
Gson,17,locus,,0.0,0.0,0.0,0.0,0.0,0.0,0.0,0.0,0,0,0
Gson,18,FlexFL,,0.0,0.0,0.0,0.0,0.0,0.0,0.0,0.0,0,0,0
Gson,18,boostnsift,18.0,0.055556,0.055556,0.05555555555555555,0.0,0.05555555555555555,4.4444444444874387e-07,0.055556,4.4444444444874387e-07,0,0,0
Gson,18,buglocator,8.0,0.125,0.125,0.125,0.0,0.125,0.0,0.125,0.0,0,0,1
Gson,18,locus,,0.0,0.0,0.0,0.0,0.0,0.0,0.0,0.0,0,0,0
JacksonCore,1,FlexFL,,0.0,0.0,0.0,0.0,0.0,0.0,0.0,0.0,0,0,0
JacksonCore,1,boostnsift,12.0,0.083333,0.083333,0.08333333333333333,0.041666666666666664,0.08333333333333333,3.3333333332441484e-07,0.04166633333333334,3.3333333332441484e-07,0,0,0
JacksonCore,1,buglocator,30.0,0.033333,0.033333,0.03333333333333333,0.016666666666666666,0.03333333333333333,3.3333333333135373e-07,0.016666333333333335,3.3333333333135373e-07,0,0,0
JacksonCore,1,locus,68.0,0.014706,0.014706,0.014705882352941176,0.007352941176470588,0.014705882352941176,1.1764705882405524e-07,0.007353058823529412,1.1764705882405524e-07,0,0,0
JacksonCore,2,FlexFL,1.0,1.0,0.1666666666666666,1.0,1.0,1.0,0.8333333333333334,0.8333333333333334,0.8333333333333334,1,1,1
JacksonCore,2,boostnsift,2.0,0.5,0.5,0.5,0.5357142857142857,0.5,0.0,0.0357142857142857,0.0,0,1,1
JacksonCore,2,buglocator,1.0,1.0,1.0,1.0,1.0,1.0,0.0,0.0,0.0,1,1,1
JacksonCore,2,locus,16.0,0.0625,0.0625,0.0625,0.03125,0.0625,0.0,0.03125,0.0,0,0,0
JacksonCore,3,FlexFL,1.0,1.0,1.0,1.0,1.0,1.0,0.0,0.0,0.0,1,1,1
JacksonCore,3,boostnsift,1.0,1.0,1.0,1.0,1.0,1.0,0.0,0.0,0.0,1,1,1
JacksonCore,3,buglocator,1.0,1.0,1.0,1.0,1.0,1.0,0.0,0.0,0.0,1,1,1
JacksonCore,3,locus,1.0,1.0,1.0,1.0,1.0,1.0,0.0,0.0,0.0,1,1,1
JacksonCore,4,FlexFL,1.0,1.0,1.0,1.0,1.0,1.0,0.0,0.0,0.0,1,1,1
JacksonCore,4,boostnsift,17.0,0.058824,0.058824,0.058823529411764705,0.058823529411764705,0.058823529411764705,4.7058823529622096e-07,4.7058823529622096e-07,4.7058823529622096e-07,0,0,0
JacksonCore,4,buglocator,1.0,1.0,1.0,1.0,1.0,1.0,0.0,0.0,0.0,1,1,1
JacksonCore,4,locus,1.0,1.0,1.0,1.0,1.0,1.0,0.0,0.0,0.0,1,1,1
JacksonCore,5,FlexFL,2.0,0.5,0.5,0.5,0.5,0.5,0.0,0.0,0.0,1,1,1
JacksonCore,5,boostnsift,1.0,1.0,1.0,1.0,1.0,1.0,0.0,0.0,0.0,1,1,1
JacksonCore,5,buglocator,1.0,1.0,1.0,1.0,1.0,1.0,0.0,0.0,0.0,1,1,1
JacksonCore,5,locus,1.0,1.0,1.0,1.0,1.0,1.0,0.0,0.0,0.0,1,1,1
JacksonCore,6,FlexFL,2.0,0.5,0.5,0.5,0.5,0.5,0.0,0.0,0.0,0,1,1
JacksonCore,6,boostnsift,1.0,1.0,1.0,1.0,1.0,1.0,0.0,0.0,0.0,1,1,1
JacksonCore,6,buglocator,1.0,1.0,1.0,1.0,1.0,1.0,0.0,0.0,0.0,1,1,1
JacksonCore,6,locus,1.0,1.0,1.0,1.0,1.0,1.0,0.0,0.0,0.0,1,1,1
JacksonCore,7,FlexFL,,0.0,0.0,0.0,0.0,0.0,0.0,0.0,0.0,0,0,0
JacksonCore,7,boostnsift,6.0,0.166667,0.166667,0.16666666666666666,0.16666666666666666,0.16666666666666666,3.333333333521704e-07,3.333333333521704e-07,3.333333333521704e-07,0,0,1
JacksonCore,7,buglocator,17.0,0.058824,0.058824,0.058823529411764705,0.058823529411764705,0.058823529411764705,4.7058823529622096e-07,4.7058823529622096e-07,4.7058823529622096e-07,0,0,0
JacksonCore,7,locus,9.0,0.111111,0.111111,0.1111111111111111,0.1111111111111111,0.1111111111111111,1.1111111110351235e-07,1.1111111110351235e-07,1.1111111110351235e-07,0,0,1
JacksonCore,8,FlexFL,1.0,1.0,1.0,1.0,1.0,1.0,0.0,0.0,0.0,1,1,1
JacksonCore,8,boostnsift,2.0,0.5,0.5,0.5,0.5,0.5,0.0,0.0,0.0,0,1,1
JacksonCore,8,buglocator,1.0,1.0,1.0,1.0,1.0,1.0,0.0,0.0,0.0,1,1,1
JacksonCore,8,locus,1.0,1.0,1.0,1.0,1.0,1.0,0.0,0.0,0.0,1,1,1
JacksonCore,9,FlexFL,4.0,0.25,0.1083333333333333,0.25,0.3472222222222222,0.25,0.14166666666666672,0.23888888888888893,0.14166666666666672,1,1,1
JacksonCore,9,boostnsift,5.0,0.2,0.2,0.2,0.30000000000000004,0.2,0.0,0.10000000000000003,0.0,0,1,1
JacksonCore,9,buglocator,7.0,0.142857,0.142857,0.14285714285714285,0.047619047619047616,0.14285714285714285,1.4285714283746032e-07,0.0952379523809524,1.4285714283746032e-07,0,0,1
JacksonCore,9,locus,4.0,0.25,0.25,0.25,0.3472222222222222,0.25,0.0,0.09722222222222221,0.0,0,1,1
JacksonCore,10,FlexFL,2.0,0.5,0.25,0.5,0.5,0.5,0.25,0.25,0.25,1,1,1
JacksonCore,10,boostnsift,5.0,0.2,0.2,0.2,0.2,0.2,0.0,0.0,0.0,0,1,1
JacksonCore,10,buglocator,1.0,1.0,1.0,1.0,1.0,1.0,0.0,0.0,0.0,1,1,1
JacksonCore,10,locus,3.0,0.333333,0.333333,0.3333333333333333,0.3333333333333333,0.3333333333333333,3.3333333332441484e-07,3.3333333332441484e-07,3.3333333332441484e-07,0,1,1
JacksonCore,11,FlexFL,1.0,1.0,1.0,1.0,1.0,1.0,0.0,0.0,0.0,1,1,1
JacksonCore,11,boostnsift,25.0,0.04,0.04,0.04,0.04,0.04,0.0,0.0,0.0,0,0,0
JacksonCore,11,buglocator,4.0,0.25,0.25,0.25,0.25,0.25,0.0,0.0,0.0,0,1,1
JacksonCore,11,locus,19.0,0.052632,0.052632,0.05263157894736842,0.05263157894736842,0.05263157894736842,4.2105263158009887e-07,4.2105263158009887e-07,4.2105263158009887e-07,0,0,0
JacksonCore,12,FlexFL,2.0,0.5,0.0714285714285714,0.5,0.5357142857142857,0.5,0.4285714285714286,0.4642857142857143,0.4285714285714286,1,1,1
JacksonCore,12,boostnsift,2.0,0.5,0.5,0.5,0.5357142857142857,0.5,0.0,0.0357142857142857,0.0,0,1,1
JacksonCore,12,buglocator,3.0,0.333333,0.333333,0.3333333333333333,0.41666666666666663,0.3333333333333333,3.3333333332441484e-07,0.08333366666666664,3.3333333332441484e-07,0,1,1
JacksonCore,12,locus,,0.0,0.0,0.0,0.0,0.0,0.0,0.0,0.0,0,0,0
JacksonCore,13,FlexFL,,0.0,0.0,0.0,0.0,0.0,0.0,0.0,0.0,0,0,0
JacksonCore,13,boostnsift,12.0,0.083333,0.083333,0.08333333333333333,0.0,0.08333333333333333,3.3333333332441484e-07,0.083333,3.3333333332441484e-07,0,0,0
JacksonCore,13,buglocator,45.0,0.022222,0.022222,0.022222222222222223,0.0,0.022222222222222223,2.2222222222437193e-07,0.022222,2.2222222222437193e-07,0,0,0
JacksonCore,13,locus,30.0,0.033333,0.033333,0.03333333333333333,0.0,0.03333333333333333,3.3333333333135373e-07,0.033333,3.3333333333135373e-07,0,0,0
JacksonCore,14,FlexFL,5.0,0.2,0.0666666666666666,0.2,0.2,0.2,0.13333333333333341,0.13333333333333341,0.13333333333333341,1,1,1
JacksonCore,14,boostnsift,10.0,0.1,0.1,0.1,0.1,0.1,0.0,0.0,0.0,0,0,1
JacksonCore,14,buglocator,2.0,0.5,0.5,0.5,0.5,0.5,0.0,0.0,0.0,0,1,1
JacksonCore,14,locus,1.0,1.0,1.0,1.0,1.0,1.0,0.0,0.0,0.0,1,1,1
JacksonCore,15,FlexFL,3.0,0.3333333333333333,0.3333333333333333,0.3333333333333333,0.3333333333333333,0.3333333333333333,0.0,0.0,0.0,0,1,1
JacksonCore,15,boostnsift,1.0,1.0,1.0,1.0,1.0,1.0,0.0,0.0,0.0,1,1,1
JacksonCore,15,buglocator,1.0,1.0,1.0,1.0,1.0,1.0,0.0,0.0,0.0,1,1,1
JacksonCore,15,locus,1.0,1.0,1.0,1.0,1.0,1.0,0.0,0.0,0.0,1,1,1
JacksonCore,16,FlexFL,1.0,1.0,0.75,1.0,1.0,1.0,0.25,0.25,0.25,1,1,1
JacksonCore,16,boostnsift,1.0,1.0,1.0,1.0,1.0,1.0,0.0,0.0,0.0,1,1,1
JacksonCore,16,buglocator,1.0,1.0,1.0,1.0,1.0,1.0,0.0,0.0,0.0,1,1,1
JacksonCore,16,locus,1.0,1.0,1.0,1.0,1.0,1.0,0.0,0.0,0.0,1,1,1
JacksonCore,17,FlexFL,1.0,1.0,1.0,1.0,1.0,1.0,0.0,0.0,0.0,1,1,1
JacksonCore,17,boostnsift,7.0,0.142857,0.142857,0.14285714285714285,0.14285714285714285,0.14285714285714285,1.4285714283746032e-07,1.4285714283746032e-07,1.4285714283746032e-07,0,0,1
JacksonCore,17,buglocator,1.0,1.0,1.0,1.0,1.0,1.0,0.0,0.0,0.0,1,1,1
JacksonCore,17,locus,3.0,0.333333,0.333333,0.3333333333333333,0.3333333333333333,0.3333333333333333,3.3333333332441484e-07,3.3333333332441484e-07,3.3333333332441484e-07,0,1,1
JacksonCore,18,FlexFL,1.0,1.0,0.5555555555555555,1.0,1.0,1.0,0.44444444444444453,0.44444444444444453,0.44444444444444453,1,1,1
JacksonCore,18,boostnsift,9.0,0.111111,0.111111,0.1111111111111111,0.037037037037037035,0.1111111111111111,1.1111111110351235e-07,0.07407396296296297,1.1111111110351235e-07,0,0,1
JacksonCore,18,buglocator,4.0,0.25,0.25,0.25,0.3472222222222222,0.25,0.0,0.09722222222222221,0.0,0,1,1
JacksonCore,18,locus,3.0,0.333333,0.333333,0.3333333333333333,0.41666666666666663,0.3333333333333333,3.3333333332441484e-07,0.08333366666666664,3.3333333332441484e-07,0,1,1
JacksonCore,19,FlexFL,1.0,1.0,1.0,1.0,1.0,1.0,0.0,0.0,0.0,1,1,1
JacksonCore,19,boostnsift,6.0,0.166667,0.166667,0.16666666666666666,0.08333333333333333,0.16666666666666666,3.333333333521704e-07,0.08333366666666668,3.333333333521704e-07,0,0,1
JacksonCore,19,buglocator,2.0,0.5,0.5,0.5,0.5357142857142857,0.5,0.0,0.0357142857142857,0.0,0,1,1
JacksonCore,19,locus,1.0,1.0,1.0,1.0,1.0,1.0,0.0,0.0,0.0,1,1,1
JacksonCore,20,FlexFL,1.0,1.0,1.0,1.0,1.0,1.0,0.0,0.0,0.0,1,1,1
JacksonCore,20,boostnsift,2.0,0.5,0.5,0.5,0.5,0.5,0.0,0.0,0.0,0,1,1
JacksonCore,20,buglocator,1.0,1.0,1.0,1.0,1.0,1.0,0.0,0.0,0.0,1,1,1
JacksonCore,20,locus,1.0,1.0,1.0,1.0,1.0,1.0,0.0,0.0,0.0,1,1,1
JacksonCore,21,FlexFL,3.0,0.3333333333333333,0.3333333333333333,0.3333333333333333,0.3333333333333333,0.3333333333333333,0.0,0.0,0.0,1,1,1
JacksonCore,21,boostnsift,1.0,1.0,1.0,1.0,1.0,1.0,0.0,0.0,0.0,1,1,1
JacksonCore,21,buglocator,4.0,0.25,0.25,0.25,0.25,0.25,0.0,0.0,0.0,0,1,1
JacksonCore,21,locus,3.0,0.333333,0.333333,0.3333333333333333,0.3333333333333333,0.3333333333333333,3.3333333332441484e-07,3.3333333332441484e-07,3.3333333332441484e-07,0,1,1
JacksonCore,22,FlexFL,2.0,0.5,0.5,0.5,0.5,0.5,0.0,0.0,0.0,0,1,1
JacksonCore,22,boostnsift,4.0,0.25,0.25,0.25,0.25,0.25,0.0,0.0,0.0,0,1,1
JacksonCore,22,buglocator,3.0,0.333333,0.333333,0.3333333333333333,0.3333333333333333,0.3333333333333333,3.3333333332441484e-07,3.3333333332441484e-07,3.3333333332441484e-07,0,1,1
JacksonCore,22,locus,2.0,0.5,0.5,0.5,0.5,0.5,0.0,0.0,0.0,0,1,1
JacksonCore,23,FlexFL,1.0,1.0,1.0,1.0,1.0,1.0,0.0,0.0,0.0,1,1,1
JacksonCore,23,boostnsift,6.0,0.166667,0.166667,0.16666666666666666,0.16666666666666666,0.16666666666666666,3.333333333521704e-07,3.333333333521704e-07,3.333333333521704e-07,0,0,1
JacksonCore,23,buglocator,1.0,1.0,1.0,1.0,1.0,1.0,0.0,0.0,0.0,1,1,1
JacksonCore,23,locus,2.0,0.5,0.5,0.5,0.5,0.5,0.0,0.0,0.0,0,1,1
JacksonCore,24,FlexFL,4.0,0.25,0.0625,0.25,0.3472222222222222,0.25,0.1875,0.2847222222222222,0.1875,1,1,1
JacksonCore,24,boostnsift,5.0,0.2,0.2,0.2,0.30000000000000004,0.2,0.0,0.10000000000000003,0.0,0,1,1
JacksonCore,24,buglocator,4.0,0.25,0.25,0.25,0.3472222222222222,0.25,0.0,0.09722222222222221,0.0,0,1,1
JacksonCore,24,locus,18.0,0.055556,0.055556,0.05555555555555555,0.027777777777777776,0.05555555555555555,4.4444444444874387e-07,0.027778222222222225,4.4444444444874387e-07,0,0,0
JacksonCore,25,FlexFL,2.0,0.5,0.5,0.5,0.5,0.5,0.0,0.0,0.0,0,1,1
JacksonCore,25,boostnsift,14.0,0.071429,0.071429,0.07142857142857142,0.07142857142857142,0.07142857142857142,4.285714285817699e-07,4.285714285817699e-07,4.285714285817699e-07,0,0,0
JacksonCore,25,buglocator,2.0,0.5,0.5,0.5,0.5,0.5,0.0,0.0,0.0,0,1,1
JacksonCore,25,locus,8.0,0.125,0.125,0.125,0.125,0.125,0.0,0.0,0.0,0,0,1
JacksonCore,26,FlexFL,1.0,1.0,1.0,1.0,1.0,1.0,0.0,0.0,0.0,1,1,1
JacksonCore,26,boostnsift,15.0,0.066667,0.066667,0.06666666666666667,0.06666666666666667,0.06666666666666667,3.333333333382926e-07,3.333333333382926e-07,3.333333333382926e-07,0,0,0
JacksonCore,26,buglocator,10.0,0.1,0.1,0.1,0.1,0.1,0.0,0.0,0.0,0,0,1
JacksonCore,26,locus,2.0,0.5,0.5,0.5,0.5,0.5,0.0,0.0,0.0,0,1,1
JacksonDatabind,1,FlexFL,1.0,1.0,1.0,1.0,1.0,1.0,0.0,0.0,0.0,1,1,1
JacksonDatabind,1,boostnsift,1.0,1.0,1.0,1.0,1.0,1.0,0.0,0.0,0.0,1,1,1
JacksonDatabind,1,buglocator,1.0,1.0,1.0,1.0,1.0,1.0,0.0,0.0,0.0,1,1,1
JacksonDatabind,1,locus,1.0,1.0,1.0,1.0,1.0,1.0,0.0,0.0,0.0,1,1,1
JacksonDatabind,2,FlexFL,,0.0,0.0,0.0,0.0,0.0,0.0,0.0,0.0,0,0,0
JacksonDatabind,2,boostnsift,2.0,0.5,0.5,0.5,0.5,0.5,0.0,0.0,0.0,0,1,1
JacksonDatabind,2,buglocator,2.0,0.5,0.5,0.5,0.5,0.5,0.0,0.0,0.0,0,1,1
JacksonDatabind,2,locus,8.0,0.125,0.125,0.125,0.125,0.125,0.0,0.0,0.0,0,0,1
JacksonDatabind,3,FlexFL,1.0,1.0,1.0,1.0,1.0,1.0,0.0,0.0,0.0,1,1,1
JacksonDatabind,3,boostnsift,80.0,0.0125,0.0125,0.0125,0.0125,0.0125,0.0,0.0,0.0,0,0,0
JacksonDatabind,3,buglocator,272.0,0.003676,0.003676,0.003676470588235294,0.003676470588235294,0.003676470588235294,4.7058823529405255e-07,4.7058823529405255e-07,4.7058823529405255e-07,0,0,0
JacksonDatabind,3,locus,247.0,0.004049,0.004049,0.004048582995951417,0.004048582995951417,0.004048582995951417,4.170040485826018e-07,4.170040485826018e-07,4.170040485826018e-07,0,0,0
JacksonDatabind,4,FlexFL,,0.0,0.0,0.0,0.0,0.0,0.0,0.0,0.0,0,0,0
JacksonDatabind,4,boostnsift,100.0,0.01,0.01,0.01,0.01,0.01,0.0,0.0,0.0,0,0,0
JacksonDatabind,4,buglocator,342.0,0.002924,0.002924,0.0029239766081871343,0.0029239766081871343,0.0029239766081871343,2.3391812865609235e-08,2.3391812865609235e-08,2.3391812865609235e-08,0,0,0
JacksonDatabind,4,locus,249.0,0.004016,0.004016,0.004016064257028112,0.004016064257028112,0.004016064257028112,6.425702811247574e-08,6.425702811247574e-08,6.425702811247574e-08,0,0,0
JacksonDatabind,5,FlexFL,1.0,1.0,1.0,1.0,1.0,1.0,0.0,0.0,0.0,1,1,1
JacksonDatabind,5,boostnsift,2.0,0.5,0.5,0.5,0.5,0.5,0.0,0.0,0.0,0,1,1
JacksonDatabind,5,buglocator,3.0,0.333333,0.333333,0.3333333333333333,0.3333333333333333,0.3333333333333333,3.3333333332441484e-07,3.3333333332441484e-07,3.3333333332441484e-07,0,1,1
JacksonDatabind,5,locus,2.0,0.5,0.5,0.5,0.5,0.5,0.0,0.0,0.0,0,1,1
JacksonDatabind,6,FlexFL,1.0,1.0,1.0,1.0,1.0,1.0,0.0,0.0,0.0,1,1,1
JacksonDatabind,6,boostnsift,1.0,1.0,1.0,1.0,1.0,1.0,0.0,0.0,0.0,1,1,1
JacksonDatabind,6,buglocator,1.0,1.0,1.0,1.0,1.0,1.0,0.0,0.0,0.0,1,1,1
JacksonDatabind,6,locus,2.0,0.5,0.5,0.5,0.5,0.5,0.0,0.0,0.0,0,1,1
JacksonDatabind,7,FlexFL,1.0,1.0,1.0,1.0,1.0,1.0,0.0,0.0,0.0,1,1,1
JacksonDatabind,7,boostnsift,10.0,0.1,0.1,0.1,0.1,0.1,0.0,0.0,0.0,0,0,1
JacksonDatabind,7,buglocator,3.0,0.333333,0.333333,0.3333333333333333,0.3333333333333333,0.3333333333333333,3.3333333332441484e-07,3.3333333332441484e-07,3.3333333332441484e-07,0,1,1
JacksonDatabind,7,locus,1.0,1.0,1.0,1.0,1.0,1.0,0.0,0.0,0.0,1,1,1
JacksonDatabind,8,FlexFL,5.0,0.2,0.2,0.2,0.2,0.2,0.0,0.0,0.0,0,1,1
JacksonDatabind,8,boostnsift,13.0,0.076923,0.076923,0.07692307692307693,0.07692307692307693,0.07692307692307693,7.692307692208633e-08,7.692307692208633e-08,7.692307692208633e-08,0,0,0
JacksonDatabind,8,buglocator,10.0,0.1,0.1,0.1,0.1,0.1,0.0,0.0,0.0,0,0,1
JacksonDatabind,8,locus,69.0,0.014493,0.014493,0.014492753623188406,0.014492753623188406,0.014492753623188406,2.463768115947007e-07,2.463768115947007e-07,2.463768115947007e-07,0,0,0
JacksonDatabind,9,FlexFL,,0.0,0.0,0.0,0.0,0.0,0.0,0.0,0.0,0,0,0
JacksonDatabind,9,boostnsift,146.0,0.006849,0.006849,0.00684931506849315,0.00684931506849315,0.00684931506849315,3.150684931502515e-07,3.150684931502515e-07,3.150684931502515e-07,0,0,0
JacksonDatabind,9,buglocator,210.0,0.004762,0.004762,0.004761904761904762,0.004761904761904762,0.004761904761904762,9.523809523740573e-08,9.523809523740573e-08,9.523809523740573e-08,0,0,0
JacksonDatabind,9,locus,96.0,0.010417,0.010417,0.010416666666666666,0.010416666666666666,0.010416666666666666,3.3333333333308846e-07,3.3333333333308846e-07,3.3333333333308846e-07,0,0,0
JacksonDatabind,10,FlexFL,1.0,1.0,1.0,1.0,1.0,1.0,0.0,0.0,0.0,1,1,1
JacksonDatabind,10,boostnsift,9.0,0.111111,0.111111,0.1111111111111111,0.05555555555555555,0.1111111111111111,1.1111111110351235e-07,0.05555544444444445,1.1111111110351235e-07,0,0,1
JacksonDatabind,10,buglocator,34.0,0.029412,0.029412,0.029411764705882353,0.014705882352941176,0.029411764705882353,2.3529411764811048e-07,0.014706117647058824,2.3529411764811048e-07,0,0,0
JacksonDatabind,10,locus,18.0,0.055556,0.055556,0.05555555555555555,0.027777777777777776,0.05555555555555555,4.4444444444874387e-07,0.027778222222222225,4.4444444444874387e-07,0,0,0
JacksonDatabind,11,FlexFL,1.0,1.0,1.0,1.0,1.0,1.0,0.0,0.0,0.0,1,1,1
JacksonDatabind,11,boostnsift,22.0,0.045455,0.045455,0.045454545454545456,0.045454545454545456,0.045454545454545456,4.5454545454653994e-07,4.5454545454653994e-07,4.5454545454653994e-07,0,0,0
JacksonDatabind,11,buglocator,102.0,0.009804,0.009804,0.00980392156862745,0.00980392156862745,0.00980392156862745,7.843137254937016e-08,7.843137254937016e-08,7.843137254937016e-08,0,0,0
JacksonDatabind,11,locus,119.0,0.008403,0.008403,0.008403361344537815,0.008403361344537815,0.008403361344537815,3.613445378140151e-07,3.613445378140151e-07,3.613445378140151e-07,0,0,0
JacksonDatabind,12,FlexFL,,0.0,0.0,0.0,0.0,0.0,0.0,0.0,0.0,0,0,0
JacksonDatabind,12,boostnsift,4.0,0.25,0.25,0.25,0.25,0.25,0.0,0.0,0.0,0,1,1
JacksonDatabind,12,buglocator,15.0,0.066667,0.066667,0.06666666666666667,0.06666666666666667,0.06666666666666667,3.333333333382926e-07,3.333333333382926e-07,3.333333333382926e-07,0,0,0
JacksonDatabind,12,locus,111.0,0.009009,0.009009,0.009009009009009009,0.009009009009009009,0.009009009009009009,9.009009009283697e-09,9.009009009283697e-09,9.009009009283697e-09,0,0,0
JacksonDatabind,13,FlexFL,4.0,0.25,0.25,0.25,0.3472222222222222,0.25,0.0,0.09722222222222221,0.0,0,1,1
JacksonDatabind,13,boostnsift,1.0,1.0,1.0,1.0,1.0,1.0,0.0,0.0,0.0,1,1,1
JacksonDatabind,13,buglocator,112.0,0.008929,0.008929,0.008928571428571428,0.004464285714285714,0.008928571428571428,4.2857142857136155e-07,0.004464714285714285,4.2857142857136155e-07,0,0,0
JacksonDatabind,13,locus,22.0,0.045455,0.045455,0.045454545454545456,0.022727272727272728,0.045454545454545456,4.5454545454653994e-07,0.022727727272727274,4.5454545454653994e-07,0,0,0
JacksonDatabind,14,FlexFL,2.0,0.5,0.5,0.5,0.5,0.5,0.0,0.0,0.0,0,1,1
JacksonDatabind,14,boostnsift,6.0,0.166667,0.166667,0.16666666666666666,0.16666666666666666,0.16666666666666666,3.333333333521704e-07,3.333333333521704e-07,3.333333333521704e-07,0,0,1
JacksonDatabind,14,buglocator,2.0,0.5,0.5,0.5,0.5,0.5,0.0,0.0,0.0,0,1,1
JacksonDatabind,14,locus,1.0,1.0,1.0,1.0,1.0,1.0,0.0,0.0,0.0,1,1,1
JacksonDatabind,15,FlexFL,1.0,1.0,1.0,1.0,1.0,1.0,0.0,0.0,0.0,1,1,1
JacksonDatabind,15,boostnsift,3.0,0.333333,0.333333,0.3333333333333333,0.41666666666666663,0.3333333333333333,3.3333333332441484e-07,0.08333366666666664,3.3333333332441484e-07,0,1,1
JacksonDatabind,15,buglocator,18.0,0.055556,0.055556,0.05555555555555555,0.013888888888888888,0.05555555555555555,4.4444444444874387e-07,0.04166711111111111,4.4444444444874387e-07,0,0,0
JacksonDatabind,15,locus,18.0,0.055556,0.055556,0.05555555555555555,0.013888888888888888,0.05555555555555555,4.4444444444874387e-07,0.04166711111111111,4.4444444444874387e-07,0,0,0
JacksonDatabind,16,FlexFL,,0.0,0.0,0.0,0.0,0.0,0.0,0.0,0.0,0,0,0
JacksonDatabind,16,boostnsift,212.0,0.004717,0.004717,0.0047169811320754715,0.0047169811320754715,0.0047169811320754715,1.8867924528320756e-08,1.8867924528320756e-08,1.8867924528320756e-08,0,0,0
JacksonDatabind,16,buglocator,291.0,0.003436,0.003436,0.003436426116838488,0.003436426116838488,0.003436426116838488,4.261168384880887e-07,4.261168384880887e-07,4.261168384880887e-07,0,0,0
JacksonDatabind,16,locus,303.0,0.0033,0.0033,0.0033003300330033004,0.0033003300330033004,0.0033003300330033004,3.3003300330038815e-07,3.3003300330038815e-07,3.3003300330038815e-07,0,0,0
JacksonDatabind,17,FlexFL,,0.0,0.0,0.0,0.0,0.0,0.0,0.0,0.0,0,0,0
JacksonDatabind,17,boostnsift,4.0,0.25,0.25,0.25,0.25,0.25,0.0,0.0,0.0,0,1,1
JacksonDatabind,17,buglocator,1.0,1.0,1.0,1.0,1.0,1.0,0.0,0.0,0.0,1,1,1
JacksonDatabind,17,locus,3.0,0.333333,0.333333,0.3333333333333333,0.3333333333333333,0.3333333333333333,3.3333333332441484e-07,3.3333333332441484e-07,3.3333333332441484e-07,0,1,1
JacksonDatabind,18,FlexFL,3.0,0.3333333333333333,0.0833333333333333,0.3333333333333333,0.3333333333333333,0.3333333333333333,0.25,0.25,0.25,0,1,1
JacksonDatabind,18,boostnsift,1.0,1.0,1.0,1.0,1.0,1.0,0.0,0.0,0.0,1,1,1
JacksonDatabind,18,buglocator,5.0,0.2,0.2,0.2,0.2,0.2,0.0,0.0,0.0,0,1,1
JacksonDatabind,18,locus,4.0,0.25,0.25,0.25,0.25,0.25,0.0,0.0,0.0,0,1,1
JacksonDatabind,19,FlexFL,,0.0,0.0,0.0,0.0,0.0,0.0,0.0,0.0,0,0,0
JacksonDatabind,19,boostnsift,8.0,0.125,0.125,0.125,0.125,0.125,0.0,0.0,0.0,0,0,1
JacksonDatabind,19,buglocator,4.0,0.25,0.25,0.25,0.25,0.25,0.0,0.0,0.0,0,1,1
JacksonDatabind,19,locus,14.0,0.071429,0.071429,0.07142857142857142,0.07142857142857142,0.07142857142857142,4.285714285817699e-07,4.285714285817699e-07,4.285714285817699e-07,0,0,0
JacksonDatabind,20,FlexFL,,0.0,0.0,0.0,0.0,0.0,0.0,0.0,0.0,0,0,0
JacksonDatabind,20,boostnsift,9.0,0.111111,0.111111,0.1111111111111111,0.1111111111111111,0.1111111111111111,1.1111111110351235e-07,1.1111111110351235e-07,1.1111111110351235e-07,0,0,1
JacksonDatabind,20,buglocator,9.0,0.111111,0.111111,0.1111111111111111,0.1111111111111111,0.1111111111111111,1.1111111110351235e-07,1.1111111110351235e-07,1.1111111110351235e-07,0,0,1
JacksonDatabind,20,locus,12.0,0.083333,0.083333,0.08333333333333333,0.08333333333333333,0.08333333333333333,3.3333333332441484e-07,3.3333333332441484e-07,3.3333333332441484e-07,0,0,0
JacksonDatabind,21,FlexFL,,0.0,0.0,0.0,0.0,0.0,0.0,0.0,0.0,0,0,0
JacksonDatabind,21,boostnsift,82.0,0.012195,0.012195,0.012195121951219513,0.0,0.012195121951219513,1.2195121951337484e-07,0.012195,1.2195121951337484e-07,0,0,0
JacksonDatabind,21,buglocator,339.0,0.00295,0.00295,0.0029498525073746312,0.0,0.0029498525073746312,1.474926253687038e-07,0.00295,1.474926253687038e-07,0,0,0
JacksonDatabind,21,locus,177.0,0.00565,0.00565,0.005649717514124294,0.0,0.005649717514124294,2.8248587570587486e-07,0.00565,2.8248587570587486e-07,0,0,0
JacksonDatabind,22,FlexFL,5.0,0.2,0.2,0.2,0.30000000000000004,0.2,0.0,0.10000000000000003,0.0,0,1,1
JacksonDatabind,22,boostnsift,1.0,1.0,1.0,1.0,1.0,1.0,0.0,0.0,0.0,1,1,1
JacksonDatabind,22,buglocator,51.0,0.019608,0.019608,0.0196078431372549,0.00980392156862745,0.0196078431372549,1.5686274509874032e-07,0.00980407843137255,1.5686274509874032e-07,0,0,0
JacksonDatabind,22,locus,3.0,0.333333,0.333333,0.3333333333333333,0.41666666666666663,0.3333333333333333,3.3333333332441484e-07,0.08333366666666664,3.3333333332441484e-07,0,1,1
JacksonDatabind,23,FlexFL,,0.0,0.0,0.0,0.0,0.0,0.0,0.0,0.0,0,0,0
JacksonDatabind,23,boostnsift,372.0,0.002688,0.002688,0.002688172043010753,0.0,0.002688172043010753,1.7204301075305142e-07,0.002688,1.7204301075305142e-07,0,0,0
JacksonDatabind,23,buglocator,55.0,0.018182,0.018182,0.01818181818181818,0.0,0.01818181818181818,1.8181818181930987e-07,0.018182,1.8181818181930987e-07,0,0,0
JacksonDatabind,23,locus,229.0,0.004367,0.004367,0.004366812227074236,0.0,0.004366812227074236,1.8777292576464127e-07,0.004367,1.8777292576464127e-07,0,0,0
JacksonDatabind,24,FlexFL,,0.0,0.0,0.0,0.0,0.0,0.0,0.0,0.0,0,0,0
JacksonDatabind,24,boostnsift,6.0,0.166667,0.166667,0.16666666666666666,0.16666666666666666,0.16666666666666666,3.333333333521704e-07,3.333333333521704e-07,3.333333333521704e-07,0,0,1
JacksonDatabind,24,buglocator,16.0,0.0625,0.0625,0.0625,0.0625,0.0625,0.0,0.0,0.0,0,0,0
JacksonDatabind,24,locus,23.0,0.043478,0.043478,0.043478260869565216,0.043478260869565216,0.043478260869565216,2.608695652134285e-07,2.608695652134285e-07,2.608695652134285e-07,0,0,0
JacksonDatabind,25,FlexFL,2.0,0.5,0.5,0.5,0.5357142857142857,0.5,0.0,0.0357142857142857,0.0,0,1,1
JacksonDatabind,25,boostnsift,131.0,0.007634,0.007634,0.007633587786259542,0.0019083969465648854,0.007633587786259542,4.1221374045847387e-07,0.005725603053435115,4.1221374045847387e-07,0,0,0
JacksonDatabind,25,buglocator,219.0,0.004566,0.004566,0.0045662100456621,0.001141552511415525,0.0045662100456621,2.1004566210045678e-07,0.0034244474885844747,2.1004566210045678e-07,0,0,0
JacksonDatabind,25,locus,297.0,0.003367,0.003367,0.003367003367003367,0.0008417508417508417,0.003367003367003367,3.367003366654825e-09,0.0025252491582491584,3.367003366654825e-09,0,0,0
JacksonDatabind,26,FlexFL,,0.0,0.0,0.0,0.0,0.0,0.0,0.0,0.0,0,0,0
JacksonDatabind,26,boostnsift,5.0,0.2,0.2,0.2,0.0,0.2,0.0,0.2,0.0,0,1,1
JacksonDatabind,26,buglocator,40.0,0.025,0.025,0.025,0.0,0.025,0.0,0.025,0.0,0,0,0
JacksonDatabind,26,locus,39.0,0.025641,0.025641,0.02564102564102564,0.0,0.02564102564102564,2.564102563953896e-08,0.025641,2.564102563953896e-08,0,0,0
JacksonDatabind,27,FlexFL,4.0,0.25,0.25,0.25,0.25,0.25,0.0,0.0,0.0,0,1,1
JacksonDatabind,27,boostnsift,1.0,1.0,1.0,1.0,1.0,1.0,0.0,0.0,0.0,1,1,1
JacksonDatabind,27,buglocator,1.0,1.0,1.0,1.0,1.0,1.0,0.0,0.0,0.0,1,1,1
JacksonDatabind,27,locus,13.0,0.076923,0.076923,0.07692307692307693,0.07692307692307693,0.07692307692307693,7.692307692208633e-08,7.692307692208633e-08,7.692307692208633e-08,0,0,0
JacksonDatabind,28,FlexFL,3.0,0.3333333333333333,0.3333333333333333,0.3333333333333333,0.3333333333333333,0.3333333333333333,0.0,0.0,0.0,0,1,1
JacksonDatabind,28,boostnsift,33.0,0.030303,0.030303,0.030303030303030304,0.030303030303030304,0.030303030303030304,3.030303030379655e-08,3.030303030379655e-08,3.030303030379655e-08,0,0,0
JacksonDatabind,28,buglocator,4.0,0.25,0.25,0.25,0.25,0.25,0.0,0.0,0.0,0,1,1
JacksonDatabind,28,locus,3.0,0.333333,0.333333,0.3333333333333333,0.3333333333333333,0.3333333333333333,3.3333333332441484e-07,3.3333333332441484e-07,3.3333333332441484e-07,0,1,1
JacksonDatabind,29,FlexFL,2.0,0.5,0.5,0.5,0.5,0.5,0.0,0.0,0.0,0,1,1
JacksonDatabind,29,boostnsift,13.0,0.076923,0.076923,0.07692307692307693,0.07692307692307693,0.07692307692307693,7.692307692208633e-08,7.692307692208633e-08,7.692307692208633e-08,0,0,0
JacksonDatabind,29,buglocator,7.0,0.142857,0.142857,0.14285714285714285,0.14285714285714285,0.14285714285714285,1.4285714283746032e-07,1.4285714283746032e-07,1.4285714283746032e-07,0,0,1
JacksonDatabind,29,locus,28.0,0.035714,0.035714,0.03571428571428571,0.03571428571428571,0.03571428571428571,2.857142857096151e-07,2.857142857096151e-07,2.857142857096151e-07,0,0,0
JacksonDatabind,30,FlexFL,1.0,1.0,0.25,1.0,1.0,1.0,0.75,0.75,0.75,1,1,1
JacksonDatabind,30,boostnsift,8.0,0.125,0.125,0.125,0.0625,0.125,0.0,0.0625,0.0,0,0,1
JacksonDatabind,30,buglocator,26.0,0.038462,0.038462,0.038461538461538464,0.019230769230769232,0.038461538461538464,4.615384615394569e-07,0.01923123076923077,4.615384615394569e-07,0,0,0
JacksonDatabind,30,locus,9.0,0.111111,0.111111,0.1111111111111111,0.05555555555555555,0.1111111111111111,1.1111111110351235e-07,0.05555544444444445,1.1111111110351235e-07,0,0,1
JacksonDatabind,31,FlexFL,4.0,0.25,0.0147058823529411,0.25,0.25,0.25,0.2352941176470589,0.2352941176470589,0.2352941176470589,0,1,1
JacksonDatabind,31,boostnsift,6.0,0.166667,0.166667,0.16666666666666666,0.16666666666666666,0.16666666666666666,3.333333333521704e-07,3.333333333521704e-07,3.333333333521704e-07,0,0,1
JacksonDatabind,31,buglocator,52.0,0.019231,0.019231,0.019230769230769232,0.019230769230769232,0.019230769230769232,2.3076923076972844e-07,2.3076923076972844e-07,2.3076923076972844e-07,0,0,0
JacksonDatabind,31,locus,30.0,0.033333,0.033333,0.03333333333333333,0.03333333333333333,0.03333333333333333,3.3333333333135373e-07,3.3333333333135373e-07,3.3333333333135373e-07,0,0,0
JacksonDatabind,32,FlexFL,1.0,1.0,1.0,1.0,1.0,1.0,0.0,0.0,0.0,1,1,1
JacksonDatabind,32,boostnsift,2.0,0.5,0.5,0.5,0.5357142857142857,0.5,0.0,0.0357142857142857,0.0,0,1,1
JacksonDatabind,32,buglocator,3.0,0.333333,0.333333,0.3333333333333333,0.41666666666666663,0.3333333333333333,3.3333333332441484e-07,0.08333366666666664,3.3333333332441484e-07,0,1,1
JacksonDatabind,32,locus,5.0,0.2,0.2,0.2,0.30000000000000004,0.2,0.0,0.10000000000000003,0.0,0,1,1
JacksonDatabind,33,FlexFL,,0.0,0.0,0.0,0.0,0.0,0.0,0.0,0.0,0,0,0
JacksonDatabind,33,boostnsift,35.0,0.028571,0.028571,0.02857142857142857,0.02857142857142857,0.02857142857142857,4.2857142857136155e-07,4.2857142857136155e-07,4.2857142857136155e-07,0,0,0
JacksonDatabind,33,buglocator,106.0,0.009434,0.009434,0.009433962264150943,0.009433962264150943,0.009433962264150943,3.773584905664151e-08,3.773584905664151e-08,3.773584905664151e-08,0,0,0
JacksonDatabind,33,locus,48.0,0.020833,0.020833,0.020833333333333332,0.020833333333333332,0.020833333333333332,3.3333333333135373e-07,3.3333333333135373e-07,3.3333333333135373e-07,0,0,0
JacksonDatabind,34,FlexFL,1.0,1.0,1.0,1.0,1.0,1.0,0.0,0.0,0.0,1,1,1
JacksonDatabind,34,boostnsift,3.0,0.333333,0.333333,0.3333333333333333,0.3333333333333333,0.3333333333333333,3.3333333332441484e-07,3.3333333332441484e-07,3.3333333332441484e-07,0,1,1
JacksonDatabind,34,buglocator,112.0,0.008929,0.008929,0.008928571428571428,0.008928571428571428,0.008928571428571428,4.2857142857136155e-07,4.2857142857136155e-07,4.2857142857136155e-07,0,0,0
JacksonDatabind,34,locus,14.0,0.071429,0.071429,0.07142857142857142,0.07142857142857142,0.07142857142857142,4.285714285817699e-07,4.285714285817699e-07,4.285714285817699e-07,0,0,0
JacksonDatabind,35,FlexFL,5.0,0.2,0.2,0.2,0.2,0.2,0.0,0.0,0.0,0,1,1
JacksonDatabind,35,boostnsift,3.0,0.333333,0.333333,0.3333333333333333,0.3333333333333333,0.3333333333333333,3.3333333332441484e-07,3.3333333332441484e-07,3.3333333332441484e-07,0,1,1
JacksonDatabind,35,buglocator,42.0,0.02381,0.02381,0.023809523809523808,0.023809523809523808,0.023809523809523808,4.761904761931002e-07,4.761904761931002e-07,4.761904761931002e-07,0,0,0
JacksonDatabind,35,locus,20.0,0.05,0.05,0.05,0.05,0.05,0.0,0.0,0.0,0,0,0
JacksonDatabind,36,FlexFL,1.0,1.0,1.0,1.0,1.0,1.0,0.0,0.0,0.0,1,1,1
JacksonDatabind,36,boostnsift,1.0,1.0,1.0,1.0,1.0,1.0,0.0,0.0,0.0,1,1,1
JacksonDatabind,36,buglocator,1.0,1.0,1.0,1.0,1.0,1.0,0.0,0.0,0.0,1,1,1
JacksonDatabind,36,locus,1.0,1.0,1.0,1.0,1.0,1.0,0.0,0.0,0.0,1,1,1
JacksonDatabind,37,FlexFL,,0.0,0.0,0.0,0.0,0.0,0.0,0.0,0.0,0,0,0
JacksonDatabind,37,boostnsift,145.0,0.006897,0.006897,0.006896551724137931,0.006896551724137931,0.006896551724137931,4.4827586206941383e-07,4.4827586206941383e-07,4.4827586206941383e-07,0,0,0
JacksonDatabind,37,buglocator,61.0,0.016393,0.016393,0.01639344262295082,0.01639344262295082,0.01639344262295082,4.426229508192048e-07,4.426229508192048e-07,4.426229508192048e-07,0,0,0
JacksonDatabind,37,locus,233.0,0.004292,0.004292,0.004291845493562232,0.004291845493562232,0.004291845493562232,1.5450643776806355e-07,1.5450643776806355e-07,1.5450643776806355e-07,0,0,0
JacksonDatabind,38,FlexFL,1.0,1.0,0.3333333333333333,1.0,1.0,1.0,0.6666666666666667,0.6666666666666667,0.6666666666666667,1,1,1
JacksonDatabind,38,boostnsift,1.0,1.0,1.0,1.0,1.0,1.0,0.0,0.0,0.0,1,1,1
JacksonDatabind,38,buglocator,1.0,1.0,1.0,1.0,1.0,1.0,0.0,0.0,0.0,1,1,1
JacksonDatabind,38,locus,1.0,1.0,1.0,1.0,1.0,1.0,0.0,0.0,0.0,1,1,1
JacksonDatabind,39,FlexFL,,0.0,0.0,0.0,0.0,0.0,0.0,0.0,0.0,0,0,0
JacksonDatabind,39,boostnsift,254.0,0.003937,0.003937,0.003937007874015748,0.003937007874015748,0.003937007874015748,7.874015747581786e-09,7.874015747581786e-09,7.874015747581786e-09,0,0,0
JacksonDatabind,39,buglocator,478.0,0.002092,0.002092,0.0020920502092050207,0.0020920502092050207,0.0020920502092050207,5.020920502063139e-08,5.020920502063139e-08,5.020920502063139e-08,0,0,0
JacksonDatabind,39,locus,666.0,0.001502,0.001502,0.0015015015015015015,0.0015015015015015015,0.0015015015015015015,4.984984984985914e-07,4.984984984985914e-07,4.984984984985914e-07,0,0,0
JacksonDatabind,40,FlexFL,,0.0,0.0,0.0,0.0,0.0,0.0,0.0,0.0,0,0,0
JacksonDatabind,40,boostnsift,24.0,0.041667,0.041667,0.041666666666666664,0.0,0.041666666666666664,3.333333333382926e-07,0.041667,3.333333333382926e-07,0,0,0
JacksonDatabind,40,buglocator,2.0,0.5,0.5,0.5,0.0,0.5,0.0,0.5,0.0,0,1,1
JacksonDatabind,40,locus,12.0,0.083333,0.083333,0.08333333333333333,0.0,0.08333333333333333,3.3333333332441484e-07,0.083333,3.3333333332441484e-07,0,0,0
JacksonDatabind,41,FlexFL,1.0,1.0,1.0,1.0,1.0,1.0,0.0,0.0,0.0,1,1,1
JacksonDatabind,41,boostnsift,13.0,0.076923,0.076923,0.07692307692307693,0.07692307692307693,0.07692307692307693,7.692307692208633e-08,7.692307692208633e-08,7.692307692208633e-08,0,0,0
JacksonDatabind,41,buglocator,1.0,1.0,1.0,1.0,1.0,1.0,0.0,0.0,0.0,1,1,1
JacksonDatabind,41,locus,2.0,0.5,0.5,0.5,0.5,0.5,0.0,0.0,0.0,0,1,1
JacksonDatabind,42,FlexFL,1.0,1.0,1.0,1.0,1.0,1.0,0.0,0.0,0.0,1,1,1
JacksonDatabind,42,boostnsift,27.0,0.037037,0.037037,0.037037037037037035,0.037037037037037035,0.037037037037037035,3.7037037034504117e-08,3.7037037034504117e-08,3.7037037034504117e-08,0,0,0
JacksonDatabind,42,buglocator,24.0,0.041667,0.041667,0.041666666666666664,0.041666666666666664,0.041666666666666664,3.333333333382926e-07,3.333333333382926e-07,3.333333333382926e-07,0,0,0
JacksonDatabind,42,locus,344.0,0.002907,0.002907,0.0029069767441860465,0.0029069767441860465,0.0029069767441860465,2.3255813953390603e-08,2.3255813953390603e-08,2.3255813953390603e-08,0,0,0
JacksonDatabind,43,FlexFL,,0.0,0.0,0.0,0.0,0.0,0.0,0.0,0.0,0,0,0
JacksonDatabind,43,boostnsift,38.0,0.026316,0.026316,0.02631578947368421,0.02631578947368421,0.02631578947368421,2.1052631579004943e-07,2.1052631579004943e-07,2.1052631579004943e-07,0,0,0
JacksonDatabind,43,buglocator,253.0,0.003953,0.003953,0.003952569169960474,0.003952569169960474,0.003952569169960474,4.3083003952587573e-07,4.3083003952587573e-07,4.3083003952587573e-07,0,0,0
JacksonDatabind,43,locus,84.0,0.011905,0.011905,0.011904761904761904,0.011904761904761904,0.011904761904761904,2.380952380965501e-07,2.380952380965501e-07,2.380952380965501e-07,0,0,0
JacksonDatabind,44,FlexFL,,0.0,0.0,0.0,0.0,0.0,0.0,0.0,0.0,0,0,0
JacksonDatabind,44,boostnsift,48.0,0.020833,0.020833,0.020833333333333332,0.020833333333333332,0.020833333333333332,3.3333333333135373e-07,3.3333333333135373e-07,3.3333333333135373e-07,0,0,0
JacksonDatabind,44,buglocator,160.0,0.00625,0.00625,0.00625,0.00625,0.00625,0.0,0.0,0.0,0,0,0
JacksonDatabind,44,locus,75.0,0.013333,0.013333,0.013333333333333334,0.013333333333333334,0.013333333333333334,3.333333333348232e-07,3.333333333348232e-07,3.333333333348232e-07,0,0,0
JacksonDatabind,45,FlexFL,1.0,1.0,1.0,1.0,1.0,1.0,0.0,0.0,0.0,1,1,1
JacksonDatabind,45,boostnsift,3.0,0.333333,0.333333,0.3333333333333333,0.3333333333333333,0.3333333333333333,3.3333333332441484e-07,3.3333333332441484e-07,3.3333333332441484e-07,0,1,1
JacksonDatabind,45,buglocator,26.0,0.038462,0.038462,0.038461538461538464,0.038461538461538464,0.038461538461538464,4.615384615394569e-07,4.615384615394569e-07,4.615384615394569e-07,0,0,0
JacksonDatabind,45,locus,44.0,0.022727,0.022727,0.022727272727272728,0.022727272727272728,0.022727272727272728,2.727272727272301e-07,2.727272727272301e-07,2.727272727272301e-07,0,0,0
JacksonDatabind,46,FlexFL,,0.0,0.0,0.0,0.0,0.0,0.0,0.0,0.0,0,0,0
JacksonDatabind,46,boostnsift,8.0,0.125,0.125,0.125,0.125,0.125,0.0,0.0,0.0,0,0,1
JacksonDatabind,46,buglocator,12.0,0.083333,0.083333,0.08333333333333333,0.08333333333333333,0.08333333333333333,3.3333333332441484e-07,3.3333333332441484e-07,3.3333333332441484e-07,0,0,0
JacksonDatabind,46,locus,23.0,0.043478,0.043478,0.043478260869565216,0.043478260869565216,0.043478260869565216,2.608695652134285e-07,2.608695652134285e-07,2.608695652134285e-07,0,0,0
JacksonDatabind,47,FlexFL,1.0,1.0,1.0,1.0,1.0,1.0,0.0,0.0,0.0,1,1,1
JacksonDatabind,47,boostnsift,37.0,0.027027,0.027027,0.02702702702702703,0.02702702702702703,0.02702702702702703,2.7027027029585815e-08,2.7027027029585815e-08,2.7027027029585815e-08,0,0,0
JacksonDatabind,47,buglocator,7.0,0.142857,0.142857,0.14285714285714285,0.14285714285714285,0.14285714285714285,1.4285714283746032e-07,1.4285714283746032e-07,1.4285714283746032e-07,0,0,1
JacksonDatabind,47,locus,5.0,0.2,0.2,0.2,0.2,0.2,0.0,0.0,0.0,0,1,1
JacksonDatabind,48,FlexFL,,0.0,0.0,0.0,0.0,0.0,0.0,0.0,0.0,0,0,0
JacksonDatabind,48,boostnsift,6.0,0.166667,0.166667,0.16666666666666666,0.08333333333333333,0.16666666666666666,3.333333333521704e-07,0.08333366666666668,3.333333333521704e-07,0,0,1
JacksonDatabind,48,buglocator,31.0,0.032258,0.032258,0.03225806451612903,0.016129032258064516,0.03225806451612903,6.451612902941273e-08,0.016128967741935486,6.451612902941273e-08,0,0,0
JacksonDatabind,48,locus,21.0,0.047619,0.047619,0.047619047619047616,0.023809523809523808,0.047619047619047616,4.7619047614799737e-08,0.023809476190476193,4.7619047614799737e-08,0,0,0
JacksonDatabind,49,FlexFL,,0.0,0.0,0.0,0.0,0.0,0.0,0.0,0.0,0,0,0
JacksonDatabind,49,boostnsift,17.0,0.058824,0.058824,0.058823529411764705,0.058823529411764705,0.058823529411764705,4.7058823529622096e-07,4.7058823529622096e-07,4.7058823529622096e-07,0,0,0
JacksonDatabind,49,buglocator,2.0,0.5,0.5,0.5,0.5,0.5,0.0,0.0,0.0,0,1,1
JacksonDatabind,49,locus,1.0,1.0,1.0,1.0,1.0,1.0,0.0,0.0,0.0,1,1,1
JacksonDatabind,50,FlexFL,1.0,1.0,1.0,1.0,1.0,1.0,0.0,0.0,0.0,1,1,1
JacksonDatabind,50,boostnsift,11.0,0.090909,0.090909,0.09090909090909091,0.09090909090909091,0.09090909090909091,9.090909090792021e-08,9.090909090792021e-08,9.090909090792021e-08,0,0,0
JacksonDatabind,50,buglocator,50.0,0.02,0.02,0.02,0.02,0.02,0.0,0.0,0.0,0,0,0
JacksonDatabind,50,locus,13.0,0.076923,0.076923,0.07692307692307693,0.07692307692307693,0.07692307692307693,7.692307692208633e-08,7.692307692208633e-08,7.692307692208633e-08,0,0,0
JacksonDatabind,51,FlexFL,,0.0,0.0,0.0,0.0,0.0,0.0,0.0,0.0,0,0,0
JacksonDatabind,51,boostnsift,2.0,0.5,0.5,0.5,0.5,0.5,0.0,0.0,0.0,0,1,1
JacksonDatabind,51,buglocator,47.0,0.021277,0.021277,0.02127659574468085,0.02127659574468085,0.02127659574468085,4.042553191502263e-07,4.042553191502263e-07,4.042553191502263e-07,0,0,0
JacksonDatabind,51,locus,7.0,0.142857,0.142857,0.14285714285714285,0.14285714285714285,0.14285714285714285,1.4285714283746032e-07,1.4285714283746032e-07,1.4285714283746032e-07,0,0,1
JacksonDatabind,52,FlexFL,,0.0,0.0,0.0,0.0,0.0,0.0,0.0,0.0,0,0,0
JacksonDatabind,52,boostnsift,9.0,0.111111,0.111111,0.1111111111111111,0.1111111111111111,0.1111111111111111,1.1111111110351235e-07,1.1111111110351235e-07,1.1111111110351235e-07,0,0,1
JacksonDatabind,52,buglocator,7.0,0.142857,0.142857,0.14285714285714285,0.14285714285714285,0.14285714285714285,1.4285714283746032e-07,1.4285714283746032e-07,1.4285714283746032e-07,0,0,1
JacksonDatabind,52,locus,3.0,0.333333,0.333333,0.3333333333333333,0.3333333333333333,0.3333333333333333,3.3333333332441484e-07,3.3333333332441484e-07,3.3333333332441484e-07,0,1,1
JacksonDatabind,53,FlexFL,,0.0,0.0,0.0,0.0,0.0,0.0,0.0,0.0,0,0,0
JacksonDatabind,53,boostnsift,11.0,0.090909,0.090909,0.09090909090909091,0.09090909090909091,0.09090909090909091,9.090909090792021e-08,9.090909090792021e-08,9.090909090792021e-08,0,0,0
JacksonDatabind,53,buglocator,40.0,0.025,0.025,0.025,0.025,0.025,0.0,0.0,0.0,0,0,0
JacksonDatabind,53,locus,140.0,0.007143,0.007143,0.007142857142857143,0.007142857142857143,0.007142857142857143,1.4285714285740964e-07,1.4285714285740964e-07,1.4285714285740964e-07,0,0,0
JacksonDatabind,54,FlexFL,,0.0,0.0,0.0,0.0,0.0,0.0,0.0,0.0,0,0,0
JacksonDatabind,54,boostnsift,2.0,0.5,0.5,0.5,0.5,0.5,0.0,0.0,0.0,0,1,1
JacksonDatabind,54,buglocator,1.0,1.0,1.0,1.0,1.0,1.0,0.0,0.0,0.0,1,1,1
JacksonDatabind,54,locus,5.0,0.2,0.2,0.2,0.2,0.2,0.0,0.0,0.0,0,1,1
JacksonDatabind,55,FlexFL,3.0,0.3333333333333333,0.3333333333333333,0.3333333333333333,0.3333333333333333,0.3333333333333333,0.0,0.0,0.0,0,1,1
JacksonDatabind,55,boostnsift,70.0,0.014286,0.014286,0.014285714285714285,0.014285714285714285,0.014285714285714285,2.8571428571481927e-07,2.8571428571481927e-07,2.8571428571481927e-07,0,0,0
JacksonDatabind,55,buglocator,16.0,0.0625,0.0625,0.0625,0.0625,0.0625,0.0,0.0,0.0,0,0,0
JacksonDatabind,55,locus,38.0,0.026316,0.026316,0.02631578947368421,0.02631578947368421,0.02631578947368421,2.1052631579004943e-07,2.1052631579004943e-07,2.1052631579004943e-07,0,0,0
JacksonDatabind,56,FlexFL,2.0,0.5,0.5,0.5,0.5,0.5,0.0,0.0,0.0,0,1,1
JacksonDatabind,56,boostnsift,42.0,0.02381,0.02381,0.023809523809523808,0.023809523809523808,0.023809523809523808,4.761904761931002e-07,4.761904761931002e-07,4.761904761931002e-07,0,0,0
JacksonDatabind,56,buglocator,3.0,0.333333,0.333333,0.3333333333333333,0.3333333333333333,0.3333333333333333,3.3333333332441484e-07,3.3333333332441484e-07,3.3333333332441484e-07,0,1,1
JacksonDatabind,56,locus,6.0,0.166667,0.166667,0.16666666666666666,0.16666666666666666,0.16666666666666666,3.333333333521704e-07,3.333333333521704e-07,3.333333333521704e-07,0,0,1
JacksonDatabind,57,FlexFL,1.0,1.0,1.0,1.0,1.0,1.0,0.0,0.0,0.0,1,1,1
JacksonDatabind,57,boostnsift,1.0,1.0,1.0,1.0,1.0,1.0,0.0,0.0,0.0,1,1,1
JacksonDatabind,57,buglocator,1.0,1.0,1.0,1.0,1.0,1.0,0.0,0.0,0.0,1,1,1
JacksonDatabind,57,locus,1.0,1.0,1.0,1.0,1.0,1.0,0.0,0.0,0.0,1,1,1
JacksonDatabind,58,FlexFL,2.0,0.5,0.5,0.5,0.5,0.5,0.0,0.0,0.0,0,1,1
JacksonDatabind,58,boostnsift,2.0,0.5,0.5,0.5,0.5,0.5,0.0,0.0,0.0,0,1,1
JacksonDatabind,58,buglocator,1.0,1.0,1.0,1.0,1.0,1.0,0.0,0.0,0.0,1,1,1
JacksonDatabind,58,locus,1.0,1.0,1.0,1.0,1.0,1.0,0.0,0.0,0.0,1,1,1
JacksonDatabind,59,FlexFL,,0.0,0.0,0.0,0.0,0.0,0.0,0.0,0.0,0,0,0
JacksonDatabind,59,boostnsift,50.0,0.02,0.02,0.02,0.02,0.02,0.0,0.0,0.0,0,0,0
JacksonDatabind,59,buglocator,29.0,0.034483,0.034483,0.034482758620689655,0.034482758620689655,0.034482758620689655,2.41379310345069e-07,2.41379310345069e-07,2.41379310345069e-07,0,0,0
JacksonDatabind,59,locus,192.0,0.005208,0.005208,0.005208333333333333,0.005208333333333333,0.005208333333333333,3.3333333333308846e-07,3.3333333333308846e-07,3.3333333333308846e-07,0,0,0
JacksonDatabind,60,FlexFL,1.0,1.0,1.0,1.0,1.0,1.0,0.0,0.0,0.0,1,1,1
JacksonDatabind,60,boostnsift,90.0,0.011111,0.011111,0.011111111111111112,0.011111111111111112,0.011111111111111112,1.1111111111218597e-07,1.1111111111218597e-07,1.1111111111218597e-07,0,0,0
JacksonDatabind,60,buglocator,186.0,0.005376,0.005376,0.005376344086021506,0.005376344086021506,0.005376344086021506,3.4408602150610285e-07,3.4408602150610285e-07,3.4408602150610285e-07,0,0,0
JacksonDatabind,60,locus,18.0,0.055556,0.055556,0.05555555555555555,0.05555555555555555,0.05555555555555555,4.4444444444874387e-07,4.4444444444874387e-07,4.4444444444874387e-07,0,0,0
JacksonDatabind,61,FlexFL,,0.0,0.0,0.0,0.0,0.0,0.0,0.0,0.0,0,0,0
JacksonDatabind,61,boostnsift,27.0,0.037037,0.037037,0.037037037037037035,0.018518518518518517,0.037037037037037035,3.7037037034504117e-08,0.018518481481481483,3.7037037034504117e-08,0,0,0
JacksonDatabind,61,buglocator,5.0,0.2,0.2,0.2,0.30000000000000004,0.2,0.0,0.10000000000000003,0.0,0,1,1
JacksonDatabind,61,locus,1.0,1.0,1.0,1.0,1.0,1.0,0.0,0.0,0.0,1,1,1
JacksonDatabind,62,FlexFL,2.0,0.5,0.5,0.5,0.5,0.5,0.0,0.0,0.0,0,1,1
JacksonDatabind,62,boostnsift,18.0,0.055556,0.055556,0.05555555555555555,0.05555555555555555,0.05555555555555555,4.4444444444874387e-07,4.4444444444874387e-07,4.4444444444874387e-07,0,0,0
JacksonDatabind,62,buglocator,2.0,0.5,0.5,0.5,0.5,0.5,0.0,0.0,0.0,0,1,1
JacksonDatabind,62,locus,1.0,1.0,1.0,1.0,1.0,1.0,0.0,0.0,0.0,1,1,1
JacksonDatabind,63,FlexFL,,0.0,0.0,0.0,0.0,0.0,0.0,0.0,0.0,0,0,0
JacksonDatabind,63,boostnsift,8.0,0.125,0.125,0.125,0.125,0.125,0.0,0.0,0.0,0,0,1
JacksonDatabind,63,buglocator,1.0,1.0,1.0,1.0,1.0,1.0,0.0,0.0,0.0,1,1,1
JacksonDatabind,63,locus,6.0,0.166667,0.166667,0.16666666666666666,0.16666666666666666,0.16666666666666666,3.333333333521704e-07,3.333333333521704e-07,3.333333333521704e-07,0,0,1
JacksonDatabind,64,FlexFL,1.0,1.0,1.0,1.0,1.0,1.0,0.0,0.0,0.0,1,1,1
JacksonDatabind,64,boostnsift,8.0,0.125,0.125,0.125,0.125,0.125,0.0,0.0,0.0,0,0,1
JacksonDatabind,64,buglocator,1.0,1.0,1.0,1.0,1.0,1.0,0.0,0.0,0.0,1,1,1
JacksonDatabind,64,locus,14.0,0.071429,0.071429,0.07142857142857142,0.07142857142857142,0.07142857142857142,4.285714285817699e-07,4.285714285817699e-07,4.285714285817699e-07,0,0,0
JacksonDatabind,65,FlexFL,1.0,1.0,1.0,1.0,1.0,1.0,0.0,0.0,0.0,1,1,1
JacksonDatabind,66,FlexFL,,0.0,0.0,0.0,0.0,0.0,0.0,0.0,0.0,0,0,0
JacksonDatabind,66,boostnsift,94.0,0.010638,0.010638,0.010638297872340425,0.010638297872340425,0.010638297872340425,2.978723404253869e-07,2.978723404253869e-07,2.978723404253869e-07,0,0,0
JacksonDatabind,66,buglocator,8.0,0.125,0.125,0.125,0.125,0.125,0.0,0.0,0.0,0,0,1
JacksonDatabind,66,locus,18.0,0.055556,0.055556,0.05555555555555555,0.05555555555555555,0.05555555555555555,4.4444444444874387e-07,4.4444444444874387e-07,4.4444444444874387e-07,0,0,0
JacksonDatabind,67,FlexFL,1.0,1.0,1.0,1.0,1.0,1.0,0.0,0.0,0.0,1,1,1
JacksonDatabind,67,boostnsift,1.0,1.0,1.0,1.0,1.0,1.0,0.0,0.0,0.0,1,1,1
JacksonDatabind,67,buglocator,13.0,0.076923,0.076923,0.07692307692307693,0.07692307692307693,0.07692307692307693,7.692307692208633e-08,7.692307692208633e-08,7.692307692208633e-08,0,0,0
JacksonDatabind,67,locus,1.0,1.0,1.0,1.0,1.0,1.0,0.0,0.0,0.0,1,1,1
JacksonDatabind,68,FlexFL,1.0,1.0,1.0,1.0,1.0,1.0,0.0,0.0,0.0,1,1,1
JacksonDatabind,68,boostnsift,7.0,0.142857,0.142857,0.14285714285714285,0.14285714285714285,0.14285714285714285,1.4285714283746032e-07,1.4285714283746032e-07,1.4285714283746032e-07,0,0,1
JacksonDatabind,68,buglocator,4.0,0.25,0.25,0.25,0.25,0.25,0.0,0.0,0.0,0,1,1
JacksonDatabind,68,locus,3.0,0.333333,0.333333,0.3333333333333333,0.3333333333333333,0.3333333333333333,3.3333333332441484e-07,3.3333333332441484e-07,3.3333333332441484e-07,0,1,1
JacksonDatabind,69,FlexFL,,0.0,0.0,0.0,0.0,0.0,0.0,0.0,0.0,0,0,0
JacksonDatabind,69,boostnsift,99.0,0.010101,0.010101,0.010101010101010102,0.010101010101010102,0.010101010101010102,1.0101010101265517e-08,1.0101010101265517e-08,1.0101010101265517e-08,0,0,0
JacksonDatabind,69,buglocator,112.0,0.008929,0.008929,0.008928571428571428,0.008928571428571428,0.008928571428571428,4.2857142857136155e-07,4.2857142857136155e-07,4.2857142857136155e-07,0,0,0
JacksonDatabind,69,locus,159.0,0.006289,0.006289,0.006289308176100629,0.006289308176100629,0.006289308176100629,3.081761006289499e-07,3.081761006289499e-07,3.081761006289499e-07,0,0,0
JacksonDatabind,70,FlexFL,3.0,0.3333333333333333,0.3333333333333333,0.3333333333333333,0.3333333333333333,0.3333333333333333,0.0,0.0,0.0,1,1,1
JacksonDatabind,70,boostnsift,25.0,0.04,0.04,0.04,0.04,0.04,0.0,0.0,0.0,0,0,0
JacksonDatabind,70,buglocator,1.0,1.0,1.0,1.0,1.0,1.0,0.0,0.0,0.0,1,1,1
JacksonDatabind,70,locus,2.0,0.5,0.5,0.5,0.5,0.5,0.0,0.0,0.0,0,1,1
JacksonDatabind,71,FlexFL,,0.0,0.0,0.0,0.0,0.0,0.0,0.0,0.0,0,0,0
JacksonDatabind,71,boostnsift,47.0,0.021277,0.021277,0.02127659574468085,0.02127659574468085,0.02127659574468085,4.042553191502263e-07,4.042553191502263e-07,4.042553191502263e-07,0,0,0
JacksonDatabind,71,buglocator,8.0,0.125,0.125,0.125,0.125,0.125,0.0,0.0,0.0,0,0,1
JacksonDatabind,71,locus,13.0,0.076923,0.076923,0.07692307692307693,0.07692307692307693,0.07692307692307693,7.692307692208633e-08,7.692307692208633e-08,7.692307692208633e-08,0,0,0
JacksonDatabind,72,FlexFL,,0.0,0.0,0.0,0.0,0.0,0.0,0.0,0.0,0,0,0
JacksonDatabind,72,boostnsift,103.0,0.009709,0.009709,0.009708737864077669,0.0,0.009708737864077669,2.6213592233155503e-07,0.009709,2.6213592233155503e-07,0,0,0
JacksonDatabind,72,buglocator,76.0,0.013158,0.013158,0.013157894736842105,0.0,0.013157894736842105,1.0526315789502472e-07,0.013158,1.0526315789502472e-07,0,0,0
JacksonDatabind,72,locus,195.0,0.005128,0.005128,0.005128205128205128,0.0,0.005128205128205128,2.0512820512845475e-07,0.005128,2.0512820512845475e-07,0,0,0
JacksonDatabind,73,FlexFL,4.0,0.25,0.125,0.25,0.3472222222222222,0.25,0.125,0.2222222222222222,0.125,0,1,1
JacksonDatabind,73,boostnsift,4.0,0.25,0.25,0.25,0.3472222222222222,0.25,0.0,0.09722222222222221,0.0,0,1,1
JacksonDatabind,73,buglocator,22.0,0.045455,0.045455,0.045454545454545456,0.022727272727272728,0.045454545454545456,4.5454545454653994e-07,0.022727727272727274,4.5454545454653994e-07,0,0,0
JacksonDatabind,73,locus,8.0,0.125,0.125,0.125,0.0625,0.125,0.0,0.0625,0.0,0,0,1
JacksonDatabind,74,FlexFL,,0.0,0.0,0.0,0.0,0.0,0.0,0.0,0.0,0,0,0
JacksonDatabind,74,boostnsift,52.0,0.019231,0.019231,0.019230769230769232,0.019230769230769232,0.019230769230769232,2.3076923076972844e-07,2.3076923076972844e-07,2.3076923076972844e-07,0,0,0
JacksonDatabind,74,buglocator,1.0,1.0,1.0,1.0,1.0,1.0,0.0,0.0,0.0,1,1,1
JacksonDatabind,74,locus,4.0,0.25,0.25,0.25,0.25,0.25,0.0,0.0,0.0,0,1,1
JacksonDatabind,75,FlexFL,1.0,1.0,0.3333333333333333,1.0,1.0,1.0,0.6666666666666667,0.6666666666666667,0.6666666666666667,1,1,1
JacksonDatabind,75,boostnsift,13.0,0.076923,0.076923,0.07692307692307693,0.07692307692307693,0.07692307692307693,7.692307692208633e-08,7.692307692208633e-08,7.692307692208633e-08,0,0,0
JacksonDatabind,75,buglocator,2.0,0.5,0.5,0.5,0.5,0.5,0.0,0.0,0.0,0,1,1
JacksonDatabind,75,locus,13.0,0.076923,0.076923,0.07692307692307693,0.07692307692307693,0.07692307692307693,7.692307692208633e-08,7.692307692208633e-08,7.692307692208633e-08,0,0,0
JacksonDatabind,76,FlexFL,1.0,1.0,1.0,1.0,1.0,1.0,0.0,0.0,0.0,1,1,1
JacksonDatabind,76,boostnsift,2.0,0.5,0.5,0.5,0.5,0.5,0.0,0.0,0.0,0,1,1
JacksonDatabind,76,buglocator,6.0,0.166667,0.166667,0.16666666666666666,0.16666666666666666,0.16666666666666666,3.333333333521704e-07,3.333333333521704e-07,3.333333333521704e-07,0,0,1
JacksonDatabind,76,locus,7.0,0.142857,0.142857,0.14285714285714285,0.14285714285714285,0.14285714285714285,1.4285714283746032e-07,1.4285714283746032e-07,1.4285714283746032e-07,0,0,1
JacksonDatabind,77,FlexFL,,0.0,0.0,0.0,0.0,0.0,0.0,0.0,0.0,0,0,0
JacksonDatabind,77,boostnsift,15.0,0.066667,0.066667,0.06666666666666667,0.06666666666666667,0.06666666666666667,3.333333333382926e-07,3.333333333382926e-07,3.333333333382926e-07,0,0,0
JacksonDatabind,77,buglocator,39.0,0.025641,0.025641,0.02564102564102564,0.02564102564102564,0.02564102564102564,2.564102563953896e-08,2.564102563953896e-08,2.564102563953896e-08,0,0,0
JacksonDatabind,77,locus,101.0,0.009901,0.009901,0.009900990099009901,0.009900990099009901,0.009900990099009901,9.900990098968276e-09,9.900990098968276e-09,9.900990098968276e-09,0,0,0
JacksonDatabind,78,FlexFL,,0.0,0.0,0.0,0.0,0.0,0.0,0.0,0.0,0,0,0
JacksonDatabind,78,boostnsift,18.0,0.055556,0.055556,0.05555555555555555,0.05555555555555555,0.05555555555555555,4.4444444444874387e-07,4.4444444444874387e-07,4.4444444444874387e-07,0,0,0
JacksonDatabind,78,buglocator,37.0,0.027027,0.027027,0.02702702702702703,0.02702702702702703,0.02702702702702703,2.7027027029585815e-08,2.7027027029585815e-08,2.7027027029585815e-08,0,0,0
JacksonDatabind,78,locus,109.0,0.009174,0.009174,0.009174311926605505,0.009174311926605505,0.009174311926605505,3.119266055052333e-07,3.119266055052333e-07,3.119266055052333e-07,0,0,0
JacksonDatabind,79,FlexFL,1.0,1.0,1.0,1.0,1.0,1.0,0.0,0.0,0.0,1,1,1
JacksonDatabind,79,boostnsift,2.0,0.5,0.5,0.5,0.5357142857142857,0.5,0.0,0.0357142857142857,0.0,0,1,1
JacksonDatabind,79,buglocator,17.0,0.058824,0.058824,0.058823529411764705,0.029411764705882353,0.058823529411764705,4.7058823529622096e-07,0.02941223529411765,4.7058823529622096e-07,0,0,0
JacksonDatabind,79,locus,2.0,0.5,0.5,0.5,0.5357142857142857,0.5,0.0,0.0357142857142857,0.0,0,1,1
JacksonDatabind,80,FlexFL,1.0,1.0,1.0,1.0,1.0,1.0,0.0,0.0,0.0,1,1,1
JacksonDatabind,80,boostnsift,3.0,0.333333,0.333333,0.3333333333333333,0.3333333333333333,0.3333333333333333,3.3333333332441484e-07,3.3333333332441484e-07,3.3333333332441484e-07,0,1,1
JacksonDatabind,80,buglocator,158.0,0.006329,0.006329,0.006329113924050633,0.006329113924050633,0.006329113924050633,1.1392405063238853e-07,1.1392405063238853e-07,1.1392405063238853e-07,0,0,0
JacksonDatabind,80,locus,334.0,0.002994,0.002994,0.0029940119760479044,0.0029940119760479044,0.0029940119760479044,1.197604790423995e-08,1.197604790423995e-08,1.197604790423995e-08,0,0,0
JacksonDatabind,81,FlexFL,1.0,1.0,1.0,1.0,1.0,1.0,0.0,0.0,0.0,1,1,1
JacksonDatabind,81,boostnsift,1.0,1.0,1.0,1.0,1.0,1.0,0.0,0.0,0.0,1,1,1
JacksonDatabind,81,buglocator,13.0,0.076923,0.076923,0.07692307692307693,0.07692307692307693,0.07692307692307693,7.692307692208633e-08,7.692307692208633e-08,7.692307692208633e-08,0,0,0
JacksonDatabind,81,locus,31.0,0.032258,0.032258,0.03225806451612903,0.03225806451612903,0.03225806451612903,6.451612902941273e-08,6.451612902941273e-08,6.451612902941273e-08,0,0,0
JacksonDatabind,82,FlexFL,1.0,1.0,1.0,1.0,1.0,1.0,0.0,0.0,0.0,1,1,1
JacksonDatabind,82,boostnsift,3.0,0.333333,0.333333,0.3333333333333333,0.3333333333333333,0.3333333333333333,3.3333333332441484e-07,3.3333333332441484e-07,3.3333333332441484e-07,0,1,1
JacksonDatabind,82,buglocator,128.0,0.007812,0.007812,0.0078125,0.0078125,0.0078125,4.999999999996327e-07,4.999999999996327e-07,4.999999999996327e-07,0,0,0
JacksonDatabind,82,locus,56.0,0.017857,0.017857,0.017857142857142856,0.017857142857142856,0.017857142857142856,1.4285714285480755e-07,1.4285714285480755e-07,1.4285714285480755e-07,0,0,0
JacksonDatabind,83,FlexFL,1.0,1.0,1.0,1.0,1.0,1.0,0.0,0.0,0.0,1,1,1
JacksonDatabind,83,boostnsift,15.0,0.066667,0.066667,0.06666666666666667,0.06666666666666667,0.06666666666666667,3.333333333382926e-07,3.333333333382926e-07,3.333333333382926e-07,0,0,0
JacksonDatabind,83,buglocator,15.0,0.066667,0.066667,0.06666666666666667,0.06666666666666667,0.06666666666666667,3.333333333382926e-07,3.333333333382926e-07,3.333333333382926e-07,0,0,0
JacksonDatabind,83,locus,1.0,1.0,1.0,1.0,1.0,1.0,0.0,0.0,0.0,1,1,1
JacksonDatabind,84,FlexFL,,0.0,0.0,0.0,0.0,0.0,0.0,0.0,0.0,0,0,0
JacksonDatabind,84,boostnsift,216.0,0.00463,0.00463,0.004629629629629629,0.0,0.004629629629629629,3.7037037037019466e-07,0.00463,3.7037037037019466e-07,0,0,0
JacksonDatabind,84,buglocator,24.0,0.041667,0.041667,0.041666666666666664,0.0,0.041666666666666664,3.333333333382926e-07,0.041667,3.333333333382926e-07,0,0,0
JacksonDatabind,84,locus,18.0,0.055556,0.055556,0.05555555555555555,0.0,0.05555555555555555,4.4444444444874387e-07,0.055556,4.4444444444874387e-07,0,0,0
JacksonDatabind,85,FlexFL,1.0,1.0,1.0,1.0,1.0,1.0,0.0,0.0,0.0,1,1,1
JacksonDatabind,85,boostnsift,2.0,0.5,0.5,0.5,0.5,0.5,0.0,0.0,0.0,0,1,1
JacksonDatabind,85,buglocator,3.0,0.333333,0.333333,0.3333333333333333,0.3333333333333333,0.3333333333333333,3.3333333332441484e-07,3.3333333332441484e-07,3.3333333332441484e-07,0,1,1
JacksonDatabind,85,locus,3.0,0.333333,0.333333,0.3333333333333333,0.3333333333333333,0.3333333333333333,3.3333333332441484e-07,3.3333333332441484e-07,3.3333333332441484e-07,0,1,1
JacksonDatabind,86,FlexFL,,0.0,0.0,0.0,0.0,0.0,0.0,0.0,0.0,0,0,0
JacksonDatabind,86,boostnsift,216.0,0.00463,0.00463,0.004629629629629629,0.0,0.004629629629629629,3.7037037037019466e-07,0.00463,3.7037037037019466e-07,0,0,0
JacksonDatabind,86,buglocator,24.0,0.041667,0.041667,0.041666666666666664,0.0,0.041666666666666664,3.333333333382926e-07,0.041667,3.333333333382926e-07,0,0,0
JacksonDatabind,86,locus,18.0,0.055556,0.055556,0.05555555555555555,0.0,0.05555555555555555,4.4444444444874387e-07,0.055556,4.4444444444874387e-07,0,0,0
JacksonDatabind,87,FlexFL,1.0,1.0,1.0,1.0,1.0,1.0,0.0,0.0,0.0,1,1,1
JacksonDatabind,87,boostnsift,5.0,0.2,0.2,0.2,0.2,0.2,0.0,0.0,0.0,0,1,1
JacksonDatabind,87,buglocator,1.0,1.0,1.0,1.0,1.0,1.0,0.0,0.0,0.0,1,1,1
JacksonDatabind,87,locus,1.0,1.0,1.0,1.0,1.0,1.0,0.0,0.0,0.0,1,1,1
JacksonDatabind,88,FlexFL,,0.0,0.0,0.0,0.0,0.0,0.0,0.0,0.0,0,0,0
JacksonDatabind,88,boostnsift,11.0,0.090909,0.090909,0.09090909090909091,0.09090909090909091,0.09090909090909091,9.090909090792021e-08,9.090909090792021e-08,9.090909090792021e-08,0,0,0
JacksonDatabind,88,buglocator,312.0,0.003205,0.003205,0.003205128205128205,0.003205128205128205,0.003205128205128205,1.2820512820506738e-07,1.2820512820506738e-07,1.2820512820506738e-07,0,0,0
JacksonDatabind,88,locus,162.0,0.006173,0.006173,0.006172839506172839,0.006172839506172839,0.006172839506172839,1.6049382716050442e-07,1.6049382716050442e-07,1.6049382716050442e-07,0,0,0
JacksonDatabind,89,FlexFL,,0.0,0.0,0.0,0.0,0.0,0.0,0.0,0.0,0,0,0
JacksonDatabind,90,FlexFL,1.0,1.0,1.0,1.0,1.0,1.0,0.0,0.0,0.0,1,1,1
JacksonDatabind,90,boostnsift,67.0,0.014925,0.014925,0.014925373134328358,0.014925373134328358,0.014925373134328358,3.731343283571581e-07,3.731343283571581e-07,3.731343283571581e-07,0,0,0
JacksonDatabind,90,buglocator,17.0,0.058824,0.058824,0.058823529411764705,0.058823529411764705,0.058823529411764705,4.7058823529622096e-07,4.7058823529622096e-07,4.7058823529622096e-07,0,0,0
JacksonDatabind,90,locus,4.0,0.25,0.25,0.25,0.25,0.25,0.0,0.0,0.0,0,1,1
JacksonDatabind,91,FlexFL,,0.0,0.0,0.0,0.0,0.0,0.0,0.0,0.0,0,0,0
JacksonDatabind,91,boostnsift,50.0,0.02,0.02,0.02,0.02,0.02,0.0,0.0,0.0,0,0,0
JacksonDatabind,91,buglocator,146.0,0.006849,0.006849,0.00684931506849315,0.00684931506849315,0.00684931506849315,3.150684931502515e-07,3.150684931502515e-07,3.150684931502515e-07,0,0,0
JacksonDatabind,91,locus,112.0,0.008929,0.008929,0.008928571428571428,0.008928571428571428,0.008928571428571428,4.2857142857136155e-07,4.2857142857136155e-07,4.2857142857136155e-07,0,0,0
JacksonDatabind,92,FlexFL,,0.0,0.0,0.0,0.0,0.0,0.0,0.0,0.0,0,0,0
JacksonDatabind,92,boostnsift,6.0,0.166667,0.166667,0.16666666666666666,0.0,0.16666666666666666,3.333333333521704e-07,0.166667,3.333333333521704e-07,0,0,1
JacksonDatabind,92,buglocator,20.0,0.05,0.05,0.05,0.0,0.05,0.0,0.05,0.0,0,0,0
JacksonDatabind,92,locus,32.0,0.03125,0.03125,0.03125,0.0,0.03125,0.0,0.03125,0.0,0,0,0
JacksonDatabind,93,FlexFL,1.0,1.0,1.0,1.0,1.0,1.0,0.0,0.0,0.0,1,1,1
JacksonDatabind,93,boostnsift,35.0,0.028571,0.028571,0.02857142857142857,0.02857142857142857,0.02857142857142857,4.2857142857136155e-07,4.2857142857136155e-07,4.2857142857136155e-07,0,0,0
JacksonDatabind,93,buglocator,2.0,0.5,0.5,0.5,0.5,0.5,0.0,0.0,0.0,0,1,1
JacksonDatabind,93,locus,3.0,0.333333,0.333333,0.3333333333333333,0.3333333333333333,0.3333333333333333,3.3333333332441484e-07,3.3333333332441484e-07,3.3333333332441484e-07,0,1,1
JacksonDatabind,94,FlexFL,,0.0,0.0,0.0,0.0,0.0,0.0,0.0,0.0,0,0,0
JacksonDatabind,94,boostnsift,5.0,0.2,0.2,0.2,0.2,0.2,0.0,0.0,0.0,0,1,1
JacksonDatabind,94,buglocator,30.0,0.033333,0.033333,0.03333333333333333,0.03333333333333333,0.03333333333333333,3.3333333333135373e-07,3.3333333333135373e-07,3.3333333333135373e-07,0,0,0
JacksonDatabind,94,locus,113.0,0.00885,0.00885,0.008849557522123894,0.008849557522123894,0.008849557522123894,4.424778761065451e-07,4.424778761065451e-07,4.424778761065451e-07,0,0,0
JacksonDatabind,95,FlexFL,1.0,1.0,1.0,1.0,1.0,1.0,0.0,0.0,0.0,1,1,1
JacksonDatabind,95,boostnsift,4.0,0.25,0.25,0.25,0.3472222222222222,0.25,0.0,0.09722222222222221,0.0,0,1,1
JacksonDatabind,95,buglocator,1.0,1.0,1.0,1.0,1.0,1.0,0.0,0.0,0.0,1,1,1
JacksonDatabind,95,locus,2.0,0.5,0.5,0.5,0.5357142857142857,0.5,0.0,0.0357142857142857,0.0,0,1,1
JacksonDatabind,96,FlexFL,,0.0,0.0,0.0,0.0,0.0,0.0,0.0,0.0,0,0,0
JacksonDatabind,96,boostnsift,2.0,0.5,0.5,0.5,0.5,0.5,0.0,0.0,0.0,0,1,1
JacksonDatabind,96,buglocator,15.0,0.066667,0.066667,0.06666666666666667,0.06666666666666667,0.06666666666666667,3.333333333382926e-07,3.333333333382926e-07,3.333333333382926e-07,0,0,0
JacksonDatabind,96,locus,27.0,0.037037,0.037037,0.037037037037037035,0.037037037037037035,0.037037037037037035,3.7037037034504117e-08,3.7037037034504117e-08,3.7037037034504117e-08,0,0,0
JacksonDatabind,97,FlexFL,,0.0,0.0,0.0,0.0,0.0,0.0,0.0,0.0,0,0,0
JacksonDatabind,97,boostnsift,83.0,0.012048,0.012048,0.012048192771084338,0.012048192771084338,0.012048192771084338,1.927710843382946e-07,1.927710843382946e-07,1.927710843382946e-07,0,0,0
JacksonDatabind,97,buglocator,51.0,0.019608,0.019608,0.0196078431372549,0.0196078431372549,0.0196078431372549,1.5686274509874032e-07,1.5686274509874032e-07,1.5686274509874032e-07,0,0,0
JacksonDatabind,97,locus,53.0,0.018868,0.018868,0.018867924528301886,0.018867924528301886,0.018867924528301886,7.547169811328303e-08,7.547169811328303e-08,7.547169811328303e-08,0,0,0
JacksonDatabind,98,FlexFL,,0.0,0.0,0.0,0.0,0.0,0.0,0.0,0.0,0,0,0
JacksonDatabind,98,boostnsift,54.0,0.018519,0.018519,0.018518518518518517,0.018518518518518517,0.018518518518518517,4.81481481483248e-07,4.81481481483248e-07,4.81481481483248e-07,0,0,0
JacksonDatabind,98,buglocator,3.0,0.333333,0.333333,0.3333333333333333,0.3333333333333333,0.3333333333333333,3.3333333332441484e-07,3.3333333332441484e-07,3.3333333332441484e-07,0,1,1
JacksonDatabind,98,locus,5.0,0.2,0.2,0.2,0.2,0.2,0.0,0.0,0.0,0,1,1
JacksonDatabind,99,FlexFL,2.0,0.5,0.5,0.5,0.5,0.5,0.0,0.0,0.0,0,1,1
JacksonDatabind,99,boostnsift,9.0,0.111111,0.111111,0.1111111111111111,0.1111111111111111,0.1111111111111111,1.1111111110351235e-07,1.1111111110351235e-07,1.1111111110351235e-07,0,0,1
JacksonDatabind,99,buglocator,1.0,1.0,1.0,1.0,1.0,1.0,0.0,0.0,0.0,1,1,1
JacksonDatabind,99,locus,6.0,0.166667,0.166667,0.16666666666666666,0.16666666666666666,0.16666666666666666,3.333333333521704e-07,3.333333333521704e-07,3.333333333521704e-07,0,0,1
JacksonDatabind,100,FlexFL,1.0,1.0,1.0,1.0,1.0,1.0,0.0,0.0,0.0,1,1,1
JacksonDatabind,100,boostnsift,1.0,1.0,1.0,1.0,1.0,1.0,0.0,0.0,0.0,1,1,1
JacksonDatabind,100,buglocator,3.0,0.333333,0.333333,0.3333333333333333,0.3333333333333333,0.3333333333333333,3.3333333332441484e-07,3.3333333332441484e-07,3.3333333332441484e-07,0,1,1
JacksonDatabind,100,locus,2.0,0.5,0.5,0.5,0.5,0.5,0.0,0.0,0.0,0,1,1
JacksonDatabind,101,FlexFL,1.0,1.0,1.0,1.0,1.0,1.0,0.0,0.0,0.0,1,1,1
JacksonDatabind,101,boostnsift,1.0,1.0,1.0,1.0,1.0,1.0,0.0,0.0,0.0,1,1,1
JacksonDatabind,101,buglocator,16.0,0.0625,0.0625,0.0625,0.0625,0.0625,0.0,0.0,0.0,0,0,0
JacksonDatabind,101,locus,2.0,0.5,0.5,0.5,0.5,0.5,0.0,0.0,0.0,0,1,1
JacksonDatabind,102,FlexFL,1.0,1.0,1.0,1.0,1.0,1.0,0.0,0.0,0.0,1,1,1
JacksonDatabind,102,boostnsift,5.0,0.2,0.2,0.2,0.2,0.2,0.0,0.0,0.0,0,1,1
JacksonDatabind,102,buglocator,7.0,0.142857,0.142857,0.14285714285714285,0.14285714285714285,0.14285714285714285,1.4285714283746032e-07,1.4285714283746032e-07,1.4285714283746032e-07,0,0,1
JacksonDatabind,102,locus,2.0,0.5,0.5,0.5,0.5,0.5,0.0,0.0,0.0,0,1,1
JacksonDatabind,103,FlexFL,1.0,1.0,1.0,1.0,1.0,1.0,0.0,0.0,0.0,1,1,1
JacksonDatabind,103,boostnsift,49.0,0.020408,0.020408,0.02040816326530612,0.0013605442176870747,0.02040816326530612,1.632653061217626e-07,0.019047455782312924,1.632653061217626e-07,0,0,0
JacksonDatabind,103,buglocator,51.0,0.019608,0.019608,0.0196078431372549,0.00130718954248366,0.0196078431372549,1.5686274509874032e-07,0.01830081045751634,1.5686274509874032e-07,0,0,0
JacksonDatabind,103,locus,23.0,0.043478,0.043478,0.043478260869565216,0.002898550724637681,0.043478260869565216,2.608695652134285e-07,0.04057944927536232,2.608695652134285e-07,0,0,0
JacksonDatabind,104,FlexFL,1.0,1.0,1.0,1.0,1.0,1.0,0.0,0.0,0.0,1,1,1
JacksonDatabind,104,boostnsift,1.0,1.0,1.0,1.0,1.0,1.0,0.0,0.0,0.0,1,1,1
JacksonDatabind,104,buglocator,1.0,1.0,1.0,1.0,1.0,1.0,0.0,0.0,0.0,1,1,1
JacksonDatabind,104,locus,1.0,1.0,1.0,1.0,1.0,1.0,0.0,0.0,0.0,1,1,1
JacksonDatabind,105,FlexFL,,0.0,0.0,0.0,0.0,0.0,0.0,0.0,0.0,0,0,0
JacksonDatabind,105,boostnsift,344.0,0.002907,0.002907,0.0029069767441860465,0.0029069767441860465,0.0029069767441860465,2.3255813953390603e-08,2.3255813953390603e-08,2.3255813953390603e-08,0,0,0
JacksonDatabind,105,buglocator,734.0,0.001362,0.001362,0.0013623978201634877,0.0013623978201634877,0.0013623978201634877,3.978201634877599e-07,3.978201634877599e-07,3.978201634877599e-07,0,0,0
JacksonDatabind,105,locus,217.0,0.004608,0.004608,0.004608294930875576,0.004608294930875576,0.004608294930875576,2.9493087557591613e-07,2.9493087557591613e-07,2.9493087557591613e-07,0,0,0
JacksonDatabind,106,FlexFL,1.0,1.0,0.5,1.0,1.0,1.0,0.5,0.5,0.5,1,1,1
JacksonDatabind,106,boostnsift,203.0,0.004926,0.004926,0.0049261083743842365,0.0049261083743842365,0.0049261083743842365,1.083743842366855e-07,1.083743842366855e-07,1.083743842366855e-07,0,0,0
JacksonDatabind,106,buglocator,12.0,0.083333,0.083333,0.08333333333333333,0.08333333333333333,0.08333333333333333,3.3333333332441484e-07,3.3333333332441484e-07,3.3333333332441484e-07,0,0,0
JacksonDatabind,106,locus,16.0,0.0625,0.0625,0.0625,0.0625,0.0625,0.0,0.0,0.0,0,0,0
JacksonDatabind,107,FlexFL,1.0,1.0,1.0,1.0,1.0,1.0,0.0,0.0,0.0,1,1,1
JacksonDatabind,107,boostnsift,2.0,0.5,0.5,0.5,0.5,0.5,0.0,0.0,0.0,0,1,1
JacksonDatabind,107,buglocator,52.0,0.019231,0.019231,0.019230769230769232,0.019230769230769232,0.019230769230769232,2.3076923076972844e-07,2.3076923076972844e-07,2.3076923076972844e-07,0,0,0
JacksonDatabind,107,locus,2.0,0.5,0.5,0.5,0.5,0.5,0.0,0.0,0.0,0,1,1
JacksonDatabind,108,FlexFL,2.0,0.5,0.5,0.5,0.5,0.5,0.0,0.0,0.0,1,1,1
JacksonDatabind,108,boostnsift,2.0,0.5,0.5,0.5,0.5,0.5,0.0,0.0,0.0,0,1,1
JacksonDatabind,108,buglocator,2.0,0.5,0.5,0.5,0.5,0.5,0.0,0.0,0.0,0,1,1
JacksonDatabind,108,locus,,0.0,0.0,0.0,0.0,0.0,0.0,0.0,0.0,0,0,0
JacksonDatabind,109,FlexFL,2.0,0.5,0.5,0.5,0.5357142857142857,0.5,0.0,0.0357142857142857,0.0,0,1,1
JacksonDatabind,109,boostnsift,341.0,0.002933,0.002933,0.002932551319648094,0.001466275659824047,0.002932551319648094,4.4868035190600425e-07,0.001466724340175953,4.4868035190600425e-07,0,0,0
JacksonDatabind,109,buglocator,73.0,0.013699,0.013699,0.0136986301369863,0.00684931506849315,0.0136986301369863,3.698630136987624e-07,0.006849684931506849,3.698630136987624e-07,0,0,0
JacksonDatabind,109,locus,4.0,0.25,0.25,0.25,0.3472222222222222,0.25,0.0,0.09722222222222221,0.0,0,1,1
JacksonDatabind,110,FlexFL,1.0,1.0,1.0,1.0,1.0,1.0,0.0,0.0,0.0,1,1,1
JacksonDatabind,110,boostnsift,1.0,1.0,1.0,1.0,1.0,1.0,0.0,0.0,0.0,1,1,1
JacksonDatabind,110,buglocator,4.0,0.25,0.25,0.25,0.25,0.25,0.0,0.0,0.0,0,1,1
JacksonDatabind,110,locus,4.0,0.25,0.25,0.25,0.25,0.25,0.0,0.0,0.0,0,1,1
JacksonDatabind,111,FlexFL,1.0,1.0,0.1428571428571428,1.0,1.0,1.0,0.8571428571428572,0.8571428571428572,0.8571428571428572,1,1,1
JacksonDatabind,111,boostnsift,41.0,0.02439,0.02439,0.024390243902439025,0.003484320557491289,0.024390243902439025,2.439024390267497e-07,0.02090567944250871,2.439024390267497e-07,0,0,0
JacksonDatabind,111,buglocator,46.0,0.021739,0.021739,0.021739130434782608,0.003105590062111801,0.021739130434782608,1.3043478260671426e-07,0.0186334099378882,1.3043478260671426e-07,0,0,0
JacksonDatabind,111,locus,429.0,0.002331,0.002331,0.002331002331002331,0.000333000333000333,0.002331002331002331,2.3310023308277528e-09,0.001997999666999667,2.3310023308277528e-09,0,0,0
JacksonDatabind,112,FlexFL,1.0,1.0,1.0,1.0,1.0,1.0,0.0,0.0,0.0,1,1,1
JacksonDatabind,112,boostnsift,3.0,0.333333,0.333333,0.3333333333333333,0.3333333333333333,0.3333333333333333,3.3333333332441484e-07,3.3333333332441484e-07,3.3333333332441484e-07,0,1,1
JacksonDatabind,112,buglocator,1.0,1.0,1.0,1.0,1.0,1.0,0.0,0.0,0.0,1,1,1
JacksonDatabind,112,locus,1.0,1.0,1.0,1.0,1.0,1.0,0.0,0.0,0.0,1,1,1
JacksonXml,1,FlexFL,2.0,0.5,0.5,0.5,0.5,0.5,0.0,0.0,0.0,1,1,1
JacksonXml,1,boostnsift,2.0,0.5,0.5,0.5,0.5,0.5,0.0,0.0,0.0,0,1,1
JacksonXml,1,buglocator,10.0,0.1,0.1,0.1,0.1,0.1,0.0,0.0,0.0,0,0,1
JacksonXml,1,locus,,0.0,0.0,0.0,0.0,0.0,0.0,0.0,0.0,0,0,0
JacksonXml,2,FlexFL,1.0,1.0,1.0,1.0,1.0,1.0,0.0,0.0,0.0,1,1,1
JacksonXml,2,boostnsift,5.0,0.2,0.2,0.2,0.2,0.2,0.0,0.0,0.0,0,1,1
JacksonXml,2,buglocator,9.0,0.111111,0.111111,0.1111111111111111,0.1111111111111111,0.1111111111111111,1.1111111110351235e-07,1.1111111110351235e-07,1.1111111110351235e-07,0,0,1
JacksonXml,2,locus,,0.0,0.0,0.0,0.0,0.0,0.0,0.0,0.0,0,0,0
JacksonXml,3,FlexFL,1.0,1.0,1.0,1.0,1.0,1.0,0.0,0.0,0.0,1,1,1
JacksonXml,3,boostnsift,1.0,1.0,1.0,1.0,1.0,1.0,0.0,0.0,0.0,1,1,1
JacksonXml,3,buglocator,1.0,1.0,1.0,1.0,1.0,1.0,0.0,0.0,0.0,1,1,1
JacksonXml,3,locus,,0.0,0.0,0.0,0.0,0.0,0.0,0.0,0.0,0,0,0
JacksonXml,4,FlexFL,1.0,1.0,1.0,1.0,1.0,1.0,0.0,0.0,0.0,1,1,1
JacksonXml,4,boostnsift,1.0,1.0,1.0,1.0,1.0,1.0,0.0,0.0,0.0,1,1,1
JacksonXml,4,buglocator,1.0,1.0,1.0,1.0,1.0,1.0,0.0,0.0,0.0,1,1,1
JacksonXml,4,locus,,0.0,0.0,0.0,0.0,0.0,0.0,0.0,0.0,0,0,0
JacksonXml,5,FlexFL,,0.0,0.0,0.0,0.0,0.0,0.0,0.0,0.0,0,0,0
JacksonXml,5,boostnsift,12.0,0.083333,0.083333,0.08333333333333333,0.08333333333333333,0.08333333333333333,3.3333333332441484e-07,3.3333333332441484e-07,3.3333333332441484e-07,0,0,0
JacksonXml,5,buglocator,47.0,0.021277,0.021277,0.02127659574468085,0.02127659574468085,0.02127659574468085,4.042553191502263e-07,4.042553191502263e-07,4.042553191502263e-07,0,0,0
JacksonXml,5,locus,,0.0,0.0,0.0,0.0,0.0,0.0,0.0,0.0,0,0,0
JacksonXml,6,FlexFL,,0.0,0.0,0.0,0.0,0.0,0.0,0.0,0.0,0,0,0
JacksonXml,6,boostnsift,1.0,1.0,1.0,1.0,0.0,1.0,0.0,1.0,0.0,1,1,1
JacksonXml,6,buglocator,1.0,1.0,1.0,1.0,0.0,1.0,0.0,1.0,0.0,1,1,1
JacksonXml,6,locus,,0.0,0.0,0.0,0.0,0.0,0.0,0.0,0.0,0,0,0
Jsoup,1,FlexFL,4.0,0.25,0.25,0.25,0.25,0.25,0.0,0.0,0.0,0,1,1
Jsoup,1,boostnsift,1.0,1.0,1.0,1.0,1.0,1.0,0.0,0.0,0.0,1,1,1
Jsoup,1,buglocator,4.0,0.25,0.25,0.25,0.25,0.25,0.0,0.0,0.0,0,1,1
Jsoup,1,locus,4.0,0.25,0.25,0.25,0.25,0.25,0.0,0.0,0.0,0,1,1
Jsoup,2,FlexFL,3.0,0.3333333333333333,0.3333333333333333,0.3333333333333333,0.3333333333333333,0.3333333333333333,0.0,0.0,0.0,1,1,1
Jsoup,2,boostnsift,1.0,1.0,1.0,1.0,1.0,1.0,0.0,0.0,0.0,1,1,1
Jsoup,2,buglocator,6.0,0.166667,0.166667,0.16666666666666666,0.16666666666666666,0.16666666666666666,3.333333333521704e-07,3.333333333521704e-07,3.333333333521704e-07,0,0,1
Jsoup,2,locus,3.0,0.333333,0.333333,0.3333333333333333,0.3333333333333333,0.3333333333333333,3.3333333332441484e-07,3.3333333332441484e-07,3.3333333332441484e-07,0,1,1
Jsoup,3,FlexFL,2.0,0.5,0.1285714285714286,0.5,0.5357142857142857,0.5,0.37142857142857144,0.40714285714285714,0.37142857142857144,1,1,1
Jsoup,3,boostnsift,3.0,0.333333,0.333333,0.3333333333333333,0.41666666666666663,0.3333333333333333,3.3333333332441484e-07,0.08333366666666664,3.3333333332441484e-07,0,1,1
Jsoup,3,buglocator,6.0,0.166667,0.166667,0.16666666666666666,0.05555555555555555,0.16666666666666666,3.333333333521704e-07,0.11111144444444446,3.333333333521704e-07,0,0,1
Jsoup,3,locus,3.0,0.333333,0.333333,0.3333333333333333,0.41666666666666663,0.3333333333333333,3.3333333332441484e-07,0.08333366666666664,3.3333333332441484e-07,0,1,1
Jsoup,4,FlexFL,3.0,0.3333333333333333,0.3333333333333333,0.3333333333333333,0.3333333333333333,0.3333333333333333,0.0,0.0,0.0,1,1,1
Jsoup,4,boostnsift,15.0,0.066667,0.066667,0.06666666666666667,0.06666666666666667,0.06666666666666667,3.333333333382926e-07,3.333333333382926e-07,3.333333333382926e-07,0,0,0
Jsoup,4,buglocator,15.0,0.066667,0.066667,0.06666666666666667,0.06666666666666667,0.06666666666666667,3.333333333382926e-07,3.333333333382926e-07,3.333333333382926e-07,0,0,0
Jsoup,4,locus,10.0,0.1,0.1,0.1,0.1,0.1,0.0,0.0,0.0,0,0,1
Jsoup,5,FlexFL,1.0,1.0,1.0,1.0,1.0,1.0,0.0,0.0,0.0,1,1,1
Jsoup,5,boostnsift,8.0,0.125,0.125,0.125,0.125,0.125,0.0,0.0,0.0,0,0,1
Jsoup,5,buglocator,1.0,1.0,1.0,1.0,1.0,1.0,0.0,0.0,0.0,1,1,1
Jsoup,5,locus,2.0,0.5,0.5,0.5,0.5,0.5,0.0,0.0,0.0,0,1,1
Jsoup,6,FlexFL,1.0,1.0,1.0,1.0,1.0,1.0,0.0,0.0,0.0,1,1,1
Jsoup,6,boostnsift,12.0,0.083333,0.083333,0.08333333333333333,0.08333333333333333,0.08333333333333333,3.3333333332441484e-07,3.3333333332441484e-07,3.3333333332441484e-07,0,0,0
Jsoup,6,buglocator,25.0,0.04,0.04,0.04,0.04,0.04,0.0,0.0,0.0,0,0,0
Jsoup,6,locus,2.0,0.5,0.5,0.5,0.5,0.5,0.0,0.0,0.0,0,1,1
Jsoup,7,FlexFL,,0.0,0.0,0.0,0.0,0.0,0.0,0.0,0.0,0,0,0
Jsoup,7,boostnsift,9.0,0.111111,0.111111,0.1111111111111111,0.1111111111111111,0.1111111111111111,1.1111111110351235e-07,1.1111111110351235e-07,1.1111111110351235e-07,0,0,1
Jsoup,7,buglocator,7.0,0.142857,0.142857,0.14285714285714285,0.14285714285714285,0.14285714285714285,1.4285714283746032e-07,1.4285714283746032e-07,1.4285714283746032e-07,0,0,1
Jsoup,7,locus,15.0,0.066667,0.066667,0.06666666666666667,0.06666666666666667,0.06666666666666667,3.333333333382926e-07,3.333333333382926e-07,3.333333333382926e-07,0,0,0
Jsoup,8,FlexFL,1.0,1.0,1.0,1.0,1.0,1.0,0.0,0.0,0.0,1,1,1
Jsoup,8,boostnsift,8.0,0.125,0.125,0.125,0.125,0.125,0.0,0.0,0.0,0,0,1
Jsoup,8,buglocator,18.0,0.055556,0.055556,0.05555555555555555,0.05555555555555555,0.05555555555555555,4.4444444444874387e-07,4.4444444444874387e-07,4.4444444444874387e-07,0,0,0
Jsoup,8,locus,11.0,0.090909,0.090909,0.09090909090909091,0.09090909090909091,0.09090909090909091,9.090909090792021e-08,9.090909090792021e-08,9.090909090792021e-08,0,0,0
Jsoup,9,FlexFL,,0.0,0.0,0.0,0.0,0.0,0.0,0.0,0.0,0,0,0
Jsoup,9,boostnsift,4.0,0.25,0.25,0.25,0.0,0.25,0.0,0.25,0.0,0,1,1
Jsoup,9,buglocator,12.0,0.083333,0.083333,0.08333333333333333,0.0,0.08333333333333333,3.3333333332441484e-07,0.083333,3.3333333332441484e-07,0,0,0
Jsoup,9,locus,8.0,0.125,0.125,0.125,0.0,0.125,0.0,0.125,0.0,0,0,1
Jsoup,10,FlexFL,1.0,1.0,1.0,1.0,1.0,1.0,0.0,0.0,0.0,1,1,1
Jsoup,10,boostnsift,1.0,1.0,1.0,1.0,1.0,1.0,0.0,0.0,0.0,1,1,1
Jsoup,10,buglocator,2.0,0.5,0.5,0.5,0.5,0.5,0.0,0.0,0.0,0,1,1
Jsoup,10,locus,4.0,0.25,0.25,0.25,0.25,0.25,0.0,0.0,0.0,0,1,1
Jsoup,11,FlexFL,2.0,0.5,0.25,0.5,0.5,0.5,0.25,0.25,0.25,1,1,1
Jsoup,11,boostnsift,5.0,0.2,0.2,0.2,0.2,0.2,0.0,0.0,0.0,0,1,1
Jsoup,11,buglocator,3.0,0.333333,0.333333,0.3333333333333333,0.3333333333333333,0.3333333333333333,3.3333333332441484e-07,3.3333333332441484e-07,3.3333333332441484e-07,0,1,1
Jsoup,11,locus,4.0,0.25,0.25,0.25,0.25,0.25,0.0,0.0,0.0,0,1,1
Jsoup,12,FlexFL,5.0,0.2,0.2,0.2,0.2,0.2,0.0,0.0,0.0,1,1,1
Jsoup,12,boostnsift,8.0,0.125,0.125,0.125,0.125,0.125,0.0,0.0,0.0,0,0,1
Jsoup,12,buglocator,3.0,0.333333,0.333333,0.3333333333333333,0.3333333333333333,0.3333333333333333,3.3333333332441484e-07,3.3333333332441484e-07,3.3333333332441484e-07,0,1,1
Jsoup,12,locus,2.0,0.5,0.5,0.5,0.5,0.5,0.0,0.0,0.0,0,1,1
Jsoup,13,FlexFL,1.0,1.0,1.0,1.0,1.0,1.0,0.0,0.0,0.0,1,1,1
Jsoup,13,boostnsift,1.0,1.0,1.0,1.0,1.0,1.0,0.0,0.0,0.0,1,1,1
Jsoup,13,buglocator,2.0,0.5,0.5,0.5,0.5,0.5,0.0,0.0,0.0,0,1,1
Jsoup,13,locus,6.0,0.166667,0.166667,0.16666666666666666,0.16666666666666666,0.16666666666666666,3.333333333521704e-07,3.333333333521704e-07,3.333333333521704e-07,0,0,1
Jsoup,14,FlexFL,,0.0,0.0,0.0,0.0,0.0,0.0,0.0,0.0,0,0,0
Jsoup,14,boostnsift,,0.0,0.0,0.0,0.0,0.0,0.0,0.0,0.0,0,0,0
Jsoup,14,buglocator,64.0,0.015625,0.015625,0.015625,0.0,0.015625,0.0,0.015625,0.0,0,0,0
Jsoup,14,locus,,0.0,0.0,0.0,0.0,0.0,0.0,0.0,0.0,0,0,0
Jsoup,15,FlexFL,,0.0,0.0,0.0,0.0,0.0,0.0,0.0,0.0,0,0,0
Jsoup,15,boostnsift,,0.0,0.0,0.0,0.0,0.0,0.0,0.0,0.0,0,0,0
Jsoup,15,buglocator,61.0,0.016393,0.016393,0.01639344262295082,0.0,0.01639344262295082,4.426229508192048e-07,0.016393,4.426229508192048e-07,0,0,0
Jsoup,15,locus,,0.0,0.0,0.0,0.0,0.0,0.0,0.0,0.0,0,0,0
Jsoup,16,FlexFL,1.0,1.0,1.0,1.0,1.0,1.0,0.0,0.0,0.0,1,1,1
Jsoup,16,boostnsift,3.0,0.333333,0.333333,0.3333333333333333,0.3333333333333333,0.3333333333333333,3.3333333332441484e-07,3.3333333332441484e-07,3.3333333332441484e-07,0,1,1
Jsoup,16,buglocator,1.0,1.0,1.0,1.0,1.0,1.0,0.0,0.0,0.0,1,1,1
Jsoup,16,locus,1.0,1.0,1.0,1.0,1.0,1.0,0.0,0.0,0.0,1,1,1
Jsoup,17,FlexFL,,0.0,0.0,0.0,0.0,0.0,0.0,0.0,0.0,0,0,0
Jsoup,17,boostnsift,,0.0,0.0,0.0,0.0,0.0,0.0,0.0,0.0,0,0,0
Jsoup,17,buglocator,69.0,0.014493,0.014493,0.014492753623188406,0.0,0.014492753623188406,2.463768115947007e-07,0.014493,2.463768115947007e-07,0,0,0
Jsoup,17,locus,,0.0,0.0,0.0,0.0,0.0,0.0,0.0,0.0,0,0,0
Jsoup,18,FlexFL,2.0,0.5,0.25,0.5,0.5,0.5,0.25,0.25,0.25,1,1,1
Jsoup,18,boostnsift,42.0,0.02381,0.02381,0.023809523809523808,0.023809523809523808,0.023809523809523808,4.761904761931002e-07,4.761904761931002e-07,4.761904761931002e-07,0,0,0
Jsoup,18,buglocator,53.0,0.018868,0.018868,0.018867924528301886,0.018867924528301886,0.018867924528301886,7.547169811328303e-08,7.547169811328303e-08,7.547169811328303e-08,0,0,0
Jsoup,18,locus,47.0,0.021277,0.021277,0.02127659574468085,0.02127659574468085,0.02127659574468085,4.042553191502263e-07,4.042553191502263e-07,4.042553191502263e-07,0,0,0
Jsoup,19,FlexFL,1.0,1.0,1.0,1.0,1.0,1.0,0.0,0.0,0.0,1,1,1
Jsoup,19,boostnsift,1.0,1.0,1.0,1.0,1.0,1.0,0.0,0.0,0.0,1,1,1
Jsoup,19,buglocator,3.0,0.333333,0.333333,0.3333333333333333,0.3333333333333333,0.3333333333333333,3.3333333332441484e-07,3.3333333332441484e-07,3.3333333332441484e-07,0,1,1
Jsoup,19,locus,,0.0,0.0,0.0,0.0,0.0,0.0,0.0,0.0,0,0,0
Jsoup,20,FlexFL,1.0,1.0,1.0,1.0,1.0,1.0,0.0,0.0,0.0,1,1,1
Jsoup,20,boostnsift,1.0,1.0,1.0,1.0,1.0,1.0,0.0,0.0,0.0,1,1,1
Jsoup,20,buglocator,12.0,0.083333,0.083333,0.08333333333333333,0.08333333333333333,0.08333333333333333,3.3333333332441484e-07,3.3333333332441484e-07,3.3333333332441484e-07,0,0,0
Jsoup,20,locus,14.0,0.071429,0.071429,0.07142857142857142,0.07142857142857142,0.07142857142857142,4.285714285817699e-07,4.285714285817699e-07,4.285714285817699e-07,0,0,0
Jsoup,21,FlexFL,3.0,0.3333333333333333,0.1666666666666666,0.3333333333333333,0.3333333333333333,0.3333333333333333,0.1666666666666667,0.1666666666666667,0.1666666666666667,0,1,1
Jsoup,21,boostnsift,57.0,0.017544,0.017544,0.017543859649122806,0.017543859649122806,0.017543859649122806,1.4035087719452277e-07,1.4035087719452277e-07,1.4035087719452277e-07,0,0,0
Jsoup,21,buglocator,13.0,0.076923,0.076923,0.07692307692307693,0.07692307692307693,0.07692307692307693,7.692307692208633e-08,7.692307692208633e-08,7.692307692208633e-08,0,0,0
Jsoup,21,locus,18.0,0.055556,0.055556,0.05555555555555555,0.05555555555555555,0.05555555555555555,4.4444444444874387e-07,4.4444444444874387e-07,4.4444444444874387e-07,0,0,0
Jsoup,22,FlexFL,1.0,1.0,0.3333333333333333,1.0,1.0,1.0,0.6666666666666667,0.6666666666666667,0.6666666666666667,1,1,1
Jsoup,22,boostnsift,2.0,0.5,0.5,0.5,0.5357142857142857,0.5,0.0,0.0357142857142857,0.0,0,1,1
Jsoup,22,buglocator,2.0,0.5,0.5,0.5,0.5357142857142857,0.5,0.0,0.0357142857142857,0.0,0,1,1
Jsoup,22,locus,3.0,0.333333,0.333333,0.3333333333333333,0.41666666666666663,0.3333333333333333,3.3333333332441484e-07,0.08333366666666664,3.3333333332441484e-07,0,1,1
Jsoup,23,FlexFL,1.0,1.0,1.0,1.0,1.0,1.0,0.0,0.0,0.0,1,1,1
Jsoup,23,boostnsift,3.0,0.333333,0.333333,0.3333333333333333,0.3333333333333333,0.3333333333333333,3.3333333332441484e-07,3.3333333332441484e-07,3.3333333332441484e-07,0,1,1
Jsoup,23,buglocator,1.0,1.0,1.0,1.0,1.0,1.0,0.0,0.0,0.0,1,1,1
Jsoup,23,locus,1.0,1.0,1.0,1.0,1.0,1.0,0.0,0.0,0.0,1,1,1
Jsoup,24,FlexFL,,0.0,0.0,0.0,0.0,0.0,0.0,0.0,0.0,0,0,0
Jsoup,24,boostnsift,,0.0,0.0,0.0,0.0,0.0,0.0,0.0,0.0,0,0,0
Jsoup,24,buglocator,72.0,0.013889,0.013889,0.013888888888888888,0.0,0.013888888888888888,1.1111111111218597e-07,0.013889,1.1111111111218597e-07,0,0,0
Jsoup,24,locus,20.0,0.05,0.05,0.05,0.0,0.05,0.0,0.05,0.0,0,0,0
Jsoup,25,FlexFL,,0.0,0.0,0.0,0.0,0.0,0.0,0.0,0.0,0,0,0
Jsoup,25,boostnsift,2.0,0.5,0.5,0.5,0.0,0.5,0.0,0.5,0.0,0,1,1
Jsoup,25,buglocator,1.0,1.0,1.0,1.0,0.0,1.0,0.0,1.0,0.0,1,1,1
Jsoup,25,locus,1.0,1.0,1.0,1.0,0.0,1.0,0.0,1.0,0.0,1,1,1
Jsoup,26,FlexFL,2.0,0.5,0.5,0.5,0.5,0.5,0.0,0.0,0.0,0,1,1
Jsoup,26,boostnsift,4.0,0.25,0.25,0.25,0.25,0.25,0.0,0.0,0.0,0,1,1
Jsoup,26,buglocator,2.0,0.5,0.5,0.5,0.5,0.5,0.0,0.0,0.0,0,1,1
Jsoup,26,locus,1.0,1.0,1.0,1.0,1.0,1.0,0.0,0.0,0.0,1,1,1
Jsoup,27,FlexFL,2.0,0.5,0.5,0.5,0.5,0.5,0.0,0.0,0.0,1,1,1
Jsoup,27,boostnsift,1.0,1.0,1.0,1.0,1.0,1.0,0.0,0.0,0.0,1,1,1
Jsoup,27,buglocator,1.0,1.0,1.0,1.0,1.0,1.0,0.0,0.0,0.0,1,1,1
Jsoup,27,locus,1.0,1.0,1.0,1.0,1.0,1.0,0.0,0.0,0.0,1,1,1
Jsoup,28,FlexFL,1.0,1.0,1.0,1.0,1.0,1.0,0.0,0.0,0.0,1,1,1
Jsoup,28,boostnsift,36.0,0.027778,0.027778,0.027777777777777776,0.013888888888888888,0.027777777777777776,2.2222222222437193e-07,0.013889111111111112,2.2222222222437193e-07,0,0,0
Jsoup,28,buglocator,49.0,0.020408,0.020408,0.02040816326530612,0.01020408163265306,0.02040816326530612,1.632653061217626e-07,0.010203918367346939,1.632653061217626e-07,0,0,0
Jsoup,28,locus,21.0,0.047619,0.047619,0.047619047619047616,0.023809523809523808,0.047619047619047616,4.7619047614799737e-08,0.023809476190476193,4.7619047614799737e-08,0,0,0
Jsoup,29,FlexFL,1.0,1.0,1.0,1.0,1.0,1.0,0.0,0.0,0.0,1,1,1
Jsoup,29,boostnsift,6.0,0.166667,0.166667,0.16666666666666666,0.16666666666666666,0.16666666666666666,3.333333333521704e-07,3.333333333521704e-07,3.333333333521704e-07,0,0,1
Jsoup,29,buglocator,7.0,0.142857,0.142857,0.14285714285714285,0.14285714285714285,0.14285714285714285,1.4285714283746032e-07,1.4285714283746032e-07,1.4285714283746032e-07,0,0,1
Jsoup,29,locus,8.0,0.125,0.125,0.125,0.125,0.125,0.0,0.0,0.0,0,0,1
Jsoup,30,FlexFL,1.0,1.0,1.0,1.0,1.0,1.0,0.0,0.0,0.0,1,1,1
Jsoup,30,boostnsift,1.0,1.0,1.0,1.0,1.0,1.0,0.0,0.0,0.0,1,1,1
Jsoup,30,buglocator,1.0,1.0,1.0,1.0,1.0,1.0,0.0,0.0,0.0,1,1,1
Jsoup,30,locus,1.0,1.0,1.0,1.0,1.0,1.0,0.0,0.0,0.0,1,1,1
Jsoup,31,FlexFL,2.0,0.5,0.5,0.5,0.5,0.5,0.0,0.0,0.0,0,1,1
Jsoup,31,boostnsift,,0.0,0.0,0.0,0.0,0.0,0.0,0.0,0.0,0,0,0
Jsoup,31,buglocator,69.0,0.014493,0.014493,0.014492753623188406,0.014492753623188406,0.014492753623188406,2.463768115947007e-07,2.463768115947007e-07,2.463768115947007e-07,0,0,0
Jsoup,31,locus,39.0,0.025641,0.025641,0.02564102564102564,0.02564102564102564,0.02564102564102564,2.564102563953896e-08,2.564102563953896e-08,2.564102563953896e-08,0,0,0
Jsoup,32,FlexFL,2.0,0.5,0.5,0.5,0.5,0.5,0.0,0.0,0.0,0,1,1
Jsoup,32,boostnsift,1.0,1.0,1.0,1.0,1.0,1.0,0.0,0.0,0.0,1,1,1
Jsoup,32,buglocator,2.0,0.5,0.5,0.5,0.5,0.5,0.0,0.0,0.0,0,1,1
Jsoup,32,locus,1.0,1.0,1.0,1.0,1.0,1.0,0.0,0.0,0.0,1,1,1
Jsoup,33,FlexFL,2.0,0.5,0.5,0.5,0.5,0.5,0.0,0.0,0.0,1,1,1
Jsoup,33,boostnsift,1.0,1.0,1.0,1.0,1.0,1.0,0.0,0.0,0.0,1,1,1
Jsoup,33,buglocator,3.0,0.333333,0.333333,0.3333333333333333,0.3333333333333333,0.3333333333333333,3.3333333332441484e-07,3.3333333332441484e-07,3.3333333332441484e-07,0,1,1
Jsoup,33,locus,13.0,0.076923,0.076923,0.07692307692307693,0.07692307692307693,0.07692307692307693,7.692307692208633e-08,7.692307692208633e-08,7.692307692208633e-08,0,0,0
Jsoup,34,FlexFL,1.0,1.0,1.0,1.0,1.0,1.0,0.0,0.0,0.0,1,1,1
Jsoup,34,boostnsift,26.0,0.038462,0.038462,0.038461538461538464,0.038461538461538464,0.038461538461538464,4.615384615394569e-07,4.615384615394569e-07,4.615384615394569e-07,0,0,0
Jsoup,34,buglocator,4.0,0.25,0.25,0.25,0.25,0.25,0.0,0.0,0.0,0,1,1
Jsoup,34,locus,7.0,0.142857,0.142857,0.14285714285714285,0.14285714285714285,0.14285714285714285,1.4285714283746032e-07,1.4285714283746032e-07,1.4285714283746032e-07,0,0,1
Jsoup,35,FlexFL,,0.0,0.0,0.0,0.0,0.0,0.0,0.0,0.0,0,0,0
Jsoup,35,boostnsift,,0.0,0.0,0.0,0.0,0.0,0.0,0.0,0.0,0,0,0
Jsoup,35,buglocator,76.0,0.013158,0.013158,0.013157894736842105,0.0,0.013157894736842105,1.0526315789502472e-07,0.013158,1.0526315789502472e-07,0,0,0
Jsoup,35,locus,4.0,0.25,0.25,0.25,0.0,0.25,0.0,0.25,0.0,0,1,1
Jsoup,36,FlexFL,1.0,1.0,0.5,1.0,1.0,1.0,0.5,0.5,0.5,1,1,1
Jsoup,36,boostnsift,1.0,1.0,1.0,1.0,1.0,1.0,0.0,0.0,0.0,1,1,1
Jsoup,36,buglocator,3.0,0.333333,0.333333,0.3333333333333333,0.3333333333333333,0.3333333333333333,3.3333333332441484e-07,3.3333333332441484e-07,3.3333333332441484e-07,0,1,1
Jsoup,36,locus,4.0,0.25,0.25,0.25,0.25,0.25,0.0,0.0,0.0,0,1,1
Jsoup,37,FlexFL,1.0,1.0,1.0,1.0,1.0,1.0,0.0,0.0,0.0,1,1,1
Jsoup,37,boostnsift,7.0,0.142857,0.142857,0.14285714285714285,0.14285714285714285,0.14285714285714285,1.4285714283746032e-07,1.4285714283746032e-07,1.4285714283746032e-07,0,0,1
Jsoup,37,buglocator,5.0,0.2,0.2,0.2,0.2,0.2,0.0,0.0,0.0,0,1,1
Jsoup,37,locus,8.0,0.125,0.125,0.125,0.125,0.125,0.0,0.0,0.0,0,0,1
Jsoup,38,FlexFL,,0.0,0.0,0.0,0.0,0.0,0.0,0.0,0.0,0,0,0
Jsoup,38,boostnsift,,0.0,0.0,0.0,0.0,0.0,0.0,0.0,0.0,0,0,0
Jsoup,38,buglocator,29.0,0.034483,0.034483,0.034482758620689655,0.0,0.034482758620689655,2.41379310345069e-07,0.034483,2.41379310345069e-07,0,0,0
Jsoup,38,locus,2.0,0.5,0.5,0.5,0.0,0.5,0.0,0.5,0.0,0,1,1
Jsoup,39,FlexFL,1.0,1.0,1.0,1.0,1.0,1.0,0.0,0.0,0.0,1,1,1
Jsoup,39,boostnsift,2.0,0.5,0.5,0.5,0.5,0.5,0.0,0.0,0.0,0,1,1
Jsoup,39,buglocator,9.0,0.111111,0.111111,0.1111111111111111,0.1111111111111111,0.1111111111111111,1.1111111110351235e-07,1.1111111110351235e-07,1.1111111110351235e-07,0,0,1
Jsoup,39,locus,8.0,0.125,0.125,0.125,0.125,0.125,0.0,0.0,0.0,0,0,1
Jsoup,40,FlexFL,,0.0,0.0,0.0,0.0,0.0,0.0,0.0,0.0,0,0,0
Jsoup,40,boostnsift,2.0,0.5,0.5,0.5,0.5,0.5,0.0,0.0,0.0,0,1,1
Jsoup,40,buglocator,3.0,0.333333,0.333333,0.3333333333333333,0.3333333333333333,0.3333333333333333,3.3333333332441484e-07,3.3333333332441484e-07,3.3333333332441484e-07,0,1,1
Jsoup,40,locus,2.0,0.5,0.5,0.5,0.5,0.5,0.0,0.0,0.0,0,1,1
Jsoup,41,FlexFL,1.0,1.0,1.0,1.0,1.0,1.0,0.0,0.0,0.0,1,1,1
Jsoup,41,boostnsift,2.0,0.5,0.5,0.5,0.5,0.5,0.0,0.0,0.0,0,1,1
Jsoup,41,buglocator,10.0,0.1,0.1,0.1,0.1,0.1,0.0,0.0,0.0,0,0,1
Jsoup,41,locus,4.0,0.25,0.25,0.25,0.25,0.25,0.0,0.0,0.0,0,1,1
Jsoup,42,FlexFL,1.0,1.0,1.0,1.0,1.0,1.0,0.0,0.0,0.0,1,1,1
Jsoup,42,boostnsift,1.0,1.0,1.0,1.0,1.0,1.0,0.0,0.0,0.0,1,1,1
Jsoup,42,buglocator,2.0,0.5,0.5,0.5,0.5,0.5,0.0,0.0,0.0,0,1,1
Jsoup,42,locus,1.0,1.0,1.0,1.0,1.0,1.0,0.0,0.0,0.0,1,1,1
Jsoup,43,FlexFL,1.0,1.0,1.0,1.0,1.0,1.0,0.0,0.0,0.0,1,1,1
Jsoup,43,boostnsift,2.0,0.5,0.5,0.5,0.5,0.5,0.0,0.0,0.0,0,1,1
Jsoup,43,buglocator,5.0,0.2,0.2,0.2,0.2,0.2,0.0,0.0,0.0,0,1,1
Jsoup,43,locus,3.0,0.333333,0.333333,0.3333333333333333,0.3333333333333333,0.3333333333333333,3.3333333332441484e-07,3.3333333332441484e-07,3.3333333332441484e-07,0,1,1
Jsoup,44,FlexFL,,0.0,0.0,0.0,0.0,0.0,0.0,0.0,0.0,0,0,0
Jsoup,44,boostnsift,32.0,0.03125,0.03125,0.03125,0.03125,0.03125,0.0,0.0,0.0,0,0,0
Jsoup,44,buglocator,49.0,0.020408,0.020408,0.02040816326530612,0.02040816326530612,0.02040816326530612,1.632653061217626e-07,1.632653061217626e-07,1.632653061217626e-07,0,0,0
Jsoup,44,locus,19.0,0.052632,0.052632,0.05263157894736842,0.05263157894736842,0.05263157894736842,4.2105263158009887e-07,4.2105263158009887e-07,4.2105263158009887e-07,0,0,0
Jsoup,45,FlexFL,1.0,1.0,1.0,1.0,1.0,1.0,0.0,0.0,0.0,1,1,1
Jsoup,46,FlexFL,1.0,1.0,1.0,1.0,1.0,1.0,0.0,0.0,0.0,1,1,1
Jsoup,46,boostnsift,19.0,0.052632,0.052632,0.05263157894736842,0.05263157894736842,0.05263157894736842,4.2105263158009887e-07,4.2105263158009887e-07,4.2105263158009887e-07,0,0,0
Jsoup,46,buglocator,3.0,0.333333,0.333333,0.3333333333333333,0.3333333333333333,0.3333333333333333,3.3333333332441484e-07,3.3333333332441484e-07,3.3333333332441484e-07,0,1,1
Jsoup,46,locus,3.0,0.333333,0.333333,0.3333333333333333,0.3333333333333333,0.3333333333333333,3.3333333332441484e-07,3.3333333332441484e-07,3.3333333332441484e-07,0,1,1
Jsoup,47,FlexFL,1.0,1.0,1.0,1.0,1.0,1.0,0.0,0.0,0.0,1,1,1
Jsoup,47,boostnsift,19.0,0.052632,0.052632,0.05263157894736842,0.05263157894736842,0.05263157894736842,4.2105263158009887e-07,4.2105263158009887e-07,4.2105263158009887e-07,0,0,0
Jsoup,47,buglocator,20.0,0.05,0.05,0.05,0.05,0.05,0.0,0.0,0.0,0,0,0
Jsoup,47,locus,28.0,0.035714,0.035714,0.03571428571428571,0.03571428571428571,0.03571428571428571,2.857142857096151e-07,2.857142857096151e-07,2.857142857096151e-07,0,0,0
Jsoup,48,FlexFL,1.0,1.0,1.0,1.0,1.0,1.0,0.0,0.0,0.0,1,1,1
Jsoup,48,boostnsift,14.0,0.071429,0.071429,0.07142857142857142,0.07142857142857142,0.07142857142857142,4.285714285817699e-07,4.285714285817699e-07,4.285714285817699e-07,0,0,0
Jsoup,48,buglocator,2.0,0.5,0.5,0.5,0.5,0.5,0.0,0.0,0.0,0,1,1
Jsoup,48,locus,1.0,1.0,1.0,1.0,1.0,1.0,0.0,0.0,0.0,1,1,1
Jsoup,49,FlexFL,,0.0,0.0,0.0,0.0,0.0,0.0,0.0,0.0,0,0,0
Jsoup,49,boostnsift,1.0,1.0,1.0,1.0,1.0,1.0,0.0,0.0,0.0,1,1,1
Jsoup,49,buglocator,1.0,1.0,1.0,1.0,1.0,1.0,0.0,0.0,0.0,1,1,1
Jsoup,49,locus,3.0,0.333333,0.333333,0.3333333333333333,0.3333333333333333,0.3333333333333333,3.3333333332441484e-07,3.3333333332441484e-07,3.3333333332441484e-07,0,1,1
Jsoup,50,FlexFL,1.0,1.0,1.0,1.0,1.0,1.0,0.0,0.0,0.0,1,1,1
Jsoup,50,boostnsift,1.0,1.0,1.0,1.0,1.0,1.0,0.0,0.0,0.0,1,1,1
Jsoup,50,buglocator,1.0,1.0,1.0,1.0,1.0,1.0,0.0,0.0,0.0,1,1,1
Jsoup,50,locus,1.0,1.0,1.0,1.0,1.0,1.0,0.0,0.0,0.0,1,1,1
Jsoup,51,FlexFL,3.0,0.3333333333333333,0.3333333333333333,0.3333333333333333,0.3333333333333333,0.3333333333333333,0.0,0.0,0.0,0,1,1
Jsoup,51,boostnsift,71.0,0.014085,0.014085,0.014084507042253521,0.014084507042253521,0.014084507042253521,4.929577464788532e-07,4.929577464788532e-07,4.929577464788532e-07,0,0,0
Jsoup,51,buglocator,47.0,0.021277,0.021277,0.02127659574468085,0.02127659574468085,0.02127659574468085,4.042553191502263e-07,4.042553191502263e-07,4.042553191502263e-07,0,0,0
Jsoup,51,locus,68.0,0.014706,0.014706,0.014705882352941176,0.014705882352941176,0.014705882352941176,1.1764705882405524e-07,1.1764705882405524e-07,1.1764705882405524e-07,0,0,0
Jsoup,52,FlexFL,5.0,0.2,0.2,0.2,0.30000000000000004,0.2,0.0,0.10000000000000003,0.0,0,1,1
Jsoup,52,boostnsift,18.0,0.055556,0.055556,0.05555555555555555,0.018518518518518517,0.05555555555555555,4.4444444444874387e-07,0.037037481481481484,4.4444444444874387e-07,0,0,0
Jsoup,52,buglocator,19.0,0.052632,0.052632,0.05263157894736842,0.017543859649122806,0.05263157894736842,4.2105263158009887e-07,0.03508814035087719,4.2105263158009887e-07,0,0,0
Jsoup,52,locus,18.0,0.055556,0.055556,0.05555555555555555,0.018518518518518517,0.05555555555555555,4.4444444444874387e-07,0.037037481481481484,4.4444444444874387e-07,0,0,0
Jsoup,53,FlexFL,,0.0,0.0,0.0,0.0,0.0,0.0,0.0,0.0,0,0,0
Jsoup,53,boostnsift,12.0,0.083333,0.083333,0.08333333333333333,0.08333333333333333,0.08333333333333333,3.3333333332441484e-07,3.3333333332441484e-07,3.3333333332441484e-07,0,0,0
Jsoup,53,buglocator,7.0,0.142857,0.142857,0.14285714285714285,0.14285714285714285,0.14285714285714285,1.4285714283746032e-07,1.4285714283746032e-07,1.4285714283746032e-07,0,0,1
Jsoup,53,locus,27.0,0.037037,0.037037,0.037037037037037035,0.037037037037037035,0.037037037037037035,3.7037037034504117e-08,3.7037037034504117e-08,3.7037037034504117e-08,0,0,0
Jsoup,54,FlexFL,1.0,1.0,1.0,1.0,1.0,1.0,0.0,0.0,0.0,1,1,1
Jsoup,54,boostnsift,16.0,0.0625,0.0625,0.0625,0.0625,0.0625,0.0,0.0,0.0,0,0,0
Jsoup,54,buglocator,1.0,1.0,1.0,1.0,1.0,1.0,0.0,0.0,0.0,1,1,1
Jsoup,54,locus,1.0,1.0,1.0,1.0,1.0,1.0,0.0,0.0,0.0,1,1,1
Jsoup,55,FlexFL,,0.0,0.0,0.0,0.0,0.0,0.0,0.0,0.0,0,0,0
Jsoup,55,boostnsift,,0.0,0.0,0.0,0.0,0.0,0.0,0.0,0.0,0,0,0
Jsoup,55,buglocator,66.0,0.015152,0.015152,0.015151515151515152,0.0,0.015151515151515152,4.848484848486018e-07,0.015152,4.848484848486018e-07,0,0,0
Jsoup,55,locus,56.0,0.017857,0.017857,0.017857142857142856,0.0,0.017857142857142856,1.4285714285480755e-07,0.017857,1.4285714285480755e-07,0,0,0
Jsoup,56,FlexFL,1.0,1.0,0.5,1.0,1.0,1.0,0.5,0.5,0.5,1,1,1
Jsoup,56,boostnsift,16.0,0.0625,0.0625,0.0625,0.020833333333333332,0.0625,0.0,0.04166666666666667,0.0,0,0,0
Jsoup,56,buglocator,5.0,0.2,0.2,0.2,0.30000000000000004,0.2,0.0,0.10000000000000003,0.0,0,1,1
Jsoup,56,locus,7.0,0.142857,0.142857,0.14285714285714285,0.047619047619047616,0.14285714285714285,1.4285714283746032e-07,0.0952379523809524,1.4285714283746032e-07,0,0,1
Jsoup,57,FlexFL,1.0,1.0,1.0,1.0,1.0,1.0,0.0,0.0,0.0,1,1,1
Jsoup,57,boostnsift,1.0,1.0,1.0,1.0,1.0,1.0,0.0,0.0,0.0,1,1,1
Jsoup,57,buglocator,1.0,1.0,1.0,1.0,1.0,1.0,0.0,0.0,0.0,1,1,1
Jsoup,57,locus,1.0,1.0,1.0,1.0,1.0,1.0,0.0,0.0,0.0,1,1,1
Jsoup,58,FlexFL,4.0,0.25,0.125,0.25,0.3472222222222222,0.25,0.125,0.2222222222222222,0.125,1,1,1
Jsoup,58,boostnsift,3.0,0.333333,0.333333,0.3333333333333333,0.41666666666666663,0.3333333333333333,3.3333333332441484e-07,0.08333366666666664,3.3333333332441484e-07,0,1,1
Jsoup,58,buglocator,2.0,0.5,0.5,0.5,0.5357142857142857,0.5,0.0,0.0357142857142857,0.0,0,1,1
Jsoup,58,locus,2.0,0.5,0.5,0.5,0.5357142857142857,0.5,0.0,0.0357142857142857,0.0,0,1,1
Jsoup,59,FlexFL,,0.0,0.0,0.0,0.0,0.0,0.0,0.0,0.0,0,0,0
Jsoup,59,boostnsift,107.0,0.009346,0.009346,0.009345794392523364,0.009345794392523364,0.009345794392523364,2.0560747663635193e-07,2.0560747663635193e-07,2.0560747663635193e-07,0,0,0
Jsoup,59,buglocator,46.0,0.021739,0.021739,0.021739130434782608,0.021739130434782608,0.021739130434782608,1.3043478260671426e-07,1.3043478260671426e-07,1.3043478260671426e-07,0,0,0
Jsoup,59,locus,41.0,0.02439,0.02439,0.024390243902439025,0.024390243902439025,0.024390243902439025,2.439024390267497e-07,2.439024390267497e-07,2.439024390267497e-07,0,0,0
Jsoup,60,FlexFL,1.0,1.0,1.0,1.0,1.0,1.0,0.0,0.0,0.0,1,1,1
Jsoup,60,boostnsift,24.0,0.041667,0.041667,0.041666666666666664,0.020833333333333332,0.041666666666666664,3.333333333382926e-07,0.02083366666666667,3.333333333382926e-07,0,0,0
Jsoup,60,buglocator,24.0,0.041667,0.041667,0.041666666666666664,0.020833333333333332,0.041666666666666664,3.333333333382926e-07,0.02083366666666667,3.333333333382926e-07,0,0,0
Jsoup,60,locus,42.0,0.02381,0.02381,0.023809523809523808,0.011904761904761904,0.023809523809523808,4.761904761931002e-07,0.011905238095238097,4.761904761931002e-07,0,0,0
Jsoup,61,FlexFL,1.0,1.0,1.0,1.0,1.0,1.0,0.0,0.0,0.0,1,1,1
Jsoup,61,boostnsift,10.0,0.1,0.1,0.1,0.1,0.1,0.0,0.0,0.0,0,0,1
Jsoup,61,buglocator,5.0,0.2,0.2,0.2,0.2,0.2,0.0,0.0,0.0,0,1,1
Jsoup,61,locus,8.0,0.125,0.125,0.125,0.125,0.125,0.0,0.0,0.0,0,0,1
Jsoup,62,FlexFL,,0.0,0.0,0.0,0.0,0.0,0.0,0.0,0.0,0,0,0
Jsoup,62,boostnsift,,0.0,0.0,0.0,0.0,0.0,0.0,0.0,0.0,0,0,0
Jsoup,62,buglocator,48.0,0.020833,0.020833,0.020833333333333332,0.0,0.020833333333333332,3.3333333333135373e-07,0.020833,3.3333333333135373e-07,0,0,0
Jsoup,62,locus,4.0,0.25,0.25,0.25,0.0,0.25,0.0,0.25,0.0,0,1,1
Jsoup,63,FlexFL,2.0,0.5,0.2916666666666666,0.5,0.5357142857142857,0.5,0.20833333333333343,0.24404761904761912,0.20833333333333343,1,1,1
Jsoup,63,boostnsift,1.0,1.0,1.0,1.0,1.0,1.0,0.0,0.0,0.0,1,1,1
Jsoup,63,buglocator,1.0,1.0,1.0,1.0,1.0,1.0,0.0,0.0,0.0,1,1,1
Jsoup,63,locus,1.0,1.0,1.0,1.0,1.0,1.0,0.0,0.0,0.0,1,1,1
Jsoup,64,FlexFL,,0.0,0.0,0.0,0.0,0.0,0.0,0.0,0.0,0,0,0
Jsoup,64,boostnsift,,0.0,0.0,0.0,0.0,0.0,0.0,0.0,0.0,0,0,0
Jsoup,64,buglocator,21.0,0.047619,0.047619,0.047619047619047616,0.0,0.047619047619047616,4.7619047614799737e-08,0.047619,4.7619047614799737e-08,0,0,0
Jsoup,64,locus,3.0,0.333333,0.333333,0.3333333333333333,0.0,0.3333333333333333,3.3333333332441484e-07,0.333333,3.3333333332441484e-07,0,1,1
Jsoup,65,FlexFL,1.0,1.0,1.0,1.0,1.0,1.0,0.0,0.0,0.0,1,1,1
Jsoup,65,boostnsift,,0.0,0.0,0.0,0.0,0.0,0.0,0.0,0.0,0,0,0
Jsoup,65,buglocator,43.0,0.023256,0.023256,0.023255813953488372,0.023255813953488372,0.023255813953488372,1.8604651162712482e-07,1.8604651162712482e-07,1.8604651162712482e-07,0,0,0
Jsoup,65,locus,5.0,0.2,0.2,0.2,0.2,0.2,0.0,0.0,0.0,0,1,1
Jsoup,66,FlexFL,2.0,0.5,0.125,0.5,0.5357142857142857,0.5,0.375,0.4107142857142857,0.375,0,1,1
Jsoup,66,boostnsift,2.0,0.5,0.5,0.5,0.5357142857142857,0.5,0.0,0.0357142857142857,0.0,0,1,1
Jsoup,66,buglocator,3.0,0.333333,0.333333,0.3333333333333333,0.41666666666666663,0.3333333333333333,3.3333333332441484e-07,0.08333366666666664,3.3333333332441484e-07,0,1,1
Jsoup,66,locus,7.0,0.142857,0.142857,0.14285714285714285,0.07142857142857142,0.14285714285714285,1.4285714283746032e-07,0.07142842857142859,1.4285714283746032e-07,0,0,1
Jsoup,67,FlexFL,1.0,1.0,1.0,1.0,1.0,1.0,0.0,0.0,0.0,1,1,1
Jsoup,67,boostnsift,14.0,0.071429,0.071429,0.07142857142857142,0.07142857142857142,0.07142857142857142,4.285714285817699e-07,4.285714285817699e-07,4.285714285817699e-07,0,0,0
Jsoup,67,buglocator,8.0,0.125,0.125,0.125,0.125,0.125,0.0,0.0,0.0,0,0,1
Jsoup,67,locus,20.0,0.05,0.05,0.05,0.05,0.05,0.0,0.0,0.0,0,0,0
Jsoup,68,FlexFL,4.0,0.25,0.25,0.25,0.25,0.25,0.0,0.0,0.0,0,1,1
Jsoup,68,boostnsift,9.0,0.111111,0.111111,0.1111111111111111,0.1111111111111111,0.1111111111111111,1.1111111110351235e-07,1.1111111110351235e-07,1.1111111110351235e-07,0,0,1
Jsoup,68,buglocator,52.0,0.019231,0.019231,0.019230769230769232,0.019230769230769232,0.019230769230769232,2.3076923076972844e-07,2.3076923076972844e-07,2.3076923076972844e-07,0,0,0
Jsoup,68,locus,30.0,0.033333,0.033333,0.03333333333333333,0.03333333333333333,0.03333333333333333,3.3333333333135373e-07,3.3333333333135373e-07,3.3333333333135373e-07,0,0,0
Jsoup,69,FlexFL,,0.0,0.0,0.0,0.0,0.0,0.0,0.0,0.0,0,0,0
Jsoup,69,boostnsift,5.0,0.2,0.2,0.2,0.0,0.2,0.0,0.2,0.0,0,1,1
Jsoup,69,buglocator,1.0,1.0,1.0,1.0,0.0,1.0,0.0,1.0,0.0,1,1,1
Jsoup,69,locus,1.0,1.0,1.0,1.0,0.0,1.0,0.0,1.0,0.0,1,1,1
Jsoup,70,FlexFL,4.0,0.25,0.25,0.25,0.25,0.25,0.0,0.0,0.0,0,1,1
Jsoup,70,boostnsift,3.0,0.333333,0.333333,0.3333333333333333,0.3333333333333333,0.3333333333333333,3.3333333332441484e-07,3.3333333332441484e-07,3.3333333332441484e-07,0,1,1
Jsoup,70,buglocator,10.0,0.1,0.1,0.1,0.1,0.1,0.0,0.0,0.0,0,0,1
Jsoup,70,locus,20.0,0.05,0.05,0.05,0.05,0.05,0.0,0.0,0.0,0,0,0
Jsoup,71,FlexFL,2.0,0.5,0.5,0.5,0.5,0.5,0.0,0.0,0.0,0,1,1
Jsoup,71,boostnsift,,0.0,0.0,0.0,0.0,0.0,0.0,0.0,0.0,0,0,0
Jsoup,71,buglocator,,0.0,0.0,0.0,0.0,0.0,0.0,0.0,0.0,0,0,0
Jsoup,71,locus,,0.0,0.0,0.0,0.0,0.0,0.0,0.0,0.0,0,0,0
Jsoup,72,FlexFL,4.0,0.25,0.25,0.25,0.25,0.25,0.0,0.0,0.0,0,1,1
Jsoup,72,boostnsift,72.0,0.013889,0.013889,0.013888888888888888,0.013888888888888888,0.013888888888888888,1.1111111111218597e-07,1.1111111111218597e-07,1.1111111111218597e-07,0,0,0
Jsoup,72,buglocator,84.0,0.011905,0.011905,0.011904761904761904,0.011904761904761904,0.011904761904761904,2.380952380965501e-07,2.380952380965501e-07,2.380952380965501e-07,0,0,0
Jsoup,72,locus,67.0,0.014925,0.014925,0.014925373134328358,0.014925373134328358,0.014925373134328358,3.731343283571581e-07,3.731343283571581e-07,3.731343283571581e-07,0,0,0
Jsoup,73,FlexFL,1.0,1.0,0.25,1.0,1.0,1.0,0.75,0.75,0.75,1,1,1
Jsoup,73,boostnsift,43.0,0.023256,0.023256,0.023255813953488372,0.023255813953488372,0.023255813953488372,1.8604651162712482e-07,1.8604651162712482e-07,1.8604651162712482e-07,0,0,0
Jsoup,73,buglocator,3.0,0.333333,0.333333,0.3333333333333333,0.3333333333333333,0.3333333333333333,3.3333333332441484e-07,3.3333333332441484e-07,3.3333333332441484e-07,0,1,1
Jsoup,73,locus,10.0,0.1,0.1,0.1,0.1,0.1,0.0,0.0,0.0,0,0,1
Jsoup,74,FlexFL,,0.0,0.0,0.0,0.0,0.0,0.0,0.0,0.0,0,0,0
Jsoup,74,boostnsift,15.0,0.066667,0.066667,0.06666666666666667,0.06666666666666667,0.06666666666666667,3.333333333382926e-07,3.333333333382926e-07,3.333333333382926e-07,0,0,0
Jsoup,74,buglocator,10.0,0.1,0.1,0.1,0.1,0.1,0.0,0.0,0.0,0,0,1
Jsoup,74,locus,,0.0,0.0,0.0,0.0,0.0,0.0,0.0,0.0,0,0,0
Jsoup,75,FlexFL,1.0,1.0,1.0,1.0,1.0,1.0,0.0,0.0,0.0,1,1,1
Jsoup,75,boostnsift,24.0,0.041667,0.041667,0.041666666666666664,0.041666666666666664,0.041666666666666664,3.333333333382926e-07,3.333333333382926e-07,3.333333333382926e-07,0,0,0
Jsoup,75,buglocator,9.0,0.111111,0.111111,0.1111111111111111,0.1111111111111111,0.1111111111111111,1.1111111110351235e-07,1.1111111110351235e-07,1.1111111110351235e-07,0,0,1
Jsoup,75,locus,3.0,0.333333,0.333333,0.3333333333333333,0.3333333333333333,0.3333333333333333,3.3333333332441484e-07,3.3333333332441484e-07,3.3333333332441484e-07,0,1,1
Jsoup,76,FlexFL,,0.0,0.0,0.0,0.0,0.0,0.0,0.0,0.0,0,0,0
Jsoup,76,boostnsift,,0.0,0.0,0.0,0.0,0.0,0.0,0.0,0.0,0,0,0
Jsoup,76,buglocator,29.0,0.034483,0.034483,0.034482758620689655,0.0,0.034482758620689655,2.41379310345069e-07,0.034483,2.41379310345069e-07,0,0,0
Jsoup,76,locus,9.0,0.111111,0.111111,0.1111111111111111,0.0,0.1111111111111111,1.1111111110351235e-07,0.111111,1.1111111110351235e-07,0,0,1
Jsoup,77,FlexFL,4.0,0.25,0.25,0.25,0.25,0.25,0.0,0.0,0.0,1,1,1
Jsoup,77,boostnsift,16.0,0.0625,0.0625,0.0625,0.0625,0.0625,0.0,0.0,0.0,0,0,0
Jsoup,77,buglocator,19.0,0.052632,0.052632,0.05263157894736842,0.05263157894736842,0.05263157894736842,4.2105263158009887e-07,4.2105263158009887e-07,4.2105263158009887e-07,0,0,0
Jsoup,77,locus,3.0,0.333333,0.333333,0.3333333333333333,0.3333333333333333,0.3333333333333333,3.3333333332441484e-07,3.3333333332441484e-07,3.3333333332441484e-07,0,1,1
Jsoup,78,FlexFL,3.0,0.3333333333333333,0.3333333333333333,0.3333333333333333,0.3333333333333333,0.3333333333333333,0.0,0.0,0.0,0,1,1
Jsoup,78,boostnsift,3.0,0.333333,0.333333,0.3333333333333333,0.3333333333333333,0.3333333333333333,3.3333333332441484e-07,3.3333333332441484e-07,3.3333333332441484e-07,0,1,1
Jsoup,78,buglocator,3.0,0.333333,0.333333,0.3333333333333333,0.3333333333333333,0.3333333333333333,3.3333333332441484e-07,3.3333333332441484e-07,3.3333333332441484e-07,0,1,1
Jsoup,78,locus,7.0,0.142857,0.142857,0.14285714285714285,0.14285714285714285,0.14285714285714285,1.4285714283746032e-07,1.4285714283746032e-07,1.4285714283746032e-07,0,0,1
Jsoup,79,FlexFL,1.0,1.0,1.0,1.0,1.0,1.0,0.0,0.0,0.0,1,1,1
Jsoup,79,boostnsift,1.0,1.0,1.0,1.0,1.0,1.0,0.0,0.0,0.0,1,1,1
Jsoup,79,buglocator,2.0,0.5,0.5,0.5,0.5,0.5,0.0,0.0,0.0,0,1,1
Jsoup,79,locus,1.0,1.0,1.0,1.0,1.0,1.0,0.0,0.0,0.0,1,1,1
Jsoup,80,FlexFL,1.0,1.0,1.0,1.0,1.0,1.0,0.0,0.0,0.0,1,1,1
Jsoup,80,boostnsift,7.0,0.142857,0.142857,0.14285714285714285,0.14285714285714285,0.14285714285714285,1.4285714283746032e-07,1.4285714283746032e-07,1.4285714283746032e-07,0,0,1
Jsoup,80,buglocator,1.0,1.0,1.0,1.0,1.0,1.0,0.0,0.0,0.0,1,1,1
Jsoup,80,locus,3.0,0.333333,0.333333,0.3333333333333333,0.3333333333333333,0.3333333333333333,3.3333333332441484e-07,3.3333333332441484e-07,3.3333333332441484e-07,0,1,1
Jsoup,81,FlexFL,1.0,1.0,1.0,1.0,1.0,1.0,0.0,0.0,0.0,1,1,1
Jsoup,81,boostnsift,3.0,0.333333,0.333333,0.3333333333333333,0.3333333333333333,0.3333333333333333,3.3333333332441484e-07,3.3333333332441484e-07,3.3333333332441484e-07,0,1,1
Jsoup,81,buglocator,33.0,0.030303,0.030303,0.030303030303030304,0.030303030303030304,0.030303030303030304,3.030303030379655e-08,3.030303030379655e-08,3.030303030379655e-08,0,0,0
Jsoup,81,locus,18.0,0.055556,0.055556,0.05555555555555555,0.05555555555555555,0.05555555555555555,4.4444444444874387e-07,4.4444444444874387e-07,4.4444444444874387e-07,0,0,0
Jsoup,82,FlexFL,1.0,1.0,1.0,1.0,1.0,1.0,0.0,0.0,0.0,1,1,1
Jsoup,82,boostnsift,4.0,0.25,0.25,0.25,0.25,0.25,0.0,0.0,0.0,0,1,1
Jsoup,82,buglocator,7.0,0.142857,0.142857,0.14285714285714285,0.14285714285714285,0.14285714285714285,1.4285714283746032e-07,1.4285714283746032e-07,1.4285714283746032e-07,0,0,1
Jsoup,82,locus,5.0,0.2,0.2,0.2,0.2,0.2,0.0,0.0,0.0,0,1,1
Jsoup,83,FlexFL,,0.0,0.0,0.0,0.0,0.0,0.0,0.0,0.0,0,0,0
Jsoup,83,boostnsift,,0.0,0.0,0.0,0.0,0.0,0.0,0.0,0.0,0,0,0
Jsoup,83,buglocator,100.0,0.01,0.01,0.01,0.01,0.01,0.0,0.0,0.0,0,0,0
Jsoup,83,locus,38.0,0.026316,0.026316,0.02631578947368421,0.02631578947368421,0.02631578947368421,2.1052631579004943e-07,2.1052631579004943e-07,2.1052631579004943e-07,0,0,0
Jsoup,84,FlexFL,1.0,1.0,1.0,1.0,1.0,1.0,0.0,0.0,0.0,1,1,1
Jsoup,84,boostnsift,18.0,0.055556,0.055556,0.05555555555555555,0.05555555555555555,0.05555555555555555,4.4444444444874387e-07,4.4444444444874387e-07,4.4444444444874387e-07,0,0,0
Jsoup,84,buglocator,1.0,1.0,1.0,1.0,1.0,1.0,0.0,0.0,0.0,1,1,1
Jsoup,84,locus,1.0,1.0,1.0,1.0,1.0,1.0,0.0,0.0,0.0,1,1,1
Jsoup,85,FlexFL,1.0,1.0,1.0,1.0,1.0,1.0,0.0,0.0,0.0,1,1,1
Jsoup,85,boostnsift,10.0,0.1,0.1,0.1,0.1,0.1,0.0,0.0,0.0,0,0,1
Jsoup,85,buglocator,12.0,0.083333,0.083333,0.08333333333333333,0.08333333333333333,0.08333333333333333,3.3333333332441484e-07,3.3333333332441484e-07,3.3333333332441484e-07,0,0,0
Jsoup,85,locus,1.0,1.0,1.0,1.0,1.0,1.0,0.0,0.0,0.0,1,1,1
Jsoup,86,FlexFL,,0.0,0.0,0.0,0.0,0.0,0.0,0.0,0.0,0,0,0
Jsoup,86,boostnsift,4.0,0.25,0.25,0.25,0.25,0.25,0.0,0.0,0.0,0,1,1
Jsoup,86,buglocator,35.0,0.028571,0.028571,0.02857142857142857,0.02857142857142857,0.02857142857142857,4.2857142857136155e-07,4.2857142857136155e-07,4.2857142857136155e-07,0,0,0
Jsoup,86,locus,72.0,0.013889,0.013889,0.013888888888888888,0.013888888888888888,0.013888888888888888,1.1111111111218597e-07,1.1111111111218597e-07,1.1111111111218597e-07,0,0,0
Jsoup,87,FlexFL,2.0,0.5,0.5,0.5,0.5357142857142857,0.5,0.0,0.0357142857142857,0.0,0,1,1
Jsoup,87,boostnsift,8.0,0.125,0.125,0.125,0.0625,0.125,0.0,0.0625,0.0,0,0,1
Jsoup,87,buglocator,4.0,0.25,0.25,0.25,0.3472222222222222,0.25,0.0,0.09722222222222221,0.0,0,1,1
Jsoup,87,locus,22.0,0.045455,0.045455,0.045454545454545456,0.022727272727272728,0.045454545454545456,4.5454545454653994e-07,0.022727727272727274,4.5454545454653994e-07,0,0,0
Jsoup,88,FlexFL,1.0,1.0,1.0,1.0,1.0,1.0,0.0,0.0,0.0,1,1,1
Jsoup,88,boostnsift,34.0,0.029412,0.029412,0.029411764705882353,0.029411764705882353,0.029411764705882353,2.3529411764811048e-07,2.3529411764811048e-07,2.3529411764811048e-07,0,0,0
Jsoup,88,buglocator,2.0,0.5,0.5,0.5,0.5,0.5,0.0,0.0,0.0,0,1,1
Jsoup,88,locus,2.0,0.5,0.5,0.5,0.5,0.5,0.0,0.0,0.0,0,1,1
Jsoup,89,FlexFL,1.0,1.0,1.0,1.0,1.0,1.0,0.0,0.0,0.0,1,1,1
Jsoup,89,boostnsift,1.0,1.0,1.0,1.0,1.0,1.0,0.0,0.0,0.0,1,1,1
Jsoup,89,buglocator,1.0,1.0,1.0,1.0,1.0,1.0,0.0,0.0,0.0,1,1,1
Jsoup,89,locus,1.0,1.0,1.0,1.0,1.0,1.0,0.0,0.0,0.0,1,1,1
Jsoup,90,FlexFL,1.0,1.0,1.0,1.0,1.0,1.0,0.0,0.0,0.0,1,1,1
Jsoup,90,boostnsift,9.0,0.111111,0.111111,0.1111111111111111,0.1111111111111111,0.1111111111111111,1.1111111110351235e-07,1.1111111110351235e-07,1.1111111110351235e-07,0,0,1
Jsoup,90,buglocator,1.0,1.0,1.0,1.0,1.0,1.0,0.0,0.0,0.0,1,1,1
Jsoup,90,locus,3.0,0.333333,0.333333,0.3333333333333333,0.3333333333333333,0.3333333333333333,3.3333333332441484e-07,3.3333333332441484e-07,3.3333333332441484e-07,0,1,1
Jsoup,91,FlexFL,,0.0,0.0,0.0,0.0,0.0,0.0,0.0,0.0,0,0,0
Jsoup,91,boostnsift,33.0,0.030303,0.030303,0.030303030303030304,0.030303030303030304,0.030303030303030304,3.030303030379655e-08,3.030303030379655e-08,3.030303030379655e-08,0,0,0
Jsoup,91,buglocator,33.0,0.030303,0.030303,0.030303030303030304,0.030303030303030304,0.030303030303030304,3.030303030379655e-08,3.030303030379655e-08,3.030303030379655e-08,0,0,0
Jsoup,91,locus,72.0,0.013889,0.013889,0.013888888888888888,0.013888888888888888,0.013888888888888888,1.1111111111218597e-07,1.1111111111218597e-07,1.1111111111218597e-07,0,0,0
Jsoup,92,FlexFL,1.0,1.0,1.0,1.0,1.0,1.0,0.0,0.0,0.0,1,1,1
Jsoup,92,boostnsift,42.0,0.02381,0.02381,0.023809523809523808,0.005952380952380952,0.023809523809523808,4.761904761931002e-07,0.01785761904761905,4.761904761931002e-07,0,0,0
Jsoup,92,buglocator,35.0,0.028571,0.028571,0.02857142857142857,0.007142857142857143,0.02857142857142857,4.2857142857136155e-07,0.021428142857142857,4.2857142857136155e-07,0,0,0
Jsoup,92,locus,27.0,0.037037,0.037037,0.037037037037037035,0.009259259259259259,0.037037037037037035,3.7037037034504117e-08,0.02777774074074074,3.7037037034504117e-08,0,0,0
Jsoup,93,FlexFL,1.0,1.0,1.0,1.0,1.0,1.0,0.0,0.0,0.0,1,1,1
Jsoup,93,boostnsift,3.0,0.333333,0.333333,0.3333333333333333,0.3333333333333333,0.3333333333333333,3.3333333332441484e-07,3.3333333332441484e-07,3.3333333332441484e-07,0,1,1
Jsoup,93,buglocator,1.0,1.0,1.0,1.0,1.0,1.0,0.0,0.0,0.0,1,1,1
Jsoup,93,locus,2.0,0.5,0.5,0.5,0.5,0.5,0.0,0.0,0.0,0,1,1
JxPath,1,FlexFL,,0.0,0.0,0.0,0.0,0.0,0.0,0.0,0.0,0,0,0
JxPath,1,boostnsift,9.0,0.111111,0.111111,0.1111111111111111,0.05555555555555555,0.1111111111111111,1.1111111110351235e-07,0.05555544444444445,1.1111111110351235e-07,0,0,1
JxPath,1,buglocator,5.0,0.2,0.2,0.2,0.30000000000000004,0.2,0.0,0.10000000000000003,0.0,0,1,1
JxPath,1,locus,7.0,0.142857,0.142857,0.14285714285714285,0.07142857142857142,0.14285714285714285,1.4285714283746032e-07,0.07142842857142859,1.4285714283746032e-07,0,0,1
JxPath,2,FlexFL,,0.0,0.0,0.0,0.0,0.0,0.0,0.0,0.0,0,0,0
JxPath,2,boostnsift,20.0,0.05,0.05,0.05,0.05,0.05,0.0,0.0,0.0,0,0,0
JxPath,2,buglocator,15.0,0.066667,0.066667,0.06666666666666667,0.06666666666666667,0.06666666666666667,3.333333333382926e-07,3.333333333382926e-07,3.333333333382926e-07,0,0,0
JxPath,2,locus,13.0,0.076923,0.076923,0.07692307692307693,0.07692307692307693,0.07692307692307693,7.692307692208633e-08,7.692307692208633e-08,7.692307692208633e-08,0,0,0
JxPath,3,FlexFL,,0.0,0.0,0.0,0.0,0.0,0.0,0.0,0.0,0,0,0
JxPath,3,boostnsift,2.0,0.5,0.5,0.5,0.5,0.5,0.0,0.0,0.0,0,1,1
JxPath,3,buglocator,8.0,0.125,0.125,0.125,0.125,0.125,0.0,0.0,0.0,0,0,1
JxPath,3,locus,4.0,0.25,0.25,0.25,0.25,0.25,0.0,0.0,0.0,0,1,1
JxPath,4,FlexFL,,0.0,0.0,0.0,0.0,0.0,0.0,0.0,0.0,0,0,0
JxPath,4,boostnsift,8.0,0.125,0.125,0.125,0.0625,0.125,0.0,0.0625,0.0,0,0,1
JxPath,4,buglocator,2.0,0.5,0.5,0.5,0.5357142857142857,0.5,0.0,0.0357142857142857,0.0,0,1,1
JxPath,4,locus,1.0,1.0,1.0,1.0,1.0,1.0,0.0,0.0,0.0,1,1,1
JxPath,5,FlexFL,1.0,1.0,1.0,1.0,1.0,1.0,0.0,0.0,0.0,1,1,1
JxPath,5,boostnsift,7.0,0.142857,0.142857,0.14285714285714285,0.14285714285714285,0.14285714285714285,1.4285714283746032e-07,1.4285714283746032e-07,1.4285714283746032e-07,0,0,1
JxPath,5,buglocator,2.0,0.5,0.5,0.5,0.5,0.5,0.0,0.0,0.0,0,1,1
JxPath,5,locus,1.0,1.0,1.0,1.0,1.0,1.0,0.0,0.0,0.0,1,1,1
JxPath,6,FlexFL,2.0,0.5,0.5,0.5,0.5,0.5,0.0,0.0,0.0,0,1,1
JxPath,6,boostnsift,5.0,0.2,0.2,0.2,0.2,0.2,0.0,0.0,0.0,0,1,1
JxPath,6,buglocator,62.0,0.016129,0.016129,0.016129032258064516,0.016129032258064516,0.016129032258064516,3.2258064514706364e-08,3.2258064514706364e-08,3.2258064514706364e-08,0,0,0
JxPath,6,locus,14.0,0.071429,0.071429,0.07142857142857142,0.07142857142857142,0.07142857142857142,4.285714285817699e-07,4.285714285817699e-07,4.285714285817699e-07,0,0,0
JxPath,7,FlexFL,1.0,1.0,0.25,1.0,1.0,1.0,0.75,0.75,0.75,1,1,1
JxPath,7,boostnsift,99.0,0.010101,0.010101,0.010101010101010102,0.0025252525252525255,0.010101010101010102,1.0101010101265517e-08,0.007575747474747475,1.0101010101265517e-08,0,0,0
JxPath,7,buglocator,44.0,0.022727,0.022727,0.022727272727272728,0.005681818181818182,0.022727272727272728,2.727272727272301e-07,0.01704518181818182,2.727272727272301e-07,0,0,0
JxPath,7,locus,170.0,0.005882,0.005882,0.0058823529411764705,0.0014705882352941176,0.0058823529411764705,3.52941176470431e-07,0.0044114117647058824,3.52941176470431e-07,0,0,0
JxPath,8,FlexFL,3.0,0.3333333333333333,0.3333333333333333,0.3333333333333333,0.3333333333333333,0.3333333333333333,0.0,0.0,0.0,0,1,1
JxPath,8,boostnsift,25.0,0.04,0.04,0.04,0.04,0.04,0.0,0.0,0.0,0,0,0
JxPath,8,buglocator,84.0,0.011905,0.011905,0.011904761904761904,0.011904761904761904,0.011904761904761904,2.380952380965501e-07,2.380952380965501e-07,2.380952380965501e-07,0,0,0
JxPath,8,locus,153.0,0.006536,0.006536,0.006535947712418301,0.006535947712418301,0.006535947712418301,5.2287581699290986e-08,5.2287581699290986e-08,5.2287581699290986e-08,0,0,0
JxPath,9,FlexFL,2.0,0.5,0.5,0.5,0.5357142857142857,0.5,0.0,0.0357142857142857,0.0,0,1,1
JxPath,9,boostnsift,,0.0,0.0,0.0,0.0,0.0,0.0,0.0,0.0,0,0,0
JxPath,9,buglocator,34.0,0.029412,0.029412,0.029411764705882353,0.00980392156862745,0.029411764705882353,2.3529411764811048e-07,0.01960807843137255,2.3529411764811048e-07,0,0,0
JxPath,9,locus,173.0,0.00578,0.00578,0.005780346820809248,0.0019267822736030826,0.005780346820809248,3.468208092478539e-07,0.003853217726396918,3.468208092478539e-07,0,0,0
JxPath,10,FlexFL,,0.0,0.0,0.0,0.0,0.0,0.0,0.0,0.0,0,0,0
JxPath,10,boostnsift,52.0,0.019231,0.019231,0.019230769230769232,0.019230769230769232,0.019230769230769232,2.3076923076972844e-07,2.3076923076972844e-07,2.3076923076972844e-07,0,0,0
JxPath,10,buglocator,119.0,0.008403,0.008403,0.008403361344537815,0.008403361344537815,0.008403361344537815,3.613445378140151e-07,3.613445378140151e-07,3.613445378140151e-07,0,0,0
JxPath,10,locus,,0.0,0.0,0.0,0.0,0.0,0.0,0.0,0.0,0,0,0
JxPath,11,FlexFL,,0.0,0.0,0.0,0.0,0.0,0.0,0.0,0.0,0,0,0
JxPath,11,boostnsift,7.0,0.142857,0.142857,0.14285714285714285,0.07142857142857142,0.14285714285714285,1.4285714283746032e-07,0.07142842857142859,1.4285714283746032e-07,0,0,1
JxPath,11,buglocator,20.0,0.05,0.05,0.05,0.025,0.05,0.0,0.025,0.0,0,0,0
JxPath,11,locus,15.0,0.066667,0.066667,0.06666666666666667,0.03333333333333333,0.06666666666666667,3.333333333382926e-07,0.03333366666666667,3.333333333382926e-07,0,0,0
JxPath,12,FlexFL,1.0,1.0,1.0,1.0,1.0,1.0,0.0,0.0,0.0,1,1,1
JxPath,12,boostnsift,2.0,0.5,0.5,0.5,0.5,0.5,0.0,0.0,0.0,0,1,1
JxPath,12,buglocator,2.0,0.5,0.5,0.5,0.5,0.5,0.0,0.0,0.0,0,1,1
JxPath,12,locus,2.0,0.5,0.5,0.5,0.5,0.5,0.0,0.0,0.0,0,1,1
JxPath,13,FlexFL,1.0,1.0,1.0,1.0,1.0,1.0,0.0,0.0,0.0,1,1,1
JxPath,13,boostnsift,10.0,0.1,0.1,0.1,0.05,0.1,0.0,0.05,0.0,0,0,1
JxPath,13,buglocator,4.0,0.25,0.25,0.25,0.3472222222222222,0.25,0.0,0.09722222222222221,0.0,0,1,1
JxPath,13,locus,5.0,0.2,0.2,0.2,0.30000000000000004,0.2,0.0,0.10000000000000003,0.0,0,1,1
JxPath,14,FlexFL,1.0,1.0,1.0,1.0,1.0,1.0,0.0,0.0,0.0,1,1,1
JxPath,14,boostnsift,2.0,0.5,0.5,0.5,0.5,0.5,0.0,0.0,0.0,0,1,1
JxPath,14,buglocator,3.0,0.333333,0.333333,0.3333333333333333,0.3333333333333333,0.3333333333333333,3.3333333332441484e-07,3.3333333332441484e-07,3.3333333332441484e-07,0,1,1
JxPath,14,locus,8.0,0.125,0.125,0.125,0.125,0.125,0.0,0.0,0.0,0,0,1
JxPath,15,FlexFL,5.0,0.2,0.2,0.2,0.2,0.2,0.0,0.0,0.0,0,1,1
JxPath,15,boostnsift,30.0,0.033333,0.033333,0.03333333333333333,0.03333333333333333,0.03333333333333333,3.3333333333135373e-07,3.3333333333135373e-07,3.3333333333135373e-07,0,0,0
JxPath,15,buglocator,19.0,0.052632,0.052632,0.05263157894736842,0.05263157894736842,0.05263157894736842,4.2105263158009887e-07,4.2105263158009887e-07,4.2105263158009887e-07,0,0,0
JxPath,15,locus,2.0,0.5,0.5,0.5,0.5,0.5,0.0,0.0,0.0,0,1,1
JxPath,16,FlexFL,2.0,0.5,0.5,0.5,0.5357142857142857,0.5,0.0,0.0357142857142857,0.0,0,1,1
JxPath,16,boostnsift,1.0,1.0,1.0,1.0,1.0,1.0,0.0,0.0,0.0,1,1,1
JxPath,16,buglocator,2.0,0.5,0.5,0.5,0.5357142857142857,0.5,0.0,0.0357142857142857,0.0,0,1,1
JxPath,16,locus,1.0,1.0,1.0,1.0,1.0,1.0,0.0,0.0,0.0,1,1,1
JxPath,17,FlexFL,3.0,0.3333333333333333,0.3333333333333333,0.3333333333333333,0.41666666666666663,0.3333333333333333,0.0,0.08333333333333331,0.0,0,1,1
JxPath,17,boostnsift,3.0,0.333333,0.333333,0.3333333333333333,0.41666666666666663,0.3333333333333333,3.3333333332441484e-07,0.08333366666666664,3.3333333332441484e-07,0,1,1
JxPath,17,buglocator,2.0,0.5,0.5,0.5,0.5357142857142857,0.5,0.0,0.0357142857142857,0.0,0,1,1
JxPath,17,locus,2.0,0.5,0.5,0.5,0.5357142857142857,0.5,0.0,0.0357142857142857,0.0,0,1,1
JxPath,18,FlexFL,1.0,1.0,1.0,1.0,1.0,1.0,0.0,0.0,0.0,1,1,1
JxPath,18,boostnsift,18.0,0.055556,0.055556,0.05555555555555555,0.05555555555555555,0.05555555555555555,4.4444444444874387e-07,4.4444444444874387e-07,4.4444444444874387e-07,0,0,0
JxPath,18,buglocator,9.0,0.111111,0.111111,0.1111111111111111,0.1111111111111111,0.1111111111111111,1.1111111110351235e-07,1.1111111110351235e-07,1.1111111110351235e-07,0,0,1
JxPath,18,locus,5.0,0.2,0.2,0.2,0.2,0.2,0.0,0.0,0.0,0,1,1
JxPath,19,FlexFL,1.0,1.0,1.0,1.0,1.0,1.0,0.0,0.0,0.0,1,1,1
JxPath,19,boostnsift,2.0,0.5,0.5,0.5,0.5357142857142857,0.5,0.0,0.0357142857142857,0.0,0,1,1
JxPath,19,buglocator,1.0,1.0,1.0,1.0,1.0,1.0,0.0,0.0,0.0,1,1,1
JxPath,19,locus,2.0,0.5,0.5,0.5,0.5357142857142857,0.5,0.0,0.0357142857142857,0.0,0,1,1
JxPath,20,FlexFL,1.0,1.0,1.0,1.0,1.0,1.0,0.0,0.0,0.0,1,1,1
JxPath,20,boostnsift,6.0,0.166667,0.166667,0.16666666666666666,0.16666666666666666,0.16666666666666666,3.333333333521704e-07,3.333333333521704e-07,3.333333333521704e-07,0,0,1
JxPath,20,buglocator,12.0,0.083333,0.083333,0.08333333333333333,0.08333333333333333,0.08333333333333333,3.3333333332441484e-07,3.3333333332441484e-07,3.3333333332441484e-07,0,0,0
JxPath,20,locus,7.0,0.142857,0.142857,0.14285714285714285,0.14285714285714285,0.14285714285714285,1.4285714283746032e-07,1.4285714283746032e-07,1.4285714283746032e-07,0,0,1
JxPath,21,FlexFL,,0.0,0.0,0.0,0.0,0.0,0.0,0.0,0.0,0,0,0
JxPath,21,boostnsift,32.0,0.03125,0.03125,0.03125,0.03125,0.03125,0.0,0.0,0.0,0,0,0
JxPath,21,buglocator,78.0,0.012821,0.012821,0.01282051282051282,0.01282051282051282,0.01282051282051282,4.871794871807306e-07,4.871794871807306e-07,4.871794871807306e-07,0,0,0
JxPath,21,locus,19.0,0.052632,0.052632,0.05263157894736842,0.05263157894736842,0.05263157894736842,4.2105263158009887e-07,4.2105263158009887e-07,4.2105263158009887e-07,0,0,0
JxPath,22,FlexFL,1.0,1.0,1.0,1.0,1.0,1.0,0.0,0.0,0.0,1,1,1
JxPath,22,boostnsift,1.0,1.0,1.0,1.0,1.0,1.0,0.0,0.0,0.0,1,1,1
JxPath,22,buglocator,1.0,1.0,1.0,1.0,1.0,1.0,0.0,0.0,0.0,1,1,1
JxPath,22,locus,1.0,1.0,1.0,1.0,1.0,1.0,0.0,0.0,0.0,1,1,1
Lang,1,FlexFL,3.0,0.3333333333333333,0.3333333333333333,0.3333333333333333,0.3333333333333333,0.3333333333333333,0.0,0.0,0.0,1,1,1
Lang,1,boostnsift,1.0,1.0,1.0,1.0,1.0,1.0,0.0,0.0,0.0,1,1,1
Lang,1,buglocator,1.0,1.0,1.0,1.0,1.0,1.0,0.0,0.0,0.0,1,1,1
Lang,1,locus,1.0,1.0,1.0,1.0,1.0,1.0,0.0,0.0,0.0,1,1,1
Lang,3,FlexFL,1.0,1.0,1.0,1.0,1.0,1.0,0.0,0.0,0.0,1,1,1
Lang,3,boostnsift,1.0,1.0,1.0,1.0,1.0,1.0,0.0,0.0,0.0,1,1,1
Lang,3,buglocator,2.0,0.5,0.5,0.5,0.5,0.5,0.0,0.0,0.0,0,1,1
Lang,3,locus,2.0,0.5,0.5,0.5,0.5,0.5,0.0,0.0,0.0,0,1,1
Lang,4,FlexFL,2.0,0.5,0.25,0.5,0.5,0.5,0.25,0.25,0.25,1,1,1
Lang,4,boostnsift,2.0,0.5,0.5,0.5,0.5,0.5,0.0,0.0,0.0,0,1,1
Lang,4,buglocator,12.0,0.083333,0.083333,0.08333333333333333,0.08333333333333333,0.08333333333333333,3.3333333332441484e-07,3.3333333332441484e-07,3.3333333332441484e-07,0,0,0
Lang,4,locus,3.0,0.333333,0.333333,0.3333333333333333,0.3333333333333333,0.3333333333333333,3.3333333332441484e-07,3.3333333332441484e-07,3.3333333332441484e-07,0,1,1
Lang,5,FlexFL,1.0,1.0,1.0,1.0,1.0,1.0,0.0,0.0,0.0,1,1,1
Lang,5,boostnsift,1.0,1.0,1.0,1.0,1.0,1.0,0.0,0.0,0.0,1,1,1
Lang,5,buglocator,1.0,1.0,1.0,1.0,1.0,1.0,0.0,0.0,0.0,1,1,1
Lang,5,locus,2.0,0.5,0.5,0.5,0.5,0.5,0.0,0.0,0.0,0,1,1
Lang,6,FlexFL,3.0,0.3333333333333333,0.3333333333333333,0.3333333333333333,0.3333333333333333,0.3333333333333333,0.0,0.0,0.0,0,1,1
Lang,6,boostnsift,3.0,0.333333,0.333333,0.3333333333333333,0.3333333333333333,0.3333333333333333,3.3333333332441484e-07,3.3333333332441484e-07,3.3333333332441484e-07,0,1,1
Lang,6,buglocator,1.0,1.0,1.0,1.0,1.0,1.0,0.0,0.0,0.0,1,1,1
Lang,6,locus,2.0,0.5,0.5,0.5,0.5,0.5,0.0,0.0,0.0,0,1,1
Lang,7,FlexFL,1.0,1.0,1.0,1.0,1.0,1.0,0.0,0.0,0.0,1,1,1
Lang,7,boostnsift,1.0,1.0,1.0,1.0,1.0,1.0,0.0,0.0,0.0,1,1,1
Lang,7,buglocator,1.0,1.0,1.0,1.0,1.0,1.0,0.0,0.0,0.0,1,1,1
Lang,7,locus,2.0,0.5,0.5,0.5,0.5,0.5,0.0,0.0,0.0,0,1,1
Lang,8,FlexFL,1.0,1.0,1.0,1.0,1.0,1.0,0.0,0.0,0.0,1,1,1
Lang,8,boostnsift,4.0,0.25,0.25,0.25,0.25,0.25,0.0,0.0,0.0,0,1,1
Lang,8,buglocator,2.0,0.5,0.5,0.5,0.5,0.5,0.0,0.0,0.0,0,1,1
Lang,8,locus,3.0,0.333333,0.333333,0.3333333333333333,0.3333333333333333,0.3333333333333333,3.3333333332441484e-07,3.3333333332441484e-07,3.3333333332441484e-07,0,1,1
Lang,9,FlexFL,1.0,1.0,1.0,1.0,1.0,1.0,0.0,0.0,0.0,1,1,1
Lang,9,boostnsift,1.0,1.0,1.0,1.0,1.0,1.0,0.0,0.0,0.0,1,1,1
Lang,9,buglocator,5.0,0.2,0.2,0.2,0.2,0.2,0.0,0.0,0.0,0,1,1
Lang,9,locus,1.0,1.0,1.0,1.0,1.0,1.0,0.0,0.0,0.0,1,1,1
Lang,10,FlexFL,1.0,1.0,1.0,1.0,1.0,1.0,0.0,0.0,0.0,1,1,1
Lang,10,boostnsift,2.0,0.5,0.5,0.5,0.5,0.5,0.0,0.0,0.0,0,1,1
Lang,10,buglocator,1.0,1.0,1.0,1.0,1.0,1.0,0.0,0.0,0.0,1,1,1
Lang,10,locus,1.0,1.0,1.0,1.0,1.0,1.0,0.0,0.0,0.0,1,1,1
Lang,11,FlexFL,1.0,1.0,1.0,1.0,1.0,1.0,0.0,0.0,0.0,1,1,1
Lang,11,boostnsift,1.0,1.0,1.0,1.0,1.0,1.0,0.0,0.0,0.0,1,1,1
Lang,11,buglocator,1.0,1.0,1.0,1.0,1.0,1.0,0.0,0.0,0.0,1,1,1
Lang,11,locus,1.0,1.0,1.0,1.0,1.0,1.0,0.0,0.0,0.0,1,1,1
Lang,12,FlexFL,1.0,1.0,1.0,1.0,1.0,1.0,0.0,0.0,0.0,1,1,1
Lang,12,boostnsift,1.0,1.0,1.0,1.0,1.0,1.0,0.0,0.0,0.0,1,1,1
Lang,12,buglocator,1.0,1.0,1.0,1.0,1.0,1.0,0.0,0.0,0.0,1,1,1
Lang,12,locus,1.0,1.0,1.0,1.0,1.0,1.0,0.0,0.0,0.0,1,1,1
Lang,13,FlexFL,1.0,1.0,0.5,1.0,1.0,1.0,0.5,0.5,0.5,1,1,1
Lang,13,boostnsift,2.0,0.5,0.5,0.5,0.5,0.5,0.0,0.0,0.0,0,1,1
Lang,13,buglocator,1.0,1.0,1.0,1.0,1.0,1.0,0.0,0.0,0.0,1,1,1
Lang,13,locus,1.0,1.0,1.0,1.0,1.0,1.0,0.0,0.0,0.0,1,1,1
Lang,14,FlexFL,1.0,1.0,1.0,1.0,1.0,1.0,0.0,0.0,0.0,1,1,1
Lang,14,boostnsift,1.0,1.0,1.0,1.0,1.0,1.0,0.0,0.0,0.0,1,1,1
Lang,14,buglocator,1.0,1.0,1.0,1.0,1.0,1.0,0.0,0.0,0.0,1,1,1
Lang,14,locus,2.0,0.5,0.5,0.5,0.5,0.5,0.0,0.0,0.0,0,1,1
Lang,15,FlexFL,1.0,1.0,1.0,1.0,1.0,1.0,0.0,0.0,0.0,1,1,1
Lang,15,boostnsift,1.0,1.0,1.0,1.0,1.0,1.0,0.0,0.0,0.0,1,1,1
Lang,15,buglocator,2.0,0.5,0.5,0.5,0.5,0.5,0.0,0.0,0.0,0,1,1
Lang,15,locus,1.0,1.0,1.0,1.0,1.0,1.0,0.0,0.0,0.0,1,1,1
Lang,16,FlexFL,1.0,1.0,1.0,1.0,1.0,1.0,0.0,0.0,0.0,1,1,1
Lang,16,boostnsift,1.0,1.0,1.0,1.0,1.0,1.0,0.0,0.0,0.0,1,1,1
Lang,16,buglocator,1.0,1.0,1.0,1.0,1.0,1.0,0.0,0.0,0.0,1,1,1
Lang,16,locus,2.0,0.5,0.5,0.5,0.5,0.5,0.0,0.0,0.0,0,1,1
Lang,17,FlexFL,,0.0,0.0,0.0,0.0,0.0,0.0,0.0,0.0,0,0,0
Lang,17,boostnsift,10.0,0.1,0.1,0.1,0.1,0.1,0.0,0.0,0.0,0,0,1
Lang,17,buglocator,6.0,0.166667,0.166667,0.16666666666666666,0.16666666666666666,0.16666666666666666,3.333333333521704e-07,3.333333333521704e-07,3.333333333521704e-07,0,0,1
Lang,17,locus,2.0,0.5,0.5,0.5,0.5,0.5,0.0,0.0,0.0,0,1,1
Lang,18,FlexFL,2.0,0.5,0.5,0.5,0.5,0.5,0.0,0.0,0.0,1,1,1
Lang,19,FlexFL,1.0,1.0,1.0,1.0,1.0,1.0,0.0,0.0,0.0,1,1,1
Lang,19,boostnsift,4.0,0.25,0.25,0.25,0.25,0.25,0.0,0.0,0.0,0,1,1
Lang,19,buglocator,,0.0,0.0,0.0,0.0,0.0,0.0,0.0,0.0,0,0,0
Lang,19,locus,,0.0,0.0,0.0,0.0,0.0,0.0,0.0,0.0,0,0,0
Lang,20,FlexFL,1.0,1.0,1.0,1.0,1.0,1.0,0.0,0.0,0.0,1,1,1
Lang,20,boostnsift,1.0,1.0,1.0,1.0,1.0,1.0,0.0,0.0,0.0,1,1,1
Lang,20,buglocator,2.0,0.5,0.5,0.5,0.5,0.5,0.0,0.0,0.0,0,1,1
Lang,20,locus,1.0,1.0,1.0,1.0,1.0,1.0,0.0,0.0,0.0,1,1,1
Lang,21,FlexFL,1.0,1.0,1.0,1.0,1.0,1.0,0.0,0.0,0.0,1,1,1
Lang,21,boostnsift,1.0,1.0,1.0,1.0,1.0,1.0,0.0,0.0,0.0,1,1,1
Lang,21,buglocator,1.0,1.0,1.0,1.0,1.0,1.0,0.0,0.0,0.0,1,1,1
Lang,21,locus,1.0,1.0,1.0,1.0,1.0,1.0,0.0,0.0,0.0,1,1,1
Lang,22,FlexFL,1.0,1.0,1.0,1.0,1.0,1.0,0.0,0.0,0.0,1,1,1
Lang,22,boostnsift,1.0,1.0,1.0,1.0,1.0,1.0,0.0,0.0,0.0,1,1,1
Lang,22,buglocator,2.0,0.5,0.5,0.5,0.5,0.5,0.0,0.0,0.0,0,1,1
Lang,22,locus,,0.0,0.0,0.0,0.0,0.0,0.0,0.0,0.0,0,0,0
Lang,23,FlexFL,,0.0,0.0,0.0,0.0,0.0,0.0,0.0,0.0,0,0,0
Lang,23,boostnsift,11.0,0.090909,0.090909,0.09090909090909091,0.0,0.09090909090909091,9.090909090792021e-08,0.090909,9.090909090792021e-08,0,0,0
Lang,23,buglocator,2.0,0.5,0.5,0.5,0.0,0.5,0.0,0.5,0.0,0,1,1
Lang,23,locus,,0.0,0.0,0.0,0.0,0.0,0.0,0.0,0.0,0,0,0
Lang,24,FlexFL,1.0,1.0,1.0,1.0,1.0,1.0,0.0,0.0,0.0,1,1,1
Lang,24,boostnsift,1.0,1.0,1.0,1.0,1.0,1.0,0.0,0.0,0.0,1,1,1
Lang,24,buglocator,1.0,1.0,1.0,1.0,1.0,1.0,0.0,0.0,0.0,1,1,1
Lang,24,locus,1.0,1.0,1.0,1.0,1.0,1.0,0.0,0.0,0.0,1,1,1
Lang,25,FlexFL,,0.0,0.0,0.0,0.0,0.0,0.0,0.0,0.0,0,0,0
Lang,26,FlexFL,1.0,1.0,1.0,1.0,1.0,1.0,0.0,0.0,0.0,1,1,1
Lang,26,boostnsift,1.0,1.0,1.0,1.0,1.0,1.0,0.0,0.0,0.0,1,1,1
Lang,26,buglocator,2.0,0.5,0.5,0.5,0.5,0.5,0.0,0.0,0.0,0,1,1
Lang,26,locus,,0.0,0.0,0.0,0.0,0.0,0.0,0.0,0.0,0,0,0
Lang,27,FlexFL,1.0,1.0,1.0,1.0,1.0,1.0,0.0,0.0,0.0,1,1,1
Lang,27,boostnsift,1.0,1.0,1.0,1.0,1.0,1.0,0.0,0.0,0.0,1,1,1
Lang,27,buglocator,1.0,1.0,1.0,1.0,1.0,1.0,0.0,0.0,0.0,1,1,1
Lang,27,locus,,0.0,0.0,0.0,0.0,0.0,0.0,0.0,0.0,0,0,0
Lang,28,FlexFL,2.0,0.5,0.5,0.5,0.5,0.5,0.0,0.0,0.0,0,1,1
Lang,28,boostnsift,6.0,0.166667,0.166667,0.16666666666666666,0.16666666666666666,0.16666666666666666,3.333333333521704e-07,3.333333333521704e-07,3.333333333521704e-07,0,0,1
Lang,28,buglocator,16.0,0.0625,0.0625,0.0625,0.0625,0.0625,0.0,0.0,0.0,0,0,0
Lang,28,locus,,0.0,0.0,0.0,0.0,0.0,0.0,0.0,0.0,0,0,0
Lang,29,FlexFL,4.0,0.25,0.25,0.25,0.25,0.25,0.0,0.0,0.0,1,1,1
Lang,29,boostnsift,24.0,0.041667,0.041667,0.041666666666666664,0.041666666666666664,0.041666666666666664,3.333333333382926e-07,3.333333333382926e-07,3.333333333382926e-07,0,0,0
Lang,29,buglocator,1.0,1.0,1.0,1.0,1.0,1.0,0.0,0.0,0.0,1,1,1
Lang,29,locus,,0.0,0.0,0.0,0.0,0.0,0.0,0.0,0.0,0,0,0
Lang,30,FlexFL,1.0,1.0,1.0,1.0,1.0,1.0,0.0,0.0,0.0,1,1,1
Lang,30,boostnsift,1.0,1.0,1.0,1.0,1.0,1.0,0.0,0.0,0.0,1,1,1
Lang,30,buglocator,6.0,0.166667,0.166667,0.16666666666666666,0.16666666666666666,0.16666666666666666,3.333333333521704e-07,3.333333333521704e-07,3.333333333521704e-07,0,0,1
Lang,30,locus,1.0,1.0,1.0,1.0,1.0,1.0,0.0,0.0,0.0,1,1,1
Lang,31,FlexFL,1.0,1.0,1.0,1.0,1.0,1.0,0.0,0.0,0.0,1,1,1
Lang,31,boostnsift,1.0,1.0,1.0,1.0,1.0,1.0,0.0,0.0,0.0,1,1,1
Lang,31,buglocator,5.0,0.2,0.2,0.2,0.2,0.2,0.0,0.0,0.0,0,1,1
Lang,31,locus,1.0,1.0,1.0,1.0,1.0,1.0,0.0,0.0,0.0,1,1,1
Lang,32,FlexFL,1.0,1.0,0.4666666666666666,1.0,1.0,1.0,0.5333333333333334,0.5333333333333334,0.5333333333333334,1,1,1
Lang,32,boostnsift,11.0,0.090909,0.090909,0.09090909090909091,0.09090909090909091,0.09090909090909091,9.090909090792021e-08,9.090909090792021e-08,9.090909090792021e-08,0,0,0
Lang,32,buglocator,9.0,0.111111,0.111111,0.1111111111111111,0.1111111111111111,0.1111111111111111,1.1111111110351235e-07,1.1111111110351235e-07,1.1111111110351235e-07,0,0,1
Lang,32,locus,1.0,1.0,1.0,1.0,1.0,1.0,0.0,0.0,0.0,1,1,1
Lang,33,FlexFL,1.0,1.0,1.0,1.0,1.0,1.0,0.0,0.0,0.0,1,1,1
Lang,33,boostnsift,7.0,0.142857,0.142857,0.14285714285714285,0.14285714285714285,0.14285714285714285,1.4285714283746032e-07,1.4285714283746032e-07,1.4285714283746032e-07,0,0,1
Lang,33,buglocator,6.0,0.166667,0.166667,0.16666666666666666,0.16666666666666666,0.16666666666666666,3.333333333521704e-07,3.333333333521704e-07,3.333333333521704e-07,0,0,1
Lang,33,locus,1.0,1.0,1.0,1.0,1.0,1.0,0.0,0.0,0.0,1,1,1
Lang,34,FlexFL,1.0,1.0,1.0,1.0,1.0,1.0,0.0,0.0,0.0,1,1,1
Lang,34,boostnsift,13.0,0.076923,0.076923,0.07692307692307693,0.07692307692307693,0.07692307692307693,7.692307692208633e-08,7.692307692208633e-08,7.692307692208633e-08,0,0,0
Lang,34,buglocator,1.0,1.0,1.0,1.0,1.0,1.0,0.0,0.0,0.0,1,1,1
Lang,34,locus,,0.0,0.0,0.0,0.0,0.0,0.0,0.0,0.0,0,0,0
Lang,35,FlexFL,1.0,1.0,1.0,1.0,1.0,1.0,0.0,0.0,0.0,1,1,1
Lang,35,boostnsift,2.0,0.5,0.5,0.5,0.5,0.5,0.0,0.0,0.0,0,1,1
Lang,35,buglocator,2.0,0.5,0.5,0.5,0.5,0.5,0.0,0.0,0.0,0,1,1
Lang,35,locus,,0.0,0.0,0.0,0.0,0.0,0.0,0.0,0.0,0,0,0
Lang,36,FlexFL,1.0,1.0,0.8333333333333333,1.0,1.0,1.0,0.16666666666666674,0.16666666666666674,0.16666666666666674,1,1,1
Lang,36,boostnsift,1.0,1.0,1.0,1.0,1.0,1.0,0.0,0.0,0.0,1,1,1
Lang,36,buglocator,1.0,1.0,1.0,1.0,1.0,1.0,0.0,0.0,0.0,1,1,1
Lang,36,locus,,0.0,0.0,0.0,0.0,0.0,0.0,0.0,0.0,0,0,0
Lang,37,FlexFL,1.0,1.0,1.0,1.0,1.0,1.0,0.0,0.0,0.0,1,1,1
Lang,37,boostnsift,8.0,0.125,0.125,0.125,0.125,0.125,0.0,0.0,0.0,0,0,1
Lang,37,buglocator,1.0,1.0,1.0,1.0,1.0,1.0,0.0,0.0,0.0,1,1,1
Lang,37,locus,25.0,0.04,0.04,0.04,0.04,0.04,0.0,0.0,0.0,0,0,0
Lang,38,FlexFL,1.0,1.0,1.0,1.0,1.0,1.0,0.0,0.0,0.0,1,1,1
Lang,38,boostnsift,2.0,0.5,0.5,0.5,0.5,0.5,0.0,0.0,0.0,0,1,1
Lang,38,buglocator,4.0,0.25,0.25,0.25,0.25,0.25,0.0,0.0,0.0,0,1,1
Lang,38,locus,,0.0,0.0,0.0,0.0,0.0,0.0,0.0,0.0,0,0,0
Lang,39,FlexFL,1.0,1.0,1.0,1.0,1.0,1.0,0.0,0.0,0.0,1,1,1
Lang,39,boostnsift,1.0,1.0,1.0,1.0,1.0,1.0,0.0,0.0,0.0,1,1,1
Lang,39,buglocator,2.0,0.5,0.5,0.5,0.5,0.5,0.0,0.0,0.0,0,1,1
Lang,39,locus,,0.0,0.0,0.0,0.0,0.0,0.0,0.0,0.0,0,0,0
Lang,40,FlexFL,1.0,1.0,1.0,1.0,1.0,1.0,0.0,0.0,0.0,1,1,1
Lang,40,boostnsift,1.0,1.0,1.0,1.0,1.0,1.0,0.0,0.0,0.0,1,1,1
Lang,40,buglocator,1.0,1.0,1.0,1.0,1.0,1.0,0.0,0.0,0.0,1,1,1
Lang,40,locus,1.0,1.0,1.0,1.0,1.0,1.0,0.0,0.0,0.0,1,1,1
Lang,41,FlexFL,1.0,1.0,0.5,1.0,1.0,1.0,0.5,0.5,0.5,1,1,1
Lang,41,boostnsift,6.0,0.166667,0.166667,0.16666666666666666,0.16666666666666666,0.16666666666666666,3.333333333521704e-07,3.333333333521704e-07,3.333333333521704e-07,0,0,1
Lang,41,buglocator,2.0,0.5,0.5,0.5,0.5,0.5,0.0,0.0,0.0,0,1,1
Lang,41,locus,1.0,1.0,1.0,1.0,1.0,1.0,0.0,0.0,0.0,1,1,1
Lang,42,FlexFL,4.0,0.25,0.25,0.25,0.25,0.25,0.0,0.0,0.0,0,1,1
Lang,42,boostnsift,12.0,0.083333,0.083333,0.08333333333333333,0.08333333333333333,0.08333333333333333,3.3333333332441484e-07,3.3333333332441484e-07,3.3333333332441484e-07,0,0,0
Lang,42,buglocator,108.0,0.009259,0.009259,0.009259259259259259,0.009259259259259259,0.009259259259259259,2.5925925925887605e-07,2.5925925925887605e-07,2.5925925925887605e-07,0,0,0
Lang,42,locus,20.0,0.05,0.05,0.05,0.05,0.05,0.0,0.0,0.0,0,0,0
Lang,43,FlexFL,1.0,1.0,1.0,1.0,1.0,1.0,0.0,0.0,0.0,1,1,1
Lang,43,boostnsift,1.0,1.0,1.0,1.0,1.0,1.0,0.0,0.0,0.0,1,1,1
Lang,43,buglocator,1.0,1.0,1.0,1.0,1.0,1.0,0.0,0.0,0.0,1,1,1
Lang,43,locus,1.0,1.0,1.0,1.0,1.0,1.0,0.0,0.0,0.0,1,1,1
Lang,44,FlexFL,4.0,0.25,0.25,0.25,0.25,0.25,0.0,0.0,0.0,0,1,1
Lang,44,boostnsift,4.0,0.25,0.25,0.25,0.25,0.25,0.0,0.0,0.0,0,1,1
Lang,44,buglocator,2.0,0.5,0.5,0.5,0.5,0.5,0.0,0.0,0.0,0,1,1
Lang,44,locus,4.0,0.25,0.25,0.25,0.25,0.25,0.0,0.0,0.0,0,1,1
Lang,45,FlexFL,1.0,1.0,1.0,1.0,1.0,1.0,0.0,0.0,0.0,1,1,1
Lang,45,boostnsift,1.0,1.0,1.0,1.0,1.0,1.0,0.0,0.0,0.0,1,1,1
Lang,45,buglocator,1.0,1.0,1.0,1.0,1.0,1.0,0.0,0.0,0.0,1,1,1
Lang,45,locus,1.0,1.0,1.0,1.0,1.0,1.0,0.0,0.0,0.0,1,1,1
Lang,46,FlexFL,1.0,1.0,0.1666666666666666,1.0,1.0,1.0,0.8333333333333334,0.8333333333333334,0.8333333333333334,1,1,1
Lang,46,boostnsift,1.0,1.0,1.0,1.0,1.0,1.0,0.0,0.0,0.0,1,1,1
Lang,46,buglocator,1.0,1.0,1.0,1.0,1.0,1.0,0.0,0.0,0.0,1,1,1
Lang,46,locus,1.0,1.0,1.0,1.0,1.0,1.0,0.0,0.0,0.0,1,1,1
Lang,47,FlexFL,1.0,1.0,1.0,1.0,1.0,1.0,0.0,0.0,0.0,1,1,1
Lang,47,boostnsift,1.0,1.0,1.0,1.0,1.0,1.0,0.0,0.0,0.0,1,1,1
Lang,47,buglocator,1.0,1.0,1.0,1.0,1.0,1.0,0.0,0.0,0.0,1,1,1
Lang,47,locus,1.0,1.0,1.0,1.0,1.0,1.0,0.0,0.0,0.0,1,1,1
Lang,48,FlexFL,1.0,1.0,1.0,1.0,1.0,1.0,0.0,0.0,0.0,1,1,1
Lang,49,FlexFL,4.0,0.25,0.25,0.25,0.25,0.25,0.0,0.0,0.0,1,1,1
Lang,49,boostnsift,1.0,1.0,1.0,1.0,1.0,1.0,0.0,0.0,0.0,1,1,1
Lang,49,buglocator,2.0,0.5,0.5,0.5,0.5,0.5,0.0,0.0,0.0,0,1,1
Lang,49,locus,1.0,1.0,1.0,1.0,1.0,1.0,0.0,0.0,0.0,1,1,1
Lang,50,FlexFL,1.0,1.0,1.0,1.0,1.0,1.0,0.0,0.0,0.0,1,1,1
Lang,50,boostnsift,1.0,1.0,1.0,1.0,1.0,1.0,0.0,0.0,0.0,1,1,1
Lang,50,buglocator,1.0,1.0,1.0,1.0,1.0,1.0,0.0,0.0,0.0,1,1,1
Lang,50,locus,1.0,1.0,1.0,1.0,1.0,1.0,0.0,0.0,0.0,1,1,1
Lang,51,FlexFL,1.0,1.0,1.0,1.0,1.0,1.0,0.0,0.0,0.0,1,1,1
Lang,51,boostnsift,28.0,0.035714,0.035714,0.03571428571428571,0.03571428571428571,0.03571428571428571,2.857142857096151e-07,2.857142857096151e-07,2.857142857096151e-07,0,0,0
Lang,51,buglocator,2.0,0.5,0.5,0.5,0.5,0.5,0.0,0.0,0.0,0,1,1
Lang,51,locus,2.0,0.5,0.5,0.5,0.5,0.5,0.0,0.0,0.0,0,1,1
Lang,52,FlexFL,1.0,1.0,1.0,1.0,1.0,1.0,0.0,0.0,0.0,1,1,1
Lang,52,boostnsift,1.0,1.0,1.0,1.0,1.0,1.0,0.0,0.0,0.0,1,1,1
Lang,52,buglocator,1.0,1.0,1.0,1.0,1.0,1.0,0.0,0.0,0.0,1,1,1
Lang,52,locus,2.0,0.5,0.5,0.5,0.5,0.5,0.0,0.0,0.0,0,1,1
Lang,53,FlexFL,1.0,1.0,1.0,1.0,1.0,1.0,0.0,0.0,0.0,1,1,1
Lang,53,boostnsift,1.0,1.0,1.0,1.0,1.0,1.0,0.0,0.0,0.0,1,1,1
Lang,53,buglocator,2.0,0.5,0.5,0.5,0.5,0.5,0.0,0.0,0.0,0,1,1
Lang,53,locus,1.0,1.0,1.0,1.0,1.0,1.0,0.0,0.0,0.0,1,1,1
Lang,54,FlexFL,1.0,1.0,1.0,1.0,1.0,1.0,0.0,0.0,0.0,1,1,1
Lang,54,boostnsift,1.0,1.0,1.0,1.0,1.0,1.0,0.0,0.0,0.0,1,1,1
Lang,54,buglocator,1.0,1.0,1.0,1.0,1.0,1.0,0.0,0.0,0.0,1,1,1
Lang,54,locus,1.0,1.0,1.0,1.0,1.0,1.0,0.0,0.0,0.0,1,1,1
Lang,55,FlexFL,2.0,0.5,0.5,0.5,0.5,0.5,0.0,0.0,0.0,1,1,1
Lang,55,boostnsift,1.0,1.0,1.0,1.0,1.0,1.0,0.0,0.0,0.0,1,1,1
Lang,55,buglocator,1.0,1.0,1.0,1.0,1.0,1.0,0.0,0.0,0.0,1,1,1
Lang,55,locus,1.0,1.0,1.0,1.0,1.0,1.0,0.0,0.0,0.0,1,1,1
Lang,56,FlexFL,,0.0,0.0,0.0,0.0,0.0,0.0,0.0,0.0,0,0,0
Lang,56,boostnsift,1.0,1.0,1.0,1.0,0.0,1.0,0.0,1.0,0.0,1,1,1
Lang,56,buglocator,2.0,0.5,0.5,0.5,0.0,0.5,0.0,0.5,0.0,0,1,1
Lang,56,locus,1.0,1.0,1.0,1.0,0.0,1.0,0.0,1.0,0.0,1,1,1
Lang,57,FlexFL,1.0,1.0,1.0,1.0,1.0,1.0,0.0,0.0,0.0,1,1,1
Lang,57,boostnsift,3.0,0.333333,0.333333,0.3333333333333333,0.3333333333333333,0.3333333333333333,3.3333333332441484e-07,3.3333333332441484e-07,3.3333333332441484e-07,0,1,1
Lang,57,buglocator,4.0,0.25,0.25,0.25,0.25,0.25,0.0,0.0,0.0,0,1,1
Lang,57,locus,2.0,0.5,0.5,0.5,0.5,0.5,0.0,0.0,0.0,0,1,1
Lang,58,FlexFL,,0.0,0.0,0.0,0.0,0.0,0.0,0.0,0.0,0,0,0
Lang,58,boostnsift,2.0,0.5,0.5,0.5,0.5,0.5,0.0,0.0,0.0,0,1,1
Lang,58,buglocator,1.0,1.0,1.0,1.0,1.0,1.0,0.0,0.0,0.0,1,1,1
Lang,58,locus,1.0,1.0,1.0,1.0,1.0,1.0,0.0,0.0,0.0,1,1,1
Lang,59,FlexFL,1.0,1.0,1.0,1.0,1.0,1.0,0.0,0.0,0.0,1,1,1
Lang,59,boostnsift,1.0,1.0,1.0,1.0,1.0,1.0,0.0,0.0,0.0,1,1,1
Lang,59,buglocator,1.0,1.0,1.0,1.0,1.0,1.0,0.0,0.0,0.0,1,1,1
Lang,59,locus,1.0,1.0,1.0,1.0,1.0,1.0,0.0,0.0,0.0,1,1,1
Lang,60,FlexFL,1.0,1.0,0.5,1.0,1.0,1.0,0.5,0.5,0.5,1,1,1
Lang,60,boostnsift,1.0,1.0,1.0,1.0,1.0,1.0,0.0,0.0,0.0,1,1,1
Lang,60,buglocator,2.0,0.5,0.5,0.5,0.5,0.5,0.0,0.0,0.0,0,1,1
Lang,60,locus,1.0,1.0,1.0,1.0,1.0,1.0,0.0,0.0,0.0,1,1,1
Lang,61,FlexFL,1.0,1.0,1.0,1.0,1.0,1.0,0.0,0.0,0.0,1,1,1
Lang,61,boostnsift,17.0,0.058824,0.058824,0.058823529411764705,0.058823529411764705,0.058823529411764705,4.7058823529622096e-07,4.7058823529622096e-07,4.7058823529622096e-07,0,0,0
Lang,61,buglocator,2.0,0.5,0.5,0.5,0.5,0.5,0.0,0.0,0.0,0,1,1
Lang,61,locus,2.0,0.5,0.5,0.5,0.5,0.5,0.0,0.0,0.0,0,1,1
Lang,62,FlexFL,1.0,1.0,0.5,1.0,1.0,1.0,0.5,0.5,0.5,1,1,1
Lang,62,boostnsift,2.0,0.5,0.5,0.5,0.5,0.5,0.0,0.0,0.0,0,1,1
Lang,62,buglocator,26.0,0.038462,0.038462,0.038461538461538464,0.038461538461538464,0.038461538461538464,4.615384615394569e-07,4.615384615394569e-07,4.615384615394569e-07,0,0,0
Lang,62,locus,4.0,0.25,0.25,0.25,0.25,0.25,0.0,0.0,0.0,0,1,1
Lang,63,FlexFL,1.0,1.0,1.0,1.0,1.0,1.0,0.0,0.0,0.0,1,1,1
Lang,63,boostnsift,1.0,1.0,1.0,1.0,1.0,1.0,0.0,0.0,0.0,1,1,1
Lang,63,buglocator,7.0,0.142857,0.142857,0.14285714285714285,0.14285714285714285,0.14285714285714285,1.4285714283746032e-07,1.4285714283746032e-07,1.4285714283746032e-07,0,0,1
Lang,63,locus,2.0,0.5,0.5,0.5,0.5,0.5,0.0,0.0,0.0,0,1,1
Lang,64,FlexFL,1.0,1.0,1.0,1.0,1.0,1.0,0.0,0.0,0.0,1,1,1
Lang,64,boostnsift,1.0,1.0,1.0,1.0,1.0,1.0,0.0,0.0,0.0,1,1,1
Lang,64,buglocator,3.0,0.333333,0.333333,0.3333333333333333,0.3333333333333333,0.3333333333333333,3.3333333332441484e-07,3.3333333332441484e-07,3.3333333332441484e-07,0,1,1
Lang,64,locus,1.0,1.0,1.0,1.0,1.0,1.0,0.0,0.0,0.0,1,1,1
Lang,65,FlexFL,1.0,1.0,1.0,1.0,1.0,1.0,0.0,0.0,0.0,1,1,1
Lang,65,boostnsift,1.0,1.0,1.0,1.0,1.0,1.0,0.0,0.0,0.0,1,1,1
Lang,65,buglocator,2.0,0.5,0.5,0.5,0.5,0.5,0.0,0.0,0.0,0,1,1
Lang,65,locus,2.0,0.5,0.5,0.5,0.5,0.5,0.0,0.0,0.0,0,1,1
Math,1,FlexFL,1.0,1.0,1.0,1.0,1.0,1.0,0.0,0.0,0.0,1,1,1
Math,1,boostnsift,1.0,1.0,1.0,1.0,1.0,1.0,0.0,0.0,0.0,1,1,1
Math,1,buglocator,5.0,0.2,0.2,0.2,0.30000000000000004,0.2,0.0,0.10000000000000003,0.0,0,1,1
Math,1,locus,6.0,0.166667,0.166667,0.16666666666666666,0.08333333333333333,0.16666666666666666,3.333333333521704e-07,0.08333366666666668,3.333333333521704e-07,0,0,1
Math,2,FlexFL,2.0,0.5,0.5,0.5,0.5,0.5,0.0,0.0,0.0,1,1,1
Math,2,boostnsift,3.0,0.333333,0.333333,0.3333333333333333,0.3333333333333333,0.3333333333333333,3.3333333332441484e-07,3.3333333332441484e-07,3.3333333332441484e-07,0,1,1
Math,2,buglocator,1.0,1.0,1.0,1.0,1.0,1.0,0.0,0.0,0.0,1,1,1
Math,2,locus,1.0,1.0,1.0,1.0,1.0,1.0,0.0,0.0,0.0,1,1,1
Math,3,FlexFL,1.0,1.0,1.0,1.0,1.0,1.0,0.0,0.0,0.0,1,1,1
Math,3,boostnsift,1.0,1.0,1.0,1.0,1.0,1.0,0.0,0.0,0.0,1,1,1
Math,3,buglocator,3.0,0.333333,0.333333,0.3333333333333333,0.3333333333333333,0.3333333333333333,3.3333333332441484e-07,3.3333333332441484e-07,3.3333333332441484e-07,0,1,1
Math,3,locus,1.0,1.0,1.0,1.0,1.0,1.0,0.0,0.0,0.0,1,1,1
Math,4,FlexFL,2.0,0.5,0.5,0.5,0.5357142857142857,0.5,0.0,0.0357142857142857,0.0,0,1,1
Math,4,boostnsift,2.0,0.5,0.5,0.5,0.5357142857142857,0.5,0.0,0.0357142857142857,0.0,0,1,1
Math,4,buglocator,1.0,1.0,1.0,1.0,1.0,1.0,0.0,0.0,0.0,1,1,1
Math,4,locus,3.0,0.333333,0.333333,0.3333333333333333,0.41666666666666663,0.3333333333333333,3.3333333332441484e-07,0.08333366666666664,3.3333333332441484e-07,0,1,1
Math,5,FlexFL,1.0,1.0,1.0,1.0,1.0,1.0,0.0,0.0,0.0,1,1,1
Math,5,boostnsift,1.0,1.0,1.0,1.0,1.0,1.0,0.0,0.0,0.0,1,1,1
Math,5,buglocator,3.0,0.333333,0.333333,0.3333333333333333,0.3333333333333333,0.3333333333333333,3.3333333332441484e-07,3.3333333332441484e-07,3.3333333332441484e-07,0,1,1
Math,5,locus,4.0,0.25,0.25,0.25,0.25,0.25,0.0,0.0,0.0,0,1,1
Math,6,FlexFL,1.0,1.0,1.0,1.0,1.0,1.0,0.0,0.0,0.0,1,1,1
Math,6,boostnsift,81.0,0.012346,0.012346,0.012345679012345678,0.001763668430335097,0.012345679012345678,3.2098765432100884e-07,0.010582331569664902,3.2098765432100884e-07,0,0,0
Math,6,buglocator,269.0,0.003717,0.003717,0.0037174721189591076,0.0005310674455655868,0.0037174721189591076,4.7211895910781454e-07,0.003185932554434413,4.7211895910781454e-07,0,0,0
Math,6,locus,193.0,0.005181,0.005181,0.0051813471502590676,0.0007401924500370096,0.0051813471502590676,3.471502590677092e-07,0.00444080754996299,3.471502590677092e-07,0,0,0
Math,7,FlexFL,2.0,0.5,0.5,0.5,0.5,0.5,0.0,0.0,0.0,0,1,1
Math,7,boostnsift,1.0,1.0,1.0,1.0,1.0,1.0,0.0,0.0,0.0,1,1,1
Math,7,buglocator,2.0,0.5,0.5,0.5,0.5,0.5,0.0,0.0,0.0,0,1,1
Math,7,locus,5.0,0.2,0.2,0.2,0.2,0.2,0.0,0.0,0.0,0,1,1
Math,8,FlexFL,1.0,1.0,1.0,1.0,1.0,1.0,0.0,0.0,0.0,1,1,1
Math,8,boostnsift,1.0,1.0,1.0,1.0,1.0,1.0,0.0,0.0,0.0,1,1,1
Math,8,buglocator,1.0,1.0,1.0,1.0,1.0,1.0,0.0,0.0,0.0,1,1,1
Math,8,locus,1.0,1.0,1.0,1.0,1.0,1.0,0.0,0.0,0.0,1,1,1
Math,9,FlexFL,1.0,1.0,1.0,1.0,1.0,1.0,0.0,0.0,0.0,1,1,1
Math,9,boostnsift,1.0,1.0,1.0,1.0,1.0,1.0,0.0,0.0,0.0,1,1,1
Math,9,buglocator,2.0,0.5,0.5,0.5,0.5,0.5,0.0,0.0,0.0,0,1,1
Math,9,locus,1.0,1.0,1.0,1.0,1.0,1.0,0.0,0.0,0.0,1,1,1
Math,10,FlexFL,1.0,1.0,1.0,1.0,1.0,1.0,0.0,0.0,0.0,1,1,1
Math,10,boostnsift,1.0,1.0,1.0,1.0,1.0,1.0,0.0,0.0,0.0,1,1,1
Math,10,buglocator,27.0,0.037037,0.037037,0.037037037037037035,0.037037037037037035,0.037037037037037035,3.7037037034504117e-08,3.7037037034504117e-08,3.7037037034504117e-08,0,0,0
Math,10,locus,5.0,0.2,0.2,0.2,0.2,0.2,0.0,0.0,0.0,0,1,1
Math,11,FlexFL,1.0,1.0,1.0,1.0,1.0,1.0,0.0,0.0,0.0,1,1,1
Math,11,boostnsift,2.0,0.5,0.5,0.5,0.5,0.5,0.0,0.0,0.0,0,1,1
Math,11,buglocator,2.0,0.5,0.5,0.5,0.5,0.5,0.0,0.0,0.0,0,1,1
Math,11,locus,2.0,0.5,0.5,0.5,0.5,0.5,0.0,0.0,0.0,0,1,1
Math,12,FlexFL,,0.0,0.0,0.0,0.0,0.0,0.0,0.0,0.0,0,0,0
Math,12,boostnsift,11.0,0.090909,0.090909,0.09090909090909091,0.0,0.09090909090909091,9.090909090792021e-08,0.090909,9.090909090792021e-08,0,0,0
Math,12,buglocator,7.0,0.142857,0.142857,0.14285714285714285,0.0,0.14285714285714285,1.4285714283746032e-07,0.142857,1.4285714283746032e-07,0,0,1
Math,12,locus,12.0,0.083333,0.083333,0.08333333333333333,0.0,0.08333333333333333,3.3333333332441484e-07,0.083333,3.3333333332441484e-07,0,0,0
Math,13,FlexFL,,0.0,0.0,0.0,0.0,0.0,0.0,0.0,0.0,0,0,0
Math,13,boostnsift,8.0,0.125,0.125,0.125,0.125,0.125,0.0,0.0,0.0,0,0,1
Math,13,buglocator,12.0,0.083333,0.083333,0.08333333333333333,0.08333333333333333,0.08333333333333333,3.3333333332441484e-07,3.3333333332441484e-07,3.3333333332441484e-07,0,0,0
Math,13,locus,9.0,0.111111,0.111111,0.1111111111111111,0.1111111111111111,0.1111111111111111,1.1111111110351235e-07,1.1111111110351235e-07,1.1111111110351235e-07,0,0,1
Math,14,FlexFL,,0.0,0.0,0.0,0.0,0.0,0.0,0.0,0.0,0,0,0
Math,14,boostnsift,41.0,0.02439,0.02439,0.024390243902439025,0.012195121951219513,0.024390243902439025,2.439024390267497e-07,0.012194878048780486,2.439024390267497e-07,0,0,0
Math,14,buglocator,25.0,0.04,0.04,0.04,0.02,0.04,0.0,0.02,0.0,0,0,0
Math,14,locus,41.0,0.02439,0.02439,0.024390243902439025,0.012195121951219513,0.024390243902439025,2.439024390267497e-07,0.012194878048780486,2.439024390267497e-07,0,0,0
Math,15,FlexFL,1.0,1.0,1.0,1.0,1.0,1.0,0.0,0.0,0.0,1,1,1
Math,15,boostnsift,3.0,0.333333,0.333333,0.3333333333333333,0.3333333333333333,0.3333333333333333,3.3333333332441484e-07,3.3333333332441484e-07,3.3333333332441484e-07,0,1,1
Math,15,buglocator,13.0,0.076923,0.076923,0.07692307692307693,0.07692307692307693,0.07692307692307693,7.692307692208633e-08,7.692307692208633e-08,7.692307692208633e-08,0,0,0
Math,15,locus,1.0,1.0,1.0,1.0,1.0,1.0,0.0,0.0,0.0,1,1,1
Math,16,FlexFL,1.0,1.0,1.0,1.0,1.0,1.0,0.0,0.0,0.0,1,1,1
Math,16,boostnsift,2.0,0.5,0.5,0.5,0.5,0.5,0.0,0.0,0.0,0,1,1
Math,16,buglocator,13.0,0.076923,0.076923,0.07692307692307693,0.07692307692307693,0.07692307692307693,7.692307692208633e-08,7.692307692208633e-08,7.692307692208633e-08,0,0,0
Math,16,locus,3.0,0.333333,0.333333,0.3333333333333333,0.3333333333333333,0.3333333333333333,3.3333333332441484e-07,3.3333333332441484e-07,3.3333333332441484e-07,0,1,1
Math,17,FlexFL,1.0,1.0,1.0,1.0,1.0,1.0,0.0,0.0,0.0,1,1,1
Math,17,boostnsift,3.0,0.333333,0.333333,0.3333333333333333,0.3333333333333333,0.3333333333333333,3.3333333332441484e-07,3.3333333332441484e-07,3.3333333332441484e-07,0,1,1
Math,17,buglocator,15.0,0.066667,0.066667,0.06666666666666667,0.06666666666666667,0.06666666666666667,3.333333333382926e-07,3.333333333382926e-07,3.333333333382926e-07,0,0,0
Math,17,locus,35.0,0.028571,0.028571,0.02857142857142857,0.02857142857142857,0.02857142857142857,4.2857142857136155e-07,4.2857142857136155e-07,4.2857142857136155e-07,0,0,0
Math,18,FlexFL,,0.0,0.0,0.0,0.0,0.0,0.0,0.0,0.0,0,0,0
Math,18,boostnsift,15.0,0.066667,0.066667,0.06666666666666667,0.06666666666666667,0.06666666666666667,3.333333333382926e-07,3.333333333382926e-07,3.333333333382926e-07,0,0,0
Math,18,buglocator,1.0,1.0,1.0,1.0,1.0,1.0,0.0,0.0,0.0,1,1,1
Math,18,locus,2.0,0.5,0.5,0.5,0.5,0.5,0.0,0.0,0.0,0,1,1
Math,19,FlexFL,1.0,1.0,1.0,1.0,1.0,1.0,0.0,0.0,0.0,1,1,1
Math,19,boostnsift,11.0,0.090909,0.090909,0.09090909090909091,0.09090909090909091,0.09090909090909091,9.090909090792021e-08,9.090909090792021e-08,9.090909090792021e-08,0,0,0
Math,19,buglocator,1.0,1.0,1.0,1.0,1.0,1.0,0.0,0.0,0.0,1,1,1
Math,19,locus,2.0,0.5,0.5,0.5,0.5,0.5,0.0,0.0,0.0,0,1,1
Math,20,FlexFL,2.0,0.5,0.5,0.5,0.5,0.5,0.0,0.0,0.0,0,1,1
Math,20,boostnsift,1.0,1.0,1.0,1.0,1.0,1.0,0.0,0.0,0.0,1,1,1
Math,20,buglocator,1.0,1.0,1.0,1.0,1.0,1.0,0.0,0.0,0.0,1,1,1
Math,20,locus,1.0,1.0,1.0,1.0,1.0,1.0,0.0,0.0,0.0,1,1,1
Math,21,FlexFL,1.0,1.0,1.0,1.0,1.0,1.0,0.0,0.0,0.0,1,1,1
Math,21,boostnsift,10.0,0.1,0.1,0.1,0.1,0.1,0.0,0.0,0.0,0,0,1
Math,21,buglocator,3.0,0.333333,0.333333,0.3333333333333333,0.3333333333333333,0.3333333333333333,3.3333333332441484e-07,3.3333333332441484e-07,3.3333333332441484e-07,0,1,1
Math,21,locus,2.0,0.5,0.5,0.5,0.5,0.5,0.0,0.0,0.0,0,1,1
Math,22,FlexFL,1.0,1.0,1.0,1.0,1.0,1.0,0.0,0.0,0.0,1,1,1
Math,22,boostnsift,7.0,0.142857,0.142857,0.14285714285714285,0.07142857142857142,0.14285714285714285,1.4285714283746032e-07,0.07142842857142859,1.4285714283746032e-07,0,0,1
Math,22,buglocator,17.0,0.058824,0.058824,0.058823529411764705,0.029411764705882353,0.058823529411764705,4.7058823529622096e-07,0.02941223529411765,4.7058823529622096e-07,0,0,0
Math,22,locus,7.0,0.142857,0.142857,0.14285714285714285,0.07142857142857142,0.14285714285714285,1.4285714283746032e-07,0.07142842857142859,1.4285714283746032e-07,0,0,1
Math,23,FlexFL,1.0,1.0,1.0,1.0,1.0,1.0,0.0,0.0,0.0,1,1,1
Math,23,boostnsift,1.0,1.0,1.0,1.0,1.0,1.0,0.0,0.0,0.0,1,1,1
Math,23,buglocator,3.0,0.333333,0.333333,0.3333333333333333,0.3333333333333333,0.3333333333333333,3.3333333332441484e-07,3.3333333332441484e-07,3.3333333332441484e-07,0,1,1
Math,23,locus,4.0,0.25,0.25,0.25,0.25,0.25,0.0,0.0,0.0,0,1,1
Math,24,FlexFL,1.0,1.0,1.0,1.0,1.0,1.0,0.0,0.0,0.0,1,1,1
Math,24,boostnsift,5.0,0.2,0.2,0.2,0.2,0.2,0.0,0.0,0.0,0,1,1
Math,24,buglocator,5.0,0.2,0.2,0.2,0.2,0.2,0.0,0.0,0.0,0,1,1
Math,24,locus,4.0,0.25,0.25,0.25,0.25,0.25,0.0,0.0,0.0,0,1,1
Math,25,FlexFL,2.0,0.5,0.5,0.5,0.5,0.5,0.0,0.0,0.0,1,1,1
Math,25,boostnsift,1.0,1.0,1.0,1.0,1.0,1.0,0.0,0.0,0.0,1,1,1
Math,25,buglocator,1.0,1.0,1.0,1.0,1.0,1.0,0.0,0.0,0.0,1,1,1
Math,25,locus,1.0,1.0,1.0,1.0,1.0,1.0,0.0,0.0,0.0,1,1,1
Math,26,FlexFL,1.0,1.0,1.0,1.0,1.0,1.0,0.0,0.0,0.0,1,1,1
Math,26,boostnsift,2.0,0.5,0.5,0.5,0.5,0.5,0.0,0.0,0.0,0,1,1
Math,26,buglocator,2.0,0.5,0.5,0.5,0.5,0.5,0.0,0.0,0.0,0,1,1
Math,26,locus,4.0,0.25,0.25,0.25,0.25,0.25,0.0,0.0,0.0,0,1,1
Math,27,FlexFL,2.0,0.5,0.5,0.5,0.5,0.5,0.0,0.0,0.0,1,1,1
Math,27,boostnsift,1.0,1.0,1.0,1.0,1.0,1.0,0.0,0.0,0.0,1,1,1
Math,27,buglocator,1.0,1.0,1.0,1.0,1.0,1.0,0.0,0.0,0.0,1,1,1
Math,27,locus,3.0,0.333333,0.333333,0.3333333333333333,0.3333333333333333,0.3333333333333333,3.3333333332441484e-07,3.3333333332441484e-07,3.3333333332441484e-07,0,1,1
Math,28,FlexFL,1.0,1.0,1.0,1.0,1.0,1.0,0.0,0.0,0.0,1,1,1
Math,28,boostnsift,1.0,1.0,1.0,1.0,1.0,1.0,0.0,0.0,0.0,1,1,1
Math,28,buglocator,2.0,0.5,0.5,0.5,0.5,0.5,0.0,0.0,0.0,0,1,1
Math,28,locus,2.0,0.5,0.5,0.5,0.5,0.5,0.0,0.0,0.0,0,1,1
Math,29,FlexFL,1.0,1.0,1.0,1.0,1.0,1.0,0.0,0.0,0.0,1,1,1
Math,29,boostnsift,1.0,1.0,1.0,1.0,1.0,1.0,0.0,0.0,0.0,1,1,1
Math,29,buglocator,1.0,1.0,1.0,1.0,1.0,1.0,0.0,0.0,0.0,1,1,1
Math,29,locus,2.0,0.5,0.5,0.5,0.5,0.5,0.0,0.0,0.0,0,1,1
Math,30,FlexFL,1.0,1.0,1.0,1.0,1.0,1.0,0.0,0.0,0.0,1,1,1
Math,30,boostnsift,1.0,1.0,1.0,1.0,1.0,1.0,0.0,0.0,0.0,1,1,1
Math,30,buglocator,2.0,0.5,0.5,0.5,0.5,0.5,0.0,0.0,0.0,0,1,1
Math,30,locus,2.0,0.5,0.5,0.5,0.5,0.5,0.0,0.0,0.0,0,1,1
Math,31,FlexFL,,0.0,0.0,0.0,0.0,0.0,0.0,0.0,0.0,0,0,0
Math,31,boostnsift,199.0,0.005025,0.005025,0.005025125628140704,0.005025125628140704,0.005025125628140704,1.2562814070363887e-07,1.2562814070363887e-07,1.2562814070363887e-07,0,0,0
Math,31,buglocator,53.0,0.018868,0.018868,0.018867924528301886,0.018867924528301886,0.018867924528301886,7.547169811328303e-08,7.547169811328303e-08,7.547169811328303e-08,0,0,0
Math,31,locus,,0.0,0.0,0.0,0.0,0.0,0.0,0.0,0.0,0,0,0
Math,32,FlexFL,,0.0,0.0,0.0,0.0,0.0,0.0,0.0,0.0,0,0,0
Math,32,boostnsift,4.0,0.25,0.25,0.25,0.25,0.25,0.0,0.0,0.0,0,1,1
Math,32,buglocator,20.0,0.05,0.05,0.05,0.05,0.05,0.0,0.0,0.0,0,0,0
Math,32,locus,14.0,0.071429,0.071429,0.07142857142857142,0.07142857142857142,0.07142857142857142,4.285714285817699e-07,4.285714285817699e-07,4.285714285817699e-07,0,0,0
Math,33,FlexFL,1.0,1.0,1.0,1.0,1.0,1.0,0.0,0.0,0.0,1,1,1
Math,33,boostnsift,69.0,0.014493,0.014493,0.014492753623188406,0.014492753623188406,0.014492753623188406,2.463768115947007e-07,2.463768115947007e-07,2.463768115947007e-07,0,0,0
Math,33,buglocator,14.0,0.071429,0.071429,0.07142857142857142,0.07142857142857142,0.07142857142857142,4.285714285817699e-07,4.285714285817699e-07,4.285714285817699e-07,0,0,0
Math,33,locus,34.0,0.029412,0.029412,0.029411764705882353,0.029411764705882353,0.029411764705882353,2.3529411764811048e-07,2.3529411764811048e-07,2.3529411764811048e-07,0,0,0
Math,34,FlexFL,1.0,1.0,1.0,1.0,1.0,1.0,0.0,0.0,0.0,1,1,1
Math,34,boostnsift,1.0,1.0,1.0,1.0,1.0,1.0,0.0,0.0,0.0,1,1,1
Math,34,buglocator,1.0,1.0,1.0,1.0,1.0,1.0,0.0,0.0,0.0,1,1,1
Math,34,locus,2.0,0.5,0.5,0.5,0.5,0.5,0.0,0.0,0.0,0,1,1
Math,35,FlexFL,1.0,1.0,1.0,1.0,1.0,1.0,0.0,0.0,0.0,1,1,1
Math,35,boostnsift,1.0,1.0,1.0,1.0,1.0,1.0,0.0,0.0,0.0,1,1,1
Math,35,buglocator,1.0,1.0,1.0,1.0,1.0,1.0,0.0,0.0,0.0,1,1,1
Math,35,locus,1.0,1.0,1.0,1.0,1.0,1.0,0.0,0.0,0.0,1,1,1
Math,36,FlexFL,1.0,1.0,1.0,1.0,1.0,1.0,0.0,0.0,0.0,1,1,1
Math,36,boostnsift,1.0,1.0,1.0,1.0,1.0,1.0,0.0,0.0,0.0,1,1,1
Math,36,buglocator,1.0,1.0,1.0,1.0,1.0,1.0,0.0,0.0,0.0,1,1,1
Math,36,locus,1.0,1.0,1.0,1.0,1.0,1.0,0.0,0.0,0.0,1,1,1
Math,37,FlexFL,1.0,1.0,0.5,1.0,1.0,1.0,0.5,0.5,0.5,1,1,1
Math,37,boostnsift,1.0,1.0,1.0,1.0,1.0,1.0,0.0,0.0,0.0,1,1,1
Math,37,buglocator,1.0,1.0,1.0,1.0,1.0,1.0,0.0,0.0,0.0,1,1,1
Math,37,locus,1.0,1.0,1.0,1.0,1.0,1.0,0.0,0.0,0.0,1,1,1
Math,38,FlexFL,1.0,1.0,1.0,1.0,1.0,1.0,0.0,0.0,0.0,1,1,1
Math,38,boostnsift,5.0,0.2,0.2,0.2,0.2,0.2,0.0,0.0,0.0,0,1,1
Math,38,buglocator,5.0,0.2,0.2,0.2,0.2,0.2,0.0,0.0,0.0,0,1,1
Math,38,locus,2.0,0.5,0.5,0.5,0.5,0.5,0.0,0.0,0.0,0,1,1
Math,39,FlexFL,1.0,1.0,1.0,1.0,1.0,1.0,0.0,0.0,0.0,1,1,1
Math,39,boostnsift,3.0,0.333333,0.333333,0.3333333333333333,0.3333333333333333,0.3333333333333333,3.3333333332441484e-07,3.3333333332441484e-07,3.3333333332441484e-07,0,1,1
Math,39,buglocator,11.0,0.090909,0.090909,0.09090909090909091,0.09090909090909091,0.09090909090909091,9.090909090792021e-08,9.090909090792021e-08,9.090909090792021e-08,0,0,0
Math,39,locus,1.0,1.0,1.0,1.0,1.0,1.0,0.0,0.0,0.0,1,1,1
Math,40,FlexFL,1.0,1.0,1.0,1.0,1.0,1.0,0.0,0.0,0.0,1,1,1
Math,40,boostnsift,2.0,0.5,0.5,0.5,0.5,0.5,0.0,0.0,0.0,0,1,1
Math,40,buglocator,1.0,1.0,1.0,1.0,1.0,1.0,0.0,0.0,0.0,1,1,1
Math,40,locus,1.0,1.0,1.0,1.0,1.0,1.0,0.0,0.0,0.0,1,1,1
Math,41,FlexFL,1.0,1.0,1.0,1.0,1.0,1.0,0.0,0.0,0.0,1,1,1
Math,41,boostnsift,4.0,0.25,0.25,0.25,0.25,0.25,0.0,0.0,0.0,0,1,1
Math,41,buglocator,2.0,0.5,0.5,0.5,0.5,0.5,0.0,0.0,0.0,0,1,1
Math,41,locus,2.0,0.5,0.5,0.5,0.5,0.5,0.0,0.0,0.0,0,1,1
Math,42,FlexFL,1.0,1.0,1.0,1.0,1.0,1.0,0.0,0.0,0.0,1,1,1
Math,42,boostnsift,1.0,1.0,1.0,1.0,1.0,1.0,0.0,0.0,0.0,1,1,1
Math,42,buglocator,1.0,1.0,1.0,1.0,1.0,1.0,0.0,0.0,0.0,1,1,1
Math,42,locus,4.0,0.25,0.25,0.25,0.25,0.25,0.0,0.0,0.0,0,1,1
Math,43,FlexFL,5.0,0.2,0.2,0.2,0.2,0.2,0.0,0.0,0.0,1,1,1
Math,43,boostnsift,1.0,1.0,1.0,1.0,1.0,1.0,0.0,0.0,0.0,1,1,1
Math,43,buglocator,1.0,1.0,1.0,1.0,1.0,1.0,0.0,0.0,0.0,1,1,1
Math,43,locus,1.0,1.0,1.0,1.0,1.0,1.0,0.0,0.0,0.0,1,1,1
Math,44,FlexFL,3.0,0.3333333333333333,0.3333333333333333,0.3333333333333333,0.3333333333333333,0.3333333333333333,0.0,0.0,0.0,0,1,1
Math,44,boostnsift,1.0,1.0,1.0,1.0,1.0,1.0,0.0,0.0,0.0,1,1,1
Math,44,buglocator,1.0,1.0,1.0,1.0,1.0,1.0,0.0,0.0,0.0,1,1,1
Math,44,locus,2.0,0.5,0.5,0.5,0.5,0.5,0.0,0.0,0.0,0,1,1
Math,45,FlexFL,1.0,1.0,1.0,1.0,1.0,1.0,0.0,0.0,0.0,1,1,1
Math,45,boostnsift,1.0,1.0,1.0,1.0,1.0,1.0,0.0,0.0,0.0,1,1,1
Math,45,buglocator,1.0,1.0,1.0,1.0,1.0,1.0,0.0,0.0,0.0,1,1,1
Math,45,locus,1.0,1.0,1.0,1.0,1.0,1.0,0.0,0.0,0.0,1,1,1
Math,46,FlexFL,1.0,1.0,1.0,1.0,1.0,1.0,0.0,0.0,0.0,1,1,1
Math,46,boostnsift,1.0,1.0,1.0,1.0,1.0,1.0,0.0,0.0,0.0,1,1,1
Math,46,buglocator,6.0,0.166667,0.166667,0.16666666666666666,0.16666666666666666,0.16666666666666666,3.333333333521704e-07,3.333333333521704e-07,3.333333333521704e-07,0,0,1
Math,46,locus,1.0,1.0,1.0,1.0,1.0,1.0,0.0,0.0,0.0,1,1,1
Math,47,FlexFL,1.0,1.0,0.3333333333333333,1.0,1.0,1.0,0.6666666666666667,0.6666666666666667,0.6666666666666667,1,1,1
Math,47,boostnsift,2.0,0.5,0.5,0.5,0.5,0.5,0.0,0.0,0.0,0,1,1
Math,47,buglocator,7.0,0.142857,0.142857,0.14285714285714285,0.14285714285714285,0.14285714285714285,1.4285714283746032e-07,1.4285714283746032e-07,1.4285714283746032e-07,0,0,1
Math,47,locus,1.0,1.0,1.0,1.0,1.0,1.0,0.0,0.0,0.0,1,1,1
Math,48,FlexFL,,0.0,0.0,0.0,0.0,0.0,0.0,0.0,0.0,0,0,0
Math,48,boostnsift,20.0,0.05,0.05,0.05,0.05,0.05,0.0,0.0,0.0,0,0,0
Math,48,buglocator,14.0,0.071429,0.071429,0.07142857142857142,0.07142857142857142,0.07142857142857142,4.285714285817699e-07,4.285714285817699e-07,4.285714285817699e-07,0,0,0
Math,48,locus,4.0,0.25,0.25,0.25,0.25,0.25,0.0,0.0,0.0,0,1,1
Math,49,FlexFL,4.0,0.25,0.0625,0.25,0.25,0.25,0.1875,0.1875,0.1875,0,1,1
Math,49,boostnsift,1.0,1.0,1.0,1.0,1.0,1.0,0.0,0.0,0.0,1,1,1
Math,49,buglocator,1.0,1.0,1.0,1.0,1.0,1.0,0.0,0.0,0.0,1,1,1
Math,49,locus,1.0,1.0,1.0,1.0,1.0,1.0,0.0,0.0,0.0,1,1,1
Math,50,FlexFL,1.0,1.0,1.0,1.0,1.0,1.0,0.0,0.0,0.0,1,1,1
Math,50,boostnsift,20.0,0.05,0.05,0.05,0.05,0.05,0.0,0.0,0.0,0,0,0
Math,50,buglocator,14.0,0.071429,0.071429,0.07142857142857142,0.07142857142857142,0.07142857142857142,4.285714285817699e-07,4.285714285817699e-07,4.285714285817699e-07,0,0,0
Math,50,locus,4.0,0.25,0.25,0.25,0.25,0.25,0.0,0.0,0.0,0,1,1
Math,51,FlexFL,4.0,0.25,0.25,0.25,0.25,0.25,0.0,0.0,0.0,0,1,1
Math,51,boostnsift,39.0,0.025641,0.025641,0.02564102564102564,0.02564102564102564,0.02564102564102564,2.564102563953896e-08,2.564102563953896e-08,2.564102563953896e-08,0,0,0
Math,51,buglocator,14.0,0.071429,0.071429,0.07142857142857142,0.07142857142857142,0.07142857142857142,4.285714285817699e-07,4.285714285817699e-07,4.285714285817699e-07,0,0,0
Math,51,locus,4.0,0.25,0.25,0.25,0.25,0.25,0.0,0.0,0.0,0,1,1
Math,52,FlexFL,1.0,1.0,1.0,1.0,1.0,1.0,0.0,0.0,0.0,1,1,1
Math,52,boostnsift,1.0,1.0,1.0,1.0,1.0,1.0,0.0,0.0,0.0,1,1,1
Math,52,buglocator,1.0,1.0,1.0,1.0,1.0,1.0,0.0,0.0,0.0,1,1,1
Math,52,locus,227.0,0.004405,0.004405,0.004405286343612335,0.004405286343612335,0.004405286343612335,2.8634361233514927e-07,2.8634361233514927e-07,2.8634361233514927e-07,0,0,0
Math,53,FlexFL,1.0,1.0,1.0,1.0,1.0,1.0,0.0,0.0,0.0,1,1,1
Math,53,boostnsift,1.0,1.0,1.0,1.0,1.0,1.0,0.0,0.0,0.0,1,1,1
Math,53,buglocator,1.0,1.0,1.0,1.0,1.0,1.0,0.0,0.0,0.0,1,1,1
Math,53,locus,1.0,1.0,1.0,1.0,1.0,1.0,0.0,0.0,0.0,1,1,1
Math,54,FlexFL,1.0,1.0,0.5,1.0,1.0,1.0,0.5,0.5,0.5,1,1,1
Math,54,boostnsift,2.0,0.5,0.5,0.5,0.5,0.5,0.0,0.0,0.0,0,1,1
Math,54,buglocator,6.0,0.166667,0.166667,0.16666666666666666,0.16666666666666666,0.16666666666666666,3.333333333521704e-07,3.333333333521704e-07,3.333333333521704e-07,0,0,1
Math,54,locus,6.0,0.166667,0.166667,0.16666666666666666,0.16666666666666666,0.16666666666666666,3.333333333521704e-07,3.333333333521704e-07,3.333333333521704e-07,0,0,1
Math,55,FlexFL,1.0,1.0,1.0,1.0,1.0,1.0,0.0,0.0,0.0,1,1,1
Math,55,boostnsift,1.0,1.0,1.0,1.0,1.0,1.0,0.0,0.0,0.0,1,1,1
Math,55,buglocator,1.0,1.0,1.0,1.0,1.0,1.0,0.0,0.0,0.0,1,1,1
Math,55,locus,2.0,0.5,0.5,0.5,0.5,0.5,0.0,0.0,0.0,0,1,1
Math,56,FlexFL,1.0,1.0,1.0,1.0,1.0,1.0,0.0,0.0,0.0,1,1,1
Math,56,boostnsift,1.0,1.0,1.0,1.0,1.0,1.0,0.0,0.0,0.0,1,1,1
Math,56,buglocator,1.0,1.0,1.0,1.0,1.0,1.0,0.0,0.0,0.0,1,1,1
Math,56,locus,1.0,1.0,1.0,1.0,1.0,1.0,0.0,0.0,0.0,1,1,1
Math,57,FlexFL,1.0,1.0,1.0,1.0,1.0,1.0,0.0,0.0,0.0,1,1,1
Math,57,boostnsift,1.0,1.0,1.0,1.0,1.0,1.0,0.0,0.0,0.0,1,1,1
Math,57,buglocator,1.0,1.0,1.0,1.0,1.0,1.0,0.0,0.0,0.0,1,1,1
Math,57,locus,2.0,0.5,0.5,0.5,0.5,0.5,0.0,0.0,0.0,0,1,1
Math,58,FlexFL,4.0,0.25,0.25,0.25,0.25,0.25,0.0,0.0,0.0,0,1,1
Math,58,boostnsift,1.0,1.0,1.0,1.0,1.0,1.0,0.0,0.0,0.0,1,1,1
Math,58,buglocator,1.0,1.0,1.0,1.0,1.0,1.0,0.0,0.0,0.0,1,1,1
Math,58,locus,1.0,1.0,1.0,1.0,1.0,1.0,0.0,0.0,0.0,1,1,1
Math,59,FlexFL,1.0,1.0,1.0,1.0,1.0,1.0,0.0,0.0,0.0,1,1,1
Math,59,boostnsift,129.0,0.007752,0.007752,0.007751937984496124,0.007751937984496124,0.007751937984496124,6.201550387628652e-08,6.201550387628652e-08,6.201550387628652e-08,0,0,0
Math,59,buglocator,104.0,0.009615,0.009615,0.009615384615384616,0.009615384615384616,0.009615384615384616,3.846153846156358e-07,3.846153846156358e-07,3.846153846156358e-07,0,0,0
Math,59,locus,29.0,0.034483,0.034483,0.034482758620689655,0.034482758620689655,0.034482758620689655,2.41379310345069e-07,2.41379310345069e-07,2.41379310345069e-07,0,0,0
Math,60,FlexFL,1.0,1.0,1.0,1.0,1.0,1.0,0.0,0.0,0.0,1,1,1
Math,60,boostnsift,5.0,0.2,0.2,0.2,0.2,0.2,0.0,0.0,0.0,0,1,1
Math,60,buglocator,1.0,1.0,1.0,1.0,1.0,1.0,0.0,0.0,0.0,1,1,1
Math,60,locus,2.0,0.5,0.5,0.5,0.5,0.5,0.0,0.0,0.0,0,1,1
Math,61,FlexFL,1.0,1.0,1.0,1.0,1.0,1.0,0.0,0.0,0.0,1,1,1
Math,61,boostnsift,1.0,1.0,1.0,1.0,1.0,1.0,0.0,0.0,0.0,1,1,1
Math,61,buglocator,1.0,1.0,1.0,1.0,1.0,1.0,0.0,0.0,0.0,1,1,1
Math,61,locus,1.0,1.0,1.0,1.0,1.0,1.0,0.0,0.0,0.0,1,1,1
Math,62,FlexFL,,0.0,0.0,0.0,0.0,0.0,0.0,0.0,0.0,0,0,0
Math,62,boostnsift,3.0,0.333333,0.333333,0.3333333333333333,0.3333333333333333,0.3333333333333333,3.3333333332441484e-07,3.3333333332441484e-07,3.3333333332441484e-07,0,1,1
Math,62,buglocator,5.0,0.2,0.2,0.2,0.2,0.2,0.0,0.0,0.0,0,1,1
Math,62,locus,20.0,0.05,0.05,0.05,0.05,0.05,0.0,0.0,0.0,0,0,0
Math,63,FlexFL,1.0,1.0,1.0,1.0,1.0,1.0,0.0,0.0,0.0,1,1,1
Math,63,boostnsift,5.0,0.2,0.2,0.2,0.2,0.2,0.0,0.0,0.0,0,1,1
Math,63,buglocator,20.0,0.05,0.05,0.05,0.05,0.05,0.0,0.0,0.0,0,0,0
Math,63,locus,1.0,1.0,1.0,1.0,1.0,1.0,0.0,0.0,0.0,1,1,1
Math,64,FlexFL,1.0,1.0,1.0,1.0,1.0,1.0,0.0,0.0,0.0,1,1,1
Math,64,boostnsift,1.0,1.0,1.0,1.0,1.0,1.0,0.0,0.0,0.0,1,1,1
Math,64,buglocator,5.0,0.2,0.2,0.2,0.2,0.2,0.0,0.0,0.0,0,1,1
Math,64,locus,2.0,0.5,0.5,0.5,0.5,0.5,0.0,0.0,0.0,0,1,1
Math,65,FlexFL,1.0,1.0,1.0,1.0,1.0,1.0,0.0,0.0,0.0,1,1,1
Math,65,boostnsift,1.0,1.0,1.0,1.0,1.0,1.0,0.0,0.0,0.0,1,1,1
Math,65,buglocator,1.0,1.0,1.0,1.0,1.0,1.0,0.0,0.0,0.0,1,1,1
Math,65,locus,2.0,0.5,0.5,0.5,0.5,0.5,0.0,0.0,0.0,0,1,1
Math,66,FlexFL,3.0,0.3333333333333333,0.0666666666666666,0.3333333333333333,0.3333333333333333,0.3333333333333333,0.2666666666666667,0.2666666666666667,0.2666666666666667,1,1,1
Math,66,boostnsift,2.0,0.5,0.5,0.5,0.5,0.5,0.0,0.0,0.0,0,1,1
Math,66,buglocator,2.0,0.5,0.5,0.5,0.5,0.5,0.0,0.0,0.0,0,1,1
Math,66,locus,1.0,1.0,1.0,1.0,1.0,1.0,0.0,0.0,0.0,1,1,1
Math,67,FlexFL,2.0,0.5,0.25,0.5,0.5,0.5,0.25,0.25,0.25,1,1,1
Math,67,boostnsift,1.0,1.0,1.0,1.0,1.0,1.0,0.0,0.0,0.0,1,1,1
Math,67,buglocator,1.0,1.0,1.0,1.0,1.0,1.0,0.0,0.0,0.0,1,1,1
Math,67,locus,1.0,1.0,1.0,1.0,1.0,1.0,0.0,0.0,0.0,1,1,1
Math,68,FlexFL,1.0,1.0,0.8333333333333333,1.0,1.0,1.0,0.16666666666666674,0.16666666666666674,0.16666666666666674,1,1,1
Math,68,boostnsift,1.0,1.0,1.0,1.0,1.0,1.0,0.0,0.0,0.0,1,1,1
Math,68,buglocator,7.0,0.142857,0.142857,0.14285714285714285,0.14285714285714285,0.14285714285714285,1.4285714283746032e-07,1.4285714283746032e-07,1.4285714283746032e-07,0,0,1
Math,68,locus,2.0,0.5,0.5,0.5,0.5,0.5,0.0,0.0,0.0,0,1,1
Math,69,FlexFL,1.0,1.0,1.0,1.0,1.0,1.0,0.0,0.0,0.0,1,1,1
Math,69,boostnsift,1.0,1.0,1.0,1.0,1.0,1.0,0.0,0.0,0.0,1,1,1
Math,69,buglocator,1.0,1.0,1.0,1.0,1.0,1.0,0.0,0.0,0.0,1,1,1
Math,69,locus,2.0,0.5,0.5,0.5,0.5,0.5,0.0,0.0,0.0,0,1,1
Math,70,FlexFL,1.0,1.0,1.0,1.0,1.0,1.0,0.0,0.0,0.0,1,1,1
Math,70,boostnsift,1.0,1.0,1.0,1.0,1.0,1.0,0.0,0.0,0.0,1,1,1
Math,70,buglocator,1.0,1.0,1.0,1.0,1.0,1.0,0.0,0.0,0.0,1,1,1
Math,70,locus,,0.0,0.0,0.0,0.0,0.0,0.0,0.0,0.0,0,0,0
Math,71,FlexFL,1.0,1.0,1.0,1.0,1.0,1.0,0.0,0.0,0.0,1,1,1
Math,71,boostnsift,2.0,0.5,0.5,0.5,0.5357142857142857,0.5,0.0,0.0357142857142857,0.0,0,1,1
Math,71,buglocator,48.0,0.020833,0.020833,0.020833333333333332,0.010416666666666666,0.020833333333333332,3.3333333333135373e-07,0.010416333333333335,3.3333333333135373e-07,0,0,0
Math,71,locus,74.0,0.013514,0.013514,0.013513513513513514,0.006756756756756757,0.013513513513513514,4.864864864857071e-07,0.006757243243243243,4.864864864857071e-07,0,0,0
Math,72,FlexFL,1.0,1.0,1.0,1.0,1.0,1.0,0.0,0.0,0.0,1,1,1
Math,72,boostnsift,1.0,1.0,1.0,1.0,1.0,1.0,0.0,0.0,0.0,1,1,1
Math,72,buglocator,1.0,1.0,1.0,1.0,1.0,1.0,0.0,0.0,0.0,1,1,1
Math,72,locus,1.0,1.0,1.0,1.0,1.0,1.0,0.0,0.0,0.0,1,1,1
Math,73,FlexFL,1.0,1.0,1.0,1.0,1.0,1.0,0.0,0.0,0.0,1,1,1
Math,73,boostnsift,1.0,1.0,1.0,1.0,1.0,1.0,0.0,0.0,0.0,1,1,1
Math,73,buglocator,1.0,1.0,1.0,1.0,1.0,1.0,0.0,0.0,0.0,1,1,1
Math,73,locus,1.0,1.0,1.0,1.0,1.0,1.0,0.0,0.0,0.0,1,1,1
Math,74,FlexFL,4.0,0.25,0.25,0.25,0.25,0.25,0.0,0.0,0.0,0,1,1
Math,74,boostnsift,1.0,1.0,1.0,1.0,1.0,1.0,0.0,0.0,0.0,1,1,1
Math,74,buglocator,4.0,0.25,0.25,0.25,0.25,0.25,0.0,0.0,0.0,0,1,1
Math,74,locus,2.0,0.5,0.5,0.5,0.5,0.5,0.0,0.0,0.0,0,1,1
Math,75,FlexFL,1.0,1.0,1.0,1.0,1.0,1.0,0.0,0.0,0.0,1,1,1
Math,75,boostnsift,1.0,1.0,1.0,1.0,1.0,1.0,0.0,0.0,0.0,1,1,1
Math,75,buglocator,1.0,1.0,1.0,1.0,1.0,1.0,0.0,0.0,0.0,1,1,1
Math,75,locus,2.0,0.5,0.5,0.5,0.5,0.5,0.0,0.0,0.0,0,1,1
Math,76,FlexFL,2.0,0.5,0.5,0.5,0.5,0.5,0.0,0.0,0.0,0,1,1
Math,76,boostnsift,4.0,0.25,0.25,0.25,0.25,0.25,0.0,0.0,0.0,0,1,1
Math,76,buglocator,1.0,1.0,1.0,1.0,1.0,1.0,0.0,0.0,0.0,1,1,1
Math,76,locus,1.0,1.0,1.0,1.0,1.0,1.0,0.0,0.0,0.0,1,1,1
Math,77,FlexFL,1.0,1.0,1.0,1.0,1.0,1.0,0.0,0.0,0.0,1,1,1
Math,77,boostnsift,6.0,0.166667,0.166667,0.16666666666666666,0.08333333333333333,0.16666666666666666,3.333333333521704e-07,0.08333366666666668,3.333333333521704e-07,0,0,1
Math,77,buglocator,2.0,0.5,0.5,0.5,0.5357142857142857,0.5,0.0,0.0357142857142857,0.0,0,1,1
Math,77,locus,3.0,0.333333,0.333333,0.3333333333333333,0.41666666666666663,0.3333333333333333,3.3333333332441484e-07,0.08333366666666664,3.3333333332441484e-07,0,1,1
Math,78,FlexFL,1.0,1.0,1.0,1.0,1.0,1.0,0.0,0.0,0.0,1,1,1
Math,78,boostnsift,1.0,1.0,1.0,1.0,1.0,1.0,0.0,0.0,0.0,1,1,1
Math,78,buglocator,2.0,0.5,0.5,0.5,0.5,0.5,0.0,0.0,0.0,0,1,1
Math,78,locus,2.0,0.5,0.5,0.5,0.5,0.5,0.0,0.0,0.0,0,1,1
Math,79,FlexFL,,0.0,0.0,0.0,0.0,0.0,0.0,0.0,0.0,0,0,0
Math,79,boostnsift,11.0,0.090909,0.090909,0.09090909090909091,0.09090909090909091,0.09090909090909091,9.090909090792021e-08,9.090909090792021e-08,9.090909090792021e-08,0,0,0
Math,79,buglocator,59.0,0.016949,0.016949,0.01694915254237288,0.01694915254237288,0.01694915254237288,1.5254237288250816e-07,1.5254237288250816e-07,1.5254237288250816e-07,0,0,0
Math,79,locus,43.0,0.023256,0.023256,0.023255813953488372,0.023255813953488372,0.023255813953488372,1.8604651162712482e-07,1.8604651162712482e-07,1.8604651162712482e-07,0,0,0
Math,80,FlexFL,1.0,1.0,1.0,1.0,1.0,1.0,0.0,0.0,0.0,1,1,1
Math,80,boostnsift,2.0,0.5,0.5,0.5,0.5,0.5,0.0,0.0,0.0,0,1,1
Math,80,buglocator,1.0,1.0,1.0,1.0,1.0,1.0,0.0,0.0,0.0,1,1,1
Math,80,locus,2.0,0.5,0.5,0.5,0.5,0.5,0.0,0.0,0.0,0,1,1
Math,81,FlexFL,3.0,0.3333333333333333,0.1111111111111111,0.3333333333333333,0.3333333333333333,0.3333333333333333,0.2222222222222222,0.2222222222222222,0.2222222222222222,1,1,1
Math,81,boostnsift,2.0,0.5,0.5,0.5,0.5,0.5,0.0,0.0,0.0,0,1,1
Math,81,buglocator,1.0,1.0,1.0,1.0,1.0,1.0,0.0,0.0,0.0,1,1,1
Math,81,locus,1.0,1.0,1.0,1.0,1.0,1.0,0.0,0.0,0.0,1,1,1
Math,82,FlexFL,1.0,1.0,1.0,1.0,1.0,1.0,0.0,0.0,0.0,1,1,1
Math,82,boostnsift,4.0,0.25,0.25,0.25,0.25,0.25,0.0,0.0,0.0,0,1,1
Math,82,buglocator,5.0,0.2,0.2,0.2,0.2,0.2,0.0,0.0,0.0,0,1,1
Math,82,locus,,0.0,0.0,0.0,0.0,0.0,0.0,0.0,0.0,0,0,0
Math,83,FlexFL,2.0,0.5,0.25,0.5,0.5,0.5,0.25,0.25,0.25,0,1,1
Math,83,boostnsift,1.0,1.0,1.0,1.0,1.0,1.0,0.0,0.0,0.0,1,1,1
Math,83,buglocator,3.0,0.333333,0.333333,0.3333333333333333,0.3333333333333333,0.3333333333333333,3.3333333332441484e-07,3.3333333332441484e-07,3.3333333332441484e-07,0,1,1
Math,83,locus,,0.0,0.0,0.0,0.0,0.0,0.0,0.0,0.0,0,0,0
Math,84,FlexFL,1.0,1.0,1.0,1.0,1.0,1.0,0.0,0.0,0.0,1,1,1
Math,84,boostnsift,1.0,1.0,1.0,1.0,1.0,1.0,0.0,0.0,0.0,1,1,1
Math,84,buglocator,1.0,1.0,1.0,1.0,1.0,1.0,0.0,0.0,0.0,1,1,1
Math,84,locus,,0.0,0.0,0.0,0.0,0.0,0.0,0.0,0.0,0,0,0
Math,85,FlexFL,2.0,0.5,0.5,0.5,0.5,0.5,0.0,0.0,0.0,0,1,1
Math,85,boostnsift,34.0,0.029412,0.029412,0.029411764705882353,0.029411764705882353,0.029411764705882353,2.3529411764811048e-07,2.3529411764811048e-07,2.3529411764811048e-07,0,0,0
Math,85,buglocator,10.0,0.1,0.1,0.1,0.1,0.1,0.0,0.0,0.0,0,0,1
Math,85,locus,50.0,0.02,0.02,0.02,0.02,0.02,0.0,0.0,0.0,0,0,0
Math,86,FlexFL,1.0,1.0,1.0,1.0,1.0,1.0,0.0,0.0,0.0,1,1,1
Math,86,boostnsift,1.0,1.0,1.0,1.0,1.0,1.0,0.0,0.0,0.0,1,1,1
Math,86,buglocator,1.0,1.0,1.0,1.0,1.0,1.0,0.0,0.0,0.0,1,1,1
Math,86,locus,5.0,0.2,0.2,0.2,0.2,0.2,0.0,0.0,0.0,0,1,1
Math,87,FlexFL,1.0,1.0,1.0,1.0,1.0,1.0,0.0,0.0,0.0,1,1,1
Math,87,boostnsift,2.0,0.5,0.5,0.5,0.5,0.5,0.0,0.0,0.0,0,1,1
Math,87,buglocator,1.0,1.0,1.0,1.0,1.0,1.0,0.0,0.0,0.0,1,1,1
Math,87,locus,1.0,1.0,1.0,1.0,1.0,1.0,0.0,0.0,0.0,1,1,1
Math,88,FlexFL,4.0,0.25,0.25,0.25,0.25,0.25,0.0,0.0,0.0,0,1,1
Math,88,boostnsift,6.0,0.166667,0.166667,0.16666666666666666,0.16666666666666666,0.16666666666666666,3.333333333521704e-07,3.333333333521704e-07,3.333333333521704e-07,0,0,1
Math,88,buglocator,48.0,0.020833,0.020833,0.020833333333333332,0.020833333333333332,0.020833333333333332,3.3333333333135373e-07,3.3333333333135373e-07,3.3333333333135373e-07,0,0,0
Math,88,locus,3.0,0.333333,0.333333,0.3333333333333333,0.3333333333333333,0.3333333333333333,3.3333333332441484e-07,3.3333333332441484e-07,3.3333333332441484e-07,0,1,1
Math,89,FlexFL,1.0,1.0,1.0,1.0,1.0,1.0,0.0,0.0,0.0,1,1,1
Math,89,boostnsift,1.0,1.0,1.0,1.0,1.0,1.0,0.0,0.0,0.0,1,1,1
Math,89,buglocator,1.0,1.0,1.0,1.0,1.0,1.0,0.0,0.0,0.0,1,1,1
Math,89,locus,2.0,0.5,0.5,0.5,0.5,0.5,0.0,0.0,0.0,0,1,1
Math,90,FlexFL,1.0,1.0,1.0,1.0,1.0,1.0,0.0,0.0,0.0,1,1,1
Math,90,boostnsift,1.0,1.0,1.0,1.0,1.0,1.0,0.0,0.0,0.0,1,1,1
Math,90,buglocator,1.0,1.0,1.0,1.0,1.0,1.0,0.0,0.0,0.0,1,1,1
Math,90,locus,2.0,0.5,0.5,0.5,0.5,0.5,0.0,0.0,0.0,0,1,1
Math,91,FlexFL,1.0,1.0,1.0,1.0,1.0,1.0,0.0,0.0,0.0,1,1,1
Math,91,boostnsift,5.0,0.2,0.2,0.2,0.2,0.2,0.0,0.0,0.0,0,1,1
Math,91,buglocator,1.0,1.0,1.0,1.0,1.0,1.0,0.0,0.0,0.0,1,1,1
Math,91,locus,1.0,1.0,1.0,1.0,1.0,1.0,0.0,0.0,0.0,1,1,1
Math,92,FlexFL,1.0,1.0,1.0,1.0,1.0,1.0,0.0,0.0,0.0,1,1,1
Math,92,boostnsift,1.0,1.0,1.0,1.0,1.0,1.0,0.0,0.0,0.0,1,1,1
Math,92,buglocator,2.0,0.5,0.5,0.5,0.5,0.5,0.0,0.0,0.0,0,1,1
Math,92,locus,2.0,0.5,0.5,0.5,0.5,0.5,0.0,0.0,0.0,0,1,1
Math,93,FlexFL,1.0,1.0,1.0,1.0,1.0,1.0,0.0,0.0,0.0,1,1,1
Math,93,boostnsift,5.0,0.2,0.2,0.2,0.2,0.2,0.0,0.0,0.0,0,1,1
Math,93,buglocator,2.0,0.5,0.5,0.5,0.5,0.5,0.0,0.0,0.0,0,1,1
Math,93,locus,2.0,0.5,0.5,0.5,0.5,0.5,0.0,0.0,0.0,0,1,1
Math,94,FlexFL,1.0,1.0,1.0,1.0,1.0,1.0,0.0,0.0,0.0,1,1,1
Math,94,boostnsift,1.0,1.0,1.0,1.0,1.0,1.0,0.0,0.0,0.0,1,1,1
Math,94,buglocator,2.0,0.5,0.5,0.5,0.5,0.5,0.0,0.0,0.0,0,1,1
Math,94,locus,2.0,0.5,0.5,0.5,0.5,0.5,0.0,0.0,0.0,0,1,1
Math,95,FlexFL,1.0,1.0,1.0,1.0,1.0,1.0,0.0,0.0,0.0,1,1,1
Math,95,boostnsift,7.0,0.142857,0.142857,0.14285714285714285,0.14285714285714285,0.14285714285714285,1.4285714283746032e-07,1.4285714283746032e-07,1.4285714283746032e-07,0,0,1
Math,95,buglocator,2.0,0.5,0.5,0.5,0.5,0.5,0.0,0.0,0.0,0,1,1
Math,95,locus,1.0,1.0,1.0,1.0,1.0,1.0,0.0,0.0,0.0,1,1,1
Math,96,FlexFL,2.0,0.5,0.5,0.5,0.5,0.5,0.0,0.0,0.0,1,1,1
Math,96,boostnsift,3.0,0.333333,0.333333,0.3333333333333333,0.3333333333333333,0.3333333333333333,3.3333333332441484e-07,3.3333333332441484e-07,3.3333333332441484e-07,0,1,1
Math,96,buglocator,4.0,0.25,0.25,0.25,0.25,0.25,0.0,0.0,0.0,0,1,1
Math,96,locus,2.0,0.5,0.5,0.5,0.5,0.5,0.0,0.0,0.0,0,1,1
Math,97,FlexFL,1.0,1.0,1.0,1.0,1.0,1.0,0.0,0.0,0.0,1,1,1
Math,97,boostnsift,1.0,1.0,1.0,1.0,1.0,1.0,0.0,0.0,0.0,1,1,1
Math,97,buglocator,1.0,1.0,1.0,1.0,1.0,1.0,0.0,0.0,0.0,1,1,1
Math,97,locus,1.0,1.0,1.0,1.0,1.0,1.0,0.0,0.0,0.0,1,1,1
Math,98,FlexFL,1.0,1.0,0.5,1.0,1.0,1.0,0.5,0.5,0.5,1,1,1
Math,98,boostnsift,1.0,1.0,1.0,1.0,1.0,1.0,0.0,0.0,0.0,1,1,1
Math,98,buglocator,1.0,1.0,1.0,1.0,1.0,1.0,0.0,0.0,0.0,1,1,1
Math,98,locus,1.0,1.0,1.0,1.0,1.0,1.0,0.0,0.0,0.0,1,1,1
Math,99,FlexFL,1.0,1.0,1.0,1.0,1.0,1.0,0.0,0.0,0.0,1,1,1
Math,99,boostnsift,1.0,1.0,1.0,1.0,1.0,1.0,0.0,0.0,0.0,1,1,1
Math,99,buglocator,2.0,0.5,0.5,0.5,0.5,0.5,0.0,0.0,0.0,0,1,1
Math,99,locus,2.0,0.5,0.5,0.5,0.5,0.5,0.0,0.0,0.0,0,1,1
Math,100,FlexFL,1.0,1.0,1.0,1.0,1.0,1.0,0.0,0.0,0.0,1,1,1
Math,100,boostnsift,1.0,1.0,1.0,1.0,1.0,1.0,0.0,0.0,0.0,1,1,1
Math,100,buglocator,1.0,1.0,1.0,1.0,1.0,1.0,0.0,0.0,0.0,1,1,1
Math,100,locus,3.0,0.333333,0.333333,0.3333333333333333,0.3333333333333333,0.3333333333333333,3.3333333332441484e-07,3.3333333332441484e-07,3.3333333332441484e-07,0,1,1
Math,101,FlexFL,1.0,1.0,1.0,1.0,1.0,1.0,0.0,0.0,0.0,1,1,1
Math,101,boostnsift,1.0,1.0,1.0,1.0,1.0,1.0,0.0,0.0,0.0,1,1,1
Math,101,buglocator,1.0,1.0,1.0,1.0,1.0,1.0,0.0,0.0,0.0,1,1,1
Math,101,locus,1.0,1.0,1.0,1.0,1.0,1.0,0.0,0.0,0.0,1,1,1
Math,102,FlexFL,1.0,1.0,1.0,1.0,1.0,1.0,0.0,0.0,0.0,1,1,1
Math,102,boostnsift,1.0,1.0,1.0,1.0,1.0,1.0,0.0,0.0,0.0,1,1,1
Math,102,buglocator,1.0,1.0,1.0,1.0,1.0,1.0,0.0,0.0,0.0,1,1,1
Math,102,locus,1.0,1.0,1.0,1.0,1.0,1.0,0.0,0.0,0.0,1,1,1
Math,103,FlexFL,1.0,1.0,1.0,1.0,1.0,1.0,0.0,0.0,0.0,1,1,1
Math,103,boostnsift,1.0,1.0,1.0,1.0,1.0,1.0,0.0,0.0,0.0,1,1,1
Math,103,buglocator,1.0,1.0,1.0,1.0,1.0,1.0,0.0,0.0,0.0,1,1,1
Math,103,locus,1.0,1.0,1.0,1.0,1.0,1.0,0.0,0.0,0.0,1,1,1
Math,104,FlexFL,,0.0,0.0,0.0,0.0,0.0,0.0,0.0,0.0,0,0,0
Math,104,boostnsift,1.0,1.0,1.0,1.0,0.0,1.0,0.0,1.0,0.0,1,1,1
Math,104,buglocator,1.0,1.0,1.0,1.0,0.0,1.0,0.0,1.0,0.0,1,1,1
Math,104,locus,1.0,1.0,1.0,1.0,0.0,1.0,0.0,1.0,0.0,1,1,1
Math,105,FlexFL,1.0,1.0,1.0,1.0,1.0,1.0,0.0,0.0,0.0,1,1,1
Math,105,boostnsift,1.0,1.0,1.0,1.0,1.0,1.0,0.0,0.0,0.0,1,1,1
Math,105,buglocator,2.0,0.5,0.5,0.5,0.5,0.5,0.0,0.0,0.0,0,1,1
Math,105,locus,1.0,1.0,1.0,1.0,1.0,1.0,0.0,0.0,0.0,1,1,1
Math,106,FlexFL,1.0,1.0,1.0,1.0,1.0,1.0,0.0,0.0,0.0,1,1,1
Math,106,boostnsift,1.0,1.0,1.0,1.0,1.0,1.0,0.0,0.0,0.0,1,1,1
Math,106,buglocator,1.0,1.0,1.0,1.0,1.0,1.0,0.0,0.0,0.0,1,1,1
Math,106,locus,1.0,1.0,1.0,1.0,1.0,1.0,0.0,0.0,0.0,1,1,1
Mockito,1,FlexFL,,0.0,0.0,0.0,0.0,0.0,0.0,0.0,0.0,0,0,0
Mockito,1,boostnsift,18.0,0.055556,0.055556,0.05555555555555555,0.05555555555555555,0.05555555555555555,4.4444444444874387e-07,4.4444444444874387e-07,4.4444444444874387e-07,0,0,0
Mockito,1,buglocator,66.0,0.015152,0.015152,0.015151515151515152,0.015151515151515152,0.015151515151515152,4.848484848486018e-07,4.848484848486018e-07,4.848484848486018e-07,0,0,0
Mockito,1,locus,,0.0,0.0,0.0,0.0,0.0,0.0,0.0,0.0,0,0,0
Mockito,2,FlexFL,5.0,0.2,0.2,0.2,0.2,0.2,0.0,0.0,0.0,0,1,1
Mockito,2,boostnsift,,0.0,0.0,0.0,0.0,0.0,0.0,0.0,0.0,0,0,0
Mockito,2,buglocator,811.0,0.001233,0.001233,0.0012330456226880395,0.0012330456226880395,0.0012330456226880395,4.562268803953544e-08,4.562268803953544e-08,4.562268803953544e-08,0,0,0
Mockito,2,locus,,0.0,0.0,0.0,0.0,0.0,0.0,0.0,0.0,0,0,0
Mockito,3,FlexFL,,0.0,0.0,0.0,0.0,0.0,0.0,0.0,0.0,0,0,0
Mockito,3,boostnsift,18.0,0.055556,0.055556,0.05555555555555555,0.05555555555555555,0.05555555555555555,4.4444444444874387e-07,4.4444444444874387e-07,4.4444444444874387e-07,0,0,0
Mockito,3,buglocator,52.0,0.019231,0.019231,0.019230769230769232,0.019230769230769232,0.019230769230769232,2.3076923076972844e-07,2.3076923076972844e-07,2.3076923076972844e-07,0,0,0
Mockito,3,locus,,0.0,0.0,0.0,0.0,0.0,0.0,0.0,0.0,0,0,0
Mockito,4,FlexFL,,0.0,0.0,0.0,0.0,0.0,0.0,0.0,0.0,0,0,0
Mockito,4,boostnsift,13.0,0.076923,0.076923,0.07692307692307693,0.07692307692307693,0.07692307692307693,7.692307692208633e-08,7.692307692208633e-08,7.692307692208633e-08,0,0,0
Mockito,4,buglocator,71.0,0.014085,0.014085,0.014084507042253521,0.014084507042253521,0.014084507042253521,4.929577464788532e-07,4.929577464788532e-07,4.929577464788532e-07,0,0,0
Mockito,4,locus,,0.0,0.0,0.0,0.0,0.0,0.0,0.0,0.0,0,0,0
Mockito,5,FlexFL,2.0,0.5,0.5,0.5,0.5,0.5,0.0,0.0,0.0,0,1,1
Mockito,5,boostnsift,6.0,0.166667,0.166667,0.16666666666666666,0.16666666666666666,0.16666666666666666,3.333333333521704e-07,3.333333333521704e-07,3.333333333521704e-07,0,0,1
Mockito,5,buglocator,13.0,0.076923,0.076923,0.07692307692307693,0.07692307692307693,0.07692307692307693,7.692307692208633e-08,7.692307692208633e-08,7.692307692208633e-08,0,0,0
Mockito,5,locus,,0.0,0.0,0.0,0.0,0.0,0.0,0.0,0.0,0,0,0
Mockito,6,FlexFL,2.0,0.5,0.0583333333333333,0.5,0.5,0.5,0.4416666666666667,0.4416666666666667,0.4416666666666667,0,1,1
Mockito,6,boostnsift,12.0,0.083333,0.083333,0.08333333333333333,0.08333333333333333,0.08333333333333333,3.3333333332441484e-07,3.3333333332441484e-07,3.3333333332441484e-07,0,0,0
Mockito,6,buglocator,1.0,1.0,1.0,1.0,1.0,1.0,0.0,0.0,0.0,1,1,1
Mockito,6,locus,,0.0,0.0,0.0,0.0,0.0,0.0,0.0,0.0,0,0,0
Mockito,7,FlexFL,,0.0,0.0,0.0,0.0,0.0,0.0,0.0,0.0,0,0,0
Mockito,7,boostnsift,7.0,0.142857,0.142857,0.14285714285714285,0.14285714285714285,0.14285714285714285,1.4285714283746032e-07,1.4285714283746032e-07,1.4285714283746032e-07,0,0,1
Mockito,7,buglocator,2.0,0.5,0.5,0.5,0.5,0.5,0.0,0.0,0.0,0,1,1
Mockito,7,locus,,0.0,0.0,0.0,0.0,0.0,0.0,0.0,0.0,0,0,0
Mockito,8,FlexFL,1.0,1.0,1.0,1.0,1.0,1.0,0.0,0.0,0.0,1,1,1
Mockito,8,boostnsift,1.0,1.0,1.0,1.0,1.0,1.0,0.0,0.0,0.0,1,1,1
Mockito,8,buglocator,1.0,1.0,1.0,1.0,1.0,1.0,0.0,0.0,0.0,1,1,1
Mockito,8,locus,,0.0,0.0,0.0,0.0,0.0,0.0,0.0,0.0,0,0,0
Mockito,9,FlexFL,,0.0,0.0,0.0,0.0,0.0,0.0,0.0,0.0,0,0,0
Mockito,9,boostnsift,25.0,0.04,0.04,0.04,0.04,0.04,0.0,0.0,0.0,0,0,0
Mockito,9,buglocator,108.0,0.009259,0.009259,0.009259259259259259,0.009259259259259259,0.009259259259259259,2.5925925925887605e-07,2.5925925925887605e-07,2.5925925925887605e-07,0,0,0
Mockito,9,locus,,0.0,0.0,0.0,0.0,0.0,0.0,0.0,0.0,0,0,0
Mockito,10,FlexFL,1.0,1.0,0.3333333333333333,1.0,1.0,1.0,0.6666666666666667,0.6666666666666667,0.6666666666666667,1,1,1
Mockito,10,boostnsift,3.0,0.333333,0.333333,0.3333333333333333,0.3333333333333333,0.3333333333333333,3.3333333332441484e-07,3.3333333332441484e-07,3.3333333332441484e-07,0,1,1
Mockito,10,buglocator,2.0,0.5,0.5,0.5,0.5,0.5,0.0,0.0,0.0,0,1,1
Mockito,10,locus,,0.0,0.0,0.0,0.0,0.0,0.0,0.0,0.0,0,0,0
Mockito,11,FlexFL,1.0,1.0,1.0,1.0,1.0,1.0,0.0,0.0,0.0,1,1,1
Mockito,11,boostnsift,48.0,0.020833,0.020833,0.020833333333333332,0.020833333333333332,0.020833333333333332,3.3333333333135373e-07,3.3333333333135373e-07,3.3333333333135373e-07,0,0,0
Mockito,11,buglocator,7.0,0.142857,0.142857,0.14285714285714285,0.14285714285714285,0.14285714285714285,1.4285714283746032e-07,1.4285714283746032e-07,1.4285714283746032e-07,0,0,1
Mockito,11,locus,,0.0,0.0,0.0,0.0,0.0,0.0,0.0,0.0,0,0,0
Mockito,12,FlexFL,,0.0,0.0,0.0,0.0,0.0,0.0,0.0,0.0,0,0,0
Mockito,12,boostnsift,73.0,0.013699,0.013699,0.0136986301369863,0.0136986301369863,0.0136986301369863,3.698630136987624e-07,3.698630136987624e-07,3.698630136987624e-07,0,0,0
Mockito,12,buglocator,593.0,0.001686,0.001686,0.0016863406408094434,0.0016863406408094434,0.0016863406408094434,3.4064080944341824e-07,3.4064080944341824e-07,3.4064080944341824e-07,0,0,0
Mockito,12,locus,393.0,0.002545,0.002545,0.002544529262086514,0.002544529262086514,0.002544529262086514,4.707379134857685e-07,4.707379134857685e-07,4.707379134857685e-07,0,0,0
Mockito,13,FlexFL,,0.0,0.0,0.0,0.0,0.0,0.0,0.0,0.0,0,0,0
Mockito,13,boostnsift,39.0,0.025641,0.025641,0.02564102564102564,0.02564102564102564,0.02564102564102564,2.564102563953896e-08,2.564102563953896e-08,2.564102563953896e-08,0,0,0
Mockito,13,buglocator,176.0,0.005682,0.005682,0.005681818181818182,0.005681818181818182,0.005681818181818182,1.818181818184425e-07,1.818181818184425e-07,1.818181818184425e-07,0,0,0
Mockito,13,locus,,0.0,0.0,0.0,0.0,0.0,0.0,0.0,0.0,0,0,0
Mockito,14,FlexFL,,0.0,0.0,0.0,0.0,0.0,0.0,0.0,0.0,0,0,0
Mockito,14,boostnsift,38.0,0.026316,0.026316,0.02631578947368421,0.013157894736842105,0.02631578947368421,2.1052631579004943e-07,0.013158105263157895,2.1052631579004943e-07,0,0,0
Mockito,14,buglocator,175.0,0.005714,0.005714,0.005714285714285714,0.002857142857142857,0.005714285714285714,2.857142857139519e-07,0.002856857142857143,2.857142857139519e-07,0,0,0
Mockito,14,locus,,0.0,0.0,0.0,0.0,0.0,0.0,0.0,0.0,0,0,0
Mockito,15,FlexFL,,0.0,0.0,0.0,0.0,0.0,0.0,0.0,0.0,0,0,0
Mockito,15,boostnsift,,0.0,0.0,0.0,0.0,0.0,0.0,0.0,0.0,0,0,0
Mockito,15,buglocator,289.0,0.00346,0.00346,0.0034602076124567475,0.0034602076124567475,0.0034602076124567475,2.0761245674754195e-07,2.0761245674754195e-07,2.0761245674754195e-07,0,0,0
Mockito,15,locus,,0.0,0.0,0.0,0.0,0.0,0.0,0.0,0.0,0,0,0
Mockito,16,FlexFL,1.0,1.0,1.0,1.0,1.0,1.0,0.0,0.0,0.0,1,1,1
Mockito,16,boostnsift,,0.0,0.0,0.0,0.0,0.0,0.0,0.0,0.0,0,0,0
Mockito,16,buglocator,478.0,0.002092,0.002092,0.0020920502092050207,0.0010460251046025104,0.0020920502092050207,5.020920502063139e-08,0.0010459748953974897,5.020920502063139e-08,0,0,0
Mockito,16,locus,856.0,0.001168,0.001168,0.0011682242990654205,0.0005841121495327102,0.0011682242990654205,2.242990654204892e-07,0.0005838878504672897,2.242990654204892e-07,0,0,0
Mockito,17,FlexFL,,0.0,0.0,0.0,0.0,0.0,0.0,0.0,0.0,0,0,0
Mockito,17,boostnsift,15.0,0.066667,0.066667,0.06666666666666667,0.03333333333333333,0.06666666666666667,3.333333333382926e-07,0.03333366666666667,3.333333333382926e-07,0,0,0
Mockito,17,buglocator,496.0,0.002016,0.002016,0.0020161290322580645,0.0010080645161290322,0.0020161290322580645,1.290322580644633e-07,0.0010079354838709678,1.290322580644633e-07,0,0,0
Mockito,17,locus,820.0,0.00122,0.00122,0.0012195121951219512,0.0006097560975609756,0.0012195121951219512,4.878048780487289e-07,0.0006102439024390243,4.878048780487289e-07,0,0,0
Mockito,18,FlexFL,1.0,1.0,1.0,1.0,1.0,1.0,0.0,0.0,0.0,1,1,1
Mockito,18,boostnsift,18.0,0.055556,0.055556,0.05555555555555555,0.05555555555555555,0.05555555555555555,4.4444444444874387e-07,4.4444444444874387e-07,4.4444444444874387e-07,0,0,0
Mockito,18,buglocator,33.0,0.030303,0.030303,0.030303030303030304,0.030303030303030304,0.030303030303030304,3.030303030379655e-08,3.030303030379655e-08,3.030303030379655e-08,0,0,0
Mockito,18,locus,,0.0,0.0,0.0,0.0,0.0,0.0,0.0,0.0,0,0,0
Mockito,19,FlexFL,,0.0,0.0,0.0,0.0,0.0,0.0,0.0,0.0,0,0,0
Mockito,19,boostnsift,14.0,0.071429,0.071429,0.07142857142857142,0.017857142857142856,0.07142857142857142,4.285714285817699e-07,0.05357185714285715,4.285714285817699e-07,0,0,0
Mockito,19,buglocator,20.0,0.05,0.05,0.05,0.0125,0.05,0.0,0.037500000000000006,0.0,0,0,0
Mockito,19,locus,,0.0,0.0,0.0,0.0,0.0,0.0,0.0,0.0,0,0,0
Mockito,20,FlexFL,,0.0,0.0,0.0,0.0,0.0,0.0,0.0,0.0,0,0,0
Mockito,20,boostnsift,35.0,0.028571,0.028571,0.02857142857142857,0.02857142857142857,0.02857142857142857,4.2857142857136155e-07,4.2857142857136155e-07,4.2857142857136155e-07,0,0,0
Mockito,20,buglocator,141.0,0.007092,0.007092,0.0070921985815602835,0.0070921985815602835,0.0070921985815602835,1.9858156028330215e-07,1.9858156028330215e-07,1.9858156028330215e-07,0,0,0
Mockito,20,locus,,0.0,0.0,0.0,0.0,0.0,0.0,0.0,0.0,0,0,0
Mockito,21,FlexFL,2.0,0.5,0.45,0.5,0.5,0.5,0.04999999999999999,0.04999999999999999,0.04999999999999999,0,1,1
Mockito,21,boostnsift,178.0,0.005618,0.005618,0.0056179775280898875,0.0056179775280898875,0.0056179775280898875,2.2471910112245586e-08,2.2471910112245586e-08,2.2471910112245586e-08,0,0,0
Mockito,21,buglocator,350.0,0.002857,0.002857,0.002857142857142857,0.002857142857142857,0.002857142857142857,1.4285714285697595e-07,1.4285714285697595e-07,1.4285714285697595e-07,0,0,0
Mockito,21,locus,,0.0,0.0,0.0,0.0,0.0,0.0,0.0,0.0,0,0,0
Mockito,22,FlexFL,1.0,1.0,1.0,1.0,1.0,1.0,0.0,0.0,0.0,1,1,1
Mockito,22,boostnsift,,0.0,0.0,0.0,0.0,0.0,0.0,0.0,0.0,0,0,0
Mockito,22,buglocator,270.0,0.003704,0.003704,0.003703703703703704,0.003703703703703704,0.003703703703703704,2.9629629629598225e-07,2.9629629629598225e-07,2.9629629629598225e-07,0,0,0
Mockito,22,locus,278.0,0.003597,0.003597,0.0035971223021582736,0.0035971223021582736,0.0035971223021582736,1.2230215827363153e-07,1.2230215827363153e-07,1.2230215827363153e-07,0,0,0
Mockito,23,FlexFL,,0.0,0.0,0.0,0.0,0.0,0.0,0.0,0.0,0,0,0
Mockito,23,boostnsift,58.0,0.017241,0.017241,0.017241379310344827,0.017241379310344827,0.017241379310344827,3.7931034482796555e-07,3.7931034482796555e-07,3.7931034482796555e-07,0,0,0
Mockito,23,buglocator,105.0,0.009524,0.009524,0.009523809523809525,0.009523809523809525,0.009523809523809525,1.9047619047481146e-07,1.9047619047481146e-07,1.9047619047481146e-07,0,0,0
Mockito,23,locus,701.0,0.001427,0.001427,0.0014265335235378032,0.0014265335235378032,0.0014265335235378032,4.664764621969183e-07,4.664764621969183e-07,4.664764621969183e-07,0,0,0
Mockito,24,FlexFL,,0.0,0.0,0.0,0.0,0.0,0.0,0.0,0.0,0,0,0
Mockito,24,boostnsift,89.0,0.011236,0.011236,0.011235955056179775,0.011235955056179775,0.011235955056179775,4.494382022449117e-08,4.494382022449117e-08,4.494382022449117e-08,0,0,0
Mockito,24,buglocator,118.0,0.008475,0.008475,0.00847457627118644,0.00847457627118644,0.00847457627118644,4.2372881355924596e-07,4.2372881355924596e-07,4.2372881355924596e-07,0,0,0
Mockito,24,locus,396.0,0.002525,0.002525,0.0025252525252525255,0.0025252525252525255,0.0025252525252525255,2.525252525255664e-07,2.525252525255664e-07,2.525252525255664e-07,0,0,0
Mockito,25,FlexFL,,0.0,0.0,0.0,0.0,0.0,0.0,0.0,0.0,0,0,0
Mockito,25,boostnsift,9.0,0.111111,0.111111,0.1111111111111111,0.1111111111111111,0.1111111111111111,1.1111111110351235e-07,1.1111111110351235e-07,1.1111111110351235e-07,0,0,1
Mockito,25,buglocator,96.0,0.010417,0.010417,0.010416666666666666,0.010416666666666666,0.010416666666666666,3.3333333333308846e-07,3.3333333333308846e-07,3.3333333333308846e-07,0,0,0
Mockito,25,locus,701.0,0.001427,0.001427,0.0014265335235378032,0.0014265335235378032,0.0014265335235378032,4.664764621969183e-07,4.664764621969183e-07,4.664764621969183e-07,0,0,0
Mockito,26,FlexFL,,0.0,0.0,0.0,0.0,0.0,0.0,0.0,0.0,0,0,0
Mockito,26,boostnsift,,0.0,0.0,0.0,0.0,0.0,0.0,0.0,0.0,0,0,0
Mockito,26,buglocator,593.0,0.001686,0.001686,0.0016863406408094434,0.0,0.0016863406408094434,3.4064080944341824e-07,0.001686,3.4064080944341824e-07,0,0,0
Mockito,26,locus,29.0,0.034483,0.034483,0.034482758620689655,0.0,0.034482758620689655,2.41379310345069e-07,0.034483,2.41379310345069e-07,0,0,0
Mockito,27,FlexFL,,0.0,0.0,0.0,0.0,0.0,0.0,0.0,0.0,0,0,0
Mockito,27,boostnsift,42.0,0.02381,0.02381,0.023809523809523808,0.023809523809523808,0.023809523809523808,4.761904761931002e-07,4.761904761931002e-07,4.761904761931002e-07,0,0,0
Mockito,27,buglocator,184.0,0.005435,0.005435,0.005434782608695652,0.005434782608695652,0.005434782608695652,2.173913043477041e-07,2.173913043477041e-07,2.173913043477041e-07,0,0,0
Mockito,27,locus,834.0,0.001199,0.001199,0.001199040767386091,0.001199040767386091,0.001199040767386091,4.076738609106595e-08,4.076738609106595e-08,4.076738609106595e-08,0,0,0
Mockito,28,FlexFL,,0.0,0.0,0.0,0.0,0.0,0.0,0.0,0.0,0,0,0
Mockito,28,boostnsift,8.0,0.125,0.125,0.125,0.125,0.125,0.0,0.0,0.0,0,0,1
Mockito,28,buglocator,555.0,0.001802,0.001802,0.0018018018018018018,0.0018018018018018018,0.0018018018018018018,1.981981981981698e-07,1.981981981981698e-07,1.981981981981698e-07,0,0,0
Mockito,28,locus,293.0,0.003413,0.003413,0.0034129692832764505,0.0034129692832764505,0.0034129692832764505,3.071672354925531e-08,3.071672354925531e-08,3.071672354925531e-08,0,0,0
Mockito,29,FlexFL,,0.0,0.0,0.0,0.0,0.0,0.0,0.0,0.0,0,0,0
Mockito,29,boostnsift,,0.0,0.0,0.0,0.0,0.0,0.0,0.0,0.0,0,0,0
Mockito,29,buglocator,624.0,0.001603,0.001603,0.0016025641025641025,0.0016025641025641025,0.0016025641025641025,4.3589743589753267e-07,4.3589743589753267e-07,4.3589743589753267e-07,0,0,0
Mockito,29,locus,168.0,0.005952,0.005952,0.005952380952380952,0.005952380952380952,0.005952380952380952,3.80952380952225e-07,3.80952380952225e-07,3.80952380952225e-07,0,0,0
Mockito,30,FlexFL,,0.0,0.0,0.0,0.0,0.0,0.0,0.0,0.0,0,0,0
Mockito,30,boostnsift,7.0,0.142857,0.142857,0.14285714285714285,0.07142857142857142,0.14285714285714285,1.4285714283746032e-07,0.07142842857142859,1.4285714283746032e-07,0,0,1
Mockito,30,buglocator,126.0,0.007937,0.007937,0.007936507936507936,0.003968253968253968,0.007936507936507936,4.920634920635436e-07,0.003968746031746032,4.920634920635436e-07,0,0,0
Mockito,30,locus,,0.0,0.0,0.0,0.0,0.0,0.0,0.0,0.0,0,0,0
Mockito,31,FlexFL,,0.0,0.0,0.0,0.0,0.0,0.0,0.0,0.0,0,0,0
Mockito,31,boostnsift,67.0,0.014925,0.014925,0.014925373134328358,0.014925373134328358,0.014925373134328358,3.731343283571581e-07,3.731343283571581e-07,3.731343283571581e-07,0,0,0
Mockito,31,buglocator,90.0,0.011111,0.011111,0.011111111111111112,0.011111111111111112,0.011111111111111112,1.1111111111218597e-07,1.1111111111218597e-07,1.1111111111218597e-07,0,0,0
Mockito,31,locus,420.0,0.002381,0.002381,0.002380952380952381,0.002380952380952381,0.002380952380952381,4.7619047618702864e-08,4.7619047618702864e-08,4.7619047618702864e-08,0,0,0
Mockito,32,FlexFL,1.0,1.0,1.0,1.0,1.0,1.0,0.0,0.0,0.0,1,1,1
Mockito,32,boostnsift,7.0,0.142857,0.142857,0.14285714285714285,0.14285714285714285,0.14285714285714285,1.4285714283746032e-07,1.4285714283746032e-07,1.4285714283746032e-07,0,0,1
Mockito,32,buglocator,573.0,0.001745,0.001745,0.0017452006980802793,0.0017452006980802793,0.0017452006980802793,2.0069808027924248e-07,2.0069808027924248e-07,2.0069808027924248e-07,0,0,0
Mockito,32,locus,678.0,0.001475,0.001475,0.0014749262536873156,0.0014749262536873156,0.0014749262536873156,7.37463126843519e-08,7.37463126843519e-08,7.37463126843519e-08,0,0,0
Mockito,33,FlexFL,,0.0,0.0,0.0,0.0,0.0,0.0,0.0,0.0,0,0,0
Mockito,33,boostnsift,18.0,0.055556,0.055556,0.05555555555555555,0.05555555555555555,0.05555555555555555,4.4444444444874387e-07,4.4444444444874387e-07,4.4444444444874387e-07,0,0,0
Mockito,33,buglocator,144.0,0.006944,0.006944,0.006944444444444444,0.006944444444444444,0.006944444444444444,4.4444444444440706e-07,4.4444444444440706e-07,4.4444444444440706e-07,0,0,0
Mockito,33,locus,30.0,0.033333,0.033333,0.03333333333333333,0.03333333333333333,0.03333333333333333,3.3333333333135373e-07,3.3333333333135373e-07,3.3333333333135373e-07,0,0,0
Mockito,34,FlexFL,,0.0,0.0,0.0,0.0,0.0,0.0,0.0,0.0,0,0,0
Mockito,34,boostnsift,,0.0,0.0,0.0,0.0,0.0,0.0,0.0,0.0,0,0,0
Mockito,34,buglocator,417.0,0.002398,0.002398,0.002398081534772182,0.002398081534772182,0.002398081534772182,8.15347721821319e-08,8.15347721821319e-08,8.15347721821319e-08,0,0,0
Mockito,34,locus,30.0,0.033333,0.033333,0.03333333333333333,0.03333333333333333,0.03333333333333333,3.3333333333135373e-07,3.3333333333135373e-07,3.3333333333135373e-07,0,0,0
Mockito,35,FlexFL,,0.0,0.0,0.0,0.0,0.0,0.0,0.0,0.0,0,0,0
Mockito,35,boostnsift,21.0,0.047619,0.047619,0.047619047619047616,0.047619047619047616,0.047619047619047616,4.7619047614799737e-08,4.7619047614799737e-08,4.7619047614799737e-08,0,0,0
Mockito,35,buglocator,23.0,0.043478,0.043478,0.043478260869565216,0.043478260869565216,0.043478260869565216,2.608695652134285e-07,2.608695652134285e-07,2.608695652134285e-07,0,0,0
Mockito,35,locus,,0.0,0.0,0.0,0.0,0.0,0.0,0.0,0.0,0,0,0
Mockito,36,FlexFL,,0.0,0.0,0.0,0.0,0.0,0.0,0.0,0.0,0,0,0
Mockito,36,boostnsift,33.0,0.030303,0.030303,0.030303030303030304,0.030303030303030304,0.030303030303030304,3.030303030379655e-08,3.030303030379655e-08,3.030303030379655e-08,0,0,0
Mockito,36,buglocator,98.0,0.010204,0.010204,0.01020408163265306,0.01020408163265306,0.01020408163265306,8.16326530608813e-08,8.16326530608813e-08,8.16326530608813e-08,0,0,0
Mockito,36,locus,,0.0,0.0,0.0,0.0,0.0,0.0,0.0,0.0,0,0,0
Mockito,37,FlexFL,4.0,0.25,0.25,0.25,0.25,0.25,0.0,0.0,0.0,0,1,1
Mockito,37,boostnsift,,0.0,0.0,0.0,0.0,0.0,0.0,0.0,0.0,0,0,0
Mockito,37,buglocator,414.0,0.002415,0.002415,0.0024154589371980675,0.0024154589371980675,0.0024154589371980675,4.589371980674717e-07,4.589371980674717e-07,4.589371980674717e-07,0,0,0
Mockito,37,locus,,0.0,0.0,0.0,0.0,0.0,0.0,0.0,0.0,0,0,0
Mockito,38,FlexFL,4.0,0.25,0.25,0.25,0.25,0.25,0.0,0.0,0.0,0,1,1
Mockito,38,boostnsift,12.0,0.083333,0.083333,0.08333333333333333,0.08333333333333333,0.08333333333333333,3.3333333332441484e-07,3.3333333332441484e-07,3.3333333332441484e-07,0,0,0
Mockito,38,buglocator,433.0,0.002309,0.002309,0.0023094688221709007,0.0023094688221709007,0.0023094688221709007,4.6882217090080114e-07,4.6882217090080114e-07,4.6882217090080114e-07,0,0,0
Mockito,38,locus,704.0,0.00142,0.00142,0.0014204545454545455,0.0014204545454545455,0.0014204545454545455,4.5454545454545574e-07,4.5454545454545574e-07,4.5454545454545574e-07,0,0,0
Time,1,FlexFL,1.0,1.0,1.0,1.0,1.0,1.0,0.0,0.0,0.0,1,1,1
Time,1,boostnsift,156.0,0.00641,0.00641,0.00641025641025641,0.003205128205128205,0.00641025641025641,2.5641025641013476e-07,0.003204871794871795,2.5641025641013476e-07,0,0,0
Time,1,buglocator,253.0,0.003953,0.003953,0.003952569169960474,0.001976284584980237,0.003952569169960474,4.3083003952587573e-07,0.001976715415019763,4.3083003952587573e-07,0,0,0
Time,1,locus,280.0,0.003571,0.003571,0.0035714285714285713,0.0017857142857142857,0.0035714285714285713,4.2857142857136155e-07,0.0017852857142857143,4.2857142857136155e-07,0,0,0
Time,2,FlexFL,1.0,1.0,1.0,1.0,1.0,1.0,0.0,0.0,0.0,1,1,1
Time,2,boostnsift,156.0,0.00641,0.00641,0.00641025641025641,0.003205128205128205,0.00641025641025641,2.5641025641013476e-07,0.003204871794871795,2.5641025641013476e-07,0,0,0
Time,2,buglocator,253.0,0.003953,0.003953,0.003952569169960474,0.001976284584980237,0.003952569169960474,4.3083003952587573e-07,0.001976715415019763,4.3083003952587573e-07,0,0,0
Time,2,locus,280.0,0.003571,0.003571,0.0035714285714285713,0.0017857142857142857,0.0035714285714285713,4.2857142857136155e-07,0.0017852857142857143,4.2857142857136155e-07,0,0,0
Time,3,FlexFL,1.0,1.0,0.4,1.0,1.0,1.0,0.6,0.6,0.6,1,1,1
Time,3,boostnsift,17.0,0.058824,0.058824,0.058823529411764705,0.058823529411764705,0.058823529411764705,4.7058823529622096e-07,4.7058823529622096e-07,4.7058823529622096e-07,0,0,0
Time,3,buglocator,1.0,1.0,1.0,1.0,1.0,1.0,0.0,0.0,0.0,1,1,1
Time,3,locus,10.0,0.1,0.1,0.1,0.1,0.1,0.0,0.0,0.0,0,0,1
Time,4,FlexFL,1.0,1.0,1.0,1.0,1.0,1.0,0.0,0.0,0.0,1,1,1
Time,4,boostnsift,2.0,0.5,0.5,0.5,0.5,0.5,0.0,0.0,0.0,0,1,1
Time,4,buglocator,9.0,0.111111,0.111111,0.1111111111111111,0.1111111111111111,0.1111111111111111,1.1111111110351235e-07,1.1111111110351235e-07,1.1111111110351235e-07,0,0,1
Time,4,locus,2.0,0.5,0.5,0.5,0.5,0.5,0.0,0.0,0.0,0,1,1
Time,5,FlexFL,5.0,0.2,0.2,0.2,0.2,0.2,0.0,0.0,0.0,1,1,1
Time,5,boostnsift,1.0,1.0,1.0,1.0,1.0,1.0,0.0,0.0,0.0,1,1,1
Time,5,buglocator,3.0,0.333333,0.333333,0.3333333333333333,0.3333333333333333,0.3333333333333333,3.3333333332441484e-07,3.3333333332441484e-07,3.3333333332441484e-07,0,1,1
Time,5,locus,1.0,1.0,1.0,1.0,1.0,1.0,0.0,0.0,0.0,1,1,1
Time,6,FlexFL,1.0,1.0,1.0,1.0,1.0,1.0,0.0,0.0,0.0,1,1,1
Time,6,boostnsift,31.0,0.032258,0.032258,0.03225806451612903,0.016129032258064516,0.03225806451612903,6.451612902941273e-08,0.016128967741935486,6.451612902941273e-08,0,0,0
Time,6,buglocator,2.0,0.5,0.5,0.5,0.5357142857142857,0.5,0.0,0.0357142857142857,0.0,0,1,1
Time,6,locus,52.0,0.019231,0.019231,0.019230769230769232,0.009615384615384616,0.019230769230769232,2.3076923076972844e-07,0.009615615384615386,2.3076923076972844e-07,0,0,0
Time,7,FlexFL,1.0,1.0,1.0,1.0,1.0,1.0,0.0,0.0,0.0,1,1,1
Time,7,boostnsift,1.0,1.0,1.0,1.0,1.0,1.0,0.0,0.0,0.0,1,1,1
Time,7,buglocator,6.0,0.166667,0.166667,0.16666666666666666,0.16666666666666666,0.16666666666666666,3.333333333521704e-07,3.333333333521704e-07,3.333333333521704e-07,0,0,1
Time,7,locus,8.0,0.125,0.125,0.125,0.125,0.125,0.0,0.0,0.0,0,0,1
Time,8,FlexFL,1.0,1.0,1.0,1.0,1.0,1.0,0.0,0.0,0.0,1,1,1
Time,8,boostnsift,1.0,1.0,1.0,1.0,1.0,1.0,0.0,0.0,0.0,1,1,1
Time,8,buglocator,1.0,1.0,1.0,1.0,1.0,1.0,0.0,0.0,0.0,1,1,1
Time,8,locus,5.0,0.2,0.2,0.2,0.2,0.2,0.0,0.0,0.0,0,1,1
Time,9,FlexFL,3.0,0.3333333333333333,0.1666666666666666,0.3333333333333333,0.3333333333333333,0.3333333333333333,0.1666666666666667,0.1666666666666667,0.1666666666666667,1,1,1
Time,9,boostnsift,18.0,0.055556,0.055556,0.05555555555555555,0.05555555555555555,0.05555555555555555,4.4444444444874387e-07,4.4444444444874387e-07,4.4444444444874387e-07,0,0,0
Time,9,buglocator,31.0,0.032258,0.032258,0.03225806451612903,0.03225806451612903,0.03225806451612903,6.451612902941273e-08,6.451612902941273e-08,6.451612902941273e-08,0,0,0
Time,9,locus,83.0,0.012048,0.012048,0.012048192771084338,0.012048192771084338,0.012048192771084338,1.927710843382946e-07,1.927710843382946e-07,1.927710843382946e-07,0,0,0
Time,10,FlexFL,2.0,0.5,0.5,0.5,0.5,0.5,0.0,0.0,0.0,0,1,1
Time,10,boostnsift,63.0,0.015873,0.015873,0.015873015873015872,0.015873015873015872,0.015873015873015872,1.587301587044343e-08,1.587301587044343e-08,1.587301587044343e-08,0,0,0
Time,10,buglocator,6.0,0.166667,0.166667,0.16666666666666666,0.16666666666666666,0.16666666666666666,3.333333333521704e-07,3.333333333521704e-07,3.333333333521704e-07,0,0,1
Time,10,locus,8.0,0.125,0.125,0.125,0.125,0.125,0.0,0.0,0.0,0,0,1
Time,11,FlexFL,,0.0,0.0,0.0,0.0,0.0,0.0,0.0,0.0,0,0,0
Time,11,boostnsift,1.0,1.0,1.0,1.0,0.0,1.0,0.0,1.0,0.0,1,1,1
Time,11,buglocator,2.0,0.5,0.5,0.5,0.0,0.5,0.0,0.5,0.0,0,1,1
Time,11,locus,1.0,1.0,1.0,1.0,0.0,1.0,0.0,1.0,0.0,1,1,1
Time,12,FlexFL,1.0,1.0,0.5,1.0,1.0,1.0,0.5,0.5,0.5,1,1,1
Time,12,boostnsift,1.0,1.0,1.0,1.0,1.0,1.0,0.0,0.0,0.0,1,1,1
Time,12,buglocator,1.0,1.0,1.0,1.0,1.0,1.0,0.0,0.0,0.0,1,1,1
Time,12,locus,1.0,1.0,1.0,1.0,1.0,1.0,0.0,0.0,0.0,1,1,1
Time,13,FlexFL,,0.0,0.0,0.0,0.0,0.0,0.0,0.0,0.0,0,0,0
Time,13,boostnsift,47.0,0.021277,0.021277,0.02127659574468085,0.02127659574468085,0.02127659574468085,4.042553191502263e-07,4.042553191502263e-07,4.042553191502263e-07,0,0,0
Time,13,buglocator,65.0,0.015385,0.015385,0.015384615384615385,0.015384615384615385,0.015384615384615385,3.846153846139011e-07,3.846153846139011e-07,3.846153846139011e-07,0,0,0
Time,13,locus,121.0,0.008264,0.008264,0.008264462809917356,0.008264462809917356,0.008264462809917356,4.6280991735508925e-07,4.6280991735508925e-07,4.6280991735508925e-07,0,0,0
Time,14,FlexFL,3.0,0.3333333333333333,0.3333333333333333,0.3333333333333333,0.3333333333333333,0.3333333333333333,0.0,0.0,0.0,0,1,1
Time,14,boostnsift,6.0,0.166667,0.166667,0.16666666666666666,0.16666666666666666,0.16666666666666666,3.333333333521704e-07,3.333333333521704e-07,3.333333333521704e-07,0,0,1
Time,14,buglocator,11.0,0.090909,0.090909,0.09090909090909091,0.09090909090909091,0.09090909090909091,9.090909090792021e-08,9.090909090792021e-08,9.090909090792021e-08,0,0,0
Time,14,locus,19.0,0.052632,0.052632,0.05263157894736842,0.05263157894736842,0.05263157894736842,4.2105263158009887e-07,4.2105263158009887e-07,4.2105263158009887e-07,0,0,0
Time,15,FlexFL,1.0,1.0,1.0,1.0,1.0,1.0,0.0,0.0,0.0,1,1,1
Time,15,boostnsift,1.0,1.0,1.0,1.0,1.0,1.0,0.0,0.0,0.0,1,1,1
Time,15,buglocator,1.0,1.0,1.0,1.0,1.0,1.0,0.0,0.0,0.0,1,1,1
Time,15,locus,1.0,1.0,1.0,1.0,1.0,1.0,0.0,0.0,0.0,1,1,1
Time,16,FlexFL,1.0,1.0,1.0,1.0,1.0,1.0,0.0,0.0,0.0,1,1,1
Time,16,boostnsift,2.0,0.5,0.5,0.5,0.5,0.5,0.0,0.0,0.0,0,1,1
Time,16,buglocator,1.0,1.0,1.0,1.0,1.0,1.0,0.0,0.0,0.0,1,1,1
Time,16,locus,8.0,0.125,0.125,0.125,0.125,0.125,0.0,0.0,0.0,0,0,1
Time,17,FlexFL,2.0,0.5,0.5,0.5,0.5,0.5,0.0,0.0,0.0,0,1,1
Time,17,boostnsift,2.0,0.5,0.5,0.5,0.5,0.5,0.0,0.0,0.0,0,1,1
Time,17,buglocator,1.0,1.0,1.0,1.0,1.0,1.0,0.0,0.0,0.0,1,1,1
Time,17,locus,5.0,0.2,0.2,0.2,0.2,0.2,0.0,0.0,0.0,0,1,1
Time,18,FlexFL,4.0,0.25,0.25,0.25,0.25,0.25,0.0,0.0,0.0,1,1,1
Time,18,boostnsift,1.0,1.0,1.0,1.0,1.0,1.0,0.0,0.0,0.0,1,1,1
Time,18,buglocator,1.0,1.0,1.0,1.0,1.0,1.0,0.0,0.0,0.0,1,1,1
Time,18,locus,4.0,0.25,0.25,0.25,0.25,0.25,0.0,0.0,0.0,0,1,1
Time,19,FlexFL,2.0,0.5,0.5,0.5,0.5,0.5,0.0,0.0,0.0,0,1,1
Time,19,boostnsift,4.0,0.25,0.25,0.25,0.25,0.25,0.0,0.0,0.0,0,1,1
Time,19,buglocator,1.0,1.0,1.0,1.0,1.0,1.0,0.0,0.0,0.0,1,1,1
Time,19,locus,4.0,0.25,0.25,0.25,0.25,0.25,0.0,0.0,0.0,0,1,1
Time,20,FlexFL,3.0,0.3333333333333333,0.3333333333333333,0.3333333333333333,0.3333333333333333,0.3333333333333333,0.0,0.0,0.0,0,1,1
Time,20,boostnsift,14.0,0.071429,0.071429,0.07142857142857142,0.07142857142857142,0.07142857142857142,4.285714285817699e-07,4.285714285817699e-07,4.285714285817699e-07,0,0,0
Time,20,buglocator,49.0,0.020408,0.020408,0.02040816326530612,0.02040816326530612,0.02040816326530612,1.632653061217626e-07,1.632653061217626e-07,1.632653061217626e-07,0,0,0
Time,20,locus,26.0,0.038462,0.038462,0.038461538461538464,0.038461538461538464,0.038461538461538464,4.615384615394569e-07,4.615384615394569e-07,4.615384615394569e-07,0,0,0
Time,22,FlexFL,,0.0,0.0,0.0,0.0,0.0,0.0,0.0,0.0,0,0,0
Time,22,boostnsift,14.0,0.071429,0.071429,0.07142857142857142,0.07142857142857142,0.07142857142857142,4.285714285817699e-07,4.285714285817699e-07,4.285714285817699e-07,0,0,0
Time,22,buglocator,24.0,0.041667,0.041667,0.041666666666666664,0.041666666666666664,0.041666666666666664,3.333333333382926e-07,3.333333333382926e-07,3.333333333382926e-07,0,0,0
Time,22,locus,47.0,0.021277,0.021277,0.02127659574468085,0.02127659574468085,0.02127659574468085,4.042553191502263e-07,4.042553191502263e-07,4.042553191502263e-07,0,0,0
Time,23,FlexFL,1.0,1.0,1.0,1.0,1.0,1.0,0.0,0.0,0.0,1,1,1
Time,23,boostnsift,1.0,1.0,1.0,1.0,1.0,1.0,0.0,0.0,0.0,1,1,1
Time,23,buglocator,1.0,1.0,0.501873,1.0,1.0,1.0,0.498127,0.498127,0.498127,1,1,1
Time,23,locus,1.0,1.0,1.0,1.0,1.0,1.0,0.0,0.0,0.0,1,1,1
Time,24,FlexFL,,0.0,0.0,0.0,0.0,0.0,0.0,0.0,0.0,0,0,0
Time,24,boostnsift,45.0,0.022222,0.022222,0.022222222222222223,0.022222222222222223,0.022222222222222223,2.2222222222437193e-07,2.2222222222437193e-07,2.2222222222437193e-07,0,0,0
Time,24,buglocator,115.0,0.008696,0.005913,0.008695652173913044,0.008695652173913044,0.008695652173913044,0.0027826521739130437,0.0027826521739130437,0.0027826521739130437,0,0,0
Time,24,locus,117.0,0.008547,0.008547,0.008547008547008548,0.008547008547008548,0.008547008547008548,8.547008547091228e-09,8.547008547091228e-09,8.547008547091228e-09,0,0,0
Time,25,FlexFL,,0.0,0.0,0.0,0.0,0.0,0.0,0.0,0.0,0,0,0
Time,25,boostnsift,3.0,0.333333,0.333333,0.3333333333333333,0.3333333333333333,0.3333333333333333,3.3333333332441484e-07,3.3333333332441484e-07,3.3333333332441484e-07,0,1,1
Time,25,buglocator,1.0,1.0,0.501418,1.0,1.0,1.0,0.49858199999999997,0.49858199999999997,0.49858199999999997,1,1,1
Time,25,locus,,0.0,0.0,0.0,0.0,0.0,0.0,0.0,0.0,0,0,0
Time,26,FlexFL,,0.0,0.0,0.0,0.0,0.0,0.0,0.0,0.0,0,0,0
Time,26,boostnsift,19.0,0.052632,0.052632,0.05263157894736842,0.02631578947368421,0.05263157894736842,4.2105263158009887e-07,0.02631621052631579,4.2105263158009887e-07,0,0,0
Time,26,buglocator,22.0,0.045455,0.045455,0.045454545454545456,0.022727272727272728,0.045454545454545456,4.5454545454653994e-07,0.022727727272727274,4.5454545454653994e-07,0,0,0
Time,26,locus,,0.0,0.0,0.0,0.0,0.0,0.0,0.0,0.0,0,0,0
Time,27,FlexFL,1.0,1.0,1.0,1.0,1.0,1.0,0.0,0.0,0.0,1,1,1
Time,27,boostnsift,3.0,0.333333,0.333333,0.3333333333333333,0.3333333333333333,0.3333333333333333,3.3333333332441484e-07,3.3333333332441484e-07,3.3333333332441484e-07,0,1,1
Time,27,buglocator,1.0,1.0,0.50271,1.0,1.0,1.0,0.49729,0.49729,0.49729,1,1,1
Time,27,locus,,0.0,0.0,0.0,0.0,0.0,0.0,0.0,0.0,0,0,0
