id,title,description_length,category,confidence,reasoning
Csv-13,[CSV-168] CsvFormat.nullString should not be escaped - ASF JIRA,1828,Processing,5,"The bug report describes an incorrect escaping of the nullString value, leading to an undesired output. This is a flaw in the implementation logic of the CsvPrinter."
Math-19,[MATH-865] Wide bounds to CMAESOptimizer result in NaN parameters passed to fitness function - ASF JIRA,1437,Processing,5,"The bug report clearly states that the issue arises from incorrect calculations during the normalization/denormalization of parameters within the FitnessFunction.encode/decode methods, leading to NaN values."
Closure-65,Issue Report,20,Other (Logic),1,"The bug report has no description, making it impossible to categorize accurately. Given the lack of information, a generic logic error is the best assumption, but the confidence is low."
Compress-16,[COMPRESS-191] Too relaxed tar detection in ArchiveStreamFactory - ASF JIRA,1645,Processing,5,"The bug report describes an issue where the tar detection logic is flawed, causing it to incorrectly identify non-tar files as tar archives. This falls under incorrect implementation logic, specifically a flawed algorithm for file type detection."
Cli-18,[CLI-164] PosixParser ignores unrecognized tokens starting with '-' - ASF JIRA,1098,Processing,5,"The bug report describes a situation where the PosixParser is not correctly interpreting command-line arguments, leading to incorrect parsing and processing of the input. The parser logic is flawed, causing it to ignore unrecognized tokens instead of handling them appropriately."
Jsoup-5,Issue Report,1710,Exception handling,5,The bug report explicitly states that a StringIndexOutOfBoundsException is thrown. This indicates an issue with how the code handles string indexing and potentially missing exception handling for out-of-bounds scenarios.
Compress-41,"[COMPRESS-367] ZipArchiveInputStream.getNextZipEntry() should differentiate between ""invalid entry encountered"" and ""no more entries"" - ASF JIRA",1346,Exception handling,5,The bug report explicitly states that the method `getNextZipEntry()` should throw an exception when encountering an invalid entry instead of returning null. This directly relates to missing or improper exception handling.
Closure-32,Issue Report,20,Other (Logic),1,"With no description, the underlying issue is completely unknown. Thus, 'Other (Logic)' is the broadest, least specific category and best fits the available information, reflecting very low confidence."
Time-19,#124 Inconsistent interpretation of ambiguous time during DST,1110,Processing,5,"The bug report clearly states an incorrect interpretation of time during DST in JodaTime 2.0 compared to 1.6.2, indicating flawed processing logic related to time zone calculations and DST handling."
JacksonDatabind-93,Issue Report,3942,Null pointer dereference,5,The stacktrace clearly indicates a NullPointerException in SubTypeValidator.validateSubType. The description states that the issue occurs when validating Spring interfaces.
Math-2,[MATH-1021] HypergeometricDistribution.sample suffers from integer overflow - ASF JIRA,2061,Processing,5,"The bug report describes a miscalculation in the `HypergeometricDistribution.getNumericalMean()` method, specifically an integer overflow leading to an incorrect result. The proposed fix involves changing the order of operations to avoid the overflow."
Lang-4,"[LANG-882] LookupTranslator accepts CharSequence as input, but fails to work with implementations other than String - ASF JIRA",3094,Processing,5,"The bug report describes a situation where the `LookupTranslator` doesn't handle `CharSequence` implementations other than `String` correctly, leading to unexpected results due to incorrect comparison logic within the HashMap. This represents a flaw in the core processing logic of the translation functionality."
Math-58,[MATH-519] GaussianFitter Unexpectedly Throws NotStrictlyPositiveException - ASF JIRA,2880,Exception handling,5,"The code throws a `NotStrictlyPositiveException`, indicating a problem with how the Gaussian fitting function handles non-positive values. The root cause appears to be related to the initial guess for sigma in the Gaussian function being off, leading to invalid parameter values."
Closure-24,Issue Report,20,Other (Logic),1,"The bug report lacks any description, making it impossible to determine the specific nature of the fault. 'Other (Logic)' is a general category for semantic or logic-related faults not covered by the other categories, and a very low confidence score is appropriate due to the complete lack of information."
Closure-9,Issue Report,20,Other (Logic),1,"Due to the complete lack of description, it's impossible to pinpoint the exact nature of the bug. 'Other (Logic)' is a broad category that can encompass various semantic or logical issues when there's no specific information available."
Mockito-10,Issue Report,1444,Dependency,5,"The issue arises due to a change in behavior between Mockito versions 1.9.5 and 1.10.5. The RETURNS_DEEP_STUBS strategy now automatically attempts to create serializable mocks, causing problems when mocking non-serializable classes without no-arg constructors."
JacksonDatabind-85,Issue Report,1553,Processing,5,"The bug report describes incorrect logic in `DateTimeSerializerBase#createContextual` where it uses a default date format instead of reusing the configured format, leading to unexpected serialization behavior. This is a flaw in the processing of date formats during serialization."
JacksonDatabind-1,Issue Report,2275,Processing,5,"The bug report clearly describes an issue where null values are being incorrectly serialized, resulting in duplicated null entries in the output. This is caused by a missing 'return' statement in the serialization logic, leading to the value being serialized twice."
Closure-73,Issue Report,20,Other (Logic),1,"The bug report has no description, making it impossible to categorize specifically. It is most likely a logic error, but the lack of detail makes it highly uncertain."
Math-74,[MATH-338] Wrong parameter for first step size guess for Embedded Runge Kutta methods - ASF JIRA,3014,Processing,5,"The bug report describes an incorrect calculation of the step size due to a flawed formula in the `initializeStep` method of the `EmbeddedRungeKuttaIntegrator` class. This leads to an incorrect Euler step, indicating an issue with the processing logic."
Lang-36,[LANG-521] NumberUtils.isNumber() Should Return True for Valid Number with a Trailing Decimal Place - ASF JIRA,1400,Processing,5,"The bug report describes an incorrect result from the NumberUtils.isNumber() method, where it incorrectly returns false for valid numbers with trailing decimal points. This indicates a flaw in the processing logic of the method."
JacksonCore-6,Issue Report,672,Processing,5,"The bug report describes incorrect processing of JSON Pointer indices. The JsonPointer class should not consider ""00"" as a valid numeric index."
Time-23,#112 Incorrect mapping of the MET time zone,514,Processing,5,"The bug report describes an incorrect mapping of a time zone, which is a flaw in the implementation logic. It involves incorrect data processing, making 'Processing' the most appropriate category."
Chart-2,#959 Bugs in DatasetUtilities.iterateRangeBounds() methods,87,Processing,4,The bug report title suggests issues within the `iterateRangeBounds()` methods. This likely involves incorrect implementation logic or calculations related to iterating through range bounds.
Jsoup-70,Issue Report,951,Processing,5,"The bug report clearly indicates an issue with how whitespace is being handled during the parsing and rendering of HTML, specifically within the `<pre>` and nested tags. This falls under incorrect implementation logic related to HTML processing."
Collections-21,[COLLECTIONS-310] Modifications of a SetUniqueList.subList() invalidate the parent list - ASF JIRA,4244,Other (Logic),5,"The bug report describes incorrect behavior of the `SetUniqueList` when using `subList()`. Specifically, modifications to the sublist do not correctly propagate to the parent list while maintaining the `SetUniqueList` contract."
JacksonDatabind-46,Issue Report,792,Processing,5,"The bug report describes an incorrect generic signature being generated, specifically a missing closing '>'. This indicates a flaw in the logic used to produce the signature string, which is a processing error."
Closure-176,Issue Report,20,Other (Logic),1,"The bug report lacks a description, so the nature of the issue is unknown. A general logic error is the most applicable considering the lack of information."
Math-23,"[MATH-855] ""BrentOptimizer"" not always reporting the best point - ASF JIRA",1232,Processing,5,The bug report states that BrentOptimizer does not check if the point it returns is actually the best one encountered. This indicates an error in the algorithm's implementation logic or a miscalculation in determining the optimal point.
Gson-13,Issue Report,2559,Processing,5,"The bug report describes an issue with how Gson parses and handles negative zero (-0). The proposed solution involves modifying the code to correctly differentiate between 0 and -0 at the lexical level, which falls under incorrect implementation logic."
JacksonDatabind-102,Issue Report,1749,Processing,5,"The bug report describes an issue where the custom format set for SqlDateSerializer is not being applied as expected, resulting in incorrect serialization. The reported solution involves a 'hacky' workaround, indicating a flaw in the processing logic of the ObjectMapper."
Lang-61,[LANG-294] StrBuilder.replaceAll and StrBuilder.deleteAll can throw ArrayIndexOutOfBoundsException. - ASF JIRA,5081,Exception handling,5,"The bug report clearly indicates that the StrBuilder.replaceAll and StrBuilder.deleteAll methods are throwing ArrayIndexOutOfBoundsException, which falls under exception handling problems. The provided stack traces confirm this."
Compress-3,[COMPRESS-64] Are the public finish() methods ArchiveOutputStream implementations necessary and safe? - ASF JIRA,1199,Other (Logic),5,"The bug report describes a situation where exposing a `finish()` method publicly can lead to users corrupting the output stream. This is a logic error in the API design, allowing incorrect usage patterns."
Jsoup-27,Issue Report,1318,Exception handling,5,"The bug report describes an `UnsupportedCharsetException` being thrown due to an invalid charset in the HTTP response. The fix involves adding a try-catch block to handle this exception, which falls directly under exception handling."
Cli-22,"[CLI-1] PosixParser interupts ""-target opt"" as ""-t arget opt"" - ASF JIRA",3686,Processing,5,"The PosixParser incorrectly interprets the `-target` option due to its handling of single-character options, leading to unintended behavior. The parser's logic misinterprets 't' as the option and 'arget' as its value when `-target` is provided."
Closure-121,Issue Report,20,Other (Logic),1,"The bug report has no description, so we can only assume it's some kind of logic error. Without any description, it's impossible to narrow it down further."
JacksonDatabind-11,Issue Report,603,Processing,4,"The bug report indicates a failure during deserialization involving generic types, specifically with 'getEntity' and 'setEntity' methods. This suggests an incorrect processing or handling of the generic type information during the deserialization process."
Cli-4,"[CLI-1] PosixParser interupts ""-target opt"" as ""-t arget opt"" - ASF JIRA",3686,Processing,5,"The PosixParser incorrectly parses the '-target' option because it interprets 't' as an option and 'arget' as its value, leading to flawed parsing logic. The parser's algorithm is flawed."
Math-35,[MATH-776] Need range checks for elitismRate in ElitisticListPopulation constructors. - ASF JIRA,1420,Missing case,5,"The bug report explicitly states that there is a missing range check in the constructor, while the setter method has it. This constitutes a missing case in input validation."
Codec-9,"[CODEC-112] Base64.encodeBase64(byte[] binaryData, boolean isChunked, boolean urlSafe, int maxResultSize) throws IAE for valid maxResultSize if isChunked is false - ASF JIRA",985,Exception handling,5,"The bug report explicitly states that an IllegalArgumentException (IAE) is thrown for a valid input when `isChunked` is false. This indicates an issue with exception handling logic, specifically, the exception is being thrown incorrectly."
JacksonCore-26,Issue Report,2215,Processing,5,The bug report describes an issue where the parser reports incorrect locations due to an offset being incorrectly factored into the location calculation. This indicates a flaw in the parser's processing logic.
Cli-34,[CLI-215] String as default Option type - ASF JIRA,1138,Processing,5,"The bug report indicates that `getParsedOptionValue` returns null unless `Option.type` is explicitly set, which is not the expected behavior. This suggests incorrect implementation logic in how the option value is processed when no type is specified."
Jsoup-31,Issue Report,898,Processing,5,"The bug report describes incorrect parsing of an XML declaration. The parser is interpreting the XML declaration as a comment, which indicates an error in the parsing logic."
Closure-49,Issue Report,20,Other (Logic),1,"The bug report lacks a description, making it impossible to categorize definitively. 'Other (Logic)' is a broad category that could encompass any logical error, which seems most appropriate given the lack of information."
Closure-137,Issue Report,20,Other (Logic),1,"Since there is no description provided, it is impossible to determine the nature of the bug. 'Other (Logic)' is the most general category to apply when there is no information available about the type of issue."
Mockito-5,Issue Report,4185,Dependency,5,"The issue arises because Mockito 1.10.x has an undeclared dependency on JUnit classes for timeout verification, leading to VerifyError or NoClassDefFoundError when JUnit is not on the classpath or an incompatible version is present."
Math-62,"[MATH-413] Miscellaneous issues concerning the ""optimization"" package - ASF JIRA",4853,Other (Logic),5,"This bug report describes various inconsistencies and design flaws within the optimization package, including issues with convergence checking, code duplication, and confusing interfaces, all of which fall under general logic and design problems rather than a specific type of error like memory management or concurrency."
Collections-2,[COLLECTIONS-214] ExtendedProperties - field include should be non-static and private - ASF JIRA,1425,Other (Logic),5,The bug report describes a situation where a field's visibility (protected vs. private) and static/non-static nature are inconsistent with its usage via accessors. This represents a logical flaw in the design of the class.
Lang-20,[LANG-703] StringUtils.join throws NPE when toString returns null for one of objects in collection - ASF JIRA,1409,Null pointer dereference,5,The bug report explicitly states that StringUtils.join throws a NullPointerException when toString() returns null for one of the objects in the collection. This directly indicates a null pointer dereference issue.
Jsoup-66,Issue Report,2068,Processing,5,"The `nextElementSibling()` method returns null for a cloned document after adding an element using `after()`, while `nextSibling()` works correctly. This indicates an incorrect implementation of `nextElementSibling()` specifically when dealing with cloned documents, pointing to an issue in processing the cloned document's structure."
Closure-160,Issue Report,20,Other (Logic),1,"Since there is no description available for the issue, it is impossible to determine the root cause. I am choosing 'Other (Logic)' as a very general category, but with low confidence due to the lack of information."
JxPath-9,[JXPATH-95] Comparing with NaN is incorrect - ASF JIRA,858,Processing,5,The bug report describes an incorrect comparison operation involving NaN (Not a Number). This falls under incorrect implementation logic as it relates to how the system handles and compares special numerical values.
JacksonDatabind-50,Issue Report,1331,Processing,5,"The bug report describes a failure in deserialization logic when using @JsonIdentityInfo and @JsonCreator, specifically related to handling forward references and cycles. The description mentions that deserialization works in some cases (collections/maps) but not in others (fields of objects), indicating a flaw in the deserialization processing logic."
Jsoup-89,Issue Report,1573,Null pointer dereference,5,The bug report explicitly states a NullPointerException (NPE) occurs due to dereferencing 'parent' before checking if it is null. The provided code snippet confirms this issue.
JxPath-13,[JXPATH-97] Incomplete handling of undefined namespaces - ASF JIRA,1756,Exception handling,5,"The bug report clearly states that an exception (org.apache.common.ri.model.dom.DOMNodePointer.createAttribute) is being thrown due to an unknown namespace prefix. This indicates a failure to properly handle the case where a namespace is not registered, leading to an unhandled exception."
JacksonDatabind-27,Issue Report,780,Processing,4,"The bug report describes a problem with deserializing data, specifically with External Type Ids. This suggests incorrect implementation logic in the deserialization process."
Closure-69,Issue Report,20,Other (Logic),1,"The bug report lacks a description, making it impossible to determine the root cause. Since there is no specific information, a generic logic error seems most appropriate with very low confidence."
Closure-117,Issue Report,20,Other (Logic),1,"The bug report has no description, making it impossible to determine the root cause. Without any information, 'Other (Logic)' is the most general category to represent a potential unspecified error in program logic."
Closure-86,Issue Report,20,Other (Logic),1,"The bug report has no description, making it impossible to determine the specific cause. Without any details, a general logic error is the only possible categorization, albeit with low confidence."
Cli-14,[CLI-144] adding a FileValidator results in ClassCastException in parser.parseAndHelp(args) - ASF JIRA,3960,Exception handling,5,"The bug report describes a ClassCastException that occurs when a FileValidator or NumberValidator is added to an Argument, indicating an issue with how exceptions are handled or how types are being validated and cast during argument parsing."
Jsoup-11,Issue Report,567,Missing case,5,"The bug report states that the ':not' pseudo-selector is not implemented in version 1.3.3, which means a case (the handling of the ':not' selector) is missing from the code."
Lang-57,[LANG-304] NullPointerException in isAvailableLocale(Locale) - ASF JIRA,1145,Null pointer dereference,5,The bug report explicitly states a NullPointerException is occurring because `cAvailableLocaleSet` is used before it's initialized. This directly corresponds to a null pointer dereference.
Gson-1,Issue Report,1438,Processing,5,"The bug report describes a failure to serialize and deserialize a class with a type parameter in the superclass, leading to incorrect data representation. This points directly to flawed implementation logic in Gson's serialization/deserialization process."
Math-15,"[MATH-904] FastMath.pow deviates from Math.pow for negative, finite base values with an exponent 2^52 < y < 2^53  - ASF JIRA",1419,Processing,5,"The bug report describes an incorrect calculation in the FastMath.pow function, specifically related to handling negative base values and large exponents. The fix involves adjusting a conditional statement to correctly identify even integer powers, indicating a flaw in the implementation logic."
Closure-140,Issue Report,20,Other (Logic),1,"With no description provided, the nature of the bug is unknown. A general logic error is the most applicable since no specific type of error can be identified."
JacksonDatabind-70,Issue Report,1290,Exception handling,5,The bug report clearly states that a `java.util.NoSuchElementException` is thrown when deserializing a type with case-insensitive properties and `@JsonUnwrapped`. This indicates an issue with exception handling during deserialization.
Collections-17,[COLLECTIONS-239] In LinkIterator hasPrevious() is not working properly for the first entry - ASF JIRA,1341,Processing,5,"The bug report describes an incorrect implementation of the `hasPrevious()` method in `LinkIterator`. It states that the wrong field (`next` instead of `last`) is used, leading to incorrect results."
Jsoup-46,Issue Report,3083,Processing,5,"The bug report describes an issue where the output of JSoup is incorrect after upgrading versions. The non-breaking space is being replaced with a question mark, indicating incorrect processing of character encoding and escaping."
Time-15,#147 possibly a bug in org.joda.time.field.FieldUtils.safeMultipl,496,Processing,5,"The bug report describes a specific case where `safeMultiply` fails to detect an overflow, leading to incorrect calculation. This is a flaw in the implementation logic of the multiplication."
Jsoup-9,Issue Report,765,Processing,5,"The bug report describes an issue with the `Entities.unescape` method, where it fails to correctly unescape HTML entities containing digits. This indicates a flaw in the implementation logic of the unescaping process."
Math-42,[MATH-713] Negative value with restrictNonNegative - ASF JIRA,1777,Processing,5,The bug report describes a scenario where the SimplexSolver produces an incorrect result (negative value for a variable when restrictToNonnegative is true). This indicates a flaw in the solver's processing logic or algorithmic steps.
Closure-5,Issue Report,20,Other (Logic),1,"The bug report has no description, making it impossible to categorize accurately. 'Other (Logic)' is chosen as a broad, catch-all category for unknown logic-related bugs."
Closure-28,Issue Report,20,Other (Logic),1,"The bug report lacks a description, making it impossible to determine the root cause. It could be any type of logic error, but without further information, 'Other (Logic)' is the most general category."
JacksonDatabind-66,Issue Report,3688,Processing,5,"The bug report describes an issue with deserialization of a Map with an Enum key due to incorrect handling of the JsonParser within the MapDeserializer, specifically when type information is missing. This results in incorrect deserialization and relates directly to flawed implementation logic."
Closure-156,Issue Report,20,Other (Logic),1,"Since there's no description, it's impossible to determine the specific bug. I'm categorizing it as a general logic error with very low confidence due to the lack of information."
Jsoup-50,Issue Report,992,Processing,5,"The bug report describes incorrect handling of UTF16 streams due to flawed logic in the character encoding parsing, leading to incorrect interpretation of the BOM. The code incorrectly assumes a UTF-8 BOM when it encounters one."
Codec-10,"[CODEC-117] Caverphone encodes names starting and ending with ""mb"" incorrectly. - ASF JIRA",1710,Processing,5,"The bug report describes an incorrect implementation of the Caverphone encoding algorithm, specifically a mistake in the conditional logic for handling names ending in 'mb'. This falls directly under incorrect processing logic."
Lang-16,[LANG-746] NumberUtils does not handle upper-case hex: 0X and -0X - ASF JIRA,1102,Missing case,5,"The bug report states that `NumberUtils.createNumber()` does not handle upper-case hex prefixes (0X), while `Integer.decode()` does. This indicates a missing case in the implementation logic of `NumberUtils.createNumber()`."
Math-54,"[MATH-567] class Dfp toDouble method return -inf whan Dfp value is 0 ""zero"" - ASF JIRA",1785,Processing,5,"The bug report describes an incorrect result from the `toDouble()` method of the `Dfp` class when the `Dfp` value is zero, which is a miscalculation or wrong method output. The method incorrectly returns negative infinity instead of zero."
Lang-8,"[LANG-818] FastDateFormat's ""z"" pattern does not respect timezone of Calendar instances passed to format() - ASF JIRA",2532,Processing,5,"The bug report describes an incorrect time zone formatting issue in FastDateFormat where the 'z' pattern doesn't respect the time zone of the Calendar instance, leading to incorrect output. This falls under incorrect implementation logic."
Closure-101,Issue Report,20,Other (Logic),1,"The bug report lacks a description, making it impossible to pinpoint a specific cause. 'Other (Logic)' serves as the most general category for unspecified logical errors, albeit with low confidence due to the absence of detail."
JacksonDatabind-31,Issue Report,1043,Processing,5,"The bug report describes an issue where `JsonStreamContexts` are not built the same way for write and convert methods, leading to incorrect filtering. This points to a flaw in the implementation logic of how these contexts are created and used, thus falling under the 'Processing' category."
Math-102,"[MATH-175] chiSquare(double[] expected, long[] observed) is returning incorrect test statistic - ASF JIRA",2635,Processing,5,"The bug report describes a miscalculation in the chiSquare method. The reported incorrect test statistic stems from not rescaling the expected values when the sum of expected and observed values are not equal, which is a processing error."
Closure-90,Issue Report,20,Other (Logic),1,"Since there is no description, it's impossible to determine the exact cause of the issue. Assuming it's a generic issue, 'Other (Logic)' seems the most appropriate, albeit with very low confidence."
JacksonCore-10,Issue Report,3166,Exception handling,5,The bug report clearly states that the code throws an ArrayIndexOutOfBoundsException. This falls squarely under the category of exception handling as the program is failing to properly handle a potential error.
Lang-41,[LANG-535] ClassUtils.getShortClassName() will not work with an array;  it seems to add a semicolon to the end. - ASF JIRA,1291,Processing,5,"The bug report describes incorrect output from the ClassUtils.getShortClassName() method when used with arrays. It adds a semicolon to the end of the class name, which is not the expected behavior, indicating flawed logic in the method's implementation."
Time-6,Issue Report,1030,Processing,5,"The core issue is the incorrect date calculation in GJChronology, specifically when handling years BC. The framework should be skipping the non-existent year 0, but it's throwing an IllegalFieldValueException instead, indicating a processing error."
Jsoup-93,Issue Report,974,Processing,5,"The bug report describes incorrect behavior when processing form data, specifically how the `formData` method handles `<input type=image>`. The expected output is different from the actual output, indicating an error in the processing logic."
Mockito-30,Code,20,Other (Logic),1,"Since there is no description, it's impossible to determine the exact nature of the bug. 'Other (Logic)' is a generic category that can apply when the root cause is unknown, reflecting the very low confidence due to the lack of information."
Math-78,"[MATH-322] during ODE integration, the last event in a pair of very close event may not be detected - ASF JIRA",2026,Processing,5,"The bug report describes a situation where the ODE integration solver fails to detect an event due to a slight miscalculation or convergence to a value that prevents event detection, resulting in incorrect behavior of the solver. This directly relates to flawed algorithmic steps in the ODE integration process."
Math-97,[MATH-204] BrentSolver throws IllegalArgumentException  - ASF JIRA,2395,Processing,5,"The bug report describes an issue with the BrentSolver algorithm's implementation, specifically the bracketing check. The suggested fix directly modifies the algorithm's logic to handle a specific edge case (function value at endpoint equals zero), indicating a processing error."
Cli-8,[CLI-151] HelpFormatter wraps incorrectly on every line beyond the first - ASF JIRA,2980,Processing,5,"The bug report describes an incorrect implementation of the `findWrapPos` method in the `HelpFormatter` class, leading to miscalculation of the wrap position and incorrect formatting of long descriptions. The provided corrected version of the method highlights the errors in the original logic."
Compress-20,[COMPRESS-236] IllegalArgumentException reading CPIO generated by Redline RPM - ASF JIRA,1233,Exception handling,5,The bug report explicitly states that an IllegalArgumentException is thrown when reading the CPIO archive. This indicates a problem with exception handling or input validation within the CPIO reading logic.
Closure-53,Issue Report,20,Other (Logic),1,"Since there is no description provided for the bug report, it is impossible to determine the exact nature of the issue. I am assuming a general logic error due to the lack of information."
Cli-38,[CLI-265] Optional argument picking up next regular option as its argument - ASF JIRA,989,Processing,5,"The bug report describes a situation where an optional argument in the CLI picks up the next regular option as its argument, which indicates incorrect parsing or processing of command-line arguments. This involves flawed algorithmic steps in the CLI's argument parsing logic."
Closure-45,Issue Report,20,Other (Logic),1,"Given that there is no description available, it's impossible to pinpoint the nature of the bug. 'Other (Logic)' seems to be the most generic and potentially encompassing category in this scenario, but confidence is low due to the lack of information."
Compress-36,[COMPRESS-348] Calling SevenZFile.read() on empty SevenZArchiveEntry throws IllegalStateException - ASF JIRA,1345,Exception handling,4,The bug report states that an IllegalStateException is thrown when reading an empty archive entry. This indicates a missing or improper exception handling within the code when dealing with zero-sized entries.
Math-39,"[MATH-727] too large first step with embedded Runge-Kutta integrators (Dormand-Prince 8(5,3) ...) - ASF JIRA",1372,Processing,5,"The bug report describes an issue where the adaptive step size integrator calculates an initial step size that exceeds the integration range. This indicates an incorrect implementation or miscalculation in the step size determination logic, falling under the 'Processing' category."
Codec-5,[CODEC-98] Base64InputStream causes NullPointerException on some input - ASF JIRA,3458,Null pointer dereference,5,"The bug report explicitly states that a NullPointerException occurs in Base64.decode when the buffer is null, modulus is 3, and inAvail is -1. This clearly indicates a null pointer dereference."
JacksonXml-6,Issue Report,1146,Missing case,5,The bug report describes a missing `writeBinary` method overload in `ToXmlGenerator` that exists in `UTF8JSONGenerator`. This constitutes a missing case in the implementation of `ToXmlGenerator`.
Mockito-26,Code,20,Other (Logic),1,"Due to the lack of a description, the root cause is impossible to determine. 'Other (Logic)' is a broad category that can encompass many potential issues when there's no information about the specific problem."
Jsoup-85,Issue Report,936,Other (Logic),5,The bug report describes an issue where the code uses 'key' instead of 'this.key' which leads to incorrect validation. This is a logic error as it involves incorrect variable scoping.
Closure-12,Issue Report,20,Other (Logic),1,"Due to the complete lack of information in the bug report, it is impossible to determine the specific cause. I am choosing ""Other (Logic)"" as a very general category with a low confidence score."
JxPath-5,[JXPATH-89] Cannot compare pointers that do not belong to the same tree - ASF JIRA,2216,Exception handling,5,The bug report indicates that an org.apache.commons.jxpath.JXPathException is thrown. This directly points to an issue with exception handling within the JXPath library.
Chart-17,#803 cloning of TimeSeries,236,Exception handling,5,The bug report describes an IllegalArgumentException being thrown when cloning an empty TimeSeries. This indicates an issue with how exceptions are being handled or not handled for this specific edge case.
Mockito-9,Issue Report,508,Processing,4,The issue describes a problem with spying on abstract classes where the real implementation calls out to the abstract method. This indicates an incorrect implementation logic or a flaw in how the spying mechanism interacts with abstract methods.
Math-81,[MATH-308] ArrayIndexOutOfBoundException in EigenDecompositionImpl - ASF JIRA,4273,Exception handling,5,"The bug report clearly indicates an `ArrayIndexOutOfBoundsException` is thrown during the execution of the `EigenDecompositionImpl` class, pointing to an issue with how array indices are handled and leading to an unhandled exception."
Chart-16,#834 Bug propgated from v1.0.5 on to present,429,Null pointer dereference,5,The bug report explicitly states that a NullPointerException is thrown because the seriesKeys field is not checked for null before being accessed in the getRowCount() method. This directly corresponds to a null pointer dereference.
Mockito-8,Issue Report,1842,Exception handling,5,"The bug report clearly indicates a StackOverflowError, which is an unhandled exception. The stack trace points to recursive calls related to generic type resolution."
Csv-1,[CSV-75] ExtendedBufferReader does not handle EOL consistently - ASF JIRA,1534,Processing,5,"The bug report describes inconsistent handling of line endings (CR, LF, CRLF) between different methods within the ExtendedBufferReader class. This is a processing error because the logic for determining line counts is flawed."
Math-80,[MATH-318] wrong result in eigen decomposition - ASF JIRA,3858,Processing,5,The bug report describes a case where the EigenDecompositionImpl class produces incorrect results compared to a known correct Fortran Lapack implementation. This indicates an issue with the processing logic or calculations within the EigenDecompositionImpl class.
Mockito-27,Code,20,Other (Logic),1,"The bug report lacks any description. Given the complete absence of information, a general logic error seems like the most plausible default, albeit with very low confidence."
Jsoup-84,Issue Report,1868,Exception handling,5,"The bug report explicitly mentions an exception (NAMESPACE_ERR) that occurs when converting a Jsoup parsed document to a w3c.dom.Document due to missing namespace declarations. The core issue is the improper handling, or lack thereof, of this exception during the conversion process."
Closure-13,Issue Report,20,Other (Logic),1,"Since there is no description, it is impossible to determine the nature of the bug. I am selecting ""Other (Logic)"" with a low confidence, as it is the most general category for unspecified logical errors."
JxPath-4,[JXPATH-83] JXpath automatically trims string values - ASF JIRA,1000,Processing,5,The bug report indicates that JXPath is incorrectly processing string values from XML by trimming leading and trailing spaces. This is an incorrect implementation logic issue.
Math-38,[MATH-728] Errors in BOBYQAOptimizer when numberOfInterpolationPoints is greater than 2*dim+1 - ASF JIRA,2491,Processing,5,"The bug report indicates an incorrect calculation or algorithmic step within the BOBYQAOptimizer, specifically related to the number of interpolation points. The provided code snippet and description clearly point to a logic error in how the interpolation points are handled when their number exceeds a certain threshold (2*dim+1)."
Codec-4,"[CODEC-89] new Base64().encode() appends a CRLF, and chunks results into 76 character lines - ASF JIRA",3263,Processing,5,"The bug report describes an incorrect implementation of the Base64 encoding where the instance `encode()` method unexpectedly adds CRLF and chunks the output, differing from the static `encodeBase64()` method and the behavior in a previous version. This indicates a flaw in the encoding logic."
Cli-39,[CLI-274] Option parser type EXISTING_FILE_VALUE not check file existing - ASF JIRA,1579,Processing,5,The bug report describes an incorrect return type and lack of file existence check when using `FileInputStream.class` as the option type. This indicates a flaw in the implementation logic of the parser.
Closure-44,Issue Report,20,Other (Logic),1,"The bug report has no description, so the cause of the issue is completely unknown. Assuming it's an issue at all, 'Other (Logic)' is the most general category to encompass an unknown software defect."
Compress-37,[COMPRESS-355] Parsing PAX headers fails with NegativeArraySizeException - ASF JIRA,1328,Exception handling,5,"The bug report indicates a `NegativeArraySizeException` is thrown due to an issue in parsing PAX headers, specifically when an empty line is encountered. This signifies an improper handling of an exceptional input case, resulting in an uncaught exception."
Cli-9,[CLI-149] MissingOptionException.getMessage() changed from CLI 1.0 > 1.1 - ASF JIRA,1697,Processing,5,"The bug report describes an issue where the error message format for MissingOptionException was changed, resulting in a less readable message. This is due to a change in how options are processed and displayed in the error message, indicating incorrect implementation logic."
Compress-21,[COMPRESS-252] Writing 7z empty entries produces incorrect or corrupt archive - ASF JIRA,2298,Processing,5,"The bug report describes scenarios where the 7z archive creation logic fails under specific conditions (number of files, empty vs. non-empty files), resulting in incorrect archive structure or corruption. This indicates a flaw in the processing or algorithm used to create the 7z archive."
Closure-52,Issue Report,20,Other (Logic),1,"The bug report is completely empty, meaning it is impossible to determine the cause. However, an issue report generally relates to a logical problem in the code."
Math-79,[MATH-305] NPE in  KMeansPlusPlusClusterer unittest - ASF JIRA,2590,Null pointer dereference,5,The stack trace clearly indicates a NullPointerException in the `assignPointsToClusters` method of the `KMeansPlusPlusClusterer` class. This strongly suggests that a null pointer is being dereferenced within that method.
Math-96,[MATH-221] Result of multiplying and equals for complex numbers is wrong - ASF JIRA,2610,Processing,5,"The bug report clearly indicates an incorrect calculation in the `multiply` method or a flawed comparison in the `equals` method of the `Complex` class, leading to wrong results. This falls directly under incorrect implementation logic."
Jsoup-92,Issue Report,619,Processing,5,"The bug report describes an inconsistency in how Jsoup and Chrome parse duplicated HTML attributes, where Jsoup takes the last one and Chrome takes the first one. This indicates incorrect implementation logic in Jsoup's attribute parsing."
Mockito-31,Code,20,Other (Logic),1,"Without a description, the bug is completely ambiguous. I'm selecting 'Other (Logic)' as a general catch-all since no specific error is indicated, but with extremely low confidence."
Lang-40,[LANG-432] Fix case-insensitive string handling - ASF JIRA,1083,Processing,5,"The bug report describes a problem with incorrect string case conversion due to locale sensitivity, which falls under incorrect implementation logic. The to*Case() methods are producing unintended results."
Time-7,Issue Report,1132,Processing,5,The bug report describes a miscalculation of the year when parsing a date using DateTimeFormat.parseInto. This indicates an error in the implementation logic of the date parsing process.
Closure-100,Issue Report,20,Other (Logic),1,"The bug report lacks any description, making it impossible to determine the root cause. Given the lack of information, a generic logic error is the most plausible category."
JacksonDatabind-30,Issue Report,2707,Processing,5,The bug report describes a scenario where BigDecimal values are getting rounded to doubles during serialization/deserialization using Jackson's ObjectMapper and @JsonTypeInfo/@JsonSubTypes annotations. This indicates an incorrect implementation logic in how the ObjectMapper is handling BigDecimal values in conjunction with these annotations.
Math-103,[MATH-167] ConvergenceException in normal CDF - ASF JIRA,1224,Exception handling,5,"The bug report explicitly mentions a `ConvergenceException` being thrown when the input to `cumulativeProbability` is far from the mean. This indicates an issue with how the exception is handled, specifically, the CDF should ideally return 0 or 1 instead of throwing an exception."
Closure-91,Issue Report,20,Other (Logic),1,"The bug report has no description, indicating a completely unknown issue. A generic logic error is the most plausible category in the absence of any details."
JacksonCore-11,Issue Report,7912,Exception handling,5,"The bug report clearly indicates an ArrayIndexOutOfBoundsException. This is a direct result of the code failing to handle array access properly, which falls under exception handling."
Codec-11,[CODEC-121] QuotedPrintableCodec does not support soft line break per the 'quoted-printable' example on Wikipedia - ASF JIRA,1717,Processing,5,"The QuotedPrintableCodec fails to correctly decode a specific example from Wikipedia, indicating an error in the implementation logic of the decoding process. The codec does not correctly handle soft line breaks, leading to incorrect output."
Lang-17,[LANG-720] StringEscapeUtils.escapeXml(input) outputs wrong results when an input contains characters in Supplementary Planes. - ASF JIRA,1883,Processing,5,"The bug report describes incorrect output from `StringEscapeUtils.escapeXml()` due to a flaw in the character-by-character translation loop within `CharSequenceTranslator.translate()`. The loop iterates based on `Character.codePointCount` instead of `input.length()`, causing incorrect processing of characters in Supplementary Planes."
Math-55,[MATH-554] Vector3D.crossProduct is sensitive to numerical cancellation - ASF JIRA,1380,Processing,5,"The cross product implementation uses naive formulas which fail for almost collinear vectors, leading to incorrect calculation results. This falls under incorrect implementation logic."
Lang-9,[LANG-832] FastDateParser does not handle unterminated quotes correctly - ASF JIRA,1163,Processing,5,The bug report describes incorrect parsing of date formats due to unterminated quotes. This indicates a flaw in the implementation logic of the date parsing algorithm.
Closure-4,Issue Report,20,Other (Logic),1,"The bug report has no description, making it impossible to categorize definitively. 'Other (Logic)' is a broad category that could potentially encompass any logical error, even without further details."
JacksonDatabind-67,Issue Report,3431,Processing,5,"The bug report describes a scenario where deserializer modifiers are not applied to enum key deserialization in Guava ImmutableMap deserialization. The code logic prevents the custom modifier from being invoked, resulting in incorrect deserialization behavior."
Closure-29,Issue Report,20,Other (Logic),1,"With no description, the cause of the issue is unknown. A general logic error is the best fit with minimal information."
Closure-157,Issue Report,20,Other (Logic),1,"The bug report provides no description, which suggests a possible logical fault where information is missing or improperly handled. It's difficult to categorize more specifically without details."
Jsoup-51,Issue Report,1297,Processing,5,"The bug report describes an issue where the Jsoup library is failing to correctly parse an XML file containing Japanese tag names and values. The reported source code snippet intends to extract tag names and text values, indicating an incorrect processing of the XML content by the library."
Jsoup-8,Issue Report,594,Null pointer dereference,5,"The description explicitly states that a 'toString' method call is resulting in a NullPointerException (NPE) when the element is detached, indicating a null pointer dereference."
Math-43,[MATH-691] Statistics.setVarianceImpl makes getStandardDeviation produce NaN - ASF JIRA,1767,Processing,5,The bug report indicates that the getStandardDeviation method produces NaN due to incorrect calculation after setVarianceImpl is called. This suggests a flaw in the implementation logic of the standard deviation calculation.
Closure-141,Issue Report,20,Other (Logic),1,"Due to the lack of description, it's impossible to determine the exact cause of the issue. I'm categorizing it as 'Other (Logic)' with low confidence as it's a catch-all for general logic errors."
JacksonDatabind-71,Issue Report,594,Missing case,4,"The bug report states that a KeyDeserializer is missing for CharSequence when used as a Map key. This indicates a missing case in the deserialization logic, specifically the handling of CharSequence as a key type."
Collections-16,"[COLLECTIONS-307] SetUniqueList.subList().contains() method checks against full parent list, not sublist range - ASF JIRA",1535,Processing,5,"The bug report describes a flaw in the implementation logic of the `subList()` method of `SetUniqueList`. Specifically, the `contains()` method within the sublist incorrectly checks against the original list instead of the sublist range, leading to unexpected behavior."
Jsoup-47,Issue Report,618,Processing,5,"The bug report describes Jsoup incorrectly converting '&lt;' to '<' when parsing HTML, which is a problem with the core parsing logic. This incorrect conversion constitutes a processing error."
Time-14,#151 Unable to add days to a MonthDay set to the ISO leap date,1540,Processing,5,"The bug report clearly indicates an incorrect implementation within the Joda-Time library related to handling the ISO leap date (February 29th) when adding or subtracting days/months, which falls under processing. The exception and behavior described point to a flaw in the logic for date manipulation."
Lang-56,[LANG-303] FastDateFormat.mRules is not transient or serializable - ASF JIRA,1034,Other (Logic),5,"The bug report indicates that the `FastDateFormat.mRules` field is not transient or serializable. This is a logic issue related to the design and implementation of the class, as it affects how the object is serialized and deserialized."
Closure-68,Issue Report,20,Other (Logic),1,"The bug report lacks a description, making it impossible to pinpoint the exact cause. Without further information, it is safest to assume a general logic error."
JacksonDatabind-26,Issue Report,675,Dependency,4,"The bug report indicates that a change in the Jackson library (version 2.6) introduces a serialization issue with a new helper class. This impacts systems like Apache Spark that rely on serializing handlers, suggesting a dependency-related problem."
Closure-116,Issue Report,20,Other (Logic),1,"The bug report has no description, making it impossible to determine the root cause. Since no specific category can be determined, 'Other (Logic)' is the most general and applicable choice with a low confidence."
Closure-87,Issue Report,20,Other (Logic),1,"Since the description is empty, it's impossible to determine the specific nature of the issue. I'm choosing 'Other (Logic)' as a very general catch-all with low confidence due to the lack of information."
Cli-15,[CLI-158] deafult arguments only works if no arguments are submitted - ASF JIRA,3239,Other (Logic),5,"The bug report describes an issue with how default arguments are handled in a command-line interface parser. The parser's logic for applying defaults when only some arguments are provided is flawed, leading to unexpected behavior."
Jsoup-10,Issue Report,966,Processing,5,"The bug report describes an incorrect output from the `absUrl` method in Jsoup. The method is not correctly resolving the absolute URL, indicating flawed implementation logic."
JxPath-8,[JXPATH-95] Comparing with NaN is incorrect - ASF JIRA,858,Processing,5,"The bug report states that 'NaN' > 'NaN' is true, which is mathematically incorrect and suggests a flaw in the comparison logic within the JXPath library. This clearly falls under incorrect implementation logic or flawed algorithmic steps."
Closure-161,Issue Report,20,Other (Logic),1,"The bug report provides no information. With no description, it is most likely a general logic error or issue report that does not fit into the more specific categories."
JacksonDatabind-51,Issue Report,865,Processing,4,"The bug report indicates that a TypeIdResolver is not correctly handling generic types, leading to incorrect type resolution. This suggests a flaw in the implementation logic of how Jackson processes and interprets the type information provided by the resolver."
Jsoup-88,Issue Report,1369,Processing,5,"The bug report describes an incorrect output of `Attribute.getValue()` for empty attributes, which indicates a flaw in the implementation logic of the method. The method's output changed between versions 1.10.x and 1.11.1-1.11.3, returning 'null' instead of an empty string."
JxPath-12,[JXPATH-97] Incomplete handling of undefined namespaces - ASF JIRA,1756,Exception handling,5,"The bug report explicitly mentions an exception (`org.apache.common.ri.model.dom.DOMNodePointer.createAttribute`) being thrown due to an unknown namespace prefix. This indicates a problem with how the system handles namespaces, specifically leading to an unhandled or improperly handled exception."
Mockito-4,Issue Report,594,Exception handling,5,"The bug report clearly indicates a `java.lang.ClassCastException`, meaning there is an issue with type casting in the code, which falls directly under exception handling."
Math-63,"[MATH-370] NaN in ""equals"" methods - ASF JIRA",1156,Processing,5,"The bug report describes incorrect behavior in the ""equals"" methods of ""MathUtils"". This constitutes flawed algorithmic steps, which falls under the ""Processing"" category."
Collections-3,[COLLECTIONS-219] The CollectionUtils.removeAll method calls the ListUtils.retainAll method instead of the ListUtils.removeAll method. - ASF JIRA,1803,Processing,5,The bug report clearly states that the `CollectionUtils.removeAll` method is incorrectly calling the `ListUtils.retainAll` method instead of `ListUtils.removeAll`. This indicates an incorrect implementation logic issue.
Lang-21,[LANG-677] DateUtils.isSameLocalTime does not work correct - ASF JIRA,1465,Processing,5,"The bug report describes an incorrect implementation of the isSameLocalTime method in DateUtils. It highlights a flaw in the comparison logic, specifically the use of Calendar.HOUR instead of Calendar.HOUR_OF_DAY."
Cli-35,[CLI-252] LongOpt falsely detected as ambiguous - ASF JIRA,1389,Processing,5,The bug report clearly states that the parsing logic in DefaultParser incorrectly identifies a long option as ambiguous due to a flawed 'startsWith' check. This indicates a problem with the implementation logic of the parser.
Jsoup-30,Issue Report,3323,Exception handling,5,"The bug report explicitly states that Jsoup.clean throws a java.lang.StackOverflowError, which is an unhandled exception. The provided code snippet attempts to address the stack overflow by limiting recursion depth, further suggesting an exception handling issue."
Closure-48,Issue Report,20,Other (Logic),1,"With no description, the nature of the bug is unknown. It's most likely a logical issue since it's an ""Issue Report"" but very little confidence can be given."
Closure-136,Issue Report,20,Other (Logic),1,"With no description provided, the issue is completely ambiguous. 'Other (Logic)' is the most general catch-all category."
Math-34,[MATH-779] ListPopulation Iterator allows you to remove chromosomes from the population. - ASF JIRA,1459,Other (Logic),5,The bug report describes an issue where the ListPopulation iterator returns a modifiable list when it should return an unmodifiable one. This is a logic error related to the intended behavior and encapsulation of the ListPopulation class.
Codec-8,[CODEC-105] ArrayIndexOutOfBoundsException when doing multiple reads() on encoding Base64InputStream - ASF JIRA,2225,default: Other (Logic),5,"The bug report explicitly states an `ArrayIndexOutOfBoundsException` is thrown when encoding a stream using `Base64InputStream`. The stack trace confirms the exception originates from the `encode` method within the `Base64` class, indicating an issue with array indexing during the encoding process."
Jsoup-26,Issue Report,909,Null pointer dereference,5,"The bug report explicitly states that a NullPointerException occurs because document.body() is null when handling a frameset document, leading to a null pointer dereference when copySafeNodes is called."
Cli-23,[CLI-162] infinite loop in the wrapping code of HelpFormatter - ASF JIRA,1612,Exception handling,5,"The bug report describes an infinite loop leading to an OutOfMemoryError because of insufficient width. The suggested fix involves throwing a more helpful exception, indicating an exception handling issue."
Closure-120,Issue Report,20,Other (Logic),1,"Due to the lack of a description, it's impossible to determine the exact nature of the issue. However, since it's filed as a bug, it likely involves some type of flawed logic, however unspecified."
JacksonDatabind-10,Issue Report,1206,Other (Logic),5,"The issue describes a conflict between the `@JsonAnyGetter` and `@JsonSerialize` annotations in Jackson, where `@JsonSerialize` is ignored when `@JsonAnyGetter` is present. This represents a logical error in how Jackson processes these annotations together."
Cli-5,[CLI-133] NullPointerException in Util.stripLeadingHyphens when passed a null argument - ASF JIRA,1449,Null pointer dereference,5,The bug report explicitly states a NullPointerException occurs when a null argument is passed to the `stripLeadingHyphens` method. This directly corresponds to a null pointer dereference.
Gson-12,Issue Report,1266,Exception handling,5,The JsonTreeReader's skipValue() method throws an ArrayIndexOutOfBoundsException. This indicates that an exception is being thrown but not properly handled within the code.
JacksonDatabind-103,Issue Report,747,Exception handling,5,"The bug report explicitly states that JsonMappingException includes location information twice. This is a clear issue with exception handling logic where the location is being added multiple times, likely when wrapping or re-creating exceptions."
Lang-60,[LANG-295] StrBuilder contains usages of thisBuf.length when they should use size - ASF JIRA,1198,Processing,5,The bug report indicates incorrect references to `thisBuf.length` where `size` should be used. This points to a flaw in the implementation logic of the `StrBuilder` class.
Compress-2,[COMPRESS-11] Ar doesn't delete correct - ASF JIRA,1753,Processing,5,"The bug report describes an issue where deleting an entry from an Ar archive doesn't fully remove the entry from the file, even though `getNextEntry` returns null, indicating incorrect implementation logic in the deletion process."
Time-22,#113 Duration.toPeriod with fixed time zones.,1893,Processing,5,"The core issue is that Duration.toPeriod() produces different results based on the default time zone due to the way it handles chronology, which indicates incorrect implementation logic. The user expects consistent behavior regardless of the default timezone."
Jsoup-71,Issue Report,696,Other (Logic),5,"The bug report describes a missing feature: the ability to select text nodes in a specific way. This falls under incorrect or incomplete implementation logic, making 'Other (Logic)' the most suitable category."
Collections-20,[COLLECTIONS-447] TreeListIterator can return incorrect results after remove() is called - ASF JIRA,1915,Processing,5,The bug report states that `TreeListIterator` returns incorrect results after `remove()` is called due to a stale cached node reference. This indicates an error in the implementation logic of the iterator.
JacksonDatabind-47,Issue Report,3280,Exception handling,5,"The bug report describes a `com.fasterxml.jackson.databind.JsonMappingException`, indicating an issue with Jackson's data binding process. The exception arises because the specified type widening is not valid, resulting in the serialization failing, therefore this falls into exception handling."
Math-75,"[MATH-329] In stat.Frequency, getPct(Object) uses getCumPct(Comparable) instead of getPct(Comparable)  - ASF JIRA",1545,Processing,5,"The bug report clearly states that `getPct(Object)` is incorrectly calling `getCumPct(Comparable)` instead of `getPct(Comparable)`, leading to incorrect percentage calculations. This is an issue of flawed implementation logic."
Lang-37,"[LANG-567] ArrayUtils.addAll(T[] array1, T... array2) does not handle mixed types very well - ASF JIRA",1327,Exception handling,5,"The bug report describes a situation where ArrayUtils.addAll throws an ArrayStoreException, which is not considered a clear indication of the problem. The suggestion is to throw a more descriptive exception like IllegalArgumentException, indicating an exception handling issue."
JacksonCore-7,Issue Report,781,Exception handling,5,The bug report states that `writeString()` is producing invalid output instead of throwing an exception when `writeFieldName()` is expected. This indicates missing or improper exception handling.
Closure-72,Issue Report,20,Other (Logic),1,"Since the bug report has no description, it is impossible to determine the cause. The most general and applicable category in the absence of any information is 'Other (Logic)'."
Closure-25,Issue Report,20,Other (Logic),1,"The bug report lacks a description, making it impossible to determine the specific cause. Without more information, a general logic error is the most plausible, but confidence is low."
Closure-8,Issue Report,20,Other (Logic),1,"With no description, it is impossible to determine the root cause. 'Other (Logic)' is a generic category for unspecified logic faults."
Mockito-11,Fixed DelegatingMethod.equals() so that it's easier to extend Mockito by custom verification modes #87,9128,Processing,5,"The bug report describes an incorrect implementation of the `equals()` method in the `DelegatingMethod` class. The original implementation did not correctly compare `DelegatingMethod` instances with `java.lang.reflect.Method` instances, leading to unexpected behavior when used in `InvocationImpl.equals()`."
JacksonDatabind-84,Issue Report,1013,Processing,5,"The bug report describes a serialization issue where properties from the base class are missing when serializing a subclass, indicating incorrect processing of the object hierarchy. The provided code example and minimal scenario further support this classification."
Math-3,[MATH-1005] ArrayIndexOutOfBoundsException in MathArrays.linearCombination - ASF JIRA,1176,Exception handling,5,"The bug report indicates an ArrayIndexOutOfBoundsException is thrown, meaning the program attempts to access an invalid index of an array. This is a clear case of improper exception handling as a check for argument length should have prevented this."
Lang-5,[LANG-865] LocaleUtils.toLocale does not parse strings starting with an underscore - ASF JIRA,1615,Missing case,5,"The bug report explicitly states that `LocaleUtils.toLocale` does not handle strings starting with an underscore, which is a missing case in the implementation. The description mentions that the `Locale.toString()` method generates such strings, implying that the parsing logic in `toLocale` is incomplete."
Math-59,"[MATH-482] FastMath.max(50.0f, -50.0f) => -50.0f; should be +50.0f - ASF JIRA",1209,Processing,5,"The bug report clearly states that FastMath.max(50.0f, -50.0f) returns -50.0f instead of +50.0f, indicating an incorrect implementation logic in the FastMath.max function."
Compress-40,[COMPRESS-363] Overflow in BitInputStream - ASF JIRA,2654,Processing,5,"The bug report describes an overflow issue in the `readBits` function due to a left shift operation that can result in incorrect calculations. The provided test case further demonstrates this flawed algorithmic step, making 'Processing' the most suitable category."
Closure-33,Issue Report,20,Other (Logic),1,"With no description, it's impossible to say what the bug is. However, 'Other (Logic)' is the best option since it is a catch-all for logic-related errors not defined in the categories."
Time-18,#130 GJChronology rejects valid Julian dates,461,Processing,5,The GJChronology is incorrectly rejecting a valid Julian date (1500/02/29) before the Gregorian cutover. This indicates a flaw in the date validation logic of the GJChronology implementation.
Jsoup-4,Issue Report,888,Processing,5,"The bug report describes an incorrect output from the Jsoup.clean method, where uppercase umlauts are being replaced with lowercase umlaut entities instead of uppercase entities. This indicates a flaw in the processing logic of the Jsoup library."
Closure-64,Issue Report,20,Other (Logic),1,"With no description, it's impossible to pinpoint the exact nature of the bug, but the title 'Issue Report' suggests a generic problem with the logic or functionality. I am choosing this category with low confidence due to the lack of information."
Compress-17,[COMPRESS-197] Tar file for Android backup cannot be read - ASF JIRA,1486,Processing,5,"The bug report indicates that Commons Compress is failing to correctly parse a tar file generated by an Android backup tool, leading to an `IllegalArgumentException` in `TarUtils.parseOctal`. This suggests an error in the implementation logic for parsing the tar header."
Cli-19,[CLI-164] PosixParser ignores unrecognized tokens starting with '-' - ASF JIRA,1098,Processing,5,"The bug report describes an incorrect interpretation of command-line arguments by the PosixParser, which falls under incorrect implementation logic. The parser is failing to properly handle unrecognized tokens, leading to an unexpected outcome."
Csv-12,[CSV-128] CSVFormat.EXCEL should ignore empty header names - ASF JIRA,2311,Exception handling,5,The bug report clearly states that an IllegalArgumentException is thrown when parsing a CSV file with empty header names. The proposed solution also directly addresses this exception handling issue.
Math-18,[MATH-867] CMAESOptimizer with bounds fits finely near lower bound and coarsely near upper bound.  - ASF JIRA,1579,Processing,5,"The bug report describes an issue with the CMAESOptimizer's fitting behavior due to how it maps the parameter range to [0,1], leading to differing precision near the bounds. This is an error in the implementation logic of the optimizer."
JacksonDatabind-21,Issue Report,1591,Other (Logic),4,"The bug report describes a desire for more concise and convenient handling of enum serialization/deserialization, indicating a deficiency in the current logic or API design rather than a concrete error. It's a feature request to improve existing functionality."
Closure-111,Issue Report,20,Other (Logic),1,"Due to the lack of any description, it is impossible to pinpoint the exact nature of the bug. It's safest to categorize it as a generic logic error."
Jsoup-17,Issue Report,1014,Processing,5,"The bug report describes incorrect output from JSoup when sanitizing a fragment containing only ""0"". The issue stems from incorrect logic within the TreeBuilderState methods that leads to ""0"" being treated as a null string."
Cli-12,"[CLI-1] PosixParser interupts ""-target opt"" as ""-t arget opt"" - ASF JIRA",3686,Processing,5,The core issue is that the PosixParser incorrectly interprets the '-target' option because it treats 't' as an option and 'arget' as its value. This is a flaw in the processing logic of the parser.
Closure-80,Issue Report,20,Other (Logic),1,"The bug report lacks a description, making it impossible to determine the root cause. Without more information, it is safest to categorize this as a general logic error as any more specific category would be pure speculation."
Gson-7,Issue Report,1024,Processing,5,"The bug report describes an issue with JsonReader.nextInt() not working as expected, indicating a flaw in the implementation logic of how the JSON is parsed and processed into an integer. The provided test case shows an incorrect conversion of a JSON string to a Map, pinpointing an issue with the processing of the data."
Lang-51,[LANG-365] BooleanUtils.toBoolean() - invalid drop-thru in case statement causes StringIndexOutOfBoundsException - ASF JIRA,1383,Processing,5,"The bug report describes an incorrect implementation in the `BooleanUtils.toBoolean()` method, specifically a fall-through in a case statement that leads to unexpected behavior and a `StringIndexOutOfBoundsException`. This falls under the category of incorrect implementation logic."
Closure-146,Issue Report,20,Other (Logic),1,"The bug report provides no details. Without a description, the most general category related to flawed logic is the most appropriate, even though it's a very uncertain classification."
JacksonDatabind-76,Issue Report,3841,Processing,5,"The issue stems from incorrect deserialization logic within BuilderBasedDeserializer, leading to properties being missed based on their order in the JSON string. This indicates a flaw in the implementation of the deserialization process."
Closure-38,Issue Report,20,Other (Logic),1,"Since there is no description provided, it is impossible to determine the nature of the bug. A generic logic error is the most plausible category given the lack of information."
JacksonDatabind-99,Issue Report,713,Processing,5,The bug report describes an incorrect canonical string being generated for a reference type. This indicates a flaw in the implementation logic of the `toCanonical()` method.
Time-13,#160 Negative millis display incorrectly in Period.toString,1256,Processing,5,"The bug report clearly indicates an incorrect output for the `toString` method of the `Period` class when handling negative milliseconds. The expected output is 'PT-0.100S', but the actual output is 'PT0.100S', indicating a flaw in the implementation logic of the `toString` method."
Collections-11,[COLLECTIONS-266] Issue with MultiKey when serialized/deserialized via RMI - ASF JIRA,2018,Processing,5,"The bug report describes an issue where the hash code of a MultiKey object is calculated only once, leading to incorrect retrieval after deserialization in a different JVM. This is a processing error related to the incorrect calculation and caching of the hash code."
Jsoup-40,Issue Report,870,Exception handling,5,"The bug report indicates that Jsoup.parse throws an IllegalArgumentException when parsing a specific input (""<!DOCTYPE>""). This clearly falls under the category of exception handling as it relates to how the software handles unexpected or invalid input."
Math-44,[MATH-695] Incomplete reinitialization with some events handling - ASF JIRA,1418,Processing,4,"The bug report indicates that after an event is accepted, the state reinitialization is incomplete, causing issues with subsequent event handling. This suggests a flaw in the implementation logic of the reinitialization process."
JacksonDatabind-60,Issue Report,1909,Processing,5,"The issue describes incorrect serialization and deserialization behavior when using `@JsonValue` and `@JsonCreator` annotations, indicating a problem with the object processing logic. The polymorphic type is lost during the process, resulting in unexpected data conversion."
Closure-150,Issue Report,20,Other (Logic),1,"The bug report lacks any specific information. Since no concrete error or symptom is given, assuming a general logical error is the most suitable course of action, with low confidence."
Closure-3,Issue Report,20,Other (Logic),1,"The bug report provides no description, implying a potentially broad range of logical errors. Without more information, assuming a specific fault is difficult."
Jsoup-56,Issue Report,961,Processing,5,"The bug report describes how jsoup incorrectly parses a specific DOCTYPE declaration, resulting in the SYSTEM identifier being removed. This points to a flaw in the processing logic of the parser."
Lang-10,[LANG-831] FastDateParser does not handle white-space properly - ASF JIRA,1166,Processing,5,"The bug report describes an incorrect parsing behavior in FastDateParser compared to SimpleDateFormat. This falls under incorrect implementation logic, specifically how white-space is handled."
Codec-16,[CODEC-200] Base32.HEX_DECODE_TABLE contains the wrong value 32 - ASF JIRA,1101,Processing,5,"The bug report describes an incorrect value in the Base32 decoding table, which directly affects the decoding process. This is a flaw in the implementation logic."
Math-8,[MATH-942] DiscreteDistribution.sample(int) may throw an exception if first element of singletons of sub-class type - ASF JIRA,1667,Exception handling,5,The bug report explicitly states that an exception is thrown under specific conditions when creating an array within the DiscreteDistribution.sample(int) method. This indicates an issue with exception handling related to type mismatch.
Math-52,[MATH-639] numerical problems in rotation creation - ASF JIRA,2484,Processing,5,"The bug report describes numerical inaccuracies in calculations related to creating rotations, leading to incorrect results and loss of significant digits. This falls squarely under incorrect implementation logic within the 'Processing' category."
Math-104,[MATH-166] Special functions not very accurate - ASF JIRA,1343,Processing,5,The bug report describes inaccurate calculations in Gamma and Beta functions due to a too-large epsilon value. This directly relates to incorrect implementation logic and flawed algorithmic steps in processing the mathematical functions.
Closure-107,Issue Report,20,Other (Logic),1,"The bug report lacks a description, making it impossible to pinpoint the exact nature of the problem. Assuming the report is valid, a generic logic error is the most likely possibility in the absence of any details."
Closure-79,Issue Report,20,Other (Logic),1,"The bug report provides no description, making it impossible to determine the root cause. Since there is no specific information, I will categorize it as 'Other (Logic)' with low confidence."
JacksonDatabind-37,Issue Report,6014,Dependency,5,"The bug report states that the application worked in version 2.6.3 but fails in 2.7.0, indicating a regression likely caused by a change in the Jackson library itself, its configuration, or its interaction with the application's code."
Closure-96,Issue Report,20,Other (Logic),1,"The bug report lacks any description, which makes it impossible to determine the specific cause. Without any information, the most general category that applies is 'Other (Logic)' with low confidence."
JacksonCore-16,Issue Report,823,Processing,5,The bug report describes a scenario where JsonParserSequence skips a token due to incorrect implementation logic in how it switches between parsers. This directly relates to flawed algorithmic steps in processing the JSON stream.
Lang-47,[LANG-412] StrBuilder appendFixedWidth does not handle nulls - ASF JIRA,1228,Null pointer dereference,5,The bug report explicitly states that appending a null value without setting getNullText() causes a null pointer exception. This directly points to a null pointer dereference issue.
Mockito-36,Code,20,Other (Logic),1,"The bug report has no description, making it impossible to determine the nature of the error. Lacking specifics, 'Other (Logic)' is the most appropriate vague category."
Math-91,[MATH-252] Fraction.comparTo returns 0 for some differente fractions - ASF JIRA,1411,Processing,5,"The bug report describes a situation where the compareTo method of the Fraction class returns an incorrect result (0) because of limited precision in double value representation. This indicates an error in the implementation logic of the compareTo method, falling under the Processing category."
Cli-28,[CLI-201] Default options may be partially processed - ASF JIRA,2350,Processing,5,"The bug report describes an issue where default options are only partially processed due to a faulty `break` statement instead of `continue`. This is a clear case of incorrect implementation logic, falling under the 'Processing' category."
Closure-55,Issue Report,20,Other (Logic),1,"Since there is no description, it is impossible to determine the type of bug. The most general category that covers unspecified logical errors is 'Other (Logic)'. "
Compress-26,[COMPRESS-277] IOUtils.skip does not work as advertised - ASF JIRA,1825,Processing,5,"The bug report describes an incorrect implementation of IOUtils.skip(), which does not correctly skip the requested number of bytes due to the behavior of CipherInputStream. This indicates a flaw in the algorithmic steps of the skip method."
Math-29,[MATH-803] Bugs in RealVector.ebeMultiply(RealVector) and ebeDivide(RealVector) - ASF JIRA,1852,Processing,5,"The bug report describes an incorrect calculation in the `ebeMultiply` and `ebeDivide` methods due to the assumption that `x * 0d == 0d` always holds, leading to wrong results when encountering NaN or Infinity values. This falls squarely into the category of incorrect implementation logic."
JacksonDatabind-108,Issue Report,1941,Missing case,4,The bug report describes a change in behavior for a specific input case (empty input) that was not explicitly handled or tested. This indicates a missing case in the input handling logic of the ObjectMapper.
Compress-9,[COMPRESS-160] TarArchiveOutputStream.getBytesWritten() returns invalid value - ASF JIRA,3973,Processing,5,"The bug report describes an incorrect value being returned by `TarArchiveOutputStream.getBytesWritten()`. The proposed patch involves moving a statement, indicating a problem with the processing logic of how the number of written bytes is calculated."
Compress-30,[COMPRESS-309] BZip2CompressorInputStream return value wrong when told to read to a full buffer. - ASF JIRA,2460,Processing,5,"The bug report describes an incorrect return value from the `BZip2CompressorInputStream.read()` method when given specific parameters, indicating flawed logic in how the stream handles buffer reads and end-of-stream detection. The provided JUnit test further confirms the incorrect processing of the input stream."
Closure-43,Issue Report,20,Other (Logic),1,"The bug report has no description, making it impossible to determine the root cause. A general 'logic' issue seems most appropriate in this case of complete lack of information."
Codec-3,[CODEC-84] Double Metaphone bugs in alternative encoding - ASF JIRA,2874,Processing,5,"The bug report describes incorrect implementation logic in the Double Metaphone algorithm, specifically within the handleG, handleL, and conditionL0 methods, leading to incorrect encodings. These are clear examples of flawed algorithmic steps and incorrect method outputs."
Closure-14,Issue Report,20,Other (Logic),1,"With no description, it's impossible to determine the specific fault. 'Other (Logic)' is the most general category that could encompass any logical error."
JxPath-3,[JXPATH-68] StackOverflow error on a call to 'JXPathContext.createPath()' - ASF JIRA,4206,Exception handling,5,"The bug report clearly indicates a StackOverflowError, which is an exception handling issue. The error occurs due to infinite recursion within the JXPathContext.createPath() method, triggered by null elements in a List."
Mockito-20,Issue Report,3671,Other (Logic),5,This bug report describes a feature request to enhance Mockito's functionality by allowing convenient spying/mocking on abstract classes to improve test code readability and reduce boilerplate. It is a logic-related enhancement rather than a bug in existing functionality.
Jsoup-83,Issue Report,1374,Processing,5,"The bug report describes a parsing failure in Jsoup due to malformed HTML (missing closing '>'). This indicates an incorrect implementation of the HTML parsing logic, thus falling under the 'Processing' category."
JxPath-19,[JXPATH-125] JXPathContext.iteratePointers() does not work with multiple prefixes for a single namespace URI - ASF JIRA,1791,Processing,5,"The bug report describes an incorrect comparison of node names in `getRelativePositionByName()`. This leads to incorrect iteration over elements with the same namespace but different prefixes, which indicates flawed algorithmic steps."
Collections-8,[COLLECTIONS-220] Serialization/Deserialization doesn't work well with empty buffers. - ASF JIRA,2355,Processing,5,"The bug report describes an incorrect calculation during buffer resizing in the deserialization process. The buffer size remains the same, leading to incorrect indexing and making it impossible to add new elements."
Chart-11,"#868 JCommon 1.0.12 ShapeUtilities.equal(path1,path2)",228,Processing,5,"The bug report indicates that the `ShapeUtilities.equal(path1,path2)` method has an incorrect implementation logic. It uses the same PathIterator for both GeneralPath objects, leading to a flawed comparison and an incorrect output."
Math-68,[MATH-362] LevenbergMarquardtOptimizer ignores the VectorialConvergenceChecker parameter passed to it - ASF JIRA,1208,Processing,5,"The bug report clearly states that the LevenbergMarquardtOptimizer is ignoring the VectorialConvergenceChecker parameter, which means it's not processing the input as expected. This falls directly under incorrect implementation logic."
Math-87,[MATH-273] Basic variable is not found correctly in simplex tableau - ASF JIRA,1429,Processing,5,"The bug report clearly describes an incorrect implementation logic in the `SimplexTableau`, where it was incorrectly assuming that an entry in the tableau had to be nonzero to indicate a basic variable, instead of checking for a value equal to 1. This miscalculation falls directly under the 'Processing' category."
Csv-6,[CSV-111] CSVRecord.toMap() fails if row length shorter than header length - ASF JIRA,1280,Exception handling,5,"The bug report describes an ArrayOutOfBoundsException occurring when the row length is shorter than the header length, indicating missing or inadequate exception handling. The provided test case confirms this scenario leads to an unhandled exception."
Csv-15,[CSV-219] The behavior of quote char using is not similar as Excel does when the first string contains CJK char(s) - ASF JIRA,1383,Processing,5,"The bug report describes an incorrect output format when printing CSV files, specifically related to how quote characters are handled with CJK characters. This falls under incorrect implementation logic and flawed algorithmic steps in data processing."
Compress-10,[COMPRESS-164] Cannot Read Winzip Archives With Unicode Extra Fields - ASF JIRA,2221,Other (Logic),5,"The bug is caused by storing ZipArchiveEntry objects in a HashMap, and then modifying those objects' names, which changes their hash codes after they have already been inserted. This leads to the HashMap being unable to retrieve the objects, which indicates a logical flaw in the program's design."
Jsoup-3,Issue Report,588,Processing,5,"The bug report describes an issue where appending a table row results in the row being wrapped in a new table, which is incorrect behavior. This indicates a flaw in the logic of the append operation."
Math-48,"[MATH-631] ""RegulaFalsiSolver"" failure - ASF JIRA",1684,Processing,5,"The RegulaFalsiSolver fails to find the root within the maximum number of iterations, while the PegasusSolver succeeds. This suggests an incorrect implementation or algorithmic issue within the RegulaFalsiSolver."
Closure-34,Issue Report,20,Other (Logic),1,"The bug report provides no description, making it impossible to determine the root cause. Without more information, a generic 'logic' error is the most applicable, albeit with low confidence."
Compress-47,"[COMPRESS-436] ZipArchiveInputStream#getNextZipEntry should verify compressed size is known for bzip2, implode etc. - ASF JIRA",1927,Null pointer dereference,5,"The bug report explicitly states that if the compressed size is unknown, `current.in` is never set, which will likely lead to a NullPointerException when `read` is called later on `current.in`. This is a clear case of potential null pointer dereference."
JacksonDatabind-95,Issue Report,2316,Null pointer dereference,5,The stack trace clearly indicates a NullPointerException originating from TypeFactory._fromVariable. The report states that the issue occurs when constructFromCanonical() is called with an unparameterized generic canonical string in a later version of the library.
Math-4,[MATH-988] NPE when calling SubLine.intersection() with non-intersecting lines - ASF JIRA,1411,Null pointer dereference,5,The bug report clearly states that a NullPointerException is thrown when calling SubLine.intersection() due to a null pointer dereference in Line.toSubSpace(). This falls directly under the 'Null pointer dereference' category.
Mockito-16,Code,20,Other (Logic),1,"The bug report is titled ""Code"" and has no description. This is extremely vague, but it likely points to an issue with the logic or functionality of the code."
Closure-22,Issue Report,20,Other (Logic),1,"The bug report provides no description, making it impossible to pinpoint the exact issue. Without any specific details, the most general category, 'Other (Logic)', seems to be the most appropriate."
JacksonDatabind-83,Issue Report,3441,Exception handling,5,"The bug report describes a scenario where a DeserializationProblemHandler is registered, but the deserializer still throws an exception even when the handler is meant to handle the error. This indicates an issue with exception handling within the FromStringDeserializer."
JacksonDatabind-7,Issue Report,1213,Processing,5,"The bug report describes incorrect deserialization of JSON, where the TokenBuffer does not contain the expected tokens. This points to a flaw in the deserialization logic specifically within TokenBuffer#copyCurrentStructure and BeanDeserializer.java."
Closure-75,Issue Report,20,Other (Logic),1,"The bug report has no description. With no information available, the most general 'logic' category seems appropriate, with a low confidence score to reflect the high degree of uncertainty."
Math-72,[MATH-344] Brent solver returns the wrong value if either bracket endpoint is root - ASF JIRA,1150,Processing,5,The bug report describes an issue where the Brent solver returns the incorrect value (yMin or yMax instead of min or max) when the bracket endpoints are roots. This indicates a flaw in the algorithm's implementation logic.
Lang-30,[LANG-607] StringUtils methods do not handle Unicode 2.0+ supplementary characters correctly. - ASF JIRA,3050,Processing,5,"The bug report clearly states that StringUtils methods are incorrectly matching Unicode supplementary characters, indicating a flaw in the implementation logic of the string processing. The provided examples demonstrate the incorrect output of the `containsAny` method."
Jsoup-76,Issue Report,1321,Processing,5,"The bug report describes incorrect parsing of HTML, specifically the handling of newlines after `<pre>` and `<textarea>` tags. This falls under incorrect implementation logic, which is best described as processing errors."
Time-25,#90 DateTimeZone.getOffsetFromLocal error during DST transition,1267,Processing,5,"The bug report describes an incorrect offset being returned for a specific time during a DST transition. This indicates a flaw in the DateTimeZone's logic for handling ambiguous local times, pointing to an issue with processing the time zone rules."
JacksonDatabind-40,Issue Report,733,Exception handling,5,"The bug report describes a situation where an empty string is being coerced into an integer without an exception being thrown, despite a configuration option that should cause an exception to be thrown when null values are encountered for primitives. This is a clear case of missing or improper exception handling."
Closure-170,Issue Report,20,Other (Logic),1,"The bug report lacks a description, making it impossible to pinpoint the specific issue. However, 'Other (Logic)' is a broad category suitable for unspecified logical errors."
Math-25,"[MATH-844] ""HarmonicFitter.ParameterGuesser"" sometimes fails to return sensible values - ASF JIRA",1159,Processing,5,"The bug report states that ""ParameterGuesser"" fails to compute a usable guess for the ""amplitude"" parameter, indicating incorrect implementation logic. This falls squarely under the 'Processing' category."
Gson-15,Issue Report,1258,Processing,5,"The bug report describes inconsistent behavior between `JsonWriter#value(java.lang.Number)` and `JsonWriter#value(double)` when handling NaN and Infinity in lenient mode, which indicates a flaw in the implementation logic."
Compress-5,[COMPRESS-87] ZipArchiveInputStream doesn't report the end of a truncated archive - ASF JIRA,2025,Exception handling,5,"The bug report explicitly states that the ZipArchiveInputStream.read() method fails to throw an exception when encountering a truncated archive, which should be considered an error condition. The proposed fix involves throwing an IOException in this scenario, indicating a missing exception handling case."
JacksonDatabind-104,Issue Report,3630,Processing,5,"The bug report describes incorrect formatting and parsing of dates, especially for years outside the standard range. This indicates a flaw in the date processing logic within the `StdDateFormat` class."
Cli-24,[CLI-162] infinite loop in the wrapping code of HelpFormatter - ASF JIRA,1612,Exception handling,5,"The bug report states that the HelpFormatter goes into an infinite loop leading to an OutOfMemoryError when it encounters a word that is too long to fit within the set width. The report suggests an exception indicating insufficient width would be more appropriate, showing missing exception handling."
Jsoup-21,Issue Report,1163,Processing,5,"The core issue is that the `QueryParser` is incorrectly interpreting commas within regular expressions as combinators, leading to incorrect selector parsing. This falls under incorrect implementation logic."
Cli-2,"[CLI-51] [cli] Parameter value ""-something"" misinterpreted as a parameter - ASF JIRA",1992,Processing,5,The bug report describes a scenario where the CLI parser incorrectly interprets a parameter value starting with a hyphen as a parameter itself. This indicates a flaw in the parser's logic.
Closure-127,Issue Report,20,Other (Logic),1,"The bug report lacks a description, making it impossible to determine the root cause. Given the absence of information, 'Other (Logic)' is the most general category applicable."
Closure-59,Issue Report,20,Other (Logic),1,"The bug report lacks a description, making it impossible to determine the specific cause. Therefore, it defaults to a general logic error, with low confidence due to the complete absence of details."
JacksonDatabind-17,Issue Report,3904,Processing,5,"The issue arises because `readTree` and `valueToTree` methods don't handle JSON objects serialized without type information when `defaultTyping` is enabled. The expected behavior is that the methods should be able to handle the object, but instead, it throws an exception, indicating incorrect processing logic."
Math-33,[MATH-781] SimplexSolver gives bad results - ASF JIRA,1352,Processing,5,"The bug report states that the SimplexSolver.optimeze(...) method gives bad results, indicating an error in the core processing logic of the algorithm. This suggests a miscalculation or flawed algorithmic step."
JacksonDatabind-112,Issue Report,1380,Processing,4,"The bug report describes an issue where the StringCollectionDeserializer in Jackson fails to deserialize a custom collection of strings, suggesting incorrect logic in the deserialization process. The failure occurs when the custom collection is a property of another object but works fine when deserialized directly or with non-string types, indicating a specific processing error related to string collection deserialization in that context."
Jsoup-37,Issue Report,673,Processing,5,"The bug report describes an issue where the `Element.html()` method incorrectly removes whitespaces due to a `trim()` operation. This is a flaw in the method's implementation logic, thus it falls under 'Processing'."
Cli-32,[CLI-193] StringIndexOutOfBoundsException in HelpFormatter.findWrapPos - ASF JIRA,1782,Exception handling,5,"The bug report explicitly states that a StringIndexOutOfBoundsException is being thrown. This falls squarely under the umbrella of exception handling, specifically an uncaught or improperly handled exception."
JacksonCore-20,Issue Report,1182,Missing case,5,"The bug report describes a missing implementation for `writeEmbeddedObject()` when handling byte arrays, which is a specific unhandled input case. The default implementation throws an exception because it doesn't handle this specific type."
Closure-131,Issue Report,20,Other (Logic),1,"The bug report provides no description, making it impossible to determine the root cause. A generic logic error seems most fitting in the absence of any other information."
Math-64,[MATH-405] Inconsistent result from Levenberg-Marquardt - ASF JIRA,1401,Processing,5,"The bug report states that the Levenberg-Marquardt algorithm's `doOptimize` method returns a `VectorialPointValuePair` whose values are inconsistent, indicating an incorrect implementation of the algorithm's logic or a miscalculation within the optimization process."
Collections-4,[COLLECTIONS-228] MultiValueMap put and putAll do not return the correct values - ASF JIRA,1349,Processing,5,"The bug report clearly states that the `put` and `putAll` methods in the `MultiValueMap` are not returning the correct values as expected, indicating an error in the implementation logic of these methods. The described behavior relates to incorrect processing of data within the map."
Lang-26,[LANG-645] FastDateFormat.format() outputs incorrect week of year because locale isn't respected - ASF JIRA,2655,Processing,5,"The bug report describes an incorrect output of the week of the year by FastDateFormat. This is due to the FastDateFormat implementation not respecting the locale it was created with, leading to incorrect calculations and output."
Jsoup-60,Issue Report,1057,Processing,5,The bug report describes a situation where the 'contains' query in jsoup returns unexpected results after upgrading from version 1.8.3 to 1.10.1. This indicates an incorrect implementation or logic error in how the 'contains' query is processed.
JxPath-15,[JXPATH-100] Core union operation does not sort result nodes according to document order - ASF JIRA,1455,Processing,5,"The bug report indicates an incorrect result from an XPath calculation due to missing sorting in the union operation. This falls directly under incorrect implementation logic, specifically a flawed algorithmic step in the processing of the XPath expression."
Closure-166,Issue Report,20,Other (Logic),1,"The bug report lacks any description, making it impossible to pinpoint a specific cause. 'Other (Logic)' serves as a broad category for unspecified logic-related issues."
JacksonDatabind-56,Issue Report,999,Processing,5,"The bug report describes an incorrect implementation of locale deserialization, specifically the use of the wrong separator character. This falls under incorrect logic within the processing of the locale string."
Closure-18,Issue Report,20,Other (Logic),1,"The bug report lacks any description. Without further information, the most general category that could apply is 'Other (Logic)', assuming some sort of unspecified logical error exists."
Jsoup-61,Issue Report,2995,Processing,5,The bug report describes incorrect behavior of the CSS selector `.Lst` when matching against the HTML attribute `Class='Lst'`. This indicates an issue with the processing of CSS selectors within the JSoup library.
JxPath-14,[JXPATH-102] Core rounding functions don't handle NaN or infinite values correctly - ASF JIRA,1744,Processing,5,"The bug report describes incorrect results from the floor, ceiling, and round functions when given NaN and infinite values. This indicates a flaw in the implementation logic of these functions."
Closure-167,Issue Report,20,Other (Logic),1,"The bug report has no description, so the issue is unknown. I am choosing ""Other (Logic)"" as a general catch-all, but with very low confidence."
Closure-19,Issue Report,20,Other (Logic),1,"With no description, it is impossible to determine the cause of the 'Issue'. It could be any kind of logical error."
JacksonDatabind-57,Issue Report,718,Processing,5,"The bug report clearly states that `ObjectReader.readValues()` ignores the offset and length when reading an array, indicating an incorrect implementation of the reading logic. This falls under incorrect processing of data."
Math-65,[MATH-377] weight versus sigma in AbstractLeastSquares - ASF JIRA,1807,Processing,5,"The bug report describes an incorrect calculation of the chi-square value in the `AbstractLeastSquares` class, specifically related to how weights are applied. This falls directly under incorrect implementation logic, hence the 'Processing' category."
Collections-5,"[COLLECTIONS-249] SetUniqueList.addAll(int index, Collection coll) adds to end of list instead of at specified index - ASF JIRA",1245,Processing,5,"The bug report clearly states that the `addAll` method is adding elements to the end of the list instead of the specified index, indicating incorrect implementation logic. This falls under the 'Processing' category."
Mockito-2,Issue Report,794,Processing,5,"The bug report clearly indicates that the `Mockito.after()` method is incorrectly handling negative time periods, leading to unexpected behavior in subsequent verifications. This suggests an error in the implementation logic of the `Mockito.after()` method."
Lang-27,"[LANG-638] NumberUtils createNumber throws a StringIndexOutOfBoundsException when argument containing ""e"" and ""E"" is passed in - ASF JIRA",1221,Exception handling,5,The bug report explicitly states that a StringIndexOutOfBoundsException is thrown instead of the expected NumberFormatException. This indicates improper exception handling.
Jsoup-36,Issue Report,914,Exception handling,5,The core issue is that jsoup throws an `IllegalCharsetNameException` when parsing HTML with an invalid content-type. The report suggests jsoup should be more robust and handle this exception gracefully by attempting to parse using HTML5 rules.
Cli-33,[CLI-207] HelpFormatter strips leading whitespaces in the footer - ASF JIRA,1297,Processing,5,"The bug report describes an issue where the HelpFormatter is incorrectly processing the footer string, specifically stripping leading whitespaces. This indicates a flaw in the processing logic of the HelpFormatter component."
JacksonCore-21,Issue Report,947,Processing,5,"The FilteringParserDelegate is not correctly handling the closing END_OBJECT, leading to an incomplete JSON output. This indicates an error in the processing logic of the parser delegate."
Closure-130,Issue Report,20,Other (Logic),1,"Given the lack of any description, the bug report is too vague to pinpoint a specific category. It is most likely some kind of logical error but without further details, it defaults to ""Other (Logic)"" with very low confidence."
Math-32,[MATH-780] BSPTree class and recovery of a Euclidean 3D BRep - ASF JIRA,1785,Processing,4,"The bug report describes a problem with reconstructing a BRep from a BSPTree, specifically related to how vertex positions affect the outcome. This suggests an error in the algorithmic processing of the data within the BSPTree class."
Cli-25,[CLI-162] infinite loop in the wrapping code of HelpFormatter - ASF JIRA,1612,Exception handling,5,"The bug report explicitly states that the HelpFormatter goes into an infinite loop and crashes with an OutOfMemoryError, but that ""An helpful exception indicating the insufficient width would be more appropriate."", which clearly indicates the lack of proper exception handling."
Jsoup-20,Issue Report,630,Processing,4,"The core issue is that Jsoup is not correctly parsing the HTML file, resulting in an empty head element. This indicates a problem with the parsing logic itself, rather than a memory or concurrency error."
Cli-3,"[CLI-1] PosixParser interupts ""-target opt"" as ""-t arget opt"" - ASF JIRA",3686,Processing,5,"The PosixParser is misinterpreting the long option ""-target"" due to its handling of single-character options. It's incorrectly treating ""-target"" as the short option ""-t"" followed by the argument ""arget"", indicating a flaw in the parsing logic."
Closure-126,Issue Report,20,Other (Logic),1,"The bug report provides no description, making it impossible to determine the root cause. Since there is no information, a general 'Other (Logic)' category with low confidence seems appropriate."
JacksonDatabind-16,Issue Report,1870,Processing,5,"The core issue is that the annotation bundle with `@JacksonAnnotationsInside` is not being correctly processed when applied to a mixin class, resulting in the property not being renamed as expected during serialization. This suggests an error in the processing logic of the Jackson library regarding mixin annotations."
Closure-58,Issue Report,20,Other (Logic),1,"Since there is no description, it's impossible to pinpoint the specific issue. It could be related to any kind of logical error but without more information, it defaults to the general 'Other (Logic)' category."
Gson-14,Issue Report,1903,Exception handling,5,"The bug report clearly states that a StackOverflowError is occurring due to infinite recursion when resolving generic types. This falls under the category of exception handling as the program fails to handle the recursive scenario, leading to an unhandled exception."
Math-24,"[MATH-855] ""BrentOptimizer"" not always reporting the best point - ASF JIRA",1232,Processing,5,The BrentOptimizer fails to consistently return the best point encountered during optimization. This is a flaw in the implementation logic of the optimization algorithm.
Compress-4,[COMPRESS-64] Are the public finish() methods ArchiveOutputStream implementations necessary and safe? - ASF JIRA,1199,Other (Logic),5,"The bug report describes a situation where public `finish()` methods in ArchiveOutputStream implementations can lead to user-induced corruption of the output stream if called directly, bypassing the intended `close()` method workflow. This is a logic flaw in the API design."
JacksonDatabind-105,Issue Report,1441,Dependency,5,"The bug report indicates a warning related to reflective access when using Jackson with java.lang.Void, suggesting a potential issue with Jackson's interaction with the Java runtime environment or its dependencies. The problem disappears when using String, pointing towards an incompatibility with how Jackson handles the Void type."
Jsoup-77,Issue Report,1166,Processing,5,The bug report shows that the xmlParser() with ParseSettings.htmlDefault is not consistently converting end tags to lowercase as expected. The provided test cases demonstrate incorrect output due to this flawed processing logic.
Collections-26,[COLLECTIONS-576] MultiKey subclassing has deserialization problem since COLLECTIONS-266: either declare protected readResolve() or MultiKey must be final - ASF JIRA,3529,Processing,5,"The bug report describes an issue where subclassing MultiKey leads to incorrect hash code calculation after deserialization because the `readResolve` method is not accessible to subclasses. This results in incorrect behavior and broken equality, indicating a flaw in the processing logic of the class."
Chart-5,#862 XYSeries.addOrUpdate() should add if duplicates are allowed,1352,Processing,5,"The bug report describes incorrect implementation logic in the `addOrUpdate` method of the `XYSeries` class. Specifically, it doesn't properly handle the case where duplicate X values are allowed, leading to data being overwritten instead of added as new data points."
Time-24,#107 Incorrect date parsed when week and month used together,280,Processing,5,"The code snippet demonstrates an incorrect date being parsed. This suggests a flaw in the parsing logic within the DateTimeFormatter, or an incorrect interpretation of the pattern string, leading to a miscalculation."
Closure-171,Issue Report,20,Other (Logic),1,"The bug report lacks any description, making it impossible to determine the root cause. Since it's unknown, 'Other (Logic)' is the most general category that could potentially encompass any logical error."
Math-73,[MATH-343] Brent solver doesn't throw IllegalArgumentException when initial guess has the wrong sign - ASF JIRA,1162,Exception handling,5,The bug report states that the code is not throwing an IllegalArgumentException as documented when the input values have the same sign. This directly relates to missing exception handling.
Lang-31,[LANG-607] StringUtils methods do not handle Unicode 2.0+ supplementary characters correctly. - ASF JIRA,3050,Processing,5,"The bug report clearly indicates that the StringUtils.containsAny methods are not correctly handling Unicode supplementary characters, leading to incorrect matching results. This points to a flaw in the implementation logic of the method."
JacksonCore-1,Issue Report,1462,Null pointer dereference,5,"The bug report explicitly states a NullPointerException is thrown when getDecimalNumber is invoked after NaN is encountered and ALLOW_NON_NUMERIC_NUMBERS is turned on. The stack trace also clearly shows the NPE originates from TextBuffer.java, indicating a null pointer dereference."
Closure-74,Issue Report,20,Other (Logic),1,"The bug report has no description, suggesting a general issue. Without more information, 'Other (Logic)' is the most suitable, albeit highly uncertain, category."
JacksonDatabind-6,Issue Report,814,Missing case,5,The bug report describes the inability of a library (jackson-databind) to parse certain valid ISO-8601 date formats. This is due to missing cases in the parsing logic.
Mockito-17,Code,20,Other (Logic),1,"Since there is no description, it's impossible to determine the exact nature of the bug. However, given the generic title ""Code"", it is likely a general logic error that is not described."
Closure-23,Issue Report,20,Other (Logic),1,"The bug report has no description, so it's impossible to know the nature of the bug. I'm choosing 'Other (Logic)' with very low confidence as a general catch-all for logical errors."
JacksonDatabind-82,Issue Report,1764,Processing,5,"The bug report indicates that the `@JsonIgnoreProperties` annotation with `allowSetters = true` is not working as expected, preventing the deserialization of the `password` field. This points to incorrect processing of the annotation during deserialization."
Math-5,[MATH-934] Complex.ZERO.reciprocal() returns NaN but should return INF. - ASF JIRA,1399,Processing,5,"The bug report states that `Complex.ZERO.reciprocal()` returns NaN instead of INF. This indicates an incorrect implementation of the reciprocal function for the specific case of a complex number equal to zero, which falls under incorrect processing logic."
Lang-3,[LANG-693] Method createNumber from NumberUtils doesn't work for floating point numbers other than Float - ASF JIRA,1328,Processing,5,"The bug report describes an issue where the `createNumber` method in `NumberUtils` incorrectly parses floating-point numbers, leading to truncation and incorrect return types (Float instead of Double or BigDecimal). This falls under incorrect implementation logic, specifically in the processing of number parsing."
Closure-35,Issue Report,20,Other (Logic),1,"The bug report has no description, making it impossible to categorize definitively. ""Other (Logic)"" seems like a safe default given the lack of information, but with very low confidence."
Jsoup-2,Issue Report,887,Processing,5,"The bug report describes an incorrect parsing of HTML, where text following a data-only tag is incorrectly placed inside the script tag. This indicates a flaw in the processing logic of the HTML parser."
Math-49,[MATH-645] MathRuntimeException with simple ebeMultiply on OpenMapRealVector - ASF JIRA,2177,Exception handling,5,The bug report clearly indicates an `org.apache.commons.math.MathRuntimeException$6` exception is being thrown. The stacktrace points to the `ebeMultiply` method indicating an issue with how exceptions are handled during vector multiplication.
Compress-11,[COMPRESS-171] createArchiveInputStream detects text files less than 100 bytes as tar archives - ASF JIRA,1888,Processing,5,The bug report describes a situation where `ArchiveStreamFactory` incorrectly identifies short text files as tar archives due to a flawed heuristic in the `createArchiveInputStream` method. This incorrect identification indicates a processing error in the archive detection logic.
Closure-62,Issue Report,20,Other (Logic),1,"The bug report lacks a description. With no information provided, assuming a general logical error is the safest option, though confidence is very low."
Csv-14,[CSV-171] Negative numeric values in the first column are always quoted in minimal mode - ASF JIRA,1627,Processing,5,The bug report describes incorrect logic related to quoting negative numbers in the first column of a CSV file. The provided code snippet and proposed fix directly address this flawed algorithmic step.
Collections-9,[COLLECTIONS-271] org.apache.commons.collections.ExtendedProperties#combine don't import string properly - ASF JIRA,1623,Processing,5,"The bug report indicates that the `combine` method in `ExtendedProperties` is not properly handling escaped characters when merging property sets, resulting in incorrect string values. This is a clear case of incorrect implementation logic related to string manipulation."
Math-69,[MATH-371] PearsonsCorrelation.getCorrelationPValues() precision limited by machine epsilon - ASF JIRA,1988,Processing,5,"The bug report describes an issue with the precision of the calculated p-values in PearsonsCorrelation.getCorrelationPValues(). The suggested fix involves modifying the formula used to calculate the p-value, indicating a flaw in the implementation logic."
Math-86,[MATH-274] testing for symmetric positive definite matrix in CholeskyDecomposition - ASF JIRA,2106,Processing,5,"The bug report describes an issue where the CholeskyDecomposition method fails to correctly identify a non-symmetric positive definite matrix, leading to incorrect results. This indicates a flaw in the implementation logic or algorithm used for matrix validation."
Csv-7,[CSV-112] HeaderMap is inconsistent when it is parsed from an input with duplicate columns names - ASF JIRA,1639,Processing,5,"The HeaderMap is implemented using a data structure like a map (dictionary) where keys must be unique. Duplicate column names in the header cause the parser to miss an entry, indicating flawed processing logic."
JacksonXml-1,Issue Report,1026,Processing,4,"The description points to an issue with deserialization logic, specifically when handling nested, unwrapped lists where an inner list is empty. This suggests a flaw in the processing of the deserialization algorithm."
Closure-15,Issue Report,20,Other (Logic),1,"Given the extremely limited information (""No description found""), it is impossible to pinpoint the specific nature of the bug. A very general 'Other (Logic)' is the only option, with low confidence."
JxPath-2,[JXPATH-50] does not properly handle NodeSet returned by extension function - ASF JIRA,2792,Processing,5,"The bug report indicates that the JXPathContext.selectNodes method is not correctly handling NodeSet objects returned by extension functions. The Expression.iterate() and Expression.iteratePointers() methods are not correctly recognizing a NodeSet as something iterable, and the PointerIterator doesn't recognize when it already has a pointer, indicating incorrect implementation logic."
Mockito-21,Issue Report,3671,Other (Logic),5,The bug report describes limitations and difficulties in using Mockito with abstract classes and proposes a feature to improve testing convenience. This is a logic/design related issue rather than a specific coding error like memory leaks or concurrency problems.
Jsoup-82,Issue Report,1483,Exception handling,5,The bug report clearly states that an UnsupportedOperationException is thrown when trying to parse HTML with a specific charset (ISO-2022-CN) that the system doesn't support for encoding. This indicates a missing or improper handling of this specific exception.
JxPath-18,[JXPATH-115] Issue with attribute:: - ASF JIRA,1537,Missing case,4,"The provided code fix addresses an incomplete conditional check when handling different types of NodeTest objects. The original code only considered NodeNameTest, whereas the fix expands it to include NodeTypeTest, indicating a previously missing case."
Codec-2,[CODEC-77] Base64 bug with empty input (new byte[0]) - ASF JIRA,1002,Processing,5,"The bug report indicates that the Base64 encoding function is returning an incorrect result (CRLF) when given an empty byte array, which constitutes a processing error in the encoding logic."
Compress-31,[COMPRESS-301] Illegal argument exception when extracting .tgz file  - ASF JIRA,9825,Exception handling,5,"The bug report clearly indicates an `IllegalArgumentException` and `IOException` being thrown during the extraction of a .tgz file, stemming from the TarArchiveInputStream. This indicates an issue with how exceptions are being handled during the archive parsing process."
Closure-42,Issue Report,20,Other (Logic),1,"Given that the bug report has no description, it's impossible to determine the root cause. The most general category that could potentially cover any unknown issue is 'Other (Logic)' but with very low confidence."
Math-28,[MATH-828] Not expected UnboundedSolutionException - ASF JIRA,2466,Exception handling,5,"The bug report explicitly mentions an `UnboundedSolutionException` being thrown, indicating an issue with how the software handles or anticipates unbounded solutions. This falls directly under exception handling problems."
Gson-18,Issue Report,1011,Processing,5,"The issue arises from Gson's incorrect handling of wildcard types during deserialization, leading to a ClassCastException, indicating a flaw in the deserialization processing logic itself. The library fails to correctly interpret the wildcard and maps the JSON to an unexpected type (LinkedTreeMap instead of the expected type)."
JacksonDatabind-109,Issue Report,1143,Processing,5,The bug report indicates that the WRITE_BIGDECIMAL_AS_PLAIN feature is not working as expected when used in conjunction with @JsonFormat. This suggests an error in the processing or application of these configurations during serialization.
Compress-8,[COMPRESS-113] TarArchiveEntry.parseTarHeader() includes the trailing space/NUL when parsing the octal size - ASF JIRA,1133,Processing,5,"The bug report describes an issue where the `TarArchiveEntry.parseTarHeader()` method is incorrectly parsing the octal size field, including trailing whitespace or NULL characters. This indicates a flaw in the parsing logic."
Cli-29,[CLI-185] Commons CLI incorrectly stripping leading and trailing quotes - ASF JIRA,2657,Processing,5,"The bug report describes an issue where the CLI parser incorrectly strips leading and trailing quotes from argument values, leading to unexpected and incorrect behavior. This is a clear example of incorrect implementation logic in the argument processing stage."
Closure-54,Issue Report,20,Other (Logic),1,"The bug report provides no information, making categorization extremely difficult. 'Other (Logic)' serves as a general catch-all when no other category is applicable, acknowledging the lack of specific details."
Compress-27,[COMPRESS-278] Incorrect handling of NUL username and group Tar.gz entries - ASF JIRA,4601,Exception handling,5,"The bug report clearly states that an IOException and IllegalArgumentException are thrown during the decompression process. The stack trace indicates the exceptions occur while parsing the header of a tar entry, indicating a failure in exception handling during archive processing."
Math-90,[MATH-259] Bugs in Frequency API - ASF JIRA,2869,Processing,5,"The core issue is that the `Frequency` API's methods don't handle non-`Comparable` objects correctly, leading to unexpected behavior (returning 0 instead of an exception or correct value). This indicates flawed algorithmic steps in the implementation logic."
Chart-9,#818 Error on TimeSeries createCopy() method,820,Processing,5,"The bug report describes an incorrect calculation of start and end indexes within the `createCopy()` method of the `TimeSeries` class, leading to an `IllegalArgumentException`. This is a clear case of flawed algorithmic steps in the implementation."
Mockito-37,Code,20,Other (Logic),1,"Since the bug report lacks a description, it is impossible to determine the specific cause. However, given the title is simply 'Code', it suggests a general logic error might be present."
Lang-46,[LANG-421] StringEscapeUtils.escapeJava(String) escapes '/' characters - ASF JIRA,2574,Processing,5,"The bug report describes an incorrect implementation of StringEscapeUtils.escapeJava(String) where it escapes '/' characters which are not supposed to be escaped, leading to incorrect output."
Time-1,Issue Report,617,Null pointer dereference,5,"The bug report explicitly states a NullPointerException occurs in Partial.with. The stack trace points to Partial.java:447, indicating a dereference of a null pointer."
Math-105,[MATH-85] [math]  SimpleRegression getSumSquaredErrors - ASF JIRA,1807,Processing,5,"The bug report describes a scenario where `getSumSquaredErrors` returns a negative value, which is mathematically incorrect, indicating a flaw in the calculation or implementation of the `SimpleRegression` class. The provided test case highlights the specific input that leads to the erroneous result."
Closure-106,Issue Report,20,Other (Logic),1,"Since there is no description, it is impossible to determine the specific type of error. The most general category for logical faults is 'Other (Logic)'. Because of the complete lack of information, the confidence is extremely low."
JacksonDatabind-36,Issue Report,1046,Processing,5,"The bug report describes an issue with how dates are parsed in Jackson, where the default lenient parsing leads to incorrect interpretations (e.g., 2015-01-32 becoming 2015-02-01). The request is to enhance StdDateFormat to support non-lenient date parsing to correct this processing logic."
Closure-78,Issue Report,20,Other (Logic),1,"With no description, it is impossible to determine the root cause of the issue. 'Other (Logic)' is the most general category, reflecting the uncertainty."
Closure-97,Issue Report,20,Other (Logic),1,"The bug report provides no description, making it impossible to determine the specific cause of the issue. A general logic error is a possible explanation in the absence of details."
JacksonCore-17,Issue Report,2089,Exception handling,5,The bug report explicitly mentions a `JsonGenerationException` and includes the stack trace. This indicates a failure in the exception handling within the Jackson library during JSON generation.
Lang-11,[LANG-807] RandomStringUtils throws confusing IAE when end <= start - ASF JIRA,1201,Exception handling,5,"The bug report explicitly states that an IllegalArgumentException is thrown, but the message is confusing and doesn't clearly identify the source of the problem, which is an exception handling issue."
Codec-17,"[CODEC-229] StringUtils.newStringxxx(null) should return null, not NPE - ASF JIRA",1325,Null pointer dereference,5,"The bug report explicitly states that the method calls were throwing a NullPointerException (NPE) when passed a null argument, which is a direct null pointer dereference issue. The fix involved ensuring that null input is handled correctly."
Math-9,[MATH-938] Line.revert() is imprecise - ASF JIRA,1474,Processing,5,"The bug report describes imprecision in Line.revert() due to insufficient precision when handling direction vectors, leading to inaccurate results when the line is far from the origin. This is a clear case of incorrect implementation logic related to calculations."
Math-53,"[MATH-618] Complex Add and Subtract handle NaN arguments differently, but javadoc contracts are the same - ASF JIRA",1597,Processing,5,"The bug report describes an inconsistency in the implementation of Complex add and subtract, specifically regarding NaN handling. This directly relates to incorrect implementation logic within the processing of complex number arithmetic."
JacksonDatabind-61,Issue Report,3946,Processing,5,"The bug report describes a problem with deserializing a primitive long field, which indicates an error in the processing logic of the Jackson library's type handling. Specifically, the issue arises from Jackson's inability to correctly handle the type conversion from java.lang.Long to a primitive long during deserialization when using TypeResolverBuilder."
Closure-151,Issue Report,20,Other (Logic),1,"The bug report has no description, making it impossible to categorize specifically. 'Other (Logic)' serves as a placeholder for semantic issues when no details are available."
Closure-2,Issue Report,20,Other (Logic),1,"The bug report has no description, making it impossible to determine the specific error. However, 'Other (Logic)' is the most general category for unspecified logic faults."
JxPath-22,[JXPATH-154] Resetting the default namespace causes a serious endless loop when requesting .asPath() on a node. - ASF JIRA,2678,Processing,5,"The bug report describes an infinite loop and incorrect XPath generation due to flawed logic in the `asPath()` method, specifically in handling namespace URIs. The proposed fix involves checking for an empty namespace string, indicating an error in the processing of node namespaces."
Jsoup-57,Issue Report,1066,Race condition,5,"The bug report clearly states a ConcurrentModificationException, which occurs when multiple threads are attempting to modify the same data structure (LinkedHashMap) concurrently without proper synchronization. The suggested fix using an iterator to remove elements confirms that the issue arises from concurrent modification during iteration."
Closure-147,Issue Report,20,Other (Logic),1,"The bug report has no description, so the issue is unknown. I am selecting 'Other (Logic)' as a very general category and a confidence score of 1 to indicate uncertainty."
Closure-39,Issue Report,20,Other (Logic),1,"The bug report has no description. It is impossible to categorize without more information, but a generic logic error is the most likely issue in the absence of specifics."
JacksonDatabind-98,Issue Report,3854,Processing,5,"The bug report describes a failure to correctly deserialize an enum type using external property polymorphic deserialization. The error message indicates an argument type mismatch during enum instantiation, pointing to an issue with the processing logic during deserialization."
Time-12,Check Calendar.ERA in LocalDate.fromCalendarFields #8,3117,Processing,5,"The bug report title and the included commit message mention handling the ERA (BC/AD) incorrectly in LocalDate.fromCalendarFields, indicating an error in the processing of date components from Calendar objects. The fix involved correctly handling the era when creating a LocalDate."
Collections-10,[COLLECTIONS-240] MultiValueMap should implement Serializable - ASF JIRA,1415,Other (Logic),5,"The bug report indicates that the `MultiValueMap` class should implement `Serializable` to be usable in contexts like `HttpSession` within servlet containers. This is a logical issue related to the functionality and usability of the class, rather than a specific memory or concurrency problem."
Jsoup-41,Issue Report,1384,Processing,5,"The bug report describes an issue where the `hashCode()` method of the `Element` class in Jsoup does not correctly incorporate the text content of the element when generating the hash code. This leads to identical hash codes for elements with different text content, indicating incorrect implementation logic."
Gson-6,Fixed a regression in Gson 2.6 where Gson caused NPE if the TypeAdapt… #800,11140,Null pointer dereference,5,The bug report explicitly mentions a NullPointerException (NPE) caused by Gson when a TypeAdapterFactory.create() method returns null. This directly indicates a null pointer dereference issue.
Lang-50,[LANG-368] FastDateFormat getDateInstance() and getDateTimeInstance() assume Locale.getDefault() won't change - ASF JIRA,1452,Processing,5,"The core issue is that `FastDateFormat` incorrectly handles locale changes after the initial instance creation, leading to the application of the wrong locale. This indicates flawed algorithmic steps in how locales are managed and applied within the date formatting process."
Math-12,[MATH-927] GammaDistribution cloning broken - ASF JIRA,1696,Other (Logic),5,The core issue is that the `GammaDistribution` class couldn't be properly cloned through serialization/deserialization due to a non-serializable field in its inheritance hierarchy (`BitsStreamGenerator`). This is a logic error related to incorrect state management during object cloning.
JacksonDatabind-20,Issue Report,1269,Processing,5,The bug report indicates that deserialization to ObjectNode fails when a PropertyNamingStrategy is present. This points to an incorrect processing logic related to how the ObjectMapper handles deserialization with the given strategy.
Closure-110,Issue Report,20,Other (Logic),1,"Due to the lack of description, it is impossible to pinpoint the exact nature of the bug. A general logic error seems most fitting given the minimal information."
Jsoup-16,Issue Report,616,Processing,5,The bug report describes a missing double quote in the 'outerHtmlHead' property of the DocumentType object. This is a clear example of incorrect implementation logic when constructing the HTML string.
Cli-13,[CLI-61] [cli] argument defaults prevent commandline usage. - ASF JIRA,1852,Processing,5,"The bug involves incorrect parsing of command-line arguments when an option with a default value is overridden, indicating a flaw in the processing logic of the command-line interface."
Closure-81,Issue Report,20,Other (Logic),1,"Since the bug report has no description, it's impossible to determine the root cause. I am choosing 'Other (Logic)' as a generic category for logical errors, but with very low confidence due to the lack of information."
Csv-4,[CSV-100] CSVParser: getHeaderMap throws NPE  - ASF JIRA,1658,Null pointer dereference,5,"The stacktrace clearly indicates a NullPointerException occurring when trying to access headerMap. The described fix is to check for null before creating the LinkedHashMap, confirming the issue."
Lang-28,[LANG-617] StringEscapeUtils.escapeXML() can't process UTF-16 supplementary characters - ASF JIRA,2334,Processing,5,"The bug report describes an issue where `StringEscapeUtils.escapeXML()` incorrectly handles UTF-16 supplementary characters, leading to incorrect XML escaping. This is a flaw in the implementation logic of the escaping function."
Math-85,[MATH-280] bug in inverseCumulativeProbability() for Normal Distribution - ASF JIRA,2598,Processing,5,"The bug report describes an incorrect result from the `inverseCumulativeProbability()` method, indicating a flaw in the implementation logic of the Normal Distribution calculation. The provided inputs should return specific values, but the method produces incorrect results and throws an exception."
Mockito-22,Code,20,Other (Logic),1,"Without a description, the error could be anything, but logic errors are a general category. The confidence is low due to the lack of information."
Jsoup-81,Issue Report,1627,Processing,5,"The issue is that Jsoup is not correctly parsing the XHTML document and handling the specified encoding (iso-8859-1), resulting in incorrect character representation. This indicates a flaw in the parsing logic itself."
JacksonDatabind-58,Issue Report,2015,Exception handling,4,"The bug report describes an issue deserializing an exception class, specifically related to accessing the `cause` property of `Throwable`. The reported error indicates a problem with exception handling during deserialization due to access restrictions."
Closure-16,Issue Report,20,Other (Logic),1,"The bug report has no description, so it is impossible to determine the specific cause. 'Other (Logic)' is a general category that could potentially encompass a wide range of logical errors, making it the most fitting option in this case, though with low confidence."
Closure-168,Issue Report,20,Other (Logic),1,"Due to the lack of description, it's impossible to pinpoint the exact cause. 'Other (Logic)' seems like the safest bet, as it suggests some kind of general functional issue."
JxPath-1,[JXPATH-12] Descendant or self axis does not work correctly at root node - ASF JIRA,1613,Processing,5,The bug report describes an issue where JXPath returns null instead of the expected value when using the descendant-or-self axis to access an attribute of the root node. This indicates incorrect implementation logic within the JXPath library.
JacksonXml-2,Issue Report,1444,Processing,5,The issue describes incorrect handling of mixed content (text and child elements) during XML deserialization using Jackson. The reported behavior violates the expected processing logic of the @XmlText annotation when child elements are present.
Codec-1,[CODEC-65] Fix case-insensitive string handling - ASF JIRA,994,Processing,4,"The description indicates a platform-dependent issue within the language codecs, implying incorrect implementation logic related to string handling. Since it's about how the codecs process language-specific strings, 'Processing' is the most relevant category."
Closure-41,Issue Report,20,Other (Logic),1,"The bug report provides no description, so the nature of the bug is completely unknown. Lacking any information, 'Other (Logic)' is the most general possibility, but with very low confidence."
Compress-32,[COMPRESS-314] TarArchiveInputStream rejects uid or gid >= 0x80000000 - ASF JIRA,2922,Exception handling,5,The bug report clearly indicates a `NumberFormatException` due to the `Integer.parseInt` method being used on a value that exceeds the maximum value for an integer. This falls under exception handling as the code failed to handle a potential exception arising from the parsed input.
Jsoup-39,Issue Report,964,Processing,5,"The bug report states that JSoup is incorrectly moving content from the <head> section to the <body> section, indicating a flaw in the parsing or processing logic of the HTML document."
Compress-24,[COMPRESS-262] TarArchiveInputStream fails to read entry with big user-id value - ASF JIRA,1974,Exception handling,5,The bug report shows an IllegalArgumentException being thrown during the parsing of the tar header. This indicates a failure in exception handling within the TarArchiveInputStream.
Closure-57,Issue Report,20,Other (Logic),1,"The bug report lacks a description, making it impossible to determine the root cause. Without any information, the best categorization is a general logic error, but the confidence is low."
JacksonDatabind-19,Issue Report,884,Processing,5,"The bug report describes a problem where `java.util.Properties` values are not correctly handled as Strings by Jackson, leading to unexpected behavior. This falls under incorrect implementation logic related to data processing."
Closure-129,Issue Report,20,Other (Logic),1,"Since there is absolutely no description provided, the issue could be anything. I choose 'Other (Logic)' with low confidence because it represents general semantic or logical errors."
Math-93,[MATH-240] MathUtils.factorial(n) fails for n >= 17 - ASF JIRA,1341,Processing,5,"The bug report clearly states that the MathUtils.factorial(n) method returns incorrect results for n >= 17 due to rounding errors in the double calculations. This falls under the category of incorrect implementation logic or miscalculations, which is 'Processing'."
Mockito-34,Code,20,Other (Logic),1,"Since there is no description, it's impossible to determine the nature of the bug. The title 'Code' is too generic, and without any context, 'Other (Logic)' seems like the broadest and most likely category, albeit with very low confidence."
Time-2,Issue Report,617,Null pointer dereference,5,"The bug report explicitly states that a NullPointerException is thrown when calling `Partial.with`, indicating a null pointer dereference. The stack trace confirms that the error occurs within the `Partial.java` file."
JacksonDatabind-9,Issue Report,1643,Processing,5,The bug report describes a problem with deserializing a Map with Class as the key using Jackson. This indicates an incorrect implementation of the deserialization logic or missing functionality for handling Class keys.
Lang-45,[LANG-419] WordUtils.abbreviate bug when lower is greater than str.length - ASF JIRA,1372,Exception handling,5,"The bug report describes a scenario where a StringIndexOutOfBoundsException is thrown due to incorrect index calculation within the abbreviate function, indicating improper exception handling as the function did not prevent the exception from occurring."
Closure-94,Issue Report,20,Other (Logic),1,"Given the extremely sparse description, it's impossible to definitively categorize the issue. 'Other (Logic)' is chosen as a broad category that could potentially encompass a variety of logical errors given the lack of information."
JacksonCore-14,Issue Report,713,Other (Logic),4,"The bug report describes an issue with ownership checks in IOContext, where the checks are too restrictive. It's a logic error because the current implementation doesn't allow for the valid scenario of returning a buffer with similar size without requiring a size increase."
Closure-105,Issue Report,20,Other (Logic),1,"The bug report lacks a description, making it impossible to determine the root cause. Given the lack of information, 'Other (Logic)' is the most suitable category, representing a general logical fault, albeit with low confidence due to the absence of details."
JacksonDatabind-35,Issue Report,711,Processing,4,"The bug report indicates a regression introduced by a fix for another issue, resulting in incorrect behavior when combining type and object IDs with wrapper-object type ID inclusion. This suggests a flaw in the implementation logic related to object and type ID processing."
Math-106,"[MATH-60] [math] Function math.fraction.ProperFractionFormat.parse(String, ParsePosition) return illogical result - ASF JIRA",2612,Processing,5,The bug report describes an issue where the `parse` function of the `ProperFractionFormat` class returns an illogical or incorrect result when parsing certain input strings representing fractions. This indicates an error in the function's implementation logic for parsing fraction strings.
Math-50,"[MATH-631] ""RegulaFalsiSolver"" failure - ASF JIRA",1684,Processing,5,"The RegulaFalsiSolver fails to find the root of the function within the maximum number of iterations, while another solver (PegasusSolver) succeeds. This indicates a flaw in the RegulaFalsiSolver's implementation logic."
Lang-12,"[LANG-805] RandomStringUtils.random(count, 0, 0, false, false, universe, random) always throws java.lang.ArrayIndexOutOfBoundsException - ASF JIRA",1697,Exception handling,5,"The bug report clearly states that an ArrayIndexOutOfBoundsException is being thrown. This indicates a failure to properly handle boundary conditions or invalid input, which falls under exception handling."
Codec-14,[CODEC-187] Beider Morse Phonetic Matching producing incorrect tokens - ASF JIRA,2062,Processing,5,"The bug report describes issues with the Beider Morse Phonetic Matching algorithm producing incorrect tokens, indicating a problem with the implementation logic. The reporter suspects either an outdated version or basic problems with the current implementation."
Jsoup-54,Issue Report,1571,Exception handling,5,The core issue is that the code throws an `INVALID_CHARACTER_ERR` exception when converting a Jsoup document to a W3C document. The report suggests possible ways to handle this exception within the `W3CDom` class.
Closure-1,Issue Report,20,Other (Logic),1,"With no description provided, the bug report is very vague. It's most likely a logic error, but it's hard to say without more context."
Mockito-18,Issue Report,716,Missing case,4,"The issue describes a situation where an Iterable is expected to be mocked with an empty Iterable by default, but instead returns null. This suggests a missing case in the mocking logic where the Iterable type is not handled correctly to return a default empty value."
JxPath-21,[JXPATH-151] null handling is inconsistent - ASF JIRA,1768,Processing,5,"The bug report describes incorrect results when comparing values to null using JXPath expressions. The expressions are not evaluated correctly, leading to wrong output values, indicating a flaw in the processing logic."
JacksonDatabind-62,Issue Report,5250,Dependency,5,"The bug report states that the code works with Jackson 2.6 but fails with Jackson 2.7+, indicating a breaking change or incompatibility issue within the Jackson library itself. The error message 'No default constructor' suggests Jackson 2.7+ handles deserialization of UnmodifiableSet differently, likely requiring a default constructor that wasn't necessary in 2.6."
Closure-152,Issue Report,20,Other (Logic),1,"Given the lack of description, it is impossible to pinpoint the exact nature of the fault. 'Other (Logic)' is the most general category that could apply when the root cause cannot be determined."
Math-46,[MATH-657] Division by zero - ASF JIRA,1229,Processing,5,"The bug report describes an incorrect implementation of division by zero for complex numbers. It specifically mentions that the output should be INF instead of NaN under certain conditions, indicating a flaw in the calculation logic."
Collections-13,[COLLECTIONS-299] ExtendedProperties.convertProperties loses non-String values - ASF JIRA,2260,Null pointer dereference,5,"The bug report clearly states that a NullPointerException is thrown because `Properties.getProperty(key)` returns null when the value associated with a key is not a String, and this null value is then passed to `Hashtable.put`, which causes the exception."
Jsoup-42,Issue Report,4612,Processing,5,"The bug report describes incorrect handling of form data, specifically with checkboxes and radio buttons, leading to incorrect submission parameters. The reported behavior deviates from expected browser behavior, indicating flawed logic in how the formData() method processes these elements."
Time-11,Issue Report,2028,Null pointer dereference,5,"The bug report explicitly states an NPE occurs due to an uninitialized ThreadLocal variable, resulting in a null value being dereferenced when autoboxing occurs. This directly corresponds to the null pointer dereference category."
Closure-144,Issue Report,20,Other (Logic),1,"Since there is no description, it is impossible to determine the exact cause of the issue. However, 'Other (Logic)' serves as a general catch-all for semantic faults."
JacksonDatabind-74,Issue Report,774,Processing,5,The bug report clearly states that `AsPropertyTypeDeserializer` is not handling empty strings as null objects as expected according to the `DeserializationFeature.ACCEPT_EMPTY_STRING_AS_NULL_OBJECT` feature. This indicates an incorrect implementation of the deserialization logic.
Math-11,[MATH-929] MultivariateNormalDistribution.density(double[]) returns wrong value when the dimension is odd - ASF JIRA,1188,Processing,5,"The bug report describes an incorrect calculation of the density function in the MultivariateNormalDistribution class, which falls under incorrect implementation logic. The provided code and assertion clearly show a miscalculation leading to a wrong density value."
Lang-53,[LANG-346] Dates.round() behaves incorrectly for minutes and seconds - ASF JIRA,1790,Processing,5,The bug report clearly states that the `DateUtils.round()` method produces an incorrect output when rounding dates to the nearest minute or second. This points to a fault in the implementation logic of the rounding process.
Gson-5,Issue Report,2676,Processing,5,"The bug report indicates that the ISO8601 date format parsing is not fully implemented, leading to a `ParseException` when trying to parse a valid RFC3339 date string. This falls under incorrect implementation logic as the date parsing is flawed."
Closure-82,Issue Report,20,Other (Logic),1,"The bug report provides no specific information. Given the lack of details, a general 'Other (Logic)' category seems most appropriate, acknowledging the ambiguity with low confidence."
Jsoup-15,Issue Report,1975,Processing,5,"The bug report describes a parsing issue where the HTML parser incorrectly interprets tags within javascript strings, leading to incorrect DOM construction. This falls under incorrect implementation logic, specifically flawed parsing steps."
Cli-10,[CLI-156] Missing required options not throwing MissingOptionException - ASF JIRA,2343,Exception handling,5,"The core issue is that a `MissingOptionException` is not thrown when it should be. The bug report clearly states that the second invocation of `parse` fails to throw the exception, indicating a problem with exception handling."
JacksonDatabind-23,Issue Report,669,Processing,3,"The bug report mentions unexpected behavior with NON_EMPTY exclusion for ints and Strings, suggesting incorrect implementation logic. The comparison with Afterburner also points to a potential flaw in the default processing logic."
Closure-113,Issue Report,20,Other (Logic),1,"The bug report has no description, suggesting the fault could be anywhere. Lacking any further information, 'Other (Logic)' is the least specific and therefore safest category to choose with very low confidence."
Closure-164,Issue Report,20,Other (Logic),1,"The bug report lacks a description, making it impossible to determine the specific issue. 'Other (Logic)' is the most general category for unspecified logical errors."
JacksonDatabind-54,Issue Report,1185,Processing,5,"The issue stems from the ObjectMapper's serialization behavior with Optional.empty() and how it interacts with different object types. Specifically, it's related to incorrect implementation logic of how Jackson handles Optional types when the property is declared as Object versus Optional<Object>."
JxPath-17,[JXPATH-109] Namespaced attribute not selected with wildcard - ASF JIRA,1280,Processing,5,"The bug report describes an issue where a JXPath expression using a wildcard to select namespaced attributes is not working as expected. The proposed fix involves modifying the conditional logic in DOMAttributeIterator, indicating incorrect implementation of the attribute selection process."
Jsoup-62,Issue Report,891,Processing,5,"The bug report describes incorrect parsing of case-sensitive HTML, leading to unexpected output. The reported solution involves removing `.toLowerCase()` invocations, indicating a flaw in the processing logic."
Math-89,[MATH-259] Bugs in Frequency API - ASF JIRA,2869,Processing,5,"The bug report describes incorrect behavior in the Frequency API, specifically that the addValue(Object v) method allows non-Comparable objects, leading to unexpected results or exceptions later on. This indicates a flaw in the implementation logic of the API."
Lang-24,"[LANG-664] NumberUtils.isNumber(String)  is not right when the String is ""1.1L"" - ASF JIRA",1366,Processing,5,"The bug report describes an incorrect implementation of the NumberUtils.isNumber(String) method, specifically related to identifying numbers ending with 'L'. The provided fix suggests modifying the logic to correctly handle decimal points when 'L' is present."
Csv-8,[CSV-114] CSVFormat constructor should reject a header array with duplicate entries - ASF JIRA,1280,Other (Logic),5,"The bug report indicates that the CSVFormat constructor accepts header arrays with duplicate entries, which leads to incorrect behavior. This is a logic error because the constructor should validate and reject such inputs to ensure data integrity."
Mockito-1,Issue Report,538,Dependency,5,"The bug report mentions that upgrading Mockito from 1.9.5 to 1.10.8 causes the ArgumentCaptor to stop working for varargs, indicating a dependency issue where a change in the Mockito library breaks existing functionality."
Math-66,"[MATH-395] Bugs in ""BrentOptimizer"" - ASF JIRA",1485,Processing,5,"The bug report explicitly states a 'buggy implementation of Brent's optimization algorithm', indicating incorrect implementation logic leading to flawed algorithmic steps. The fix involved modifying the algorithm itself based on comparison with a correct implementation."
Collections-6,[COLLECTIONS-261] Flat3Map.remove() does not return the correct value when size <= 3 - ASF JIRA,1293,Processing,5,The bug report clearly indicates that the `remove()` method in `Flat3Map` is returning the wrong value. This points to an error in the implementation logic of the `remove()` method itself.
Closure-133,Issue Report,20,Other (Logic),1,"Since there's no description, it's impossible to determine the specific cause. The most general category for unspecified logic errors is 'Other (Logic)'."
JacksonCore-22,Issue Report,787,Processing,5,"The bug report describes a case where a class attribute `_matchCount` is not being utilized as intended according to the documentation, which implies incorrect implementation logic in how the class is processing data. The attribute is supposed to offer useful functionality, but no value is being assigned to it."
Jsoup-35,Issue Report,1021,Processing,5,"The bug report describes incorrect parsing of HTML, leading to a different DOM structure than expected. This points to a flaw in the processing logic of the JSoup library."
Cli-30,[CLI-203] The state of the option groups is not updated by the default options - ASF JIRA,1218,Processing,5,"The bug report describes a situation where the parser fails to correctly process default options in relation to command-line arguments, leading to a flawed combination of options. This indicates incorrect implementation logic in how the parser handles option groups and default values."
JacksonDatabind-110,Issue Report,2487,Missing case,5,"The code doesn't handle `Collections$UnmodifiableList`, which is a valid return type for `Collections.unmodifiableList()`. This is a missing case in the deserialization logic."
Math-31,[MATH-718] inverseCumulativeProbability of BinomialDistribution returns wrong value for large trials. - ASF JIRA,1636,Processing,5,"The bug report clearly indicates that the `inverseCumulativeProbability` method of the `BinomialDistributionImpl` class returns an incorrect value due to an issue with how `cumulativeProbability` is calculated (returning Infinity), leading to flawed algorithmic steps in `checkedCumulativeProbability`."
Closure-125,Issue Report,20,Other (Logic),1,"The bug report lacks any description, making it impossible to pinpoint the specific issue. 'Other (Logic)' is a general category to use when the problem cannot be classified otherwise."
JacksonDatabind-15,Issue Report,5397,Dependency,5,"The bug report explicitly states that the error only occurs in Jackson 2, indicating a change in behavior or requirements compared to Jackson 1. This points towards a dependency-related issue where the newer version of the Jackson library introduces incompatibility with the existing code that relies on XmlAdapter."
Compress-28,[COMPRESS-279] TarArchiveInputStream silently finished when unexpected EOF occured - ASF JIRA,2005,Exception handling,5,"The bug report indicates that a TarArchiveInputStream silently finishes when an unexpected EOF occurs, which suggests that an IOException should have been raised but was not. This falls under the category of missing or improper exception handling."
Cli-26,[CLI-177] OptionBuilder is not reseted in case of an IAE at create - ASF JIRA,1186,Exception handling,5,"The bug report describes a scenario where an IllegalArgumentException is thrown but the OptionBuilder is not reset, leading to unwanted settings in subsequent usages. This indicates improper exception handling, as the state should be reset in the catch block or a finally block."
Jsoup-23,Issue Report,1419,Processing,5,"The bug report describes a flaw in the parsing logic of HTML entities, where only letters are consumed when digits should also be included. This results in the entity not being recognized and thus incorrect processing of the HTML."
JacksonDatabind-106,Issue Report,4872,Processing,5,"The core issue is that TreeTraversingParser handles integer bounds differently than other parsing methods, leading to silent overflows and inconsistencies in how numeric values are processed. This indicates a flaw in the implementation logic of the parser."
Compress-7,[COMPRESS-114] TarUtils.parseName does not properly handle characters outside the range 0-127 - ASF JIRA,1643,Processing,5,"The bug report describes incorrect character encoding when parsing tar entry names, resulting in garbled names. This is a problem with the processing logic of the TarUtils.parseName method."
Lang-65,[LANG-59] [lang] DateUtils.truncate method is buggy when dealing with DST switching hours - ASF JIRA,1629,Processing,5,"The bug report describes an incorrect calculation in the DateUtils.truncate method related to Daylight Saving Time. The method returns an incorrect date, indicating flawed implementation logic."
Gson-17,Fixed DefaultDateTypeAdapter nullability issue and JSON primitives contract #1100,7867,Null pointer dereference,5,"The bug report explicitly mentions a 'nullability issue' with the DefaultDateTypeAdapter. This means the adapter was not handling null values correctly, leading to potential null pointer exceptions during serialization or deserialization of dates."
Math-27,[MATH-835] Fraction percentageValue rare overflow - ASF JIRA,1530,Processing,5,"The bug report describes an overflow error in the `percentageValue()` method of the Fraction class due to incorrect calculation order, resulting in a miscalculation. This falls under incorrect implementation logic."
Mockito-38,Code,20,Other (Logic),1,"The bug report has no description. Without any information, it is impossible to determine the specific cause of the error, but it likely involves a flaw in the program's logic."
JacksonDatabind-42,Issue Report,1068,Processing,5,"The bug report indicates that serializing and deserializing `Locale.ROOT` results in an incorrect value (null) after deserialization, indicating flawed logic in the serialization/deserialization process for this specific locale."
Closure-172,Issue Report,20,Other (Logic),1,"The bug report provides no description, making it impossible to determine the root cause. The most general category that could encompass any unknown issue would be 'Other (Logic)'."
Time-27,#64 Different behaviour of PeriodFormatter,544,Processing,5,"The bug report describes a difference in behavior between two ways of creating a PeriodFormatter, where one is claimed to be a copy of the other. This indicates an error in the processing or implementation logic of the PeriodFormatter."
Jsoup-74,Issue Report,1104,Processing,5,"The bug report describes incorrect processing of the &shy; HTML entity. The `Node.text()` method incorrectly converts it to a hyphen instead of stripping it, indicating a flaw in the processing logic of the Jsoup library."
Collections-25,[COLLECTIONS-566] IteratorUtils.collatedIterator do not use natural ordering if no comparator was provided - ASF JIRA,1061,Exception handling,5,"The bug report states that an exception is thrown when the iterator is used. This is a clear indication of an exception handling issue, specifically a case where an expected condition (null comparator) was not properly handled, leading to an exception."
JacksonCore-2,Issue Report,680,Missing case,5,"The parser doesn't handle the case where two tokens are concatenated without a space. It should throw an error but doesn't, indicating a missing case in the parsing logic."
Math-70,"[MATH-369] BisectionSolver.solve(final UnivariateRealFunction f, double min, double max, double initial) throws NullPointerException - ASF JIRA",1653,Null pointer dereference,5,"The bug report clearly states that a NullPointerException is thrown because the member variable 'UnivariateRealSolverImpl.f' is null when the BisectionSolver.solve(double min, double max) method is called indirectly. This is a direct instance of a null pointer dereference."
Closure-98,Issue Report,20,Other (Logic),1,"The bug report has no description, indicating a completely unknown issue. 'Other (Logic)' is a general category that could encompass a wide variety of logical errors."
Closure-77,Issue Report,20,Other (Logic),1,"Since the bug report has no description, it is impossible to determine the root cause. The most general category for a logical error is 'Other (Logic)'. Because of the lack of information, confidence is low."
JacksonDatabind-39,Issue Report,3205,Processing,5,"The core issue is that Jackson is not parsing the JSON as expected after encountering an invalid subtype, even though the `FAIL_ON_INVALID_SUBTYPE` feature is disabled. This indicates a problem with the parsing logic itself."
Closure-109,Issue Report,20,Other (Logic),1,"The bug report has no description, making it impossible to determine the root cause. Therefore, ""Other (Logic)"" is the safest choice with low confidence."
Lang-49,[LANG-380] infinite loop in Fraction.reduce when numerator == 0 - ASF JIRA,919,Processing,5,The bug report describes an infinite loop occurring in the Fraction.reduce method when the numerator is 0. This indicates an error in the implementation logic of the reduction algorithm.
JacksonDatabind-5,Issue Report,2590,Processing,5,"The bug report describes an issue where Jackson's annotation processing logic incorrectly handles mixin annotations in a class hierarchy involving interfaces, leading to the loss of intended serialization configurations. The core issue is flawed logic in how annotations are resolved and applied during serialization configuration."
Jsoup-58,Issue Report,2488,Processing,5,The bug report describes that `Jsoup.isValid` returns true even when the HTML fragment includes tags not on the whitelist. This indicates incorrect logic in the `Jsoup.isValid` method related to validating HTML against a whitelist.
JacksonDatabind-81,Issue Report,1060,Missing case,4,The bug report describes a situation where the code doesn't handle the discrepancy between primitive types (int) and their wrapper objects (Integer). This is a missing case in the type refinement logic.
Closure-20,Issue Report,20,Other (Logic),1,"Due to the complete lack of description, it's impossible to determine the nature of the bug. 'Other (Logic)' is the broadest category that covers semantic faults, and the confidence is set to 1 due to extreme uncertainty."
Mockito-14,Code,20,Other (Logic),1,"The title 'Code' and the lack of description suggest a fundamental problem with the code's logic, but without more information, it's impossible to specify the exact nature of the bug. It is likely a logical error, but the category is uncertain."
Math-6,[MATH-949] LevenbergMarquardtOptimizer reports 0 iterations - ASF JIRA,2574,Processing,5,"The bug report clearly states that the LevenbergMarquardtOptimizer.getIterations() method is not reporting the correct number of iterations, always returning 0, even though the evaluations count is incrementing correctly. This is an issue of incorrect implementation logic in the optimizer."
Codec-18,"[CODEC-231] StringUtils.equals(CharSequence cs1, CharSequence cs2) can fail with String Index OBE - ASF JIRA",920,Exception handling,5,"The bug report states that `StringUtils.equals` throws a `String Index OBE` (IndexOutOfBoundsException), indicating an issue with exception handling when the input sequences have different lengths. This clearly falls under the category of exception handling."
JacksonDatabind-97,Issue Report,2741,Processing,5,"The bug report describes a situation where context attributes are not being passed to a custom serializer as expected when serializing an object within an ObjectNode. This indicates an error in how the serialization process handles attributes for ObjectNodes, pointing towards an incorrect implementation of serialization logic."
Compress-45,[COMPRESS-411] TarUtils.formatLongOctalOrBinaryBytes never uses result of formatLongBinary - ASF JIRA,1060,Processing,5,"The bug report states that `formatLongBinary` is executed but then overwritten by `formatBigIntegerBinary` when the length is less than 9, indicating incorrect processing logic. The description explicitly mentions a failed unit test if the results are not ignored, further supporting the miscalculation aspect of the category."
Closure-36,Issue Report,20,Other (Logic),1,"The bug report lacks any description, making it impossible to determine the nature of the issue. Without more information, it is safest to assume a general logic error."
Closure-148,Issue Report,20,Other (Logic),1,"The bug report is too vague to categorize specifically. Without any description, it's most likely a generic logic error."
Jsoup-1,Issue Report,582,Processing,5,The bug report describes a case where parsing an HTML snippet with Jsoup library results in unexpected text order. This indicates an error in the processing logic of the HTML parsing.
Jsoup-19,Issue Report,963,Processing,5,"The bug report describes how Jsoup's sanitizer is incorrectly processing CID references, leading to their removal, which alters the intended HTML structure and is therefore a processing error."
Closure-61,Issue Report,20,Other (Logic),1,"The bug report lacks a description, making it impossible to pinpoint the exact issue. The most general category, 'Other (Logic)', is chosen due to the absence of specific details."
Compress-12,[COMPRESS-178] TarArchiveInputStream throws IllegalArgumentException instead of IOException - ASF JIRA,3982,Exception handling,5,The bug report states that an IllegalArgumentException is thrown when an IOException is expected according to the Javadoc. This clearly indicates an issue with exception handling.
Gson-9,Add boxed boolean value() overload. #836,4621,Null pointer dereference,5,The bug report explicitly mentions a NullPointerException (NPE) occurring when calling value() with a Boolean object due to overload resolution choosing value(boolean) instead of value(Number). This dereferences a null reference.
Gson-8,Issue Report,5413,Dependency,4,The stack trace points to an issue within the Gson library (com.google.gson.internal.UnsafeAllocator$1.newInstance) when trying to create an instance of java.util.concurrent.locks.Lock. This suggests a possible incompatibility or bug within the Gson library itself or its interaction with the Android environment (likely ART) or the Parse SDK.
Csv-16,[CSV-224] Some multi-iterator parsing peek sequences incorrectly consume elements - ASF JIRA,4395,Processing,5,"The bug report describes an issue where the CSV parser's iterator incorrectly consumes elements due to the interaction between `hasNext()` and `next()` methods when creating new iterators, leading to out-of-sequence record processing. This is a flaw in the parsing logic."
Jsoup-18,Issue Report,973,Processing,5,"The `outerHtml` method is producing incorrect output, adding an unexpected attribute. This points to a flaw in the method's implementation logic during the processing of HTML element attributes, particularly when newlines are present in the element definition."
Closure-60,Issue Report,20,Other (Logic),1,"Since there is no description, it's impossible to determine the exact nature of the bug. The most general category that might apply given the lack of information is Other (Logic)."
Compress-13,[COMPRESS-176] ArchiveInputStream#getNextEntry(): Problems with WinZip directories with Umlauts - ASF JIRA,2292,Processing,5,"The bug report describes incorrect processing of zip archive entries containing Umlauts, specifically related to directory identification and file path handling. This indicates a flaw in the archive processing logic related to character encoding and path interpretation."
JacksonDatabind-96,Issue Report,813,Processing,4,"The bug report indicates that the PropertyNamingStrategy is not working correctly with implicit constructor property names, leading to incorrect renaming. This suggests a flaw in the implementation logic related to property naming."
Compress-44,[COMPRESS-412] NullPointerException defect in ChecksumCalculatingInputStream#getValue() - ASF JIRA,1701,Null pointer dereference,5,The bug report explicitly states a NullPointerException occurs in `ChecksumCalculatingInputStream#getValue()` when the input stream is null. The provided test case confirms this by creating a `ChecksumCalculatingInputStream` with null arguments and calling `getValue()`.
Closure-37,Issue Report,20,Other (Logic),1,"The bug report has no description, so the root cause is unknown. 'Other (Logic)' is a broad category that could potentially encompass a wide range of faults with unknown details."
JacksonDatabind-79,Issue Report,2597,Processing,5,"The bug report describes incorrect serialization logic when using `@JsonIdentityReference` at the class level. The `alwaysAsId` setting is being reset incorrectly, indicating a flaw in the processing of the annotation."
Closure-149,Issue Report,20,Other (Logic),1,"The bug report is empty. With no information about the fault, it's impossible to categorize beyond a general logic error because something must be incorrect for a bug to be reported."
Math-7,[MATH-950] event state not updated if an unrelated event triggers a RESET_STATE during ODE integration - ASF JIRA,1866,Processing,5,"The bug report describes an issue where the ODE solver's event handlers are not updated correctly due to an early return when one event handler triggers a state reset. This leads to incorrect state parameters being used in subsequent calculations, which indicates flawed algorithmic steps."
Lang-1,[LANG-747] NumberUtils does not handle Long Hex numbers - ASF JIRA,1655,Processing,5,"The bug report describes incorrect implementation logic in NumberUtils.createLong() and NumberUtils.createNumber() related to handling hexadecimal numbers, indicating a processing error."
Jsoup-59,Issue Report,835,Exception handling,5,The bug report explicitly states that Jsoup.clean() throws an IllegalArgumentException when processing a specific string format. This indicates improper exception handling within the Jsoup library when encountering certain input.
JacksonDatabind-80,Issue Report,712,Other (Logic),4,"The issue describes incorrect logic in type resolution, specifically related to including the base type itself in the type id mapping. It's not a processing error in the sense of miscalculation but rather flawed logic in constructing the type resolution list."
Closure-21,Issue Report,20,Other (Logic),1,"The bug report provides no description. In the absence of any information, a general logic error is the most plausible category, though with very low confidence."
Mockito-15,Code,20,Other (Logic),1,"Due to the lack of description, the nature of the code error is unknown. 'Other (Logic)' is a broad category to encompass undefined logical errors and given the lack of information the confidence is low."
JacksonDatabind-4,Issue Report,842,Exception handling,5,"The bug report explicitly states that InvalidFormatException is created, but the index values are always '-1' because the JsonMappingException is not caught and handled properly in StringCollectionDeserializer and CollectionDeserializer. This indicates a problem with exception handling."
JacksonCore-19,Issue Report,1836,Exception handling,5,The bug report clearly indicates an `ArrayIndexOutOfBoundsException` is thrown during parsing of a floating-point number. This points to a problem in how the Jackson library handles exceptions or boundary conditions during the parsing process.
Closure-99,Issue Report,20,Other (Logic),1,"Given the lack of description, it's impossible to determine the specific cause of the issue. I'm assuming it's some form of logic error due to the broad nature of the report, but with very low confidence."
Closure-76,Issue Report,20,Other (Logic),1,"The bug report lacks a description, making it impossible to pinpoint a specific category. 'Other (Logic)' is the most general category to indicate a possible logic error."
Closure-108,Issue Report,20,Other (Logic),1,"The bug report has no description, so it's impossible to pinpoint the exact type of bug. Lacking any specific information, 'Other (Logic)' serves as the broadest and most fitting category, albeit with low confidence."
Lang-33,[LANG-587] ClassUtils.toClass(Object[]) throws NPE on null array element - ASF JIRA,847,Null pointer dereference,5,The bug report explicitly states that ClassUtils.toClass(Object[]) throws a NullPointerException when a null element is present in the array. This directly corresponds to dereferencing a null pointer.
JacksonCore-3,Issue Report,1055,Uninitialized memory read,5,"The bug report states that `_currInputRowStart` is not initialized in the constructor, leading to incorrect column calculation. This is a clear case of uninitialized memory being used."
Math-71,[MATH-358] ODE integrator goes past specified end of integration range - ASF JIRA,2222,Processing,5,"The bug report indicates that the ODE integrator is not correctly calculating the end of the integration range, leading to an incorrect final time. This is a clear issue with the processing logic of the integrator."
JacksonDatabind-43,"Problem with Object id handling, explicit null token #1150",7827,Exception handling,5,"The bug report describes an unexpected exception being thrown when deserializing a JSON with a null value for an object ID. The fix involved moving a null check earlier in the process, indicating that the original exception handling was insufficient."
Closure-173,Issue Report,20,Other (Logic),1,"With no description, it's impossible to know the exact fault. A general logic error seems most likely, although the root cause is unclear."
Time-26,#60 .withHourOfDay() sets hour inconsistantly on DST transition.,3083,Processing,5,"The bug report describes an inconsistency in how `.withHourOfDay()` handles DST transitions in different time zones, indicating an error in the date/time processing logic. The provided test code and assertion failure further confirm incorrect behavior in time calculations."
Jsoup-75,Issue Report,1718,Processing,5,"The bug report describes an incorrect output of the HTML parser library after a code change. The boolean attributes are not being collapsed as expected, indicating flawed algorithmic steps in the `Attributes.html` method."
Collections-24,[COLLECTIONS-496] UnmodifiableBoundedCollection does not implement Unmodifiable marker interface - ASF JIRA,974,Other (Logic),5,"The bug report indicates that the `UnmodifiableBoundedCollection` class does not implement the `Unmodifiable` interface, which is a logical inconsistency. This falls under general semantic/logic faults, not specific to memory, concurrency, or other defined categories."
JacksonDatabind-107,Issue Report,889,Null pointer dereference,5,The bug report explicitly mentions a NullPointerException (NPE) occurring when `DeserializationProblemHandler.handleUnknownTypeId()` returns `Void.class` with `enableDefaultTyping`. This indicates a null pointer dereference issue.
Compress-6,[COMPRESS-94] Creating zip files with many entries will ocassionally produce corrupted output - ASF JIRA,2444,Other (Logic),5,"The bug stems from an incorrect implementation of the `equals()` and `hashCode()` methods in `ZipArchiveEntry`, leading to hash collisions and data corruption when adding entries to the zip file. This is a logic error in how the object's equality is determined."
Lang-64,[LANG-259] ValuedEnum.compareTo(Object other) not typesafe - it easily could be... - ASF JIRA,1284,Processing,5,"The bug report describes an incorrect implementation of the compareTo method in ValuedEnum. It incorrectly returns 0 for different subclasses if their int-values are the same, which is a flaw in the comparison logic."
Math-26,"[MATH-836] Fraction(double, int) constructor strange behaviour - ASF JIRA",3320,Processing,5,"The bug report describes incorrect calculations in the Fraction constructor, resulting in a wrong sign and an improperly reduced fraction. This falls under the category of flawed algorithmic steps during the processing of the double value."
Gson-16,Fix StackOverflowError on resolving types with TypeVariable recursion #1128,7641,Exception handling,5,The bug report clearly states that a StackOverflowError is occurring when resolving types with TypeVariable recursion. This falls under the category of exception handling as the program is failing due to an unhandled or improperly handled exception.
Closure-124,Issue Report,20,Other (Logic),1,"The bug report lacks a description, making it impossible to determine the root cause. Assuming a general issue not directly related to the other categories, 'Other (Logic)' seems most appropriate with a low confidence level."
JacksonDatabind-14,Issue Report,7444,Exception handling,5,"The provided code throws an `UnrecognizedPropertyException` when deserializing a `JsonNode` object, indicating an issue in how exceptions are handled during the deserialization process. The custom deserializer is not correctly handling the input received from the JsonNode."
Compress-29,[COMPRESS-306] ArchiveStreamFactory fails to pass on the encoding when creating some streams - ASF JIRA,1104,Processing,5,"The bug report states that the ArchiveStreamFactory fails to pass on the encoding when creating certain streams. This indicates an incorrect implementation of the factory logic, specifically how it handles stream creation and encoding parameters."
Cli-1,[CLI-13] [cli] CommandLine.getOptionValue() behaves contrary to docs - ASF JIRA,2157,Processing,5,"The bug report describes incorrect behavior of the `CommandLine.getOptionValue()` method, where it fails to retrieve the option value using the long option name as documented. This falls under incorrect implementation logic."
Cli-27,[CLI-182] Unable to select a pure long option in a group - ASF JIRA,1123,Processing,5,The bug report describes incorrect behavior in the `setSelected` method of the `OptionGroup` class when dealing with long options. This indicates a flaw in the implementation logic of that method.
Jsoup-22,Issue Report,801,Null pointer dereference,5,"The bug report clearly states that the `siblingElements` method throws a NullPointerException when the underlying node does not have a parent, indicating a null pointer dereference. The reporter even pinpoints the line in `Node.java` where the issue occurs."
JacksonDatabind-111,Issue Report,2697,Processing,5,"The bug report describes incorrect deserialization logic when handling nested AtomicReference types and null values, leading to unexpected object structures. The getNull method's behavior and the bean property creator's handling of deserializers and null providers are specifically mentioned as causes of the issue."
Math-30,[MATH-790] Mann-Whitney U Test Suffers From Integer Overflow With Large Data Sets - ASF JIRA,1740,Processing,5,"The bug report clearly describes an integer overflow issue that leads to incorrect calculations and invalid results (NaN p-values) in the Mann-Whitney U Test. This falls under the category of incorrect implementation logic, specifically miscalculations."
Closure-132,Issue Report,20,Other (Logic),1,"The bug report has no description, making it impossible to determine the root cause. Given the lack of information, 'Other (Logic)' seems the most appropriate, though confidence is low."
JacksonCore-23,Issue Report,1266,Other (Logic),4,"The bug report describes a situation where a subclass of DefaultPrettyPrinter, when not overriding the `createInstance()` method, results in the creation of an instance of the wrong type. This is a logic error due to incorrect object creation."
Jsoup-34,Issue Report,1311,Exception handling,5,The bug report clearly indicates that the jsoup parser throws an `ArrayIndexOutOfBoundsException` when parsing specific HTML containing a commented CDATA section. This demonstrates improper exception handling by the parser when encountering this particular syntax.
Cli-31,[CLI-205] HelpFormatter.setArgName() has no effect - ASF JIRA,986,Processing,5,The bug report indicates that the HelpFormatter's setArgName() method is not functioning as expected due to the Option and OptionBuilder automatically assigning a default value. This points to incorrect processing logic in how the argument name is being set or overridden.
Math-88,[MATH-272] Simplex Solver arrives at incorrect solution - ASF JIRA,1170,Processing,5,"The bug report title and description indicate an incorrect solution from the Simplex Solver, suggesting a flaw in the implementation logic or algorithmic steps. This aligns directly with the 'Processing' category."
Csv-9,[CSV-118] CSVRecord.toMap() throws NPE on formats with no headers. - ASF JIRA,1442,Null pointer dereference,5,"The bug report states that `toMap()` throws a NullPointerException when called on records derived using a format with no headers. This directly indicates a null pointer dereference, as the code likely attempts to access a field on a null object."
Math-67,"[MATH-393] Method ""getResult()"" in ""MultiStartUnivariateRealOptimizer"" - ASF JIRA",1487,Processing,5,The bug report describes an incorrect implementation logic in the `getResult()` method. It returns a sub-optimal value instead of the best value from the optimization process.
Collections-7,[COLLECTIONS-278] put() and putAll() don't update the getKeys() map - ASF JIRA,1639,Processing,5,"The bug report describes an issue where the `put()` and `putAll()` methods of the `ExtendedProperties` class fail to correctly update an internal map, leading to inconsistent results when retrieving keys. This indicates incorrect implementation logic within the class."
Closure-165,Issue Report,20,Other (Logic),1,"The bug report has no description, making it impossible to determine the root cause. Since no other specific category applies, the most general category, Other (Logic), is the most appropriate but with low confidence."
JacksonDatabind-55,Issue Report,822,Processing,5,"The bug report indicates that EnumMap keys are not being serialized using the @JsonProperty annotation, leading to incorrect JSON output. This is an issue related to the logic of how the enum values are processed during serialization."
JxPath-16,[JXPATH-114] node() implementation in DOM and JDOM model - ASF JIRA,1385,Processing,5,The bug report describes incorrect code in DOMNodePointer.java and JDOMNodePointer.java that incorrectly filters nodes based on their type. This is a clear case of incorrect implementation logic.
Jsoup-63,Issue Report,737,Processing,5,The bug report indicates that Jsoup is incorrectly identifying valid HTML (self-closing break tag) as invalid. This points to a flaw in the processing logic of Jsoup's HTML validation.
Closure-83,Issue Report,20,Other (Logic),1,"The bug report is empty, suggesting a possible logic error somewhere in the system. Without further information, it's best categorized as a general logic issue with low confidence."
Jsoup-14,Issue Report,1690,Processing,5,"The core issue is that JSoup incorrectly parses HTML documents with unclosed title tags, leading to a loss of subsequent elements. This represents an incorrect implementation of HTML parsing logic."
Cli-11,"[CLI-1] PosixParser interupts ""-target opt"" as ""-t arget opt"" - ASF JIRA",3686,Processing,5,"The PosixParser incorrectly interprets the ""-target"" option due to its behavior of treating the first character of an option's long name as a short option. This results in the incorrect value being assigned to the target option, indicating a flaw in the parsing logic."
JacksonDatabind-22,Issue Report,624,Processing,5,The bug report describes an issue where a custom serializer is not being used as expected due to the presence of the @JsonValue annotation. This indicates an incorrect implementation of serialization logic.
Closure-112,Issue Report,20,Other (Logic),1,"The bug report has no description, making it impossible to determine the specific error. Without any details, a general logic error category is the most appropriate, albeit with very low confidence."
Math-10,"[MATH-935] DerivativeStructure.atan2(y,x) does not handle special cases properly - ASF JIRA",1044,Processing,5,"The bug report states that `DerivativeStructure.atan2(y,x)` returns incorrect values (NaN) for specific input cases (+/-0 for x and y), indicating a flaw in the implementation logic. This falls directly under processing errors as it involves incorrect calculations."
Lang-52,"[LANG-363] StringEscapeUtils.escapeJavaScript() method did not escape '/' into '\/', it will make IE render page uncorrectly - ASF JIRA",1951,Processing,5,"The bug report describes incorrect output from the `StringEscapeUtils.escapeJavaScript()` method. The method fails to properly escape '/' characters, which leads to incorrect rendering in Internet Explorer."
Gson-4,Update reader and writer for RFC 7159. #773,5120,Other (Logic),5,"The core issue is updating the reader and writer to align with RFC 7159, specifically allowing top-level value types. This is a logic update to adhere to the new specification."
Collections-12,[COLLECTIONS-271] org.apache.commons.collections.ExtendedProperties#combine don't import string properly - ASF JIRA,1623,Processing,5,The bug report describes an issue where escaped characters in properties are not handled correctly during the combine operation. This indicates a flaw in the implementation logic of the `combine` method within the `ExtendedProperties` class.
Jsoup-43,Issue Report,983,Processing,5,"The bug report describes a discrepancy between the documented behavior of `elementSiblingIndex()` and its actual implementation. The implementation incorrectly returns an index that leads to an equal element but not necessarily the same element, indicating flawed processing logic."
Time-10,Issue Report,1395,Exception handling,5,The code throws an IllegalFieldValueException when using MonthDay with February 29th. This indicates a missing or improper exception handling of a specific edge case.
Closure-145,Issue Report,20,Other (Logic),1,"With no description, it's impossible to determine the root cause. A very broad category like 'Other (Logic)' with low confidence is the only option."
JacksonDatabind-75,Issue Report,1182,Processing,5,"The bug report indicates that the JsonFormat annotation is not being applied correctly, resulting in incorrect serialization of the enum. This is a problem with the processing of the annotation and its effect on the serialization logic."
Math-47,[MATH-657] Division by zero - ASF JIRA,1229,Processing,5,"The bug report describes an incorrect calculation in the Complex class's division by zero handling. The reporter suggests that the result should be INF instead of NaN under certain conditions, which indicates a flawed algorithmic step."
Jsoup-55,Issue Report,686,Processing,5,"The parser incorrectly interprets the slash in the attribute, resulting in an incorrect output. This indicates an error in the parser's processing logic."
JxPath-20,[JXPATH-149] relational operations do not function properly when comparing a non-Iterator LHS to an Iterator RHS - ASF JIRA,1241,Processing,5,"The bug report describes an issue where a JXPath expression is evaluated incorrectly, returning a false result when it should be true. This indicates a flaw in the implementation logic of the expression evaluation process."
JacksonDatabind-63,Issue Report,1782,Processing,5,The bug report describes an issue where Jackson incorrectly generates class names in reference chains. This is a processing error because it involves the incorrect handling of class names during object serialization/deserialization which directly affects the correctness of the operation.
Closure-153,Issue Report,20,Other (Logic),1,"The bug report lacks any description, making it impossible to determine the root cause. It's likely some kind of logical error, but without more information, it is difficult to categorize accurately."
Math-51,"[MATH-631] ""RegulaFalsiSolver"" failure - ASF JIRA",1684,Processing,5,"The RegulaFalsiSolver fails to find the root within the allowed number of evaluations, while another solver (PegasusSolver) succeeds. This indicates a flaw in the RegulaFalsiSolver's implementation logic."
Lang-13,[LANG-788] SerializationUtils throws ClassNotFoundException when cloning primitive classes - ASF JIRA,3054,Exception handling,5,"The bug report describes a ClassNotFoundException being thrown when cloning primitive classes, indicating an issue with exception handling in SerializationUtils, specifically how ClassLoaderAwareObjectInputStream resolves classes. The provided fix involves catching the ClassNotFoundException and falling back to the original implementation."
Codec-15,[CODEC-199] Bug in HW rule in Soundex - ASF JIRA,1437,Processing,5,"The bug report describes an incorrect implementation of the Soundex algorithm, specifically in the getMappingCode() method. The implementation deviates from the algorithm's specification regarding the handling of 'H' and 'W' characters, leading to incorrect output."
Closure-95,Issue Report,20,Other (Logic),1,"The bug report lacks any description. Without more information, it's safest to categorize it as a general logic error since any other category would be pure speculation."
JacksonCore-15,Issue Report,791,Processing,5,"The bug report describes a situation where an attribute, `_allowMultipleMatches`, is not being utilized in the `FilteringGeneratorDelegate` class. This suggests an error in the implementation logic, specifically that functionality related to handling multiple matches is not working as intended or is completely missing."
Closure-104,Issue Report,20,Other (Logic),1,"With no description, the issue is completely ambiguous. Lacking any specific information, the most general logical issue is the best guess."
JacksonDatabind-34,Issue Report,772,Processing,5,"The bug report indicates that the schema type for BigDecimal is incorrectly produced, resulting in BigInteger being seen instead. This is a clear issue of incorrect implementation logic in how BigDecimal values are being processed or represented during schema introspection."
Time-3,Issue Report,1639,Processing,5,"The bug report clearly demonstrates incorrect calculation of date/time when adding zero days, resulting in a change of the object's value after the addDays(0) operation, which should not occur. This indicates a flaw in the processing logic related to date and time manipulation, especially around DST transitions."
JacksonDatabind-8,Issue Report,779,Processing,4,The bug report describes a situation where the introduction of CharSequence recognition causes a 'bogus exception' due to conflicts with constructors. This points towards an incorrect implementation logic related to constructor resolution or type handling.
Lang-44,"[LANG-457] NumberUtils createNumber thows a StringIndexOutOfBoundsException when only an ""l"" is passed in. - ASF JIRA",1268,Exception handling,5,The bug report states that a StringIndexOutOfBoundsException is thrown. This indicates an issue with exception handling within the NumberUtils.createNumber method when an invalid input string is provided.
Mockito-35,Code,20,Other (Logic),1,"Without a description, the cause of the bug is unknown. Logic errors are a common source of bugs, so this is a potential candidate, but the low confidence reflects the lack of information."
Collections-28,[COLLECTIONS-586] PatriciaTrie prefixMap clear throws NullPointerException - ASF JIRA,3474,Null pointer dereference,5,"The stack trace clearly indicates a NullPointerException is thrown within the `remove` method of the `PrefixRangeEntrySet$EntryIterator`, which is called during the `clear` operation. This points to a null pointer dereference bug."
Jsoup-79,Issue Report,1253,Exception handling,5,"The core issue is that a method, `LeafNode.childNodes()`, is throwing an `UnsupportedOperationException` when it should be returning an empty list according to its Javadoc. This constitutes improper exception handling because the exception is being thrown inappropriately."
Math-92,"[MATH-241] MathUtils.binomialCoefficient(n,k) fails for large results - ASF JIRA",2493,Processing,5,"The bug report describes an issue where MathUtils.binomialCoefficient(n,k) produces incorrect results due to rounding errors when the expected result is near Long.MAX_VALUE. This is a clear case of incorrect implementation logic resulting in a wrong calculation."
Compress-25,"[COMPRESS-264] ZIP reads correctly with commons-compress 1.6, gives NUL bytes in 1.7 - ASF JIRA",4393,Processing,5,"The bug report indicates that the ZIP archive is not being read correctly, resulting in incorrect data being extracted. This suggests an error in the processing logic within the commons-compress library when handling ZIP archives in version 1.7."
JacksonDatabind-18,Issue Report,1165,Exception handling,5,"The bug report explicitly discusses the need for error recovery in the case of JsonProcessingException within the ObjectReader.readValues() method, indicating a lack of robust exception handling."
Closure-56,Issue Report,20,Other (Logic),1,"Due to the absence of a bug description, it is impossible to pinpoint a specific category. Logic errors represent a broad category when details are missing."
Closure-128,Issue Report,20,Other (Logic),1,"With no description, it is impossible to determine the root cause. It is likely a logic error of some kind."
Closure-40,Issue Report,20,Other (Logic),1,"Given the lack of description, it's impossible to pinpoint a specific error. Assuming the issue report is valid, it likely points to a logical error somewhere in the codebase."
Compress-33,[COMPRESS-316] CompressorStreamFactory doesn't handle deflate streams with a zlib header - ASF JIRA,1363,Missing case,5,"The bug report states that the CompressorStreamFactory doesn't detect deflate streams with a zlib header, indicating a missing case in the stream detection logic. The CompressorStreamFactory fails to identify and handle a valid input format."
Jsoup-38,Issue Report,884,Processing,5,The bug report describes incorrect behavior of the jsoup library where the `image` tag within an SVG is incorrectly converted to an `img` tag. This indicates a flaw in the processing logic of the HTML parser.
Mockito-23,Code,20,Other (Logic),1,"Due to the lack of description, it's impossible to determine the exact nature of the bug. 'Other (Logic)' is the most general category to cover any unspecified logical error."
Jsoup-80,Issue Report,1147,Exception handling,5,The bug report indicates that the program throws an IndexOutOfBoundsException while parsing a faulty XML document. This suggests a problem with how the program handles exceptions during XML parsing.
Closure-17,Issue Report,20,Other (Logic),1,"The bug report has no description, indicating a lack of information. Without details, it's difficult to categorize definitively, but 'Other (Logic)' seems like a reasonable starting point for a potentially unspecified issue."
JacksonDatabind-59,Issue Report,4998,Processing,5,The bug report describes a scenario where @JsonDeserialize(keyUsing = ...) is ignored when used together with DefaultTyping.NON_FINAL and a Map argument type in the constructor. This indicates incorrect processing of deserialization logic.
Closure-169,Issue Report,20,Other (Logic),1,"The bug report lacks a description, making it impossible to determine the root cause. It could be any kind of logical error given the limited information."
JacksonXml-3,Issue Report,661,Processing,5,"The bug report describes incorrect behavior of the `nextTextValue()` method in the `FromXMLParser` when dealing with attributes. Specifically, it incorrectly returns null instead of the attribute's text value, indicating flawed implementation logic."
Lang-29,[LANG-624] SystemUtils.getJavaVersionAsFloat throws StringIndexOutOfBoundsException on Android runtime/Dalvik VM - ASF JIRA,1903,Exception handling,5,"The bug report clearly indicates a StringIndexOutOfBoundsException is being thrown within SystemUtils.getJavaVersionAsFloat, and causing an ExceptionInInitializerError. This falls squarely under improper exception handling leading to application failure."
Csv-5,[CSV-106] CSVFormat.format allways append null - ASF JIRA,1014,Processing,5,"The bug report indicates an incorrect output from the CSVFormat.format method. The method is appending 'null' to the expected output, implying a flaw in the processing logic of the formatting function."
Math-84,[MATH-283] MultiDirectional optimzation loops forver if started at the correct solution - ASF JIRA,1581,Processing,5,"The bug report describes an infinite loop in the MultiDirectional.iterateSimplex method when started at the correct solution, indicating incorrect implementation logic or a flawed algorithmic step. The test case provided confirms this misbehavior."
Chart-12,#213 Fix for MultiplePiePlot,140,Other (Logic),5,"The bug report describes a scenario where the dataset is not wired to a listener when passed via the constructor, which is different behavior from when the dataset is set via setDataset. This is a logic error in the constructor's implementation."
JxPath-11,[JXPATH-97] Incomplete handling of undefined namespaces - ASF JIRA,1756,Exception handling,5,The bug report explicitly mentions an exception (`org.apache.common.ri.model.dom.DOMNodePointer.createAttribute`) being thrown due to an unknown namespace prefix. This indicates a failure in handling the exception related to undefined namespaces.
Mockito-28,Code,20,Other (Logic),1,"The bug report has no description, making it impossible to determine the root cause. 'Other (Logic)' is a broad category that could encompass the issue, given the lack of information."
Closure-162,Issue Report,20,Other (Logic),1,"The bug report lacks a description, so the nature of the issue is unknown. 'Other (Logic)' is a broad category that can encompass any semantic or logical fault not explicitly covered by the other categories, and is appropriate given the limited information."
JacksonDatabind-52,Issue Report,825,Processing,5,"The core issue is that an external property is not being deserialized correctly, leading to a null value after the deserialization process. This indicates an incorrect implementation of the deserialization logic."
Jsoup-64,Issue Report,1904,Processing,5,"The bug report describes incorrect parsing of HTML, specifically the handling of self-closing tags like `<style />` and `<title />`, leading to incorrect HTML escaping of the rest of the document. This falls under incorrect implementation logic."
Lang-22,"[LANG-662] org.apache.commons.lang3.math.Fraction does not reduce (Integer.MIN_VALUE, 2^k) - ASF JIRA",1750,Processing,5,"The bug report describes an incorrect implementation in the Fraction class's greatestCommonDivisor method, leading to incorrect reduction of fractions with Integer.MIN_VALUE as the numerator. The provided test cases demonstrate the expected and actual behavior, confirming a miscalculation."
Math-60,[MATH-414] ConvergenceException in NormalDistributionImpl.cumulativeProbability() - ASF JIRA,1981,Exception handling,5,"The bug report explicitly mentions a ConvergenceException being thrown and suggests a change in exception handling to catch and handle it for large/small values, indicating an issue with exception management in NormalDistributionImpl.cumulativeProbability()."
Mockito-7,Issue Report,2307,Exception handling,4,"The bug report describes an exception being thrown during deep stubbing of generic responses. The root cause appears to be related to how generics are handled in the stubbing process, but the immediate symptom is an uncaught exception."
Closure-135,Issue Report,20,Other (Logic),1,"With no description, the root cause is unknown. The most general category, Other (Logic), is selected, with a low confidence score due to the lack of information."
Compress-38,[COMPRESS-356] PAX header entry name ending with / causes problems - ASF JIRA,1965,Processing,5,"The bug report describes incorrect parsing of PAX headers in tar archives, specifically when the name ends with a forward slash. This leads to `isDirectory()` returning true incorrectly and subsequent failures in reading the entry content, indicating a flaw in the processing logic."
Cli-36,[CLI-266] HelpFormatter#setOptionComparator(null) doesn't display the values in inserted order - ASF JIRA,1766,Processing,5,"The bug report describes an issue where the order of options displayed by the HelpFormatter is incorrect when the option comparator is set to null, indicating incorrect processing of the options during display. The suggested fix involves using a LinkedHashMap to preserve insertion order, further solidifying the processing category."
Jsoup-33,Issue Report,793,Processing,5,"The bug report describes an issue where the HTML parser incorrectly handles self-closing script tags, leading to the remainder of the document being HTML-escaped. This is due to a flaw in the parsing logic, indicating a processing error."
JacksonCore-24,Issue Report,1460,Exception handling,5,"The bug report explicitly discusses the need for a new exception type (InputCoercionException) to handle specific failure cases during input coercion, indicating a problem with current exception handling practices. The existing JsonParseException is deemed insufficiently specific."
Math-37,"[MATH-722] [math] Complex Tanh for ""big"" numbers - ASF JIRA",1875,Processing,5,"The bug report describes an issue with the tanh function calculation for large numbers, specifically that it returns NaN instead of 1.0 due to infinity/infinity. This is a clear case of incorrect implementation logic and miscalculation in the tanh function."
Closure-123,Issue Report,20,Other (Logic),1,"Due to the absence of a description, the nature of the issue is completely unknown. 'Other (Logic)' is a broad category and seems most applicable when there's no specific information to categorize the error."
JacksonDatabind-13,Issue Report,898,Missing case,4,"The issue describes a situation where a null or missing Object Id is encountered during deserialization, which isn't currently handled. Adding a feature to handle this scenario, potentially with an exception handling option, addresses the missing case."
Jsoup-25,Issue Report,781,Processing,5,"The bug report states that Jsoup is not preserving whitespace for <textArea> tags, indicating incorrect processing of HTML elements. This suggests a flaw in the library's implementation logic."
Cli-20,[CLI-165] PosixParser keeps processing tokens after a non unrecognized long option - ASF JIRA,1244,Processing,5,"The bug report clearly describes an incorrect implementation of argument parsing logic, where tokens after an unrecognized option are processed incorrectly instead of being treated as is. This indicates a flaw in the algorithm or method used to parse command-line arguments."
Lang-63,[LANG-281] DurationFormatUtils returns wrong result - ASF JIRA,1806,Processing,5,"The bug report describes an incorrect result from DurationFormatUtils, indicating a flaw in the implementation logic of the formatting process. The provided code snippet demonstrates the issue where the formatted duration is significantly off."
Compress-1,[COMPRESS-28] CPIO reports unexpected EOF - ASF JIRA,2313,Exception handling,5,The bug report explicitly mentions an `EOFException` being thrown during the CPIO archive unpacking process. This clearly falls under the category of exception handling.
JacksonDatabind-100,Issue Report,764,Processing,5,"The bug report describes an incorrect implementation of `TreeTraversingParser#getBinaryValue` where the specified Base64 variant is ignored, leading to incorrect binary value processing. This falls squarely under incorrect implementation logic."
Gson-11,Allow deserialization of a Number represented as a String #964,3701,Processing,5,The bug report describes an issue where deserialization of a number represented as a string fails for the Number class but works for the int class. This indicates an incorrect implementation of the deserialization logic for the Number class.
Math-21,[MATH-789] Correlated random vector generator fails (silently) when faced with zero rows in covariance matrix - ASF JIRA,4570,Processing,5,"The bug report describes incorrect results from the CorrelatedRandomVectorGenerator due to an issue in the RectangularCholeskyDecomposition, which is a core processing step in the algorithm. The matrices with zero rows are not handled correctly during the decomposition, leading to an incorrect rank and ultimately wrong results."
JacksonDatabind-44,Issue Report,753,Processing,4,The bug report describes an issue where properties from super-types are not properly resolved during sub-type resolution when using defaultImpl. This indicates an incorrect implementation of the processing logic related to polymorphic type handling.
Closure-174,Issue Report,20,Other (Logic),1,"With no description, it's impossible to pinpoint the error. 'Other (Logic)' is a broad category that could potentially encompass any unspecified logic-related error."
Jsoup-72,Issue Report,713,Exception handling,5,"The bug report title explicitly mentions a StringIndexOutOfBoundsException, which is an exception. This indicates an issue with exception handling within the jsoup library."
Collections-23,[COLLECTIONS-495] UnmodifiableTrie should not decorate an already unmodifiable Trie - ASF JIRA,1095,Other (Logic),5,"The bug report describes an issue where an already unmodifiable Trie is unnecessarily decorated again. This is a logic error, as the desired behavior is to return the object itself when it's already unmodifiable, preventing redundant operations."
Math-99,"[MATH-243] MathUtils.gcd(Integer.MIN_VALUE, 0) should throw an Exception instead of returning Integer.MIN_VALUE - ASF JIRA",1288,Exception handling,5,"The bug report explicitly states that an exception should be thrown in a specific case (gcd(Integer.MIN_VALUE, 0)) where it currently doesn't, aligning directly with the definition of the Exception handling category."
JacksonCore-4,Issue Report,1947,Buffer overflow,5,The ArrayIndexOutOfBoundsException caused by System.arraycopy indicates a buffer overflow. The key length exceeds the allocated buffer size in TextBuffer.
Math-76,[MATH-320] NaN singular value from SVD - ASF JIRA,1696,Processing,5,"The bug report describes an incorrect calculation of singular values in the SVD implementation, leading to a NaN value when a value close to zero is expected. This indicates a flaw in the algorithmic steps or mathematical operations within the SVD calculation process."
Closure-71,Issue Report,20,Other (Logic),1,"Since there is absolutely no description, it's impossible to determine the cause of the issue. ""Other (Logic)"" is a very general category, and the confidence is very low."
Time-8,Issue Report,702,Missing case,5,"The `DateTimeZone.forOffsetHoursMinutes` method does not handle negative offsets less than one hour due to argument range checking, indicating a missing case in the implementation's logic."
JacksonDatabind-3,Issue Report,1358,Dependency,5,"The bug report explicitly mentions a regression introduced by updating the Jackson library version from 2.3.3 to 2.4.0, indicating a dependency issue."
JacksonDatabind-87,Issue Report,1069,Processing,5,"The bug report describes a change in how dates are deserialized, leading to incorrect values being produced. This points to an error in the processing logic of the StdDateFormat class."
Mockito-12,Code,20,Other (Logic),1,"Due to the lack of description, it's impossible to determine the specific cause of the bug. However, with just ""Code"" as the title, a general logic error is a possibility, although highly uncertain."
Closure-158,Issue Report,20,Other (Logic),1,"The bug report lacks a description, making it impossible to determine the specific fault. Without further information, 'Other (Logic)' seems like the most general category that might apply to an unspecified error."
Closure-26,Issue Report,20,Other (Logic),1,"Given the extremely vague description, the issue is likely semantic or logic-related since there's no specific information about memory, concurrency, or other issues. It's difficult to assign a higher confidence score."
JacksonDatabind-68,Issue Report,3499,Processing,5,"The bug report indicates that the `ACCEPT_SINGLE_VALUE_AS_ARRAY` deserialization feature is not working as expected, resulting in an `InputMismatchException`. This suggests an error in the processing logic of the deserialization process within the Jackson library."
Lang-6,[LANG-857] StringIndexOutOfBoundsException in CharSequenceTranslator - ASF JIRA,2160,Exception handling,5,"The bug report clearly states that a StringIndexOutOfBoundsException is being thrown. This indicates an issue with how the code handles string indices, which falls under exception handling."
Jsoup-48,Issue Report,2347,Processing,5,"The bug report describes an issue where duplicate response headers are not being handled correctly by Jsoup. The provided code snippet shows the incorrect logic and the proposed fix, clearly indicating a processing error in how headers are handled."
Collections-19,[COLLECTIONS-444] SetUniqueList may become inconsistent - ASF JIRA,1948,Processing,5,"The bug report describes a scenario where the `SetUniqueList`'s internal set and list become inconsistent due to incorrect logic in the `set` method, leading to `get()` and `contains()` returning conflicting results. This directly relates to flawed algorithmic steps in the implementation of the `set` method."
JacksonDatabind-91,Issue Report,3142,Dependency,5,"The bug report indicates that the deserialization process worked in version 2.9.1 but fails in 2.9.2. This suggests a breaking change or regression in the library or one of its dependencies (like Jackson), making 'Dependency' the most fitting category."
Closure-30,Issue Report,20,Other (Logic),1,"The bug report has no description, making it impossible to determine the root cause. Given the lack of information, 'Other (Logic)' is the most general category that could apply."
Compress-43,[COMPRESS-394] [Zip] Local `Version Needed To Extract` does not match Central Directory - ASF JIRA,2702,Processing,5,"The bug report describes an issue where the `version needed to extract` field is calculated incorrectly in the local file header of a ZIP archive. This leads to a mismatch with the central directory, indicating a flaw in the algorithmic steps for setting this field."
Jsoup-7,Issue Report,582,Processing,5,"The bug report indicates that the Jsoup library is generating a malformed HTML tree, specifically with multiple body elements not correctly nested. This suggests an error in the library's processing of the HTML input."
Closure-88,Issue Report,20,Other (Logic),1,"The bug report provides no details about the issue. Without any description, the most fitting category is 'Other (Logic)' because it encompasses general semantic or logic-related faults that don't fall into the other specified categories."
Compress-14,"[COMPRESS-181] Tar files created by AIX native tar, and which contain symlinks, cannot be read by TarArchiveInputStream - ASF JIRA",4019,Processing,5,"The bug report indicates an issue with parsing the TAR header, specifically an 'IllegalArgumentException' due to an invalid byte sequence. This suggests incorrect implementation logic in the TarArchiveInputStream class for handling TAR headers from AIX systems."
Closure-119,Issue Report,20,Other (Logic),1,"The bug report lacks a description, making it impossible to determine the root cause. Without more information, 'Other (Logic)' seems like the most general category that could encompass a wide range of potential logic errors."
JacksonDatabind-29,Handle null type id for polymorphic values that use external type id #942,6703,Missing case,5,"The bug report describes a situation where a polymorphic value is null but an external type id is present. The code was throwing an exception in this scenario, indicating a missing case in handling null polymorphic values."
Closure-67,Issue Report,20,Other (Logic),1,"The bug report has no description, implying a potential issue with logic or functionality. Without more information, 'Other (Logic)' seems the most suitable, though the confidence is low."
Lang-59,[LANG-299] Bug in method appendFixedWidthPadRight of class StrBuilder causes an ArrayIndexOutOfBoundsException - ASF JIRA,1972,Processing,5,"The bug report describes an incorrect implementation logic in the appendFixedWidthPadRight method, where it uses strLen instead of width in str.getChars(), leading to an ArrayIndexOutOfBoundsException. This falls directly under flawed algorithmic steps."
Csv-11,"[CSV-122] NullPointerException when empty header string and and null string of """" - ASF JIRA",1129,Null pointer dereference,5,The bug report explicitly states that a NullPointerException is thrown when a specific configuration (empty header and null string) is used. This directly indicates a null pointer dereference issue.
Math-83,[MATH-286] SimplexSolver not working as expected? - ASF JIRA,2912,Processing,5,"The bug report describes a situation where the SimplexSolver is not returning the optimal solution and does not satisfy all constraints, indicating incorrect implementation logic or a flaw in the algorithm's steps. The reported values are different from what is expected, which falls under the processing category."
Csv-2,[CSV-96] CSVRecord does not verify that the length of the header mapping matches the number of values - ASF JIRA,1234,Exception handling,5,The bug report clearly indicates that an ArrayIndexOutOfBoundsException is thrown when the header mapping size doesn't match the number of values. This signifies an improper exception handling scenario where the code doesn't gracefully handle the mismatch and results in an unhandled exception.
Closure-10,Issue Report,20,Other (Logic),1,"The bug report lacks a description, making it impossible to determine the root cause. However, since no other category is clearly applicable without a description, 'Other (Logic)' serves as a general catch-all for unknown logical errors."
JxPath-7,[JXPATH-93] Binary operators behaviour involving node-sets is incorrect - ASF JIRA,2416,Processing,5,"The bug report clearly describes an incorrect implementation of binary operators (greaterThan, lesserThan, etc.) when dealing with node-sets in JXPath. The description highlights that the actual behavior deviates from the XPath specification, indicating an issue with the processing logic."
Mockito-24,Code,20,Other (Logic),1,"With no description, the bug could be anything. 'Other (Logic)' is a general category to encompass unknown logic-related errors."
Jsoup-87,Issue Report,4421,Processing,5,"The bug report describes incorrect parsing of HTML when the `preserveCase` setting is enabled. The provided code example demonstrates that the parsed HTML structure is wrong, indicating a flaw in the parsing logic itself."
Jsoup-68,Issue Report,733,Exception handling,5,"The bug report explicitly mentions a 'java.lang.StackOverflowError', which is an exception. The issue is therefore related to exception handling or, more precisely, the lack of it leading to the stack overflow."
JacksonXml-4,Issue Report,982,Processing,5,The bug report describes an incorrect implementation where the `withRootName` configuration is not being used when serializing null values. It identifies a specific line of code where the configured root name should be used instead of a default value.
Codec-7,[CODEC-99] Base64.encodeBase64String() shouldn't chunk - ASF JIRA,2045,Processing,5,"The bug report describes an incorrect implementation of Base64 encoding, specifically related to chunking the output string. The fix involves modifying the `encodeBase64` method to disable chunking, indicating a flaw in the processing logic."
Compress-34,"[COMPRESS-321] Exception in X7875_NewUnix.parseFromLocalFileData when parsing 0-sized ""ux"" local entry - ASF JIRA",3812,Exception handling,5,"The bug report clearly states that an `ArrayIndexOutOfBoundsException` is thrown during the parsing of a zip file entry. This falls directly under the category of exception handling, as the program fails to handle the case where a zip entry has a 0-sized 'ux' field."
Closure-139,Issue Report,20,Other (Logic),1,"With no description provided, it's impossible to determine the exact nature of the bug. 'Other (Logic)' is the most general category to encompass unknown semantic or logic-related errors."
Closure-47,Issue Report,20,Other (Logic),1,"Due to the lack of any description, it's impossible to determine the exact cause of the issue. ""Other (Logic)"" is chosen as a general catch-all with low confidence."
Closure-51,Issue Report,20,Other (Logic),1,"The bug report lacks a description, making it impossible to determine the root cause. Due to the absence of information, 'Other (Logic)' seems the most appropriate, albeit with low confidence."
Compress-22,[COMPRESS-253] BZip2CompressorInputStream reads fewer bytes from truncated file than CPython's bz2 implementation - ASF JIRA,1465,Processing,5,The bug report describes a difference in the number of bytes read from a truncated bzip2 file between the Java implementation (BZip2CompressorInputStream) and the Python implementation. This indicates an error in the processing logic of the Java implementation for handling truncated files.
Jsoup-29,Issue Report,1541,Processing,5,"The bug report describes an issue where Jsoup is not correctly parsing the title from a webpage, resulting in extra newline characters and whitespace. This falls under incorrect implementation logic related to how the title is extracted and processed."
JacksonCore-8,Issue Report,1005,Processing,5,"The bug report describes inconsistent behavior of the `getTextBuffer` method, indicating a flaw in the processing logic of the `TextBuffer` class. The method returns different values (null and an empty array) under similar conditions, which suggests an error in the implementation."
Lang-38,[LANG-538] DateFormatUtils.format does not correctly change Calendar TimeZone in certain situations - ASF JIRA,2477,Processing,5,The bug report indicates that `DateFormatUtils.format` is producing incorrect output because the Calendar object's fields are not correctly updated after setting the time zone. Calling `Calendar.getTime()` as a workaround suggests a flaw in how the date formatting is processing the Calendar object's state.
Math-95,[MATH-227] denominatorDegreeOfFreedom in FDistribution leads to IllegalArgumentsException in UnivariateRealSolverUtils.bracket - ASF JIRA,2200,Processing,5,"The bug report describes a calculation error in the FDistribution's getInitialDomain() method which leads to a division-by-zero error and consequently an IllegalArgumentException, indicating incorrect implementation logic."
Mockito-32,Code,20,Other (Logic),1,"Without a description, it's impossible to determine the bug's nature, but a generic logic error is the most plausible category given the lack of information."
JacksonDatabind-48,Issue Report,2820,Processing,5,"The issue is that the `BasicClassIntrospector` is incorrectly identifying properties based on getter/setter methods even when `AUTO_DETECT_GETTERS` and `AUTO_DETECT_SETTERS` are disabled, indicating a flaw in the logic of property detection."
Time-4,Issue Report,1374,Processing,5,"The core issue involves incorrect behavior when constructing and comparing `Partial` objects, specifically when dealing with potentially conflicting or duplicate `DateTimeFieldType` instances. This suggests a flaw in the processing logic of the `Partial` class related to handling date/time fields."
Closure-92,Issue Report,20,Other (Logic),1,"The bug report is empty and provides no information. Since there is no specific information, a general logic error seems the most appropriate, though the confidence is low due to the lack of detail."
JacksonCore-12,Issue Report,2007,Processing,5,"The bug report clearly describes incorrect logic in the JsonParser's `getTokenLocation()` method, specifically that it doesn't update after encountering field names, leading to inaccurate location information. This is a flaw in the processing of tokens and their associated metadata."
Math-100,[MATH-200] AbstractEstimator: getCovariances() and guessParametersErrors() crash when having bound parameters - ASF JIRA,1780,Processing,5,"The bug report describes an incorrect calculation in `getCovariances()` and `guessParametersErrors()` where the code loops through all parameters instead of just unbound parameters when calculating the Jacobian, leading to an ArrayOutOfBounds exception. This falls under incorrect implementation logic."
Closure-103,Issue Report,20,Other (Logic),1,"Given the absence of a description, it's impossible to pinpoint the exact issue. 'Other (Logic)' serves as the broadest category to accommodate a potential logical error."
JacksonDatabind-33,Issue Report,1902,Processing,5,The bug report describes a case where the @JsonUnwrapped annotation doesn't work as expected without an explicit @JsonProperty annotation. This indicates incorrect implementation logic in the Jackson library regarding how it handles @JsonUnwrapped on private fields.
Math-56,[MATH-552] MultidimensionalCounter.getCounts(int) returns wrong array of indices - ASF JIRA,1346,Processing,5,"The bug report clearly states that the `MultidimensionalCounter.getCounts(int)` method returns the wrong array of indices, which indicates an error in the method's implementation logic. The provided example shows that the method incorrectly calculates the indices for certain iterations."
Codec-12,"[CODEC-130] Base64InputStream.skip skips underlying stream, not output - ASF JIRA",1860,Processing,5,"The bug report describes an incorrect implementation of the `skip()` method in `Base64InputStream`. The method skips bytes in the underlying stream instead of the decoded output, leading to incorrect behavior."
Lang-14,[LANG-786] StringUtils equals() relies on undefined behavior - ASF JIRA,2149,Processing,5,"The bug report describes an incorrect implementation of the `StringUtils.equals()` method, where it relies on `CharSequence#equals(Object)` despite its undefined behavior according to the JavaDoc. This leads to incorrect results when comparing `CharSequence` objects, fitting the definition of incorrect processing logic."
Jsoup-52,Issue Report,857,Processing,5,"The bug report describes an issue where Jsoup is not correctly detecting the charset of an XML document, leading to incorrect charset information being returned. This falls under incorrect implementation logic, specifically in how the charset is determined and processed."
JacksonDatabind-64,Issue Report,624,Processing,5,The bug report describes a scenario where the `@JsonInclude` annotation with `NON_DEFAULT` is not functioning as expected for suppressing null values of String type. This indicates an error in the processing logic of the JSON serialization/deserialization library.
Closure-154,Issue Report,20,Other (Logic),1,"The bug report has no description, so the cause is unknown. However, the issue likely relates to some form of logical error in the code that is manifesting as an issue."
Closure-7,Issue Report,20,Other (Logic),1,"Since there is no description provided, it is impossible to determine the specific type of bug. I chose 'Other (Logic)' as a general catch-all, but the confidence is low due to the lack of information."
Math-40,[MATH-716] BracketingNthOrderBrentSolver exceeds maxIterationCount while updating always the same boundary - ASF JIRA,1621,Processing,5,"The bug report describes a flaw in the algorithm of the `BracketingNthOrderBrentSolver`. The solver fails to rebalance the bracketing interval due to an inaccurate inverse polynomial approximation, leading to incorrect updates."
Time-17,#141 Bug on withLaterOffsetAtOverlap method,1692,Processing,5,"The bug report clearly demonstrates that the `withLaterOffsetAtOverlap` method is not working as expected. The code example shows that the method fails to correctly adjust the offset, indicating an error in the implementation logic."
Collections-15,[COLLECTIONS-304] SetUniqueList set method use corrupts uniqness - ASF JIRA,1927,Processing,5,"The bug report describes incorrect behavior in the `SetUniqueList` class when using the `set` and `add` methods, leading to violations of the uniqueness constraint. This indicates a flaw in the implementation logic of these methods."
Jsoup-44,Issue Report,2054,Processing,5,"The bug report describes an incorrect handling of malformed HTML, resulting in elements being moved to the wrong location in the parsed document. This indicates a flaw in the processing logic of the HTML parser."
Closure-142,Issue Report,20,Other (Logic),1,"The bug report lacks a description. Without a description, it's impossible to determine the root cause but, the vague title ""Issue Report"" suggests a general logical error."
JacksonDatabind-72,Issue Report,1785,Exception handling,5,The bug report clearly indicates an ArrayIndexOutOfBoundsException. This falls under exception handling as the application fails to appropriately handle this exception during deserialization.
Math-17,[MATH-778] Dfp Dfp.multiply(int x) does not comply with the general contract FieldElement.multiply(int n) - ASF JIRA,1257,Processing,5,"The bug report states that the `multiply(int n)` method in `Dfp` class has an unexpected limitation on the input value `n`, which violates the general contract. This indicates an incorrect implementation logic or miscalculation within the method."
Gson-3,Issue Report,1181,Exception handling,5,The bug report describes an IllegalArgumentException being thrown during deserialization of a ConcurrentNavigableMap. This indicates an issue with exception handling within the Gson library when dealing with this specific data structure.
Lang-55,"[LANG-315] StopWatch: suspend() acts as split(), if followed by stop() - ASF JIRA",1981,Processing,5,"The bug report describes an incorrect behavior of the StopWatch's suspend() and stop() methods. The stop() method incorrectly includes time during which the StopWatch was suspended, indicating a flaw in the processing logic of the time calculation."
Cli-16,[CLI-123] the minimum and maximum constraints on a group do not take other groups into account - ASF JIRA,1536,Processing,5,"The bug report describes an issue where group constraints are not correctly enforced due to the `hasOption` method returning incorrect values. This results in flawed algorithmic steps in determining the presence of options within groups, leading to processing errors."
Jsoup-13,Issue Report,629,Processing,4,The issue describes incorrect logic in how the `Elements.attr()` method handles attribute prefixes when checking for the existence of an attribute using `element.hasAttr()`. This results in the method returning an empty string when it should be retrieving the attribute value.
Closure-84,Issue Report,20,Other (Logic),1,"Given the lack of description, it's impossible to determine the exact nature of the bug. Assuming it's an issue report, a general logic error seems the most plausible, albeit with very low confidence."
JacksonDatabind-25,Issue Report,3143,Exception handling,5,"The bug report describes an `IllegalArgumentException` during deserialization. The provided code example demonstrates how incorrect annotation usage leads to this exception, indicating a problem with how exceptions are handled or propagated during the deserialization process."
Closure-115,Issue Report,20,Other (Logic),1,"The bug report has no description. Without more information, it's impossible to classify it into a specific category other than a generic logic error."
Compress-18,[COMPRESS-203] Long directory names can not be stored in a tar archive because of error when writing PAX headers - ASF JIRA,3473,Processing,5,"The bug report describes an incorrect assumption about the length of data written for directory entries in TAR archives, leading to an IOException when the actual length exceeds the expected length. This falls under incorrect implementation logic."
Cli-17,[CLI-163] PosixParser keeps bursting tokens even if a non option character is found - ASF JIRA,1131,Processing,5,"The bug report describes incorrect parsing logic in the PosixParser, specifically how it handles non-option characters when stopAtNonOption is enabled. This falls directly under incorrect implementation logic."
Jsoup-12,Issue Report,640,Processing,5,The bug report describes a failure in the selector logic of jsoup when handling CSS selectors with attribute regex matching and combinators. This indicates an error in the implementation of the selector processing.
Closure-85,Issue Report,20,Other (Logic),1,"The bug report provides no description, which makes it impossible to determine the nature of the issue. It is most likely a logical error, but very little information is available."
JacksonDatabind-24,Issue Report,2730,Processing,5,The bug report describes an incorrect serialization of Joda DateTime objects where the time zone is unexpectedly changed due to a change in Jackson's behavior when setting the DateFormat. This indicates a flaw in the processing of date/time values during serialization.
Closure-114,Issue Report,20,Other (Logic),1,"The bug report provides no description, making it impossible to determine the specific issue. However, assuming it is a functional problem rather than a technical one, a broad logical error category is most suitable."
Compress-19,[COMPRESS-228] ZipException on reading valid zip64 file - ASF JIRA,1628,Exception handling,5,The core issue is a `ZipException` being thrown when reading a valid zip64 file. This clearly indicates a problem with the exception handling or error condition related to zip file processing.
Math-16,"[MATH-905] FastMath.[cosh, sinh] do not support the same range of values as the Math counterparts - ASF JIRA",1724,Processing,5,"The bug report describes incorrect calculation of cosh and sinh functions in FastMath compared to Math due to overflow issues when using exp(x)/2. This falls under incorrect implementation logic and flawed algorithmic steps, which is best categorized as Processing."
Gson-2,Fix type hierarchy adapters to do a runtime check. #719,4330,Exception handling,5,"The bug report describes a scenario where decoding JSON as a Car, when it's actually a Truck (given a Vehicle type hierarchy adapter), should throw an exception. The fix involves adding a runtime check, suggesting that the original implementation lacked proper exception handling for type mismatches."
Lang-54,[LANG-328] LocaleUtils.toLocale() rejects strings with only language+variant - ASF JIRA,1588,Missing case,5,The bug report indicates that `LocaleUtils.toLocale()` throws an exception when provided with a locale string that contains a language and a variant but no country code. This signifies a missing case in the implementation where this specific input scenario was not properly handled.
Time-16,#148 DateTimeFormatter.parseInto broken when no year in format,441,Processing,5,The bug report describes incorrect behavior in the `parseInto` method where it overwrites the year with a default value instead of using the year from the given instant. This indicates a flaw in the processing logic of the `DateTimeFormatter`.
Collections-14,[COLLECTIONS-294] Fix case-insensitive string handling - ASF JIRA,1251,Processing,5,"The bug report explicitly mentions that the CaseInsensitiveMap behavior is platform-dependent, indicating an incorrect or inconsistent implementation of case-insensitive string handling, which falls under incorrect processing logic. The fix addresses the incorrect behavior."
Cli-40,[CLI-282] TypeHandler should throw ParseException for an unsupported class - ASF JIRA,1177,Exception handling,5,"The bug report describes a situation where a `ParseException` should be thrown according to the JavaDoc, but instead, `null` is returned. This indicates a missing or improper exception handling scenario."
Closure-143,Issue Report,20,Other (Logic),1,"The bug report has no description, making it impossible to determine the specific type of bug. 'Other (Logic)' is a general category that can encompass any logical fault."
JacksonDatabind-73,Issue Report,1466,Processing,4,The bug report describes an issue where the `@JsonProperty(access = Access.READ_ONLY)` annotation does not prevent deserialization as expected. This indicates an incorrect implementation of the deserialization logic related to the annotation.
Math-41,[MATH-704] One of Variance.evaluate() methods does not work correctly - ASF JIRA,1503,Processing,5,"The bug report states that the Variance.evaluate() method calculates the variance incorrectly by ignoring the 'length' parameter, leading to miscalculations. This falls under incorrect implementation logic."
Jsoup-53,Issue Report,804,Exception handling,5,The bug report clearly states that a `SelectorParseException` is being thrown due to unbalanced parentheses or brackets in the selector. This indicates an issue with exception handling when parsing invalid selectors.
Closure-155,Issue Report,20,Other (Logic),1,"The bug report lacks any description, making it impossible to pinpoint a specific category. 'Other (Logic)' serves as a general category for unspecified logical faults."
Closure-6,Issue Report,20,Other (Logic),1,"With no description provided, it's impossible to determine the specific cause of the issue. ""Other (Logic)"" is a very general category that can apply when the root cause is unknown."
Math-57,[MATH-546] Truncation issue in KMeansPlusPlusClusterer - ASF JIRA,1512,Processing,5,"The bug report describes a calculation error caused by using an integer variable where a double is required, leading to truncation and incorrect cluster assignments. This falls directly under incorrect implementation logic and flawed algorithmic steps."
Codec-13,[CODEC-184] NullPointerException in DoubleMetaPhone.isDoubleMetaphoneEqual when using empty strings - ASF JIRA,1313,Null pointer dereference,5,The bug report clearly states that a NullPointerException is thrown when calling isDoubleMetaphoneEqual with empty strings. This indicates a null pointer dereference within the method's implementation.
Lang-15,[LANG-775] TypeUtils.getTypeArguments() misses type arguments for partially-assigned classes - ASF JIRA,1771,Processing,5,The bug report describes an incorrect implementation of `TypeUtils.getTypeArguments()` which fails to correctly identify type arguments for partially assigned classes. This falls under incorrect implementation logic.
JacksonCore-13,Fix UTF8JsonGenerator to allow QUOTE_FIELD_NAMES to be toggled. #246,3698,Processing,4,"The bug report discusses toggling QUOTE_FIELD_NAMES in UTF8JsonGenerator, which directly relates to the processing logic of generating JSON. The fix modifies the way field names are processed and outputted."
Math-101,"[MATH-198] java.lang.StringIndexOutOfBoundsException in ComplexFormat.parse(String source, ParsePosition pos) - ASF JIRA",1958,Exception handling,5,The bug report clearly states that a StringIndexOutOfBoundsException is being thrown due to a missing check before accessing a substring. This falls squarely into the category of missing proper exception handling.
Closure-102,Issue Report,20,Other (Logic),1,"The bug report lacks a description, making it impossible to determine the root cause. Without more information, a general logic error is the most plausible, though uncertain, categorization."
JacksonDatabind-32,Issue Report,1939,Missing case,5,"The deserializer doesn't handle the case where an empty JSON object `{}` is mapped to a java.lang.Object, leading to an error. This indicates a missing case in the deserialization logic."
Time-5,Issue Report,1792,Exception handling,5,"The bug report explicitly states that an `UnsupportedOperationException` is thrown. The exception occurs when using a non-standard PeriodType, indicating a problem with how the library handles this specific case."
Lang-42,[LANG-480] StringEscapeUtils.escapeHtml incorrectly converts unicode characters above U+00FFFF into 2 characters - ASF JIRA,1749,Processing,5,The bug report describes an incorrect conversion of Unicode characters by StringEscapeUtils.escapeHtml. This is a flaw in the processing logic of the function.
Jsoup-90,Issue Report,1938,Exception handling,5,The bug report clearly indicates an `ArrayIndexOutOfBoundsException` is being thrown during the parsing process. This falls under the category of exception handling as the program is not properly handling this exception.
Mockito-33,Code,20,Other (Logic),1,"Given the lack of a description, it is impossible to determine the nature of the bug. 'Other (Logic)' seems like the most encompassing category in this situation, with very low confidence."
JacksonDatabind-49,Issue Report,2215,Processing,5,"The bug report describes incorrect serialization of forward references in Jackson's JsonIdentityInfo feature, which is a processing logic error. The provided code example and explanation clearly demonstrate that the same object is being serialized with different IDs due to the logic within BeanSerializerBase."
JacksonCore-9,Issue Report,1033,Processing,5,"The bug report describes incorrect output of JsonParser.getValueAsString() for JsonToken.FIELD_NAME. It should return the field name, but currently returns null, which is a processing error."
Lang-39,[LANG-552] StringUtils replaceEach - Bug or Missing Documentation  - ASF JIRA,2019,Null pointer dereference,5,The bug report indicates a null pointer exception occurs when a null value is passed in the `replacementList` of the `replaceEach` method. This aligns directly with the definition of a null pointer dereference.
Math-94,"[MATH-238] MathUtils.gcd(u, v) fails when u and v both contain a high power of 2 - ASF JIRA",1306,Processing,5,"The bug report describes an issue in MathUtils.gcd() where the initial check for zero arguments fails due to integer overflow. This results in incorrect behavior related to the GCD calculation, which falls under incorrect implementation logic."
Closure-50,Issue Report,20,Other (Logic),1,"Given the lack of description, it is impossible to determine the specific nature of the bug. It defaults to a general logic error due to the absence of detail."
Compress-23,[COMPRESS-256] 7z: 16 MB dictionary is too big - ASF JIRA,2354,Exception handling,5,The bug report clearly indicates an `org.tukaani.xz.UnsupportedOptionsException` being thrown due to the LZMA dictionary size being too large. This falls under improper exception handling within the Apache Commons Compress library when dealing with 7z archives.
Jsoup-28,Issue Report,2011,Processing,5,"The core issue is that Jsoup incorrectly unescapes URL parameters, mistaking them for HTML entities. This indicates flawed logic in the processing of the HTML content."
Compress-35,[COMPRESS-335] TAR checksum fails when checksum is right aligned - ASF JIRA,1316,Processing,5,"The bug report describes an issue where the TAR checksum validation logic is flawed due to incorrect handling of zero-padded checksums, leading to valid archives being treated as invalid. This falls under incorrect implementation logic."
Closure-138,Issue Report,20,Other (Logic),1,"Given the lack of description, it's impossible to determine the exact cause. However, a generic 'issue' suggests a logical or semantic problem might exist."
Closure-46,Issue Report,20,Other (Logic),1,"The bug report lacks a description, making it impossible to pinpoint the exact cause. However, ""Other (Logic)"" is a general category to capture semantic or logical errors."
Codec-6,[CODEC-101] Base64InputStream#read(byte[]) incorrectly returns 0 at end of any stream which is multiple of 3 bytes long - ASF JIRA,1376,Processing,5,The bug report describes an incorrect return value (0) from the `Base64InputStream#read(byte[])` method when the stream length is a multiple of 3 bytes. This indicates an error in the implementation logic of the read operation.
Closure-11,Issue Report,20,Other (Logic),1,"Given the lack of description, it's impossible to determine the exact nature of the bug. However, an ""Issue Report"" with no description most likely indicates a general logical problem or missing functionality within the system."
JxPath-6,[JXPATH-94] equality test for multi-valued variables does not conform to spec - ASF JIRA,1107,Processing,5,"The bug report describes an incorrect comparison of a multi-valued variable in JXPath, which is a flaw in the processing logic of the JXPath engine. The expected behavior (iterating through the variable's components) is not implemented correctly."
Mockito-25,Code,20,Other (Logic),1,"Due to the lack of a description, it is impossible to determine the specific nature of the bug, but ""Other (Logic)"" is the most general category for a code-related issue. The confidence is low because there is no information to go on."
Jsoup-86,Issue Report,926,Exception handling,5,"The bug report explicitly states that an `IndexOutOfBoundsException` is being thrown while parsing HTML content. This falls directly under the category of exception handling, as the exception is not being properly handled by the Jsoup library."
Jsoup-69,Issue Report,1287,Processing,5,"The bug report describes a discrepancy between the expected state of the form data after removing an element and the actual form data. The form data is not being updated correctly after the node removal, which indicates incorrect processing logic."
JacksonXml-5,Issue Report,1474,Processing,5,The bug report describes an issue where the `@JacksonXmlRootElement` annotation is not being correctly applied during XML serialization with multiple `XmlMapper` instances and disabling annotations in one of them. This indicates a problem with the processing logic within the Jackson library regarding annotation handling and configuration.
Math-82,[MATH-288] SimplexSolver not working as expected 2 - ASF JIRA,3033,Processing,5,The SimplexSolver is producing an incorrect result for a linear programming problem. The provided code and expected output demonstrate a clear miscalculation or algorithmic error within the SimplexSolver's processing logic.
Csv-3,[CSV-58] Unescape handling needs rethinking - ASF JIRA,1656,Processing,5,The bug report describes incorrect logic in the escape parsing mechanism of the CSV parser. It highlights how unrecognized escape sequences are currently handled and suggests alternative solutions.
Lang-58,[LANG-300] NumberUtils.createNumber throws NumberFormatException for one digit long - ASF JIRA,1397,Exception handling,5,The bug report indicates a `NumberFormatException` is thrown when parsing specific inputs. This falls directly under the 'Exception handling' category as it involves an unexpected exception being raised.
Csv-10,[CSV-120] CSVFormat#withHeader doesn't work with CSVPrinter - ASF JIRA,1386,Processing,5,"The bug report describes CSVPrinter not supporting the withHeader functionality, which is a case of incorrect implementation logic in how CSVPrinter processes headers. This is a processing issue where the expected output isn't being generated due to a flaw in the printer's logic."
Closure-89,Issue Report,20,Other (Logic),1,"The bug report lacks a description, making it impossible to determine the specific issue. Because the bug is unknown, but presumably impacts program behavior, it falls into the general ""Other (Logic)"" category, albeit with very low confidence."
Compress-15,[COMPRESS-187] ZipArchiveInputStream and ZipFile don't produce equals ZipArchiveEntry instances - ASF JIRA,1582,Processing,5,"The core issue is that ZipArchiveInputStream and ZipFile produce unequal ZipArchiveEntry instances due to a difference in how they handle the comment field, which leads to failures in map lookups. This indicates an incorrect implementation logic in how the archive entries are processed and compared."
Closure-118,Issue Report,20,Other (Logic),1,"The bug report provides no information about the nature of the issue. Given the complete lack of description, it's most likely a general logical error not covered by the more specific categories."
Closure-66,Issue Report,20,Other (Logic),1,"With no description, the nature of the bug is completely unknown. Logic errors are a broad category that could potentially encompass the issue."
JacksonDatabind-28,Issue Report,3352,Exception handling,5,"The core issue is that deserialization throws an exception when attempting to deserialize an empty JSON object into an ObjectNode field within a custom class. This indicates a problem with how the deserializer handles this specific case, leading to an uncaught JsonMappingException."
Jsoup-6,Issue Report,1137,Exception handling,5,"The bug report clearly indicates a java.lang.StringIndexOutOfBoundsException, which falls directly under exception handling as the program failed to handle the exception properly. The stack trace also reveals the issue originates from within the jsoup library during HTML parsing."
Jsoup-49,Issue Report,1798,Processing,5,The bug report describes incorrect behavior in the `insertChildren` method when moving elements within the same parent due to an issue with updating sibling indices. This indicates a flaw in the implementation logic of the method.
JacksonDatabind-90,Issue Report,2905,Processing,5,"The bug report indicates that ValueInstantiator.canInstantiate() is not behaving as expected, leading to an InvalidDefinitionException when trying to deserialize an abstract type using a delegate collection constructor. This points to incorrect logic in the deserialization process."
Closure-31,Issue Report,20,Other (Logic),1,"The bug report provides no details, making categorization difficult. It could be a logic error, but without a description, it's impossible to be more specific."
Compress-42,[COMPRESS-379] isUnixSymlink returns true for Zip entries with Unix permissions 177777 - ASF JIRA,3031,Processing,5,"The bug report describes an incorrect return value from the `isUnixSymlink` method due to flawed logic when handling specific Unix permissions. The proposed fix involves updating the method's logic to correctly identify broken entries, indicating a processing error."
Math-1,[MATH-996] Fraction specified with maxDenominator and a value very close to a simple fraction should not throw an overflow exception - ASF JIRA,1238,Exception handling,5,The bug report explicitly states that an overflow exception is thrown when it shouldn't be. This clearly falls under the category of incorrect exception handling.
Lang-7,"[LANG-822] NumberUtils#createNumber - bad behaviour for leading ""--"" - ASF JIRA",1433,Processing,5,"The bug report describes incorrect behavior in NumberUtils#createNumber related to handling leading ""--"". It returns null instead of throwing NumberFormatException as expected, indicating flawed processing logic."
Lang-19,"[LANG-710] StringIndexOutOfBoundsException when calling unescapeHtml4("""") - ASF JIRA",1825,Exception handling,5,The bug report clearly states a StringIndexOutOfBoundsException is thrown when calling unescapeHtml4() with a specific input. This falls under incorrect exception handling due to the function not properly handling the edge case.
JacksonDatabind-86,Issue Report,1013,Processing,5,The bug report describes a serialization issue where properties from a base class are missing in the serialized output of a subclass due to how the type hierarchy is constructed and how the TypeFactory processes it. This indicates incorrect implementation logic related to serialization.
Mockito-13,Code,20,Other (Logic),1,"Due to the absence of a description, it's impossible to determine the specific issue. Assuming that the code has a bug, and without any other information, it could be a general logic error."
Closure-159,Issue Report,20,Other (Logic),1,"With no description provided, it is impossible to pinpoint the exact nature of the bug. However, since it is reported as an 'issue' it likely involves some logical flaw."
JacksonDatabind-69,Issue Report,6090,Processing,5,The bug report describes an issue where Jackson incorrectly chooses the wrong constructor during deserialization. This is due to the logic used to select the appropriate constructor when multiple constructors are annotated with @JsonProperty but only one with @JsonCreator.
Closure-27,Issue Report,20,Other (Logic),1,"Since the bug report has no description, it's impossible to determine the root cause. 'Other (Logic)' is chosen as a general category for unspecified logic errors, reflecting the high uncertainty."
Time-9,Issue Report,529,Processing,5,"The issue describes an incorrect application of maximum/minimum values for a time offset, leading to parsing limitations. This falls under incorrect implementation logic."
JacksonDatabind-2,Issue Report,2185,Processing,5,The bug report describes an issue with the serialization process where a List is being embedded as a VALUE_EMBEDDED_OBJECT instead of being properly serialized into JsonNodes as intended. The provided workaround confirms that the default processing of valueToTree is not producing the desired output.
Closure-70,Issue Report,20,Other (Logic),1,"Given the extremely vague description (""No description found""), the most fitting category is 'Other (Logic)' as it encapsulates general semantic errors. The confidence is set to 1 since there's no specific information to guide the categorization."
Math-98,[MATH-209] RealMatrixImpl#operate gets result vector dimensions wrong - ASF JIRA,1759,Processing,5,"The bug report describes an incorrect calculation of the result vector's size in the `operate` method, leading to either a runtime exception or an incorrect result. This is a clear case of flawed implementation logic."
Lang-35,"[LANG-571] ArrayUtils.add(T[] array, T element) can create unexpected ClassCastException - ASF JIRA",1589,Exception handling,5,"The bug report describes a situation where a ClassCastException is thrown due to unexpected behavior when both input parameters are null. The suggested fix is to throw an IllegalArgumentException, indicating an exception handling issue."
JacksonCore-5,Issue Report,1424,Processing,5,"The bug report clearly indicates an incorrect implementation logic within the `_parseInt` method, leading to a `NumberFormatException` for a valid JsonPointer expression. The logic incorrectly identifies segments as integers, causing the parsing error."
Math-77,[MATH-326] getLInfNorm() uses wrong formula in both ArrayRealVector and OpenMapRealVector (in different ways) - ASF JIRA,2210,Processing,5,"The bug report clearly describes incorrect implementation logic in the `getLInfNorm()` method in two classes, leading to incorrect calculations of the L-infinity norm. This falls directly under incorrect processing logic."
JacksonDatabind-45,Fix for #1154 #1155,7824,Processing,5,The bug report describes a fix for incorrect serialization of dates when using `@JsonFormat` annotation. The fix partially reverts to previous behavior to ensure the correct shape is chosen for date serialization based on annotation attributes.
Closure-175,Issue Report,20,Other (Logic),1,"Since there is no description provided, it is impossible to determine the specific cause of the issue. A general logic error is the most appropriate category given the complete lack of information."
Jsoup-73,Issue Report,860,Processing,5,The bug report describes incorrect namespace inheritance in the W3C DOM parsing logic. This indicates a flaw in the processing of XML/HTML elements and their namespaces.
Collections-22,[COLLECTIONS-474] Exception in ListOrderedMap#putAll if map contains null values - ASF JIRA,1863,Exception handling,5,"The bug report describes an IndexOutOfBoundsException occurring in ListOrderedMap#putAll when the map contains null values, indicating a failure to properly handle a specific input case. The stack trace clearly shows the exception being thrown during the execution of the putAll method."
Time-20,#126 Errors creating/parsing dates with specific time zones.,2645,Processing,5,"The bug report describes incorrect date and time processing with Joda Time, specifically problems with parsing and formatting dates in certain time zones leading to incorrect time zone conversions or exceptions. This points to flawed logic within the date/time handling routines rather than memory issues or concurrency problems."
Chart-1,#983 Potential NPE in AbstractCategoryItemRender.getLegendItems(),773,Null pointer dereference,5,The bug report explicitly states a potential null pointer dereference when accessing `dataset.getRowCount()` because the code proceeds with this access even after a null check that should have returned if `dataset` was null. The reported states the condition should be `if (dataset == null)`.
Lang-62,"[LANG-292] unescapeXml(""&12345678;"") should be ""&12345678;"" - ASF JIRA",1519,Processing,5,"The bug report describes an incorrect implementation of the `unescapeXml` function, specifically how it handles invalid numeric character references. The function should leave invalid entities as is, indicating a flaw in the processing logic."
JacksonDatabind-101,Issue Report,1298,Processing,5,"The bug report describes a scenario where a field is not deserialized as expected, indicating an error in the deserialization logic of the Jackson library. Specifically, when using `@JsonUnwrapped` with `PropertyBasedCreator`, fields appearing after the last creator property are skipped, which is a flaw in the processing of the input data."
Math-20,[MATH-864] CMAESOptimizer does not enforce bounds - ASF JIRA,1562,Processing,5,The bug report indicates that the CMAESOptimizer fails to enforce bounds because the isFeasible() method is not always called and it may proceed with out-of-bounds offspring. This points to incorrect implementation logic within the optimization algorithm.
Gson-10,Issue Report,3646,Processing,5,"The bug report describes a situation where the @JsonAdapter annotation is ignored for primitive fields due to the TypeAdapterRuntimeTypeWrapper overriding the custom adapter with the default Gson adapter. This results in incorrect serialization/deserialization, indicating a flaw in the processing logic of Gson."
Cli-7,[CLI-121] Tests fail under 1.6 + error at end that may or may not be related - ASF JIRA,2063,Processing,4,"The core issue is a failure in a test case (testRequiredOptions) where the expected and actual values differ, indicating incorrect processing of command-line options. The 'expected' vs 'was' message directly points to a logic error in how the options are being handled."
Closure-122,Issue Report,20,Other (Logic),1,"The bug report has no description, so the root cause is unknown. 'Other (Logic)' is a reasonable guess when the available information is insufficient to classify the bug more precisely."
JacksonDatabind-12,Issue Report,3023,Processing,5,"The bug report describes an issue where a custom deserializer is incorrectly applied to a field, leading to incorrect values being processed. This indicates a flaw in the deserialization logic within the Jackson library."
Jsoup-24,Issue Report,886,Processing,5,"The bug report describes an issue where a single quote is dropped during the processing of a Javascript string. This suggests an error in the logic used to handle or transform the string, specifically when it contains partial tag-like constructs."
Cli-21,[CLI-150] Negative numbers mistaken for options - ASF JIRA,1593,Processing,5,"The core issue is that the command-line parser incorrectly interprets negative numbers as options, which is a flaw in the parsing logic. This falls under incorrect implementation logic rather than a missing case or exception handling issue."
Math-36,[MATH-744] BigFraction.doubleValue() returns Double.NaN for large numerators or denominators - ASF JIRA,1387,Processing,5,"The bug report clearly states that the `doubleValue()` method is performing an incorrect calculation, leading to `Double.NaN` results even when the expected result should be within the representable range of a double. This indicates a flaw in the implementation logic of the method."
Closure-134,Issue Report,20,Other (Logic),1,"The bug report has no description, so we cannot determine the specific type of fault. A general logic error seems like the most plausible category given the lack of information."
Compress-39,[COMPRESS-351] Defective .zip-archive produces problematic error message - ASF JIRA,1181,Exception handling,5,"The bug report describes a `java.io.EOFException` being thrown due to a truncated zip file. The error message includes a large amount of data, indicating improper exception handling and potentially exposing sensitive information or causing performance issues."
Cli-37,[CLI-265] Optional argument picking up next regular option as its argument - ASF JIRA,989,Processing,5,"The bug report indicates that the CLI is incorrectly parsing optional arguments, leading to a regular option being misinterpreted as an argument. This suggests a flaw in the argument parsing logic, falling under the 'Processing' category."
Jsoup-32,Issue Report,759,Other (Logic),5,The bug report describes a flawed cloning mechanism where the `classNames` set is shared between the original and cloned element. This is a logic error because the cloned element should have its own independent copy of the `classNames` set.
JacksonCore-25,Fix ArrayIndexOutofBoundsException found by LGTM.com #510,5935,Exception handling,5,"The bug report explicitly mentions an `ArrayIndexOutOfBoundsException`, which falls under exception handling as it relates to how the software handles potential errors that cause exceptions. The report details the conditions that lead to this specific exception and suggests a fix."
Lang-23,[LANG-636] text.ExtendedMessageFormat doesn't override java.text.MessageFormat.equals(Object) - ASF JIRA,1604,Other (Logic),5,"The bug report indicates that `ExtendedMessageFormat` doesn't override the `equals` method from its parent class `MessageFormat`, which can lead to incorrect equality checks when comparing instances of `ExtendedMessageFormat`. This is a logic flaw related to object comparison."
Math-61,"[MATH-349] Dangerous code in ""PoissonDistributionImpl"" - ASF JIRA",1777,Other (Logic),4,"The bug report describes issues with calling overridable methods within the constructor and storing/modifying a mutable object, which are logic errors that can lead to unexpected behavior. These issues don't fall into any of the more specific categories, making ""Other (Logic)"" the most appropriate choice."
Collections-1,[COLLECTIONS-217] Flat3Map.Entry.setValue() overwrites other Entry values - ASF JIRA,1851,Processing,5,The bug report clearly indicates an incorrect implementation logic within the setValue() method of the Flat3Map class. The `switch` statement falling through incorrectly sets multiple values instead of just the intended one.
Mockito-6,Issue Report,1064,Processing,5,The bug report describes a situation where Mockito's `anyString()` matcher incorrectly matches a non-string input (an integer). This represents incorrect implementation logic in the argument matching process.
JxPath-10,[JXPATH-93] Binary operators behaviour involving node-sets is incorrect - ASF JIRA,2416,Processing,5,"The bug report describes incorrect behavior of binary operators (>, <, etc.) when comparing node-sets and numbers in JXPath, which falls under incorrect implementation logic. The provided example and the mention of `greaterThan()` and `lesserThan()` methods clearly indicate an issue with the processing of XPath expressions."
Mockito-29,Code,20,Other (Logic),1,"The bug report lacks a description, making it impossible to determine the specific cause. Without any information, the most general category, Other (Logic), is selected, reflecting the uncertainty with low confidence."
Closure-163,Issue Report,20,Other (Logic),1,"The bug report lacks a description, making it impossible to determine the specific cause. However, since a bug exists, it likely stems from some form of logical error within the system."
JacksonDatabind-53,Issue Report,1696,Dependency,5,"The bug report describes a change in behavior between Jackson versions 2.6.6 and 2.7.x, indicating an issue caused by changes in the external Jackson library. The differing deserialization behavior points to a dependency-related problem."
Jsoup-65,Issue Report,1681,Processing,5,"The parser is incorrectly interpreting the `<template>` tag within the `<tr>` element, even though it should be considered valid HTML5 according to the provided W3C specification. This indicates a flaw in the parser's implementation logic."
