id;title;description_length;actionability;clarity;specificity;expected_observed_alignment;root_cause_guess;technical_depth;ambiguity_types;hidden_s2r_present;causal_reasoning_quality;contradiction_present;repair_difficulty;likely_impacted_code_concepts
Csv-13;[CSV-168] CsvFormat.nullString should not be escaped - ASF JIRA;1828;4;5;4;5;Incorrect escaping of nullString;3;[];FALSE;5;FALSE;2;"[""CSV formatting"", ""escaping"", ""null handling""]"
Math-19;[MATH-865] Wide bounds to CMAESOptimizer result in NaN parameters passed to fitness function - ASF JIRA;1437;5;5;4;5;Divide by zero/infinity during normalization/denormalization;4;[];FALSE;5;FALSE;2;"[""numerical computation"", ""parameter scaling"", ""optimization algorithms""]"
Closure-65;Issue Report;20;0;0;0;0;unknown;0;"[""missing steps"", ""vague inputs"", ""unclear error messages"", ""missing context"", ""unclear reproduction"", ""missing environment info""]";FALSE;0;FALSE;5;[]
Compress-16;[COMPRESS-191] Too relaxed tar detection in ArchiveStreamFactory - ASF JIRA;1645;4;4;4;5;Inadequate file signature check;3;[];FALSE;4;FALSE;3;"[""Archive format detection"", ""File signature analysis""]"
Cli-18;[CLI-164] PosixParser ignores unrecognized tokens starting with '-' - ASF JIRA;1098;5;5;5;5;Incorrect parsing logic when stopAtNonOption is enabled.;3;[];FALSE;5;FALSE;2;"[""command line parsing"", ""option handling"", ""tokenization""]"
Jsoup-5;Issue Report;1710;5;5;5;5;String index out of bounds;5;[];FALSE;5;FALSE;2;"[""HTML parsing"", ""String manipulation"", ""Attribute validation""]"
Compress-41;"[COMPRESS-367] ZipArchiveInputStream.getNextZipEntry() should differentiate between ""invalid entry encountered"" and ""no more entries"" - ASF JIRA";1346;5;5;5;5;Incorrect error handling;3;[];FALSE;5;FALSE;2;"[""Exception handling"", ""Input stream processing"", ""Zip archive format""]"
Closure-32;Issue Report;20;0;0;0;0;unknown;0;"[""missing steps"", ""vague inputs"", ""unclear error messages"", ""missing context"", ""unclear reproduction"", ""missing environment info""]";FALSE;0;FALSE;5;[]
Time-19;#124 Inconsistent interpretation of ambiguous time during DST;1110;4;5;5;5;DST handling logic changed between jodatime versions, leading to incorrect timezone offset calculation during ambiguous time.;4;[];FALSE;5;FALSE;3;"[""datetime"", ""timezone"", ""DST"", ""time calculations""]"
JacksonDatabind-93;Issue Report;3942;5;5;5;5;NullPointerException;5;[];FALSE;5;FALSE;3;"[""JSON parsing"", ""Deserialization"", ""Type validation""]"
Math-2;[MATH-1021] HypergeometricDistribution.sample suffers from integer overflow - ASF JIRA;2061;5;5;5;5;Integer overflow;4;[];FALSE;5;FALSE;2;"[""numerical computation"", ""distribution sampling""]"
Lang-4;[LANG-882] LookupTranslator accepts CharSequence as input, but fails to work with implementations other than String - ASF JIRA;3094;5;5;5;5;Type mismatch;4;[];FALSE;5;FALSE;2;"[""HashMap"", ""CharSequence"", ""String"", ""string escaping""]"
Math-58;[MATH-519] GaussianFitter Unexpectedly Throws NotStrictlyPositiveException - ASF JIRA;2880;5;5;5;5;Incorrect initial parameter guess for Gaussian fitting causing a negative sigma during optimization.;4;[];FALSE;4;FALSE;2;"[""statistical fitting"", ""optimization algorithms"", ""parameter validation""]"
Closure-24;Issue Report;20;0;0;0;0;unknown;0;"[""missing steps"", ""vague inputs"", ""unclear error messages"", ""missing context"", ""unclear reproduction"", ""missing environment info""]";TRUE;0;FALSE;5;[]
Closure-9;Issue Report;20;0;0;0;0;Unknown;0;"[""missing steps"", ""vague inputs"", ""unclear error messages"", ""missing context"", ""unclear reproduction"", ""missing environment info""]";FALSE;0;FALSE;5;[]
Mockito-10;Issue Report;1444;4;5;5;5;Serialization check in Mockito version 1.10.5 failing for non-serializable classes when using RETURNS_DEEP_STUBS.;5;[];FALSE;5;FALSE;2;"[""Mocking"", ""Serialization"", ""Reflection""]"
JacksonDatabind-85;Issue Report;1553;5;5;5;5;configuration issue;4;[];FALSE;5;FALSE;2;"[""JSON parsing"", ""serialization"", ""date formatting""]"
JacksonDatabind-1;Issue Report;2275;5;5;5;5;Missing return statement in BeanPropertyWriter.serializeAsColumn;5;[];FALSE;5;FALSE;1;"[""JSON serialization"", ""null value handling"", ""array serialization""]"
Closure-73;Issue Report;20;0;0;0;0;unknown;0;"[""missing steps"", ""vague inputs"", ""unclear error messages"", ""missing context"", ""unclear reproduction"", ""missing environment info""]";FALSE;0;FALSE;5;[]
Math-74;[MATH-338] Wrong parameter for first step size guess for Embedded Runge Kutta methods - ASF JIRA;3014;5;5;4;5;Incorrect formula used for initial step size calculation;5;[];FALSE;5;FALSE;2;"[""Numerical integration"", ""Runge-Kutta methods"", ""Step size control""]"
Lang-36;[LANG-521] NumberUtils.isNumber() Should Return True for Valid Number with a Trailing Decimal Place - ASF JIRA;1400;5;5;5;5;Incorrect number validation logic;4;[];FALSE;5;FALSE;1;"[""Number validation"", ""String parsing"", ""Mathematical operations""]"
JacksonCore-6;Issue Report;672;4;5;4;5;Input validation error in JsonPointer class;3;[];FALSE;5;FALSE;2;"[""JSON parsing"", ""Input validation"", ""JsonPointer evaluation""]"
Time-23;#112 Incorrect mapping of the MET time zone;514;3;4;3;4;Configuration issue;1;[];FALSE;2;FALSE;2;"[""time zone handling"", ""configuration management""]"
Chart-2;#959 Bugs in DatasetUtilities.iterateRangeBounds() methods;87;2;2;2;2;logic error;1;"[""missing steps"", ""vague inputs"", ""unclear reproduction""]";TRUE;1;FALSE;3;"[""range bounds"", ""data iteration""]"
Jsoup-70;Issue Report;951;5;5;5;5;Whitespace handling within HTML parsing logic;4;[];FALSE;5;FALSE;3;"[""HTML parsing"", ""Whitespace handling"", ""DOM manipulation""]"
Collections-21;[COLLECTIONS-310] Modifications of a SetUniqueList.subList() invalidate the parent list - ASF JIRA;4244;5;5;5;5;Incorrect handling of uniqueness constraint in SetUniqueList.subList();5;[];FALSE;5;FALSE;3;"[""List interface"", ""Set interface"", ""Sublist implementation"", ""Uniqueness constraint"", ""Data structure manipulation""]"
JacksonDatabind-46;Issue Report;792;4;5;4;5;Incorrect string concatenation or character omission in generic signature generation logic.;3;[];FALSE;5;FALSE;2;"[""Java type reflection"", ""Generic type handling"", ""Signature generation""]"
Closure-176;Issue Report;20;0;0;0;0;unknown;0;"[""missing steps"", ""vague inputs"", ""unclear error messages"", ""missing context"", ""unclear reproduction"", ""missing environment info""]";FALSE;0;FALSE;5;[]
Math-23;"[MATH-855] ""BrentOptimizer"" not always reporting the best point - ASF JIRA";1232;4;4;3;4;Logic error in result selection;2;[];FALSE;4;FALSE;2;"[""Univariate optimization"", ""Numerical comparison"", ""Result validation""]"
Gson-13;Issue Report;2559;4;4;4;4;Type handling inconsistency in JSON parsing;4;[];FALSE;4;FALSE;3;"[""JSON parsing"", ""Number representation"", ""Lexical analysis""]"
JacksonDatabind-102;Issue Report;1749;5;5;5;5;Configuration not applied correctly due to missing contextualization;4;[];FALSE;5;FALSE;2;"[""JSON serialization"", ""Date formatting"", ""Configuration overrides""]"
Lang-61;[LANG-294] StrBuilder.replaceAll and StrBuilder.deleteAll can throw ArrayIndexOutOfBoundsException. - ASF JIRA;5081;5;5;5;5;ArrayIndexOutOfBoundsException due to incorrect index calculation in array copy within replaceImpl/deleteImpl methods;5;[];FALSE;4;FALSE;2;"[""String manipulation"", ""Array copy"", ""Index calculation"", ""Text replacement"", ""Text deletion""]"
Compress-3;[COMPRESS-64] Are the public finish() methods ArchiveOutputStream implementations necessary and safe? - ASF JIRA;1199;4;4;3;4;API design flaw leading to potential data corruption;2;[];FALSE;4;FALSE;2;"[""Archive streams"", ""input/output streams"", ""data integrity""]"
Jsoup-27;Issue Report;1318;4;4;3;5;Invalid character set in HTTP response header;4;[];FALSE;5;FALSE;2;"[""HTTP parsing"", ""Character encoding"", ""Exception handling""]"
Cli-22;"[CLI-1] PosixParser interupts ""-target opt"" as ""-t arget opt"" - ASF JIRA";3686;3;4;3;5;parsing logic error;3;[];FALSE;4;FALSE;3;"[""command line parsing"", ""option processing""]"
Closure-121;Issue Report;20;0;0;0;0;unknown;0;"[""missing steps"", ""vague inputs"", ""unclear error messages"", ""missing context"", ""unclear reproduction"", ""missing environment info""]";FALSE;0;FALSE;5;[]
JacksonDatabind-11;Issue Report;603;2;3;2;3;Type binding issue during deserialization;3;"[""missing steps"", ""vague inputs"", ""missing context"", ""unclear reproduction"", ""missing environment info""]";TRUE;2;FALSE;3;"[""JSON parsing"", ""deserialization"", ""generic types"", ""reflection""]"
Cli-4;"[CLI-1] PosixParser interupts ""-target opt"" as ""-t arget opt"" - ASF JIRA";3686;3;4;3;5;parser interprets partial option names;3;[];FALSE;4;FALSE;3;"[""command line parsing"", ""option handling""]"
Math-35;[MATH-776] Need range checks for elitismRate in ElitisticListPopulation constructors. - ASF JIRA;1420;5;5;5;5;Input validation missing in constructor;2;[];FALSE;5;FALSE;1;"[""Input validation"", ""Object construction"", ""Data integrity""]"
Codec-9;[CODEC-112] Base64.encodeBase64(byte[] binaryData, boolean isChunked, boolean urlSafe, int maxResultSize) throws IAE for valid maxResultSize if isChunked is false - ASF JIRA;985;4;4;3;4;Incorrect parameter validation or conditional logic based on `isChunked` and `maxResultSize`;2;[];FALSE;3;FALSE;2;"[""Base64 encoding"", ""parameter validation"", ""error handling""]"
JacksonCore-26;Issue Report;2215;5;5;5;5;Offset calculation error in non-blocking parser;5;[];FALSE;5;FALSE;3;"[""JSON parsing"", ""Input stream handling"", ""Offset calculation"", ""Non-blocking I/O""]"
Cli-34;[CLI-215] String as default Option type - ASF JIRA;1138;4;4;3;5;Type mismatch;2;[];FALSE;4;FALSE;2;"[""Option parsing"", ""Command line arguments""]"
Jsoup-31;Issue Report;898;5;5;5;5;Incorrect parsing of XML declaration due to comment handling logic.;4;[];FALSE;5;FALSE;2;"[""XML parsing"", ""HTML serialization"", ""Comment handling""]"
Closure-49;Issue Report;20;0;0;0;0;unknown;0;"[""missing steps"", ""vague inputs"", ""unclear error messages"", ""missing context"", ""unclear reproduction"", ""missing environment info""]";FALSE;0;FALSE;5;[]
Closure-137;Issue Report;20;0;0;0;0;unknown;0;"[""missing steps"", ""vague inputs"", ""unclear error messages"", ""missing context"", ""unclear reproduction"", ""missing environment info""]";FALSE;0;FALSE;5;[]
Mockito-5;Issue Report;4185;5;5;5;5;Dependency issue - Mockito incorrectly depends on JUnit classes in a non-JUnit environment.;5;[];FALSE;5;FALSE;2;"[""dependency management"", ""exception handling"", ""testing framework integration""]"
Math-62;"[MATH-413] Miscellaneous issues concerning the ""optimization"" package - ASF JIRA";4853;3;4;3;3;Design flaw/inconsistency in optimization package;4;"[""missing context""]";FALSE;3;FALSE;4;"[""optimization algorithms"", ""convergence checking"", ""API design"", ""exception handling""]"
Collections-2;[COLLECTIONS-214] ExtendedProperties - field include should be non-static and private - ASF JIRA;1425;5;5;5;5;Incorrect field scope and static modifier;3;[];FALSE;5;FALSE;1;"[""field access"", ""scope"", ""static modifier""]"
Lang-20;[LANG-703] StringUtils.join throws NPE when toString returns null for one of objects in collection - ASF JIRA;1409;5;5;5;5;null pointer;4;[];FALSE;5;FALSE;1;"[""string concatenation"", ""null handling""]"
Jsoup-66;Issue Report;2068;5;5;5;5;Incorrect handling of nextElementSibling in cloned documents;4;[];FALSE;5;FALSE;3;"[""DOM manipulation"", ""Cloning"", ""Element traversal""]"
Closure-160;Issue Report;20;0;0;0;0;Unknown;0;"[""missing steps"", ""vague inputs"", ""unclear error messages"", ""missing context"", ""unclear reproduction"", ""missing environment info""]";FALSE;0;FALSE;5;[]
JxPath-9;[JXPATH-95] Comparing with NaN is incorrect - ASF JIRA;858;4;4;4;5;Incorrect comparison logic for NaN values;2;[];FALSE;5;FALSE;2;"[""comparison operators"", ""NaN handling"", ""XPath evaluation""]"
JacksonDatabind-50;Issue Report;1331;4;4;4;5;Deserialization logic error with @JsonIdentityInfo and @JsonCreator interaction;4;[];FALSE;4;FALSE;3;"[""JSON parsing"", ""deserialization"", ""@JsonIdentityInfo"", ""@JsonCreator"", ""object mapping""]"
Jsoup-89;Issue Report;1573;5;5;5;5;null pointer;5;[];FALSE;5;FALSE;1;"[""attribute handling"", ""null checking""]"
JxPath-13;[JXPATH-97] Incomplete handling of undefined namespaces - ASF JIRA;1756;4;4;4;5;Namespace handling inconsistency between elements and attributes;4;[];FALSE;4;FALSE;3;"[""XML parsing"", ""Namespace handling"", ""Attribute processing""]"
JacksonDatabind-27;Issue Report;780;2;3;2;3;Parsing error;2;"[""missing steps"", ""vague inputs"", ""unclear reproduction""]";TRUE;2;FALSE;4;"[""JSON parsing"", ""Serialization/Deserialization""]"
Closure-69;Issue Report;20;0;0;0;0;unknown;0;"[""missing steps"", ""vague inputs"", ""unclear error messages"", ""missing context"", ""unclear reproduction"", ""missing environment info""]";FALSE;0;FALSE;5;[]
Closure-117;Issue Report;20;0;0;0;0;unknown;0;"[""missing steps"", ""vague inputs"", ""unclear error messages"", ""missing context"", ""unclear reproduction"", ""missing environment info""]";FALSE;0;FALSE;5;[]
Closure-86;Issue Report;20;0;0;0;0;unknown;0;"[""missing steps"", ""vague inputs"", ""unclear error messages"", ""missing context"", ""unclear reproduction"", ""missing environment info""]";FALSE;0;FALSE;5;[]
Cli-14;[CLI-144] adding a FileValidator results in ClassCastException in parser.parseAndHelp(args) - ASF JIRA;3960;5;5;5;5;type mismatch;5;[];FALSE;5;FALSE;2;"[""command line parsing"", ""type validation""]"
Jsoup-11;Issue Report;567;2;3;2;3;Missing implementation of CSS selector functionality;1;"[""missing context"", ""unclear reproduction"", ""missing environment info""]";FALSE;2;FALSE;3;"[""CSS parsing"", ""UI rendering"", ""selector engine""]"
Lang-57;[LANG-304] NullPointerException in isAvailableLocale(Locale) - ASF JIRA;1145;5;5;5;5;NullPointerException;4;[];FALSE;5;FALSE;1;"[""Locale handling"", ""Initialization""]"
Gson-1;Issue Report;1438;4;5;5;5;TypeVariable handling in Gson's serialization/deserialization logic;4;[];FALSE;5;FALSE;3;"[""JSON parsing"", ""Serialization"", ""Deserialization"", ""Reflection"", ""Type handling"", ""Generics""]"
Math-15;[MATH-904] FastMath.pow deviates from Math.pow for negative, finite base values with an exponent 2^52 < y < 2^53  - ASF JIRA;1419;5;5;5;5;Incorrect conditional check;4;[];FALSE;5;FALSE;1;"[""mathematical function"", ""conditional logic"", ""floating point arithmetic""]"
Closure-140;Issue Report;20;0;0;0;0;Unknown;0;"[""missing steps"", ""vague inputs"", ""unclear error messages"", ""missing context"", ""unclear reproduction"", ""missing environment info""]";FALSE;0;FALSE;5;[]
JacksonDatabind-70;Issue Report;1290;4;4;4;4;Incorrect handling of case-insensitive properties with @JsonUnwrapped during deserialization.;4;[];FALSE;4;FALSE;3;"[""JSON parsing"", ""Deserialization"", ""Reflection"", ""Annotation processing""]"
Collections-17;[COLLECTIONS-239] In LinkIterator hasPrevious() is not working properly for the first entry - ASF JIRA;1341;2;4;3;4;Incorrect field usage in conditional statement;3;[];FALSE;4;FALSE;2;"[""Iterator"", ""Data Structures"", ""Linked List""]"
Jsoup-46;Issue Report;3083;5;5;5;5;Character encoding handling in EscapeMode.xhtml;5;[];FALSE;5;FALSE;3;"[""character encoding"", ""HTML escaping"", ""output settings""]"
Time-15;#147 possibly a bug in org.joda.time.field.FieldUtils.safeMultipl;496;5;5;5;5;Integer overflow;5;[];FALSE;5;FALSE;2;"[""Arithmetic operations"", ""Overflow detection"", ""Edge cases""]"
Jsoup-9;Issue Report;765;4;4;3;4;Regex matching error;3;[];FALSE;4;FALSE;2;"[""HTML parsing"", ""Regex matching"", ""String manipulation""]"
Math-42;[MATH-713] Negative value with restrictNonNegative - ASF JIRA;1777;5;5;5;5;Incorrect handling of variables with zero coefficients in simplex algorithm optimization.;4;[];FALSE;5;FALSE;3;"[""Linear programming"", ""Simplex algorithm"", ""Optimization"", ""Constraint satisfaction""]"
Closure-5;Issue Report;20;0;0;0;0;unknown;0;"[""missing steps"", ""vague inputs"", ""unclear error messages"", ""missing context"", ""unclear reproduction"", ""missing environment info""]";TRUE;0;FALSE;5;[]
Closure-28;Issue Report;20;0;0;0;0;unknown;0;"[""missing steps"", ""vague inputs"", ""unclear error messages"", ""missing context"", ""unclear reproduction"", ""missing environment info""]";FALSE;0;FALSE;5;[]
JacksonDatabind-66;Issue Report;3688;4;4;4;5;JsonParser state corruption in MapDeserializer when using custom Enum KeyDeserializer with polymorphic types;4;[];FALSE;4;FALSE;3;"[""JSON parsing"", ""Serialization/Deserialization"", ""Jackson Databind"", ""Enum handling"", ""Polymorphism""]"
Closure-156;Issue Report;20;0;0;0;0;unknown;0;"[""missing steps"", ""vague inputs"", ""unclear error messages"", ""missing context"", ""unclear reproduction"", ""missing environment info""]";FALSE;0;FALSE;5;[]
Jsoup-50;Issue Report;992;4;5;4;5;Incorrect BOM detection logic;4;[];FALSE;5;FALSE;3;"[""character encoding"", ""input stream processing"", ""BOM handling""]"
Codec-10;"[CODEC-117] Caverphone encodes names starting and ending with ""mb"" incorrectly. - ASF JIRA";1710;5;5;5;5;Logic error;3;[];FALSE;5;FALSE;1;"[""String manipulation"", ""Encoding algorithm""]"
Lang-16;[LANG-746] NumberUtils does not handle upper-case hex: 0X and -0X - ASF JIRA;1102;5;5;4;5;Case sensitivity issue in hex parsing logic;3;[];FALSE;5;FALSE;1;"[""Number parsing"", ""Hexadecimal conversion""]"
Math-54;"[MATH-567] class Dfp toDouble method return -inf whan Dfp value is 0 ""zero"" - ASF JIRA";1785;5;5;5;5;Incorrect handling of zero value in toDouble() method;4;[];FALSE;5;FALSE;1;"[""floating point representation"", ""numeric conversion"", ""IEEE754 standard""]"
Lang-8;"[LANG-818] FastDateFormat's ""z"" pattern does not respect timezone of Calendar instances passed to format() - ASF JIRA";2532;5;5;5;5;Incorrect TimeZone handling in TimeZoneNameRule;4;[];FALSE;5;FALSE;2;"[""Date formatting"", ""Time Zones"", ""Calendar""]"
Closure-101;Issue Report;20;0;0;0;0;unknown;0;"[""missing steps"", ""vague inputs"", ""unclear error messages"", ""missing context"", ""unclear reproduction"", ""missing environment info""]";FALSE;0;FALSE;5;[]
JacksonDatabind-31;Issue Report;1043;4;4;4;4;Context creation discrepancy;4;[];FALSE;4;FALSE;3;"[""JSON streaming"", ""Context management"", ""Object conversion""]"
Math-102;[MATH-175] chiSquare(double[] expected, long[] observed) is returning incorrect test statistic - ASF JIRA;2635;5;5;5;5;Incorrect scaling of expected values in chi-squared calculation;5;[];FALSE;5;FALSE;1;"[""statistical calculations"", ""chi-squared test""]"
Closure-90;Issue Report;20;0;0;0;0;unknown;0;"[""missing steps"", ""vague inputs"", ""unclear error messages"", ""missing context"", ""unclear reproduction"", ""missing environment info""]";TRUE;0;FALSE;5;[]
JacksonCore-10;Issue Report;3166;5;5;5;5;Array index out of bounds due to improper spillover area handling in the hash table implementation;5;[];FALSE;4;FALSE;3;"[""JSON parsing"", ""Hash table implementation"", ""String canonicalization""]"
Lang-41;"[LANG-535] ClassUtils.getShortClassName() will not work with an array;  it seems to add a semicolon to the end. - ASF JIRA";1291;5;5;5;5;Incorrect handling of array types in ClassUtils.getShortClassName();4;[];FALSE;5;FALSE;1;"[""Reflection"", ""Type handling"", ""String manipulation""]"
Time-6;Issue Report;1030;5;5;5;5;Logic error in date calculation, specifically around handling the transition from 1 AD to 1 BC (year 0);4;[];FALSE;4;FALSE;3;"[""date calculations"", ""chronology"", ""time arithmetic""]"
Jsoup-93;Issue Report;974;5;5;5;5;Incorrect handling of input type=image in formData method;5;[];FALSE;5;FALSE;2;"[""HTML form parsing"", ""formData generation""]"
Mockito-30;Code;20;0;0;0;0;unknown;0;"[""missing steps"", ""vague inputs"", ""unclear error messages"", ""missing context"", ""unclear reproduction"", ""missing environment info""]";TRUE;0;FALSE;5;[]
Math-78;[MATH-322] during ODE integration, the last event in a pair of very close event may not be detected - ASF JIRA;2026;4;5;4;5;Numerical instability in event detection;4;[];FALSE;5;FALSE;3;"[""ODE integration"", ""event detection"", ""numerical analysis""]"
Math-97;[MATH-204] BrentSolver throws IllegalArgumentException  - ASF JIRA;2395;5;5;5;5;Logic error in sign check;4;[];FALSE;5;FALSE;1;"[""root finding"", ""numerical analysis"", ""exception handling""]"
Cli-8;[CLI-151] HelpFormatter wraps incorrectly on every line beyond the first - ASF JIRA;2980;4;4;4;5;Incorrect calculation of wrap position in HelpFormatter;4;[];FALSE;5;FALSE;1;"[""Text formatting"", ""String manipulation"", ""UI rendering""]"
Compress-20;[COMPRESS-236] IllegalArgumentException reading CPIO generated by Redline RPM - ASF JIRA;1233;5;5;5;5;Invalid file mode in CPIO archive;4;[];FALSE;5;FALSE;2;"[""archive parsing"", ""CPIO format""]"
Closure-53;Issue Report;20;0;0;0;0;unknown;0;"[""missing steps"", ""vague inputs"", ""unclear error messages"", ""missing context"", ""unclear reproduction"", ""missing environment info""]";TRUE;0;FALSE;5;[]
Cli-38;[CLI-265] Optional argument picking up next regular option as its argument - ASF JIRA;989;3;3;3;3;Argument parsing logic error;2;[];FALSE;2;FALSE;3;"[""argument parsing"", ""command line interface""]"
Closure-45;Issue Report;20;0;0;0;0;unknown;0;"[""missing steps"", ""vague inputs"", ""unclear error messages"", ""missing context"", ""unclear reproduction"", ""missing environment info""]";FALSE;0;FALSE;5;[]
Compress-36;[COMPRESS-348] Calling SevenZFile.read() on empty SevenZArchiveEntry throws IllegalStateException - ASF JIRA;1345;5;5;4;5;Incorrect state management after handling an empty entry;3;[];FALSE;5;FALSE;2;"[""archive entry processing"", ""stream handling"", ""state management""]"
Math-39;[MATH-727] too large first step with embedded Runge-Kutta integrators (Dormand-Prince 8(5,3) ...) - ASF JIRA;1372;4;4;3;4;Incorrect initial step size calculation in adaptive integration;3;[];FALSE;4;FALSE;3;"[""Numerical integration"", ""Adaptive step size control"", ""Runge-Kutta methods""]"
Codec-5;[CODEC-98] Base64InputStream causes NullPointerException on some input - ASF JIRA;3458;5;5;5;5;NullPointerException;5;[];FALSE;5;FALSE;2;"[""Base64 encoding"", ""input stream processing""]"
JacksonXml-6;Issue Report;1146;5;5;5;5;Missing implementation in ToXMLGenerator;4;[];FALSE;5;FALSE;2;"[""XML generation"", ""Base64 encoding"", ""Input streams"", ""Memory management""]"
Mockito-26;Code;20;0;0;0;0;unknown;0;"[""missing steps"", ""vague inputs"", ""unclear error messages"", ""missing context"", ""unclear reproduction"", ""missing environment info""]";TRUE;0;FALSE;5;[]
Jsoup-85;Issue Report;936;5;5;5;5;Variable scope error;4;[];FALSE;5;FALSE;1;"[""Variable scope"", ""Validation""]"
Closure-12;Issue Report;20;0;0;0;0;unknown;0;"[""missing steps"", ""vague inputs"", ""unclear error messages"", ""missing context"", ""unclear reproduction"", ""missing environment info""]";FALSE;0;FALSE;5;[]
JxPath-5;[JXPATH-89] Cannot compare pointers that do not belong to the same tree - ASF JIRA;2216;4;4;4;4;Type incompatibility during comparison of NodePointers from different contexts.;4;[];FALSE;3;FALSE;3;"[""XPath evaluation"", ""NodePointer comparison"", ""Union operation""]"
Chart-17;#803 cloning of TimeSeries;236;3;4;3;4;logic error;2;[];FALSE;4;FALSE;2;"[""cloning"", ""object initialization"", ""edge case handling""]"
Mockito-9;Issue Report;508;2;3;2;3;Mocking framework limitation with abstract class methods;2;"[""missing steps"", ""missing context""]";TRUE;2;FALSE;4;"[""mocking"", ""reflection"", ""abstract classes""]"
Math-81;[MATH-308] ArrayIndexOutOfBoundException in EigenDecompositionImpl - ASF JIRA;4273;5;5;5;5;Array index out of bounds due to incorrect calculation or loop condition in EigenDecompositionImpl.computeShiftIncrement or related functions.;5;[];FALSE;4;FALSE;3;"[""linear algebra"", ""eigenvalue decomposition"", ""matrix operations""]"
Chart-16;#834 Bug propgated from v1.0.5 on to present;429;5;5;5;5;null pointer;4;[];FALSE;5;FALSE;1;"[""data structures""]"
Mockito-8;Issue Report;1842;4;4;4;5;Infinite recursion in type resolution due to self-referential generic type;5;[];FALSE;4;FALSE;3;"[""generic type resolution"", ""reflection"", ""type inference""]"
Csv-1;[CSV-75] ExtendedBufferReader does not handle EOL consistently - ASF JIRA;1534;4;4;3;4;Inconsistent handling of line endings;3;[];FALSE;4;FALSE;2;"[""file parsing"", ""line counting"", ""character encoding""]"
Math-80;[MATH-318] wrong result in eigen decomposition - ASF JIRA;3858;5;5;5;5;Numerical instability or precision error in EigenDecompositionImpl;5;[];FALSE;4;FALSE;3;"[""Linear Algebra"", ""Eigenvalue Decomposition"", ""Numerical Computation""]"
Mockito-27;Code;20;0;0;0;0;unknown;0;"[""missing steps"", ""vague inputs"", ""unclear error messages"", ""missing context"", ""unclear reproduction"", ""missing environment info""]";TRUE;0;FALSE;5;[]
Jsoup-84;Issue Report;1868;4;4;4;5;Namespace handling error;4;[];FALSE;4;FALSE;3;"[""XML parsing"", ""Namespace handling"", ""DOM manipulation""]"
Closure-13;Issue Report;20;0;0;0;0;unknown;0;"[""missing steps"", ""vague inputs"", ""unclear error messages"", ""missing context"", ""unclear reproduction"", ""missing environment info""]";TRUE;0;FALSE;5;[]
JxPath-4;[JXPATH-83] JXpath automatically trims string values - ASF JIRA;1000;4;5;4;5;String trimming in JXPath evaluation logic;2;[];FALSE;5;FALSE;2;"[""XPath evaluation"", ""String handling"", ""XML parsing""]"
Math-38;[MATH-728] Errors in BOBYQAOptimizer when numberOfInterpolationPoints is greater than 2*dim+1 - ASF JIRA;2491;5;5;5;5;Off-by-one error;4;[];FALSE;5;FALSE;2;"[""Optimization algorithms"", ""Numerical computation"", ""Array indexing""]"
Codec-4;[CODEC-89] new Base64().encode() appends a CRLF, and chunks results into 76 character lines - ASF JIRA;3263;5;5;5;5;Configuration issue: The Base64 encoder's default behavior was changed to include chunking.;4;[];FALSE;4;FALSE;1;"[""Base64 encoding"", ""Character encoding"", ""Output streams""]"
Cli-39;[CLI-274] Option parser type EXISTING_FILE_VALUE not check file existing - ASF JIRA;1579;5;5;5;5;Type mismatch and missing file existence check;4;[];FALSE;5;FALSE;2;"[""Option parsing"", ""File input/output"", ""Type casting""]"
Closure-44;Issue Report;20;0;0;0;0;unknown;0;"[""missing steps"", ""vague inputs"", ""unclear error messages"", ""missing context"", ""unclear reproduction"", ""missing environment info""]";FALSE;0;FALSE;5;[]
Compress-37;[COMPRESS-355] Parsing PAX headers fails with NegativeArraySizeException - ASF JIRA;1328;4;5;4;5;Negative array size due to invalid character processing;4;[];FALSE;5;FALSE;2;"[""Tar archive parsing"", ""Header processing"", ""Input stream handling"", ""Array allocation""]"
Cli-9;[CLI-149] MissingOptionException.getMessage() changed from CLI 1.0 > 1.1 - ASF JIRA;1697;5;5;5;5;String formatting error in error message generation.;4;[];FALSE;5;FALSE;1;"[""Error handling"", ""String formatting"", ""CLI parsing""]"
Compress-21;[COMPRESS-252] Writing 7z empty entries produces incorrect or corrupt archive - ASF JIRA;2298;4;4;4;5;Incorrect handling of empty files or directory entries in 7z archive creation.;3;[];FALSE;4;FALSE;3;"[""Archive creation"", ""7z format handling"", ""File system interaction"", ""Error handling""]"
Closure-52;Issue Report;20;0;0;0;0;unknown;0;"[""missing steps"", ""vague inputs"", ""unclear error messages"", ""missing context"", ""unclear reproduction"", ""missing environment info""]";FALSE;0;FALSE;5;[]
Math-79;[MATH-305] NPE in  KMeansPlusPlusClusterer unittest - ASF JIRA;2590;5;5;5;5;null pointer;5;[];FALSE;4;FALSE;2;"[""clustering algorithms"", ""null checks"", ""KMeansPlusPlusClusterer""]"
Math-96;[MATH-221] Result of multiplying and equals for complex numbers is wrong - ASF JIRA;2610;5;5;5;5;Floating point precision leading to -0 vs 0.;4;[];FALSE;5;FALSE;2;"[""Complex number arithmetic"", ""equality comparison""]"
Jsoup-92;Issue Report;619;3;3;2;4;Parsing logic discrepancy;1;"[""missing steps"", ""vague inputs"", ""missing context""]";TRUE;3;FALSE;3;"[""HTML parsing"", ""attribute handling""]"
Mockito-31;Code;20;0;0;0;0;Unknown;0;"[""missing steps"", ""vague inputs"", ""unclear error messages"", ""missing context"", ""unclear reproduction"", ""missing environment info""]";TRUE;0;FALSE;5;[]
Lang-40;[LANG-432] Fix case-insensitive string handling - ASF JIRA;1083;4;4;3;4;Locale-sensitive string comparison used where locale-insensitive comparison is required;3;[];FALSE;4;FALSE;2;"[""String comparison"", ""Locale handling"", ""Case conversion""]"
Time-7;Issue Report;1132;5;5;5;5;Date parsing logic error;4;[];FALSE;4;FALSE;3;"[""Date parsing"", ""Timezone handling"", ""Locale"", ""MutableDateTime""]"
Closure-100;Issue Report;20;0;0;0;0;unknown;0;"[""missing steps"", ""vague inputs"", ""unclear error messages"", ""missing context"", ""unclear reproduction"", ""missing environment info""]";TRUE;0;FALSE;5;[]
JacksonDatabind-30;Issue Report;2707;5;5;5;5;Type conversion issue during deserialization with JsonTypeInfo and JsonSubTypes.;5;[];FALSE;4;FALSE;3;"[""JSON parsing"", ""serialization"", ""deserialization"", ""BigDecimal"", ""JsonTypeInfo"", ""JsonSubTypes""]"
Math-103;[MATH-167] ConvergenceException in normal CDF - ASF JIRA;1224;3;4;3;4;Numerical instability in CDF calculation leading to ConvergenceException;2;[];FALSE;3;FALSE;3;"[""CDF calculation"", ""numerical analysis"", ""error handling""]"
Closure-91;Issue Report;20;0;0;0;0;unknown;0;"[""missing steps"", ""vague inputs"", ""unclear error messages"", ""missing context"", ""unclear reproduction"", ""missing environment info""]";TRUE;0;FALSE;5;[]
JacksonCore-11;Issue Report;7912;4;4;4;4;Hash table collision or resize issue in Jackson's ByteQuadsCanonicalizer;4;[];FALSE;3;FALSE;3;"[""JSON parsing"", ""Serialization"", ""Hash tables"", ""Jackson library""]"
Codec-11;[CODEC-121] QuotedPrintableCodec does not support soft line break per the 'quoted-printable' example on Wikipedia - ASF JIRA;1717;5;5;5;5;Incorrect handling of soft line breaks in QuotedPrintableCodec;4;[];FALSE;5;FALSE;2;"[""Quoted-Printable encoding"", ""String processing""]"
Lang-17;[LANG-720] StringEscapeUtils.escapeXml(input) outputs wrong results when an input contains characters in Supplementary Planes. - ASF JIRA;1883;5;5;5;5;Incorrect loop counter in CharSequenceTranslator.translate;4;[];FALSE;5;FALSE;2;"[""String escaping"", ""Unicode handling"", ""Character encoding""]"
Math-55;[MATH-554] Vector3D.crossProduct is sensitive to numerical cancellation - ASF JIRA;1380;5;5;5;5;Numerical instability due to cancellation errors;4;[];FALSE;5;FALSE;3;"[""Numerical computation"", ""Vector algebra"", ""Floating-point arithmetic""]"
Lang-9;[LANG-832] FastDateParser does not handle unterminated quotes correctly - ASF JIRA;1163;4;4;3;5;Incorrect state management during quote parsing in FastDateParser;2;[];FALSE;4;FALSE;2;"[""date parsing"", ""string parsing"", ""regular expressions""]"
Closure-4;Issue Report;20;0;0;0;0;unknown;0;"[""missing steps"", ""vague inputs"", ""unclear error messages"", ""missing context"", ""unclear reproduction"", ""missing environment info""]";FALSE;0;FALSE;5;[]
JacksonDatabind-67;Issue Report;3431;4;4;4;5;Incorrect execution path in deserialization logic;5;[];FALSE;5;FALSE;3;"[""JSON parsing"", ""deserialization"", ""enum handling"", ""reflection""]"
Closure-29;Issue Report;20;0;0;0;0;Unknown;0;"[""missing steps"", ""vague inputs"", ""unclear error messages"", ""missing context"", ""unclear reproduction"", ""missing environment info""]";TRUE;0;FALSE;5;[]
Closure-157;Issue Report;20;0;0;0;0;unknown;0;"[""missing steps"", ""vague inputs"", ""unclear error messages"", ""missing context"", ""unclear reproduction"", ""missing environment info""]";FALSE;0;FALSE;5;[]
JacksonDatabind-88;Issue Report;1177;3;4;2;3;type mismatch;3;"[""missing steps"", ""vague inputs"", ""missing context""]";TRUE;3;FALSE;4;"[""JSON parsing"", ""type safety"", ""polymorphism"", ""security vulnerability""]"
Jsoup-51;Issue Report;1297;4;4;4;4;Character encoding issue;3;[];FALSE;3;FALSE;2;"[""XML parsing"", ""Character encoding""]"
Jsoup-8;Issue Report;594;2;3;2;3;null pointer;2;"[""missing steps"", ""unclear error messages"", ""missing context"", ""unclear reproduction""]";TRUE;2;FALSE;3;"[""toString method"", ""object lifecycle"", ""exception handling""]"
Math-43;[MATH-691] Statistics.setVarianceImpl makes getStandardDeviation produce NaN - ASF JIRA;1767;5;5;5;5;Incorrect calculation of standard deviation when using a custom Variance implementation with SummaryStatistics.;4;[];FALSE;4;FALSE;2;"[""statistics"", ""variance calculation"", ""standard deviation calculation""]"
Closure-141;Issue Report;20;0;0;0;0;unknown;0;"[""missing steps"", ""vague inputs"", ""unclear error messages"", ""missing context"", ""unclear reproduction"", ""missing environment info""]";FALSE;0;FALSE;5;[]
JacksonDatabind-71;Issue Report;594;3;4;3;4;Type mismatch/Missing deserializer;2;[];FALSE;3;FALSE;3;"[""JSON parsing"", ""Deserialization"", ""Type handling""]"
Collections-16;[COLLECTIONS-307] SetUniqueList.subList().contains() method checks against full parent list, not sublist range - ASF JIRA;1535;5;5;5;5;Incorrect index handling in subList implementation related to the backing Set of SetUniqueList.;4;[];FALSE;5;FALSE;2;"[""List implementation"", ""Set implementation"", ""subList"", ""Collection Decorator""]"
Jsoup-47;Issue Report;618;3;4;3;5;HTML entity encoding issue;2;[];FALSE;4;FALSE;3;"[""HTML parsing"", ""HTML entity encoding"", ""Data attribute handling""]"
Time-14;#151 Unable to add days to a MonthDay set to the ISO leap date;1540;4;5;5;5;Leap year handling logic error in MonthDay class;4;[];FALSE;4;FALSE;3;"[""date calculations"", ""ISO chronology"", ""leap year handling"", ""date arithmetic""]"
Lang-56;[LANG-303] FastDateFormat.mRules is not transient or serializable - ASF JIRA;1034;4;4;3;3;Serialization issue;3;[];FALSE;4;FALSE;2;"[""Serialization"", ""Object streams""]"
Math-14;[MATH-924] new multivariate vector optimizers cannot be used with large number of weights - ASF JIRA;1512;5;5;5;5;Inefficient memory allocation/matrix creation;4;[];FALSE;5;FALSE;3;"[""matrix operations"", ""memory management"", ""curve fitting"", ""linear algebra""]"
Closure-68;Issue Report;20;0;0;0;0;unknown;0;"[""missing steps"", ""vague inputs"", ""unclear error messages"", ""missing context"", ""unclear reproduction"", ""missing environment info""]";FALSE;0;FALSE;5;[]
JacksonDatabind-26;Issue Report;675;3;4;3;4;Serialization issue due to non-serializable class;3;[];FALSE;4;FALSE;3;"[""Serialization"", ""Object mapping"", ""Apache Spark integration""]"
Closure-116;Issue Report;20;0;0;0;0;unknown;0;"[""missing steps"", ""vague inputs"", ""unclear error messages"", ""missing context"", ""unclear reproduction"", ""missing environment info""]";TRUE;0;FALSE;5;[]
Closure-87;Issue Report;20;0;0;0;0;unknown;0;"[""missing steps"", ""vague inputs"", ""unclear error messages"", ""missing context"", ""unclear reproduction"", ""missing environment info""]";FALSE;0;FALSE;5;[]
Cli-15;[CLI-158] deafult arguments only works if no arguments are submitted - ASF JIRA;3239;4;4;4;5;Logic error in argument parsing with default values;4;[];FALSE;4;FALSE;2;"[""command line parsing"", ""argument processing"", ""default values""]"
Jsoup-10;Issue Report;966;4;4;4;5;Incorrect base URL resolution in absUrl function;3;[];FALSE;4;FALSE;3;"[""URL parsing"", ""HTML parsing"", ""DOM manipulation""]"
Jsoup-67;Issue Report;816;4;4;4;4;Inefficient algorithm in HTML parsing for deeply nested structures;3;[];FALSE;4;FALSE;3;"[""HTML parsing"", ""DOM tree construction"", ""stack management""]"
JxPath-8;[JXPATH-95] Comparing with NaN is incorrect - ASF JIRA;858;4;4;3;5;Incorrect comparison logic for NaN values;1;[];FALSE;5;FALSE;2;"[""XPath comparison"", ""NaN handling"", ""Type coercion""]"
Closure-161;Issue Report;20;0;0;0;0;unknown;0;"[""missing steps"", ""vague inputs"", ""unclear error messages"", ""missing context"", ""unclear reproduction"", ""missing environment info""]";TRUE;0;FALSE;5;[]
JacksonDatabind-51;Issue Report;865;3;3;4;4;Type erasure during deserialization;4;[];FALSE;3;FALSE;3;"[""JSON parsing"", ""Serialization"", ""Deserialization"", ""Generics"", ""Type resolution""]"
Jsoup-88;Issue Report;1369;5;5;5;5;Type conversion error or incorrect handling of empty attributes.;4;[];FALSE;4;FALSE;2;"[""Attribute handling"", ""DOM traversal"", ""String conversion""]"
JxPath-12;[JXPATH-97] Incomplete handling of undefined namespaces - ASF JIRA;1756;4;4;4;5;Namespace handling error for attributes;4;[];FALSE;4;FALSE;3;"[""XML parsing"", ""Namespace resolution"", ""Attribute handling""]"
Mockito-4;Issue Report;594;3;3;4;4;type mismatch;4;[];FALSE;3;FALSE;3;"[""mocking"", ""reflection"", ""testing""]"
Math-63;"[MATH-370] NaN in ""equals"" methods - ASF JIRA";1156;5;5;4;5;Incorrect comparison logic for NaN values;3;[];FALSE;5;FALSE;1;"[""floating point arithmetic"", ""comparison operators"", ""IEEE 754 standard""]"
Collections-3;[COLLECTIONS-219] The CollectionUtils.removeAll method calls the ListUtils.retainAll method instead of the ListUtils.removeAll method. - ASF JIRA;1803;5;5;5;5;Incorrect method call in CollectionUtils.removeAll;1;[];FALSE;5;FALSE;1;"[""List manipulation"", ""Collection operations""]"
Lang-21;[LANG-677] DateUtils.isSameLocalTime does not work correct - ASF JIRA;1465;5;5;5;5;Incorrect field used for comparison in DateUtils;4;[];FALSE;5;FALSE;1;"[""Date manipulation"", ""Calendar operations""]"
Cli-35;[CLI-252] LongOpt falsely detected as ambiguous - ASF JIRA;1389;5;5;5;5;Incorrect startsWith check in DefaultParser;4;[];FALSE;5;FALSE;1;"[""command line parsing"", ""option matching""]"
Jsoup-30;Issue Report;3323;3;3;3;4;stack overflow due to recursive call depth;4;[];FALSE;3;FALSE;3;"[""HTML parsing"", ""recursion"", ""stack management"", ""whitelist filtering""]"
Closure-48;Issue Report;20;0;0;0;0;unknown;0;"[""missing steps"", ""vague inputs"", ""unclear error messages"", ""missing context"", ""unclear reproduction"", ""missing environment info""]";TRUE;0;FALSE;5;[]
Closure-136;Issue Report;20;0;0;0;0;unknown;0;"[""missing steps"", ""vague inputs"", ""unclear error messages"", ""missing context"", ""unclear reproduction"", ""missing environment info""]";FALSE;0;FALSE;5;[]
Math-34;[MATH-779] ListPopulation Iterator allows you to remove chromosomes from the population. - ASF JIRA;1459;5;5;4;5;Unprotected access to internal data structure;3;[];FALSE;5;FALSE;1;"[""Iterator"", ""List"", ""Data Structures"", ""Immutability""]"
Codec-8;[CODEC-105] ArrayIndexOutOfBoundsException when doing multiple reads() on encoding Base64InputStream - ASF JIRA;2225;5;5;5;5;ArrayIndexOutOfBoundsException due to incorrect buffer resizing logic in Base64 encoding;5;[];FALSE;5;FALSE;3;"[""Base64 encoding"", ""stream processing"", ""buffer management"", ""array indexing""]"
Jsoup-26;Issue Report;909;5;5;4;5;NullPointerException;4;[];FALSE;5;FALSE;2;"[""HTML parsing"", ""DOM manipulation"", ""Null handling"", ""Security Sanitization""]"
Cli-23;[CLI-162] infinite loop in the wrapping code of HelpFormatter - ASF JIRA;1612;5;5;5;5;Incorrect wrapping logic causing infinite loop;4;[];FALSE;5;FALSE;3;"[""text wrapping"", ""help formatter"", ""string manipulation""]"
Closure-120;Issue Report;20;0;0;0;0;unknown;0;"[""missing steps"", ""vague inputs"", ""unclear error messages"", ""missing context"", ""unclear reproduction"", ""missing environment info""]";FALSE;0;FALSE;5;[]
JacksonDatabind-10;Issue Report;1206;3;4;4;4;Annotation processing conflict;3;[];FALSE;3;FALSE;3;"[""JSON serialization"", ""Annotation processing"", ""Jackson Databind""]"
Cli-5;[CLI-133] NullPointerException in Util.stripLeadingHyphens when passed a null argument - ASF JIRA;1449;5;5;5;5;null pointer;4;[];FALSE;5;FALSE;1;"[""argument validation"", ""null checks"", ""option parsing""]"
Gson-12;Issue Report;1266;5;5;5;5;ArrayIndexOutOfBoundsException;5;[];FALSE;5;FALSE;2;"[""JSON parsing"", ""Tree traversal""]"
Math-22;[MATH-859] Fix and then deprecate isSupportXxxInclusive in RealDistribution interface - ASF JIRA;1424;4;4;3;4;Incorrect definition of isSupportXxxInclusive in RealDistribution interface;3;[];FALSE;4;FALSE;3;"[""RealDistribution interface"", ""probability density function"", ""numerical computation""]"
JacksonDatabind-103;Issue Report;747;3;4;3;4;"Exception handling logic error; double handling of location information";2;[];FALSE;3;FALSE;2;"[""JSON parsing"", ""Exception handling""]"
Lang-60;[LANG-295] StrBuilder contains usages of thisBuf.length when they should use size - ASF JIRA;1198;4;4;3;3;Incorrect index usage;3;[];FALSE;3;FALSE;2;"[""String manipulation"", ""Array indexing""]"
Compress-2;[COMPRESS-11] Ar doesn't delete correct - ASF JIRA;1753;4;4;4;5;File pointer not correctly updated after deletion, leading to inconsistent view of archive contents.;3;[];FALSE;4;FALSE;3;"[""file I/O"", ""archive manipulation"", ""data structures""]"
Time-22;#113 Duration.toPeriod with fixed time zones.;1893;4;5;4;5;Incorrect Chronology usage in Duration.toPeriod();4;[];FALSE;5;FALSE;3;"[""Duration"", ""Period"", ""DateTimeZone"", ""Chronology"", ""Time Zone Handling""]"
Jsoup-71;Issue Report;696;2;3;2;3;Missing selector functionality;2;"[""missing context"", ""vague inputs""]";FALSE;3;FALSE;3;"[""UI rendering"", ""selector engine""]"
Collections-20;[COLLECTIONS-447] TreeListIterator can return incorrect results after remove() is called - ASF JIRA;1915;5;5;5;5;Stale reference;5;[];FALSE;5;FALSE;1;"[""ListIterator"", ""Tree data structure"", ""Reference management""]"
JacksonDatabind-47;Issue Report;3280;4;4;4;4;Type mismatch;4;[];FALSE;3;FALSE;3;"[""JSON parsing"", ""Serialization"", ""Deserialization"", ""Type handling""]"
Math-75;[MATH-329] In stat.Frequency, getPct(Object) uses getCumPct(Comparable) instead of getPct(Comparable)  - ASF JIRA;1545;5;5;5;5;Incorrect method call in deprecated method;4;[];FALSE;5;FALSE;1;"[""deprecated methods"", ""statistical calculations"", ""API consistency""]"
Lang-37;[LANG-567] ArrayUtils.addAll(T[] array1, T... array2) does not handle mixed types very well - ASF JIRA;1327;4;4;4;5;type mismatch;4;[];FALSE;5;FALSE;2;"[""generics"", ""array manipulation"", ""type checking""]"
JacksonCore-7;Issue Report;781;4;4;3;5;Incorrect state management in JsonGenerator;2;"[""missing steps"", ""vague inputs""]";TRUE;4;FALSE;3;"[""JSON parsing"", ""Serialization""]"
Closure-72;Issue Report;20;0;0;0;0;unknown;0;"[""missing steps"", ""vague inputs"", ""unclear error messages"", ""missing context"", ""unclear reproduction"", ""missing environment info""]";FALSE;0;FALSE;5;[]
Closure-25;Issue Report;20;0;0;0;0;unknown;0;"[""missing steps"", ""vague inputs"", ""unclear error messages"", ""missing context"", ""unclear reproduction"", ""missing environment info""]";TRUE;0;FALSE;5;[]
Closure-8;Issue Report;20;0;0;0;0;unknown;0;"[""missing steps"", ""vague inputs"", ""unclear error messages"", ""missing context"", ""unclear reproduction"", ""missing environment info""]";TRUE;0;FALSE;5;[]
Mockito-11;Fixed DelegatingMethod.equals() so that it's easier to extend Mockito by custom verification modes #87;9128;5;5;5;5;Incorrect equals() and hashCode() implementation in DelegatingMethod;4;[];FALSE;5;FALSE;1;"[""equals() method"", ""hashCode() method"", ""DelegatingMethod"", ""InvocationImpl"", ""custom VerificationMode"", ""Mockito API""]"
JacksonDatabind-84;Issue Report;1013;4;4;4;5;Type handling issue with recursive generics and serialization;4;[];FALSE;4;FALSE;3;"[""JSON serialization"", ""Generics"", ""Type handling"", ""Reflection""]"
Math-3;[MATH-1005] ArrayIndexOutOfBoundsException in MathArrays.linearCombination - ASF JIRA;1176;5;5;5;5;ArrayIndexOutOfBoundsException;4;[];FALSE;5;FALSE;1;"[""numerical computation"", ""array indexing"", ""conditional logic""]"
Lang-5;[LANG-865] LocaleUtils.toLocale does not parse strings starting with an underscore - ASF JIRA;1615;5;4;4;4;Incorrect parsing logic in LocaleUtils.toLocale;3;[];FALSE;4;FALSE;2;"[""Locale parsing"", ""String manipulation"", ""Internationalization""]"
Math-59;"[MATH-482] FastMath.max(50.0f, -50.0f) => -50.0f; should be +50.0f - ASF JIRA";1209;5;5;5;5;Incorrect variable returned in max function implementation.;3;[];FALSE;5;FALSE;1;"[""Math functions"", ""Floating point arithmetic""]"
Compress-40;[COMPRESS-363] Overflow in BitInputStream - ASF JIRA;2654;5;4;4;4;Integer overflow;4;[];FALSE;5;FALSE;2;"[""Bit manipulation"", ""Input stream processing""]"
Closure-33;Issue Report;20;0;0;0;0;unknown;0;"[""missing steps"", ""vague inputs"", ""unclear error messages"", ""missing context"", ""unclear reproduction"", ""missing environment info""]";FALSE;0;FALSE;5;[]
Time-18;#130 GJChronology rejects valid Julian dates;461;4;5;5;5;Logic error in date validation within GJChronology;4;[];FALSE;5;FALSE;3;"[""date validation"", ""chronology"", ""GregorianJulian conversion""]"
JacksonDatabind-92;Issue Report;1243;2;4;3;3;Polymorphic deserialization vulnerability due to unsafe JDK types;3;[];FALSE;4;FALSE;4;"[""JSON parsing"", ""Deserialization"", ""Security"", ""Type handling""]"
Jsoup-4;Issue Report;888;5;5;5;5;Incorrect entity replacement logic in Jsoup library;4;[];FALSE;4;FALSE;3;"[""HTML entities"", ""String manipulation"", ""Character encoding""]"
Closure-64;Issue Report;20;0;0;0;0;unknown;0;"[""missing steps"", ""vague inputs"", ""unclear error messages"", ""missing context"", ""unclear reproduction"", ""missing environment info""]";FALSE;0;FALSE;5;[]
Compress-17;[COMPRESS-197] Tar file for Android backup cannot be read - ASF JIRA;1486;5;4;4;5;Incorrect handling of non-standard tar header format;4;[];FALSE;4;FALSE;3;"[""Tar archive parsing"", ""Header parsing"", ""Input stream processing""]"
Cli-19;[CLI-164] PosixParser ignores unrecognized tokens starting with '-' - ASF JIRA;1098;5;5;5;5;Incorrect parsing logic in PosixParser when stopAtNonOption is enabled;3;[];FALSE;5;FALSE;2;"[""command line parsing"", ""argument validation"", ""state management""]"
Csv-12;[CSV-128] CSVFormat.EXCEL should ignore empty header names - ASF JIRA;2311;4;5;4;5;Improper handling of empty strings as header names;4;[];FALSE;5;FALSE;2;"[""CSV parsing"", ""header validation"", ""data structures""]"
Math-18;[MATH-867] CMAESOptimizer with bounds fits finely near lower bound and coarsely near upper bound.  - ASF JIRA;1579;5;5;5;5;Floating point precision limitations due to mapping to [0,1] interval;4;[];FALSE;5;FALSE;3;"[""optimization algorithms"", ""floating point arithmetic"", ""parameter scaling""]"
JacksonDatabind-21;Issue Report;1591;3;4;3;4;Lack of built-in serialization/deserialization annotation for enums;3;[];FALSE;4;FALSE;3;"[""JSON parsing"", ""Serialization"", ""Deserialization"", ""Enums""]"
Closure-111;Issue Report;20;0;0;0;0;unknown;0;"[""missing steps"", ""vague inputs"", ""unclear error messages"", ""missing context"", ""unclear reproduction"", ""missing environment info""]";TRUE;0;FALSE;5;[]
Jsoup-17;Issue Report;1014;4;5;4;5;Type mismatch between Character and String '0';4;[];FALSE;5;FALSE;2;"[""HTML sanitization"", ""Character handling"", ""Tree traversal""]"
Cli-12;"[CLI-1] PosixParser interupts ""-target opt"" as ""-t arget opt"" - ASF JIRA";3686;3;4;4;5;parser misinterpreting option arguments;3;[];FALSE;5;FALSE;3;"[""command line parsing"", ""option processing""]"
Closure-80;Issue Report;20;0;0;0;0;unknown;0;"[""missing steps"", ""vague inputs"", ""unclear error messages"", ""missing context"", ""unclear reproduction"", ""missing environment info""]";FALSE;0;FALSE;5;[]
Gson-7;Issue Report;1024;4;4;4;5;Type mismatch or incorrect handling of integer keys in JSON parsing;3;[];FALSE;3;FALSE;3;"[""JSON parsing"", ""Type conversion"", ""Map implementation""]"
Lang-51;[LANG-365] BooleanUtils.toBoolean() - invalid drop-thru in case statement causes StringIndexOutOfBoundsException - ASF JIRA;1383;5;5;5;5;fallthrough in switch statement;4;[];FALSE;5;FALSE;1;"[""boolean logic"", ""string comparison""]"
Math-13;[MATH-924] new multivariate vector optimizers cannot be used with large number of weights - ASF JIRA;1512;5;5;5;5;Inefficient memory allocation due to creating a full nxn matrix when a vector would suffice.;4;[];FALSE;5;FALSE;3;"[""linear algebra"", ""matrix operations"", ""memory management"", ""curve fitting algorithms"", ""weighting""]"
Closure-146;Issue Report;20;0;0;0;0;Unknown;0;"[""missing steps"", ""vague inputs"", ""unclear error messages"", ""missing context"", ""unclear reproduction"", ""missing environment info""]";FALSE;0;FALSE;5;[]
JacksonDatabind-76;Issue Report;3841;5;5;5;5;Incorrect deserialization logic in BuilderBasedDeserializer, specifically in deserializeUsingPropertyBasedWithUnwrapped method.;5;[];FALSE;5;FALSE;3;"[""JSON parsing"", ""Deserialization"", ""Jackson library"", ""Builder pattern""]"
Closure-38;Issue Report;20;0;0;0;0;unknown;0;"[""missing steps"", ""vague inputs"", ""unclear error messages"", ""missing context"", ""unclear reproduction"", ""missing environment info""]";FALSE;0;FALSE;5;[]
JacksonDatabind-99;Issue Report;713;4;5;4;5;String formatting error in ReferenceType.toCanonical();4;[];FALSE;5;FALSE;2;"[""Type system"", ""String formatting"", ""Reflection""]"
Time-13;#160 Negative millis display incorrectly in Period.toString;1256;5;5;5;5;Incorrect sign handling in Period.toString();4;[];FALSE;5;FALSE;2;"[""string formatting"", ""date/time calculations""]"
Collections-11;[COLLECTIONS-266] Issue with MultiKey when serialized/deserialized via RMI - ASF JIRA;2018;5;5;5;5;Serialization issue due to non-transient cached hash code;5;[];FALSE;5;FALSE;2;"[""serialization"", ""hash code calculation"", ""RMI"", ""MultiKey""]"
Jsoup-40;Issue Report;870;3;4;3;4;Improper handling of DOCTYPE token without name in parser;2;[];FALSE;3;FALSE;2;"[""HTML parsing"", ""DOCTYPE handling""]"
Math-44;[MATH-695] Incomplete reinitialization with some events handling - ASF JIRA;1418;2;3;2;3;State management error;2;"[""missing steps"", ""missing context"", ""unclear reproduction""]";TRUE;3;FALSE;4;"[""Event handling"", ""State management"", ""Reinitialization""]"
JacksonDatabind-60;Issue Report;1909;3;4;4;5;Type handling issue with @JsonValue and default typing;4;[];FALSE;4;FALSE;3;"[""JSON parsing"", ""Serialization"", ""Deserialization"", ""Polymorphism"", ""Type handling"", ""Annotation processing""]"
Closure-150;Issue Report;20;0;0;0;0;unknown;0;"[""missing steps"", ""vague inputs"", ""unclear error messages"", ""missing context"", ""unclear reproduction"", ""missing environment info""]";FALSE;0;FALSE;5;[]
Closure-3;Issue Report;20;0;0;0;0;unknown;0;"[""missing steps"", ""vague inputs"", ""unclear error messages"", ""missing context"", ""unclear reproduction"", ""missing environment info""]";FALSE;0;FALSE;5;[]
Jsoup-56;Issue Report;961;4;5;4;5;Incorrect parsing of SYSTEM doctype declarations;3;[];FALSE;5;FALSE;3;"[""XML parsing"", ""DOCTYPE processing"", ""HTML parsing""]"
Lang-10;[LANG-831] FastDateParser does not handle white-space properly - ASF JIRA;1166;4;4;3;5;Incorrect whitespace handling in FastDateParser implementation;2;[];FALSE;5;FALSE;2;"[""Date parsing"", ""String processing"", ""Regular expressions""]"
Codec-16;[CODEC-200] Base32.HEX_DECODE_TABLE contains the wrong value 32 - ASF JIRA;1101;5;5;5;5;Incorrect value in lookup table;3;[];FALSE;5;FALSE;1;"[""Base32 encoding"", ""Lookup table""]"
Math-8;[MATH-942] DiscreteDistribution.sample(int) may throw an exception if first element of singletons of sub-class type - ASF JIRA;1667;5;5;5;5;type mismatch;4;[];FALSE;5;FALSE;2;"[""type casting"", ""array creation"", ""discrete distribution""]"
Math-52;[MATH-639] numerical problems in rotation creation - ASF JIRA;2484;4;5;4;5;numerical instability due to floating-point precision limitations;5;[];FALSE;5;FALSE;3;"[""quaternion operations"", ""vector operations"", ""floating-point arithmetic"", ""numerical analysis""]"
Math-104;[MATH-166] Special functions not very accurate - ASF JIRA;1343;5;5;5;5;Incorrect default epsilon value in Gamma and Beta functions;4;[];FALSE;5;FALSE;1;"[""numerical analysis"", ""special functions"", ""epsilon comparison""]"
Closure-107;Issue Report;20;0;0;0;0;unknown;0;"[""missing steps"", ""vague inputs"", ""unclear error messages"", ""missing context"", ""unclear reproduction"", ""missing environment info""]";FALSE;0;FALSE;5;[]
Closure-79;Issue Report;20;0;0;0;0;unknown;0;"[""missing steps"", ""vague inputs"", ""unclear error messages"", ""missing context"", ""unclear reproduction"", ""missing environment info""]";FALSE;0;FALSE;5;[]
JacksonDatabind-37;Issue Report;6014;4;4;4;5;jackson deserialization error;4;[];FALSE;4;FALSE;3;"[""JSON parsing"", ""deserialization"", ""inheritance"", ""jackson annotations""]"
Closure-96;Issue Report;20;0;0;0;0;unknown;0;"[""missing steps"", ""vague inputs"", ""unclear error messages"", ""missing context"", ""unclear reproduction"", ""missing environment info""]";FALSE;0;FALSE;5;[]
JacksonCore-16;Issue Report;823;4;4;3;4;Logic error in JsonParserSequence's nextToken() method;3;"[""missing steps""]";TRUE;4;FALSE;3;"[""JSON parsing"", ""token handling"", ""parser sequencing""]"
Lang-47;[LANG-412] StrBuilder appendFixedWidth does not handle nulls - ASF JIRA;1228;4;4;4;4;null pointer;3;[];FALSE;4;FALSE;2;"[""string manipulation"", ""null handling""]"
Mockito-36;Code;20;0;0;0;0;unknown;0;"[""missing steps"", ""vague inputs"", ""unclear error messages"", ""missing context"", ""unclear reproduction"", ""missing environment info""]";TRUE;0;FALSE;5;[]
Math-91;[MATH-252] Fraction.comparTo returns 0 for some differente fractions - ASF JIRA;1411;5;5;5;5;Floating-point precision issue leading to incorrect comparison;4;[];FALSE;5;FALSE;3;"[""numerical computation"", ""comparison"", ""floating-point arithmetic""]"
Cli-28;[CLI-201] Default options may be partially processed - ASF JIRA;2350;5;5;5;5;Incorrect control flow (break instead of continue);4;[];FALSE;5;FALSE;1;"[""command line parsing"", ""options processing"", ""properties handling""]"
Closure-55;Issue Report;20;0;0;0;0;unknown;0;"[""missing steps"", ""vague inputs"", ""unclear error messages"", ""missing context"", ""unclear reproduction"", ""missing environment info""]";TRUE;0;FALSE;5;[]
Compress-26;[COMPRESS-277] IOUtils.skip does not work as advertised - ASF JIRA;1825;4;4;4;5;Incorrect implementation of IOUtils.skip() not handling the behavior of CipherInputStream correctly.;4;[];FALSE;5;FALSE;3;"[""Input/Output Streams"", ""Encryption"", ""Data Processing""]"
Math-29;[MATH-803] Bugs in RealVector.ebeMultiply(RealVector) and ebeDivide(RealVector) - ASF JIRA;1852;4;5;4;5;Incorrect assumption about floating-point arithmetic;4;[];FALSE;5;FALSE;3;"[""RealVector operations"", ""Floating-point arithmetic"", ""Performance optimization""]"
JacksonDatabind-108;Issue Report;1941;4;5;5;5;Refactoring introduced unintended side effect;4;[];FALSE;5;FALSE;3;"[""JSON parsing"", ""Deserialization"", ""ObjectMapper"", ""ObjectReader""]"
Compress-9;[COMPRESS-160] TarArchiveOutputStream.getBytesWritten() returns invalid value - ASF JIRA;3973;5;5;5;5;Incorrect counter update timing;5;[];FALSE;5;FALSE;1;"[""File I/O"", ""Data compression"", ""Counter management""]"
Compress-30;[COMPRESS-309] BZip2CompressorInputStream return value wrong when told to read to a full buffer. - ASF JIRA;2460;5;5;5;5;Incorrect handling of offset and length parameters in read() method when length is zero.;4;[];FALSE;4;FALSE;2;"[""compression"", ""input stream"", ""BZip2""]"
Closure-43;Issue Report;20;0;0;0;0;unknown;0;"[""missing steps"", ""vague inputs"", ""unclear error messages"", ""missing context"", ""unclear reproduction"", ""missing environment info""]";FALSE;0;FALSE;5;[]
Codec-3;[CODEC-84] Double Metaphone bugs in alternative encoding - ASF JIRA;2874;5;5;5;5;Incorrect string manipulation/comparison in Double Metaphone algorithm;4;[];FALSE;5;FALSE;1;"[""String manipulation"", ""Phonetic algorithms"", ""Character encoding""]"
Closure-14;Issue Report;20;0;0;0;0;unknown;0;"[""missing steps"", ""vague inputs"", ""unclear error messages"", ""missing context"", ""unclear reproduction"", ""missing environment info""]";FALSE;0;FALSE;5;[]
JxPath-3;[JXPATH-68] StackOverflow error on a call to 'JXPathContext.createPath()' - ASF JIRA;4206;5;5;5;5;Infinite recursion due to null elements in a List;5;[];FALSE;5;FALSE;3;"[""XPath evaluation"", ""Object creation"", ""List manipulation"", ""Recursion""]"
Mockito-20;Issue Report;3671;3;5;4;4;Lack of flexible mocking capabilities for abstract classes and complex interfaces.;4;[];FALSE;5;FALSE;3;"[""mocking framework"", ""code generation"", ""reflection"", ""abstract classes"", ""interfaces""]"
Jsoup-83;Issue Report;1374;3;4;3;5;HTML parsing error due to malformed HTML;2;[];FALSE;5;FALSE;4;"[""HTML parsing"", ""DOM tree construction"", ""error handling""]"
JxPath-19;[JXPATH-125] JXPathContext.iteratePointers() does not work with multiple prefixes for a single namespace URI - ASF JIRA;1791;5;5;5;5;Incorrect node name comparison;5;[];FALSE;5;FALSE;2;"[""XML parsing"", ""XPath evaluation"", ""Namespace resolution""]"
Collections-8;[COLLECTIONS-220] Serialization/Deserialization doesn't work well with empty buffers. - ASF JIRA;2355;4;4;4;5;Serialization issue leading to incorrect buffer initialization;4;[];FALSE;5;FALSE;3;"[""serialization"", ""deserialization"", ""queue implementation"", ""buffer management""]"
Chart-11;#868 JCommon 1.0.12 ShapeUtilities.equal(path1,path2);228;5;5;5;5;Incorrect iterator usage;4;[];FALSE;5;FALSE;1;"[""Geometry"", ""Shape comparison"", ""Path iteration""]"
Math-68;[MATH-362] LevenbergMarquardtOptimizer ignores the VectorialConvergenceChecker parameter passed to it - ASF JIRA;1208;3;4;3;4;Incorrect parameter handling or type mismatch within the LevenbergMarquardtOptimizer class.;2;[];FALSE;3;FALSE;3;"[""optimization algorithms"", ""parameter passing"", ""convergence checking""]"
Math-87;[MATH-273] Basic variable is not found correctly in simplex tableau - ASF JIRA;1429;5;5;4;5;Incorrect assumption about basic variable identification;4;[];FALSE;5;FALSE;2;"[""linear algebra"", ""simplex algorithm"", ""numerical computation""]"
Csv-6;[CSV-111] CSVRecord.toMap() fails if row length shorter than header length - ASF JIRA;1280;5;5;5;5;ArrayIndexOutOfBoundsException;4;[];FALSE;5;FALSE;1;"[""CSV parsing"", ""data structures"", ""mapping""]"
Csv-15;[CSV-219] The behavior of quote char using is not similar as Excel does when the first string contains CJK char(s) - ASF JIRA;1383;4;4;4;5;Character encoding or locale handling issue in CSV formatting logic.;3;[];FALSE;4;FALSE;3;"[""CSV formatting"", ""Character encoding"", ""Internationalization"", ""String manipulation""]"
Compress-10;[COMPRESS-164] Cannot Read Winzip Archives With Unicode Extra Fields - ASF JIRA;2221;5;5;5;5;Hash collision due to mutable key (ZipArchiveEntry name);5;[];FALSE;5;FALSE;2;"[""HashMap"", ""Unicode handling"", ""zip archive parsing"", ""hashing""]"
Jsoup-3;Issue Report;588;2;3;2;3;DOM manipulation error;1;"[""missing steps"", ""vague inputs"", ""missing context"", ""unclear reproduction"", ""missing environment info""]";TRUE;2;FALSE;3;"[""DOM manipulation"", ""UI rendering""]"
Math-48;"[MATH-631] ""RegulaFalsiSolver"" failure - ASF JIRA";1684;5;5;5;5;Convergence failure or incorrect termination condition in RegulaFalsiSolver;5;[];FALSE;4;FALSE;3;"[""numerical methods"", ""root finding algorithms"", ""convergence criteria""]"
Closure-34;Issue Report;20;0;0;0;0;unknown;0;"[""missing steps"", ""vague inputs"", ""unclear error messages"", ""missing context"", ""unclear reproduction"", ""missing environment info""]";FALSE;0;FALSE;5;[]
Compress-47;[COMPRESS-436] ZipArchiveInputStream#getNextZipEntry should verify compressed size is known for bzip2, implode etc. - ASF JIRA;1927;5;5;5;5;NullPointerException;4;[];FALSE;5;FALSE;2;"[""zip archive"", ""input stream"", ""compression""]"
JacksonDatabind-95;Issue Report;2316;4;4;4;5;null pointer;4;[];FALSE;4;FALSE;3;"[""JSON parsing"", ""type handling"", ""generic types"", ""serialization""]"
Math-4;[MATH-988] NPE when calling SubLine.intersection() with non-intersecting lines - ASF JIRA;1411;5;5;4;5;Null pointer;4;[];FALSE;5;FALSE;2;"[""geometric calculations"", ""line intersection"", ""coordinate systems""]"
Mockito-16;Code;20;0;0;0;0;unknown;0;"[""missing steps"", ""vague inputs"", ""unclear error messages"", ""missing context"", ""unclear reproduction"", ""missing environment info""]";TRUE;0;FALSE;5;[]
Closure-22;Issue Report;20;0;0;0;0;unknown;0;"[""missing steps"", ""vague inputs"", ""unclear error messages"", ""missing context"", ""unclear reproduction"", ""missing environment info""]";FALSE;0;FALSE;5;[]
JacksonDatabind-83;Issue Report;3441;5;5;5;5;DeserializationProblemHandler not being properly utilized;5;[];FALSE;5;FALSE;2;"[""JSON parsing"", ""Deserialization"", ""Exception handling""]"
JacksonDatabind-7;Issue Report;1213;4;4;4;5;Incorrect handling of FIELD_NAME token when copying structure in TokenBuffer;4;[];FALSE;4;FALSE;3;"[""JSON parsing"", ""deserialization"", ""TokenBuffer""]"
Closure-75;Issue Report;20;0;0;0;0;Unknown;0;"[""missing steps"", ""vague inputs"", ""unclear error messages"", ""missing context"", ""unclear reproduction"", ""missing environment info""]";FALSE;0;FALSE;5;[]
Math-72;[MATH-344] Brent solver returns the wrong value if either bracket endpoint is root - ASF JIRA;1150;4;4;4;5;Incorrect return value selection in root finding algorithm;2;[];FALSE;5;FALSE;2;"[""Root finding algorithm"", ""Numerical analysis""]"
Lang-30;[LANG-607] StringUtils methods do not handle Unicode 2.0+ supplementary characters correctly. - ASF JIRA;3050;5;5;5;5;Incorrect handling of supplementary Unicode characters in StringUtils methods.;4;[];FALSE;5;FALSE;3;"[""string manipulation"", ""unicode handling""]"
Jsoup-76;Issue Report;1321;5;5;5;5;HTML parsing logic incorrect for <pre> and <textarea> tags.;4;[];FALSE;5;FALSE;3;"[""HTML parsing"", ""DOM manipulation"", ""Text processing""]"
Collections-27;[COLLECTIONS-580] Arbitrary remote code execution with InvokerTransformer - ASF JIRA;2533;4;5;5;5;Deserialization vulnerability due to insecure transformer;4;[];FALSE;5;FALSE;4;"[""serialization"", ""deserialization"", ""remote method invocation"", ""reflection"", ""transformer pattern""]"
Time-25;#90 DateTimeZone.getOffsetFromLocal error during DST transition;1267;4;5;4;5;Incorrect handling of ambiguous local times during DST transitions in DateTimeZone.getOffsetFromLocal;4;[];FALSE;5;FALSE;3;"[""DateTimeZone"", ""DST"", ""Time zone calculations"", ""Date and time manipulation""]"
JacksonDatabind-40;Issue Report;733;3;4;3;4;Type coercion;3;[];FALSE;3;FALSE;2;"[""JSON parsing"", ""Data type conversion""]"
Closure-170;Issue Report;20;0;0;0;0;unknown;0;"[""missing steps"", ""vague inputs"", ""unclear error messages"", ""missing context"", ""unclear reproduction"", ""missing environment info""]";FALSE;0;FALSE;5;[]
Math-25;"[MATH-844] ""HarmonicFitter.ParameterGuesser"" sometimes fails to return sensible values - ASF JIRA";1159;3;4;3;3;Incorrect initial guess calculation;2;[];FALSE;3;FALSE;3;"[""parameter estimation"", ""mathematical fitting""]"
Gson-15;Issue Report;1258;5;5;5;5;Inconsistent handling of NaN and Infinity values between JsonWriter#value(java.lang.Number) and JsonWriter#value(double);5;[];FALSE;5;FALSE;2;"[""JSON writing"", ""Number handling"", ""Lenient mode"", ""Floating-point arithmetic""]"
Compress-5;[COMPRESS-87] ZipArchiveInputStream doesn't report the end of a truncated archive - ASF JIRA;2025;5;5;4;5;Incorrect end-of-stream detection;4;[];FALSE;5;FALSE;1;"[""Input stream processing"", ""Zip archive format"", ""Error handling""]"
JacksonDatabind-104;Issue Report;3630;5;5;5;5;Incorrect date formatting for years outside the standard range;5;[];FALSE;5;FALSE;2;"[""JSON parsing"", ""Date formatting"", ""Date parsing""]"
Cli-24;[CLI-162] infinite loop in the wrapping code of HelpFormatter - ASF JIRA;1612;5;5;5;5;Incorrect wrapping logic causing infinite loop;4;[];FALSE;5;FALSE;3;"[""text wrapping"", ""string manipulation"", ""looping""]"
Jsoup-21;Issue Report;1163;4;4;3;5;Incorrect parsing of selectors due to improper handling of commas within regular expressions;3;[];FALSE;5;FALSE;3;"[""Selector parsing"", ""Regular expression processing"", ""Query parsing""]"
Cli-2;"[CLI-51] [cli] Parameter value ""-something"" misinterpreted as a parameter - ASF JIRA";1992;5;5;5;5;Incorrect parsing of command-line arguments due to hyphen handling;4;[];FALSE;5;FALSE;2;"[""command line parsing"", ""string processing"", ""parameter validation""]"
Closure-127;Issue Report;20;0;0;0;0;unknown;0;"[""missing steps"", ""vague inputs"", ""unclear error messages"", ""missing context"", ""unclear reproduction"", ""missing environment info""]";FALSE;0;FALSE;5;[]
Closure-59;Issue Report;20;0;0;0;0;unknown;0;"[""missing steps"", ""vague inputs"", ""unclear error messages"", ""missing context"", ""unclear reproduction"", ""missing environment info""]";FALSE;0;FALSE;5;[]
JacksonDatabind-17;Issue Report;3904;5;5;5;5;Type deserialization failure when defaultTyping is enabled without type information;5;[];FALSE;5;FALSE;3;"[""JSON parsing"", ""Type deserialization"", ""Jackson configuration""]"
Math-33;[MATH-781] SimplexSolver gives bad results - ASF JIRA;1352;3;4;3;4;Algorithm implementation error in SimplexSolver;2;[];FALSE;3;FALSE;3;"[""Linear programming"", ""Simplex algorithm"", ""Optimization""]"
JacksonDatabind-112;Issue Report;1380;3;4;4;5;Type mismatch or incorrect deserializer delegation for custom String collections.;3;[];FALSE;4;FALSE;3;"[""JSON parsing"", ""deserialization"", ""type handling"", ""collection handling""]"
Jsoup-37;Issue Report;673;3;4;3;4;Unintentional whitespace trimming;2;[];FALSE;3;FALSE;2;"[""HTML parsing"", ""DOM manipulation"", ""String processing""]"
Cli-32;[CLI-193] StringIndexOutOfBoundsException in HelpFormatter.findWrapPos - ASF JIRA;1782;5;5;5;5;Index out of bounds;5;[];FALSE;5;FALSE;1;"[""String manipulation"", ""Looping"", ""Text wrapping""]"
JacksonCore-20;Issue Report;1182;4;5;4;5;Missing implementation for byte[] in writeEmbeddedObject();4;[];FALSE;5;FALSE;3;"[""JSON generation"", ""binary data handling"", ""ObjectCodec"", ""serialization""]"
Closure-131;Issue Report;20;0;0;0;0;Unknown;0;"[""missing steps"", ""vague inputs"", ""unclear error messages"", ""missing context"", ""unclear reproduction"", ""missing environment info""]";TRUE;0;FALSE;5;[]
Math-64;[MATH-405] Inconsistent result from Levenberg-Marquardt - ASF JIRA;1401;3;4;3;4;Numerical instability or incorrect calculation within the Levenberg-Marquardt algorithm's iterative process, leading to a mismatch between the reported optimum point and the residuals/cost.;3;[];FALSE;3;FALSE;3;"[""numerical optimization"", ""linear algebra"", ""error calculation"", ""parameter estimation""]"
Collections-4;[COLLECTIONS-228] MultiValueMap put and putAll do not return the correct values - ASF JIRA;1349;3;4;3;4;Incorrect return value logic in put and putAll methods;2;[];FALSE;3;FALSE;2;"[""Map interface"", ""MultiValueMap implementation"", ""Collection handling""]"
Mockito-3;Issue Report;538;2;3;2;3;API compatibility issue;2;"[""missing steps"", ""missing environment info"", ""unclear reproduction""]";TRUE;2;FALSE;3;"[""Mockito"", ""varargs"", ""ArgumentCaptor""]"
Lang-26;[LANG-645] FastDateFormat.format() outputs incorrect week of year because locale isn't respected - ASF JIRA;2655;5;5;5;5;Locale handling inconsistency in FastDateFormat;4;[];FALSE;5;FALSE;3;"[""Date formatting"", ""Locale handling"", ""Calendar calculations""]"
Jsoup-60;Issue Report;1057;4;4;4;5;Incorrect handling of special characters (' or &) in the contains selector logic.;3;[];FALSE;4;FALSE;3;"[""CSS selector parsing"", ""String matching"", ""HTML parsing""]"
JxPath-15;[JXPATH-100] Core union operation does not sort result nodes according to document order - ASF JIRA;1455;5;5;5;5;Incorrect or missing sorting in CoreOperationUnion;4;[];FALSE;5;FALSE;3;"[""XPath evaluation"", ""node-set sorting"", ""CoreOperationUnion""]"
Closure-166;Issue Report;20;0;0;0;0;unknown;0;"[""missing steps"", ""vague inputs"", ""unclear error messages"", ""missing context"", ""unclear reproduction"", ""missing environment info""]";FALSE;0;FALSE;5;[]
JacksonDatabind-56;Issue Report;999;5;5;4;5;Incorrect locale separator parsing;4;[];FALSE;5;FALSE;1;"[""JSON parsing"", ""Locale handling"", ""Deserialization""]"
Closure-18;Issue Report;20;0;0;0;0;unknown;0;"[""missing steps"", ""vague inputs"", ""unclear error messages"", ""missing context"", ""unclear reproduction"", ""missing environment info""]";TRUE;0;FALSE;5;[]
Jsoup-61;Issue Report;2995;4;5;5;5;Case-sensitive comparison in CSS class selector implementation.;4;[];FALSE;5;FALSE;2;"[""CSS selector parsing"", ""HTML DOM traversal""]"
JxPath-14;[JXPATH-102] Core rounding functions don't handle NaN or infinite values correctly - ASF JIRA;1744;5;5;5;5;Incorrect handling of NaN and infinite values in rounding functions;4;[];FALSE;5;FALSE;2;"[""XPath evaluation"", ""Mathematical functions"", ""Number handling""]"
Closure-167;Issue Report;20;0;0;0;0;unknown;0;"[""missing steps"", ""vague inputs"", ""unclear error messages"", ""missing context"", ""unclear reproduction"", ""missing environment info""]";TRUE;0;FALSE;5;[]
Closure-19;Issue Report;20;0;0;0;0;unknown;0;"[""missing steps"", ""vague inputs"", ""unclear error messages"", ""missing context"", ""unclear reproduction"", ""missing environment info""]";TRUE;0;FALSE;5;[]
JacksonDatabind-57;Issue Report;718;4;4;4;5;Incorrect handling of offset and length parameters in ObjectReader.readValues();4;[];FALSE;5;FALSE;3;"[""JSON parsing"", ""array processing"", ""input stream handling""]"
Math-65;[MATH-377] weight versus sigma in AbstractLeastSquares - ASF JIRA;1807;5;4;4;5;Incorrect formula implementation;4;[];FALSE;5;FALSE;1;"[""statistical calculations"", ""formula implementation"", ""weighting algorithms""]"
Collections-5;[COLLECTIONS-249] SetUniqueList.addAll(int index, Collection coll) adds to end of list instead of at specified index - ASF JIRA;1245;4;5;4;5;Incorrect index handling in the addAll method;2;[];FALSE;4;FALSE;2;"[""List manipulation"", ""Collection insertion"", ""Index handling""]"
Mockito-2;Issue Report;794;5;5;5;5;Input validation error;4;[];FALSE;5;FALSE;1;"[""Input validation"", ""Mockito API"", ""Time handling""]"
Lang-27;"[LANG-638] NumberUtils createNumber throws a StringIndexOutOfBoundsException when argument containing ""e"" and ""E"" is passed in - ASF JIRA";1221;5;5;5;5;Improper handling of multiple exponent indicators during number parsing;3;[];FALSE;5;FALSE;2;"[""number parsing"", ""string processing"", ""exception handling""]"
Jsoup-36;Issue Report;914;3;4;3;4;Charset detection failure;3;[];FALSE;4;FALSE;3;"[""Charset detection"", ""HTML parsing"", ""Exception handling""]"
Cli-33;[CLI-207] HelpFormatter strips leading whitespaces in the footer - ASF JIRA;1297;5;5;5;5;Whitespace stripping in HelpFormatter;3;[];FALSE;5;FALSE;2;"[""text formatting"", ""UI rendering"", ""HelpFormatter""]"
JacksonCore-21;Issue Report;947;4;4;4;5;Logic error in FilteringParserDelegate handling of object boundaries;3;[];FALSE;4;FALSE;3;"[""JSON parsing"", ""Filtering"", ""State management""]"
Closure-130;Issue Report;20;0;0;0;0;unknown;0;"[""missing steps"", ""vague inputs"", ""unclear error messages"", ""missing context"", ""unclear reproduction"", ""missing environment info""]";FALSE;0;FALSE;5;[]
Math-32;[MATH-780] BSPTree class and recovery of a Euclidean 3D BRep - ASF JIRA;1785;3;3;3;3;Numerical precision issue leading to incorrect BSP tree construction;3;"[""vague inputs"", ""unclear reproduction""]";TRUE;2;FALSE;3;"[""BSPTree construction"", ""Boundary Representation"", ""Euclidean Geometry"", ""Numerical computation""]"
Cli-25;[CLI-162] infinite loop in the wrapping code of HelpFormatter - ASF JIRA;1612;5;5;5;5;Infinite loop due to incorrect word wrapping logic;4;[];FALSE;5;FALSE;3;"[""text wrapping"", ""string manipulation"", ""looping logic"", ""error handling""]"
Jsoup-20;Issue Report;630;4;4;4;5;HTML parsing error;2;[];FALSE;4;FALSE;2;"[""HTML parsing"", ""DOM manipulation""]"
Cli-3;"[CLI-1] PosixParser interupts ""-target opt"" as ""-t arget opt"" - ASF JIRA";3686;3;4;4;5;Parser misinterpreting long option names due to short option prefix;3;[];FALSE;4;FALSE;3;"[""command line parsing"", ""option processing""]"
Closure-126;Issue Report;20;0;0;0;0;unknown;0;"[""missing steps"", ""vague inputs"", ""unclear error messages"", ""missing context"", ""unclear reproduction"", ""missing environment info""]";FALSE;0;FALSE;5;[]
JacksonDatabind-16;Issue Report;1870;4;5;5;5;Annotation processing issue in Mixin handling after version 2.4.4;4;[];FALSE;4;FALSE;3;"[""JSON parsing"", ""annotation processing"", ""mixin handling""]"
Closure-58;Issue Report;20;0;0;0;0;Unknown;0;"[""missing steps"", ""vague inputs"", ""unclear error messages"", ""missing context"", ""unclear reproduction"", ""missing environment info""]";FALSE;0;FALSE;5;[]
Gson-14;Issue Report;1903;5;5;5;5;Infinite recursion due to uncollapsed type bounds;5;[];FALSE;5;FALSE;3;"[""JSON parsing"", ""Type resolution"", ""Generics""]"
Math-24;"[MATH-855] ""BrentOptimizer"" not always reporting the best point - ASF JIRA";1232;4;4;3;4;Logic error in the return value selection;2;[];FALSE;4;FALSE;2;"[""Univariate optimization"", ""Numerical analysis""]"
Compress-4;[COMPRESS-64] Are the public finish() methods ArchiveOutputStream implementations necessary and safe? - ASF JIRA;1199;4;5;3;4;API misuse leading to data corruption;2;[];FALSE;5;FALSE;2;"[""Archive output stream"", ""Data compression"", ""File I/O""]"
JacksonDatabind-105;Issue Report;1441;4;5;4;5;Reflective access restriction due to Java version and Jackson usage of Void.class;4;[];FALSE;4;FALSE;3;"[""JSON parsing"", ""Reflection"", ""HTTP communication""]"
Jsoup-77;Issue Report;1166;5;5;5;5;Case sensitivity issue in HTML parsing with specific settings.;4;[];FALSE;4;FALSE;2;"[""HTML parsing"", ""Case normalization"", ""DOM manipulation""]"
Collections-26;[COLLECTIONS-576] MultiKey subclassing has deserialization problem since COLLECTIONS-266: either declare protected readResolve() or MultiKey must be final - ASF JIRA;3529;5;5;5;5;Incorrect access modifier for readResolve method;5;[];FALSE;5;FALSE;1;"[""Serialization"", ""Deserialization"", ""Hashing"", ""Object lifecycle""]"
Chart-5;#862 XYSeries.addOrUpdate() should add if duplicates are allowed;1352;5;5;5;5;Logic error;5;[];FALSE;5;FALSE;1;"[""XYSeries"", ""data insertion"", ""duplicate handling""]"
Time-24;#107 Incorrect date parsed when week and month used together;280;4;4;4;5;Incorrect date format pattern usage;3;[];FALSE;3;FALSE;2;"[""Date parsing"", ""Date formatting""]"
JacksonDatabind-41;Issue Report;823;4;4;3;4;Null pointer;3;[];FALSE;3;FALSE;2;"[""Type binding"", ""Type resolution""]"
Closure-171;Issue Report;20;0;0;0;0;Unknown;0;"[""missing steps"", ""vague inputs"", ""unclear error messages"", ""missing context"", ""unclear reproduction"", ""missing environment info""]";TRUE;0;FALSE;5;[]
Math-73;[MATH-343] Brent solver doesn't throw IllegalArgumentException when initial guess has the wrong sign - ASF JIRA;1162;5;5;5;5;Missing input validation;2;[];FALSE;5;FALSE;1;"[""numerical analysis"", ""root finding"", ""input validation""]"
Lang-31;[LANG-607] StringUtils methods do not handle Unicode 2.0+ supplementary characters correctly. - ASF JIRA;3050;5;5;5;5;Incorrect handling of supplementary Unicode characters in StringUtils methods;4;[];FALSE;5;FALSE;3;"[""string manipulation"", ""unicode"", ""character encoding""]"
JacksonCore-1;Issue Report;1462;5;5;5;5;null pointer;5;[];FALSE;5;FALSE;2;"[""JSON parsing"", ""BigDecimal conversion"", ""Floating point number handling""]"
Closure-74;Issue Report;20;0;0;0;0;unknown;0;"[""missing steps"", ""vague inputs"", ""unclear error messages"", ""missing context"", ""unclear reproduction"", ""missing environment info""]";FALSE;0;FALSE;5;[]
JacksonDatabind-6;Issue Report;814;4;4;4;5;Incorrect ISO-8601 date parsing implementation;3;[];FALSE;4;FALSE;3;"[""JSON parsing"", ""Date formatting"", ""Date parsing""]"
Mockito-17;Code;20;0;0;0;0;Unknown;0;"[""missing steps"", ""vague inputs"", ""unclear error messages"", ""missing context"", ""unclear reproduction"", ""missing environment info""]";TRUE;0;FALSE;5;[]
Closure-23;Issue Report;20;0;0;0;0;unknown;0;"[""missing steps"", ""vague inputs"", ""unclear error messages"", ""missing context"", ""unclear reproduction"", ""missing environment info""]";FALSE;0;FALSE;5;[]
JacksonDatabind-82;Issue Report;1764;4;4;4;5;Configuration issue or bug in Jackson library version 2.8.7 related to JsonIgnoreProperties and allowSetters.;4;[];FALSE;4;FALSE;3;"[""JSON parsing"", ""Serialization"", ""Deserialization"", ""Jackson annotations""]"
Math-5;[MATH-934] Complex.ZERO.reciprocal() returns NaN but should return INF. - ASF JIRA;1399;4;4;4;5;Division by zero;3;[];FALSE;4;FALSE;2;"[""complex number arithmetic"", ""division"", ""edge cases""]"
Lang-3;[LANG-693] Method createNumber from NumberUtils doesn't work for floating point numbers other than Float - ASF JIRA;1328;4;4;4;5;Type mismatch due to incorrect parsing order;3;[];FALSE;5;FALSE;3;"[""Number parsing"", ""Type conversion"", ""Floating-point arithmetic""]"
Closure-35;Issue Report;20;0;0;0;0;unknown;0;"[""missing steps"", ""vague inputs"", ""unclear error messages"", ""missing context"", ""unclear reproduction"", ""missing environment info""]";FALSE;0;FALSE;5;[]
Compress-46;[COMPRESS-416] Tests failing under jdk 9 : one reflection issue, one change to ZipEntry related issue - ASF JIRA;2558;4;4;4;4;JDK API change incompatibility;3;[];FALSE;4;FALSE;3;"[""Zip archives"", ""Time handling"", ""JDK compatibility""]"
JacksonDatabind-94;Issue Report;829;4;4;3;2;Deserialization vulnerability due to unsafe default typing;3;"[""missing steps""]";TRUE;3;FALSE;3;"[""Serialization"", ""Deserialization"", ""Reflection"", ""Security""]"
Jsoup-2;Issue Report;887;4;4;4;5;HTML parser error;3;[];FALSE;4;FALSE;3;"[""HTML parsing"", ""UI rendering""]"
Math-49;[MATH-645] MathRuntimeException with simple ebeMultiply on OpenMapRealVector - ASF JIRA;2177;5;5;5;5;Concurrent modification during iteration;5;[];FALSE;5;FALSE;3;"[""sparse matrix operations"", ""iteration"", ""concurrency""]"
Compress-11;[COMPRESS-171] createArchiveInputStream detects text files less than 100 bytes as tar archives - ASF JIRA;1888;4;4;4;5;Heuristic misinterpretation of short files as TAR archives;3;[];FALSE;4;FALSE;2;"[""archive format detection"", ""input stream processing"", ""heuristic algorithm""]"
Closure-62;Issue Report;20;0;0;0;0;unknown;0;"[""missing steps"", ""vague inputs"", ""unclear error messages"", ""missing context"", ""unclear reproduction"", ""missing environment info""]";FALSE;0;FALSE;5;[]
Csv-14;[CSV-171] Negative numeric values in the first column are always quoted in minimal mode - ASF JIRA;1627;5;5;5;5;Logic error in CSVPrinter.java;4;[];FALSE;5;FALSE;1;"[""CSV parsing"", ""data serialization""]"
Collections-9;[COLLECTIONS-271] org.apache.commons.collections.ExtendedProperties#combine don't import string properly - ASF JIRA;1623;4;4;4;5;Incorrect handling of escaped characters during property combination;3;[];FALSE;4;FALSE;3;"[""String manipulation"", ""Property handling"", ""Escaping/unescaping""]"
Math-69;[MATH-371] PearsonsCorrelation.getCorrelationPValues() precision limited by machine epsilon - ASF JIRA;1988;5;5;5;5;Floating point precision error;5;[];FALSE;5;FALSE;2;"[""statistical calculations"", ""probability distributions"", ""numerical precision""]"
Math-86;[MATH-274] testing for symmetric positive definite matrix in CholeskyDecomposition - ASF JIRA;2106;4;4;4;5;Incorrect symmetric positive definite check;3;[];FALSE;4;FALSE;3;"[""matrix decomposition"", ""numerical stability"", ""linear algebra""]"
Csv-7;[CSV-112] HeaderMap is inconsistent when it is parsed from an input with duplicate columns names - ASF JIRA;1639;5;5;5;5;Hash collision in HeaderMap due to duplicate column names;4;[];FALSE;5;FALSE;2;"[""CSV parsing"", ""Header handling"", ""Data structures (Map)""]"
JacksonXml-1;Issue Report;1026;1;2;1;2;Deserialization error with nested lists;1;"[""missing steps"", ""vague inputs"", ""unclear reproduction"", ""missing context""]";TRUE;1;FALSE;4;"[""JSON parsing"", ""data structures"", ""deserialization""]"
Closure-15;Issue Report;20;0;0;0;0;unknown;0;"[""missing steps"", ""vague inputs"", ""unclear error messages"", ""missing context"", ""unclear reproduction"", ""missing environment info""]";FALSE;0;FALSE;5;[]
JxPath-2;[JXPATH-50] does not properly handle NodeSet returned by extension function - ASF JIRA;2792;5;5;5;5;Type mismatch during NodeSet iteration;5;[];FALSE;5;FALSE;2;"[""XPath evaluation"", ""NodeSet iteration"", ""Expression evaluation""]"
Mockito-21;Issue Report;3671;3;4;3;3;Mockito limitations with abstract classes and complex mocking scenarios;4;[];FALSE;4;FALSE;4;"[""mocking"", ""reflection"", ""testing"", ""code generation""]"
Jsoup-82;Issue Report;1483;5;5;5;5;Unsupported charset encoding;5;[];FALSE;5;FALSE;2;"[""Charset handling"", ""HTML parsing"", ""Encoding""]"
JxPath-18;[JXPATH-115] Issue with attribute:: - ASF JIRA;1537;4;4;4;3;Type checking error in AttributeContext;4;[];FALSE;3;FALSE;2;"[""XPath evaluation"", ""Node selection"", ""Attribute handling""]"
Codec-2;[CODEC-77] Base64 bug with empty input (new byte[0]) - ASF JIRA;1002;5;5;5;5;Incorrect handling of zero-length input in Base64 encoding logic.;3;[];FALSE;5;FALSE;1;"[""Base64 encoding"", ""input validation"", ""edge case handling""]"
Compress-31;[COMPRESS-301] Illegal argument exception when extracting .tgz file  - ASF JIRA;9825;3;4;4;5;Data corruption/Invalid tar archive;4;[];FALSE;4;FALSE;3;"[""Tar archive processing"", ""GZIP decompression"", ""File input/output""]"
Closure-42;Issue Report;20;0;0;0;0;unknown;0;"[""missing steps"", ""vague inputs"", ""unclear error messages"", ""missing context"", ""unclear reproduction"", ""missing environment info""]";FALSE;0;FALSE;5;[]
Math-28;[MATH-828] Not expected UnboundedSolutionException - ASF JIRA;2466;4;4;4;5;Numerical instability in SimplexSolver due to variable scaling or precision issues.;4;[];FALSE;3;FALSE;3;"[""linear programming"", ""simplex algorithm"", ""numerical computation"", ""matrix operations""]"
Gson-18;Issue Report;1011;4;5;5;5;Type mismatch during deserialization due to wildcard usage;4;[];FALSE;5;FALSE;3;"[""JSON parsing"", ""Generics"", ""Type handling"", ""Deserialization""]"
JacksonDatabind-109;Issue Report;1143;4;5;5;5;Interaction conflict between JsonFormat annotation and WRITE_BIGDECIMAL_AS_PLAIN feature.;4;[];FALSE;5;FALSE;3;"[""JSON parsing"", ""Serialization"", ""BigDecimal handling"", ""Annotation processing""]"
Compress-8;[COMPRESS-113] TarArchiveEntry.parseTarHeader() includes the trailing space/NUL when parsing the octal size - ASF JIRA;1133;4;5;4;5;Incorrect parsing of octal values in the header;3;[];FALSE;5;FALSE;2;"[""tar archive parsing"", ""octal number conversion"", ""data validation""]"
Cli-29;[CLI-185] Commons CLI incorrectly stripping leading and trailing quotes - ASF JIRA;2657;5;5;5;5;Incorrect string manipulation;4;[];FALSE;5;FALSE;1;"[""Command line parsing"", ""String processing""]"
Closure-54;Issue Report;20;0;0;0;0;unknown;0;"[""missing steps"", ""vague inputs"", ""unclear error messages"", ""missing context"", ""unclear reproduction"", ""missing environment info""]";FALSE;0;FALSE;5;[]
Compress-27;[COMPRESS-278] Incorrect handling of NUL username and group Tar.gz entries - ASF JIRA;4601;5;5;5;5;Improper handling of NUL characters in username/groupname fields within Tar headers;5;[];FALSE;5;FALSE;2;"[""Tar archive parsing"", ""octal number parsing"", ""header processing"", ""character encoding""]"
Math-90;[MATH-259] Bugs in Frequency API - ASF JIRA;2869;4;5;4;5;type mismatch;4;[];FALSE;5;FALSE;2;"[""Frequency analysis"", ""Data structures"", ""Type safety""]"
Chart-9;#818 Error on TimeSeries createCopy() method;820;4;4;4;5;Incorrect index calculation in createCopy() method;4;[];FALSE;4;FALSE;2;"[""date handling"", ""time series data"", ""indexing"", ""copying"", ""range checking""]"
Mockito-37;Code;20;0;0;0;0;unknown;0;"[""missing steps"", ""vague inputs"", ""unclear error messages"", ""missing context"", ""unclear reproduction"", ""missing environment info""]";TRUE;0;FALSE;5;[]
Lang-46;[LANG-421] StringEscapeUtils.escapeJava(String) escapes '/' characters - ASF JIRA;2574;5;5;5;5;Incorrect character escaping logic due to LANG-363 fix;4;[];FALSE;4;FALSE;2;"[""String escaping"", ""Character encoding"", ""Java string handling""]"
Time-1;Issue Report;617;5;5;5;5;Null pointer;4;[];FALSE;4;FALSE;3;"[""Joda-Time API"", ""Partial class"", ""DateTimeFieldType"", ""Range Duration""]"
Math-105;[MATH-85] [math]  SimpleRegression getSumSquaredErrors - ASF JIRA;1807;5;5;5;5;Numerical instability due to scaling issues in the calculation of sum of squared errors.;4;[];FALSE;3;FALSE;2;"[""statistical calculations"", ""numerical stability""]"
Closure-106;Issue Report;20;0;0;0;0;unknown;0;"[""missing steps"", ""vague inputs"", ""unclear error messages"", ""missing context"", ""unclear reproduction"", ""missing environment info""]";FALSE;0;FALSE;5;[]
JacksonDatabind-36;Issue Report;1046;4;4;3;5;Lack of configuration option in StdDateFormat;3;[];FALSE;5;FALSE;3;"[""Date parsing"", ""Serialization"", ""Configuration""]"
Closure-78;Issue Report;20;0;0;0;0;unknown;0;"[""missing steps"", ""vague inputs"", ""unclear error messages"", ""missing context"", ""unclear reproduction"", ""missing environment info""]";FALSE;0;FALSE;5;[]
Closure-97;Issue Report;20;0;0;0;0;unknown;0;"[""missing steps"", ""vague inputs"", ""unclear error messages"", ""missing context"", ""unclear reproduction"", ""missing environment info""]";FALSE;0;FALSE;5;[]
JacksonCore-17;Issue Report;2089;3;4;4;5;buffer overflow/encoding issue;4;[];FALSE;3;FALSE;3;"[""JSON parsing"", ""character encoding"", ""IO buffering""]"
Lang-11;[LANG-807] RandomStringUtils throws confusing IAE when end <= start - ASF JIRA;1201;5;5;5;5;Input validation error;3;[];FALSE;5;FALSE;1;"[""Random number generation"", ""Input validation""]"
Codec-17;[CODEC-229] StringUtils.newStringxxx(null) should return null, not NPE - ASF JIRA;1325;5;5;5;5;null pointer;5;[];FALSE;5;FALSE;1;"[""string encoding"", ""null handling""]"
Math-9;[MATH-938] Line.revert() is imprecise - ASF JIRA;1474;4;4;3;4;Floating-point precision error;3;[];FALSE;4;FALSE;2;"[""Vector math"", ""Line representation"", ""Numerical stability""]"
Math-53;[MATH-618] Complex Add and Subtract handle NaN arguments differently, but javadoc contracts are the same - ASF JIRA;1597;5;5;5;5;Code merge error;4;[];FALSE;5;FALSE;1;"[""Complex number arithmetic"", ""NaN handling""]"
JacksonDatabind-61;Issue Report;3946;4;5;5;5;type mismatch;5;[];FALSE;5;FALSE;3;"[""JSON parsing"", ""serialization"", ""deserialization"", ""type resolution""]"
Closure-151;Issue Report;20;0;0;0;0;Unknown;0;"[""missing steps"", ""vague inputs"", ""unclear error messages"", ""missing context"", ""unclear reproduction"", ""missing environment info""]";TRUE;0;FALSE;5;[]
Closure-2;Issue Report;20;0;0;0;0;unknown;0;"[""missing steps"", ""vague inputs"", ""unclear error messages"", ""missing context"", ""unclear reproduction"", ""missing environment info""]";TRUE;0;FALSE;5;[]
JxPath-22;[JXPATH-154] Resetting the default namespace causes a serious endless loop when requesting .asPath() on a node. - ASF JIRA;2678;5;5;5;5;Namespace resolution error leading to infinite loop;5;[];FALSE;5;FALSE;2;"[""XPath processing"", ""Namespace resolution"", ""DOM traversal""]"
Jsoup-57;Issue Report;1066;5;5;5;5;ConcurrentModificationException;5;[];FALSE;5;FALSE;1;"[""Collections"", ""Iteration"", ""LinkedHashMap""]"
Math-45;[MATH-679] Integer overflow in OpenMapRealMatrix - ASF JIRA;1409;5;5;5;5;Integer overflow;4;[];FALSE;5;FALSE;2;"[""sparse matrix"", ""integer arithmetic""]"
Closure-147;Issue Report;20;0;0;0;0;unknown;0;"[""missing steps"", ""vague inputs"", ""unclear error messages"", ""missing context"", ""unclear reproduction"", ""missing environment info""]";FALSE;0;FALSE;5;[]
Closure-39;Issue Report;20;0;0;0;0;unknown;0;"[""missing steps"", ""vague inputs"", ""unclear error messages"", ""missing context"", ""unclear reproduction"", ""missing environment info""]";FALSE;0;FALSE;5;[]
JacksonDatabind-77;Issue Report;861;3;3;4;3;Deserialization vulnerability due to unsafe default typing in Jackson library;3;[];FALSE;4;FALSE;3;"[""JSON parsing"", ""Deserialization"", ""Security""]"
JacksonDatabind-98;Issue Report;3854;4;4;4;4;Type mismatch;4;[];FALSE;3;FALSE;3;"[""JSON parsing"", ""polymorphism"", ""enum deserialization"", ""Kotlin integration""]"
Time-12;Check Calendar.ERA in LocalDate.fromCalendarFields #8;3117;3;2;2;3;Incorrect handling of Calendar.ERA field during LocalDate conversion;2;"[""missing steps"", ""vague inputs"", ""missing context""]";TRUE;1;FALSE;3;"[""Date calculations"", ""Calendar conversion""]"
Collections-10;[COLLECTIONS-240] MultiValueMap should implement Serializable - ASF JIRA;1415;4;4;3;4;Serialization failure;2;[];FALSE;4;FALSE;2;"[""Serialization"", ""Object graph"", ""MultiValueMap""]"
Jsoup-41;Issue Report;1384;5;5;5;5;Incorrect implementation of hashCode method in Element class, not considering text content;4;[];FALSE;5;FALSE;2;"[""hashing"", ""DOM manipulation"", ""text processing""]"
Gson-6;Fixed a regression in Gson 2.6 where Gson caused NPE if the TypeAdapt… #800;11140;5;4;4;4;null pointer;4;[];FALSE;4;FALSE;2;"[""JSON parsing"", ""TypeAdapter"", ""Serialization"", ""Deserialization""]"
Lang-50;[LANG-368] FastDateFormat getDateInstance() and getDateTimeInstance() assume Locale.getDefault() won't change - ASF JIRA;1452;5;5;4;5;Caching with incorrect locale handling;4;[];FALSE;5;FALSE;2;"[""caching"", ""locale"", ""date formatting""]"
Math-12;[MATH-927] GammaDistribution cloning broken - ASF JIRA;1696;5;5;5;5;Serialization issue due to non-serializable base class;5;[];FALSE;5;FALSE;2;"[""serialization"", ""random number generation"", ""distribution cloning""]"
JacksonDatabind-20;Issue Report;1269;4;5;5;5;PropertyNamingStrategy incompatibility with ObjectNode deserialization;4;[];FALSE;5;FALSE;3;"[""JSON parsing"", ""Deserialization"", ""PropertyNamingStrategy"", ""ObjectNode""]"
Closure-110;Issue Report;20;0;0;0;0;unknown;0;"[""missing steps"", ""vague inputs"", ""unclear error messages"", ""missing context"", ""unclear reproduction"", ""missing environment info""]";FALSE;0;FALSE;5;[]
Jsoup-16;Issue Report;616;3;4;3;4;String concatenation error;2;[];FALSE;4;FALSE;2;"[""UI rendering"", ""String manipulation""]"
Cli-13;[CLI-61] [cli] argument defaults prevent commandline usage. - ASF JIRA;1852;4;4;4;4;Argument parsing logic error;3;[];FALSE;4;FALSE;2;"[""command line parsing"", ""argument handling"", ""default value resolution""]"
Closure-81;Issue Report;20;0;0;0;0;unknown;0;"[""missing steps"", ""vague inputs"", ""unclear error messages"", ""missing context"", ""unclear reproduction"", ""missing environment info""]";TRUE;0;FALSE;5;[]
Csv-4;[CSV-100] CSVParser: getHeaderMap throws NPE  - ASF JIRA;1658;5;5;4;5;null pointer;4;[];FALSE;5;FALSE;1;"[""CSV parsing"", ""data structures""]"
Lang-28;[LANG-617] StringEscapeUtils.escapeXML() can't process UTF-16 supplementary characters - ASF JIRA;2334;4;4;4;4;Incorrect handling of UTF-16 supplementary characters;4;[];FALSE;4;FALSE;2;"[""String encoding"", ""XML escaping"", ""HTML escaping""]"
Math-85;[MATH-280] bug in inverseCumulativeProbability() for Normal Distribution - ASF JIRA;2598;5;5;5;5;Numerical instability in inverseCumulativeProbability calculation;4;[];FALSE;4;FALSE;3;"[""Probability distribution"", ""Numerical methods"", ""Root finding algorithms""]"
Mockito-22;Code;20;0;0;0;0;unknown;0;"[""missing steps"", ""vague inputs"", ""unclear error messages"", ""missing context"", ""unclear reproduction"", ""missing environment info""]";TRUE;0;FALSE;5;[]
Jsoup-81;Issue Report;1627;5;5;5;5;Encoding detection failure;4;[];FALSE;5;FALSE;3;"[""Encoding"", ""HTML parsing"", ""Character handling""]"
JacksonDatabind-58;Issue Report;2015;3;4;3;5;Reflection access restriction on Google App Engine;4;[];FALSE;4;FALSE;3;"[""JSON parsing"", ""exception handling"", ""reflection"", ""Google App Engine""]"
Closure-16;Issue Report;20;0;0;0;0;unknown;0;"[""missing steps"", ""vague inputs"", ""unclear error messages"", ""missing context"", ""unclear reproduction"", ""missing environment info""]";FALSE;0;FALSE;5;[]
Closure-168;Issue Report;20;0;0;0;0;unknown;0;"[""missing steps"", ""vague inputs"", ""unclear error messages"", ""missing context"", ""unclear reproduction"", ""missing environment info""]";TRUE;0;FALSE;5;[]
JxPath-1;[JXPATH-12] Descendant or self axis does not work correctly at root node - ASF JIRA;1613;4;4;4;5;Incorrect handling of descendant-or-self axis at the root node.;4;[];FALSE;4;FALSE;3;"[""XPath parsing"", ""XPath evaluation"", ""DOM traversal""]"
JacksonXml-2;Issue Report;1444;3;4;4;4;XML parsing error due to mixed content and Jackson annotations;4;[];FALSE;4;FALSE;3;"[""XML parsing"", ""Jackson annotations"", ""object mapping"", ""data serialization""]"
Codec-1;[CODEC-65] Fix case-insensitive string handling - ASF JIRA;994;3;3;2;2;Case-insensitive string comparison issue related to platform differences;2;"[""missing steps"", ""missing environment info"", ""vague inputs""]";TRUE;2;FALSE;3;"[""string comparison"", ""character encoding"", ""platform compatibility""]"
Closure-41;Issue Report;20;0;0;0;0;unknown;0;"[""missing steps"", ""vague inputs"", ""unclear error messages"", ""missing context"", ""unclear reproduction"", ""missing environment info""]";TRUE;0;FALSE;5;[]
Compress-32;[COMPRESS-314] TarArchiveInputStream rejects uid or gid >= 0x80000000 - ASF JIRA;2922;5;5;5;5;type mismatch;5;[];FALSE;5;FALSE;1;"[""tar archive parsing"", ""integer parsing"", ""data representation""]"
Jsoup-39;Issue Report;964;4;5;4;5;HTML parsing error;2;[];FALSE;4;FALSE;3;"[""HTML parsing"", ""DOM manipulation""]"
Compress-24;[COMPRESS-262] TarArchiveInputStream fails to read entry with big user-id value - ASF JIRA;1974;5;4;4;5;Integer overflow or incorrect parsing of octal values;4;[];FALSE;4;FALSE;3;"[""tar archive parsing"", ""octal conversion"", ""data validation"", ""input stream processing""]"
Closure-57;Issue Report;20;0;0;0;0;unknown;0;"[""missing steps"", ""vague inputs"", ""unclear error messages"", ""missing context"", ""unclear reproduction"", ""missing environment info""]";FALSE;0;FALSE;5;[]
JacksonDatabind-19;Issue Report;884;3;4;3;4;type mismatch;3;[];FALSE;4;FALSE;3;"[""JSON parsing"", ""type coercion"", ""java.util.Properties""]"
Closure-129;Issue Report;20;0;0;0;0;unknown;0;"[""missing steps"", ""vague inputs"", ""unclear error messages"", ""missing context"", ""unclear reproduction"", ""missing environment info""]";FALSE;0;FALSE;5;[]
Math-93;[MATH-240] MathUtils.factorial(n) fails for n >= 17 - ASF JIRA;1341;5;5;5;5;Floating-point rounding errors;4;[];FALSE;5;FALSE;2;"[""mathematical functions"", ""numerical stability"", ""factorial calculation""]"
Mockito-34;Code;20;0;0;0;0;unknown;0;"[""missing steps"", ""vague inputs"", ""unclear error messages"", ""missing context"", ""unclear reproduction"", ""missing environment info""]";FALSE;0;FALSE;5;[]
Jsoup-78;Issue Report;2126;2;3;3;3;Input stream prematurely closed or corrupted;4;"[""vague inputs"", ""unclear reproduction"", ""missing environment info""]";TRUE;2;FALSE;4;"[""HTTP requests"", ""Input stream handling"", ""HTML parsing"", ""Error handling""]"
Time-2;Issue Report;617;4;4;4;5;null pointer;4;[];FALSE;4;FALSE;3;"[""joda-time API"", ""date calculations"", ""null handling""]"
JacksonDatabind-9;Issue Report;1643;4;5;5;5;Type mismatch during deserialization of Class key;4;[];FALSE;4;FALSE;3;"[""JSON parsing"", ""serialization"", ""deserialization"", ""type conversion"", ""reflection""]"
Lang-45;[LANG-419] WordUtils.abbreviate bug when lower is greater than str.length - ASF JIRA;1372;5;5;5;5;Index out of bounds due to incorrect upper limit calculation.;3;[];FALSE;5;FALSE;1;"[""string manipulation"", ""boundary conditions""]"
Closure-94;Issue Report;20;0;0;0;0;unknown;0;"[""missing steps"", ""vague inputs"", ""unclear error messages"", ""missing context"", ""unclear reproduction"", ""missing environment info""]";TRUE;0;FALSE;5;[]
JacksonCore-14;Issue Report;713;3;4;2;4;Incorrect buffer ownership check;3;"[""missing environment info"", ""missing context""]";FALSE;3;FALSE;3;"[""Buffer management"", ""IO operations""]"
Closure-105;Issue Report;20;0;0;0;0;unknown;0;"[""missing steps"", ""vague inputs"", ""unclear error messages"", ""missing context"", ""unclear reproduction"", ""missing environment info""]";TRUE;0;FALSE;5;[]
JacksonDatabind-35;Issue Report;711;3;4;3;4;type mismatch;3;[];FALSE;3;FALSE;3;"[""JSON serialization"", ""object id generation"", ""type id handling""]"
Math-106;[MATH-60] [math] Function math.fraction.ProperFractionFormat.parse(String, ParsePosition) return illogical result - ASF JIRA;2612;4;4;4;5;Incorrect parsing logic for negative numbers or invalid numerator/denominator in ProperFractionFormat;3;[];FALSE;4;FALSE;3;"[""Fraction parsing"", ""String parsing"", ""Numerical computation""]"
Math-50;"[MATH-631] ""RegulaFalsiSolver"" failure - ASF JIRA";1684;5;5;5;5;Algorithm convergence issue or incorrect termination condition in RegulaFalsiSolver;4;[];FALSE;4;FALSE;3;"[""Root finding algorithm"", ""Numerical analysis"", ""Iteration control""]"
Lang-12;[LANG-805] RandomStringUtils.random(count, 0, 0, false, false, universe, random) always throws java.lang.ArrayIndexOutOfBoundsException - ASF JIRA;1697;5;5;5;5;ArrayIndexOutOfBoundsException;4;[];FALSE;5;FALSE;1;"[""random number generation"", ""array indexing""]"
Codec-14;[CODEC-187] Beider Morse Phonetic Matching producing incorrect tokens - ASF JIRA;2062;3;4;3;2;Outdated algorithm version;3;"[""unclear reproduction"", ""missing context""]";FALSE;3;FALSE;3;"[""phonetic matching"", ""algorithm implementation""]"
Jsoup-54;Issue Report;1571;4;5;4;5;Invalid character in attribute value causing XML parsing error.;4;[];FALSE;5;FALSE;3;"[""XML parsing"", ""HTML parsing"", ""Attribute handling""]"
Closure-1;Issue Report;20;0;0;0;0;unknown;0;"[""missing steps"", ""vague inputs"", ""unclear error messages"", ""missing context"", ""unclear reproduction"", ""missing environment info""]";TRUE;0;FALSE;5;[]
Mockito-18;Issue Report;716;3;4;3;5;Default mock behavior not implemented as expected;2;[];FALSE;4;FALSE;2;"[""mocking"", ""default behavior"", ""Iterable"", ""Iterator""]"
JxPath-21;[JXPATH-151] null handling is inconsistent - ASF JIRA;1768;5;5;5;5;Incorrect null handling in expression evaluation logic within JXPath.;4;[];FALSE;5;FALSE;3;"[""JXPath expression evaluation"", ""null value comparison"", ""Boolean logic""]"
JacksonDatabind-62;Issue Report;5250;4;5;5;5;Missing default constructor in UnmodifiableSet for Jackson deserialization in versions 2.7+;5;[];FALSE;4;FALSE;3;"[""JSON parsing"", ""Deserialization"", ""Type Handling""]"
Closure-152;Issue Report;20;0;0;0;0;unknown;0;"[""missing steps"", ""vague inputs"", ""unclear error messages"", ""missing context"", ""unclear reproduction"", ""missing environment info""]";FALSE;0;FALSE;5;[]
Math-46;[MATH-657] Division by zero - ASF JIRA;1229;2;3;2;3;Incorrect handling of division by zero in complex number arithmetic;2;[];FALSE;3;FALSE;3;"[""arithmetic operations"", ""complex number representation"", ""error handling""]"
Collections-13;[COLLECTIONS-299] ExtendedProperties.convertProperties loses non-String values - ASF JIRA;2260;4;5;4;5;NullPointerException;4;[];FALSE;5;FALSE;2;"[""Properties"", ""Hashtable"", ""Data conversion""]"
Jsoup-42;Issue Report;4612;4;5;4;5;Incorrect handling of default checkbox values in FormElement.formData();4;[];FALSE;5;FALSE;2;"[""Form submission"", ""HTML parsing"", ""DOM manipulation""]"
Time-11;Issue Report;2028;5;5;5;5;race condition;5;[];FALSE;5;FALSE;2;"[""ThreadLocal"", ""DateTimeZone"", ""Concurrency""]"
Closure-144;Issue Report;20;0;0;0;0;unknown;0;"[""missing steps"", ""vague inputs"", ""unclear error messages"", ""missing context"", ""unclear reproduction"", ""missing environment info""]";FALSE;0;FALSE;5;[]
JacksonDatabind-74;Issue Report;774;3;4;3;5;Incorrect handling of deserialization feature flag within the AsPropertyTypeDeserializer implementation.;2;[];FALSE;4;FALSE;3;"[""JSON parsing"", ""deserialization"", ""configuration""]"
Math-11;[MATH-929] MultivariateNormalDistribution.density(double[]) returns wrong value when the dimension is odd - ASF JIRA;1188;5;5;5;5;Numerical precision error in density calculation for odd dimensions;4;[];FALSE;3;FALSE;2;"[""statistical calculations"", ""numerical precision"", ""probability density function""]"
Lang-53;[LANG-346] Dates.round() behaves incorrectly for minutes and seconds - ASF JIRA;1790;5;5;5;5;Incorrect rounding logic or timezone handling;4;[];FALSE;4;FALSE;2;"[""date and time manipulation"", ""timezone handling"", ""rounding algorithms""]"
Gson-5;Issue Report;2676;4;4;4;5;Incorrect ISO8601 parsing implementation;4;[];FALSE;5;FALSE;3;"[""JSON parsing"", ""Date/Time conversion"", ""ISO8601 format""]"
Closure-82;Issue Report;20;0;0;0;0;Unknown;0;"[""missing steps"", ""vague inputs"", ""unclear error messages"", ""missing context"", ""unclear reproduction"", ""missing environment info""]";TRUE;0;FALSE;5;[]
Jsoup-15;Issue Report;1975;4;4;4;5;HTML parsing error within script tags;3;[];FALSE;4;FALSE;3;"[""HTML parsing"", ""UI rendering"", ""JavaScript execution""]"
Cli-10;[CLI-156] Missing required options not throwing MissingOptionException - ASF JIRA;2343;5;5;5;5;Mutable state in Options object;5;[];FALSE;5;FALSE;2;"[""command line parsing"", ""options processing"", ""state management""]"
JacksonDatabind-23;Issue Report;669;2;3;2;2;Serialization issue with NON_EMPTY exclusion;1;"[""missing steps"", ""vague inputs"", ""unclear error messages"", ""missing context"", ""unclear reproduction"", ""missing environment info""]";TRUE;1;FALSE;4;"[""JSON serialization"", ""Annotation processing"", ""Object mapping""]"
Closure-113;Issue Report;20;0;0;0;0;unknown;0;"[""missing steps"", ""vague inputs"", ""unclear error messages"", ""missing context"", ""unclear reproduction"", ""missing environment info""]";TRUE;0;FALSE;5;[]
Closure-164;Issue Report;20;0;0;0;0;unknown;0;"[""missing steps"", ""vague inputs"", ""unclear error messages"", ""missing context"", ""unclear reproduction"", ""missing environment info""]";TRUE;0;FALSE;5;[]
JacksonDatabind-54;Issue Report;1185;4;4;4;5;Type handling discrepancy;3;[];FALSE;4;FALSE;3;"[""JSON parsing"", ""Serialization"", ""Optional handling""]"
JxPath-17;[JXPATH-109] Namespaced attribute not selected with wildcard - ASF JIRA;1280;5;5;5;5;Incorrect namespace handling in attribute selection;4;[];FALSE;5;FALSE;1;"[""XPath evaluation"", ""Namespace handling"", ""DOM traversal""]"
Jsoup-62;Issue Report;891;4;4;4;5;Case conversion in token processing;3;[];FALSE;4;FALSE;2;"[""HTML parsing"", ""Tokenization"", ""Case sensitivity""]"
Math-89;[MATH-259] Bugs in Frequency API - ASF JIRA;2869;4;5;4;5;type mismatch;4;[];FALSE;5;FALSE;2;"[""collections"", ""type checking"", ""API design""]"
Lang-24;"[LANG-664] NumberUtils.isNumber(String)  is not right when the String is ""1.1L"" - ASF JIRA";1366;5;5;5;5;Logic error in number validation;4;[];FALSE;5;FALSE;1;"[""Number validation"", ""String parsing""]"
Csv-8;[CSV-114] CSVFormat constructor should reject a header array with duplicate entries - ASF JIRA;1280;4;4;3;4;Input validation failure;1;[];FALSE;4;FALSE;2;"[""CSV parsing"", ""Input validation""]"
Mockito-1;Issue Report;538;2;3;2;3;API change;2;"[""missing environment info"", ""unclear reproduction""]";TRUE;2;FALSE;3;"[""varargs"", ""ArgumentCaptor"", ""mockito""]"
Math-66;"[MATH-395] Bugs in ""BrentOptimizer"" - ASF JIRA";1485;5;5;5;4;Logic error in Brent's optimization algorithm implementation;3;[];FALSE;4;FALSE;2;"[""numerical optimization"", ""root finding algorithms""]"
Collections-6;[COLLECTIONS-261] Flat3Map.remove() does not return the correct value when size <= 3 - ASF JIRA;1293;5;5;5;5;Incorrect removal logic in Flat3Map when size is small.;4;[];FALSE;4;FALSE;2;"[""Map implementation"", ""Data structures"", ""Hashing""]"
Closure-133;Issue Report;20;0;0;0;0;unknown;0;"[""missing steps"", ""vague inputs"", ""unclear error messages"", ""missing context"", ""unclear reproduction"", ""missing environment info""]";TRUE;0;FALSE;5;[]
JacksonCore-22;Issue Report;787;4;4;3;4;Uninitialized variable;3;[];FALSE;4;FALSE;2;"[""JSON parsing""]"
Jsoup-35;Issue Report;1021;4;4;4;5;HTML parsing logic incorrect for unclosed tags;3;[];FALSE;4;FALSE;3;"[""HTML parsing"", ""DOM construction""]"
Cli-30;[CLI-203] The state of the option groups is not updated by the default options - ASF JIRA;1218;4;5;4;5;Logic error in option group handling;3;[];FALSE;5;FALSE;3;"[""Parser"", ""Option groups"", ""Command line arguments""]"
JacksonDatabind-110;Issue Report;2487;5;5;5;5;Type mismatch during deserialization;5;[];FALSE;5;FALSE;2;"[""JSON parsing"", ""Deserialization"", ""Type handling"", ""Collections API""]"
Math-31;[MATH-718] inverseCumulativeProbability of BinomialDistribution returns wrong value for large trials. - ASF JIRA;1636;4;4;4;5;Floating point precision issue leading to incorrect cumulative probability calculation.;3;[];FALSE;3;FALSE;3;"[""probability distributions"", ""cumulative probability"", ""numerical computation"", ""floating point arithmetic""]"
Closure-125;Issue Report;20;0;0;0;0;unknown;0;"[""missing steps"", ""vague inputs"", ""unclear error messages"", ""missing context"", ""unclear reproduction"", ""missing environment info""]";TRUE;0;FALSE;5;[]
JacksonDatabind-15;Issue Report;5397;5;5;5;5;Type mismatch during serialization due to generic type erasure and incorrect serializer selection.;5;[];FALSE;5;FALSE;3;"[""JSON parsing"", ""Serialization"", ""Type adapters"", ""Generics"", ""Reflection""]"
Compress-28;[COMPRESS-279] TarArchiveInputStream silently finished when unexpected EOF occured - ASF JIRA;2005;5;4;4;5;Improper EOF handling in TarArchiveInputStream or BZip2CompressorInputStream;4;[];FALSE;4;FALSE;3;"[""archiving"", ""input streams"", ""error handling"", ""compression"", ""tar format"", ""bzip2 format""]"
Cli-26;[CLI-177] OptionBuilder is not reseted in case of an IAE at create - ASF JIRA;1186;4;4;4;4;state management;3;[];FALSE;4;FALSE;2;"[""OptionBuilder"", ""state management""]"
Jsoup-23;Issue Report;1419;5;5;5;5;Incorrect tokenization of HTML entities containing both letters and digits.;5;[];FALSE;5;FALSE;1;"[""HTML parsing"", ""entity decoding"", ""character reading""]"
JacksonDatabind-106;Issue Report;4872;4;5;5;5;Integer overflow and inconsistent type coercion in TreeTraversingParser;4;[];FALSE;4;FALSE;3;"[""JSON parsing"", ""data type conversion"", ""error handling""]"
Compress-7;[COMPRESS-114] TarUtils.parseName does not properly handle characters outside the range 0-127 - ASF JIRA;1643;5;5;5;5;Character encoding issue;4;[];FALSE;5;FALSE;1;"[""Character encoding"", ""String manipulation"", ""Tar archive processing""]"
Lang-65;[LANG-59] [lang] DateUtils.truncate method is buggy when dealing with DST switching hours - ASF JIRA;1629;5;5;5;5;Timezone handling error during DST transition;4;[];FALSE;5;FALSE;3;"[""Date and Time handling"", ""Timezone conversions"", ""DST rules""]"
Gson-17;Fixed DefaultDateTypeAdapter nullability issue and JSON primitives contract #1100;7867;5;5;5;5;Null pointer exception due to incorrect handling of null Date values during serialization/deserialization in DefaultDateTypeAdapter;4;[];FALSE;5;FALSE;2;"[""JSON parsing"", ""Serialization"", ""Deserialization"", ""Date formatting""]"
Math-27;[MATH-835] Fraction percentageValue rare overflow - ASF JIRA;1530;5;5;5;5;Integer overflow;4;[];FALSE;5;FALSE;1;"[""Arithmetic operations"", ""Data type conversion""]"
Mockito-38;Code;20;0;0;0;0;unknown;0;"[""missing steps"", ""vague inputs"", ""unclear error messages"", ""missing context"", ""unclear reproduction"", ""missing environment info""]";TRUE;0;FALSE;5;[]
JacksonDatabind-42;Issue Report;1068;5;5;5;5;Serialization logic doesn't handle Locale.ROOT correctly, resulting in an empty string representation.;5;[];FALSE;5;FALSE;2;"[""JSON parsing"", ""Serialization"", ""Deserialization"", ""Locale handling""]"
Closure-172;Issue Report;20;0;0;0;0;unknown;0;"[""missing steps"", ""vague inputs"", ""unclear error messages"", ""missing context"", ""unclear reproduction"", ""missing environment info""]";TRUE;0;FALSE;5;[]
Time-27;#64 Different behaviour of PeriodFormatter;544;3;4;3;4;Logic error;3;[];FALSE;4;FALSE;3;"[""Period formatting"", ""ISO 8601"", ""Time manipulation""]"
Jsoup-74;Issue Report;1104;5;5;5;5;Incorrect handling of HTML entities during text extraction.;4;[];FALSE;4;FALSE;2;"[""HTML parsing"", ""text extraction"", ""entity decoding""]"
Collections-25;[COLLECTIONS-566] IteratorUtils.collatedIterator do not use natural ordering if no comparator was provided - ASF JIRA;1061;4;4;4;5;Null pointer exception due to missing null check when using natural ordering.;2;[];FALSE;5;FALSE;2;"[""Collections"", ""Iteration"", ""Comparator"", ""Null check""]"
Lang-32;[LANG-586] Use of ThreadLocals in ToStringStyle and HashCodeBuilder trigger memory leaks in container environments - ASF JIRA;1242;4;5;4;5;ThreadLocal not properly cleared, leading to memory leak;3;[];FALSE;5;FALSE;2;"[""ThreadLocal"", ""memory management"", ""webapp lifecycle""]"
JacksonCore-2;Issue Report;680;4;5;5;5;"Lexical analysis error; incorrect tokenization";3;[];FALSE;5;FALSE;2;"[""JSON parsing"", ""Lexical analysis"", ""Error handling""]"
Math-70;[MATH-369] BisectionSolver.solve(final UnivariateRealFunction f, double min, double max, double initial) throws NullPointerException - ASF JIRA;1653;5;5;5;5;Incorrect method call leading to NullPointerException;4;[];FALSE;5;FALSE;1;"[""Root finding algorithm"", ""Method overloading"", ""Null pointer handling""]"
JacksonCore-18;Issue Report;2134;5;5;5;5;Unbounded resource consumption;5;[];FALSE;5;FALSE;3;"[""BigDecimal handling"", ""JSON serialization"", ""Memory management""]"
Closure-98;Issue Report;20;0;0;0;0;unknown;0;"[""missing steps"", ""vague inputs"", ""unclear error messages"", ""missing context"", ""unclear reproduction"", ""missing environment info""]";FALSE;0;FALSE;5;[]
Closure-77;Issue Report;20;0;0;0;0;unknown;0;"[""missing steps"", ""vague inputs"", ""unclear error messages"", ""missing context"", ""unclear reproduction"", ""missing environment info""]";FALSE;0;FALSE;5;[]
JacksonDatabind-39;Issue Report;3205;4;4;4;5;Deserialization logic not handling invalid subtypes correctly when FAIL_ON_INVALID_SUBTYPE is disabled.;4;[];FALSE;4;FALSE;3;"[""JSON parsing"", ""Deserialization"", ""Polymorphism"", ""Error handling""]"
Closure-109;Issue Report;20;0;0;0;0;unknown;0;"[""missing steps"", ""vague inputs"", ""unclear error messages"", ""missing context"", ""unclear reproduction"", ""missing environment info""]";TRUE;0;FALSE;5;[]
Lang-49;[LANG-380] infinite loop in Fraction.reduce when numerator == 0 - ASF JIRA;919;3;3;3;4;infinite loop due to incorrect gcd calculation or division by zero when numerator is zero;2;[];FALSE;3;FALSE;2;"[""arithmetic operations"", ""fraction reduction"", ""looping constructs""]"
JacksonDatabind-5;Issue Report;2590;4;5;4;5;Incorrect handling of mixin annotations in class hierarchy traversal;4;[];FALSE;5;FALSE;3;"[""JSON parsing"", ""Annotation processing"", ""Class hierarchy"", ""Mixins""]"
Jsoup-58;Issue Report;2488;5;5;5;5;Destructive parse altering the input before validation.;5;[];FALSE;5;FALSE;2;"[""HTML parsing"", ""HTML sanitization"", ""Whitelist validation""]"
JacksonDatabind-81;Issue Report;1060;3;4;3;3;type mismatch;3;[];FALSE;4;FALSE;3;"[""type refinements"", ""JSON parsing"", ""serialization"", ""deserialization""]"
Closure-20;Issue Report;20;0;0;0;0;unknown;0;"[""missing steps"", ""vague inputs"", ""unclear error messages"", ""missing context"", ""unclear reproduction"", ""missing environment info""]";FALSE;0;FALSE;5;[]
Mockito-14;Code;20;0;0;0;0;unknown;0;"[""missing steps"", ""vague inputs"", ""unclear error messages"", ""missing context"", ""unclear reproduction"", ""missing environment info""]";TRUE;0;FALSE;5;[]
Math-6;[MATH-949] LevenbergMarquardtOptimizer reports 0 iterations - ASF JIRA;2574;5;5;5;5;Incorrect iteration counter increment in LevenbergMarquardtOptimizer. Missing call to incrementEvaluationsCount.;5;[];FALSE;5;FALSE;1;"[""optimization algorithms"", ""iteration counting"", ""Levenberg-Marquardt algorithm""]"
Codec-18;[CODEC-231] StringUtils.equals(CharSequence cs1, CharSequence cs2) can fail with String Index OBE - ASF JIRA;920;4;5;4;5;String index out of bounds;2;[];FALSE;4;FALSE;2;"[""String comparison"", ""Character sequence handling""]"
JacksonDatabind-97;Issue Report;2741;5;5;5;5;Context attributes are not properly propagated when serializing POJOs within ObjectNodes.;5;[];FALSE;5;FALSE;3;"[""JSON serialization"", ""ObjectNode"", ""Context attributes""]"
Compress-45;[COMPRESS-411] TarUtils.formatLongOctalOrBinaryBytes never uses result of formatLongBinary - ASF JIRA;1060;4;4;3;3;Logic error;3;[];FALSE;4;FALSE;2;"[""binary encoding"", ""octal encoding"", ""data formatting""]"
JacksonDatabind-78;Issue Report;861;4;4;4;3;Deserialization vulnerability due to default typing in Jackson;3;[];FALSE;4;FALSE;3;"[""JSON parsing"", ""deserialization"", ""security""]"
Closure-36;Issue Report;20;0;0;0;0;unknown;0;"[""missing steps"", ""vague inputs"", ""unclear error messages"", ""missing context"", ""unclear reproduction"", ""missing environment info""]";FALSE;0;FALSE;5;[]
Closure-148;Issue Report;20;0;0;0;0;unknown;0;"[""missing steps"", ""vague inputs"", ""unclear error messages"", ""missing context"", ""unclear reproduction"", ""missing environment info""]";FALSE;0;FALSE;5;[]
Jsoup-1;Issue Report;582;5;5;5;5;HTML parsing algorithm bug;4;[];FALSE;5;FALSE;3;"[""HTML parsing"", ""String manipulation""]"
Jsoup-19;Issue Report;963;3;4;3;4;Incorrect sanitization rules are stripping CID references;3;[];FALSE;4;FALSE;3;"[""HTML sanitization"", ""URL parsing"", ""Regular expressions""]"
Closure-61;Issue Report;20;0;0;0;0;Unknown;0;"[""missing steps"", ""vague inputs"", ""unclear error messages"", ""missing context"", ""unclear reproduction"", ""missing environment info""]";FALSE;0;FALSE;5;[]
Compress-12;[COMPRESS-178] TarArchiveInputStream throws IllegalArgumentException instead of IOException - ASF JIRA;3982;5;5;5;5;Incorrect exception handling;5;[];FALSE;5;FALSE;1;"[""Exception handling"", ""Tar archive parsing""]"
Gson-9;Add boxed boolean value() overload. #836;4621;5;5;4;5;NullPointerException due to incorrect overload resolution;4;[];FALSE;5;FALSE;2;"[""JSON serialization"", ""type resolution"", ""null handling""]"
Gson-8;Issue Report;5413;3;4;4;4;Object allocation error due to incompatible class structure during Gson deserialization.;4;[];FALSE;3;FALSE;4;"[""JSON parsing"", ""Object serialization/deserialization"", ""Concurrency"", ""Reflection""]"
Csv-16;[CSV-224] Some multi-iterator parsing peek sequences incorrectly consume elements - ASF JIRA;4395;5;5;5;5;Iterator's hasNext() method consumes an element from the underlying lexer, causing subsequent iterators to be out of sync.;5;[];FALSE;5;FALSE;2;"[""Iterator implementation"", ""Lexer"", ""CSV parsing""]"
Jsoup-18;Issue Report;973;4;4;4;5;String parsing error, specifically related to handling newlines in attribute definitions.;3;[];FALSE;3;FALSE;2;"[""HTML parsing"", ""attribute handling"", ""string manipulation""]"
Closure-60;Issue Report;20;0;0;0;0;unknown;0;"[""missing steps"", ""vague inputs"", ""unclear error messages"", ""missing context"", ""unclear reproduction"", ""missing environment info""]";FALSE;0;FALSE;5;[]
Compress-13;[COMPRESS-176] ArchiveInputStream#getNextEntry(): Problems with WinZip directories with Umlauts - ASF JIRA;2292;4;4;4;5;Encoding issue when handling Umlauts in WinZip-created archives.;3;[];FALSE;4;FALSE;3;"[""Character encoding"", ""Zip archive parsing"", ""File system interaction"", ""Path handling""]"
JacksonDatabind-96;Issue Report;813;3;4;3;4;Linking logic error with PropertyNamingStrategy and constructor properties;2;[];TRUE;3;FALSE;3;"[""JSON parsing"", ""serialization"", ""deserialization"", ""PropertyNamingStrategy"", ""constructor injection""]"
Compress-44;[COMPRESS-412] NullPointerException defect in ChecksumCalculatingInputStream#getValue() - ASF JIRA;1701;5;5;5;5;NullPointerException;4;[];FALSE;5;FALSE;1;"[""Input stream"", ""Checksum calculation"", ""Null handling""]"
Closure-37;Issue Report;20;0;0;0;0;unknown;0;"[""missing steps"", ""vague inputs"", ""unclear error messages"", ""missing context"", ""unclear reproduction"", ""missing environment info""]";FALSE;0;FALSE;5;[]
JacksonDatabind-79;Issue Report;2597;4;4;4;5;Incorrect handling of @JsonIdentityReference when applied at the class level due to resetting of `alwaysAsId` flag.;4;[];FALSE;4;FALSE;3;"[""JSON serialization"", ""Object identity handling"", ""Annotation processing""]"
Closure-149;Issue Report;20;0;0;0;0;unknown;0;"[""missing steps"", ""vague inputs"", ""unclear error messages"", ""missing context"", ""unclear reproduction"", ""missing environment info""]";TRUE;0;FALSE;5;[]
Math-7;[MATH-950] event state not updated if an unrelated event triggers a RESET_STATE during ODE integration - ASF JIRA;1866;5;4;4;5;Incorrect event handler state management after RESET_STATE;4;[];FALSE;4;FALSE;3;"[""ODE integration"", ""Event handling"", ""State management""]"
Lang-1;[LANG-747] NumberUtils does not handle Long Hex numbers - ASF JIRA;1655;5;5;4;5;Inconsistent handling of hexadecimal numbers between NumberUtils.createLong() and NumberUtils.createInteger().;4;[];FALSE;5;FALSE;1;"[""Number parsing"", ""Type conversion"", ""Hexadecimal representation""]"
Jsoup-59;Issue Report;835;4;4;4;5;Input validation error;3;[];FALSE;4;FALSE;2;"[""HTML parsing"", ""Input sanitization"", ""String handling""]"
JacksonDatabind-80;Issue Report;712;3;4;3;4;Logic error in type resolution algorithm;3;[];FALSE;4;FALSE;3;"[""Type resolution"", ""Serialization"", ""Deserialization"", ""Polymorphism""]"
Closure-21;Issue Report;20;0;0;0;0;unknown;0;"[""missing steps"", ""vague inputs"", ""unclear error messages"", ""missing context"", ""unclear reproduction"", ""missing environment info""]";FALSE;0;FALSE;5;[]
Mockito-15;Code;20;0;0;0;0;unknown;0;"[""missing steps"", ""vague inputs"", ""unclear error messages"", ""missing context"", ""unclear reproduction"", ""missing environment info""]";TRUE;0;FALSE;5;[]
JacksonDatabind-4;Issue Report;842;4;4;3;5;Exception handling missing index information;3;[];FALSE;4;FALSE;2;"[""JSON parsing"", ""Exception handling"", ""Deserialization""]"
JacksonCore-19;Issue Report;1836;5;5;5;5;ArrayIndexOutOfBoundsException due to fixed-size buffer for decimal parsing;5;[];FALSE;5;FALSE;3;"[""JSON parsing"", ""floating point number handling""]"
Closure-99;Issue Report;20;0;0;0;0;unknown;0;"[""missing steps"", ""vague inputs"", ""unclear error messages"", ""missing context"", ""unclear reproduction"", ""missing environment info""]";FALSE;0;FALSE;5;[]
JacksonDatabind-38;Issue Report;2442;3;4;3;4;Type resolution failure due to missing TypeFactory context;4;[];FALSE;4;FALSE;3;"[""type resolution"", ""POJO deserialization"", ""introspection"", ""JavaType construction""]"
Closure-76;Issue Report;20;0;0;0;0;unknown;0;"[""missing steps"", ""vague inputs"", ""unclear error messages"", ""missing context"", ""unclear reproduction"", ""missing environment info""]";FALSE;0;FALSE;5;[]
Closure-108;Issue Report;20;0;0;0;0;unknown;0;"[""missing steps"", ""vague inputs"", ""unclear error messages"", ""missing context"", ""unclear reproduction"", ""missing environment info""]";FALSE;0;FALSE;5;[]
Lang-33;[LANG-587] ClassUtils.toClass(Object[]) throws NPE on null array element - ASF JIRA;847;3;2;2;3;null pointer;1;"[""missing steps"", ""vague inputs""]";TRUE;1;FALSE;2;"[""array processing"", ""type conversion""]"
JacksonCore-3;Issue Report;1055;4;4;3;4;Incorrect state initialization;4;[];FALSE;4;FALSE;2;"[""JSON parsing"", ""error reporting""]"
Math-71;[MATH-358] ODE integrator goes past specified end of integration range - ASF JIRA;2222;5;5;5;5;Numerical accuracy in event detection;5;[];FALSE;5;FALSE;3;"[""ODE integration"", ""Event handling"", ""Numerical methods""]"
JacksonDatabind-43;Problem with Object id handling, explicit null token #1150;7827;4;4;3;4;Null pointer exception during object ID deserialization;3;[];FALSE;4;FALSE;2;"[""JSON parsing"", ""Object ID deserialization"", ""Jackson databind""]"
Closure-173;Issue Report;20;0;0;0;0;unknown;0;"[""missing steps"", ""vague inputs"", ""unclear error messages"", ""missing context"", ""unclear reproduction"", ""missing environment info""]";FALSE;0;FALSE;5;[]
Time-26;#60 .withHourOfDay() sets hour inconsistantly on DST transition.;3083;4;4;4;5;Incorrect handling of ambiguous local times during DST transitions in the time zone conversion logic.;4;[];FALSE;4;FALSE;3;"[""time zone conversion"", ""DST handling"", ""date/time arithmetic""]"
Jsoup-75;Issue Report;1718;5;5;5;5;Boolean attribute handling regression due to changes in Attribute class and html rendering logic;5;[];FALSE;5;FALSE;2;"[""HTML rendering"", ""Attribute handling"", ""Output formatting""]"
Collections-24;[COLLECTIONS-496] UnmodifiableBoundedCollection does not implement Unmodifiable marker interface - ASF JIRA;974;5;5;5;5;Missing interface implementation;1;[];FALSE;5;FALSE;0;"[""Interface implementation"", ""Collections API""]"
JacksonDatabind-107;Issue Report;889;4;4;3;4;null pointer;3;[];FALSE;3;FALSE;2;"[""JSON deserialization"", ""type handling"", ""error handling""]"
Compress-6;[COMPRESS-94] Creating zip files with many entries will ocassionally produce corrupted output - ASF JIRA;2444;5;5;5;5;Hash collision in HashMap due to inconsistent equals/hashCode implementation in ZipArchiveEntry;5;[];FALSE;5;FALSE;2;"[""HashMap"", ""hashing"", ""equality"", ""ZipArchiveEntry"", ""ZipOutputStream""]"
Lang-64;[LANG-259] ValuedEnum.compareTo(Object other) not typesafe - it easily could be... - ASF JIRA;1284;4;4;3;4;type mismatch;2;[];FALSE;3;FALSE;3;"[""inheritance"", ""comparison"", ""enums""]"
Math-26;[MATH-836] Fraction(double, int) constructor strange behaviour - ASF JIRA;3320;4;5;5;5;Floating point precision issues in fraction approximation algorithm;4;[];FALSE;4;FALSE;3;"[""numerical computation"", ""fraction approximation"", ""floating point arithmetic""]"
Gson-16;Fix StackOverflowError on resolving types with TypeVariable recursion #1128;7641;5;5;5;5;TypeVariable recursion leading to stack overflow;4;[];FALSE;5;FALSE;3;"[""Type resolution"", ""Generics"", ""Recursion""]"
Closure-124;Issue Report;20;0;0;0;0;unknown;0;"[""missing steps"", ""vague inputs"", ""unclear error messages"", ""missing context"", ""unclear reproduction"", ""missing environment info""]";FALSE;0;FALSE;5;[]
JacksonDatabind-14;Issue Report;7444;4;5;5;5;Inconsistent handling of JsonNode vs. String deserialization with ObjectReader and custom deserializers.;5;[];FALSE;5;FALSE;3;"[""JSON parsing"", ""Object deserialization"", ""Jackson ObjectReader"", ""Custom deserializers""]"
Compress-29;[COMPRESS-306] ArchiveStreamFactory fails to pass on the encoding when creating some streams - ASF JIRA;1104;3;4;3;4;Incorrect parameter passing/handling within ArchiveStreamFactory;2;[];FALSE;3;FALSE;3;"[""input streams"", ""output streams"", ""archive formats"", ""character encoding""]"
Cli-1;[CLI-13] [cli] CommandLine.getOptionValue() behaves contrary to docs - ASF JIRA;2157;4;4;4;5;API inconsistency in accessing options by short vs. long name;3;[];FALSE;4;FALSE;2;"[""command line parsing"", ""option handling"", ""API design""]"
Cli-27;[CLI-182] Unable to select a pure long option in a group - ASF JIRA;1123;4;4;4;4;Logic error in OptionGroup.setSelected() when handling long options without short names.;2;[];FALSE;4;FALSE;3;"[""command line parsing"", ""options processing"", ""OptionGroup"", ""CLI arguments""]"
Jsoup-22;Issue Report;801;4;4;3;4;null pointer;3;[];FALSE;4;FALSE;2;"[""DOM traversal"", ""Null checks"", ""API error""]"
JacksonDatabind-111;Issue Report;2697;4;5;5;5;Incorrect handling of null values in nested ReferenceTypeDeserializer;4;[];FALSE;4;FALSE;3;"[""JSON parsing"", ""Deserialization"", ""Type handling"", ""Null handling"", ""Reference types""]"
Math-30;[MATH-790] Mann-Whitney U Test Suffers From Integer Overflow With Large Data Sets - ASF JIRA;1740;5;5;5;5;Integer overflow;4;[];FALSE;5;FALSE;2;"[""statistical calculations"", ""numerical stability""]"
Closure-132;Issue Report;20;0;0;0;0;unknown;0;"[""missing steps"", ""vague inputs"", ""unclear error messages"", ""missing context"", ""unclear reproduction"", ""missing environment info""]";FALSE;0;FALSE;5;[]
JacksonCore-23;Issue Report;1266;3;4;3;4;Type mismatch;3;[];FALSE;4;FALSE;3;"[""JSON serialization"", ""Object creation"", ""Inheritance""]"
Jsoup-34;Issue Report;1311;5;5;5;5;ArrayIndexOutOfBoundsException due to incorrect handling of commented CDATA sections;5;[];FALSE;5;FALSE;3;"[""HTML parsing"", ""CDATA handling"", ""Error handling""]"
Cli-31;[CLI-205] HelpFormatter.setArgName() has no effect - ASF JIRA;986;4;4;4;5;Incorrect default value assignment in Option/OptionBuilder overriding HelpFormatter setting;3;[];FALSE;4;FALSE;2;"[""command line parsing"", ""help generation"", ""Option class"", ""OptionBuilder class""]"
Math-88;[MATH-272] Simplex Solver arrives at incorrect solution - ASF JIRA;1170;5;5;5;5;Logic error in Simplex algorithm implementation;4;[];FALSE;4;FALSE;3;"[""Simplex algorithm"", ""Linear programming"", ""Mathematical optimization""]"
Csv-9;[CSV-118] CSVRecord.toMap() throws NPE on formats with no headers. - ASF JIRA;1442;5;5;4;5;null pointer;2;[];FALSE;5;FALSE;1;"[""CSV parsing"", ""data structures""]"
Math-67;"[MATH-393] Method ""getResult()"" in ""MultiStartUnivariateRealOptimizer"" - ASF JIRA";1487;5;5;5;5;Incorrect return value in getter methods;4;[];FALSE;5;FALSE;1;"[""optimization"", ""getter methods""]"
Collections-7;[COLLECTIONS-278] put() and putAll() don't update the getKeys() map - ASF JIRA;1639;4;4;4;5;Incorrect state management/synchronization of internal data structures after put/putAll operations.;3;[];FALSE;4;FALSE;2;"[""data structures"", ""state management"", ""collections"", ""internal caching""]"
Closure-165;Issue Report;20;0;0;0;0;unknown;0;"[""missing steps"", ""vague inputs"", ""unclear error messages"", ""missing context"", ""unclear reproduction"", ""missing environment info""]";TRUE;0;FALSE;5;[]
JacksonDatabind-55;Issue Report;822;3;4;4;5;Incorrect handling of @JsonProperty for EnumMap keys during serialization;3;[];FALSE;4;FALSE;3;"[""JSON parsing"", ""Enum serialization"", ""EnumMap"", ""Jackson annotations""]"
JxPath-16;[JXPATH-114] node() implementation in DOM and JDOM model - ASF JIRA;1385;5;4;4;4;Logic error in node type checking;4;[];FALSE;4;FALSE;1;"[""XPath evaluation"", ""DOM traversal"", ""JDOM traversal""]"
Jsoup-63;Issue Report;737;4;5;4;5;HTML parsing rules mismatch;3;[];FALSE;4;FALSE;2;"[""HTML parsing"", ""validation""]"
Closure-83;Issue Report;20;0;0;0;0;Unknown;0;"[""missing steps"", ""vague inputs"", ""unclear error messages"", ""missing context"", ""unclear reproduction"", ""missing environment info""]";FALSE;0;FALSE;5;[]
Jsoup-14;Issue Report;1690;5;5;5;5;Improper handling of unclosed HTML tags in parser state machine;5;[];FALSE;5;FALSE;3;"[""HTML parsing"", ""DOM construction"", ""error handling""]"
Cli-11;"[CLI-1] PosixParser interupts ""-target opt"" as ""-t arget opt"" - ASF JIRA";3686;3;4;4;5;Parser interprets long option as short option + value due to special option handling logic;4;[];FALSE;5;FALSE;3;"[""command line parsing"", ""option processing"", ""argument validation""]"
JacksonDatabind-22;Issue Report;624;3;4;3;5;Serialization precedence issue;2;"[""missing steps"", ""vague inputs"", ""missing environment info""]";TRUE;4;FALSE;3;"[""JSON serialization"", ""Annotation processing"", ""Custom serializers""]"
Closure-112;Issue Report;20;0;0;0;0;Unknown;0;"[""missing steps"", ""vague inputs"", ""unclear error messages"", ""missing context"", ""unclear reproduction"", ""missing environment info""]";FALSE;0;FALSE;5;[]
Math-10;[MATH-935] DerivativeStructure.atan2(y,x) does not handle special cases properly - ASF JIRA;1044;4;5;4;5;Incorrect handling of zero values in DerivativeStructure.atan2 implementation.;3;[];FALSE;4;FALSE;2;"[""mathematical functions"", ""edge case handling"", ""floating-point arithmetic""]"
Lang-52;[LANG-363] StringEscapeUtils.escapeJavaScript() method did not escape '/' into '\/', it will make IE render page uncorrectly - ASF JIRA;1951;4;4;4;5;Incorrect escaping logic in StringEscapeUtils.escapeJavaScript();3;[];FALSE;4;FALSE;2;"[""JavaScript escaping"", ""String manipulation"", ""UI rendering""]"
Gson-4;Update reader and writer for RFC 7159. #773;5120;5;5;5;5;Incorrect handling of top-level JSON values according to RFC 7159;4;[];FALSE;5;FALSE;2;"[""JSON parsing"", ""JSON serialization"", ""RFC 7159 compliance""]"
Collections-12;[COLLECTIONS-271] org.apache.commons.collections.ExtendedProperties#combine don't import string properly - ASF JIRA;1623;4;4;4;5;Incorrect escaping logic in the combine method;3;[];FALSE;4;FALSE;2;"[""string manipulation"", ""property handling"", ""escaping""]"
Jsoup-43;Issue Report;983;4;5;4;5;Incorrect implementation of elementSiblingIndex or misunderstanding of how elements are compared.;3;[];FALSE;5;FALSE;3;"[""DOM manipulation"", ""Tree traversal"", ""Equality comparison""]"
Time-10;Issue Report;1395;4;4;4;5;Incorrect handling of MonthDay with February 29th in the daysBetween method.;4;[];FALSE;3;FALSE;3;"[""date calculations"", ""leap year handling"", ""joda-time library""]"
Closure-145;Issue Report;20;0;0;0;0;unknown;0;"[""missing steps"", ""vague inputs"", ""unclear error messages"", ""missing context"", ""unclear reproduction"", ""missing environment info""]";FALSE;0;FALSE;5;[]
JacksonDatabind-75;Issue Report;1182;5;5;5;5;Annotation processing regression in Jackson 2.8;4;[];FALSE;4;FALSE;3;"[""JSON parsing"", ""Annotation processing"", ""Enum serialization""]"
Math-47;[MATH-657] Division by zero - ASF JIRA;1229;3;4;3;4;Incorrect handling of division by zero in complex number arithmetic;3;[];FALSE;3;FALSE;2;"[""mathematical operations"", ""complex number arithmetic"", ""error handling""]"
Jsoup-55;Issue Report;686;4;4;4;5;Incorrect handling of self-closing tags with attributes;3;[];FALSE;4;FALSE;3;"[""HTML parsing"", ""attribute parsing"", ""tag handling""]"
Mockito-19;Issue Report;1016;3;4;4;4;reflection issue;3;[];FALSE;3;FALSE;3;"[""reflection"", ""dependency injection"", ""Android UI components""]"
JxPath-20;[JXPATH-149] relational operations do not function properly when comparing a non-Iterator LHS to an Iterator RHS - ASF JIRA;1241;4;4;4;5;Type mismatch or incorrect handling of iterator comparison in relational expression evaluation.;3;[];FALSE;4;FALSE;2;"[""XPath evaluation"", ""relational operators"", ""data type conversion"", ""Iterator handling""]"
JacksonDatabind-63;Issue Report;1782;5;5;5;5;Incorrect class name generation for inner classes in reference chain;5;[];FALSE;5;FALSE;3;"[""JSON parsing"", ""Error handling"", ""Reflection"", ""Class name generation""]"
Closure-153;Issue Report;20;0;0;0;0;unknown;0;"[""missing steps"", ""vague inputs"", ""unclear error messages"", ""missing context"", ""unclear reproduction"", ""missing environment info""]";FALSE;0;FALSE;5;[]
Math-51;"[MATH-631] ""RegulaFalsiSolver"" failure - ASF JIRA";1684;5;5;5;5;Incorrect convergence criteria in RegulaFalsiSolver;4;[];FALSE;4;FALSE;3;"[""root finding algorithms"", ""numerical analysis"", ""iteration control""]"
Lang-13;[LANG-788] SerializationUtils throws ClassNotFoundException when cloning primitive classes - ASF JIRA;3054;5;5;5;5;ClassLoader issue during deserialization of primitive class types;5;[];FALSE;5;FALSE;2;"[""serialization"", ""classloading"", ""reflection""]"
Codec-15;[CODEC-199] Bug in HW rule in Soundex - ASF JIRA;1437;5;5;5;5;Incorrect conditional logic in Soundex algorithm implementation;4;[];FALSE;5;FALSE;2;"[""Soundex algorithm"", ""String manipulation"", ""Phonetic encoding""]"
Closure-95;Issue Report;20;0;0;0;0;Unknown;0;"[""missing steps"", ""vague inputs"", ""unclear error messages"", ""missing context"", ""unclear reproduction"", ""missing environment info""]";FALSE;0;FALSE;5;[]
JacksonCore-15;Issue Report;791;3;4;3;4;Unused attribute;3;[];FALSE;4;FALSE;2;"[""JSON parsing"", ""configuration""]"
Closure-104;Issue Report;20;0;0;0;0;unknown;0;"[""missing steps"", ""vague inputs"", ""unclear error messages"", ""missing context"", ""unclear reproduction"", ""missing environment info""]";FALSE;0;FALSE;5;[]
JacksonDatabind-34;Issue Report;772;4;4;3;4;type mismatch;3;[];FALSE;4;FALSE;3;"[""schema generation"", ""introspection"", ""serialization""]"
Time-3;Issue Report;1639;5;5;5;5;Time zone handling during DST transition;4;[];FALSE;5;FALSE;3;"[""Date and time calculations"", ""Time zone handling"", ""DST transitions""]"
JacksonDatabind-8;Issue Report;779;2;3;2;3;Type conversion error;2;"[""missing steps"", ""missing context"", ""unclear reproduction""]";TRUE;3;FALSE;3;"[""Type resolution"", ""Constructor selection"", ""CharSequence handling""]"
Lang-44;"[LANG-457] NumberUtils createNumber thows a StringIndexOutOfBoundsException when only an ""l"" is passed in. - ASF JIRA";1268;4;4;3;4;StringIndexOutOfBoundsException due to missing digit before 'l' or 'L';2;[];FALSE;4;FALSE;2;"[""Number parsing"", ""String manipulation""]"
Mockito-35;Code;20;0;0;0;0;Unknown;0;"[""missing steps"", ""vague inputs"", ""unclear error messages"", ""missing context"", ""unclear reproduction"", ""missing environment info""]";TRUE;0;FALSE;5;[]
Collections-28;[COLLECTIONS-586] PatriciaTrie prefixMap clear throws NullPointerException - ASF JIRA;3474;5;5;5;5;null pointer;5;[];FALSE;5;FALSE;2;"[""data structures"", ""trie"", ""map"", ""iterators""]"
Jsoup-79;Issue Report;1253;5;5;5;5;Incorrect implementation of LeafNode.childNodes() after commit f71712b.;4;[];FALSE;5;FALSE;1;"[""API implementation"", ""Tree traversal"", ""Node interface""]"
Math-92;[MATH-241] MathUtils.binomialCoefficient(n,k) fails for large results - ASF JIRA;2493;5;5;5;5;Rounding errors leading to incorrect binomial coefficient calculation for large numbers;5;[];FALSE;5;FALSE;3;"[""mathematical calculations"", ""long integer arithmetic"", ""algorithm optimization""]"
Compress-25;[COMPRESS-264] ZIP reads correctly with commons-compress 1.6, gives NUL bytes in 1.7 - ASF JIRA;4393;5;5;5;5;Incorrect handling of STORED compression method or file headers in ZipArchiveInputStream.;5;[];FALSE;4;FALSE;3;"[""ZipArchiveInputStream"", ""ZipArchiveEntry"", ""file headers"", ""compression methods"", ""byte array handling""]"
JacksonDatabind-18;Issue Report;1165;3;4;2;4;Improper state management in MappingIterator after JsonProcessingException;3;"[""vague inputs"", ""missing steps"", ""unclear reproduction""]";TRUE;3;FALSE;4;"[""JSON parsing"", ""error handling"", ""iteration"", ""state management""]"
Closure-56;Issue Report;20;0;0;0;0;unknown;0;"[""missing steps"", ""vague inputs"", ""unclear error messages"", ""missing context"", ""unclear reproduction"", ""missing environment info""]";FALSE;0;FALSE;5;[]
Closure-128;Issue Report;20;0;0;0;0;unknown;0;"[""missing steps"", ""vague inputs"", ""unclear error messages"", ""missing context"", ""unclear reproduction"", ""missing environment info""]";FALSE;0;FALSE;5;[]
Closure-40;Issue Report;20;0;0;0;0;unknown;0;"[""missing steps"", ""vague inputs"", ""unclear error messages"", ""missing context"", ""unclear reproduction"", ""missing environment info""]";FALSE;0;FALSE;5;[]
Compress-33;[COMPRESS-316] CompressorStreamFactory doesn't handle deflate streams with a zlib header - ASF JIRA;1363;4;4;4;5;Missing zlib header detection logic in CompressorStreamFactory;3;[];FALSE;5;FALSE;2;"[""compression"", ""stream processing"", ""header detection""]"
Jsoup-38;Issue Report;884;5;5;5;5;Incorrect tag handling in HTML parsing logic;3;[];FALSE;4;FALSE;2;"[""HTML parsing"", ""SVG rendering"", ""DOM manipulation""]"
Mockito-23;Code;20;0;0;0;0;unknown;0;"[""missing steps"", ""vague inputs"", ""unclear error messages"", ""missing context"", ""unclear reproduction"", ""missing environment info""]";FALSE;0;FALSE;5;[]
Jsoup-80;Issue Report;1147;5;5;5;5;Malformed XML causing parsing error;5;[];FALSE;5;FALSE;1;"[""XML parsing"", ""Jsoup library""]"
Closure-17;Issue Report;20;0;0;0;0;unknown;0;"[""missing steps"", ""vague inputs"", ""unclear error messages"", ""missing context"", ""unclear reproduction"", ""missing environment info""]";FALSE;0;FALSE;5;[]
JacksonDatabind-59;Issue Report;4998;4;4;4;5;Deserialization override not respected when DefaultTyping is enabled;5;[];FALSE;4;FALSE;3;"[""JSON parsing"", ""Serialization"", ""Deserialization"", ""Reflection"", ""Type handling""]"
Closure-169;Issue Report;20;0;0;0;0;unknown;0;"[""missing steps"", ""vague inputs"", ""unclear error messages"", ""missing context"", ""unclear reproduction"", ""missing environment info""]";FALSE;0;FALSE;5;[]
JacksonXml-3;Issue Report;661;4;4;3;5;Logic error in FromXMLParser.nextTextValue() method;3;[];FALSE;4;FALSE;2;"[""XML parsing"", ""JSON parsing""]"
Lang-29;[LANG-624] SystemUtils.getJavaVersionAsFloat throws StringIndexOutOfBoundsException on Android runtime/Dalvik VM - ASF JIRA;1903;4;4;4;5;String index out of bounds;4;[];FALSE;4;FALSE;3;"[""String manipulation"", ""Version parsing""]"
Csv-5;[CSV-106] CSVFormat.format allways append null - ASF JIRA;1014;5;5;5;5;String concatenation error or incorrect null handling in CSVFormat.format method.;3;[];FALSE;5;FALSE;2;"[""CSV formatting"", ""String concatenation"", ""Null handling""]"
Math-84;[MATH-283] MultiDirectional optimzation loops forver if started at the correct solution - ASF JIRA;1581;5;5;5;5;Infinite loop due to incorrect termination condition in MultiDirectional.iterateSimplex when the starting point is already the optimal solution.;4;[];FALSE;5;FALSE;2;"[""optimization algorithms"", ""numerical analysis"", ""loop termination conditions""]"
Chart-12;#213 Fix for MultiplePiePlot;140;4;5;3;5;Listener registration missing in constructor;2;[];FALSE;5;FALSE;2;"[""Event Handling"", ""Data Binding"", ""Constructor Logic""]"
JxPath-11;[JXPATH-97] Incomplete handling of undefined namespaces - ASF JIRA;1756;4;4;4;5;Namespace handling for attributes is incomplete or incorrect;4;[];FALSE;4;FALSE;3;"[""XML parsing"", ""namespace resolution"", ""attribute handling""]"
Mockito-28;Code;20;0;0;0;0;unknown;0;"[""missing steps"", ""vague inputs"", ""unclear error messages"", ""missing context"", ""unclear reproduction"", ""missing environment info""]";TRUE;0;FALSE;5;[]
Closure-162;Issue Report;20;0;0;0;0;unknown;0;"[""missing steps"", ""vague inputs"", ""unclear error messages"", ""missing context"", ""unclear reproduction"", ""missing environment info""]";FALSE;0;FALSE;5;[]
JacksonDatabind-52;Issue Report;825;5;5;5;5;Deserialization logic error in handling external properties;5;[];FALSE;5;FALSE;3;"[""JSON parsing"", ""Deserialization"", ""Reflection"", ""Type inference""]"
Jsoup-64;Issue Report;1904;5;5;5;5;Incorrect handling of self-closing tags in HtmlTreeBuilderState for specific tags.;4;[];FALSE;5;FALSE;3;"[""HTML parsing"", ""DOM tree construction"", ""self-closing tag handling""]"
Lang-22;[LANG-662] org.apache.commons.lang3.math.Fraction does not reduce (Integer.MIN_VALUE, 2^k) - ASF JIRA;1750;5;5;5;5;Incorrect greatest common divisor calculation for Integer.MIN_VALUE and powers of 2;4;[];FALSE;5;FALSE;2;"[""GCD calculation"", ""Fraction reduction"", ""Integer overflow handling""]"
Math-60;[MATH-414] ConvergenceException in NormalDistributionImpl.cumulativeProbability() - ASF JIRA;1981;4;4;4;5;Numerical instability leading to ConvergenceException for extreme input values.;3;[];FALSE;4;FALSE;3;"[""numerical computation"", ""probability distribution"", ""error handling""]"
Mockito-7;Issue Report;2307;4;5;4;5;Generics handling in deep stubbing;4;[];FALSE;5;FALSE;3;"[""Generics"", ""Mockito"", ""Deep Stubbing"", ""Reflection""]"
Closure-135;Issue Report;20;0;0;0;0;unknown;0;"[""missing steps"", ""vague inputs"", ""unclear error messages"", ""missing context"", ""unclear reproduction"", ""missing environment info""]";FALSE;0;FALSE;5;[]
Compress-38;[COMPRESS-356] PAX header entry name ending with / causes problems - ASF JIRA;1965;4;4;4;5;Incorrect handling of PAX header names ending in '/';3;[];FALSE;4;FALSE;2;"[""Tar archive parsing"", ""PAX header handling"", ""Directory detection""]"
Cli-36;[CLI-266] HelpFormatter#setOptionComparator(null) doesn't display the values in inserted order - ASF JIRA;1766;5;5;5;5;HashMap used in OptionGroup does not preserve insertion order;4;[];FALSE;5;FALSE;1;"[""CLI argument parsing"", ""OptionGroup"", ""HelpFormatter""]"
Jsoup-33;Issue Report;793;4;4;3;5;State machine error in HTML parser;3;[];FALSE;5;FALSE;3;"[""HTML parsing"", ""State management"", ""Text escaping""]"
JacksonCore-24;Issue Report;1460;5;5;4;5;Type mismatch during data coercion;4;[];FALSE;5;FALSE;3;"[""JSON parsing"", ""Data binding"", ""Exception handling"", ""Type conversion""]"
Math-37;"[MATH-722] [math] Complex Tanh for ""big"" numbers - ASF JIRA";1875;5;5;4;5;Floating point overflow/underflow leading to NaN;4;[];FALSE;5;FALSE;1;"[""Complex number arithmetic"", ""Floating point operations"", ""Trigonometric functions""]"
Closure-123;Issue Report;20;0;0;0;0;Unknown;0;"[""missing steps"", ""vague inputs"", ""unclear error messages"", ""missing context"", ""unclear reproduction"", ""missing environment info""]";FALSE;0;FALSE;5;[]
JacksonDatabind-13;Issue Report;898;3;4;2;3;Deserialization logic not handling null Object Ids;2;"[""missing steps"", ""missing environment info""]";TRUE;3;FALSE;3;"[""JSON parsing"", ""object deserialization"", ""data validation""]"
Jsoup-25;Issue Report;781;5;5;5;5;Missing tag in preserveWhitespaceTags array;4;[];FALSE;5;FALSE;1;"[""HTML parsing"", ""Whitespace handling""]"
Cli-20;[CLI-165] PosixParser keeps processing tokens after a non unrecognized long option - ASF JIRA;1244;4;5;4;5;Incorrect parsing logic when encountering an unrecognized long option with stopAtNonOption enabled.;3;[];FALSE;5;FALSE;3;"[""command line parsing"", ""option processing"", ""tokenization""]"
Lang-63;[LANG-281] DurationFormatUtils returns wrong result - ASF JIRA;1806;5;5;5;5;Date/time calculation error, likely related to year-end boundary conditions;4;[];FALSE;3;FALSE;3;"[""date calculations"", ""time formatting"", ""boundary conditions""]"
Compress-1;[COMPRESS-28] CPIO reports unexpected EOF - ASF JIRA;2313;4;4;4;5;premature EOF due to incorrect stream handling or header parsing;4;[];FALSE;3;FALSE;3;"[""archive parsing"", ""input stream handling"", ""error handling"", ""CPIO format""]"
JacksonDatabind-100;Issue Report;764;4;5;4;5;Incorrect base64 variant usage;4;[];FALSE;5;FALSE;2;"[""JSON parsing"", ""Base64 encoding/decoding""]"
Gson-11;Allow deserialization of a Number represented as a String #964;3701;5;5;5;5;Type mismatch during deserialization;4;[];FALSE;5;FALSE;1;"[""JSON parsing"", ""Deserialization"", ""Type conversion""]"
Math-21;[MATH-789] Correlated random vector generator fails (silently) when faced with zero rows in covariance matrix - ASF JIRA;4570;4;5;5;5;Incorrect handling of zero rows in RectangularCholeskyDecomposition;5;[];FALSE;5;FALSE;3;"[""linear algebra"", ""matrix decomposition"", ""statistical distributions"", ""numerical stability""]"
JacksonDatabind-44;Issue Report;753;2;3;2;3;Type resolution error;2;"[""missing steps"", ""vague inputs"", ""missing context"", ""unclear reproduction""]";TRUE;2;FALSE;4;"[""JSON parsing"", ""Polymorphism"", ""Serialization"", ""Deserialization""]"
Closure-174;Issue Report;20;0;0;0;0;unknown;0;"[""missing steps"", ""vague inputs"", ""unclear error messages"", ""missing context"", ""unclear reproduction"", ""missing environment info""]";FALSE;0;FALSE;5;[]
Jsoup-72;Issue Report;713;5;5;5;5;String indexing error;4;[];FALSE;4;FALSE;2;"[""HTML parsing"", ""String manipulation"", ""Input validation""]"
Collections-23;[COLLECTIONS-495] UnmodifiableTrie should not decorate an already unmodifiable Trie - ASF JIRA;1095;4;4;3;4;Incorrect object wrapping/decoration;2;[];FALSE;3;FALSE;2;"[""immutable data structures"", ""wrapper pattern"", ""object identity""]"
Math-99;[MATH-243] MathUtils.gcd(Integer.MIN_VALUE, 0) should throw an Exception instead of returning Integer.MIN_VALUE - ASF JIRA;1288;5;5;5;5;Integer overflow/underflow, improper handling of edge cases;3;[];FALSE;5;FALSE;2;"[""mathematical operations"", ""edge case handling"", ""integer arithmetic""]"
Lang-34;[LANG-586] Use of ThreadLocals in ToStringStyle and HashCodeBuilder trigger memory leaks in container environments - ASF JIRA;1242;5;5;4;5;ThreadLocal memory leak;4;[];FALSE;5;FALSE;2;"[""ThreadLocal"", ""ClassLoader"", ""garbage collection""]"
JacksonCore-4;Issue Report;1947;5;5;5;5;ArrayIndexOutOfBoundsException;5;[];FALSE;5;FALSE;3;"[""JSON parsing"", ""TextBuffer"", ""memory management""]"
Math-76;[MATH-320] NaN singular value from SVD - ASF JIRA;1696;5;5;5;5;Numerical instability in SVD implementation when encountering rank-deficient matrices.;4;[];FALSE;4;FALSE;3;"[""linear algebra"", ""singular value decomposition"", ""numerical stability"", ""matrix operations""]"
Closure-71;Issue Report;20;0;0;0;0;unknown;0;"[""missing steps"", ""vague inputs"", ""unclear error messages"", ""missing context"", ""unclear reproduction"", ""missing environment info""]";FALSE;0;FALSE;5;[]
Time-8;Issue Report;702;4;4;3;5;Argument range check in DateTimeZone.forOffsetHoursMinutes;3;[];FALSE;5;FALSE;2;"[""Date and Time Handling"", ""Argument Validation""]"
JacksonDatabind-3;Issue Report;1358;3;4;4;4;Deserialization issue related to null handling in String[];3;[];FALSE;3;FALSE;3;"[""JSON parsing"", ""Deserialization"", ""Type conversion"", ""Data binding""]"
JacksonDatabind-87;Issue Report;1069;5;5;5;5;Configuration issue: Incorrect timezone handling in StdDateFormat after version 2.8.9;4;[];FALSE;5;FALSE;3;"[""JSON parsing"", ""Date serialization/deserialization"", ""Timezone handling""]"
Mockito-12;Code;20;0;0;0;0;unknown;0;"[""missing steps"", ""vague inputs"", ""unclear error messages"", ""missing context"", ""unclear reproduction"", ""missing environment info""]";TRUE;0;FALSE;5;[]
Closure-158;Issue Report;20;0;0;0;0;Unknown;0;"[""missing steps"", ""vague inputs"", ""unclear error messages"", ""missing context"", ""unclear reproduction"", ""missing environment info""]";FALSE;0;FALSE;5;[]
Closure-26;Issue Report;20;0;0;0;0;unknown;0;"[""missing steps"", ""vague inputs"", ""unclear error messages"", ""missing context"", ""unclear reproduction"", ""missing environment info""]";TRUE;0;FALSE;5;[]
JacksonDatabind-68;Issue Report;3499;5;5;5;5;Constructor resolution failure due to interaction with ACCEPT_SINGLE_VALUE_AS_ARRAY;5;[];FALSE;5;FALSE;3;"[""JSON parsing"", ""Deserialization"", ""Object construction"", ""Configuration""]"
Lang-6;[LANG-857] StringIndexOutOfBoundsException in CharSequenceTranslator - ASF JIRA;2160;5;5;5;5;Improper handling of surrogate pairs in StringEscapeUtils.escapeCsv, leading to StringIndexOutOfBoundsException;5;[];FALSE;5;FALSE;2;"[""String manipulation"", ""Unicode handling"", ""Text escaping""]"
Jsoup-48;Issue Report;2347;5;4;4;5;Incorrect header handling (only taking the first value);4;[];FALSE;5;FALSE;1;"[""HTTP headers"", ""String manipulation""]"
Collections-19;[COLLECTIONS-444] SetUniqueList may become inconsistent - ASF JIRA;1948;5;5;5;5;Inconsistent state between the list and the set due to incorrect update logic in the set method.;4;[];FALSE;5;FALSE;2;"[""List"", ""Set"", ""Data Structures"", ""Collections API""]"
JacksonDatabind-91;Issue Report;3142;5;5;5;5;Type mismatch during deserialization due to changes in Level enum handling;5;[];FALSE;5;FALSE;3;"[""JSON parsing"", ""Deserialization"", ""Log4j Level enum""]"
Closure-30;Issue Report;20;0;0;0;0;unknown;0;"[""missing steps"", ""vague inputs"", ""unclear error messages"", ""missing context"", ""unclear reproduction"", ""missing environment info""]";FALSE;0;FALSE;5;[]
Compress-43;[COMPRESS-394] [Zip] Local `Version Needed To Extract` does not match Central Directory - ASF JIRA;2702;4;5;4;5;Incorrect version handling in zip archive creation;4;[];FALSE;5;FALSE;2;"[""zip archive creation"", ""data compression"", ""versioning"", ""IO streams""]"
Jsoup-7;Issue Report;582;3;4;3;4;HTML parsing error;2;[];FALSE;3;FALSE;3;"[""HTML parsing"", ""DOM tree construction""]"
Closure-88;Issue Report;20;0;0;0;0;unknown;0;"[""missing steps"", ""vague inputs"", ""unclear error messages"", ""missing context"", ""unclear reproduction"", ""missing environment info""]";FALSE;0;FALSE;5;[]
Compress-14;[COMPRESS-181] Tar files created by AIX native tar, and which contain symlinks, cannot be read by TarArchiveInputStream - ASF JIRA;4019;4;4;4;5;Header parsing error due to differences in tar format on AIX;4;[];FALSE;4;FALSE;3;"[""Tar archive parsing"", ""Header parsing"", ""Symlink handling"", ""Byte stream processing""]"
Closure-119;Issue Report;20;0;0;0;0;unknown;0;"[""missing steps"", ""vague inputs"", ""unclear error messages"", ""missing context"", ""unclear reproduction"", ""missing environment info""]";FALSE;0;FALSE;5;[]
JacksonDatabind-29;Handle null type id for polymorphic values that use external type id #942;6703;4;4;3;4;Null value encountered where a typed object was expected due to external type id;3;[];FALSE;4;FALSE;2;"[""JSON parsing"", ""deserialization"", ""polymorphism"", ""type handling""]"
Closure-67;Issue Report;20;0;0;0;0;unknown;0;"[""missing steps"", ""vague inputs"", ""unclear error messages"", ""missing context"", ""unclear reproduction"", ""missing environment info""]";TRUE;0;FALSE;5;[]
Lang-59;[LANG-299] Bug in method appendFixedWidthPadRight of class StrBuilder causes an ArrayIndexOutOfBoundsException - ASF JIRA;1972;5;5;5;5;ArrayIndexOutOfBoundsException;5;[];FALSE;5;FALSE;1;"[""string manipulation"", ""buffer management""]"
Csv-11;"[CSV-122] NullPointerException when empty header string and and null string of """" - ASF JIRA";1129;4;4;4;4;NullPointerException;2;[];FALSE;3;FALSE;2;"[""CSV parsing"", ""null handling"", ""header processing""]"
Math-83;[MATH-286] SimplexSolver not working as expected? - ASF JIRA;2912;4;4;4;5;Numerical instability in the SimplexSolver implementation, possibly due to rounding errors or incorrect pivot selection.;4;[];FALSE;3;FALSE;3;"[""Linear programming"", ""Simplex algorithm"", ""Numerical computation""]"
Csv-2;[CSV-96] CSVRecord does not verify that the length of the header mapping matches the number of values - ASF JIRA;1234;5;5;5;5;IndexOutOfBoundsException due to mismatched header size;4;[];FALSE;5;FALSE;1;"[""CSV parsing"", ""header mapping"", ""array access""]"
Closure-10;Issue Report;20;0;0;0;0;unknown;0;"[""missing steps"", ""vague inputs"", ""unclear error messages"", ""missing context"", ""unclear reproduction"", ""missing environment info""]";FALSE;0;FALSE;5;[]
JxPath-7;[JXPATH-93] Binary operators behaviour involving node-sets is incorrect - ASF JIRA;2416;4;4;4;5;Incorrect implementation of XPath specification for node-set comparisons;4;[];FALSE;5;FALSE;3;"[""XPath evaluation"", ""node-set comparison"", ""type conversion""]"
Mockito-24;Code;20;0;0;0;0;unknown;0;"[""missing steps"", ""vague inputs"", ""unclear error messages"", ""missing context"", ""unclear reproduction"", ""missing environment info""]";TRUE;0;FALSE;5;[]
Jsoup-87;Issue Report;4421;5;5;5;5;Incorrect handling of case sensitivity during parsing.;4;[];FALSE;5;FALSE;3;"[""HTML parsing"", ""DOM tree construction"", ""Case sensitivity handling""]"
Jsoup-68;Issue Report;733;3;3;3;4;Recursive function call;3;"[""unclear reproduction"", ""missing environment info""]";TRUE;2;FALSE;3;"[""Recursion"", ""Stack management""]"
JacksonXml-4;Issue Report;982;4;4;4;4;configuration issue;3;[];FALSE;4;FALSE;2;"[""XML serialization"", ""Configuration""]"
Codec-7;[CODEC-99] Base64.encodeBase64String() shouldn't chunk - ASF JIRA;2045;5;5;5;5;Incorrect parameter passed to encodeBase64 method;4;[];FALSE;5;FALSE;1;"[""Base64 encoding"", ""String conversion"", ""UTF-8 encoding""]"
Compress-34;"[COMPRESS-321] Exception in X7875_NewUnix.parseFromLocalFileData when parsing 0-sized ""ux"" local entry - ASF JIRA";3812;4;5;5;5;ArrayIndexOutOfBoundsException due to incorrect handling of 0-sized 'ux' extra field in ZIP archive;4;[];FALSE;4;FALSE;3;"[""ZIP parsing"", ""archive handling"", ""exception handling"", ""data validation""]"
Closure-139;Issue Report;20;0;0;0;0;unknown;0;"[""missing steps"", ""vague inputs"", ""unclear error messages"", ""missing context"", ""unclear reproduction"", ""missing environment info""]";FALSE;0;FALSE;5;[]
Closure-47;Issue Report;20;0;0;0;0;unknown;0;"[""missing steps"", ""vague inputs"", ""unclear error messages"", ""missing context"", ""unclear reproduction"", ""missing environment info""]";TRUE;0;FALSE;5;[]
Closure-51;Issue Report;20;0;0;0;0;unknown;0;"[""missing steps"", ""vague inputs"", ""unclear error messages"", ""missing context"", ""unclear reproduction"", ""missing environment info""]";FALSE;0;FALSE;5;[]
Compress-22;[COMPRESS-253] BZip2CompressorInputStream reads fewer bytes from truncated file than CPython's bz2 implementation - ASF JIRA;1465;4;4;4;5;Incorrect end-of-stream handling in BZip2CompressorInputStream;3;[];FALSE;4;FALSE;3;"[""compression"", ""input stream"", ""bz2""]"
Jsoup-29;Issue Report;1541;4;4;4;5;Incorrect HTML parsing and title extraction;3;[];FALSE;4;FALSE;2;"[""HTML parsing"", ""String manipulation"", ""Data extraction""]"
JacksonCore-8;Issue Report;1005;4;4;4;5;State management issue within TextBuffer class;3;[];FALSE;4;FALSE;3;"[""Text processing"", ""Buffer management"", ""String handling""]"
Lang-38;[LANG-538] DateFormatUtils.format does not correctly change Calendar TimeZone in certain situations - ASF JIRA;2477;4;5;5;5;JDK bug related to Calendar object initialization and TimeZone handling;4;[];FALSE;4;FALSE;3;"[""date formatting"", ""time zone handling"", ""Calendar object"", ""FastDateFormat""]"
Math-95;[MATH-227] denominatorDegreeOfFreedom in FDistribution leads to IllegalArgumentsException in UnivariateRealSolverUtils.bracket - ASF JIRA;2200;5;5;5;5;division by zero;5;[];FALSE;5;FALSE;1;"[""mathematical functions"", ""numerical stability"", ""edge case handling""]"
Jsoup-91;Issue Report;1227;4;4;4;5;Infinite loop/recursion in parsing logic when encountering invalid input;3;[];FALSE;4;FALSE;3;"[""HTML parsing"", ""Input validation"", ""Error handling""]"
Mockito-32;Code;20;0;0;0;0;unknown;0;"[""missing steps"", ""vague inputs"", ""unclear error messages"", ""missing context"", ""unclear reproduction"", ""missing environment info""]";TRUE;0;FALSE;5;[]
JacksonDatabind-48;Issue Report;2820;5;5;5;5;Configuration issue in BasicClassIntrospector not respecting MapperFeature flags.;5;[];FALSE;5;FALSE;3;"[""JSON parsing"", ""introspection"", ""configuration""]"
Time-4;Issue Report;1374;4;4;4;5;Validation error in Partial construction logic;4;[];FALSE;4;FALSE;3;"[""DateTimeFieldType"", ""Partial"", ""constructor"", ""validation""]"
Lang-43;[LANG-477] ExtendedMessageFormat: OutOfMemory with custom format registry and a pattern containing single quotes - ASF JIRA;2228;5;5;5;5;Infinite loop due to incorrect handling of single quotes in pattern parsing;5;[];FALSE;5;FALSE;1;"[""text formatting"", ""pattern parsing"", ""string manipulation""]"
Closure-92;Issue Report;20;0;0;0;0;unknown;0;"[""missing steps"", ""vague inputs"", ""unclear error messages"", ""missing context"", ""unclear reproduction"", ""missing environment info""]";FALSE;0;FALSE;5;[]
JacksonCore-12;Issue Report;2007;4;5;5;5;Incorrect state management of token location during JSON parsing.;4;[];FALSE;5;FALSE;4;"[""JSON parsing"", ""Token location tracking""]"
Math-100;[MATH-200] AbstractEstimator: getCovariances() and guessParametersErrors() crash when having bound parameters - ASF JIRA;1780;5;5;5;5;ArrayOutOfBoundsException due to incorrect array size calculation;4;[];FALSE;5;FALSE;1;"[""linear algebra"", ""matrix operations"", ""parameter estimation""]"
Closure-103;Issue Report;20;0;0;0;0;unknown;0;"[""missing steps"", ""vague inputs"", ""unclear error messages"", ""missing context"", ""unclear reproduction"", ""missing environment info""]";FALSE;0;FALSE;5;[]
JacksonDatabind-33;Issue Report;1902;4;5;4;5;Incorrect handling of @JsonUnwrapped annotation for private fields without explicit @JsonProperty annotation.;4;[];FALSE;5;FALSE;2;"[""JSON parsing"", ""Serialization"", ""Annotations""]"
Math-56;[MATH-552] MultidimensionalCounter.getCounts(int) returns wrong array of indices - ASF JIRA;1346;5;5;5;5;Incorrect index calculation in getCounts() method;4;[];FALSE;4;FALSE;1;"[""array indexing"", ""multidimensional array handling"", ""looping""]"
Codec-12;[CODEC-130] Base64InputStream.skip skips underlying stream, not output - ASF JIRA;1860;5;5;5;5;Incorrect skip implementation in Base64InputStream;4;[];FALSE;5;FALSE;1;"[""Base64 decoding"", ""InputStream"", ""skip operation""]"
Lang-14;[LANG-786] StringUtils equals() relies on undefined behavior - ASF JIRA;2149;5;5;5;5;Type mismatch and incorrect assumption about CharSequence#equals(Object) contract;4;[];FALSE;5;FALSE;2;"[""String comparison"", ""CharSequence"", ""API usage""]"
Jsoup-52;Issue Report;857;4;5;4;5;Charset detection failure;3;[];FALSE;4;FALSE;3;"[""Charset encoding"", ""HTTP request"", ""XML parsing""]"
JacksonDatabind-64;Issue Report;624;2;3;2;3;Serialization logic not correctly handling String type with NON_DEFAULT inclusion strategy;1;"[""missing steps"", ""vague inputs"", ""missing environment info""]";TRUE;2;FALSE;3;"[""JSON parsing"", ""serialization""]"
Closure-154;Issue Report;20;0;0;0;0;unknown;0;"[""missing steps"", ""vague inputs"", ""unclear error messages"", ""missing context"", ""unclear reproduction"", ""missing environment info""]";FALSE;0;FALSE;5;[]
Closure-7;Issue Report;20;0;0;0;0;Unknown;0;"[""missing steps"", ""vague inputs"", ""unclear error messages"", ""missing context"", ""unclear reproduction"", ""missing environment info""]";TRUE;0;FALSE;5;[]
Math-40;[MATH-716] BracketingNthOrderBrentSolver exceeds maxIterationCount while updating always the same boundary - ASF JIRA;1621;4;4;4;5;Numerical instability leading to unbalanced bracketing interval update;4;[];FALSE;4;FALSE;3;"[""root finding algorithm"", ""bracketing"", ""numerical approximation""]"
Time-17;#141 Bug on withLaterOffsetAtOverlap method;1692;5;5;5;5;Logic error in the withLaterOffsetAtOverlap method implementation.;4;[];FALSE;5;FALSE;3;"[""Time zone handling"", ""Offset calculation"", ""Date and time manipulation""]"
Collections-15;[COLLECTIONS-304] SetUniqueList set method use corrupts uniqness - ASF JIRA;1927;5;5;5;5;Incorrect handling of uniqueness constraint during set operations;4;[];FALSE;5;FALSE;3;"[""Collection implementation"", ""Set interface"", ""Uniqueness constraint enforcement""]"
Jsoup-44;Issue Report;2054;5;5;5;5;Incorrect HTML parsing logic after commit e991936, specifically related to handling unexpected elements within tables.;5;[];FALSE;5;FALSE;3;"[""HTML parsing"", ""DOM manipulation"", ""table rendering""]"
Closure-142;Issue Report;20;0;0;0;0;unknown;0;"[""missing steps"", ""vague inputs"", ""unclear error messages"", ""missing context"", ""unclear reproduction"", ""missing environment info""]";FALSE;0;FALSE;5;[]
JacksonDatabind-72;Issue Report;1785;5;5;5;5;Incorrect handling of non-static inner class constructor during deserialization;5;[];FALSE;5;FALSE;3;"[""JSON parsing"", ""deserialization"", ""constructor injection"", ""inner classes""]"
Math-17;[MATH-778] Dfp Dfp.multiply(int x) does not comply with the general contract FieldElement.multiply(int n) - ASF JIRA;1257;5;5;5;5;Input validation error;3;[];FALSE;5;FALSE;1;"[""Arithmetic operations"", ""Input validation""]"
Gson-3;Issue Report;1181;4;4;4;5;type mismatch during deserialization;3;[];FALSE;4;FALSE;3;"[""JSON parsing"", ""deserialization"", ""reflection"", ""ConcurrentNavigableMap""]"
Lang-55;[LANG-315] StopWatch: suspend() acts as split(), if followed by stop() - ASF JIRA;1981;4;4;4;5;Logic error in how suspend/resume interacts with stop;3;[];FALSE;4;FALSE;3;"[""Time management"", ""State management"", ""Concurrency""]"
Cli-16;[CLI-123] the minimum and maximum constraints on a group do not take other groups into account - ASF JIRA;1536;5;5;4;5;Incorrect handling of group dependencies in CommandLine processing;4;[];FALSE;5;FALSE;2;"[""command line parsing"", ""group processing"", ""option dependencies"", ""CommandLine class""]"
Jsoup-13;Issue Report;629;3;4;3;4;Incorrect attribute prefix handling in hasAttr() or attr();2;[];FALSE;4;FALSE;2;"[""Attribute handling"", ""HTML parsing"", ""Selectors""]"
Closure-84;Issue Report;20;0;0;0;0;unknown;0;"[""missing steps"", ""vague inputs"", ""unclear error messages"", ""missing context"", ""unclear reproduction"", ""missing environment info""]";FALSE;0;FALSE;5;[]
JacksonDatabind-25;Issue Report;3143;5;5;5;5;Type mismatch between annotation-specified type and actual deserialization behavior.;5;[];FALSE;5;FALSE;3;"[""JSON parsing"", ""annotation processing"", ""data binding"", ""deserialization""]"
Closure-115;Issue Report;20;0;0;0;0;unknown;0;"[""missing steps"", ""vague inputs"", ""unclear error messages"", ""missing context"", ""unclear reproduction"", ""missing environment info""]";FALSE;0;FALSE;5;[]
Compress-18;[COMPRESS-203] Long directory names can not be stored in a tar archive because of error when writing PAX headers - ASF JIRA;3473;4;4;4;5;Buffer overflow/incorrect size calculation;4;[];FALSE;5;FALSE;3;"[""tar archive format"", ""pax headers"", ""input/output streams"", ""string handling"", ""file system""]"
Cli-17;[CLI-163] PosixParser keeps bursting tokens even if a non option character is found - ASF JIRA;1131;5;5;5;5;Logic error in token parsing within PosixParser, specifically regarding the stopAtNonOption flag.;3;[];FALSE;5;FALSE;2;"[""command line parsing"", ""option processing"", ""tokenization""]"
Jsoup-12;Issue Report;640;5;5;5;4;parsing logic error;4;[];TRUE;4;FALSE;2;"[""CSS selector parsing"", ""tokenization"", ""parser state machine""]"
Closure-85;Issue Report;20;0;0;0;0;unknown;0;"[""missing steps"", ""vague inputs"", ""unclear error messages"", ""missing context"", ""unclear reproduction"", ""missing environment info""]";FALSE;0;FALSE;5;[]
JacksonDatabind-24;Issue Report;2730;5;5;5;5;Configuration side-effect;5;[];TRUE;5;FALSE;1;"[""JSON serialization"", ""Date/Time handling"", ""Timezone configuration""]"
Closure-114;Issue Report;20;0;0;0;0;unknown;0;"[""missing steps"", ""vague inputs"", ""unclear error messages"", ""missing context"", ""unclear reproduction"", ""missing environment info""]";FALSE;0;FALSE;5;[]
Compress-19;[COMPRESS-228] ZipException on reading valid zip64 file - ASF JIRA;1628;4;4;4;5;Incorrect handling of zip64 extended information extra field length;3;[];FALSE;3;FALSE;3;"[""Zip file parsing"", ""zip64 handling"", ""data structure validation""]"
Math-16;[MATH-905] FastMath.[cosh, sinh] do not support the same range of values as the Math counterparts - ASF JIRA;1724;5;5;5;5;Floating point overflow due to naive exponential calculation;4;[];FALSE;5;FALSE;2;"[""mathematical functions"", ""floating point arithmetic"", ""numerical stability""]"
Gson-2;Fix type hierarchy adapters to do a runtime check. #719;4330;4;4;3;4;Type mismatch during deserialization;3;[];FALSE;4;FALSE;3;"[""JSON parsing"", ""Type adapters"", ""Deserialization"", ""Runtime type checking""]"
Lang-54;[LANG-328] LocaleUtils.toLocale() rejects strings with only language+variant - ASF JIRA;1588;5;5;5;5;Incorrect locale parsing logic;4;[];FALSE;5;FALSE;2;"[""locale parsing"", ""string manipulation"", ""internationalization""]"
Time-16;#148 DateTimeFormatter.parseInto broken when no year in format;441;5;5;4;5;Incorrect default value application;4;[];TRUE;5;FALSE;2;"[""Date and time parsing"", ""Default value handling"", ""State modification""]"
Collections-14;[COLLECTIONS-294] Fix case-insensitive string handling - ASF JIRA;1251;5;1;4;1;locale-dependent string conversion;4;"[""missing context"", ""unclear reproduction"", ""vague inputs"", ""missing environment info""]";FALSE;1;FALSE;1;"[""string manipulation"", ""hash map implementation"", ""internationalization""]"
Cli-40;[CLI-282] TypeHandler should throw ParseException for an unsupported class - ASF JIRA;1177;5;5;5;5;logic error;4;[];TRUE;5;FALSE;0;"[""type handling"", ""exception handling"", ""API contract""]"
Closure-143;Issue Report;20;0;0;0;0;unknown;0;"[""missing steps"", ""vague inputs"", ""unclear error messages"", ""missing context"", ""unclear reproduction"", ""missing environment info""]";FALSE;0;FALSE;5;[]
JacksonDatabind-73;Issue Report;1466;4;5;5;5;Jackson deserializer incorrectly attempting to deserialize a read-only property.;4;[];FALSE;5;FALSE;3;"[""JSON parsing"", ""Deserialization"", ""Annotation processing""]"
Math-41;[MATH-704] One of Variance.evaluate() methods does not work correctly - ASF JIRA;1503;5;5;5;4;Loop boundary error;5;[];TRUE;5;FALSE;1;"[""Array processing"", ""Looping/iteration"", ""Statistical calculation""]"
Jsoup-53;Issue Report;804;5;5;4;3;parsing error;4;"[""unclear expected behavior""]";TRUE;5;FALSE;2;"[""CSS selector parsing"", ""string parsing"", ""input validation"", ""exception handling""]"
Closure-155;Issue Report;20;0;0;0;0;Unknown;0;"[""missing steps"", ""vague inputs"", ""unclear error messages"", ""missing context"", ""unclear reproduction"", ""missing environment info""]";FALSE;0;FALSE;5;[]
Closure-6;Issue Report;20;0;0;0;0;unknown;0;"[""missing steps"", ""vague inputs"", ""unclear error messages"", ""missing context"", ""unclear reproduction"", ""missing environment info""]";FALSE;0;FALSE;5;[]
Math-57;[MATH-546] Truncation issue in KMeansPlusPlusClusterer - ASF JIRA;1512;5;5;5;4;type mismatch;5;[];FALSE;5;FALSE;0;"[""numerical computation"", ""algorithm implementation"", ""data clustering""]"
Codec-13;[CODEC-184] NullPointerException in DoubleMetaPhone.isDoubleMetaphoneEqual when using empty strings - ASF JIRA;1313;5;5;5;4;null pointer;5;[];FALSE;3;FALSE;1;"[""string manipulation"", ""edge case handling"", ""null safety""]"
Lang-15;[LANG-775] TypeUtils.getTypeArguments() misses type arguments for partially-assigned classes - ASF JIRA;1771;5;5;5;5;logic error in generic type variable resolution;5;[];FALSE;5;FALSE;2;"[""Java reflection"", ""Java generics"", ""type variable resolution"", ""class hierarchy traversal""]"
JacksonCore-13;Fix UTF8JsonGenerator to allow QUOTE_FIELD_NAMES to be toggled. #246;3698;5;2;3;0;Configuration issue;5;"[""missing steps"", ""missing context"", ""unclear reproduction"", ""missing environment info""]";FALSE;0;FALSE;0;"[""JSON serialization"", ""configuration"", ""feature flags"", ""output stream generation""]"
Math-101;[MATH-198] java.lang.StringIndexOutOfBoundsException in ComplexFormat.parse(String source, ParsePosition pos) - ASF JIRA;1958;5;5;5;4;insufficient boundary check;5;"[""unclear reproduction""]";TRUE;5;FALSE;0;"[""string parsing"", ""string manipulation"", ""boundary checks""]"
Closure-102;Issue Report;20;0;0;0;0;unknown;0;"[""missing steps"", ""vague inputs"", ""unclear error messages"", ""missing context"", ""unclear reproduction"", ""missing environment info""]";FALSE;0;FALSE;5;[]
JacksonDatabind-32;Issue Report;1939;5;5;5;5;logic error;5;[];FALSE;4;FALSE;2;"[""JSON parsing"", ""deserialization"", ""type handling"", ""object mapping""]"
Time-5;Issue Report;1792;5;5;5;4;invalid assumption;5;"[""missing environment info""]";TRUE;4;FALSE;3;"[""date/time manipulation"", ""period normalization"", ""API contract handling""]"
Lang-42;[LANG-480] StringEscapeUtils.escapeHtml incorrectly converts unicode characters above U+00FFFF into 2 characters - ASF JIRA;1749;5;5;5;5;surrogate pair handling error;5;[];TRUE;5;FALSE;1;"[""string escaping"", ""Unicode handling"", ""surrogate pair processing""]"
Jsoup-90;Issue Report;1938;5;4;5;2;Incorrect bounds check;5;"[""missing environment info""]";TRUE;0;FALSE;1;"[""HTTP header parsing"", ""character encoding detection"", ""network response handling""]"
Mockito-33;Code;20;0;0;0;0;undeterminable;0;"[""missing steps"", ""vague inputs"", ""unclear error messages"", ""missing context"", ""unclear reproduction"", ""missing environment info""]";FALSE;0;FALSE;5;[]
JacksonDatabind-49;Issue Report;2215;5;5;5;4;logic error in object identity generation;5;[];FALSE;5;FALSE;2;"[""object serialization"", ""JSON generation"", ""object identity management"", ""forward reference handling""]"
JacksonCore-9;Issue Report;1033;5;5;5;5;implementation omission;5;[];FALSE;5;FALSE;1;"[""JSON parsing"", ""API design"", ""token handling""]"
Lang-39;[LANG-552] StringUtils replaceEach - Bug or Missing Documentation  - ASF JIRA;2019;5;5;5;4;null pointer;5;[];FALSE;4;FALSE;1;"[""string manipulation"", ""array processing"", ""null-safety""]"
Math-94;[MATH-238] MathUtils.gcd(u, v) fails when u and v both contain a high power of 2 - ASF JIRA;1306;5;5;5;5;integer overflow;5;[];FALSE;5;FALSE;0;"[""arithmetic operations"", ""integer overflow""]"
Closure-50;Issue Report;20;0;0;0;0;unknown;0;"[""missing description"", ""missing steps"", ""vague inputs"", ""unclear error messages"", ""missing context"", ""unclear reproduction"", ""missing environment info""]";FALSE;0;FALSE;5;[]
Compress-23;[COMPRESS-256] 7z: 16 MB dictionary is too big - ASF JIRA;2354;5;5;5;4;unsupported feature;5;[];FALSE;4;FALSE;3;"[""file parsing"", ""decompression"", ""memory management"", ""dependency integration""]"
Jsoup-28;Issue Report;2011;5;5;5;5;overly aggressive HTML entity unescaping;5;[];FALSE;5;FALSE;2;"[""HTML parsing"", ""HTML entity unescaping"", ""text node processing""]"
Compress-35;[COMPRESS-335] TAR checksum fails when checksum is right aligned - ASF JIRA;1316;5;5;5;5;parsing error;5;[];TRUE;5;FALSE;1;"[""file parsing"", ""binary data manipulation"", ""checksum calculation"", ""string parsing""]"
Closure-138;Issue Report;20;0;0;0;0;unknown;0;"[""missing steps"", ""vague inputs"", ""unclear error messages"", ""missing context"", ""unclear reproduction"", ""missing environment info""]";FALSE;0;FALSE;5;[]
Closure-46;Issue Report;20;0;0;0;0;unknown;0;"[""missing steps"", ""vague inputs"", ""unclear error messages"", ""missing context"", ""unclear reproduction"", ""missing environment info""]";FALSE;0;FALSE;5;[]
Codec-6;[CODEC-101] Base64InputStream#read(byte[]) incorrectly returns 0 at end of any stream which is multiple of 3 bytes long - ASF JIRA;1376;5;5;5;4;incorrect end-of-stream handling;5;[];FALSE;5;FALSE;2;"[""stream processing"", ""I/O handling"", ""Base64 decoding"", ""API contract implementation"", ""edge case handling""]"
Closure-11;Issue Report;20;0;0;0;0;unknown;0;"[""missing steps"", ""vague inputs"", ""unclear error messages"", ""missing context"", ""unclear reproduction"", ""missing environment info""]";FALSE;0;FALSE;5;[]
JxPath-6;[JXPATH-94] equality test for multi-valued variables does not conform to spec - ASF JIRA;1107;5;5;5;5;logic error;4;[];TRUE;5;FALSE;1;"[""expression evaluation"", ""operator implementation"", ""variable handling"", ""type checking""]"
Mockito-25;Code;20;0;0;0;0;unknown;0;"[""missing steps"", ""vague inputs"", ""unclear error messages"", ""missing context"", ""unclear reproduction"", ""missing environment info""]";FALSE;0;FALSE;5;[]
Jsoup-86;Issue Report;926;5;5;5;3;parsing state error;3;"[""unclear error messages""]";TRUE;1;FALSE;3;"[""XML parsing"", ""buffer management"", ""state machine logic""]"
Jsoup-69;Issue Report;1287;5;5;4;5;stale data cache;5;"[""vague inputs""]";TRUE;4;FALSE;1;"[""DOM manipulation"", ""form data serialization"", ""object state management""]"
JacksonXml-5;Issue Report;1474;5;5;5;5;caching issue;5;[];FALSE;4;FALSE;2;"[""serialization"", ""annotation processing"", ""caching"", ""object mapping""]"
Math-82;[MATH-288] SimplexSolver not working as expected 2 - ASF JIRA;3033;5;5;5;5;algorithmic logic error;5;[];FALSE;3;FALSE;3;"[""simplex algorithm"", ""linear programming"", ""numerical optimization"", ""pivot selection""]"
Csv-3;[CSV-58] Unescape handling needs rethinking - ASF JIRA;1656;5;5;3;4;incorrect unescaping logic;5;"[""vague inputs"", ""missing environment info""]";TRUE;5;FALSE;2;"[""CSV parsing"", ""string unescaping"", ""character handling"", ""unicode parsing""]"
Lang-58;[LANG-300] NumberUtils.createNumber throws NumberFormatException for one digit long - ASF JIRA;1397;5;5;5;4;logic error;5;[];FALSE;5;FALSE;0;"[""string manipulation"", ""type parsing"", ""edge case handling""]"
Csv-10;[CSV-120] CSVFormat#withHeader doesn't work with CSVPrinter - ASF JIRA;1386;5;5;4;4;incomplete API implementation;4;"[""missing environment info""]";TRUE;5;FALSE;1;"[""CSV writing"", ""API implementation"", ""file I/O""]"
Closure-89;Issue Report;20;0;0;0;0;unknown;0;"[""missing steps"", ""vague inputs"", ""unclear error messages"", ""missing context"", ""unclear reproduction"", ""missing environment info""]";FALSE;0;FALSE;5;[]
Compress-15;[COMPRESS-187] ZipArchiveInputStream and ZipFile don't produce equals ZipArchiveEntry instances - ASF JIRA;1582;5;5;4;5;inconsistent parsing logic;4;"[""unclear reproduction""]";TRUE;5;FALSE;1;"[""ZIP format parsing"", ""Object equality"", ""Stream processing""]"
Closure-118;Issue Report;20;0;0;0;0;unknown;0;"[""missing steps"", ""vague inputs"", ""unclear error messages"", ""missing context"", ""unclear reproduction"", ""missing environment info""]";FALSE;0;FALSE;5;[]
Closure-66;Issue Report;20;0;0;0;0;unknown;0;"[""missing steps"", ""vague inputs"", ""unclear error messages"", ""missing context"", ""unclear reproduction"", ""missing environment info""]";FALSE;0;FALSE;5;[]
JacksonDatabind-28;Issue Report;3352;5;5;5;4;deserializer state management;5;[];FALSE;4;FALSE;2;"[""JSON deserialization"", ""bean property binding"", ""token stream parsing""]"
Jsoup-6;Issue Report;1137;5;3;5;1;parsing logic error;5;"[""missing steps"", ""missing context"", ""missing environment info""]";TRUE;0;FALSE;1;"[""HTML parsing"", ""string manipulation"", ""character entity decoding""]"
Jsoup-49;Issue Report;1798;5;5;5;5;Indexing error during collection modification;5;[];FALSE;5;FALSE;1;"[""DOM manipulation"", ""collection indexing"", ""node re-parenting""]"
Collections-18;[COLLECTIONS-426] performance problem in ListOrderedSet.retainAll() - ASF JIRA;3243;5;5;5;5;algorithmic complexity;5;[];FALSE;5;FALSE;1;"[""collection framework"", ""set operations"", ""algorithmic complexity"", ""iterator""]"
JacksonDatabind-90;Issue Report;2905;5;5;5;5;logic error;5;[];FALSE;5;FALSE;2;"[""deserialization"", ""object instantiation"", ""type mapping"", ""reflection""]"
Closure-31;Issue Report;20;0;0;0;0;unknown;0;"[""missing steps"", ""vague inputs"", ""unclear error messages"", ""missing context"", ""unclear reproduction"", ""missing environment info""]";FALSE;0;FALSE;5;[]
Compress-42;[COMPRESS-379] isUnixSymlink returns true for Zip entries with Unix permissions 177777 - ASF JIRA;3031;5;5;5;5;Incorrect bitmask check;5;[];FALSE;5;FALSE;0;"[""file attribute handling"", ""bitwise operations"", ""archive file parsing"", ""unix permissions""]"
Math-1;[MATH-996] Fraction specified with maxDenominator and a value very close to a simple fraction should not throw an overflow exception - ASF JIRA;1238;5;5;5;4;integer overflow;4;[];TRUE;3;FALSE;2;"[""numerical algorithms"", ""floating-point arithmetic"", ""continued fractions"", ""integer overflow handling""]"
Lang-7;"[LANG-822] NumberUtils#createNumber - bad behaviour for leading ""--"" - ASF JIRA";1433;5;5;5;5;incorrect API contract implementation;5;[];TRUE;5;FALSE;1;"[""Number parsing"", ""Exception handling"", ""API contract implementation""]"
Lang-19;"[LANG-710] StringIndexOutOfBoundsException when calling unescapeHtml4("""") - ASF JIRA";1825;5;5;5;4;boundary check error;5;[];FALSE;4;TRUE;0;"[""string parsing"", ""HTML entity decoding""]"
JacksonDatabind-86;Issue Report;1013;5;5;5;5;type resolution caching issue;5;[];FALSE;4;FALSE;4;"[""object serialization"", ""type introspection"", ""generic type resolution"", ""property discovery"", ""caching""]"
Mockito-13;Code;20;0;0;0;0;insufficient information;0;"[""missing steps"", ""vague inputs"", ""unclear error messages"", ""missing context"", ""unclear reproduction"", ""missing environment info""]";FALSE;0;FALSE;5;[]
Closure-159;Issue Report;20;0;0;0;0;;0;"[""missing steps"", ""vague inputs"", ""unclear error messages"", ""missing context"", ""unclear reproduction"", ""missing environment info""]";FALSE;0;FALSE;5;[]
JacksonDatabind-69;Issue Report;6090;5;5;5;4;constructor resolution error;5;[];FALSE;5;FALSE;2;"[""JSON deserialization"", ""constructor resolution"", ""annotation processing"", ""reflection""]"
Closure-27;Issue Report;20;0;0;0;0;unknown;0;"[""missing steps"", ""vague inputs"", ""unclear error messages"", ""missing context"", ""unclear reproduction"", ""missing environment info""]";FALSE;0;FALSE;5;[]
Time-9;Issue Report;529;5;5;4;5;Missing validation logic;4;"[""missing steps""]";TRUE;5;FALSE;1;"[""date/time handling"", ""validation logic"", ""parsing""]"
JacksonDatabind-2;Issue Report;2185;5;5;4;4;deferred serialization;5;"[""missing environment info""]";TRUE;5;FALSE;3;"[""JSON serialization"", ""object mapping"", ""data binding"", ""token buffer""]"
Closure-70;Issue Report;20;0;0;0;0;Unknown;0;"[""missing steps"", ""vague inputs"", ""unclear error messages"", ""missing context"", ""unclear reproduction"", ""missing environment info""]";FALSE;0;FALSE;5;[]
Math-98;[MATH-209] RealMatrixImpl#operate gets result vector dimensions wrong - ASF JIRA;1759;5;5;5;5;incorrect array dimensioning;5;[];FALSE;5;FALSE;0;"[""matrix-vector multiplication"", ""array initialization"", ""linear algebra operations""]"
Lang-35;[LANG-571] ArrayUtils.add(T[] array, T element) can create unexpected ClassCastException - ASF JIRA;1589;5;5;5;5;type inference error;4;[];TRUE;5;FALSE;0;"[""generic type handling"", ""array creation"", ""null-safety"", ""edge case handling""]"
JacksonCore-5;Issue Report;1424;5;4;5;4;logic error;5;[];TRUE;4;FALSE;1;"[""JSON parsing"", ""string parsing"", ""type detection""]"
Math-77;[MATH-326] getLInfNorm() uses wrong formula in both ArrayRealVector and OpenMapRealVector (in different ways) - ASF JIRA;2210;5;5;5;5;Incorrect algorithm implementation;5;[];TRUE;5;FALSE;0;"[""vector norm calculation"", ""linear algebra"", ""numerical methods"", ""object-oriented inheritance""]"
JacksonDatabind-45;Fix for #1154 #1155;7824;5;5;5;4;incorrect conditional logic;5;[];FALSE;5;FALSE;1;"[""JSON serialization"", ""annotation processing"", ""date/time formatting"", ""configuration handling""]"
Closure-175;Issue Report;20;0;0;0;0;unknown due to lack of information;0;"[""missing steps"", ""vague inputs"", ""unclear error messages"", ""missing context"", ""unclear reproduction"", ""missing environment info""]";FALSE;0;FALSE;5;[]
Jsoup-73;Issue Report;860;5;5;5;4;State management error;5;[];TRUE;3;FALSE;3;"[""DOM parsing"", ""XML/HTML parsing"", ""namespace handling"", ""state management"", ""tree construction""]"
Collections-22;[COLLECTIONS-474] Exception in ListOrderedMap#putAll if map contains null values - ASF JIRA;1863;5;5;5;4;logic error;5;[];FALSE;4;FALSE;1;"[""data structure implementation"", ""list indexing"", ""map operations""]"
Time-20;#126 Errors creating/parsing dates with specific time zones.;2645;5;5;5;5;Time zone alias resolution;5;[];TRUE;4;FALSE;3;"[""Date and time parsing"", ""Date and time formatting"", ""Time zone handling"", ""Canonicalization""]"
Chart-1;#983 Potential NPE in AbstractCategoryItemRender.getLegendItems();773;5;5;5;4;logic error;5;[];TRUE;5;FALSE;0;"[""legend generation"", ""data handling"", ""control flow""]"
Lang-62;"[LANG-292] unescapeXml(""&12345678;"") should be ""&12345678;"" - ASF JIRA";1519;5;5;5;4;Improper bounds checking;5;[];TRUE;5;FALSE;1;"[""string parsing"", ""character encoding"", ""XML/HTML entity handling""]"
JacksonDatabind-101;Issue Report;1298;5;5;5;5;Deserialization state management error, where the buffer for unwrapped properties is incorrectly handled or discarded after the creator for the parent object is invoked.;5;[];TRUE;4;FALSE;2;"[""JSON deserialization"", ""object mapping"", ""property-based object creation"", ""annotation processing""]"
Math-20;[MATH-864] CMAESOptimizer does not enforce bounds - ASF JIRA;1562;5;5;5;4;Faulty conditional logic for bounds checking;5;[];TRUE;5;FALSE;2;"[""optimization algorithm implementation"", ""boundary checks"", ""constraint handling""]"
Gson-10;Issue Report;3646;5;5;5;5;logic error in type adapter wrapping;5;[];TRUE;5;FALSE;2;"[""JSON serialization"", ""reflection"", ""custom type adapters"", ""annotation processing""]"
Cli-7;[CLI-121] Tests fail under 1.6 + error at end that may or may not be related - ASF JIRA;2063;5;4;5;5;logic error;5;"[""missing context""]";TRUE;1;FALSE;2;"[""command-line parsing"", ""argument validation"", ""help/usage message generation""]"
Closure-122;Issue Report;20;0;0;0;0;unknown;0;"[""missing steps"", ""vague inputs"", ""unclear error messages"", ""missing context"", ""unclear reproduction"", ""missing environment info""]";FALSE;0;FALSE;5;[]
JacksonDatabind-12;Issue Report;3023;5;5;5;5;Deserializer caching issue;5;[];FALSE;4;FALSE;2;"[""JSON parsing"", ""Deserialization"", ""Annotation processing"", ""Type resolution"", ""Caching""]"
Jsoup-24;Issue Report;886;5;5;5;5;Parsing error in script tag content;4;"[""missing context""]";FALSE;4;FALSE;3;"[""HTML parsing"", ""script tag processing"", ""string literal handling"", ""lexical analysis""]"
Cli-21;[CLI-150] Negative numbers mistaken for options - ASF JIRA;1593;5;5;5;4;parsing logic error;5;[];FALSE;4;FALSE;1;"[""command-line argument parsing"", ""tokenization"", ""state machine logic""]"
Math-36;[MATH-744] BigFraction.doubleValue() returns Double.NaN for large numerators or denominators - ASF JIRA;1387;5;5;4;5;intermediate numeric overflow;5;[];TRUE;5;FALSE;1;"[""numerical computation"", ""data type conversion"", ""arbitrary-precision arithmetic"", ""floating-point arithmetic""]"
Closure-134;Issue Report;20;0;0;0;0;unknown;0;"[""missing steps"", ""vague inputs"", ""unclear error messages"", ""missing context"", ""unclear reproduction"", ""missing environment info""]";FALSE;0;FALSE;5;[]
Compress-39;[COMPRESS-351] Defective .zip-archive produces problematic error message - ASF JIRA;1181;5;5;5;4;improper error message formatting;4;[];TRUE;5;FALSE;1;"[""error handling"", ""exception creation"", ""zip file parsing"", ""stream processing""]"
Cli-37;[CLI-265] Optional argument picking up next regular option as its argument - ASF JIRA;989;5;5;5;5;parser design choice;4;[];FALSE;4;FALSE;3;"[""command-line parsing"", ""option handling"", ""argument tokenization""]"
Jsoup-32;Issue Report;759;4;4;3;5;Incorrect object cloning leading to shared state;3;[];FALSE;5;FALSE;3;"[""object cloning"", ""state management"", ""DOM manipulation""]"
JacksonCore-25;Fix ArrayIndexOutofBoundsException found by LGTM.com #510;5935;5;5;5;3;off-by-one error;5;[];TRUE;5;FALSE;1;"[""JSON parsing"", ""input stream handling"", ""character handling""]"
Lang-23;[LANG-636] text.ExtendedMessageFormat doesn't override java.text.MessageFormat.equals(Object) - ASF JIRA;1604;5;5;5;5;Missing equals() override in subclass;4;[];FALSE;5;FALSE;1;"[""Object equality"", ""Inheritance"", ""Message formatting""]"
Math-61;"[MATH-349] Dangerous code in ""PoissonDistributionImpl"" - ASF JIRA";1777;4;4;3;2;Design flaw - calling overridable methods in constructor, mutable state;3;[];FALSE;4;FALSE;3;"[""object initialization"", ""inheritance"", ""state management""]"
Collections-1;[COLLECTIONS-217] Flat3Map.Entry.setValue() overwrites other Entry values - ASF JIRA;1851;5;5;5;5;Fallthrough in switch statement;5;[];FALSE;5;FALSE;0;"[""Map implementation"", ""Data structures""]"
Mockito-6;Issue Report;1064;4;5;4;5;Type mismatch in argument matching logic;4;[];FALSE;5;FALSE;3;"[""Mockito argument matching"", ""Type checking"", ""Mocking framework""]"
JxPath-10;[JXPATH-93] Binary operators behaviour involving node-sets is incorrect - ASF JIRA;2416;5;5;5;5;logic error;5;[];FALSE;5;FALSE;2;"[""XPath evaluation"", ""binary operator implementation"", ""type conversion"", ""comparison logic""]"
Mockito-29;Code;20;0;0;0;0;unknown;0;"[""missing steps"", ""vague inputs"", ""unclear error messages"", ""missing context"", ""unclear reproduction"", ""missing environment info""]";FALSE;0;FALSE;5;[]
Closure-163;Issue Report;20;0;0;0;0;Impossible to determine;0;"[""missing steps"", ""vague inputs"", ""unclear error messages"", ""missing context"", ""unclear reproduction"", ""missing environment info""]";FALSE;0;FALSE;5;[]
JacksonDatabind-53;Issue Report;1696;5;5;4;5;type resolution error;5;"[""missing context""]";TRUE;5;FALSE;3;"[""JSON deserialization"", ""type resolution"", ""generics handling"", ""annotation processing""]"
Jsoup-65;Issue Report;1681;5;5;4;5;incorrect parser state transition;5;"[""missing environment info""]";TRUE;5;FALSE;3;"[""HTML parsing"", ""parser state machine"", ""DOM tree construction""]"