target,feature,corr,pval,n,missingness_pct,pval_adj,reject,practically_significant
Δ(FFL−BNS),summary_chars,-0.16075835954287795,3.030065092914455e-06,835,0.0,0.003648198371869004,True,False
Δ(FFL−BNS),description_chars,0.048406787650597895,0.16226201670345075,835,0.0,1.0,False,False
Δ(FFL−BNS),n_tokens,0.018968191524057168,0.5841451920127427,835,0.0,1.0,False,False
Δ(FFL−BNS),n_words,-0.027282828919221184,0.43108275988263667,835,0.0,1.0,False,False
Δ(FFL−BNS),n_sentences,0.037419679055799994,0.2801193732638707,835,0.0,1.0,False,False
Δ(FFL−BNS),flesch_reading_ease,-0.20535633989899013,2.1099801307536994e-09,835,0.0,2.5952755608270504e-06,True,True
Δ(FFL−BNS),smog_index,0.011982133774668837,0.7295427351919865,835,0.0,1.0,False,False
Δ(FFL−BNS),gunning_fog,-0.019714510603143495,0.5694378414928187,835,0.0,1.0,False,False
Δ(FFL−BNS),coleman_liau_index,0.22372025421840996,6.232088316122357e-11,835,0.0,7.702861158727233e-08,True,True
Δ(FFL−BNS),automated_readability_index,0.22144865644920828,9.802242227549094e-11,835,0.0,1.2095966908795583e-07,True,True
Δ(FFL−BNS),has_stacktrace,0.03388618816384933,0.3280734687604808,835,0.0,1.0,False,False
Δ(FFL−BNS),has_code,-0.018127509666026425,0.6009203620898242,835,0.0,1.0,False,False
Δ(FFL−BNS),has_patch,0.01481693812246412,0.6689876947239232,835,0.0,1.0,False,False
Δ(FFL−BNS),has_enumeration,-0.032776153971483,0.3441755648699013,835,0.0,1.0,False,False
Δ(FFL−BNS),num_causal_markers,-0.013378197980695465,0.6994822464642865,835,0.0,1.0,False,False
Δ(FFL−BNS),num_temporal_markers,-0.04125452474876314,0.23372149554258037,835,0.0,1.0,False,False
Δ(FFL−BNS),causal_density,-0.03030183830440041,0.3818448545775255,835,0.0,1.0,False,False
Δ(FFL−BNS),temporal_density,-0.044151778882503254,0.20247341462742371,835,0.0,1.0,False,False
Δ(FFL−BNS),num_os_mentions,-0.0454798057302119,0.18921266932769956,835,0.0,1.0,False,False
Δ(FFL−BNS),num_browser_mentions,0.05010933350175973,0.14797607316041209,835,0.0,1.0,False,False
Δ(FFL−BNS),num_env_mentions,0.07033939227782078,0.04215109103073451,835,0.0,1.0,False,False
Δ(FFL−BNS),num_versions,-0.02535395848012782,0.46437771942537165,835,0.0,1.0,False,False
Δ(FFL−BNS),has_os_info,-0.046333712833501274,0.18103055895777068,835,0.0,1.0,False,False
Δ(FFL−BNS),has_version_info,-0.06772606565179998,0.05042369138591244,835,0.0,1.0,False,False
Δ(FFL−BNS),num_exception_types,0.05083337228967132,0.14219980430034024,835,0.0,1.0,False,False
Δ(FFL−BNS),stacktrace_depth,0.11853577457525288,0.0005986410475712949,835,0.0,0.6836480763264188,False,False
Δ(FFL−BNS),num_caused_by,0.0644179383216823,0.06280229791557042,835,0.0,1.0,False,False
Δ(FFL−BNS),behavior_verb_count,,,835,0.0,,False,False
Δ(FFL−BNS),behavior_verb_density,,,835,0.0,,False,False
Δ(FFL−BNS),num_modal_verbs,-0.00200298105372913,0.9539141290408921,835,0.0,1.0,False,False
Δ(FFL−BNS),num_negative_modals,-0.03536141607611469,0.30744165854488553,835,0.0,1.0,False,False
Δ(FFL−BNS),modal_density,-0.02674056996801797,0.44030056539742446,835,0.0,1.0,False,False
Δ(FFL−BNS),redundancy,0.04469818541092848,0.19693777233291662,835,0.0,1.0,False,False
Δ(FFL−BNS),ambiguity,-0.03998586105146046,0.24842769141510837,835,0.0,1.0,False,False
Δ(FFL−BNS),actionability,-0.12148906013634281,0.0004342007882198516,835,0.0,0.49846250487638966,False,False
Δ(FFL−BNS),clarity,-0.1291405486558864,0.00018272054390698004,835,0.0,0.21085950766865497,False,False
Δ(FFL−BNS),specificity,-0.08323951586959892,0.016133003687380035,835,0.0,1.0,False,False
Δ(FFL−BNS),expected_observed_alignment,-0.09896180777729675,0.004204700670286405,835,0.0,1.0,False,False
Δ(FFL−BNS),technical_depth,-0.0802439490747518,0.020393654185863808,835,0.0,1.0,False,False
Δ(FFL−BNS),hidden_s2r_present,0.0031273758119337606,0.9281007570095432,835,0.0,1.0,False,False
Δ(FFL−BNS),causal_reasoning_quality,-0.1605098100293198,3.1397755947282008e-06,835,0.0,0.003767730713673841,True,False
Δ(FFL−BNS),contradiction_present,0.03991157226521048,0.24930842863781622,835,0.0,1.0,False,False
Δ(FFL−BNS),repair_difficulty,0.1650094826427811,1.6354510229299258e-06,835,0.0,0.0019887084438827895,True,False
Δ(FFL−BNS),description_length,-0.0921541226084143,0.0077079486969512554,835,0.0,1.0,False,False
Δ(FFL−BNS),confidence,-0.14175141898929658,3.943947909579841e-05,835,0.0,0.046380827416658936,True,False
Δ(FFL−BNS),fine_grained_description_length,-0.09350125333934126,0.006856720137677969,835,0.0,1.0,False,False
Δ(FFL−BNS),fine_grained_confidence,-0.10719090317965214,0.0019239456393442703,835,0.0,1.0,False,False
Δ(FFL−BNS),has_OB,0.004002983300439765,0.9080497280503621,835,0.0,1.0,False,False
Δ(FFL−BNS),has_EB,-0.0384575248196786,0.26698668688503874,835,0.0,1.0,False,False
Δ(FFL−BNS),has_S2R,,,835,0.0,,False,False
Δ(FFL−BNS),missing_OB,-0.004002983300439765,0.9080497280503621,835,0.0,1.0,False,False
Δ(FFL−BNS),missing_EB,0.0384575248196786,0.26698668688503874,835,0.0,1.0,False,False
Δ(FFL−BNS),missing_S2R,,,835,0.0,,False,False
Δ(FFL−BNS),num_OB,-0.0037455212750703753,0.913940007293661,835,0.0,1.0,False,False
Δ(FFL−BNS),num_EB,-0.03782527238131002,0.27493584639795654,835,0.0,1.0,False,False
Δ(FFL−BNS),num_S2R,,,835,0.0,,False,False
Δ(FFL−BNS),cat_is_missing,,,835,0.0,,False,False
Δ(FFL−BNS),fg_cat_is_missing,-0.0035078630839556956,0.9193814081627426,835,0.0,1.0,False,False
Δ(FFL−BNS),txt_title_char_len,-0.16027037561936266,3.249052464350119e-06,835,0.0,0.0038923648522914424,True,False
Δ(FFL−BNS),txt_title_word_count,-0.16174668385954208,2.629053665105823e-06,835,0.0,0.003181154934778046,True,False
Δ(FFL−BNS),txt_title_line_count,,,835,0.0,,False,False
Δ(FFL−BNS),txt_title_avg_word_len,-0.14401587808401278,2.9525576326383606e-05,835,0.0,0.03495828237043819,True,False
Δ(FFL−BNS),txt_title_avg_words_per_line,-0.16174668385954208,2.629053665105823e-06,835,0.0,0.003181154934778046,True,False
Δ(FFL−BNS),txt_title_avg_sentence_len,-0.17347906734936816,4.566268031758638e-07,835,0.0,0.0005589112070872573,True,False
Δ(FFL−BNS),txt_title_hedge_count,-0.04963316258985374,0.15187133468787256,835,0.0,1.0,False,False
Δ(FFL−BNS),txt_title_hedge_density,-0.05011129720136513,0.14796016861718972,835,0.0,1.0,False,False
Δ(FFL−BNS),txt_title_has_code_like,-5.9106308443700695e-05,0.9986392891511224,835,0.0,1.0,False,False
Δ(FFL−BNS),txt_title_question_density,0.00042988049590377307,0.9901037912536327,835,0.0,1.0,False,False
Δ(FFL−BNS),txt_title_exclaim_density,,,835,0.0,,False,False
Δ(FFL−BNS),txt_title_digit_density,-0.205041942970126,2.2349880926122475e-09,835,0.0,2.7445653777278398e-06,True,True
Δ(FFL−BNS),txt_title_uniq_word_ratio,0.04313355525977817,0.21308934430045273,835,0.0,1.0,False,False
Δ(FFL−BNS),txt_title_is_missing,,,835,0.0,,False,False
Δ(FFL−BNS),txt_reasoning_char_len,-0.03261704111480919,0.3465242333442954,835,0.0,1.0,False,False
Δ(FFL−BNS),txt_reasoning_word_count,-0.009860324231533367,0.7760213897247779,835,0.0,1.0,False,False
Δ(FFL−BNS),txt_reasoning_line_count,,,835,0.0,,False,False
Δ(FFL−BNS),txt_reasoning_avg_word_len,-0.053865975698967866,0.11986784869458551,835,0.0,1.0,False,False
Δ(FFL−BNS),txt_reasoning_avg_words_per_line,-0.009860324231533367,0.7760213897247779,835,0.0,1.0,False,False
Δ(FFL−BNS),txt_reasoning_avg_sentence_len,-0.007791534210576245,0.8221246262715964,835,0.0,1.0,False,False
Δ(FFL−BNS),txt_reasoning_hedge_count,0.09682827313199555,0.005104305591578522,835,0.0,1.0,False,False
Δ(FFL−BNS),txt_reasoning_hedge_density,0.0970546657285698,0.0050012238821894135,835,0.0,1.0,False,False
Δ(FFL−BNS),txt_reasoning_has_code_like,0.0009455872170741404,0.9782339293295483,835,0.0,1.0,False,False
Δ(FFL−BNS),txt_reasoning_question_density,,,835,0.0,,False,False
Δ(FFL−BNS),txt_reasoning_exclaim_density,-0.008083356408143894,0.8155800713643805,835,0.0,1.0,False,False
Δ(FFL−BNS),txt_reasoning_digit_density,-0.02010057479525784,0.561899737351061,835,0.0,1.0,False,False
Δ(FFL−BNS),txt_reasoning_uniq_word_ratio,-0.039741487428707534,0.25133308128925647,835,0.0,1.0,False,False
Δ(FFL−BNS),txt_reasoning_is_missing,,,835,0.0,,False,False
Δ(FFL−BNS),txt_fine_grained_reasoning_char_len,-0.0647547699380119,0.06143693206816851,835,0.0,1.0,False,False
Δ(FFL−BNS),txt_fine_grained_reasoning_word_count,-0.07383642091712204,0.03289843463996797,835,0.0,1.0,False,False
Δ(FFL−BNS),txt_fine_grained_reasoning_line_count,0.0035078630839556956,0.9193814081627426,835,0.0,1.0,False,False
Δ(FFL−BNS),txt_fine_grained_reasoning_avg_word_len,-0.025549930539363493,0.46093110365288315,835,0.0,1.0,False,False
Δ(FFL−BNS),txt_fine_grained_reasoning_avg_words_per_line,-0.0779547091788395,0.024280461801072975,835,0.0,1.0,False,False
Δ(FFL−BNS),txt_fine_grained_reasoning_avg_sentence_len,-0.06359457088884886,0.06624553619606584,835,0.0,1.0,False,False
Δ(FFL−BNS),txt_fine_grained_reasoning_hedge_count,0.05964731522521228,0.084971283086309,835,0.0,1.0,False,False
Δ(FFL−BNS),txt_fine_grained_reasoning_hedge_density,0.06341456346641736,0.06701862761230057,835,0.0,1.0,False,False
Δ(FFL−BNS),txt_fine_grained_reasoning_has_code_like,-0.04273336547186713,0.21736963747478416,835,0.0,1.0,False,False
Δ(FFL−BNS),txt_fine_grained_reasoning_question_density,,,835,0.0,,False,False
Δ(FFL−BNS),txt_fine_grained_reasoning_exclaim_density,-0.05124270580162647,0.139011571610312,835,0.0,1.0,False,False
Δ(FFL−BNS),txt_fine_grained_reasoning_digit_density,0.049188224168842894,0.15558108328348422,835,0.0,1.0,False,False
Δ(FFL−BNS),txt_fine_grained_reasoning_uniq_word_ratio,0.008442750234355296,0.8075377791181191,835,0.0,1.0,False,False
Δ(FFL−BNS),txt_fine_grained_reasoning_is_missing,-0.0035078630839556956,0.9193814081627426,835,0.0,1.0,False,False
Δ(FFL−BNS),txt_likely_impacted_code_concepts_char_len,-0.04286902389955285,0.21591181992022068,835,0.0,1.0,False,False
Δ(FFL−BNS),txt_likely_impacted_code_concepts_word_count,-0.045404313011182036,0.1899489232787865,835,0.0,1.0,False,False
Δ(FFL−BNS),txt_likely_impacted_code_concepts_line_count,,,835,0.0,,False,False
Δ(FFL−BNS),txt_likely_impacted_code_concepts_avg_word_len,-0.007638735695943814,0.8255563297757249,835,0.0,1.0,False,False
Δ(FFL−BNS),txt_likely_impacted_code_concepts_avg_words_per_line,-0.045404313011182036,0.1899489232787865,835,0.0,1.0,False,False
Δ(FFL−BNS),txt_likely_impacted_code_concepts_avg_sentence_len,-0.042725711919817444,0.2174520944225259,835,0.0,1.0,False,False
Δ(FFL−BNS),txt_likely_impacted_code_concepts_hedge_count,,,835,0.0,,False,False
Δ(FFL−BNS),txt_likely_impacted_code_concepts_hedge_density,,,835,0.0,,False,False
Δ(FFL−BNS),txt_likely_impacted_code_concepts_has_code_like,-0.006478072673375782,0.8517278255728834,835,0.0,1.0,False,False
Δ(FFL−BNS),txt_likely_impacted_code_concepts_question_density,,,835,0.0,,False,False
Δ(FFL−BNS),txt_likely_impacted_code_concepts_exclaim_density,,,835,0.0,,False,False
Δ(FFL−BNS),txt_likely_impacted_code_concepts_digit_density,-0.016550136281315426,0.6329669005668188,835,0.0,1.0,False,False
Δ(FFL−BNS),txt_likely_impacted_code_concepts_uniq_word_ratio,0.02252981951645444,0.5156036166808842,835,0.0,1.0,False,False
Δ(FFL−BNS),txt_likely_impacted_code_concepts_is_missing,,,835,0.0,,False,False
Δ(FFL−BNS),concept_num_concepts,-0.04274668775958228,0.2172261609086911,835,0.0,1.0,False,False
Δ(FFL−BNS),concept_is_missing,0.1379420953847275,6.356048034466378e-05,835,0.0,0.07462000392463528,False,False
Δ(FFL−BNS),concept__deserialization,0.0716416640471934,0.03847645739236665,835,0.0,1.0,False,False
Δ(FFL−BNS),concept__html_parsing,0.045344132702926074,0.1905373480404156,835,0.0,1.0,False,False
Δ(FFL−BNS),concept__json_parsing,0.04652426108437868,0.1792410579303526,835,0.0,1.0,False,False
Δ(FFL−BNS),concept__reflection,0.005726984900714943,0.8687531140077316,835,0.0,1.0,False,False
Δ(FFL−BNS),concept__serialization,0.040431755228132825,0.24318700981950664,835,0.0,1.0,False,False
Δ(FFL−BNS),concept__string_manipulation,-0.03202384691656473,0.3553698983194955,835,0.0,1.0,False,False
Δ(BNS−FFL),summary_chars,0.16075835954287795,3.030065092914455e-06,835,0.0,0.003648198371869004,True,False
Δ(BNS−FFL),description_chars,-0.048406787650597895,0.16226201670345075,835,0.0,1.0,False,False
Δ(BNS−FFL),n_tokens,-0.018968191524057168,0.5841451920127427,835,0.0,1.0,False,False
Δ(BNS−FFL),n_words,0.027282828919221184,0.43108275988263667,835,0.0,1.0,False,False
Δ(BNS−FFL),n_sentences,-0.037419679055799994,0.2801193732638707,835,0.0,1.0,False,False
Δ(BNS−FFL),flesch_reading_ease,0.20535633989899013,2.1099801307536994e-09,835,0.0,2.5952755608270504e-06,True,True
Δ(BNS−FFL),smog_index,-0.011982133774668837,0.7295427351919865,835,0.0,1.0,False,False
Δ(BNS−FFL),gunning_fog,0.019714510603143495,0.5694378414928187,835,0.0,1.0,False,False
Δ(BNS−FFL),coleman_liau_index,-0.22372025421840996,6.232088316122357e-11,835,0.0,7.702861158727233e-08,True,True
Δ(BNS−FFL),automated_readability_index,-0.22144865644920828,9.802242227549094e-11,835,0.0,1.2095966908795583e-07,True,True
Δ(BNS−FFL),has_stacktrace,-0.03388618816384933,0.3280734687604808,835,0.0,1.0,False,False
Δ(BNS−FFL),has_code,0.018127509666026425,0.6009203620898242,835,0.0,1.0,False,False
Δ(BNS−FFL),has_patch,-0.01481693812246412,0.6689876947239232,835,0.0,1.0,False,False
Δ(BNS−FFL),has_enumeration,0.032776153971483,0.3441755648699013,835,0.0,1.0,False,False
Δ(BNS−FFL),num_causal_markers,0.013378197980695465,0.6994822464642865,835,0.0,1.0,False,False
Δ(BNS−FFL),num_temporal_markers,0.04125452474876314,0.23372149554258037,835,0.0,1.0,False,False
Δ(BNS−FFL),causal_density,0.03030183830440041,0.3818448545775255,835,0.0,1.0,False,False
Δ(BNS−FFL),temporal_density,0.044151778882503254,0.20247341462742371,835,0.0,1.0,False,False
Δ(BNS−FFL),num_os_mentions,0.0454798057302119,0.18921266932769956,835,0.0,1.0,False,False
Δ(BNS−FFL),num_browser_mentions,-0.05010933350175973,0.14797607316041209,835,0.0,1.0,False,False
Δ(BNS−FFL),num_env_mentions,-0.07033939227782078,0.04215109103073451,835,0.0,1.0,False,False
Δ(BNS−FFL),num_versions,0.02535395848012782,0.46437771942537165,835,0.0,1.0,False,False
Δ(BNS−FFL),has_os_info,0.046333712833501274,0.18103055895777068,835,0.0,1.0,False,False
Δ(BNS−FFL),has_version_info,0.06772606565179998,0.05042369138591244,835,0.0,1.0,False,False
Δ(BNS−FFL),num_exception_types,-0.05083337228967132,0.14219980430034024,835,0.0,1.0,False,False
Δ(BNS−FFL),stacktrace_depth,-0.11853577457525288,0.0005986410475712949,835,0.0,0.6836480763264188,False,False
Δ(BNS−FFL),num_caused_by,-0.0644179383216823,0.06280229791557042,835,0.0,1.0,False,False
Δ(BNS−FFL),behavior_verb_count,,,835,0.0,,False,False
Δ(BNS−FFL),behavior_verb_density,,,835,0.0,,False,False
Δ(BNS−FFL),num_modal_verbs,0.00200298105372913,0.9539141290408921,835,0.0,1.0,False,False
Δ(BNS−FFL),num_negative_modals,0.03536141607611469,0.30744165854488553,835,0.0,1.0,False,False
Δ(BNS−FFL),modal_density,0.02674056996801797,0.44030056539742446,835,0.0,1.0,False,False
Δ(BNS−FFL),redundancy,-0.04469818541092848,0.19693777233291662,835,0.0,1.0,False,False
Δ(BNS−FFL),ambiguity,0.03998586105146046,0.24842769141510837,835,0.0,1.0,False,False
Δ(BNS−FFL),actionability,0.12148906013634281,0.0004342007882198516,835,0.0,0.49846250487638966,False,False
Δ(BNS−FFL),clarity,0.1291405486558864,0.00018272054390698004,835,0.0,0.21085950766865497,False,False
Δ(BNS−FFL),specificity,0.08323951586959892,0.016133003687380035,835,0.0,1.0,False,False
Δ(BNS−FFL),expected_observed_alignment,0.09896180777729675,0.004204700670286405,835,0.0,1.0,False,False
Δ(BNS−FFL),technical_depth,0.0802439490747518,0.020393654185863808,835,0.0,1.0,False,False
Δ(BNS−FFL),hidden_s2r_present,-0.0031273758119337606,0.9281007570095432,835,0.0,1.0,False,False
Δ(BNS−FFL),causal_reasoning_quality,0.1605098100293198,3.1397755947282008e-06,835,0.0,0.003767730713673841,True,False
Δ(BNS−FFL),contradiction_present,-0.03991157226521048,0.24930842863781622,835,0.0,1.0,False,False
Δ(BNS−FFL),repair_difficulty,-0.1650094826427811,1.6354510229299258e-06,835,0.0,0.0019887084438827895,True,False
Δ(BNS−FFL),description_length,0.0921541226084143,0.0077079486969512554,835,0.0,1.0,False,False
Δ(BNS−FFL),confidence,0.14175141898929658,3.943947909579841e-05,835,0.0,0.046380827416658936,True,False
Δ(BNS−FFL),fine_grained_description_length,0.09350125333934126,0.006856720137677969,835,0.0,1.0,False,False
Δ(BNS−FFL),fine_grained_confidence,0.10719090317965214,0.0019239456393442703,835,0.0,1.0,False,False
Δ(BNS−FFL),has_OB,-0.004002983300439765,0.9080497280503621,835,0.0,1.0,False,False
Δ(BNS−FFL),has_EB,0.0384575248196786,0.26698668688503874,835,0.0,1.0,False,False
Δ(BNS−FFL),has_S2R,,,835,0.0,,False,False
Δ(BNS−FFL),missing_OB,0.004002983300439765,0.9080497280503621,835,0.0,1.0,False,False
Δ(BNS−FFL),missing_EB,-0.0384575248196786,0.26698668688503874,835,0.0,1.0,False,False
Δ(BNS−FFL),missing_S2R,,,835,0.0,,False,False
Δ(BNS−FFL),num_OB,0.0037455212750703753,0.913940007293661,835,0.0,1.0,False,False
Δ(BNS−FFL),num_EB,0.03782527238131002,0.27493584639795654,835,0.0,1.0,False,False
Δ(BNS−FFL),num_S2R,,,835,0.0,,False,False
Δ(BNS−FFL),cat_is_missing,,,835,0.0,,False,False
Δ(BNS−FFL),fg_cat_is_missing,0.0035078630839556956,0.9193814081627426,835,0.0,1.0,False,False
Δ(BNS−FFL),txt_title_char_len,0.16027037561936266,3.249052464350119e-06,835,0.0,0.0038923648522914424,True,False
Δ(BNS−FFL),txt_title_word_count,0.16174668385954208,2.629053665105823e-06,835,0.0,0.003181154934778046,True,False
Δ(BNS−FFL),txt_title_line_count,,,835,0.0,,False,False
Δ(BNS−FFL),txt_title_avg_word_len,0.14401587808401278,2.9525576326383606e-05,835,0.0,0.03495828237043819,True,False
Δ(BNS−FFL),txt_title_avg_words_per_line,0.16174668385954208,2.629053665105823e-06,835,0.0,0.003181154934778046,True,False
Δ(BNS−FFL),txt_title_avg_sentence_len,0.17347906734936816,4.566268031758638e-07,835,0.0,0.0005589112070872573,True,False
Δ(BNS−FFL),txt_title_hedge_count,0.04963316258985374,0.15187133468787256,835,0.0,1.0,False,False
Δ(BNS−FFL),txt_title_hedge_density,0.05011129720136513,0.14796016861718972,835,0.0,1.0,False,False
Δ(BNS−FFL),txt_title_has_code_like,5.9106308443700695e-05,0.9986392891511224,835,0.0,1.0,False,False
Δ(BNS−FFL),txt_title_question_density,-0.00042988049590377307,0.9901037912536327,835,0.0,1.0,False,False
Δ(BNS−FFL),txt_title_exclaim_density,,,835,0.0,,False,False
Δ(BNS−FFL),txt_title_digit_density,0.205041942970126,2.2349880926122475e-09,835,0.0,2.7445653777278398e-06,True,True
Δ(BNS−FFL),txt_title_uniq_word_ratio,-0.04313355525977817,0.21308934430045273,835,0.0,1.0,False,False
Δ(BNS−FFL),txt_title_is_missing,,,835,0.0,,False,False
Δ(BNS−FFL),txt_reasoning_char_len,0.03261704111480919,0.3465242333442954,835,0.0,1.0,False,False
Δ(BNS−FFL),txt_reasoning_word_count,0.009860324231533367,0.7760213897247779,835,0.0,1.0,False,False
Δ(BNS−FFL),txt_reasoning_line_count,,,835,0.0,,False,False
Δ(BNS−FFL),txt_reasoning_avg_word_len,0.053865975698967866,0.11986784869458551,835,0.0,1.0,False,False
Δ(BNS−FFL),txt_reasoning_avg_words_per_line,0.009860324231533367,0.7760213897247779,835,0.0,1.0,False,False
Δ(BNS−FFL),txt_reasoning_avg_sentence_len,0.007791534210576245,0.8221246262715964,835,0.0,1.0,False,False
Δ(BNS−FFL),txt_reasoning_hedge_count,-0.09682827313199555,0.005104305591578522,835,0.0,1.0,False,False
Δ(BNS−FFL),txt_reasoning_hedge_density,-0.0970546657285698,0.0050012238821894135,835,0.0,1.0,False,False
Δ(BNS−FFL),txt_reasoning_has_code_like,-0.0009455872170741404,0.9782339293295483,835,0.0,1.0,False,False
Δ(BNS−FFL),txt_reasoning_question_density,,,835,0.0,,False,False
Δ(BNS−FFL),txt_reasoning_exclaim_density,0.008083356408143894,0.8155800713643805,835,0.0,1.0,False,False
Δ(BNS−FFL),txt_reasoning_digit_density,0.02010057479525784,0.561899737351061,835,0.0,1.0,False,False
Δ(BNS−FFL),txt_reasoning_uniq_word_ratio,0.039741487428707534,0.25133308128925647,835,0.0,1.0,False,False
Δ(BNS−FFL),txt_reasoning_is_missing,,,835,0.0,,False,False
Δ(BNS−FFL),txt_fine_grained_reasoning_char_len,0.0647547699380119,0.06143693206816851,835,0.0,1.0,False,False
Δ(BNS−FFL),txt_fine_grained_reasoning_word_count,0.07383642091712204,0.03289843463996797,835,0.0,1.0,False,False
Δ(BNS−FFL),txt_fine_grained_reasoning_line_count,-0.0035078630839556956,0.9193814081627426,835,0.0,1.0,False,False
Δ(BNS−FFL),txt_fine_grained_reasoning_avg_word_len,0.025549930539363493,0.46093110365288315,835,0.0,1.0,False,False
Δ(BNS−FFL),txt_fine_grained_reasoning_avg_words_per_line,0.0779547091788395,0.024280461801072975,835,0.0,1.0,False,False
Δ(BNS−FFL),txt_fine_grained_reasoning_avg_sentence_len,0.06359457088884886,0.06624553619606584,835,0.0,1.0,False,False
Δ(BNS−FFL),txt_fine_grained_reasoning_hedge_count,-0.05964731522521228,0.084971283086309,835,0.0,1.0,False,False
Δ(BNS−FFL),txt_fine_grained_reasoning_hedge_density,-0.06341456346641736,0.06701862761230057,835,0.0,1.0,False,False
Δ(BNS−FFL),txt_fine_grained_reasoning_has_code_like,0.04273336547186713,0.21736963747478416,835,0.0,1.0,False,False
Δ(BNS−FFL),txt_fine_grained_reasoning_question_density,,,835,0.0,,False,False
Δ(BNS−FFL),txt_fine_grained_reasoning_exclaim_density,0.05124270580162647,0.139011571610312,835,0.0,1.0,False,False
Δ(BNS−FFL),txt_fine_grained_reasoning_digit_density,-0.049188224168842894,0.15558108328348422,835,0.0,1.0,False,False
Δ(BNS−FFL),txt_fine_grained_reasoning_uniq_word_ratio,-0.008442750234355296,0.8075377791181191,835,0.0,1.0,False,False
Δ(BNS−FFL),txt_fine_grained_reasoning_is_missing,0.0035078630839556956,0.9193814081627426,835,0.0,1.0,False,False
Δ(BNS−FFL),txt_likely_impacted_code_concepts_char_len,0.04286902389955285,0.21591181992022068,835,0.0,1.0,False,False
Δ(BNS−FFL),txt_likely_impacted_code_concepts_word_count,0.045404313011182036,0.1899489232787865,835,0.0,1.0,False,False
Δ(BNS−FFL),txt_likely_impacted_code_concepts_line_count,,,835,0.0,,False,False
Δ(BNS−FFL),txt_likely_impacted_code_concepts_avg_word_len,0.007638735695943814,0.8255563297757249,835,0.0,1.0,False,False
Δ(BNS−FFL),txt_likely_impacted_code_concepts_avg_words_per_line,0.045404313011182036,0.1899489232787865,835,0.0,1.0,False,False
Δ(BNS−FFL),txt_likely_impacted_code_concepts_avg_sentence_len,0.042725711919817444,0.2174520944225259,835,0.0,1.0,False,False
Δ(BNS−FFL),txt_likely_impacted_code_concepts_hedge_count,,,835,0.0,,False,False
Δ(BNS−FFL),txt_likely_impacted_code_concepts_hedge_density,,,835,0.0,,False,False
Δ(BNS−FFL),txt_likely_impacted_code_concepts_has_code_like,0.006478072673375782,0.8517278255728834,835,0.0,1.0,False,False
Δ(BNS−FFL),txt_likely_impacted_code_concepts_question_density,,,835,0.0,,False,False
Δ(BNS−FFL),txt_likely_impacted_code_concepts_exclaim_density,,,835,0.0,,False,False
Δ(BNS−FFL),txt_likely_impacted_code_concepts_digit_density,0.016550136281315426,0.6329669005668188,835,0.0,1.0,False,False
Δ(BNS−FFL),txt_likely_impacted_code_concepts_uniq_word_ratio,-0.02252981951645444,0.5156036166808842,835,0.0,1.0,False,False
Δ(BNS−FFL),txt_likely_impacted_code_concepts_is_missing,,,835,0.0,,False,False
Δ(BNS−FFL),concept_num_concepts,0.04274668775958228,0.2172261609086911,835,0.0,1.0,False,False
Δ(BNS−FFL),concept_is_missing,-0.1379420953847275,6.356048034466378e-05,835,0.0,0.07462000392463528,False,False
Δ(BNS−FFL),concept__deserialization,-0.0716416640471934,0.03847645739236665,835,0.0,1.0,False,False
Δ(BNS−FFL),concept__html_parsing,-0.045344132702926074,0.1905373480404156,835,0.0,1.0,False,False
Δ(BNS−FFL),concept__json_parsing,-0.04652426108437868,0.1792410579303526,835,0.0,1.0,False,False
Δ(BNS−FFL),concept__reflection,-0.005726984900714943,0.8687531140077316,835,0.0,1.0,False,False
Δ(BNS−FFL),concept__serialization,-0.040431755228132825,0.24318700981950664,835,0.0,1.0,False,False
Δ(BNS−FFL),concept__string_manipulation,0.03202384691656473,0.3553698983194955,835,0.0,1.0,False,False
Δ(FFL−BL),summary_chars,-0.1431293745437645,3.308614292631719e-05,835,0.0,0.03897547636720165,True,False
Δ(FFL−BL),description_chars,-0.018441665570141437,0.5946262083029932,835,0.0,1.0,False,False
Δ(FFL−BL),n_tokens,-0.051433035442943115,0.13754796856361132,835,0.0,1.0,False,False
Δ(FFL−BL),n_words,-0.08428655313206126,0.014839893640457362,835,0.0,1.0,False,False
Δ(FFL−BL),n_sentences,-0.05463877636615015,0.11464016476243563,835,0.0,1.0,False,False
Δ(FFL−BL),flesch_reading_ease,-0.16227337311610948,2.436650628752936e-06,835,0.0,0.0029532205620485586,True,False
Δ(FFL−BL),smog_index,0.054426204027984246,0.11605994638356153,835,0.0,1.0,False,False
Δ(FFL−BL),gunning_fog,0.006592725547891949,0.8491347835089083,835,0.0,1.0,False,False
Δ(FFL−BL),coleman_liau_index,0.1590394974656783,3.8707714595663425e-06,835,0.0,0.004629442665641346,True,False
Δ(FFL−BL),automated_readability_index,0.1726465192827087,5.190903672393881e-07,835,0.0,0.0006343284287665322,True,False
Δ(FFL−BL),has_stacktrace,-0.05561405744831277,0.10830033621004635,835,0.0,1.0,False,False
Δ(FFL−BL),has_code,-0.05373427569786161,0.12077704725309527,835,0.0,1.0,False,False
Δ(FFL−BL),has_patch,0.025776735350271245,0.45696010415957555,835,0.0,1.0,False,False
Δ(FFL−BL),has_enumeration,-0.05209466083044218,0.13255233917870174,835,0.0,1.0,False,False
Δ(FFL−BL),num_causal_markers,-0.0834403146410809,0.015877613056493187,835,0.0,1.0,False,False
Δ(FFL−BL),num_temporal_markers,-0.0577994705361714,0.0950999042822497,835,0.0,1.0,False,False
Δ(FFL−BL),causal_density,-0.060305506462566216,0.0815811240145787,835,0.0,1.0,False,False
Δ(FFL−BL),temporal_density,-0.05525374901566603,0.11060947458103411,835,0.0,1.0,False,False
Δ(FFL−BL),num_os_mentions,-0.005360829839601539,0.8770755242252605,835,0.0,1.0,False,False
Δ(FFL−BL),num_browser_mentions,0.086466489737941,0.012436624485247339,835,0.0,1.0,False,False
Δ(FFL−BL),num_env_mentions,0.062198402032051944,0.07243809327454837,835,0.0,1.0,False,False
Δ(FFL−BL),num_versions,-0.053597064282202934,0.1217300149205311,835,0.0,1.0,False,False
Δ(FFL−BL),has_os_info,-0.005943519329497303,0.8638382210944736,835,0.0,1.0,False,False
Δ(FFL−BL),has_version_info,-0.07506962435725084,0.030078810867296375,835,0.0,1.0,False,False
Δ(FFL−BL),num_exception_types,-0.06331238378912248,0.06746075490184375,835,0.0,1.0,False,False
Δ(FFL−BL),stacktrace_depth,-0.029138769725331238,0.40039175713692565,835,0.0,1.0,False,False
Δ(FFL−BL),num_caused_by,-0.025803797614303115,0.4564875705396738,835,0.0,1.0,False,False
Δ(FFL−BL),behavior_verb_count,,,835,0.0,,False,False
Δ(FFL−BL),behavior_verb_density,,,835,0.0,,False,False
Δ(FFL−BL),num_modal_verbs,-0.06416233688890755,0.06385502326741985,835,0.0,1.0,False,False
Δ(FFL−BL),num_negative_modals,-0.04322885650127271,0.21207904997073085,835,0.0,1.0,False,False
Δ(FFL−BL),modal_density,-0.07087078437555745,0.04061733280205633,835,0.0,1.0,False,False
Δ(FFL−BL),redundancy,-0.011079797123388588,0.7491987382807307,835,0.0,1.0,False,False
Δ(FFL−BL),ambiguity,-0.02767751904910696,0.42444428976999005,835,0.0,1.0,False,False
Δ(FFL−BL),actionability,-0.15710056511648443,5.086542410699838e-06,835,0.0,0.006073331638375606,True,False
Δ(FFL−BL),clarity,-0.17006913552040157,7.69015462905861e-07,835,0.0,0.0009366608338193387,True,False
Δ(FFL−BL),specificity,-0.13386076713878137,0.00010455579098259961,835,0.0,0.12170294070374595,False,False
Δ(FFL−BL),expected_observed_alignment,-0.15254228363031208,9.544267145814614e-06,835,0.0,0.01135767790351939,True,False
Δ(FFL−BL),technical_depth,-0.15336029289105435,8.536239026969171e-06,835,0.0,0.010175196920147253,True,False
Δ(FFL−BL),hidden_s2r_present,0.05983337943393508,0.0840015844283936,835,0.0,1.0,False,False
Δ(FFL−BL),causal_reasoning_quality,-0.20819637136696373,1.2493146178591013e-09,835,0.0,1.5391556092024127e-06,True,True
Δ(FFL−BL),contradiction_present,0.060115269023562595,0.0825495339757129,835,0.0,1.0,False,False
Δ(FFL−BL),repair_difficulty,0.17963635341485462,1.7356631478419666e-07,835,0.0,0.0002127923019254251,True,False
Δ(FFL−BL),description_length,-0.13492115960564618,9.199634497735413e-05,835,0.0,0.10745173093354962,False,False
Δ(FFL−BL),confidence,-0.16493807764239582,1.652694309998344e-06,835,0.0,0.0020063708923379895,True,False
Δ(FFL−BL),fine_grained_description_length,-0.13714269526458905,7.014637870361627e-05,835,0.0,0.08221155584063826,False,False
Δ(FFL−BL),fine_grained_confidence,-0.13578524461130423,8.282832410660772e-05,835,0.0,0.09690913920473103,False,False
Δ(FFL−BL),has_OB,-0.009835138971360425,0.7765782910112635,835,0.0,1.0,False,False
Δ(FFL−BL),has_EB,-0.056047277291312474,0.10557453284865878,835,0.0,1.0,False,False
Δ(FFL−BL),has_S2R,,,835,0.0,,False,False
Δ(FFL−BL),missing_OB,0.009835138971360425,0.7765782910112635,835,0.0,1.0,False,False
Δ(FFL−BL),missing_EB,0.056047277291312474,0.10557453284865878,835,0.0,1.0,False,False
Δ(FFL−BL),missing_S2R,,,835,0.0,,False,False
Δ(FFL−BL),num_OB,-0.05848122574371427,0.09125604802054804,835,0.0,1.0,False,False
Δ(FFL−BL),num_EB,-0.04736194817620548,0.1715296104424543,835,0.0,1.0,False,False
Δ(FFL−BL),num_S2R,,,835,0.0,,False,False
Δ(FFL−BL),cat_is_missing,,,835,0.0,,False,False
Δ(FFL−BL),fg_cat_is_missing,-0.017562613515863818,0.6123130115942201,835,0.0,1.0,False,False
Δ(FFL−BL),txt_title_char_len,-0.14315989391925527,3.2957073274533125e-05,835,0.0,0.038889346463949086,True,False
Δ(FFL−BL),txt_title_word_count,-0.1338401114286851,0.00010481577194810672,835,0.0,0.12179592700370001,False,False
Δ(FFL−BL),txt_title_line_count,,,835,0.0,,False,False
Δ(FFL−BL),txt_title_avg_word_len,-0.16055893062501114,3.1177964095995287e-06,835,0.0,0.0037475912843386336,True,False
Δ(FFL−BL),txt_title_avg_words_per_line,-0.1338401114286851,0.00010481577194810672,835,0.0,0.12179592700370001,False,False
Δ(FFL−BL),txt_title_avg_sentence_len,-0.15113884871431782,1.1543285195826014e-05,835,0.0,0.013713422812641304,True,False
Δ(FFL−BL),txt_title_hedge_count,-0.014426300922121006,0.6772162051260562,835,0.0,1.0,False,False
Δ(FFL−BL),txt_title_hedge_density,-0.014755645601696668,0.6702761902148133,835,0.0,1.0,False,False
Δ(FFL−BL),txt_title_has_code_like,0.040436117172975954,0.24313612904248283,835,0.0,1.0,False,False
Δ(FFL−BL),txt_title_question_density,0.04276459358589633,0.21703342829772607,835,0.0,1.0,False,False
Δ(FFL−BL),txt_title_exclaim_density,,,835,0.0,,False,False
Δ(FFL−BL),txt_title_digit_density,-0.17053575119187286,7.165082911528359e-07,835,0.0,0.0008741401152064599,True,False
Δ(FFL−BL),txt_title_uniq_word_ratio,0.025098182744741186,0.46889757712252655,835,0.0,1.0,False,False
Δ(FFL−BL),txt_title_is_missing,,,835,0.0,,False,False
Δ(FFL−BL),txt_reasoning_char_len,-0.07634082410297237,0.0273918746730789,835,0.0,1.0,False,False
Δ(FFL−BL),txt_reasoning_word_count,-0.04842235234142684,0.16212686913092914,835,0.0,1.0,False,False
Δ(FFL−BL),txt_reasoning_line_count,,,835,0.0,,False,False
Δ(FFL−BL),txt_reasoning_avg_word_len,-0.09330243810090998,0.006976796015206113,835,0.0,1.0,False,False
Δ(FFL−BL),txt_reasoning_avg_words_per_line,-0.04842235234142684,0.16212686913092914,835,0.0,1.0,False,False
Δ(FFL−BL),txt_reasoning_avg_sentence_len,-0.051900065498109924,0.13400685693976194,835,0.0,1.0,False,False
Δ(FFL−BL),txt_reasoning_hedge_count,0.09016627025332184,0.00913697455806455,835,0.0,1.0,False,False
Δ(FFL−BL),txt_reasoning_hedge_density,0.09087669669872862,0.00860120547243598,835,0.0,1.0,False,False
Δ(FFL−BL),txt_reasoning_has_code_like,-0.08422631064327893,0.014911744214223789,835,0.0,1.0,False,False
Δ(FFL−BL),txt_reasoning_question_density,,,835,0.0,,False,False
Δ(FFL−BL),txt_reasoning_exclaim_density,-0.0043248394980980286,0.900693352775225,835,0.0,1.0,False,False
Δ(FFL−BL),txt_reasoning_digit_density,-0.05031789588227363,0.14629414262253007,835,0.0,1.0,False,False
Δ(FFL−BL),txt_reasoning_uniq_word_ratio,-0.016796751506260005,0.6279089004700125,835,0.0,1.0,False,False
Δ(FFL−BL),txt_reasoning_is_missing,,,835,0.0,,False,False
Δ(FFL−BL),txt_fine_grained_reasoning_char_len,-0.07970345681740611,0.021258856247587506,835,0.0,1.0,False,False
Δ(FFL−BL),txt_fine_grained_reasoning_word_count,-0.05531843332516103,0.11019209250254366,835,0.0,1.0,False,False
Δ(FFL−BL),txt_fine_grained_reasoning_line_count,0.017562613515863818,0.6123130115942201,835,0.0,1.0,False,False
Δ(FFL−BL),txt_fine_grained_reasoning_avg_word_len,-0.08155455278271899,0.018421898194120344,835,0.0,1.0,False,False
Δ(FFL−BL),txt_fine_grained_reasoning_avg_words_per_line,-0.06123746737904359,0.07696908865601829,835,0.0,1.0,False,False
Δ(FFL−BL),txt_fine_grained_reasoning_avg_sentence_len,-0.03924735585202589,0.257279966778586,835,0.0,1.0,False,False
Δ(FFL−BL),txt_fine_grained_reasoning_hedge_count,0.05598005079054243,0.1059939222222539,835,0.0,1.0,False,False
Δ(FFL−BL),txt_fine_grained_reasoning_hedge_density,0.05995598695648404,0.0833675005439833,835,0.0,1.0,False,False
Δ(FFL−BL),txt_fine_grained_reasoning_has_code_like,-0.0944672255615938,0.006299290449401076,835,0.0,1.0,False,False
Δ(FFL−BL),txt_fine_grained_reasoning_question_density,,,835,0.0,,False,False
Δ(FFL−BL),txt_fine_grained_reasoning_exclaim_density,-0.04908692830341262,0.15643517012250005,835,0.0,1.0,False,False
Δ(FFL−BL),txt_fine_grained_reasoning_digit_density,0.005847804941439552,0.866010106950648,835,0.0,1.0,False,False
Δ(FFL−BL),txt_fine_grained_reasoning_uniq_word_ratio,0.00379975701993872,0.9126987852836494,835,0.0,1.0,False,False
Δ(FFL−BL),txt_fine_grained_reasoning_is_missing,-0.017562613515863818,0.6123130115942201,835,0.0,1.0,False,False
Δ(FFL−BL),txt_likely_impacted_code_concepts_char_len,-0.049925434982610845,0.14947130393270833,835,0.0,1.0,False,False
Δ(FFL−BL),txt_likely_impacted_code_concepts_word_count,-0.048621636391220746,0.1604039799120666,835,0.0,1.0,False,False
Δ(FFL−BL),txt_likely_impacted_code_concepts_line_count,,,835,0.0,,False,False
Δ(FFL−BL),txt_likely_impacted_code_concepts_avg_word_len,-0.0020970802445768187,0.9517516116171316,835,0.0,1.0,False,False
Δ(FFL−BL),txt_likely_impacted_code_concepts_avg_words_per_line,-0.048621636391220746,0.1604039799120666,835,0.0,1.0,False,False
Δ(FFL−BL),txt_likely_impacted_code_concepts_avg_sentence_len,-0.04576358384941909,0.18646386182642574,835,0.0,1.0,False,False
Δ(FFL−BL),txt_likely_impacted_code_concepts_hedge_count,,,835,0.0,,False,False
Δ(FFL−BL),txt_likely_impacted_code_concepts_hedge_density,,,835,0.0,,False,False
Δ(FFL−BL),txt_likely_impacted_code_concepts_has_code_like,-0.02268609453318784,0.5126944623553003,835,0.0,1.0,False,False
Δ(FFL−BL),txt_likely_impacted_code_concepts_question_density,,,835,0.0,,False,False
Δ(FFL−BL),txt_likely_impacted_code_concepts_exclaim_density,,,835,0.0,,False,False
Δ(FFL−BL),txt_likely_impacted_code_concepts_digit_density,-0.028018922476448202,0.4187504861860496,835,0.0,1.0,False,False
Δ(FFL−BL),txt_likely_impacted_code_concepts_uniq_word_ratio,0.05628832942212273,0.1040815352717504,835,0.0,1.0,False,False
Δ(FFL−BL),txt_likely_impacted_code_concepts_is_missing,,,835,0.0,,False,False
Δ(FFL−BL),concept_num_concepts,-0.05824438489170649,0.09257701363756496,835,0.0,1.0,False,False
Δ(FFL−BL),concept_is_missing,0.1608942705752124,2.971635948320608e-06,835,0.0,0.0035837929536746533,True,False
Δ(FFL−BL),concept__deserialization,0.09174485547090756,0.007984656723760537,835,0.0,1.0,False,False
Δ(FFL−BL),concept__html_parsing,0.05417169346190607,0.1177779381232491,835,0.0,1.0,False,False
Δ(FFL−BL),concept__json_parsing,-0.0032625948261146157,0.9250009997165669,835,0.0,1.0,False,False
Δ(FFL−BL),concept__reflection,-0.016274943143806987,0.6386313079738896,835,0.0,1.0,False,False
Δ(FFL−BL),concept__serialization,0.04028782529178891,0.2448701006822779,835,0.0,1.0,False,False
Δ(FFL−BL),concept__string_manipulation,-0.04414194810107592,0.20257403620817188,835,0.0,1.0,False,False
Δ(BL−FFL),summary_chars,0.1431293745437645,3.308614292631719e-05,835,0.0,0.03897547636720165,True,False
Δ(BL−FFL),description_chars,0.018441665570141437,0.5946262083029932,835,0.0,1.0,False,False
Δ(BL−FFL),n_tokens,0.051433035442943115,0.13754796856361132,835,0.0,1.0,False,False
Δ(BL−FFL),n_words,0.08428655313206126,0.014839893640457362,835,0.0,1.0,False,False
Δ(BL−FFL),n_sentences,0.05463877636615015,0.11464016476243563,835,0.0,1.0,False,False
Δ(BL−FFL),flesch_reading_ease,0.16227337311610948,2.436650628752936e-06,835,0.0,0.0029532205620485586,True,False
Δ(BL−FFL),smog_index,-0.054426204027984246,0.11605994638356153,835,0.0,1.0,False,False
Δ(BL−FFL),gunning_fog,-0.006592725547891949,0.8491347835089083,835,0.0,1.0,False,False
Δ(BL−FFL),coleman_liau_index,-0.1590394974656783,3.8707714595663425e-06,835,0.0,0.004629442665641346,True,False
Δ(BL−FFL),automated_readability_index,-0.1726465192827087,5.190903672393881e-07,835,0.0,0.0006343284287665322,True,False
Δ(BL−FFL),has_stacktrace,0.05561405744831277,0.10830033621004635,835,0.0,1.0,False,False
Δ(BL−FFL),has_code,0.05373427569786161,0.12077704725309527,835,0.0,1.0,False,False
Δ(BL−FFL),has_patch,-0.025776735350271245,0.45696010415957555,835,0.0,1.0,False,False
Δ(BL−FFL),has_enumeration,0.05209466083044218,0.13255233917870174,835,0.0,1.0,False,False
Δ(BL−FFL),num_causal_markers,0.0834403146410809,0.015877613056493187,835,0.0,1.0,False,False
Δ(BL−FFL),num_temporal_markers,0.0577994705361714,0.0950999042822497,835,0.0,1.0,False,False
Δ(BL−FFL),causal_density,0.060305506462566216,0.0815811240145787,835,0.0,1.0,False,False
Δ(BL−FFL),temporal_density,0.05525374901566603,0.11060947458103411,835,0.0,1.0,False,False
Δ(BL−FFL),num_os_mentions,0.005360829839601539,0.8770755242252605,835,0.0,1.0,False,False
Δ(BL−FFL),num_browser_mentions,-0.086466489737941,0.012436624485247339,835,0.0,1.0,False,False
Δ(BL−FFL),num_env_mentions,-0.062198402032051944,0.07243809327454837,835,0.0,1.0,False,False
Δ(BL−FFL),num_versions,0.053597064282202934,0.1217300149205311,835,0.0,1.0,False,False
Δ(BL−FFL),has_os_info,0.005943519329497303,0.8638382210944736,835,0.0,1.0,False,False
Δ(BL−FFL),has_version_info,0.07506962435725084,0.030078810867296375,835,0.0,1.0,False,False
Δ(BL−FFL),num_exception_types,0.06331238378912248,0.06746075490184375,835,0.0,1.0,False,False
Δ(BL−FFL),stacktrace_depth,0.029138769725331238,0.40039175713692565,835,0.0,1.0,False,False
Δ(BL−FFL),num_caused_by,0.025803797614303115,0.4564875705396738,835,0.0,1.0,False,False
Δ(BL−FFL),behavior_verb_count,,,835,0.0,,False,False
Δ(BL−FFL),behavior_verb_density,,,835,0.0,,False,False
Δ(BL−FFL),num_modal_verbs,0.06416233688890755,0.06385502326741985,835,0.0,1.0,False,False
Δ(BL−FFL),num_negative_modals,0.04322885650127271,0.21207904997073085,835,0.0,1.0,False,False
Δ(BL−FFL),modal_density,0.07087078437555745,0.04061733280205633,835,0.0,1.0,False,False
Δ(BL−FFL),redundancy,0.011079797123388588,0.7491987382807307,835,0.0,1.0,False,False
Δ(BL−FFL),ambiguity,0.02767751904910696,0.42444428976999005,835,0.0,1.0,False,False
Δ(BL−FFL),actionability,0.15710056511648443,5.086542410699838e-06,835,0.0,0.006073331638375606,True,False
Δ(BL−FFL),clarity,0.17006913552040157,7.69015462905861e-07,835,0.0,0.0009366608338193387,True,False
Δ(BL−FFL),specificity,0.13386076713878137,0.00010455579098259961,835,0.0,0.12170294070374595,False,False
Δ(BL−FFL),expected_observed_alignment,0.15254228363031208,9.544267145814614e-06,835,0.0,0.01135767790351939,True,False
Δ(BL−FFL),technical_depth,0.15336029289105435,8.536239026969171e-06,835,0.0,0.010175196920147253,True,False
Δ(BL−FFL),hidden_s2r_present,-0.05983337943393508,0.0840015844283936,835,0.0,1.0,False,False
Δ(BL−FFL),causal_reasoning_quality,0.20819637136696373,1.2493146178591013e-09,835,0.0,1.5391556092024127e-06,True,True
Δ(BL−FFL),contradiction_present,-0.060115269023562595,0.0825495339757129,835,0.0,1.0,False,False
Δ(BL−FFL),repair_difficulty,-0.17963635341485462,1.7356631478419666e-07,835,0.0,0.0002127923019254251,True,False
Δ(BL−FFL),description_length,0.13492115960564618,9.199634497735413e-05,835,0.0,0.10745173093354962,False,False
Δ(BL−FFL),confidence,0.16493807764239582,1.652694309998344e-06,835,0.0,0.0020063708923379895,True,False
Δ(BL−FFL),fine_grained_description_length,0.13714269526458905,7.014637870361627e-05,835,0.0,0.08221155584063826,False,False
Δ(BL−FFL),fine_grained_confidence,0.13578524461130423,8.282832410660772e-05,835,0.0,0.09690913920473103,False,False
Δ(BL−FFL),has_OB,0.009835138971360425,0.7765782910112635,835,0.0,1.0,False,False
Δ(BL−FFL),has_EB,0.056047277291312474,0.10557453284865878,835,0.0,1.0,False,False
Δ(BL−FFL),has_S2R,,,835,0.0,,False,False
Δ(BL−FFL),missing_OB,-0.009835138971360425,0.7765782910112635,835,0.0,1.0,False,False
Δ(BL−FFL),missing_EB,-0.056047277291312474,0.10557453284865878,835,0.0,1.0,False,False
Δ(BL−FFL),missing_S2R,,,835,0.0,,False,False
Δ(BL−FFL),num_OB,0.05848122574371427,0.09125604802054804,835,0.0,1.0,False,False
Δ(BL−FFL),num_EB,0.04736194817620548,0.1715296104424543,835,0.0,1.0,False,False
Δ(BL−FFL),num_S2R,,,835,0.0,,False,False
Δ(BL−FFL),cat_is_missing,,,835,0.0,,False,False
Δ(BL−FFL),fg_cat_is_missing,0.017562613515863818,0.6123130115942201,835,0.0,1.0,False,False
Δ(BL−FFL),txt_title_char_len,0.14315989391925527,3.2957073274533125e-05,835,0.0,0.038889346463949086,True,False
Δ(BL−FFL),txt_title_word_count,0.1338401114286851,0.00010481577194810672,835,0.0,0.12179592700370001,False,False
Δ(BL−FFL),txt_title_line_count,,,835,0.0,,False,False
Δ(BL−FFL),txt_title_avg_word_len,0.16055893062501114,3.1177964095995287e-06,835,0.0,0.0037475912843386336,True,False
Δ(BL−FFL),txt_title_avg_words_per_line,0.1338401114286851,0.00010481577194810672,835,0.0,0.12179592700370001,False,False
Δ(BL−FFL),txt_title_avg_sentence_len,0.15113884871431782,1.1543285195826014e-05,835,0.0,0.013713422812641304,True,False
Δ(BL−FFL),txt_title_hedge_count,0.014426300922121006,0.6772162051260562,835,0.0,1.0,False,False
Δ(BL−FFL),txt_title_hedge_density,0.014755645601696668,0.6702761902148133,835,0.0,1.0,False,False
Δ(BL−FFL),txt_title_has_code_like,-0.040436117172975954,0.24313612904248283,835,0.0,1.0,False,False
Δ(BL−FFL),txt_title_question_density,-0.04276459358589633,0.21703342829772607,835,0.0,1.0,False,False
Δ(BL−FFL),txt_title_exclaim_density,,,835,0.0,,False,False
Δ(BL−FFL),txt_title_digit_density,0.17053575119187286,7.165082911528359e-07,835,0.0,0.0008741401152064599,True,False
Δ(BL−FFL),txt_title_uniq_word_ratio,-0.025098182744741186,0.46889757712252655,835,0.0,1.0,False,False
Δ(BL−FFL),txt_title_is_missing,,,835,0.0,,False,False
Δ(BL−FFL),txt_reasoning_char_len,0.07634082410297237,0.0273918746730789,835,0.0,1.0,False,False
Δ(BL−FFL),txt_reasoning_word_count,0.04842235234142684,0.16212686913092914,835,0.0,1.0,False,False
Δ(BL−FFL),txt_reasoning_line_count,,,835,0.0,,False,False
Δ(BL−FFL),txt_reasoning_avg_word_len,0.09330243810090998,0.006976796015206113,835,0.0,1.0,False,False
Δ(BL−FFL),txt_reasoning_avg_words_per_line,0.04842235234142684,0.16212686913092914,835,0.0,1.0,False,False
Δ(BL−FFL),txt_reasoning_avg_sentence_len,0.051900065498109924,0.13400685693976194,835,0.0,1.0,False,False
Δ(BL−FFL),txt_reasoning_hedge_count,-0.09016627025332184,0.00913697455806455,835,0.0,1.0,False,False
Δ(BL−FFL),txt_reasoning_hedge_density,-0.09087669669872862,0.00860120547243598,835,0.0,1.0,False,False
Δ(BL−FFL),txt_reasoning_has_code_like,0.08422631064327893,0.014911744214223789,835,0.0,1.0,False,False
Δ(BL−FFL),txt_reasoning_question_density,,,835,0.0,,False,False
Δ(BL−FFL),txt_reasoning_exclaim_density,0.0043248394980980286,0.900693352775225,835,0.0,1.0,False,False
Δ(BL−FFL),txt_reasoning_digit_density,0.05031789588227363,0.14629414262253007,835,0.0,1.0,False,False
Δ(BL−FFL),txt_reasoning_uniq_word_ratio,0.016796751506260005,0.6279089004700125,835,0.0,1.0,False,False
Δ(BL−FFL),txt_reasoning_is_missing,,,835,0.0,,False,False
Δ(BL−FFL),txt_fine_grained_reasoning_char_len,0.07970345681740611,0.021258856247587506,835,0.0,1.0,False,False
Δ(BL−FFL),txt_fine_grained_reasoning_word_count,0.05531843332516103,0.11019209250254366,835,0.0,1.0,False,False
Δ(BL−FFL),txt_fine_grained_reasoning_line_count,-0.017562613515863818,0.6123130115942201,835,0.0,1.0,False,False
Δ(BL−FFL),txt_fine_grained_reasoning_avg_word_len,0.08155455278271899,0.018421898194120344,835,0.0,1.0,False,False
Δ(BL−FFL),txt_fine_grained_reasoning_avg_words_per_line,0.06123746737904359,0.07696908865601829,835,0.0,1.0,False,False
Δ(BL−FFL),txt_fine_grained_reasoning_avg_sentence_len,0.03924735585202589,0.257279966778586,835,0.0,1.0,False,False
Δ(BL−FFL),txt_fine_grained_reasoning_hedge_count,-0.05598005079054243,0.1059939222222539,835,0.0,1.0,False,False
Δ(BL−FFL),txt_fine_grained_reasoning_hedge_density,-0.05995598695648404,0.0833675005439833,835,0.0,1.0,False,False
Δ(BL−FFL),txt_fine_grained_reasoning_has_code_like,0.0944672255615938,0.006299290449401076,835,0.0,1.0,False,False
Δ(BL−FFL),txt_fine_grained_reasoning_question_density,,,835,0.0,,False,False
Δ(BL−FFL),txt_fine_grained_reasoning_exclaim_density,0.04908692830341262,0.15643517012250005,835,0.0,1.0,False,False
Δ(BL−FFL),txt_fine_grained_reasoning_digit_density,-0.005847804941439552,0.866010106950648,835,0.0,1.0,False,False
Δ(BL−FFL),txt_fine_grained_reasoning_uniq_word_ratio,-0.00379975701993872,0.9126987852836494,835,0.0,1.0,False,False
Δ(BL−FFL),txt_fine_grained_reasoning_is_missing,0.017562613515863818,0.6123130115942201,835,0.0,1.0,False,False
Δ(BL−FFL),txt_likely_impacted_code_concepts_char_len,0.049925434982610845,0.14947130393270833,835,0.0,1.0,False,False
Δ(BL−FFL),txt_likely_impacted_code_concepts_word_count,0.048621636391220746,0.1604039799120666,835,0.0,1.0,False,False
Δ(BL−FFL),txt_likely_impacted_code_concepts_line_count,,,835,0.0,,False,False
Δ(BL−FFL),txt_likely_impacted_code_concepts_avg_word_len,0.0020970802445768187,0.9517516116171316,835,0.0,1.0,False,False
Δ(BL−FFL),txt_likely_impacted_code_concepts_avg_words_per_line,0.048621636391220746,0.1604039799120666,835,0.0,1.0,False,False
Δ(BL−FFL),txt_likely_impacted_code_concepts_avg_sentence_len,0.04576358384941909,0.18646386182642574,835,0.0,1.0,False,False
Δ(BL−FFL),txt_likely_impacted_code_concepts_hedge_count,,,835,0.0,,False,False
Δ(BL−FFL),txt_likely_impacted_code_concepts_hedge_density,,,835,0.0,,False,False
Δ(BL−FFL),txt_likely_impacted_code_concepts_has_code_like,0.02268609453318784,0.5126944623553003,835,0.0,1.0,False,False
Δ(BL−FFL),txt_likely_impacted_code_concepts_question_density,,,835,0.0,,False,False
Δ(BL−FFL),txt_likely_impacted_code_concepts_exclaim_density,,,835,0.0,,False,False
Δ(BL−FFL),txt_likely_impacted_code_concepts_digit_density,0.028018922476448202,0.4187504861860496,835,0.0,1.0,False,False
Δ(BL−FFL),txt_likely_impacted_code_concepts_uniq_word_ratio,-0.05628832942212273,0.1040815352717504,835,0.0,1.0,False,False
Δ(BL−FFL),txt_likely_impacted_code_concepts_is_missing,,,835,0.0,,False,False
Δ(BL−FFL),concept_num_concepts,0.05824438489170649,0.09257701363756496,835,0.0,1.0,False,False
Δ(BL−FFL),concept_is_missing,-0.1608942705752124,2.971635948320608e-06,835,0.0,0.0035837929536746533,True,False
Δ(BL−FFL),concept__deserialization,-0.09174485547090756,0.007984656723760537,835,0.0,1.0,False,False
Δ(BL−FFL),concept__html_parsing,-0.05417169346190607,0.1177779381232491,835,0.0,1.0,False,False
Δ(BL−FFL),concept__json_parsing,0.0032625948261146157,0.9250009997165669,835,0.0,1.0,False,False
Δ(BL−FFL),concept__reflection,0.016274943143806987,0.6386313079738896,835,0.0,1.0,False,False
Δ(BL−FFL),concept__serialization,-0.04028782529178891,0.2448701006822779,835,0.0,1.0,False,False
Δ(BL−FFL),concept__string_manipulation,0.04414194810107592,0.20257403620817188,835,0.0,1.0,False,False
Δ(FFL−LOC),summary_chars,-0.09261382262552903,0.007407398047161099,835,0.0,1.0,False,False
Δ(FFL−LOC),description_chars,-0.02129747902451507,0.5388403541217581,835,0.0,1.0,False,False
Δ(FFL−LOC),n_tokens,-0.029374785412507563,0.3965850501512156,835,0.0,1.0,False,False
Δ(FFL−LOC),n_words,-0.04578005271894857,0.1863052457050029,835,0.0,1.0,False,False
Δ(FFL−LOC),n_sentences,-0.03487443711131532,0.31415536906351593,835,0.0,1.0,False,False
Δ(FFL−LOC),flesch_reading_ease,-0.10338708374577212,0.0027801606199487202,835,0.0,1.0,False,False
Δ(FFL−LOC),smog_index,0.051941846846637246,0.13369352472715934,835,0.0,1.0,False,False
Δ(FFL−LOC),gunning_fog,0.0252914125885392,0.46548073795769906,835,0.0,1.0,False,False
Δ(FFL−LOC),coleman_liau_index,0.10407642658742204,0.0026029791727487685,835,0.0,1.0,False,False
Δ(FFL−LOC),automated_readability_index,0.09768538304930693,0.004723878519339742,835,0.0,1.0,False,False
Δ(FFL−LOC),has_stacktrace,0.006645399224312716,0.8479440356892078,835,0.0,1.0,False,False
Δ(FFL−LOC),has_code,-0.018662634651449895,0.5902171580753945,835,0.0,1.0,False,False
Δ(FFL−LOC),has_patch,0.020117264581685702,0.5615749491991462,835,0.0,1.0,False,False
Δ(FFL−LOC),has_enumeration,-0.029406228176910177,0.3960795595522264,835,0.0,1.0,False,False
Δ(FFL−LOC),num_causal_markers,-0.031664736314588444,0.3607934155040752,835,0.0,1.0,False,False
Δ(FFL−LOC),num_temporal_markers,-0.01671195921471853,0.6296460121714478,835,0.0,1.0,False,False
Δ(FFL−LOC),causal_density,-0.02320417141845061,0.5031115762700418,835,0.0,1.0,False,False
Δ(FFL−LOC),temporal_density,-0.014485676794953254,0.6759629810523742,835,0.0,1.0,False,False
Δ(FFL−LOC),num_os_mentions,-0.017344198379210238,0.6167433541973112,835,0.0,1.0,False,False
Δ(FFL−LOC),num_browser_mentions,0.002312993513316224,0.9467910199994978,835,0.0,1.0,False,False
Δ(FFL−LOC),num_env_mentions,0.03820615686325606,0.27012797453906895,835,0.0,1.0,False,False
Δ(FFL−LOC),num_versions,-0.009217867585539644,0.7902626915121816,835,0.0,1.0,False,False
Δ(FFL−LOC),has_os_info,-0.01797756315896345,0.6039351125370234,835,0.0,1.0,False,False
Δ(FFL−LOC),has_version_info,-0.0536383353666047,0.12144276178002408,835,0.0,1.0,False,False
Δ(FFL−LOC),num_exception_types,-0.01962500963235343,0.5711922495660171,835,0.0,1.0,False,False
Δ(FFL−LOC),stacktrace_depth,-0.010626752814924131,0.7591301980540712,835,0.0,1.0,False,False
Δ(FFL−LOC),num_caused_by,-0.04203562448689537,0.2249794002662097,835,0.0,1.0,False,False
Δ(FFL−LOC),behavior_verb_count,,,835,0.0,,False,False
Δ(FFL−LOC),behavior_verb_density,,,835,0.0,,False,False
Δ(FFL−LOC),num_modal_verbs,-0.0633179640686053,0.06743654757066908,835,0.0,1.0,False,False
Δ(FFL−LOC),num_negative_modals,-0.03254791506130531,0.3475477713052171,835,0.0,1.0,False,False
Δ(FFL−LOC),modal_density,-0.07534369643977286,0.02948112243536623,835,0.0,1.0,False,False
Δ(FFL−LOC),redundancy,-0.011754137678593023,0.7344931362227214,835,0.0,1.0,False,False
Δ(FFL−LOC),ambiguity,-0.01193358153846123,0.7305959987649187,835,0.0,1.0,False,False
Δ(FFL−LOC),actionability,-0.10245816043484357,0.0030363180323823014,835,0.0,1.0,False,False
Δ(FFL−LOC),clarity,-0.10239576976026679,0.003054269761531774,835,0.0,1.0,False,False
Δ(FFL−LOC),specificity,-0.08531674575570182,0.013657468628258205,835,0.0,1.0,False,False
Δ(FFL−LOC),expected_observed_alignment,-0.07699190410280715,0.02609759116854738,835,0.0,1.0,False,False
Δ(FFL−LOC),technical_depth,-0.077798752489297,0.02456715609027601,835,0.0,1.0,False,False
Δ(FFL−LOC),hidden_s2r_present,0.05347887075471777,0.1225555946311601,835,0.0,1.0,False,False
Δ(FFL−LOC),causal_reasoning_quality,-0.11939588132068524,0.0005455908605898018,835,0.0,0.6241559445147332,False,False
Δ(FFL−LOC),contradiction_present,0.05817717074116745,0.092954675457106,835,0.0,1.0,False,False
Δ(FFL−LOC),repair_difficulty,0.14369757438578737,3.075999239796576e-05,835,0.0,0.03635831101439553,True,False
Δ(FFL−LOC),description_length,-0.07115599258407448,0.039813792546503544,835,0.0,1.0,False,False
Δ(FFL−LOC),confidence,-0.08778519942948133,0.011156001131443145,835,0.0,1.0,False,False
Δ(FFL−LOC),fine_grained_description_length,-0.06890713590005998,0.04653044671095488,835,0.0,1.0,False,False
Δ(FFL−LOC),fine_grained_confidence,-0.08000802377752385,0.020767471362378283,835,0.0,1.0,False,False
Δ(FFL−LOC),has_OB,-0.014061542671966161,0.684934488528935,835,0.0,1.0,False,False
Δ(FFL−LOC),has_EB,-0.007108738519818317,0.8374849465005298,835,0.0,1.0,False,False
Δ(FFL−LOC),has_S2R,,,835,0.0,,False,False
Δ(FFL−LOC),missing_OB,0.014061542671966161,0.684934488528935,835,0.0,1.0,False,False
Δ(FFL−LOC),missing_EB,0.007108738519818317,0.8374849465005298,835,0.0,1.0,False,False
Δ(FFL−LOC),missing_S2R,,,835,0.0,,False,False
Δ(FFL−LOC),num_OB,-0.012987263636962757,0.7078550725890562,835,0.0,1.0,False,False
Δ(FFL−LOC),num_EB,-0.010790831848445459,0.7555286422818641,835,0.0,1.0,False,False
Δ(FFL−LOC),num_S2R,,,835,0.0,,False,False
Δ(FFL−LOC),cat_is_missing,,,835,0.0,,False,False
Δ(FFL−LOC),fg_cat_is_missing,-0.002510534957699569,0.9422543179602269,835,0.0,1.0,False,False
Δ(FFL−LOC),txt_title_char_len,-0.09222208217315252,0.007662840634358941,835,0.0,1.0,False,False
Δ(FFL−LOC),txt_title_word_count,-0.08600810589732905,0.012911286502689773,835,0.0,1.0,False,False
Δ(FFL−LOC),txt_title_line_count,,,835,0.0,,False,False
Δ(FFL−LOC),txt_title_avg_word_len,-0.10719467242524316,0.001923232841440893,835,0.0,1.0,False,False
Δ(FFL−LOC),txt_title_avg_words_per_line,-0.08600810589732905,0.012911286502689773,835,0.0,1.0,False,False
Δ(FFL−LOC),txt_title_avg_sentence_len,-0.08785140720699859,0.01109490518450632,835,0.0,1.0,False,False
Δ(FFL−LOC),txt_title_hedge_count,-0.06755261096353803,0.05101778512540916,835,0.0,1.0,False,False
Δ(FFL−LOC),txt_title_hedge_density,-0.06745754186588769,0.05134587787673497,835,0.0,1.0,False,False
Δ(FFL−LOC),txt_title_has_code_like,-0.018780657964081977,0.5878683838122094,835,0.0,1.0,False,False
Δ(FFL−LOC),txt_title_question_density,0.004639401015449287,0.8935119184441525,835,0.0,1.0,False,False
Δ(FFL−LOC),txt_title_exclaim_density,,,835,0.0,,False,False
Δ(FFL−LOC),txt_title_digit_density,-0.1270732406298695,0.00023196794653036908,835,0.0,0.2672270744029852,False,False
Δ(FFL−LOC),txt_title_uniq_word_ratio,-0.02649970196588004,0.4444309787886739,835,0.0,1.0,False,False
Δ(FFL−LOC),txt_title_is_missing,,,835,0.0,,False,False
Δ(FFL−LOC),txt_reasoning_char_len,-0.0019087118606573618,0.9560808929719538,835,0.0,1.0,False,False
Δ(FFL−LOC),txt_reasoning_word_count,0.013691947558436049,0.6927887491861062,835,0.0,1.0,False,False
Δ(FFL−LOC),txt_reasoning_line_count,,,835,0.0,,False,False
Δ(FFL−LOC),txt_reasoning_avg_word_len,-0.0367937339140688,0.2882483526707446,835,0.0,1.0,False,False
Δ(FFL−LOC),txt_reasoning_avg_words_per_line,0.013691947558436049,0.6927887491861062,835,0.0,1.0,False,False
Δ(FFL−LOC),txt_reasoning_avg_sentence_len,-0.0026179847665516076,0.9397874201439524,835,0.0,1.0,False,False
Δ(FFL−LOC),txt_reasoning_hedge_count,0.016350316366052928,0.6370777590579632,835,0.0,1.0,False,False
Δ(FFL−LOC),txt_reasoning_hedge_density,0.016326807771862108,0.6375621340788465,835,0.0,1.0,False,False
Δ(FFL−LOC),txt_reasoning_has_code_like,-0.08006063334474897,0.020683600314653224,835,0.0,1.0,False,False
Δ(FFL−LOC),txt_reasoning_question_density,,,835,0.0,,False,False
Δ(FFL−LOC),txt_reasoning_exclaim_density,-0.019872399906636407,0.5663491522272938,835,0.0,1.0,False,False
Δ(FFL−LOC),txt_reasoning_digit_density,-0.018723037707242002,0.5890145418013026,835,0.0,1.0,False,False
Δ(FFL−LOC),txt_reasoning_uniq_word_ratio,-0.0006133338663254709,0.985880915387914,835,0.0,1.0,False,False
Δ(FFL−LOC),txt_reasoning_is_missing,,,835,0.0,,False,False
Δ(FFL−LOC),txt_fine_grained_reasoning_char_len,-0.05569371720043107,0.10779499094468405,835,0.0,1.0,False,False
Δ(FFL−LOC),txt_fine_grained_reasoning_word_count,-0.05085390416472573,0.14203856101336618,835,0.0,1.0,False,False
Δ(FFL−LOC),txt_fine_grained_reasoning_line_count,0.002510534957699569,0.9422543179602269,835,0.0,1.0,False,False
Δ(FFL−LOC),txt_fine_grained_reasoning_avg_word_len,-0.02527789523366018,0.4657193120571591,835,0.0,1.0,False,False
Δ(FFL−LOC),txt_fine_grained_reasoning_avg_words_per_line,-0.052542894106356,0.1292484374650885,835,0.0,1.0,False,False
Δ(FFL−LOC),txt_fine_grained_reasoning_avg_sentence_len,-0.02992478648195016,0.38779907532399993,835,0.0,1.0,False,False
Δ(FFL−LOC),txt_fine_grained_reasoning_hedge_count,0.031001255977889323,0.3709492280101221,835,0.0,1.0,False,False
Δ(FFL−LOC),txt_fine_grained_reasoning_hedge_density,0.03403623563123812,0.32593493068869606,835,0.0,1.0,False,False
Δ(FFL−LOC),txt_fine_grained_reasoning_has_code_like,-0.03552889734391363,0.30515476079130655,835,0.0,1.0,False,False
Δ(FFL−LOC),txt_fine_grained_reasoning_question_density,,,835,0.0,,False,False
Δ(FFL−LOC),txt_fine_grained_reasoning_exclaim_density,-0.051625038887892404,0.13608354057497446,835,0.0,1.0,False,False
Δ(FFL−LOC),txt_fine_grained_reasoning_digit_density,0.053196498695144014,0.12454563566982327,835,0.0,1.0,False,False
Δ(FFL−LOC),txt_fine_grained_reasoning_uniq_word_ratio,0.0014594682605405668,0.9664108688901774,835,0.0,1.0,False,False
Δ(FFL−LOC),txt_fine_grained_reasoning_is_missing,-0.002510534957699569,0.9422543179602269,835,0.0,1.0,False,False
Δ(FFL−LOC),txt_likely_impacted_code_concepts_char_len,0.01781988472908079,0.6071126116381673,835,0.0,1.0,False,False
Δ(FFL−LOC),txt_likely_impacted_code_concepts_word_count,0.0210797215305811,0.543000156796001,835,0.0,1.0,False,False
Δ(FFL−LOC),txt_likely_impacted_code_concepts_line_count,,,835,0.0,,False,False
Δ(FFL−LOC),txt_likely_impacted_code_concepts_avg_word_len,-0.03223364788556362,0.3522252404269097,835,0.0,1.0,False,False
Δ(FFL−LOC),txt_likely_impacted_code_concepts_avg_words_per_line,0.0210797215305811,0.543000156796001,835,0.0,1.0,False,False
Δ(FFL−LOC),txt_likely_impacted_code_concepts_avg_sentence_len,0.022335775161089127,0.5192277356660553,835,0.0,1.0,False,False
Δ(FFL−LOC),txt_likely_impacted_code_concepts_hedge_count,,,835,0.0,,False,False
Δ(FFL−LOC),txt_likely_impacted_code_concepts_hedge_density,,,835,0.0,,False,False
Δ(FFL−LOC),txt_likely_impacted_code_concepts_has_code_like,-0.0031728970620335385,0.9270571050372087,835,0.0,1.0,False,False
Δ(FFL−LOC),txt_likely_impacted_code_concepts_question_density,,,835,0.0,,False,False
Δ(FFL−LOC),txt_likely_impacted_code_concepts_exclaim_density,,,835,0.0,,False,False
Δ(FFL−LOC),txt_likely_impacted_code_concepts_digit_density,0.01059229506199861,0.7598872161737174,835,0.0,1.0,False,False
Δ(FFL−LOC),txt_likely_impacted_code_concepts_uniq_word_ratio,0.005069503768477331,0.8837068811534599,835,0.0,1.0,False,False
Δ(FFL−LOC),txt_likely_impacted_code_concepts_is_missing,,,835,0.0,,False,False
Δ(FFL−LOC),concept_num_concepts,0.02738255263329156,0.429399811303104,835,0.0,1.0,False,False
Δ(FFL−LOC),concept_is_missing,0.08133235068818849,0.018743982405598776,835,0.0,1.0,False,False
Δ(FFL−LOC),concept__deserialization,0.056766461136341866,0.10116971812482842,835,0.0,1.0,False,False
Δ(FFL−LOC),concept__html_parsing,0.012879471330346243,0.7101699776688826,835,0.0,1.0,False,False
Δ(FFL−LOC),concept__json_parsing,0.01700321397734051,0.6236877828242369,835,0.0,1.0,False,False
Δ(FFL−LOC),concept__reflection,-0.01399578874199693,0.68632937007582,835,0.0,1.0,False,False
Δ(FFL−LOC),concept__serialization,0.04551024941457076,0.18891635766501597,835,0.0,1.0,False,False
Δ(FFL−LOC),concept__string_manipulation,-0.0860448741839216,0.012872630761465859,835,0.0,1.0,False,False
Δ(LOC−FFL),summary_chars,0.09261382262552903,0.007407398047161099,835,0.0,1.0,False,False
Δ(LOC−FFL),description_chars,0.02129747902451507,0.5388403541217581,835,0.0,1.0,False,False
Δ(LOC−FFL),n_tokens,0.029374785412507563,0.3965850501512156,835,0.0,1.0,False,False
Δ(LOC−FFL),n_words,0.04578005271894857,0.1863052457050029,835,0.0,1.0,False,False
Δ(LOC−FFL),n_sentences,0.03487443711131532,0.31415536906351593,835,0.0,1.0,False,False
Δ(LOC−FFL),flesch_reading_ease,0.10338708374577212,0.0027801606199487202,835,0.0,1.0,False,False
Δ(LOC−FFL),smog_index,-0.051941846846637246,0.13369352472715934,835,0.0,1.0,False,False
Δ(LOC−FFL),gunning_fog,-0.0252914125885392,0.46548073795769906,835,0.0,1.0,False,False
Δ(LOC−FFL),coleman_liau_index,-0.10407642658742204,0.0026029791727487685,835,0.0,1.0,False,False
Δ(LOC−FFL),automated_readability_index,-0.09768538304930693,0.004723878519339742,835,0.0,1.0,False,False
Δ(LOC−FFL),has_stacktrace,-0.006645399224312716,0.8479440356892078,835,0.0,1.0,False,False
Δ(LOC−FFL),has_code,0.018662634651449895,0.5902171580753945,835,0.0,1.0,False,False
Δ(LOC−FFL),has_patch,-0.020117264581685702,0.5615749491991462,835,0.0,1.0,False,False
Δ(LOC−FFL),has_enumeration,0.029406228176910177,0.3960795595522264,835,0.0,1.0,False,False
Δ(LOC−FFL),num_causal_markers,0.031664736314588444,0.3607934155040752,835,0.0,1.0,False,False
Δ(LOC−FFL),num_temporal_markers,0.01671195921471853,0.6296460121714478,835,0.0,1.0,False,False
Δ(LOC−FFL),causal_density,0.02320417141845061,0.5031115762700418,835,0.0,1.0,False,False
Δ(LOC−FFL),temporal_density,0.014485676794953254,0.6759629810523742,835,0.0,1.0,False,False
Δ(LOC−FFL),num_os_mentions,0.017344198379210238,0.6167433541973112,835,0.0,1.0,False,False
Δ(LOC−FFL),num_browser_mentions,-0.002312993513316224,0.9467910199994978,835,0.0,1.0,False,False
Δ(LOC−FFL),num_env_mentions,-0.03820615686325606,0.27012797453906895,835,0.0,1.0,False,False
Δ(LOC−FFL),num_versions,0.009217867585539644,0.7902626915121816,835,0.0,1.0,False,False
Δ(LOC−FFL),has_os_info,0.01797756315896345,0.6039351125370234,835,0.0,1.0,False,False
Δ(LOC−FFL),has_version_info,0.0536383353666047,0.12144276178002408,835,0.0,1.0,False,False
Δ(LOC−FFL),num_exception_types,0.01962500963235343,0.5711922495660171,835,0.0,1.0,False,False
Δ(LOC−FFL),stacktrace_depth,0.010626752814924131,0.7591301980540712,835,0.0,1.0,False,False
Δ(LOC−FFL),num_caused_by,0.04203562448689537,0.2249794002662097,835,0.0,1.0,False,False
Δ(LOC−FFL),behavior_verb_count,,,835,0.0,,False,False
Δ(LOC−FFL),behavior_verb_density,,,835,0.0,,False,False
Δ(LOC−FFL),num_modal_verbs,0.0633179640686053,0.06743654757066908,835,0.0,1.0,False,False
Δ(LOC−FFL),num_negative_modals,0.03254791506130531,0.3475477713052171,835,0.0,1.0,False,False
Δ(LOC−FFL),modal_density,0.07534369643977286,0.02948112243536623,835,0.0,1.0,False,False
Δ(LOC−FFL),redundancy,0.011754137678593023,0.7344931362227214,835,0.0,1.0,False,False
Δ(LOC−FFL),ambiguity,0.01193358153846123,0.7305959987649187,835,0.0,1.0,False,False
Δ(LOC−FFL),actionability,0.10245816043484357,0.0030363180323823014,835,0.0,1.0,False,False
Δ(LOC−FFL),clarity,0.10239576976026679,0.003054269761531774,835,0.0,1.0,False,False
Δ(LOC−FFL),specificity,0.08531674575570182,0.013657468628258205,835,0.0,1.0,False,False
Δ(LOC−FFL),expected_observed_alignment,0.07699190410280715,0.02609759116854738,835,0.0,1.0,False,False
Δ(LOC−FFL),technical_depth,0.077798752489297,0.02456715609027601,835,0.0,1.0,False,False
Δ(LOC−FFL),hidden_s2r_present,-0.05347887075471777,0.1225555946311601,835,0.0,1.0,False,False
Δ(LOC−FFL),causal_reasoning_quality,0.11939588132068524,0.0005455908605898018,835,0.0,0.6241559445147332,False,False
Δ(LOC−FFL),contradiction_present,-0.05817717074116745,0.092954675457106,835,0.0,1.0,False,False
Δ(LOC−FFL),repair_difficulty,-0.14369757438578737,3.075999239796576e-05,835,0.0,0.03635831101439553,True,False
Δ(LOC−FFL),description_length,0.07115599258407448,0.039813792546503544,835,0.0,1.0,False,False
Δ(LOC−FFL),confidence,0.08778519942948133,0.011156001131443145,835,0.0,1.0,False,False
Δ(LOC−FFL),fine_grained_description_length,0.06890713590005998,0.04653044671095488,835,0.0,1.0,False,False
Δ(LOC−FFL),fine_grained_confidence,0.08000802377752385,0.020767471362378283,835,0.0,1.0,False,False
Δ(LOC−FFL),has_OB,0.014061542671966161,0.684934488528935,835,0.0,1.0,False,False
Δ(LOC−FFL),has_EB,0.007108738519818317,0.8374849465005298,835,0.0,1.0,False,False
Δ(LOC−FFL),has_S2R,,,835,0.0,,False,False
Δ(LOC−FFL),missing_OB,-0.014061542671966161,0.684934488528935,835,0.0,1.0,False,False
Δ(LOC−FFL),missing_EB,-0.007108738519818317,0.8374849465005298,835,0.0,1.0,False,False
Δ(LOC−FFL),missing_S2R,,,835,0.0,,False,False
Δ(LOC−FFL),num_OB,0.012987263636962757,0.7078550725890562,835,0.0,1.0,False,False
Δ(LOC−FFL),num_EB,0.010790831848445459,0.7555286422818641,835,0.0,1.0,False,False
Δ(LOC−FFL),num_S2R,,,835,0.0,,False,False
Δ(LOC−FFL),cat_is_missing,,,835,0.0,,False,False
Δ(LOC−FFL),fg_cat_is_missing,0.002510534957699569,0.9422543179602269,835,0.0,1.0,False,False
Δ(LOC−FFL),txt_title_char_len,0.09222208217315252,0.007662840634358941,835,0.0,1.0,False,False
Δ(LOC−FFL),txt_title_word_count,0.08600810589732905,0.012911286502689773,835,0.0,1.0,False,False
Δ(LOC−FFL),txt_title_line_count,,,835,0.0,,False,False
Δ(LOC−FFL),txt_title_avg_word_len,0.10719467242524316,0.001923232841440893,835,0.0,1.0,False,False
Δ(LOC−FFL),txt_title_avg_words_per_line,0.08600810589732905,0.012911286502689773,835,0.0,1.0,False,False
Δ(LOC−FFL),txt_title_avg_sentence_len,0.08785140720699859,0.01109490518450632,835,0.0,1.0,False,False
Δ(LOC−FFL),txt_title_hedge_count,0.06755261096353803,0.05101778512540916,835,0.0,1.0,False,False
Δ(LOC−FFL),txt_title_hedge_density,0.06745754186588769,0.05134587787673497,835,0.0,1.0,False,False
Δ(LOC−FFL),txt_title_has_code_like,0.018780657964081977,0.5878683838122094,835,0.0,1.0,False,False
Δ(LOC−FFL),txt_title_question_density,-0.004639401015449287,0.8935119184441525,835,0.0,1.0,False,False
Δ(LOC−FFL),txt_title_exclaim_density,,,835,0.0,,False,False
Δ(LOC−FFL),txt_title_digit_density,0.1270732406298695,0.00023196794653036908,835,0.0,0.2672270744029852,False,False
Δ(LOC−FFL),txt_title_uniq_word_ratio,0.02649970196588004,0.4444309787886739,835,0.0,1.0,False,False
Δ(LOC−FFL),txt_title_is_missing,,,835,0.0,,False,False
Δ(LOC−FFL),txt_reasoning_char_len,0.0019087118606573618,0.9560808929719538,835,0.0,1.0,False,False
Δ(LOC−FFL),txt_reasoning_word_count,-0.013691947558436049,0.6927887491861062,835,0.0,1.0,False,False
Δ(LOC−FFL),txt_reasoning_line_count,,,835,0.0,,False,False
Δ(LOC−FFL),txt_reasoning_avg_word_len,0.0367937339140688,0.2882483526707446,835,0.0,1.0,False,False
Δ(LOC−FFL),txt_reasoning_avg_words_per_line,-0.013691947558436049,0.6927887491861062,835,0.0,1.0,False,False
Δ(LOC−FFL),txt_reasoning_avg_sentence_len,0.0026179847665516076,0.9397874201439524,835,0.0,1.0,False,False
Δ(LOC−FFL),txt_reasoning_hedge_count,-0.016350316366052928,0.6370777590579632,835,0.0,1.0,False,False
Δ(LOC−FFL),txt_reasoning_hedge_density,-0.016326807771862108,0.6375621340788465,835,0.0,1.0,False,False
Δ(LOC−FFL),txt_reasoning_has_code_like,0.08006063334474897,0.020683600314653224,835,0.0,1.0,False,False
Δ(LOC−FFL),txt_reasoning_question_density,,,835,0.0,,False,False
Δ(LOC−FFL),txt_reasoning_exclaim_density,0.019872399906636407,0.5663491522272938,835,0.0,1.0,False,False
Δ(LOC−FFL),txt_reasoning_digit_density,0.018723037707242002,0.5890145418013026,835,0.0,1.0,False,False
Δ(LOC−FFL),txt_reasoning_uniq_word_ratio,0.0006133338663254709,0.985880915387914,835,0.0,1.0,False,False
Δ(LOC−FFL),txt_reasoning_is_missing,,,835,0.0,,False,False
Δ(LOC−FFL),txt_fine_grained_reasoning_char_len,0.05569371720043107,0.10779499094468405,835,0.0,1.0,False,False
Δ(LOC−FFL),txt_fine_grained_reasoning_word_count,0.05085390416472573,0.14203856101336618,835,0.0,1.0,False,False
Δ(LOC−FFL),txt_fine_grained_reasoning_line_count,-0.002510534957699569,0.9422543179602269,835,0.0,1.0,False,False
Δ(LOC−FFL),txt_fine_grained_reasoning_avg_word_len,0.02527789523366018,0.4657193120571591,835,0.0,1.0,False,False
Δ(LOC−FFL),txt_fine_grained_reasoning_avg_words_per_line,0.052542894106356,0.1292484374650885,835,0.0,1.0,False,False
Δ(LOC−FFL),txt_fine_grained_reasoning_avg_sentence_len,0.02992478648195016,0.38779907532399993,835,0.0,1.0,False,False
Δ(LOC−FFL),txt_fine_grained_reasoning_hedge_count,-0.031001255977889323,0.3709492280101221,835,0.0,1.0,False,False
Δ(LOC−FFL),txt_fine_grained_reasoning_hedge_density,-0.03403623563123812,0.32593493068869606,835,0.0,1.0,False,False
Δ(LOC−FFL),txt_fine_grained_reasoning_has_code_like,0.03552889734391363,0.30515476079130655,835,0.0,1.0,False,False
Δ(LOC−FFL),txt_fine_grained_reasoning_question_density,,,835,0.0,,False,False
Δ(LOC−FFL),txt_fine_grained_reasoning_exclaim_density,0.051625038887892404,0.13608354057497446,835,0.0,1.0,False,False
Δ(LOC−FFL),txt_fine_grained_reasoning_digit_density,-0.053196498695144014,0.12454563566982327,835,0.0,1.0,False,False
Δ(LOC−FFL),txt_fine_grained_reasoning_uniq_word_ratio,-0.0014594682605405668,0.9664108688901774,835,0.0,1.0,False,False
Δ(LOC−FFL),txt_fine_grained_reasoning_is_missing,0.002510534957699569,0.9422543179602269,835,0.0,1.0,False,False
Δ(LOC−FFL),txt_likely_impacted_code_concepts_char_len,-0.01781988472908079,0.6071126116381673,835,0.0,1.0,False,False
Δ(LOC−FFL),txt_likely_impacted_code_concepts_word_count,-0.0210797215305811,0.543000156796001,835,0.0,1.0,False,False
Δ(LOC−FFL),txt_likely_impacted_code_concepts_line_count,,,835,0.0,,False,False
Δ(LOC−FFL),txt_likely_impacted_code_concepts_avg_word_len,0.03223364788556362,0.3522252404269097,835,0.0,1.0,False,False
Δ(LOC−FFL),txt_likely_impacted_code_concepts_avg_words_per_line,-0.0210797215305811,0.543000156796001,835,0.0,1.0,False,False
Δ(LOC−FFL),txt_likely_impacted_code_concepts_avg_sentence_len,-0.022335775161089127,0.5192277356660553,835,0.0,1.0,False,False
Δ(LOC−FFL),txt_likely_impacted_code_concepts_hedge_count,,,835,0.0,,False,False
Δ(LOC−FFL),txt_likely_impacted_code_concepts_hedge_density,,,835,0.0,,False,False
Δ(LOC−FFL),txt_likely_impacted_code_concepts_has_code_like,0.0031728970620335385,0.9270571050372087,835,0.0,1.0,False,False
Δ(LOC−FFL),txt_likely_impacted_code_concepts_question_density,,,835,0.0,,False,False
Δ(LOC−FFL),txt_likely_impacted_code_concepts_exclaim_density,,,835,0.0,,False,False
Δ(LOC−FFL),txt_likely_impacted_code_concepts_digit_density,-0.01059229506199861,0.7598872161737174,835,0.0,1.0,False,False
Δ(LOC−FFL),txt_likely_impacted_code_concepts_uniq_word_ratio,-0.005069503768477331,0.8837068811534599,835,0.0,1.0,False,False
Δ(LOC−FFL),txt_likely_impacted_code_concepts_is_missing,,,835,0.0,,False,False
Δ(LOC−FFL),concept_num_concepts,-0.02738255263329156,0.429399811303104,835,0.0,1.0,False,False
Δ(LOC−FFL),concept_is_missing,-0.08133235068818849,0.018743982405598776,835,0.0,1.0,False,False
Δ(LOC−FFL),concept__deserialization,-0.056766461136341866,0.10116971812482842,835,0.0,1.0,False,False
Δ(LOC−FFL),concept__html_parsing,-0.012879471330346243,0.7101699776688826,835,0.0,1.0,False,False
Δ(LOC−FFL),concept__json_parsing,-0.01700321397734051,0.6236877828242369,835,0.0,1.0,False,False
Δ(LOC−FFL),concept__reflection,0.01399578874199693,0.68632937007582,835,0.0,1.0,False,False
Δ(LOC−FFL),concept__serialization,-0.04551024941457076,0.18891635766501597,835,0.0,1.0,False,False
Δ(LOC−FFL),concept__string_manipulation,0.0860448741839216,0.012872630761465859,835,0.0,1.0,False,False
Δ(BNS−BL),summary_chars,-0.04463546470134165,0.19756751705003348,835,0.0,1.0,False,False
Δ(BNS−BL),description_chars,-0.09799907366441477,0.004591181105908263,835,0.0,1.0,False,False
Δ(BNS−BL),n_tokens,-0.10729656045397609,0.0019040563783272839,835,0.0,1.0,False,False
Δ(BNS−BL),n_words,-0.10301655810907423,0.002879876032075474,835,0.0,1.0,False,False
Δ(BNS−BL),n_sentences,-0.11727357824282604,0.0006852175987460179,835,0.0,0.7797776273729684,False,False
Δ(BNS−BL),flesch_reading_ease,0.003959343167288949,0.9090477915580619,835,0.0,1.0,False,False
Δ(BNS−BL),smog_index,0.06331674598877854,0.06744183100933591,835,0.0,1.0,False,False
Δ(BNS−BL),gunning_fog,0.024861854400525112,0.47309528143912516,835,0.0,1.0,False,False
Δ(BNS−BL),coleman_liau_index,-0.024187904556045862,0.48517867436881046,835,0.0,1.0,False,False
Δ(BNS−BL),automated_readability_index,-0.006869442895705505,0.8428831774054919,835,0.0,1.0,False,False
Δ(BNS−BL),has_stacktrace,-0.10348068058456318,0.0027554750342091636,835,0.0,1.0,False,False
Δ(BNS−BL),has_code,-0.04986690226271984,0.149949624559653,835,0.0,1.0,False,False
Δ(BNS−BL),has_patch,0.01582169219563666,0.6480066704109724,835,0.0,1.0,False,False
Δ(BNS−BL),has_enumeration,-0.02037048937095705,0.556658269994123,835,0.0,1.0,False,False
Δ(BNS−BL),num_causal_markers,-0.09178956602792733,0.007954001537165896,835,0.0,1.0,False,False
Δ(BNS−BL),num_temporal_markers,-0.04690092607856242,0.17574235943663538,835,0.0,1.0,False,False
Δ(BNS−BL),causal_density,-0.048656660914546256,0.16010261158604433,835,0.0,1.0,False,False
Δ(BNS−BL),temporal_density,-0.03833192003156727,0.26855319243252757,835,0.0,1.0,False,False
Δ(BNS−BL),num_os_mentions,0.04128130951397476,0.23341779509038907,835,0.0,1.0,False,False
Δ(BNS−BL),num_browser_mentions,0.04658042256871782,0.17871614051056062,835,0.0,1.0,False,False
Δ(BNS−BL),num_env_mentions,-0.03247730942973003,0.34859519663672367,835,0.0,1.0,False,False
Δ(BNS−BL),num_versions,-0.0744318742612577,0.031509961790692126,835,0.0,1.0,False,False
Δ(BNS−BL),has_os_info,0.04173584765954929,0.22830653069721302,835,0.0,1.0,False,False
Δ(BNS−BL),has_version_info,-0.056966234856879315,0.09997244771800146,835,0.0,1.0,False,False
Δ(BNS−BL),num_exception_types,-0.13466664053837687,9.487413868236296e-05,835,0.0,0.1106232457036352,False,False
Δ(BNS−BL),stacktrace_depth,-0.14971711653803998,1.3971541303350676e-05,835,0.0,0.016570247985773903,True,False
Δ(BNS−BL),num_caused_by,-0.10062764448884134,0.0036049474910207616,835,0.0,1.0,False,False
Δ(BNS−BL),behavior_verb_count,,,835,0.0,,False,False
Δ(BNS−BL),behavior_verb_density,,,835,0.0,,False,False
Δ(BNS−BL),num_modal_verbs,-0.05547342791009162,0.10919702777067335,835,0.0,1.0,False,False
Δ(BNS−BL),num_negative_modals,0.017615712015193737,0.6112380854600101,835,0.0,1.0,False,False
Δ(BNS−BL),modal_density,-0.03191412540007015,0.3570215084812095,835,0.0,1.0,False,False
Δ(BNS−BL),redundancy,-0.04821385591516414,0.16394428691049379,835,0.0,1.0,False,False
Δ(BNS−BL),ambiguity,-0.0014445247130972143,0.9667545894294158,835,0.0,1.0,False,False
Δ(BNS−BL),actionability,-0.09749387164512514,0.004806585652915066,835,0.0,1.0,False,False
Δ(BNS−BL),clarity,-0.10716788588922702,0.0019283036708037371,835,0.0,1.0,False,False
Δ(BNS−BL),specificity,-0.10920100631169824,0.0015763895334075305,835,0.0,1.0,False,False
Δ(BNS−BL),expected_observed_alignment,-0.12077198583867665,0.0004697236009500852,835,0.0,0.5383032466887976,False,False
Δ(BNS−BL),technical_depth,-0.12524261013869203,0.00028570422391128173,835,0.0,0.328559857497974,False,False
Δ(BNS−BL),hidden_s2r_present,0.06458319062054256,0.062129341109657156,835,0.0,1.0,False,False
Δ(BNS−BL),causal_reasoning_quality,-0.11779707387834812,0.000647988411077731,835,0.0,0.7387067886286134,False,False
Δ(BNS−BL),contradiction_present,0.0406041348223486,0.24118193588575268,835,0.0,1.0,False,False
Δ(BNS−BL),repair_difficulty,0.0718846661860057,0.03782176308532386,835,0.0,1.0,False,False
Δ(BNS−BL),description_length,-0.08939537766493823,0.009751803720385262,835,0.0,1.0,False,False
Δ(BNS−BL),confidence,-0.08185401370647781,0.017995481725360307,835,0.0,1.0,False,False
Δ(BNS−BL),fine_grained_description_length,-0.08527567711559979,0.01370296685452437,835,0.0,1.0,False,False
Δ(BNS−BL),fine_grained_confidence,-0.08219274499812967,0.01752357107356175,835,0.0,1.0,False,False
Δ(BNS−BL),has_OB,-0.052434133217481554,0.13004418111086308,835,0.0,1.0,False,False
Δ(BNS−BL),has_EB,-0.029595515944577048,0.3930446838708659,835,0.0,1.0,False,False
Δ(BNS−BL),has_S2R,,,835,0.0,,False,False
Δ(BNS−BL),missing_OB,0.052434133217481554,0.13004418111086308,835,0.0,1.0,False,False
Δ(BNS−BL),missing_EB,0.029595515944577048,0.3930446838708659,835,0.0,1.0,False,False
Δ(BNS−BL),missing_S2R,,,835,0.0,,False,False
Δ(BNS−BL),num_OB,-0.05423983939595306,0.11731600006435985,835,0.0,1.0,False,False
Δ(BNS−BL),num_EB,-0.017972931143682546,0.6040283494487618,835,0.0,1.0,False,False
Δ(BNS−BL),num_S2R,,,835,0.0,,False,False
Δ(BNS−BL),cat_is_missing,,,835,0.0,,False,False
Δ(BNS−BL),fg_cat_is_missing,-0.012262168838345678,0.723477812907804,835,0.0,1.0,False,False
Δ(BNS−BL),txt_title_char_len,-0.04493013008640379,0.19462168591959655,835,0.0,1.0,False,False
Δ(BNS−BL),txt_title_word_count,-0.0336803467276568,0.3310219534181439,835,0.0,1.0,False,False
Δ(BNS−BL),txt_title_line_count,,,835,0.0,,False,False
Δ(BNS−BL),txt_title_avg_word_len,-0.07531243490226464,0.02954877738722485,835,0.0,1.0,False,False
Δ(BNS−BL),txt_title_avg_words_per_line,-0.0336803467276568,0.3310219534181439,835,0.0,1.0,False,False
Δ(BNS−BL),txt_title_avg_sentence_len,-0.035454317753058906,0.3061717237805214,835,0.0,1.0,False,False
Δ(BNS−BL),txt_title_hedge_count,-0.0003684615604548844,0.9915176489405773,835,0.0,1.0,False,False
Δ(BNS−BL),txt_title_hedge_density,-1.702299236256388e-05,0.9996081064563815,835,0.0,1.0,False,False
Δ(BNS−BL),txt_title_has_code_like,0.010052536785491213,0.771774954166421,835,0.0,1.0,False,False
Δ(BNS−BL),txt_title_question_density,0.0696078106397713,0.044342456089207824,835,0.0,1.0,False,False
Δ(BNS−BL),txt_title_exclaim_density,,,835,0.0,,False,False
Δ(BNS−BL),txt_title_digit_density,-0.012740923200377414,0.713149305290128,835,0.0,1.0,False,False
Δ(BNS−BL),txt_title_uniq_word_ratio,0.00792770445718356,0.8190692350429498,835,0.0,1.0,False,False
Δ(BNS−BL),txt_title_is_missing,,,835,0.0,,False,False
Δ(BNS−BL),txt_reasoning_char_len,-0.06767751979069793,0.050589378095336486,835,0.0,1.0,False,False
Δ(BNS−BL),txt_reasoning_word_count,-0.05005261786919308,0.1484359915345149,835,0.0,1.0,False,False
Δ(BNS−BL),txt_reasoning_line_count,,,835,0.0,,False,False
Δ(BNS−BL),txt_reasoning_avg_word_len,-0.07751522322120524,0.025095870516885124,835,0.0,1.0,False,False
Δ(BNS−BL),txt_reasoning_avg_words_per_line,-0.05005261786919308,0.1484359915345149,835,0.0,1.0,False,False
Δ(BNS−BL),txt_reasoning_avg_sentence_len,-0.023072449431531996,0.5055390539639532,835,0.0,1.0,False,False
Δ(BNS−BL),txt_reasoning_hedge_count,0.038592676839386345,0.26530813046857404,835,0.0,1.0,False,False
Δ(BNS−BL),txt_reasoning_hedge_density,0.04076695169363367,0.23929878968940138,835,0.0,1.0,False,False
Δ(BNS−BL),txt_reasoning_has_code_like,-0.12969014713823135,0.000171385642156931,835,0.0,0.19812180233341226,False,False
Δ(BNS−BL),txt_reasoning_question_density,,,835,0.0,,False,False
Δ(BNS−BL),txt_reasoning_exclaim_density,0.0203020674111743,0.5579847015691691,835,0.0,1.0,False,False
Δ(BNS−BL),txt_reasoning_digit_density,-0.031098037297861484,0.3694568731493325,835,0.0,1.0,False,False
Δ(BNS−BL),txt_reasoning_uniq_word_ratio,0.017390102489481002,0.6158110689676237,835,0.0,1.0,False,False
Δ(BNS−BL),txt_reasoning_is_missing,,,835,0.0,,False,False
Δ(BNS−BL),txt_fine_grained_reasoning_char_len,-0.054220879751081745,0.11744437825876441,835,0.0,1.0,False,False
Δ(BNS−BL),txt_fine_grained_reasoning_word_count,-0.010787560147289108,0.7556004050368718,835,0.0,1.0,False,False
Δ(BNS−BL),txt_fine_grained_reasoning_line_count,0.012262168838345678,0.723477812907804,835,0.0,1.0,False,False
Δ(BNS−BL),txt_fine_grained_reasoning_avg_word_len,-0.09025007916747373,0.00907225932368139,835,0.0,1.0,False,False
Δ(BNS−BL),txt_fine_grained_reasoning_avg_words_per_line,-0.013665080618111614,0.6933609979645237,835,0.0,1.0,False,False
Δ(BNS−BL),txt_fine_grained_reasoning_avg_sentence_len,0.022023570545244394,0.5250861347854152,835,0.0,1.0,False,False
Δ(BNS−BL),txt_fine_grained_reasoning_hedge_count,0.03399754218916372,0.32648553795420554,835,0.0,1.0,False,False
Δ(BNS−BL),txt_fine_grained_reasoning_hedge_density,0.03517691366149023,0.3099740514614684,835,0.0,1.0,False,False
Δ(BNS−BL),txt_fine_grained_reasoning_has_code_like,-0.07244082132823029,0.03635889391390561,835,0.0,1.0,False,False
Δ(BNS−BL),txt_fine_grained_reasoning_question_density,,,835,0.0,,False,False
Δ(BNS−BL),txt_fine_grained_reasoning_exclaim_density,0.03614055971776418,0.29689865171941354,835,0.0,1.0,False,False
Δ(BNS−BL),txt_fine_grained_reasoning_digit_density,-0.05212256695394292,0.13234475712419422,835,0.0,1.0,False,False
Δ(BNS−BL),txt_fine_grained_reasoning_uniq_word_ratio,-0.010531564141922651,0.7612220001894952,835,0.0,1.0,False,False
Δ(BNS−BL),txt_fine_grained_reasoning_is_missing,-0.012262168838345678,0.723477812907804,835,0.0,1.0,False,False
Δ(BNS−BL),txt_likely_impacted_code_concepts_char_len,-0.05293163144365537,0.12643509173025083,835,0.0,1.0,False,False
Δ(BNS−BL),txt_likely_impacted_code_concepts_word_count,-0.060880431391699824,0.07871025641078708,835,0.0,1.0,False,False
Δ(BNS−BL),txt_likely_impacted_code_concepts_line_count,,,835,0.0,,False,False
Δ(BNS−BL),txt_likely_impacted_code_concepts_avg_word_len,0.03981786413595723,0.2504224975896615,835,0.0,1.0,False,False
Δ(BNS−BL),txt_likely_impacted_code_concepts_avg_words_per_line,-0.060880431391699824,0.07871025641078708,835,0.0,1.0,False,False
Δ(BNS−BL),txt_likely_impacted_code_concepts_avg_sentence_len,-0.058448116239873525,0.0914397996598863,835,0.0,1.0,False,False
Δ(BNS−BL),txt_likely_impacted_code_concepts_hedge_count,,,835,0.0,,False,False
Δ(BNS−BL),txt_likely_impacted_code_concepts_hedge_density,,,835,0.0,,False,False
Δ(BNS−BL),txt_likely_impacted_code_concepts_has_code_like,-0.02209083576082929,0.523821080689914,835,0.0,1.0,False,False
Δ(BNS−BL),txt_likely_impacted_code_concepts_question_density,,,835,0.0,,False,False
Δ(BNS−BL),txt_likely_impacted_code_concepts_exclaim_density,,,835,0.0,,False,False
Δ(BNS−BL),txt_likely_impacted_code_concepts_digit_density,-0.019949936299769648,0.5648352996307099,835,0.0,1.0,False,False
Δ(BNS−BL),txt_likely_impacted_code_concepts_uniq_word_ratio,0.08189519249343763,0.017937525517451564,835,0.0,1.0,False,False
Δ(BNS−BL),txt_likely_impacted_code_concepts_is_missing,,,835,0.0,,False,False
Δ(BNS−BL),concept_num_concepts,-0.04949365947609427,0.15302715813795328,835,0.0,1.0,False,False
Δ(BNS−BL),concept_is_missing,0.08101801888752772,0.0192080032371924,835,0.0,1.0,False,False
Δ(BNS−BL),concept__deserialization,0.04444763231208095,0.1994622370062921,835,0.0,1.0,False,False
Δ(BNS−BL),concept__html_parsing,-0.011121433027540152,0.7482880637324727,835,0.0,1.0,False,False
Δ(BNS−BL),concept__json_parsing,-0.04911794340087858,0.1561732868422564,835,0.0,1.0,False,False
Δ(BNS−BL),concept__reflection,-0.031707643085100545,0.3601426968741124,835,0.0,1.0,False,False
Δ(BNS−BL),concept__serialization,0.021225680795586628,0.5402101456216912,835,0.0,1.0,False,False
Δ(BNS−BL),concept__string_manipulation,-0.03381246557009507,0.3291275147878938,835,0.0,1.0,False,False
Δ(BL−BNS),summary_chars,0.04463546470134165,0.19756751705003348,835,0.0,1.0,False,False
Δ(BL−BNS),description_chars,0.09799907366441477,0.004591181105908263,835,0.0,1.0,False,False
Δ(BL−BNS),n_tokens,0.10729656045397609,0.0019040563783272839,835,0.0,1.0,False,False
Δ(BL−BNS),n_words,0.10301655810907423,0.002879876032075474,835,0.0,1.0,False,False
Δ(BL−BNS),n_sentences,0.11727357824282604,0.0006852175987460179,835,0.0,0.7797776273729684,False,False
Δ(BL−BNS),flesch_reading_ease,-0.003959343167288949,0.9090477915580619,835,0.0,1.0,False,False
Δ(BL−BNS),smog_index,-0.06331674598877854,0.06744183100933591,835,0.0,1.0,False,False
Δ(BL−BNS),gunning_fog,-0.024861854400525112,0.47309528143912516,835,0.0,1.0,False,False
Δ(BL−BNS),coleman_liau_index,0.024187904556045862,0.48517867436881046,835,0.0,1.0,False,False
Δ(BL−BNS),automated_readability_index,0.006869442895705505,0.8428831774054919,835,0.0,1.0,False,False
Δ(BL−BNS),has_stacktrace,0.10348068058456318,0.0027554750342091636,835,0.0,1.0,False,False
Δ(BL−BNS),has_code,0.04986690226271984,0.149949624559653,835,0.0,1.0,False,False
Δ(BL−BNS),has_patch,-0.01582169219563666,0.6480066704109724,835,0.0,1.0,False,False
Δ(BL−BNS),has_enumeration,0.02037048937095705,0.556658269994123,835,0.0,1.0,False,False
Δ(BL−BNS),num_causal_markers,0.09178956602792733,0.007954001537165896,835,0.0,1.0,False,False
Δ(BL−BNS),num_temporal_markers,0.04690092607856242,0.17574235943663538,835,0.0,1.0,False,False
Δ(BL−BNS),causal_density,0.048656660914546256,0.16010261158604433,835,0.0,1.0,False,False
Δ(BL−BNS),temporal_density,0.03833192003156727,0.26855319243252757,835,0.0,1.0,False,False
Δ(BL−BNS),num_os_mentions,-0.04128130951397476,0.23341779509038907,835,0.0,1.0,False,False
Δ(BL−BNS),num_browser_mentions,-0.04658042256871782,0.17871614051056062,835,0.0,1.0,False,False
Δ(BL−BNS),num_env_mentions,0.03247730942973003,0.34859519663672367,835,0.0,1.0,False,False
Δ(BL−BNS),num_versions,0.0744318742612577,0.031509961790692126,835,0.0,1.0,False,False
Δ(BL−BNS),has_os_info,-0.04173584765954929,0.22830653069721302,835,0.0,1.0,False,False
Δ(BL−BNS),has_version_info,0.056966234856879315,0.09997244771800146,835,0.0,1.0,False,False
Δ(BL−BNS),num_exception_types,0.13466664053837687,9.487413868236296e-05,835,0.0,0.1106232457036352,False,False
Δ(BL−BNS),stacktrace_depth,0.14971711653803998,1.3971541303350676e-05,835,0.0,0.016570247985773903,True,False
Δ(BL−BNS),num_caused_by,0.10062764448884134,0.0036049474910207616,835,0.0,1.0,False,False
Δ(BL−BNS),behavior_verb_count,,,835,0.0,,False,False
Δ(BL−BNS),behavior_verb_density,,,835,0.0,,False,False
Δ(BL−BNS),num_modal_verbs,0.05547342791009162,0.10919702777067335,835,0.0,1.0,False,False
Δ(BL−BNS),num_negative_modals,-0.017615712015193737,0.6112380854600101,835,0.0,1.0,False,False
Δ(BL−BNS),modal_density,0.03191412540007015,0.3570215084812095,835,0.0,1.0,False,False
Δ(BL−BNS),redundancy,0.04821385591516414,0.16394428691049379,835,0.0,1.0,False,False
Δ(BL−BNS),ambiguity,0.0014445247130972143,0.9667545894294158,835,0.0,1.0,False,False
Δ(BL−BNS),actionability,0.09749387164512514,0.004806585652915066,835,0.0,1.0,False,False
Δ(BL−BNS),clarity,0.10716788588922702,0.0019283036708037371,835,0.0,1.0,False,False
Δ(BL−BNS),specificity,0.10920100631169824,0.0015763895334075305,835,0.0,1.0,False,False
Δ(BL−BNS),expected_observed_alignment,0.12077198583867665,0.0004697236009500852,835,0.0,0.5383032466887976,False,False
Δ(BL−BNS),technical_depth,0.12524261013869203,0.00028570422391128173,835,0.0,0.328559857497974,False,False
Δ(BL−BNS),hidden_s2r_present,-0.06458319062054256,0.062129341109657156,835,0.0,1.0,False,False
Δ(BL−BNS),causal_reasoning_quality,0.11779707387834812,0.000647988411077731,835,0.0,0.7387067886286134,False,False
Δ(BL−BNS),contradiction_present,-0.0406041348223486,0.24118193588575268,835,0.0,1.0,False,False
Δ(BL−BNS),repair_difficulty,-0.0718846661860057,0.03782176308532386,835,0.0,1.0,False,False
Δ(BL−BNS),description_length,0.08939537766493823,0.009751803720385262,835,0.0,1.0,False,False
Δ(BL−BNS),confidence,0.08185401370647781,0.017995481725360307,835,0.0,1.0,False,False
Δ(BL−BNS),fine_grained_description_length,0.08527567711559979,0.01370296685452437,835,0.0,1.0,False,False
Δ(BL−BNS),fine_grained_confidence,0.08219274499812967,0.01752357107356175,835,0.0,1.0,False,False
Δ(BL−BNS),has_OB,0.052434133217481554,0.13004418111086308,835,0.0,1.0,False,False
Δ(BL−BNS),has_EB,0.029595515944577048,0.3930446838708659,835,0.0,1.0,False,False
Δ(BL−BNS),has_S2R,,,835,0.0,,False,False
Δ(BL−BNS),missing_OB,-0.052434133217481554,0.13004418111086308,835,0.0,1.0,False,False
Δ(BL−BNS),missing_EB,-0.029595515944577048,0.3930446838708659,835,0.0,1.0,False,False
Δ(BL−BNS),missing_S2R,,,835,0.0,,False,False
Δ(BL−BNS),num_OB,0.05423983939595306,0.11731600006435985,835,0.0,1.0,False,False
Δ(BL−BNS),num_EB,0.017972931143682546,0.6040283494487618,835,0.0,1.0,False,False
Δ(BL−BNS),num_S2R,,,835,0.0,,False,False
Δ(BL−BNS),cat_is_missing,,,835,0.0,,False,False
Δ(BL−BNS),fg_cat_is_missing,0.012262168838345678,0.723477812907804,835,0.0,1.0,False,False
Δ(BL−BNS),txt_title_char_len,0.04493013008640379,0.19462168591959655,835,0.0,1.0,False,False
Δ(BL−BNS),txt_title_word_count,0.0336803467276568,0.3310219534181439,835,0.0,1.0,False,False
Δ(BL−BNS),txt_title_line_count,,,835,0.0,,False,False
Δ(BL−BNS),txt_title_avg_word_len,0.07531243490226464,0.02954877738722485,835,0.0,1.0,False,False
Δ(BL−BNS),txt_title_avg_words_per_line,0.0336803467276568,0.3310219534181439,835,0.0,1.0,False,False
Δ(BL−BNS),txt_title_avg_sentence_len,0.035454317753058906,0.3061717237805214,835,0.0,1.0,False,False
Δ(BL−BNS),txt_title_hedge_count,0.0003684615604548844,0.9915176489405773,835,0.0,1.0,False,False
Δ(BL−BNS),txt_title_hedge_density,1.702299236256388e-05,0.9996081064563815,835,0.0,1.0,False,False
Δ(BL−BNS),txt_title_has_code_like,-0.010052536785491213,0.771774954166421,835,0.0,1.0,False,False
Δ(BL−BNS),txt_title_question_density,-0.0696078106397713,0.044342456089207824,835,0.0,1.0,False,False
Δ(BL−BNS),txt_title_exclaim_density,,,835,0.0,,False,False
Δ(BL−BNS),txt_title_digit_density,0.012740923200377414,0.713149305290128,835,0.0,1.0,False,False
Δ(BL−BNS),txt_title_uniq_word_ratio,-0.00792770445718356,0.8190692350429498,835,0.0,1.0,False,False
Δ(BL−BNS),txt_title_is_missing,,,835,0.0,,False,False
Δ(BL−BNS),txt_reasoning_char_len,0.06767751979069793,0.050589378095336486,835,0.0,1.0,False,False
Δ(BL−BNS),txt_reasoning_word_count,0.05005261786919308,0.1484359915345149,835,0.0,1.0,False,False
Δ(BL−BNS),txt_reasoning_line_count,,,835,0.0,,False,False
Δ(BL−BNS),txt_reasoning_avg_word_len,0.07751522322120524,0.025095870516885124,835,0.0,1.0,False,False
Δ(BL−BNS),txt_reasoning_avg_words_per_line,0.05005261786919308,0.1484359915345149,835,0.0,1.0,False,False
Δ(BL−BNS),txt_reasoning_avg_sentence_len,0.023072449431531996,0.5055390539639532,835,0.0,1.0,False,False
Δ(BL−BNS),txt_reasoning_hedge_count,-0.038592676839386345,0.26530813046857404,835,0.0,1.0,False,False
Δ(BL−BNS),txt_reasoning_hedge_density,-0.04076695169363367,0.23929878968940138,835,0.0,1.0,False,False
Δ(BL−BNS),txt_reasoning_has_code_like,0.12969014713823135,0.000171385642156931,835,0.0,0.19812180233341226,False,False
Δ(BL−BNS),txt_reasoning_question_density,,,835,0.0,,False,False
Δ(BL−BNS),txt_reasoning_exclaim_density,-0.0203020674111743,0.5579847015691691,835,0.0,1.0,False,False
Δ(BL−BNS),txt_reasoning_digit_density,0.031098037297861484,0.3694568731493325,835,0.0,1.0,False,False
Δ(BL−BNS),txt_reasoning_uniq_word_ratio,-0.017390102489481002,0.6158110689676237,835,0.0,1.0,False,False
Δ(BL−BNS),txt_reasoning_is_missing,,,835,0.0,,False,False
Δ(BL−BNS),txt_fine_grained_reasoning_char_len,0.054220879751081745,0.11744437825876441,835,0.0,1.0,False,False
Δ(BL−BNS),txt_fine_grained_reasoning_word_count,0.010787560147289108,0.7556004050368718,835,0.0,1.0,False,False
Δ(BL−BNS),txt_fine_grained_reasoning_line_count,-0.012262168838345678,0.723477812907804,835,0.0,1.0,False,False
Δ(BL−BNS),txt_fine_grained_reasoning_avg_word_len,0.09025007916747373,0.00907225932368139,835,0.0,1.0,False,False
Δ(BL−BNS),txt_fine_grained_reasoning_avg_words_per_line,0.013665080618111614,0.6933609979645237,835,0.0,1.0,False,False
Δ(BL−BNS),txt_fine_grained_reasoning_avg_sentence_len,-0.022023570545244394,0.5250861347854152,835,0.0,1.0,False,False
Δ(BL−BNS),txt_fine_grained_reasoning_hedge_count,-0.03399754218916372,0.32648553795420554,835,0.0,1.0,False,False
Δ(BL−BNS),txt_fine_grained_reasoning_hedge_density,-0.03517691366149023,0.3099740514614684,835,0.0,1.0,False,False
Δ(BL−BNS),txt_fine_grained_reasoning_has_code_like,0.07244082132823029,0.03635889391390561,835,0.0,1.0,False,False
Δ(BL−BNS),txt_fine_grained_reasoning_question_density,,,835,0.0,,False,False
Δ(BL−BNS),txt_fine_grained_reasoning_exclaim_density,-0.03614055971776418,0.29689865171941354,835,0.0,1.0,False,False
Δ(BL−BNS),txt_fine_grained_reasoning_digit_density,0.05212256695394292,0.13234475712419422,835,0.0,1.0,False,False
Δ(BL−BNS),txt_fine_grained_reasoning_uniq_word_ratio,0.010531564141922651,0.7612220001894952,835,0.0,1.0,False,False
Δ(BL−BNS),txt_fine_grained_reasoning_is_missing,0.012262168838345678,0.723477812907804,835,0.0,1.0,False,False
Δ(BL−BNS),txt_likely_impacted_code_concepts_char_len,0.05293163144365537,0.12643509173025083,835,0.0,1.0,False,False
Δ(BL−BNS),txt_likely_impacted_code_concepts_word_count,0.060880431391699824,0.07871025641078708,835,0.0,1.0,False,False
Δ(BL−BNS),txt_likely_impacted_code_concepts_line_count,,,835,0.0,,False,False
Δ(BL−BNS),txt_likely_impacted_code_concepts_avg_word_len,-0.03981786413595723,0.2504224975896615,835,0.0,1.0,False,False
Δ(BL−BNS),txt_likely_impacted_code_concepts_avg_words_per_line,0.060880431391699824,0.07871025641078708,835,0.0,1.0,False,False
Δ(BL−BNS),txt_likely_impacted_code_concepts_avg_sentence_len,0.058448116239873525,0.0914397996598863,835,0.0,1.0,False,False
Δ(BL−BNS),txt_likely_impacted_code_concepts_hedge_count,,,835,0.0,,False,False
Δ(BL−BNS),txt_likely_impacted_code_concepts_hedge_density,,,835,0.0,,False,False
Δ(BL−BNS),txt_likely_impacted_code_concepts_has_code_like,0.02209083576082929,0.523821080689914,835,0.0,1.0,False,False
Δ(BL−BNS),txt_likely_impacted_code_concepts_question_density,,,835,0.0,,False,False
Δ(BL−BNS),txt_likely_impacted_code_concepts_exclaim_density,,,835,0.0,,False,False
Δ(BL−BNS),txt_likely_impacted_code_concepts_digit_density,0.019949936299769648,0.5648352996307099,835,0.0,1.0,False,False
Δ(BL−BNS),txt_likely_impacted_code_concepts_uniq_word_ratio,-0.08189519249343763,0.017937525517451564,835,0.0,1.0,False,False
Δ(BL−BNS),txt_likely_impacted_code_concepts_is_missing,,,835,0.0,,False,False
Δ(BL−BNS),concept_num_concepts,0.04949365947609427,0.15302715813795328,835,0.0,1.0,False,False
Δ(BL−BNS),concept_is_missing,-0.08101801888752772,0.0192080032371924,835,0.0,1.0,False,False
Δ(BL−BNS),concept__deserialization,-0.04444763231208095,0.1994622370062921,835,0.0,1.0,False,False
Δ(BL−BNS),concept__html_parsing,0.011121433027540152,0.7482880637324727,835,0.0,1.0,False,False
Δ(BL−BNS),concept__json_parsing,0.04911794340087858,0.1561732868422564,835,0.0,1.0,False,False
Δ(BL−BNS),concept__reflection,0.031707643085100545,0.3601426968741124,835,0.0,1.0,False,False
Δ(BL−BNS),concept__serialization,-0.021225680795586628,0.5402101456216912,835,0.0,1.0,False,False
Δ(BL−BNS),concept__string_manipulation,0.03381246557009507,0.3291275147878938,835,0.0,1.0,False,False
Δ(BNS−LOC),summary_chars,-0.020350264079530538,0.5570501987497035,835,0.0,1.0,False,False
Δ(BNS−LOC),description_chars,-0.08168451792273748,0.018235762321745935,835,0.0,1.0,False,False
Δ(BNS−LOC),n_tokens,-0.05864629995085289,0.09034433382075475,835,0.0,1.0,False,False
Δ(BNS−LOC),n_words,-0.026514389811590284,0.4441784808694488,835,0.0,1.0,False,False
Δ(BNS−LOC),n_sentences,-0.0907508759756758,0.008694000221447713,835,0.0,1.0,False,False
Δ(BNS−LOC),flesch_reading_ease,0.04798147956835181,0.16598787015806316,835,0.0,1.0,False,False
Δ(BNS−LOC),smog_index,0.0696125944583355,0.044327820852192404,835,0.0,1.0,False,False
Δ(BNS−LOC),gunning_fog,0.036406713591388536,0.29335314993380257,835,0.0,1.0,False,False
Δ(BNS−LOC),coleman_liau_index,-0.06168160828905386,0.07484700737604076,835,0.0,1.0,False,False
Δ(BNS−LOC),automated_readability_index,-0.06337990504976306,0.06716832555618489,835,0.0,1.0,False,False
Δ(BNS−LOC),has_stacktrace,-0.036030630236121984,0.29837136270074416,835,0.0,1.0,False,False
Δ(BNS−LOC),has_code,-0.035483249391130074,0.30577694773230274,835,0.0,1.0,False,False
Δ(BNS−LOC),has_patch,0.0028694834856902085,0.9340156555153926,835,0.0,1.0,False,False
Δ(BNS−LOC),has_enumeration,-0.011043941041593012,0.7499832745159799,835,0.0,1.0,False,False
Δ(BNS−LOC),num_causal_markers,-0.040669983656657686,0.24041907515301647,835,0.0,1.0,False,False
Δ(BNS−LOC),num_temporal_markers,0.03730429083284035,0.2816060798761096,835,0.0,1.0,False,False
Δ(BNS−LOC),causal_density,-0.021011965851215772,0.5442977369274248,835,0.0,1.0,False,False
Δ(BNS−LOC),temporal_density,0.04173343267319413,0.2283334751734329,835,0.0,1.0,False,False
Δ(BNS−LOC),num_os_mentions,0.006349513263567263,0.8546372869788703,835,0.0,1.0,False,False
Δ(BNS−LOC),num_browser_mentions,-0.042115996563990385,0.2240932823425018,835,0.0,1.0,False,False
Δ(BNS−LOC),num_env_mentions,-0.0031225480136211673,0.9282114497586753,835,0.0,1.0,False,False
Δ(BNS−LOC),num_versions,-0.04010023539609756,0.2470759676842211,835,0.0,1.0,False,False
Δ(BNS−LOC),has_os_info,0.0065524673234337,0.8500450979045617,835,0.0,1.0,False,False
Δ(BNS−LOC),has_version_info,-0.05335808586933385,0.12340377985337474,835,0.0,1.0,False,False
Δ(BNS−LOC),num_exception_types,-0.09141940168806205,0.00821100024806794,835,0.0,1.0,False,False
Δ(BNS−LOC),stacktrace_depth,-0.133528829049264,0.00010880818211864938,835,0.0,0.12599987489339598,False,False
Δ(BNS−LOC),num_caused_by,-0.09888663279434091,0.0042337831406641015,835,0.0,1.0,False,False
Δ(BNS−LOC),behavior_verb_count,,,835,0.0,,False,False
Δ(BNS−LOC),behavior_verb_density,,,835,0.0,,False,False
Δ(BNS−LOC),num_modal_verbs,-0.052388907793463925,0.1303761858804066,835,0.0,1.0,False,False
Δ(BNS−LOC),num_negative_modals,0.017702450983387567,0.6094839395466505,835,0.0,1.0,False,False
Δ(BNS−LOC),modal_density,-0.04287396325166876,0.2158588733966539,835,0.0,1.0,False,False
Δ(BNS−LOC),redundancy,-0.04408041998412729,0.20320462478176413,835,0.0,1.0,False,False
Δ(BNS−LOC),ambiguity,0.04048689118514249,0.2425444148608745,835,0.0,1.0,False,False
Δ(BNS−LOC),actionability,-0.08259006412805814,0.01698386909599795,835,0.0,1.0,False,False
Δ(BNS−LOC),clarity,-0.06339732834714935,0.06709303588747073,835,0.0,1.0,False,False
Δ(BNS−LOC),specificity,-0.0857690343905302,0.01316514002183679,835,0.0,1.0,False,False
Δ(BNS−LOC),expected_observed_alignment,-0.042780232558330085,0.21686519586693564,835,0.0,1.0,False,False
Δ(BNS−LOC),technical_depth,-0.073509080247066,0.03368376056956634,835,0.0,1.0,False,False
Δ(BNS−LOC),hidden_s2r_present,0.07050632839067361,0.04166407802667836,835,0.0,1.0,False,False
Δ(BNS−LOC),causal_reasoning_quality,-0.03743900398542938,0.27987090475273596,835,0.0,1.0,False,False
Δ(BNS−LOC),contradiction_present,0.035754811116400796,0.3020878800392194,835,0.0,1.0,False,False
Δ(BNS−LOC),repair_difficulty,0.08317440609773062,0.016216585363032884,835,0.0,1.0,False,False
Δ(BNS−LOC),description_length,-0.03988087900734734,0.24967295047501079,835,0.0,1.0,False,False
Δ(BNS−LOC),confidence,-0.023486891425805373,0.4979222150800112,835,0.0,1.0,False,False
Δ(BNS−LOC),fine_grained_description_length,-0.03392683816540839,0.32749321288418975,835,0.0,1.0,False,False
Δ(BNS−LOC),fine_grained_confidence,-0.05391219253710114,0.11955005947415126,835,0.0,1.0,False,False
Δ(BNS−LOC),has_OB,-0.05402612574050274,0.11876946327864547,835,0.0,1.0,False,False
Δ(BNS−LOC),has_EB,0.003224460202302244,0.9258750838651829,835,0.0,1.0,False,False
Δ(BNS−LOC),has_S2R,,,835,0.0,,False,False
Δ(BNS−LOC),missing_OB,0.05402612574050274,0.11876946327864547,835,0.0,1.0,False,False
Δ(BNS−LOC),missing_EB,-0.003224460202302244,0.9258750838651829,835,0.0,1.0,False,False
Δ(BNS−LOC),missing_S2R,,,835,0.0,,False,False
Δ(BNS−LOC),num_OB,0.006986482354890607,0.840241966055601,835,0.0,1.0,False,False
Δ(BNS−LOC),num_EB,0.003590154895691466,0.917496822482029,835,0.0,1.0,False,False
Δ(BNS−LOC),num_S2R,,,835,0.0,,False,False
Δ(BNS−LOC),cat_is_missing,,,835,0.0,,False,False
Δ(BNS−LOC),fg_cat_is_missing,0.015172241028707453,0.6615377499442792,835,0.0,1.0,False,False
Δ(BNS−LOC),txt_title_char_len,-0.01978596000257863,0.5680391278333973,835,0.0,1.0,False,False
Δ(BNS−LOC),txt_title_word_count,-0.01129845626462648,0.7444200779361012,835,0.0,1.0,False,False
Δ(BNS−LOC),txt_title_line_count,,,835,0.0,,False,False
Δ(BNS−LOC),txt_title_avg_word_len,-0.04424774443690555,0.20149308167434019,835,0.0,1.0,False,False
Δ(BNS−LOC),txt_title_avg_words_per_line,-0.01129845626462648,0.7444200779361012,835,0.0,1.0,False,False
Δ(BNS−LOC),txt_title_avg_sentence_len,0.0007386531060042097,0.9829964370783955,835,0.0,1.0,False,False
Δ(BNS−LOC),txt_title_hedge_count,-0.022382444306736405,0.5183549100436378,835,0.0,1.0,False,False
Δ(BNS−LOC),txt_title_hedge_density,-0.022016195806859627,0.5252249260691135,835,0.0,1.0,False,False
Δ(BNS−LOC),txt_title_has_code_like,-0.02571712868018531,0.4580018618134226,835,0.0,1.0,False,False
Δ(BNS−LOC),txt_title_question_density,-0.01873482948224678,0.5887799009929169,835,0.0,1.0,False,False
Δ(BNS−LOC),txt_title_exclaim_density,,,835,0.0,,False,False
Δ(BNS−LOC),txt_title_digit_density,-0.007633709649218827,0.8256692667353763,835,0.0,1.0,False,False
Δ(BNS−LOC),txt_title_uniq_word_ratio,-0.04771365357118901,0.16836686457648095,835,0.0,1.0,False,False
Δ(BNS−LOC),txt_title_is_missing,,,835,0.0,,False,False
Δ(BNS−LOC),txt_reasoning_char_len,-0.017991169119526983,0.6036612781958802,835,0.0,1.0,False,False
Δ(BNS−LOC),txt_reasoning_word_count,-0.012755528279290024,0.7128350319013389,835,0.0,1.0,False,False
Δ(BNS−LOC),txt_reasoning_line_count,,,835,0.0,,False,False
Δ(BNS−LOC),txt_reasoning_avg_word_len,-0.03500537537881495,0.3123408054527918,835,0.0,1.0,False,False
Δ(BNS−LOC),txt_reasoning_avg_words_per_line,-0.012755528279290024,0.7128350319013389,835,0.0,1.0,False,False
Δ(BNS−LOC),txt_reasoning_avg_sentence_len,-0.004599670470793719,0.8944184978866926,835,0.0,1.0,False,False
Δ(BNS−LOC),txt_reasoning_hedge_count,-0.04139919827674728,0.23208442732851656,835,0.0,1.0,False,False
Δ(BNS−LOC),txt_reasoning_hedge_density,-0.03863451613742957,0.2647899702438082,835,0.0,1.0,False,False
Δ(BNS−LOC),txt_reasoning_has_code_like,-0.11248979005504725,0.0011298720729499502,835,0.0,1.0,False,False
Δ(BNS−LOC),txt_reasoning_question_density,,,835,0.0,,False,False
Δ(BNS−LOC),txt_reasoning_exclaim_density,-0.007841598413858526,0.8210009688214952,835,0.0,1.0,False,False
Δ(BNS−LOC),txt_reasoning_digit_density,0.0015206313571951926,0.9650041057251673,835,0.0,1.0,False,False
Δ(BNS−LOC),txt_reasoning_uniq_word_ratio,0.04868438263828398,0.15986438326255803,835,0.0,1.0,False,False
Δ(BNS−LOC),txt_reasoning_is_missing,,,835,0.0,,False,False
Δ(BNS−LOC),txt_fine_grained_reasoning_char_len,-0.016610621442641325,0.6317247705499693,835,0.0,1.0,False,False
Δ(BNS−LOC),txt_fine_grained_reasoning_word_count,0.013791502454951933,0.6906698204629448,835,0.0,1.0,False,False
Δ(BNS−LOC),txt_fine_grained_reasoning_line_count,-0.015172241028707453,0.6615377499442792,835,0.0,1.0,False,False
Δ(BNS−LOC),txt_fine_grained_reasoning_avg_word_len,-0.054888607406066194,0.11298900885733516,835,0.0,1.0,False,False
Δ(BNS−LOC),txt_fine_grained_reasoning_avg_words_per_line,0.019448155973300605,0.5746664849630494,835,0.0,1.0,False,False
Δ(BNS−LOC),txt_fine_grained_reasoning_avg_sentence_len,0.05029532682103881,0.14647544092802617,835,0.0,1.0,False,False
Δ(BNS−LOC),txt_fine_grained_reasoning_hedge_count,0.017347384224506202,0.6166786316251649,835,0.0,1.0,False,False
Δ(BNS−LOC),txt_fine_grained_reasoning_hedge_density,0.01607132744443677,0.642836023573419,835,0.0,1.0,False,False
Δ(BNS−LOC),txt_fine_grained_reasoning_has_code_like,-0.02823531606787145,0.41516490054176036,835,0.0,1.0,False,False
Δ(BNS−LOC),txt_fine_grained_reasoning_question_density,,,835,0.0,,False,False
Δ(BNS−LOC),txt_fine_grained_reasoning_exclaim_density,-0.009208482541044874,0.7904712610586146,835,0.0,1.0,False,False
Δ(BNS−LOC),txt_fine_grained_reasoning_digit_density,0.0042032398007662355,0.9034716808694359,835,0.0,1.0,False,False
Δ(BNS−LOC),txt_fine_grained_reasoning_uniq_word_ratio,-0.03483108726833766,0.31475764008376467,835,0.0,1.0,False,False
Δ(BNS−LOC),txt_fine_grained_reasoning_is_missing,0.015172241028707453,0.6615377499442792,835,0.0,1.0,False,False
Δ(BNS−LOC),txt_likely_impacted_code_concepts_char_len,0.0276258976299092,0.4253091277026818,835,0.0,1.0,False,False
Δ(BNS−LOC),txt_likely_impacted_code_concepts_word_count,0.0244455978589241,0.4805388366732225,835,0.0,1.0,False,False
Δ(BNS−LOC),txt_likely_impacted_code_concepts_line_count,,,835,0.0,,False,False
Δ(BNS−LOC),txt_likely_impacted_code_concepts_avg_word_len,-0.004359020090866784,0.8999126065965881,835,0.0,1.0,False,False
Δ(BNS−LOC),txt_likely_impacted_code_concepts_avg_words_per_line,0.0244455978589241,0.4805388366732225,835,0.0,1.0,False,False
Δ(BNS−LOC),txt_likely_impacted_code_concepts_avg_sentence_len,0.02283959323211254,0.5098453263405254,835,0.0,1.0,False,False
Δ(BNS−LOC),txt_likely_impacted_code_concepts_hedge_count,,,835,0.0,,False,False
Δ(BNS−LOC),txt_likely_impacted_code_concepts_hedge_density,,,835,0.0,,False,False
Δ(BNS−LOC),txt_likely_impacted_code_concepts_has_code_like,0.011980189538832255,0.729584902523619,835,0.0,1.0,False,False
Δ(BNS−LOC),txt_likely_impacted_code_concepts_question_density,,,835,0.0,,False,False
Δ(BNS−LOC),txt_likely_impacted_code_concepts_exclaim_density,,,835,0.0,,False,False
Δ(BNS−LOC),txt_likely_impacted_code_concepts_digit_density,0.024898207084842656,0.47244823852744045,835,0.0,1.0,False,False
Δ(BNS−LOC),txt_likely_impacted_code_concepts_uniq_word_ratio,0.027764786351811677,0.42298459552567513,835,0.0,1.0,False,False
Δ(BNS−LOC),txt_likely_impacted_code_concepts_is_missing,,,835,0.0,,False,False
Δ(BNS−LOC),concept_num_concepts,0.05812949487431694,0.09322330342134796,835,0.0,1.0,False,False
Δ(BNS−LOC),concept_is_missing,0.01568208420078371,0.6509057709100955,835,0.0,1.0,False,False
Δ(BNS−LOC),concept__deserialization,0.04345214200085387,0.20972552642902417,835,0.0,1.0,False,False
Δ(BNS−LOC),concept__html_parsing,-0.020930782930939057,0.5458544838185533,835,0.0,1.0,False,False
Δ(BNS−LOC),concept__json_parsing,0.016137025444074346,0.6414780863302962,835,0.0,1.0,False,False
Δ(BNS−LOC),concept__reflection,-0.002112319674320437,0.9514014233550765,835,0.0,1.0,False,False
Δ(BNS−LOC),concept__serialization,0.05346352982286923,0.12266307019444622,835,0.0,1.0,False,False
Δ(BNS−LOC),concept__string_manipulation,-0.08370751547516961,0.01554327437667282,835,0.0,1.0,False,False
Δ(LOC−BNS),summary_chars,0.020350264079530538,0.5570501987497035,835,0.0,1.0,False,False
Δ(LOC−BNS),description_chars,0.08168451792273748,0.018235762321745935,835,0.0,1.0,False,False
Δ(LOC−BNS),n_tokens,0.05864629995085289,0.09034433382075475,835,0.0,1.0,False,False
Δ(LOC−BNS),n_words,0.026514389811590284,0.4441784808694488,835,0.0,1.0,False,False
Δ(LOC−BNS),n_sentences,0.0907508759756758,0.008694000221447713,835,0.0,1.0,False,False
Δ(LOC−BNS),flesch_reading_ease,-0.04798147956835181,0.16598787015806316,835,0.0,1.0,False,False
Δ(LOC−BNS),smog_index,-0.0696125944583355,0.044327820852192404,835,0.0,1.0,False,False
Δ(LOC−BNS),gunning_fog,-0.036406713591388536,0.29335314993380257,835,0.0,1.0,False,False
Δ(LOC−BNS),coleman_liau_index,0.06168160828905386,0.07484700737604076,835,0.0,1.0,False,False
Δ(LOC−BNS),automated_readability_index,0.06337990504976306,0.06716832555618489,835,0.0,1.0,False,False
Δ(LOC−BNS),has_stacktrace,0.036030630236121984,0.29837136270074416,835,0.0,1.0,False,False
Δ(LOC−BNS),has_code,0.035483249391130074,0.30577694773230274,835,0.0,1.0,False,False
Δ(LOC−BNS),has_patch,-0.0028694834856902085,0.9340156555153926,835,0.0,1.0,False,False
Δ(LOC−BNS),has_enumeration,0.011043941041593012,0.7499832745159799,835,0.0,1.0,False,False
Δ(LOC−BNS),num_causal_markers,0.040669983656657686,0.24041907515301647,835,0.0,1.0,False,False
Δ(LOC−BNS),num_temporal_markers,-0.03730429083284035,0.2816060798761096,835,0.0,1.0,False,False
Δ(LOC−BNS),causal_density,0.021011965851215772,0.5442977369274248,835,0.0,1.0,False,False
Δ(LOC−BNS),temporal_density,-0.04173343267319413,0.2283334751734329,835,0.0,1.0,False,False
Δ(LOC−BNS),num_os_mentions,-0.006349513263567263,0.8546372869788703,835,0.0,1.0,False,False
Δ(LOC−BNS),num_browser_mentions,0.042115996563990385,0.2240932823425018,835,0.0,1.0,False,False
Δ(LOC−BNS),num_env_mentions,0.0031225480136211673,0.9282114497586753,835,0.0,1.0,False,False
Δ(LOC−BNS),num_versions,0.04010023539609756,0.2470759676842211,835,0.0,1.0,False,False
Δ(LOC−BNS),has_os_info,-0.0065524673234337,0.8500450979045617,835,0.0,1.0,False,False
Δ(LOC−BNS),has_version_info,0.05335808586933385,0.12340377985337474,835,0.0,1.0,False,False
Δ(LOC−BNS),num_exception_types,0.09141940168806205,0.00821100024806794,835,0.0,1.0,False,False
Δ(LOC−BNS),stacktrace_depth,0.133528829049264,0.00010880818211864938,835,0.0,0.12599987489339598,False,False
Δ(LOC−BNS),num_caused_by,0.09888663279434091,0.0042337831406641015,835,0.0,1.0,False,False
Δ(LOC−BNS),behavior_verb_count,,,835,0.0,,False,False
Δ(LOC−BNS),behavior_verb_density,,,835,0.0,,False,False
Δ(LOC−BNS),num_modal_verbs,0.052388907793463925,0.1303761858804066,835,0.0,1.0,False,False
Δ(LOC−BNS),num_negative_modals,-0.017702450983387567,0.6094839395466505,835,0.0,1.0,False,False
Δ(LOC−BNS),modal_density,0.04287396325166876,0.2158588733966539,835,0.0,1.0,False,False
Δ(LOC−BNS),redundancy,0.04408041998412729,0.20320462478176413,835,0.0,1.0,False,False
Δ(LOC−BNS),ambiguity,-0.04048689118514249,0.2425444148608745,835,0.0,1.0,False,False
Δ(LOC−BNS),actionability,0.08259006412805814,0.01698386909599795,835,0.0,1.0,False,False
Δ(LOC−BNS),clarity,0.06339732834714935,0.06709303588747073,835,0.0,1.0,False,False
Δ(LOC−BNS),specificity,0.0857690343905302,0.01316514002183679,835,0.0,1.0,False,False
Δ(LOC−BNS),expected_observed_alignment,0.042780232558330085,0.21686519586693564,835,0.0,1.0,False,False
Δ(LOC−BNS),technical_depth,0.073509080247066,0.03368376056956634,835,0.0,1.0,False,False
Δ(LOC−BNS),hidden_s2r_present,-0.07050632839067361,0.04166407802667836,835,0.0,1.0,False,False
Δ(LOC−BNS),causal_reasoning_quality,0.03743900398542938,0.27987090475273596,835,0.0,1.0,False,False
Δ(LOC−BNS),contradiction_present,-0.035754811116400796,0.3020878800392194,835,0.0,1.0,False,False
Δ(LOC−BNS),repair_difficulty,-0.08317440609773062,0.016216585363032884,835,0.0,1.0,False,False
Δ(LOC−BNS),description_length,0.03988087900734734,0.24967295047501079,835,0.0,1.0,False,False
Δ(LOC−BNS),confidence,0.023486891425805373,0.4979222150800112,835,0.0,1.0,False,False
Δ(LOC−BNS),fine_grained_description_length,0.03392683816540839,0.32749321288418975,835,0.0,1.0,False,False
Δ(LOC−BNS),fine_grained_confidence,0.05391219253710114,0.11955005947415126,835,0.0,1.0,False,False
Δ(LOC−BNS),has_OB,0.05402612574050274,0.11876946327864547,835,0.0,1.0,False,False
Δ(LOC−BNS),has_EB,-0.003224460202302244,0.9258750838651829,835,0.0,1.0,False,False
Δ(LOC−BNS),has_S2R,,,835,0.0,,False,False
Δ(LOC−BNS),missing_OB,-0.05402612574050274,0.11876946327864547,835,0.0,1.0,False,False
Δ(LOC−BNS),missing_EB,0.003224460202302244,0.9258750838651829,835,0.0,1.0,False,False
Δ(LOC−BNS),missing_S2R,,,835,0.0,,False,False
Δ(LOC−BNS),num_OB,-0.006986482354890607,0.840241966055601,835,0.0,1.0,False,False
Δ(LOC−BNS),num_EB,-0.003590154895691466,0.917496822482029,835,0.0,1.0,False,False
Δ(LOC−BNS),num_S2R,,,835,0.0,,False,False
Δ(LOC−BNS),cat_is_missing,,,835,0.0,,False,False
Δ(LOC−BNS),fg_cat_is_missing,-0.015172241028707453,0.6615377499442792,835,0.0,1.0,False,False
Δ(LOC−BNS),txt_title_char_len,0.01978596000257863,0.5680391278333973,835,0.0,1.0,False,False
Δ(LOC−BNS),txt_title_word_count,0.01129845626462648,0.7444200779361012,835,0.0,1.0,False,False
Δ(LOC−BNS),txt_title_line_count,,,835,0.0,,False,False
Δ(LOC−BNS),txt_title_avg_word_len,0.04424774443690555,0.20149308167434019,835,0.0,1.0,False,False
Δ(LOC−BNS),txt_title_avg_words_per_line,0.01129845626462648,0.7444200779361012,835,0.0,1.0,False,False
Δ(LOC−BNS),txt_title_avg_sentence_len,-0.0007386531060042097,0.9829964370783955,835,0.0,1.0,False,False
Δ(LOC−BNS),txt_title_hedge_count,0.022382444306736405,0.5183549100436378,835,0.0,1.0,False,False
Δ(LOC−BNS),txt_title_hedge_density,0.022016195806859627,0.5252249260691135,835,0.0,1.0,False,False
Δ(LOC−BNS),txt_title_has_code_like,0.02571712868018531,0.4580018618134226,835,0.0,1.0,False,False
Δ(LOC−BNS),txt_title_question_density,0.01873482948224678,0.5887799009929169,835,0.0,1.0,False,False
Δ(LOC−BNS),txt_title_exclaim_density,,,835,0.0,,False,False
Δ(LOC−BNS),txt_title_digit_density,0.007633709649218827,0.8256692667353763,835,0.0,1.0,False,False
Δ(LOC−BNS),txt_title_uniq_word_ratio,0.04771365357118901,0.16836686457648095,835,0.0,1.0,False,False
Δ(LOC−BNS),txt_title_is_missing,,,835,0.0,,False,False
Δ(LOC−BNS),txt_reasoning_char_len,0.017991169119526983,0.6036612781958802,835,0.0,1.0,False,False
Δ(LOC−BNS),txt_reasoning_word_count,0.012755528279290024,0.7128350319013389,835,0.0,1.0,False,False
Δ(LOC−BNS),txt_reasoning_line_count,,,835,0.0,,False,False
Δ(LOC−BNS),txt_reasoning_avg_word_len,0.03500537537881495,0.3123408054527918,835,0.0,1.0,False,False
Δ(LOC−BNS),txt_reasoning_avg_words_per_line,0.012755528279290024,0.7128350319013389,835,0.0,1.0,False,False
Δ(LOC−BNS),txt_reasoning_avg_sentence_len,0.004599670470793719,0.8944184978866926,835,0.0,1.0,False,False
Δ(LOC−BNS),txt_reasoning_hedge_count,0.04139919827674728,0.23208442732851656,835,0.0,1.0,False,False
Δ(LOC−BNS),txt_reasoning_hedge_density,0.03863451613742957,0.2647899702438082,835,0.0,1.0,False,False
Δ(LOC−BNS),txt_reasoning_has_code_like,0.11248979005504725,0.0011298720729499502,835,0.0,1.0,False,False
Δ(LOC−BNS),txt_reasoning_question_density,,,835,0.0,,False,False
Δ(LOC−BNS),txt_reasoning_exclaim_density,0.007841598413858526,0.8210009688214952,835,0.0,1.0,False,False
Δ(LOC−BNS),txt_reasoning_digit_density,-0.0015206313571951926,0.9650041057251673,835,0.0,1.0,False,False
Δ(LOC−BNS),txt_reasoning_uniq_word_ratio,-0.04868438263828398,0.15986438326255803,835,0.0,1.0,False,False
Δ(LOC−BNS),txt_reasoning_is_missing,,,835,0.0,,False,False
Δ(LOC−BNS),txt_fine_grained_reasoning_char_len,0.016610621442641325,0.6317247705499693,835,0.0,1.0,False,False
Δ(LOC−BNS),txt_fine_grained_reasoning_word_count,-0.013791502454951933,0.6906698204629448,835,0.0,1.0,False,False
Δ(LOC−BNS),txt_fine_grained_reasoning_line_count,0.015172241028707453,0.6615377499442792,835,0.0,1.0,False,False
Δ(LOC−BNS),txt_fine_grained_reasoning_avg_word_len,0.054888607406066194,0.11298900885733516,835,0.0,1.0,False,False
Δ(LOC−BNS),txt_fine_grained_reasoning_avg_words_per_line,-0.019448155973300605,0.5746664849630494,835,0.0,1.0,False,False
Δ(LOC−BNS),txt_fine_grained_reasoning_avg_sentence_len,-0.05029532682103881,0.14647544092802617,835,0.0,1.0,False,False
Δ(LOC−BNS),txt_fine_grained_reasoning_hedge_count,-0.017347384224506202,0.6166786316251649,835,0.0,1.0,False,False
Δ(LOC−BNS),txt_fine_grained_reasoning_hedge_density,-0.01607132744443677,0.642836023573419,835,0.0,1.0,False,False
Δ(LOC−BNS),txt_fine_grained_reasoning_has_code_like,0.02823531606787145,0.41516490054176036,835,0.0,1.0,False,False
Δ(LOC−BNS),txt_fine_grained_reasoning_question_density,,,835,0.0,,False,False
Δ(LOC−BNS),txt_fine_grained_reasoning_exclaim_density,0.009208482541044874,0.7904712610586146,835,0.0,1.0,False,False
Δ(LOC−BNS),txt_fine_grained_reasoning_digit_density,-0.0042032398007662355,0.9034716808694359,835,0.0,1.0,False,False
Δ(LOC−BNS),txt_fine_grained_reasoning_uniq_word_ratio,0.03483108726833766,0.31475764008376467,835,0.0,1.0,False,False
Δ(LOC−BNS),txt_fine_grained_reasoning_is_missing,-0.015172241028707453,0.6615377499442792,835,0.0,1.0,False,False
Δ(LOC−BNS),txt_likely_impacted_code_concepts_char_len,-0.0276258976299092,0.4253091277026818,835,0.0,1.0,False,False
Δ(LOC−BNS),txt_likely_impacted_code_concepts_word_count,-0.0244455978589241,0.4805388366732225,835,0.0,1.0,False,False
Δ(LOC−BNS),txt_likely_impacted_code_concepts_line_count,,,835,0.0,,False,False
Δ(LOC−BNS),txt_likely_impacted_code_concepts_avg_word_len,0.004359020090866784,0.8999126065965881,835,0.0,1.0,False,False
Δ(LOC−BNS),txt_likely_impacted_code_concepts_avg_words_per_line,-0.0244455978589241,0.4805388366732225,835,0.0,1.0,False,False
Δ(LOC−BNS),txt_likely_impacted_code_concepts_avg_sentence_len,-0.02283959323211254,0.5098453263405254,835,0.0,1.0,False,False
Δ(LOC−BNS),txt_likely_impacted_code_concepts_hedge_count,,,835,0.0,,False,False
Δ(LOC−BNS),txt_likely_impacted_code_concepts_hedge_density,,,835,0.0,,False,False
Δ(LOC−BNS),txt_likely_impacted_code_concepts_has_code_like,-0.011980189538832255,0.729584902523619,835,0.0,1.0,False,False
Δ(LOC−BNS),txt_likely_impacted_code_concepts_question_density,,,835,0.0,,False,False
Δ(LOC−BNS),txt_likely_impacted_code_concepts_exclaim_density,,,835,0.0,,False,False
Δ(LOC−BNS),txt_likely_impacted_code_concepts_digit_density,-0.024898207084842656,0.47244823852744045,835,0.0,1.0,False,False
Δ(LOC−BNS),txt_likely_impacted_code_concepts_uniq_word_ratio,-0.027764786351811677,0.42298459552567513,835,0.0,1.0,False,False
Δ(LOC−BNS),txt_likely_impacted_code_concepts_is_missing,,,835,0.0,,False,False
Δ(LOC−BNS),concept_num_concepts,-0.05812949487431694,0.09322330342134796,835,0.0,1.0,False,False
Δ(LOC−BNS),concept_is_missing,-0.01568208420078371,0.6509057709100955,835,0.0,1.0,False,False
Δ(LOC−BNS),concept__deserialization,-0.04345214200085387,0.20972552642902417,835,0.0,1.0,False,False
Δ(LOC−BNS),concept__html_parsing,0.020930782930939057,0.5458544838185533,835,0.0,1.0,False,False
Δ(LOC−BNS),concept__json_parsing,-0.016137025444074346,0.6414780863302962,835,0.0,1.0,False,False
Δ(LOC−BNS),concept__reflection,0.002112319674320437,0.9514014233550765,835,0.0,1.0,False,False
Δ(LOC−BNS),concept__serialization,-0.05346352982286923,0.12266307019444622,835,0.0,1.0,False,False
Δ(LOC−BNS),concept__string_manipulation,0.08370751547516961,0.01554327437667282,835,0.0,1.0,False,False
Δ(BL−LOC),summary_chars,-0.051085788007209976,0.14022722211743627,835,0.0,1.0,False,False
Δ(BL−LOC),description_chars,-0.01379583509208349,0.6905776592840447,835,0.0,1.0,False,False
Δ(BL−LOC),n_tokens,-0.0024165477952234143,0.9444125864530659,835,0.0,1.0,False,False
Δ(BL−LOC),n_words,0.01742366519836136,0.6151298215862893,835,0.0,1.0,False,False
Δ(BL−LOC),n_sentences,0.01307702264375083,0.7059294967859336,835,0.0,1.0,False,False
Δ(BL−LOC),flesch_reading_ease,-0.024093626870424684,0.4868822003173272,835,0.0,1.0,False,False
Δ(BL−LOC),smog_index,-0.011234517846155848,0.7458164060829254,835,0.0,1.0,False,False
Δ(BL−LOC),gunning_fog,-0.019130080960413808,0.5809399635591266,835,0.0,1.0,False,False
Δ(BL−LOC),coleman_liau_index,0.03149015139661901,0.36344873469922867,835,0.0,1.0,False,False
Δ(BL−LOC),automated_readability_index,0.010641787558205128,0.7587999650476137,835,0.0,1.0,False,False
Δ(BL−LOC),has_stacktrace,0.05416765296000776,0.11780537198454986,835,0.0,1.0,False,False
Δ(BL−LOC),has_code,-0.005633171897860075,0.8708840634521818,835,0.0,1.0,False,False
Δ(BL−LOC),has_patch,-0.044088886168166544,0.20311777210584195,835,0.0,1.0,False,False
Δ(BL−LOC),has_enumeration,-0.02015185832781068,0.5609020334389471,835,0.0,1.0,False,False
Δ(BL−LOC),num_causal_markers,0.006083398226053421,0.860666034956766,835,0.0,1.0,False,False
Δ(BL−LOC),num_temporal_markers,0.03283063430984908,0.34337371576375175,835,0.0,1.0,False,False
Δ(BL−LOC),causal_density,-0.024351824516022188,0.4822244524453878,835,0.0,1.0,False,False
Δ(BL−LOC),temporal_density,0.030231506470820423,0.38295123345641535,835,0.0,1.0,False,False
Δ(BL−LOC),num_os_mentions,-0.04267364363840688,0.21801365762931937,835,0.0,1.0,False,False
Δ(BL−LOC),num_browser_mentions,-0.09282862339687206,0.00727059321197665,835,0.0,1.0,False,False
Δ(BL−LOC),num_env_mentions,0.03064901747656953,0.3764121642965017,835,0.0,1.0,False,False
Δ(BL−LOC),num_versions,-0.008686815033027083,0.8020877466737837,835,0.0,1.0,False,False
Δ(BL−LOC),has_os_info,-0.04339115728092244,0.21036644930228238,835,0.0,1.0,False,False
Δ(BL−LOC),has_version_info,-0.044469157974466045,0.1992444315163394,835,0.0,1.0,False,False
Δ(BL−LOC),num_exception_types,0.035982041369056264,0.2990238506954171,835,0.0,1.0,False,False
Δ(BL−LOC),stacktrace_depth,0.014512510970162215,0.6753968959311727,835,0.0,1.0,False,False
Δ(BL−LOC),num_caused_by,-0.020158139572459096,0.5607798928018068,835,0.0,1.0,False,False
Δ(BL−LOC),behavior_verb_count,,,835,0.0,,False,False
Δ(BL−LOC),behavior_verb_density,,,835,0.0,,False,False
Δ(BL−LOC),num_modal_verbs,-0.030290708353257246,0.38201980758794574,835,0.0,1.0,False,False
Δ(BL−LOC),num_negative_modals,-0.012300945225867402,0.7226393591400542,835,0.0,1.0,False,False
Δ(BL−LOC),modal_density,-0.036235589713057556,0.2956294642125769,835,0.0,1.0,False,False
Δ(BL−LOC),redundancy,0.0009537853814046699,0.9780452666092996,835,0.0,1.0,False,False
Δ(BL−LOC),ambiguity,0.023779261033715172,0.49258578759463745,835,0.0,1.0,False,False
Δ(BL−LOC),actionability,-0.06395716687790426,0.06471052867314839,835,0.0,1.0,False,False
Δ(BL−LOC),clarity,-0.05340350948240191,0.12308426740803825,835,0.0,1.0,False,False
Δ(BL−LOC),specificity,-0.05933852318416065,0.08660052046788756,835,0.0,1.0,False,False
Δ(BL−LOC),expected_observed_alignment,-0.029928120268259816,0.38774618351046597,835,0.0,1.0,False,False
Δ(BL−LOC),technical_depth,-0.029651654904590236,0.39214731193036345,835,0.0,1.0,False,False
Δ(BL−LOC),hidden_s2r_present,0.016607066018016807,0.6317977564906103,835,0.0,1.0,False,False
Δ(BL−LOC),causal_reasoning_quality,-0.0437063187975443,0.2070694376978157,835,0.0,1.0,False,False
Δ(BL−LOC),contradiction_present,0.00777066931546528,0.8225930325266639,835,0.0,1.0,False,False
Δ(BL−LOC),repair_difficulty,0.09888238686011955,0.004235431159034019,835,0.0,1.0,False,False
Δ(BL−LOC),description_length,-0.010134531541265514,0.7699655599772226,835,0.0,1.0,False,False
Δ(BL−LOC),confidence,-0.025249886198162364,0.4662138723429924,835,0.0,1.0,False,False
Δ(BL−LOC),fine_grained_description_length,-0.002074242641410801,0.9522764163979704,835,0.0,1.0,False,False
Δ(BL−LOC),fine_grained_confidence,-0.05290862196899335,0.12660027816075525,835,0.0,1.0,False,False
Δ(BL−LOC),has_OB,-0.052178349973632666,0.1319305639177666,835,0.0,1.0,False,False
Δ(BL−LOC),has_EB,0.02440625323929343,0.4812456824743846,835,0.0,1.0,False,False
Δ(BL−LOC),has_S2R,,,835,0.0,,False,False
Δ(BL−LOC),missing_OB,0.052178349973632666,0.1319305639177666,835,0.0,1.0,False,False
Δ(BL−LOC),missing_EB,-0.02440625323929343,0.4812456824743846,835,0.0,1.0,False,False
Δ(BL−LOC),missing_S2R,,,835,0.0,,False,False
Δ(BL−LOC),num_OB,0.03063855118835579,0.3765752424791523,835,0.0,1.0,False,False
Δ(BL−LOC),num_EB,0.0074045766312890345,0.8308217512840221,835,0.0,1.0,False,False
Δ(BL−LOC),num_S2R,,,835,0.0,,False,False
Δ(BL−LOC),cat_is_missing,,,835,0.0,,False,False
Δ(BL−LOC),fg_cat_is_missing,0.04182792834259588,0.22728085430048586,835,0.0,1.0,False,False
Δ(BL−LOC),txt_title_char_len,-0.05048065095228066,0.14499179462270317,835,0.0,1.0,False,False
Δ(BL−LOC),txt_title_word_count,-0.050103289401717425,0.14802503417191482,835,0.0,1.0,False,False
Δ(BL−LOC),txt_title_line_count,,,835,0.0,,False,False
Δ(BL−LOC),txt_title_avg_word_len,-0.04370717306127541,0.20706055211759963,835,0.0,1.0,False,False
Δ(BL−LOC),txt_title_avg_words_per_line,-0.050103289401717425,0.14802503417191482,835,0.0,1.0,False,False
Δ(BL−LOC),txt_title_avg_sentence_len,-0.03643116385221539,0.29302887019101026,835,0.0,1.0,False,False
Δ(BL−LOC),txt_title_hedge_count,-0.06167118259968654,0.07489626832476602,835,0.0,1.0,False,False
Δ(BL−LOC),txt_title_hedge_density,-0.06146673791852855,0.07586761348403787,835,0.0,1.0,False,False
Δ(BL−LOC),txt_title_has_code_like,-0.04746356417569963,0.17061129225604107,835,0.0,1.0,False,False
Δ(BL−LOC),txt_title_question_density,-0.03268734209262528,0.345485265643637,835,0.0,1.0,False,False
Δ(BL−LOC),txt_title_exclaim_density,,,835,0.0,,False,False
Δ(BL−LOC),txt_title_digit_density,-0.05208454498555361,0.1326276488703947,835,0.0,1.0,False,False
Δ(BL−LOC),txt_title_uniq_word_ratio,-0.0297965363809852,0.3898371438631838,835,0.0,1.0,False,False
Δ(BL−LOC),txt_title_is_missing,,,835,0.0,,False,False
Δ(BL−LOC),txt_reasoning_char_len,0.01980639697345094,0.5676393498964176,835,0.0,1.0,False,False
Δ(BL−LOC),txt_reasoning_word_count,0.030711178594678486,0.37544451104989995,835,0.0,1.0,False,False
Δ(BL−LOC),txt_reasoning_line_count,,,835,0.0,,False,False
Δ(BL−LOC),txt_reasoning_avg_word_len,-0.013715952988112002,0.692277596741972,835,0.0,1.0,False,False
Δ(BL−LOC),txt_reasoning_avg_words_per_line,0.030711178594678486,0.37544451104989995,835,0.0,1.0,False,False
Δ(BL−LOC),txt_reasoning_avg_sentence_len,0.029216835316367228,0.39913021456819975,835,0.0,1.0,False,False
Δ(BL−LOC),txt_reasoning_hedge_count,-0.02329359612553422,0.5014670965461363,835,0.0,1.0,False,False
Δ(BL−LOC),txt_reasoning_hedge_density,-0.022791424763324446,0.5107385045788538,835,0.0,1.0,False,False
Δ(BL−LOC),txt_reasoning_has_code_like,-0.012933165569780348,0.7090165260713632,835,0.0,1.0,False,False
Δ(BL−LOC),txt_reasoning_question_density,,,835,0.0,,False,False
Δ(BL−LOC),txt_reasoning_exclaim_density,-0.03381680165063594,0.3290654592704868,835,0.0,1.0,False,False
Δ(BL−LOC),txt_reasoning_digit_density,0.03223755079195585,0.3521669077607369,835,0.0,1.0,False,False
Δ(BL−LOC),txt_reasoning_uniq_word_ratio,0.024624679611153184,0.4773286893758695,835,0.0,1.0,False,False
Δ(BL−LOC),txt_reasoning_is_missing,,,835,0.0,,False,False
Δ(BL−LOC),txt_fine_grained_reasoning_char_len,-0.03373890471332816,0.3301814293816868,835,0.0,1.0,False,False
Δ(BL−LOC),txt_fine_grained_reasoning_word_count,-0.02299938490661629,0.5068881946718111,835,0.0,1.0,False,False
Δ(BL−LOC),txt_fine_grained_reasoning_line_count,-0.04182792834259588,0.22728085430048586,835,0.0,1.0,False,False
Δ(BL−LOC),txt_fine_grained_reasoning_avg_word_len,-0.0211759332466799,0.5411602653129411,835,0.0,1.0,False,False
Δ(BL−LOC),txt_fine_grained_reasoning_avg_words_per_line,-0.011866952670107102,0.7320422315740458,835,0.0,1.0,False,False
Δ(BL−LOC),txt_fine_grained_reasoning_avg_sentence_len,0.001228307940934983,0.9717285073581741,835,0.0,1.0,False,False
Δ(BL−LOC),txt_fine_grained_reasoning_hedge_count,0.036732841214096104,0.2890475391006972,835,0.0,1.0,False,False
Δ(BL−LOC),txt_fine_grained_reasoning_hedge_density,0.03553307920417687,0.30509780350042576,835,0.0,1.0,False,False
Δ(BL−LOC),txt_fine_grained_reasoning_has_code_like,0.04399916180035223,0.20403960744034733,835,0.0,1.0,False,False
Δ(BL−LOC),txt_fine_grained_reasoning_question_density,,,835,0.0,,False,False
Δ(BL−LOC),txt_fine_grained_reasoning_exclaim_density,-0.04309843444410835,0.2134625353886032,835,0.0,1.0,False,False
Δ(BL−LOC),txt_fine_grained_reasoning_digit_density,0.03764760665599754,0.2771983325199616,835,0.0,1.0,False,False
Δ(BL−LOC),txt_fine_grained_reasoning_uniq_word_ratio,0.0020356053996190035,0.9531643414874209,835,0.0,1.0,False,False
Δ(BL−LOC),txt_fine_grained_reasoning_is_missing,0.04182792834259588,0.22728085430048586,835,0.0,1.0,False,False
Δ(BL−LOC),txt_likely_impacted_code_concepts_char_len,0.018973141595332494,0.5840470645084004,835,0.0,1.0,False,False
Δ(BL−LOC),txt_likely_impacted_code_concepts_word_count,0.022991073936972032,0.5070417767590811,835,0.0,1.0,False,False
Δ(BL−LOC),txt_likely_impacted_code_concepts_line_count,,,835,0.0,,False,False
Δ(BL−LOC),txt_likely_impacted_code_concepts_avg_word_len,-0.03893519891173831,0.2610866347368306,835,0.0,1.0,False,False
Δ(BL−LOC),txt_likely_impacted_code_concepts_avg_words_per_line,0.022991073936972032,0.5070417767590811,835,0.0,1.0,False,False
Δ(BL−LOC),txt_likely_impacted_code_concepts_avg_sentence_len,0.020294520404964735,0.55813110212674,835,0.0,1.0,False,False
Δ(BL−LOC),txt_likely_impacted_code_concepts_hedge_count,,,835,0.0,,False,False
Δ(BL−LOC),txt_likely_impacted_code_concepts_hedge_density,,,835,0.0,,False,False
Δ(BL−LOC),txt_likely_impacted_code_concepts_has_code_like,0.02294555231344578,0.5078834237199565,835,0.0,1.0,False,False
Δ(BL−LOC),txt_likely_impacted_code_concepts_question_density,,,835,0.0,,False,False
Δ(BL−LOC),txt_likely_impacted_code_concepts_exclaim_density,,,835,0.0,,False,False
Δ(BL−LOC),txt_likely_impacted_code_concepts_digit_density,0.01610100864227293,0.6422223835888672,835,0.0,1.0,False,False
Δ(BL−LOC),txt_likely_impacted_code_concepts_uniq_word_ratio,-0.037549631515832745,0.2784513995929935,835,0.0,1.0,False,False
Δ(BL−LOC),txt_likely_impacted_code_concepts_is_missing,,,835,0.0,,False,False
Δ(BL−LOC),concept_num_concepts,0.058791670184310384,0.08954751712651433,835,0.0,1.0,False,False
Δ(BL−LOC),concept_is_missing,0.016909083261065005,0.62561076320425,835,0.0,1.0,False,False
Δ(BL−LOC),concept__deserialization,0.031412957099637755,0.36462668922601105,835,0.0,1.0,False,False
Δ(BL−LOC),concept__html_parsing,-0.025373332495338703,0.46403634670785066,835,0.0,1.0,False,False
Δ(BL−LOC),concept__json_parsing,0.05525575158605457,0.1105965341239568,835,0.0,1.0,False,False
Δ(BL−LOC),concept__reflection,0.031996452397609836,0.3557818096422053,835,0.0,1.0,False,False
Δ(BL−LOC),concept__serialization,0.011055712870255877,0.749725676698263,835,0.0,1.0,False,False
Δ(BL−LOC),concept__string_manipulation,-0.0689740500301474,0.04631764995360943,835,0.0,1.0,False,False
Δ(LOC−BL),summary_chars,0.051085788007209976,0.14022722211743627,835,0.0,1.0,False,False
Δ(LOC−BL),description_chars,0.01379583509208349,0.6905776592840447,835,0.0,1.0,False,False
Δ(LOC−BL),n_tokens,0.0024165477952234143,0.9444125864530659,835,0.0,1.0,False,False
Δ(LOC−BL),n_words,-0.01742366519836136,0.6151298215862893,835,0.0,1.0,False,False
Δ(LOC−BL),n_sentences,-0.01307702264375083,0.7059294967859336,835,0.0,1.0,False,False
Δ(LOC−BL),flesch_reading_ease,0.024093626870424684,0.4868822003173272,835,0.0,1.0,False,False
Δ(LOC−BL),smog_index,0.011234517846155848,0.7458164060829254,835,0.0,1.0,False,False
Δ(LOC−BL),gunning_fog,0.019130080960413808,0.5809399635591266,835,0.0,1.0,False,False
Δ(LOC−BL),coleman_liau_index,-0.03149015139661901,0.36344873469922867,835,0.0,1.0,False,False
Δ(LOC−BL),automated_readability_index,-0.010641787558205128,0.7587999650476137,835,0.0,1.0,False,False
Δ(LOC−BL),has_stacktrace,-0.05416765296000776,0.11780537198454986,835,0.0,1.0,False,False
Δ(LOC−BL),has_code,0.005633171897860075,0.8708840634521818,835,0.0,1.0,False,False
Δ(LOC−BL),has_patch,0.044088886168166544,0.20311777210584195,835,0.0,1.0,False,False
Δ(LOC−BL),has_enumeration,0.02015185832781068,0.5609020334389471,835,0.0,1.0,False,False
Δ(LOC−BL),num_causal_markers,-0.006083398226053421,0.860666034956766,835,0.0,1.0,False,False
Δ(LOC−BL),num_temporal_markers,-0.03283063430984908,0.34337371576375175,835,0.0,1.0,False,False
Δ(LOC−BL),causal_density,0.024351824516022188,0.4822244524453878,835,0.0,1.0,False,False
Δ(LOC−BL),temporal_density,-0.030231506470820423,0.38295123345641535,835,0.0,1.0,False,False
Δ(LOC−BL),num_os_mentions,0.04267364363840688,0.21801365762931937,835,0.0,1.0,False,False
Δ(LOC−BL),num_browser_mentions,0.09282862339687206,0.00727059321197665,835,0.0,1.0,False,False
Δ(LOC−BL),num_env_mentions,-0.03064901747656953,0.3764121642965017,835,0.0,1.0,False,False
Δ(LOC−BL),num_versions,0.008686815033027083,0.8020877466737837,835,0.0,1.0,False,False
Δ(LOC−BL),has_os_info,0.04339115728092244,0.21036644930228238,835,0.0,1.0,False,False
Δ(LOC−BL),has_version_info,0.044469157974466045,0.1992444315163394,835,0.0,1.0,False,False
Δ(LOC−BL),num_exception_types,-0.035982041369056264,0.2990238506954171,835,0.0,1.0,False,False
Δ(LOC−BL),stacktrace_depth,-0.014512510970162215,0.6753968959311727,835,0.0,1.0,False,False
Δ(LOC−BL),num_caused_by,0.020158139572459096,0.5607798928018068,835,0.0,1.0,False,False
Δ(LOC−BL),behavior_verb_count,,,835,0.0,,False,False
Δ(LOC−BL),behavior_verb_density,,,835,0.0,,False,False
Δ(LOC−BL),num_modal_verbs,0.030290708353257246,0.38201980758794574,835,0.0,1.0,False,False
Δ(LOC−BL),num_negative_modals,0.012300945225867402,0.7226393591400542,835,0.0,1.0,False,False
Δ(LOC−BL),modal_density,0.036235589713057556,0.2956294642125769,835,0.0,1.0,False,False
Δ(LOC−BL),redundancy,-0.0009537853814046699,0.9780452666092996,835,0.0,1.0,False,False
Δ(LOC−BL),ambiguity,-0.023779261033715172,0.49258578759463745,835,0.0,1.0,False,False
Δ(LOC−BL),actionability,0.06395716687790426,0.06471052867314839,835,0.0,1.0,False,False
Δ(LOC−BL),clarity,0.05340350948240191,0.12308426740803825,835,0.0,1.0,False,False
Δ(LOC−BL),specificity,0.05933852318416065,0.08660052046788756,835,0.0,1.0,False,False
Δ(LOC−BL),expected_observed_alignment,0.029928120268259816,0.38774618351046597,835,0.0,1.0,False,False
Δ(LOC−BL),technical_depth,0.029651654904590236,0.39214731193036345,835,0.0,1.0,False,False
Δ(LOC−BL),hidden_s2r_present,-0.016607066018016807,0.6317977564906103,835,0.0,1.0,False,False
Δ(LOC−BL),causal_reasoning_quality,0.0437063187975443,0.2070694376978157,835,0.0,1.0,False,False
Δ(LOC−BL),contradiction_present,-0.00777066931546528,0.8225930325266639,835,0.0,1.0,False,False
Δ(LOC−BL),repair_difficulty,-0.09888238686011955,0.004235431159034019,835,0.0,1.0,False,False
Δ(LOC−BL),description_length,0.010134531541265514,0.7699655599772226,835,0.0,1.0,False,False
Δ(LOC−BL),confidence,0.025249886198162364,0.4662138723429924,835,0.0,1.0,False,False
Δ(LOC−BL),fine_grained_description_length,0.002074242641410801,0.9522764163979704,835,0.0,1.0,False,False
Δ(LOC−BL),fine_grained_confidence,0.05290862196899335,0.12660027816075525,835,0.0,1.0,False,False
Δ(LOC−BL),has_OB,0.052178349973632666,0.1319305639177666,835,0.0,1.0,False,False
Δ(LOC−BL),has_EB,-0.02440625323929343,0.4812456824743846,835,0.0,1.0,False,False
Δ(LOC−BL),has_S2R,,,835,0.0,,False,False
Δ(LOC−BL),missing_OB,-0.052178349973632666,0.1319305639177666,835,0.0,1.0,False,False
Δ(LOC−BL),missing_EB,0.02440625323929343,0.4812456824743846,835,0.0,1.0,False,False
Δ(LOC−BL),missing_S2R,,,835,0.0,,False,False
Δ(LOC−BL),num_OB,-0.03063855118835579,0.3765752424791523,835,0.0,1.0,False,False
Δ(LOC−BL),num_EB,-0.0074045766312890345,0.8308217512840221,835,0.0,1.0,False,False
Δ(LOC−BL),num_S2R,,,835,0.0,,False,False
Δ(LOC−BL),cat_is_missing,,,835,0.0,,False,False
Δ(LOC−BL),fg_cat_is_missing,-0.04182792834259588,0.22728085430048586,835,0.0,1.0,False,False
Δ(LOC−BL),txt_title_char_len,0.05048065095228066,0.14499179462270317,835,0.0,1.0,False,False
Δ(LOC−BL),txt_title_word_count,0.050103289401717425,0.14802503417191482,835,0.0,1.0,False,False
Δ(LOC−BL),txt_title_line_count,,,835,0.0,,False,False
Δ(LOC−BL),txt_title_avg_word_len,0.04370717306127541,0.20706055211759963,835,0.0,1.0,False,False
Δ(LOC−BL),txt_title_avg_words_per_line,0.050103289401717425,0.14802503417191482,835,0.0,1.0,False,False
Δ(LOC−BL),txt_title_avg_sentence_len,0.03643116385221539,0.29302887019101026,835,0.0,1.0,False,False
Δ(LOC−BL),txt_title_hedge_count,0.06167118259968654,0.07489626832476602,835,0.0,1.0,False,False
Δ(LOC−BL),txt_title_hedge_density,0.06146673791852855,0.07586761348403787,835,0.0,1.0,False,False
Δ(LOC−BL),txt_title_has_code_like,0.04746356417569963,0.17061129225604107,835,0.0,1.0,False,False
Δ(LOC−BL),txt_title_question_density,0.03268734209262528,0.345485265643637,835,0.0,1.0,False,False
Δ(LOC−BL),txt_title_exclaim_density,,,835,0.0,,False,False
Δ(LOC−BL),txt_title_digit_density,0.05208454498555361,0.1326276488703947,835,0.0,1.0,False,False
Δ(LOC−BL),txt_title_uniq_word_ratio,0.0297965363809852,0.3898371438631838,835,0.0,1.0,False,False
Δ(LOC−BL),txt_title_is_missing,,,835,0.0,,False,False
Δ(LOC−BL),txt_reasoning_char_len,-0.01980639697345094,0.5676393498964176,835,0.0,1.0,False,False
Δ(LOC−BL),txt_reasoning_word_count,-0.030711178594678486,0.37544451104989995,835,0.0,1.0,False,False
Δ(LOC−BL),txt_reasoning_line_count,,,835,0.0,,False,False
Δ(LOC−BL),txt_reasoning_avg_word_len,0.013715952988112002,0.692277596741972,835,0.0,1.0,False,False
Δ(LOC−BL),txt_reasoning_avg_words_per_line,-0.030711178594678486,0.37544451104989995,835,0.0,1.0,False,False
Δ(LOC−BL),txt_reasoning_avg_sentence_len,-0.029216835316367228,0.39913021456819975,835,0.0,1.0,False,False
Δ(LOC−BL),txt_reasoning_hedge_count,0.02329359612553422,0.5014670965461363,835,0.0,1.0,False,False
Δ(LOC−BL),txt_reasoning_hedge_density,0.022791424763324446,0.5107385045788538,835,0.0,1.0,False,False
Δ(LOC−BL),txt_reasoning_has_code_like,0.012933165569780348,0.7090165260713632,835,0.0,1.0,False,False
Δ(LOC−BL),txt_reasoning_question_density,,,835,0.0,,False,False
Δ(LOC−BL),txt_reasoning_exclaim_density,0.03381680165063594,0.3290654592704868,835,0.0,1.0,False,False
Δ(LOC−BL),txt_reasoning_digit_density,-0.03223755079195585,0.3521669077607369,835,0.0,1.0,False,False
Δ(LOC−BL),txt_reasoning_uniq_word_ratio,-0.024624679611153184,0.4773286893758695,835,0.0,1.0,False,False
Δ(LOC−BL),txt_reasoning_is_missing,,,835,0.0,,False,False
Δ(LOC−BL),txt_fine_grained_reasoning_char_len,0.03373890471332816,0.3301814293816868,835,0.0,1.0,False,False
Δ(LOC−BL),txt_fine_grained_reasoning_word_count,0.02299938490661629,0.5068881946718111,835,0.0,1.0,False,False
Δ(LOC−BL),txt_fine_grained_reasoning_line_count,0.04182792834259588,0.22728085430048586,835,0.0,1.0,False,False
Δ(LOC−BL),txt_fine_grained_reasoning_avg_word_len,0.0211759332466799,0.5411602653129411,835,0.0,1.0,False,False
Δ(LOC−BL),txt_fine_grained_reasoning_avg_words_per_line,0.011866952670107102,0.7320422315740458,835,0.0,1.0,False,False
Δ(LOC−BL),txt_fine_grained_reasoning_avg_sentence_len,-0.001228307940934983,0.9717285073581741,835,0.0,1.0,False,False
Δ(LOC−BL),txt_fine_grained_reasoning_hedge_count,-0.036732841214096104,0.2890475391006972,835,0.0,1.0,False,False
Δ(LOC−BL),txt_fine_grained_reasoning_hedge_density,-0.03553307920417687,0.30509780350042576,835,0.0,1.0,False,False
Δ(LOC−BL),txt_fine_grained_reasoning_has_code_like,-0.04399916180035223,0.20403960744034733,835,0.0,1.0,False,False
Δ(LOC−BL),txt_fine_grained_reasoning_question_density,,,835,0.0,,False,False
Δ(LOC−BL),txt_fine_grained_reasoning_exclaim_density,0.04309843444410835,0.2134625353886032,835,0.0,1.0,False,False
Δ(LOC−BL),txt_fine_grained_reasoning_digit_density,-0.03764760665599754,0.2771983325199616,835,0.0,1.0,False,False
Δ(LOC−BL),txt_fine_grained_reasoning_uniq_word_ratio,-0.0020356053996190035,0.9531643414874209,835,0.0,1.0,False,False
Δ(LOC−BL),txt_fine_grained_reasoning_is_missing,-0.04182792834259588,0.22728085430048586,835,0.0,1.0,False,False
Δ(LOC−BL),txt_likely_impacted_code_concepts_char_len,-0.018973141595332494,0.5840470645084004,835,0.0,1.0,False,False
Δ(LOC−BL),txt_likely_impacted_code_concepts_word_count,-0.022991073936972032,0.5070417767590811,835,0.0,1.0,False,False
Δ(LOC−BL),txt_likely_impacted_code_concepts_line_count,,,835,0.0,,False,False
Δ(LOC−BL),txt_likely_impacted_code_concepts_avg_word_len,0.03893519891173831,0.2610866347368306,835,0.0,1.0,False,False
Δ(LOC−BL),txt_likely_impacted_code_concepts_avg_words_per_line,-0.022991073936972032,0.5070417767590811,835,0.0,1.0,False,False
Δ(LOC−BL),txt_likely_impacted_code_concepts_avg_sentence_len,-0.020294520404964735,0.55813110212674,835,0.0,1.0,False,False
Δ(LOC−BL),txt_likely_impacted_code_concepts_hedge_count,,,835,0.0,,False,False
Δ(LOC−BL),txt_likely_impacted_code_concepts_hedge_density,,,835,0.0,,False,False
Δ(LOC−BL),txt_likely_impacted_code_concepts_has_code_like,-0.02294555231344578,0.5078834237199565,835,0.0,1.0,False,False
Δ(LOC−BL),txt_likely_impacted_code_concepts_question_density,,,835,0.0,,False,False
Δ(LOC−BL),txt_likely_impacted_code_concepts_exclaim_density,,,835,0.0,,False,False
Δ(LOC−BL),txt_likely_impacted_code_concepts_digit_density,-0.01610100864227293,0.6422223835888672,835,0.0,1.0,False,False
Δ(LOC−BL),txt_likely_impacted_code_concepts_uniq_word_ratio,0.037549631515832745,0.2784513995929935,835,0.0,1.0,False,False
Δ(LOC−BL),txt_likely_impacted_code_concepts_is_missing,,,835,0.0,,False,False
Δ(LOC−BL),concept_num_concepts,-0.058791670184310384,0.08954751712651433,835,0.0,1.0,False,False
Δ(LOC−BL),concept_is_missing,-0.016909083261065005,0.62561076320425,835,0.0,1.0,False,False
Δ(LOC−BL),concept__deserialization,-0.031412957099637755,0.36462668922601105,835,0.0,1.0,False,False
Δ(LOC−BL),concept__html_parsing,0.025373332495338703,0.46403634670785066,835,0.0,1.0,False,False
Δ(LOC−BL),concept__json_parsing,-0.05525575158605457,0.1105965341239568,835,0.0,1.0,False,False
Δ(LOC−BL),concept__reflection,-0.031996452397609836,0.3557818096422053,835,0.0,1.0,False,False
Δ(LOC−BL),concept__serialization,-0.011055712870255877,0.749725676698263,835,0.0,1.0,False,False
Δ(LOC−BL),concept__string_manipulation,0.0689740500301474,0.04631764995360943,835,0.0,1.0,False,False
