tool_a,tool_b,feature,n_a,n_b,median_a,median_b,mean_a,mean_b,median_diff,u_statistic,p_value,cliffs_delta,effect_size,pval_adj,reject,significant,abs_delta,practically_significant
BRaIn,FlexFL,txt_likely_impacted_code_concepts_avg_word_len,25,49,-0.1462390483573012,-0.1462390483573012,0.09375172197904043,-0.208473752667267,0.0,784.5,0.03268442086523992,0.2808163265306122,small,1.0,False,False,0.2808163265306122,False
BRaIn,FlexFL,embedding_std,25,49,0.280997679643926,0.5054389137541712,-0.3400799470241921,0.2121090826716176,-0.22444123411024514,449.0,0.062433839733550475,-0.26693877551020406,small,1.0,False,False,0.26693877551020406,False
BRaIn,FlexFL,embedding_mean,25,49,0.0422301725083949,0.2087569354636715,-0.33720630325826945,0.20436904396697916,-0.1665267629552766,449.5,0.06326931734368377,-0.26612244897959186,small,1.0,False,False,0.26612244897959186,False
BRaIn,FlexFL,num_modal_verbs,25,49,-0.0804807840834863,-0.5746091275372439,0.37411729189397064,-0.17123905124846223,0.4941283434537576,775.0,0.04104854140138386,0.2653061224489796,small,1.0,False,False,0.2653061224489796,False
BRaIn,FlexFL,embedding_sparsity,25,49,0.2591098774656933,-0.0303305876632091,0.3112091611888965,-0.05691185486892438,0.2894404651289024,772.0,0.06854459806428545,0.26040816326530614,small,1.0,False,False,0.26040816326530614,False
BRaIn,FlexFL,gunning_fog,25,49,0.0,-0.3510575467362363,0.12164064962297641,-0.22344203141835495,0.3510575467362363,753.5,0.10830272351387803,0.23020408163265307,small,1.0,False,False,0.23020408163265307,False
BRaIn,FlexFL,quality_std,25,49,-0.6141221745332237,-0.6141221745332237,0.30166052536863175,-0.2855975146688701,0.0,741.0,0.045452299417585565,0.20979591836734693,small,1.0,False,False,0.20979591836734693,False
BRaIn,FlexFL,semantic_spread_pc1,25,49,0.1823572659541105,-0.0521363646471635,0.1189838191262021,-0.22641444054360704,0.234493630601274,733.0,0.17017495100644386,0.19673469387755102,small,1.0,False,False,0.19673469387755102,False
BRaIn,FlexFL,embedding_cluster_distance,25,49,0.0640402002222395,-0.4033538053588345,-0.11920650962355707,-0.4388670420667956,0.467394005581074,731.5,0.17561006156192993,0.19428571428571428,small,1.0,False,False,0.19428571428571428,False
BRaIn,FlexFL,num_negative_modals,25,49,-0.2577319414569243,-0.2577319414569243,0.3114083457934076,-0.20328612316129305,0.0,728.0,0.02055424818968078,0.18857142857142858,small,1.0,False,False,0.18857142857142858,False
BRaIn,FlexFL,semantic_coherence,25,49,-0.0963269328104807,0.1053371080482209,0.02480256632875564,0.34168988254730737,-0.2016640408587016,502.0,0.2086311297754092,-0.18040816326530612,small,1.0,False,False,0.18040816326530612,False
BRaIn,FlexFL,ambiguity,25,49,-0.5855868655187282,-0.5855868655187282,0.12167292665918068,-0.16860998766378982,0.0,701.5,0.24090316597769745,0.14530612244897959,negligible,1.0,False,False,0.14530612244897959,False
BRaIn,FlexFL,embedding_cluster,25,49,2.0,1.0,3.68,2.877551020408163,1.0,695.5,0.3193681956150035,0.13551020408163264,negligible,1.0,False,False,0.13551020408163264,False
BRaIn,FlexFL,num_temporal_markers,25,49,-0.4635308650875505,-0.4635308650875505,-0.0825437513668211,-0.05709748774168889,0.0,692.5,0.2349121795342647,0.1306122448979592,negligible,1.0,False,False,0.1306122448979592,False
BRaIn,FlexFL,description_chars,25,49,-0.3648935603033021,-0.402453486690538,-0.36523030447091187,-0.14176750921403297,0.037559926387235876,535.5,0.3819203770663473,-0.12571428571428572,negligible,1.0,False,False,0.12571428571428572,False
BRaIn,FlexFL,txt_reasoning_digit_density,25,49,-0.2000607604811334,-0.2000607604811334,0.36212940847708175,-0.1569584191448734,0.0,686.5,0.07597929150612533,0.12081632653061225,negligible,1.0,False,False,0.12081632653061225,False
BRaIn,FlexFL,concept_network_infra_concepts,25,49,-0.148431208798588,-0.148431208798588,0.6778358535135518,-0.14843120879858798,0.0,686.0,0.014603694332779346,0.12,negligible,1.0,False,False,0.12,False
BRaIn,FlexFL,txt_root_cause_guess_hedge_count,25,49,-0.5556774509255208,1.799605145636966,0.4806468915619734,0.7421313267721757,-2.355282596562487,544.5,0.37292212451762385,-0.1110204081632653,negligible,1.0,False,False,0.1110204081632653,False
BRaIn,FlexFL,txt_root_cause_guess_avg_word_len,25,49,-0.2901334006840222,-0.2901334006840222,-0.23647071529615765,-0.19862279559302404,0.0,545.5,0.4106594737233794,-0.10938775510204081,negligible,1.0,False,False,0.10938775510204081,False
BRaIn,FlexFL,clarity_specificity_gap,25,49,-0.4497603897317977,-0.4497603897317977,-0.02541019151027114,-0.3198572678272487,0.0,677.5,0.23283090992870303,0.10612244897959183,negligible,1.0,False,False,0.10612244897959183,False
BRaIn,FlexFL,num_OB,25,49,-0.0777818550633016,-0.0777818550633016,0.19213128354597356,0.08144624009842004,0.0,551.5,0.4874562984691406,-0.09959183673469388,negligible,1.0,False,False,0.09959183673469388,False
BRaIn,FlexFL,concept__reflection,25,49,0.0,0.0,0.12,0.02040816326530612,0.0,673.5,0.07752618333692797,0.09959183673469388,negligible,1.0,False,False,0.09959183673469388,False
BRaIn,FlexFL,repair_difficulty,25,49,0.7913689832670419,1.5143373651357288,0.5600191010690619,0.7323511561757202,-0.722968381868687,552.5,0.4599566850000506,-0.09795918367346938,negligible,1.0,False,False,0.09795918367346938,False
BRaIn,FlexFL,redundancy,25,49,0.0889678091248501,0.3419996848989602,0.034712610780736425,0.13786076684061951,-0.2530318757741101,553.0,0.5000630244424422,-0.09714285714285714,negligible,1.0,False,False,0.09714285714285714,False
BRaIn,FlexFL,txt_reasoning_avg_sentence_len,25,49,-0.1307782368282674,-0.2475199498496658,-0.12610856830741146,-0.2062235615699875,0.11674171302139841,668.0,0.5281752383636693,0.09061224489795919,negligible,1.0,False,False,0.09061224489795919,False
BRaIn,FlexFL,description_length,25,49,-0.6046795619411115,-1.0231586669890729,-0.4806231080822944,-0.4807546360382294,0.4184791050479614,663.5,0.5348127984607953,0.08326530612244898,negligible,1.0,False,False,0.08326530612244898,False
BRaIn,FlexFL,num_exception_types,25,49,-0.5251530779927517,-0.5251530779927517,-0.184095329007459,-0.027984347693491327,0.0,562.0,0.4266847667067385,-0.08244897959183674,negligible,1.0,False,False,0.08244897959183674,False
BRaIn,FlexFL,concept_network_ui_concepts,25,49,-0.1397713115629224,-0.1397713115629224,0.44377391421227874,-0.13977131156292244,0.0,661.5,0.04846617453800712,0.08,negligible,1.0,False,False,0.08,False
BRaIn,FlexFL,technical_depth,25,49,-0.4775297293173347,-1.5820652528075685,-0.521711150256944,-0.6916743716266657,1.1045355234902339,661.0,0.5524587862489387,0.07918367346938776,negligible,1.0,False,False,0.07918367346938776,False
BRaIn,FlexFL,num_browser_mentions,25,49,-0.390976846636182,-0.390976846636182,0.10744401892292016,-0.08582121466122149,0.0,660.0,0.38338566783436434,0.07755102040816327,negligible,1.0,False,False,0.07755102040816327,False
BRaIn,FlexFL,embedding_min,25,49,0.218724345125349,0.223523753069386,-0.05118532220008795,0.19329528454936998,-0.004799407944036993,565.5,0.5950918348108019,-0.07673469387755102,negligible,1.0,False,False,0.07673469387755102,False
BRaIn,FlexFL,reasoning_composite,25,49,-0.31697461235302,-0.8421210435331218,-0.6110566138138769,-0.7456655765816744,0.5251464311801017,658.5,0.5876275874446266,0.07510204081632653,negligible,1.0,False,False,0.07510204081632653,False
BRaIn,FlexFL,txt_reasoning_avg_word_len,25,49,-0.1324876271700873,-0.4001908719618544,-0.11685386894893254,-0.27758053824891293,0.2677032447917671,658.0,0.6070389371317522,0.07428571428571429,negligible,1.0,False,False,0.07428571428571429,False
BRaIn,FlexFL,embedding_cluster_size,25,49,0.4146459595637947,0.4146459595637947,0.3299640438022882,0.4869674714719139,0.0,567.5,0.5906976052385542,-0.07346938775510205,negligible,1.0,False,False,0.07346938775510205,False
BRaIn,FlexFL,embedding_max,25,49,-0.0209561997722207,0.5478698168163857,0.291395253559597,0.43957492808755544,-0.5688260165886064,568.5,0.6190597580993326,-0.07183673469387755,negligible,1.0,False,False,0.07183673469387755,False
BRaIn,FlexFL,technical_depth_consistency,25,49,0.2728966222079432,0.2728966222079432,0.3366361129893784,0.4246573145446944,0.0,570.5,0.6284397983546135,-0.06857142857142857,negligible,1.0,False,False,0.06857142857142857,False
BRaIn,FlexFL,completeness_score,25,49,-0.1877149484641514,-0.1877149484641514,-0.3165439747388635,-0.2096246468101909,0.0,571.5,0.6245840018277742,-0.06693877551020408,negligible,1.0,False,False,0.06693877551020408,False
BRaIn,FlexFL,concept_network_concept_diversity,25,49,-0.6994917613887949,-0.6994917613887949,-0.2558900241029895,-0.3222793997512053,0.0,653.5,0.49624740414387003,0.06693877551020408,negligible,1.0,False,False,0.06693877551020408,False
BRaIn,FlexFL,concept_network_concept_breadth,25,49,0.410786675927473,-1.610864843126201,-0.39787393169399665,-0.5381517921997616,2.021651519053674,651.5,0.6297180944162615,0.0636734693877551,negligible,1.0,False,False,0.0636734693877551,False
BRaIn,FlexFL,num_versions,25,49,-0.3124943305803233,-0.3124943305803233,-0.19675802306498982,-0.11924261116696502,0.0,574.0,0.6244425760409943,-0.06285714285714286,negligible,1.0,False,False,0.06285714285714286,False
BRaIn,FlexFL,txt_title_digit_density,25,49,-0.6450552541976357,-0.6450552541976357,-0.5205274325898659,-0.3482170036494845,0.0,574.0,0.44430608552438333,-0.06285714285714286,negligible,1.0,False,False,0.06285714285714286,False
BRaIn,FlexFL,concept_network_logic_concepts,25,49,-0.5091620179301407,-0.5091620179301407,-0.41965669477821066,-0.28083211193031926,0.0,574.5,0.3647190150774694,-0.062040816326530614,negligible,1.0,False,False,0.062040816326530614,False
BRaIn,FlexFL,concept__deserialization,25,49,0.0,0.0,0.04,0.10204081632653061,0.0,574.5,0.3647190150774694,-0.062040816326530614,negligible,1.0,False,False,0.062040816326530614,False
BRaIn,FlexFL,concept_network_network_concepts,25,49,-0.2193996860397714,-0.2193996860397714,-0.21939968603977142,0.04765386766753053,0.0,575.0,0.21580626927971713,-0.061224489795918366,negligible,1.0,False,False,0.061224489795918366,False
BRaIn,FlexFL,causal_reasoning_consistency,25,49,0.7820593740711346,0.7820593740711349,0.3654990433041644,0.4070050546530943,-3.3306690738754696e-16,575.5,0.6697517495570887,-0.060408163265306125,negligible,1.0,False,False,0.060408163265306125,False
BRaIn,FlexFL,txt_reasoning_has_code_like,25,49,0.0,0.0,0.08,0.02040816326530612,0.0,649.0,0.22847215308569935,0.05959183673469388,negligible,1.0,False,False,0.05959183673469388,False
BRaIn,FlexFL,concept__html_parsing,25,49,0.0,0.0,0.12,0.061224489795918366,0.0,648.5,0.39085497403597413,0.05877551020408163,negligible,1.0,False,False,0.05877551020408163,False
BRaIn,FlexFL,semantic_spread_pc2,25,49,0.1118788475209216,0.1710512209220148,-0.15598299240624963,-0.25659238707241866,-0.0591723734010932,641.0,0.74892880438022,0.04653061224489796,negligible,1.0,False,False,0.04653061224489796,False
BRaIn,FlexFL,actionability,25,49,-0.163033776330488,-1.6812479388132866,-0.6286194528252129,-0.741401076323935,1.5182141624827987,640.5,0.7335200148830109,0.045714285714285714,negligible,1.0,False,False,0.045714285714285714,False
BRaIn,FlexFL,summary_chars,25,49,-0.8058683276097268,-0.8058683276097268,-0.7125444295106712,-0.5870454662398177,0.0,586.5,0.6603257614233343,-0.04244897959183674,negligible,1.0,False,False,0.04244897959183674,False
BRaIn,FlexFL,concept_network_has_cross_layer_concepts,25,49,0.0,0.0,0.0,0.04081632653061224,0.0,587.5,0.31886138613918824,-0.04081632653061224,negligible,1.0,False,False,0.04081632653061224,False
BRaIn,FlexFL,concept_network_data_concepts,25,49,-0.2832083787067895,-0.2832083787067895,-0.2832083787067895,-0.12752767020108233,0.0,587.5,0.31886138613918824,-0.04081632653061224,negligible,1.0,False,False,0.04081632653061224,False
BRaIn,FlexFL,concept__string_manipulation,25,49,0.0,0.0,0.0,0.04081632653061224,0.0,587.5,0.31886138613918824,-0.04081632653061224,negligible,1.0,False,False,0.04081632653061224,False
BRaIn,FlexFL,txt_root_cause_guess_digit_density,25,49,-0.1710687069843892,-0.1710687069843892,-0.06518169712390987,-0.17106870698438922,0.0,637.0,0.17024139590961385,0.04,negligible,1.0,False,False,0.04,False
BRaIn,FlexFL,embedding_norm,25,49,-0.0622098565876286,-0.0622098565876286,0.017705885019092465,-0.021436519033179068,0.0,636.5,0.6509950792620005,0.03918367346938775,negligible,1.0,False,False,0.03918367346938775,False
BRaIn,FlexFL,ambiguity_type_count,25,49,0.5643045720484069,1.7403303232807357,0.6113456020977,0.684307199725175,-1.1760257512323289,588.5,0.7616224739498795,-0.03918367346938775,negligible,1.0,False,False,0.03918367346938775,False
BRaIn,FlexFL,concept__serialization,25,49,0.0,0.0,0.08,0.04081632653061224,0.0,636.5,0.49292413682743286,0.03918367346938775,negligible,1.0,False,False,0.03918367346938775,False
BRaIn,FlexFL,num_EB,25,49,0.2959479588785432,-0.673136533919824,-0.014159078816934297,-0.0007105593250385885,0.9690844927983672,636.0,0.7714325812694427,0.03836734693877551,negligible,1.0,False,False,0.03836734693877551,False
BRaIn,FlexFL,consistency_composite,25,49,0.4309578227953485,0.732592174877592,0.46112125800357295,0.5417622786622952,-0.3016343520822435,589.0,0.7921109227805772,-0.03836734693877551,negligible,1.0,False,False,0.03836734693877551,False
BRaIn,FlexFL,num_causal_markers,25,49,-0.4554019288379759,-0.4554019288379759,-0.128946078737748,-0.10377714698398888,0.0,591.0,0.8055364907855564,-0.03510204081632653,negligible,1.0,False,False,0.03510204081632653,False
BRaIn,FlexFL,causal_reasoning_quality,25,49,-0.6522192995069321,-1.6524086752429987,-0.6722230870216535,-0.7236613977737941,1.0001893757360665,631.5,0.8174104876214284,0.031020408163265307,negligible,1.0,False,False,0.031020408163265307,False
BRaIn,FlexFL,has_input_ambiguity,25,49,1.0,1.0,0.52,0.5510204081632653,0.0,593.5,0.8065177620238038,-0.031020408163265307,negligible,1.0,False,False,0.031020408163265307,False
BRaIn,FlexFL,clarity,25,49,-0.2346268238579989,-1.7301489453956265,-0.6334327229346995,-0.7331341977038748,1.4955221215376275,630.5,0.8276134479971564,0.029387755102040815,negligible,1.0,False,False,0.029387755102040815,False
BRaIn,FlexFL,embedding_cluster_separation,25,49,0.3225329240176027,0.4474791802280871,0.5554943490136384,0.4030470810405687,-0.12494625621048439,629.5,0.8504166872093711,0.027755102040816326,negligible,1.0,False,False,0.027755102040816326,False
BRaIn,FlexFL,semantic_entropy,25,49,0.3409737021551381,0.4978435081071266,-0.07457600467679609,-0.13447482974853503,-0.15686980595198846,629.0,0.8548877948930456,0.026938775510204082,negligible,1.0,False,False,0.026938775510204082,False
BRaIn,FlexFL,num_env_mentions,25,49,-0.2192296649910203,-0.2192296649910203,0.04703472812534619,0.12039328541250835,0.0,599.0,0.7694640316429773,-0.022040816326530613,negligible,1.0,False,False,0.022040816326530613,False
BRaIn,FlexFL,num_caused_by,25,49,-0.1602391524099254,-0.1602391524099254,-0.1602391524099254,-0.00853882104678734,0.0,600.0,0.4928932964396343,-0.02040816326530612,negligible,1.0,False,False,0.02040816326530612,False
BRaIn,FlexFL,exception_library_frames,25,49,-0.1983965354258864,-0.1983965354258864,-0.1983965354258864,-0.08791160339933234,0.0,600.0,0.4928932964396343,-0.02040816326530612,negligible,1.0,False,False,0.02040816326530612,False
BRaIn,FlexFL,exception_avg_frame_package_depth,25,49,-0.3416459317228559,-0.3416459317228559,-0.34164593172285584,-0.28346476125916764,0.0,600.0,0.4928932964396343,-0.02040816326530612,negligible,1.0,False,False,0.02040816326530612,False
BRaIn,FlexFL,txt_likely_impacted_code_concepts_digit_density,25,49,-0.1486940122073022,-0.1486940122073022,-0.1486940122073022,-0.07114066966825926,0.0,600.0,0.4928932964396343,-0.02040816326530612,negligible,1.0,False,False,0.02040816326530612,False
BRaIn,FlexFL,txt_reasoning_hedge_count,25,49,-0.3672299048237221,-0.3672299048237221,0.21684051522924555,0.37775787585608356,0.0,600.5,0.8603789298940533,-0.019591836734693877,negligible,1.0,False,False,0.019591836734693877,False
BRaIn,FlexFL,txt_title_avg_word_len,25,49,-0.3969089280843758,-0.3969089280843758,-0.3969089280843757,-0.47609702566159373,0.0,623.5,0.8516544560613717,0.017959183673469388,negligible,1.0,False,False,0.017959183673469388,False
BRaIn,FlexFL,concept__json_parsing,25,49,0.0,0.0,0.16,0.14285714285714285,0.0,623.0,0.8528660714896275,0.017142857142857144,negligible,1.0,False,False,0.017142857142857144,False
BRaIn,FlexFL,n_sentences,25,49,-0.1927790342493305,-0.1927790342493305,-0.1476471201563798,-0.08724096983129098,0.0,606.5,0.9497287309587568,-0.009795918367346938,negligible,1.0,False,False,0.009795918367346938,False
BRaIn,FlexFL,specificity,25,49,-0.6417461765634193,-1.6614570375157598,-0.6417461765634193,-0.6729618151640011,1.0197108609523404,616.0,0.9703349794547056,0.005714285714285714,negligible,1.0,False,False,0.005714285714285714,False
BRaIn,FlexFL,expected_observed_alignment,25,49,-0.7508759403905653,-1.719935307046086,-0.6733511910581236,-0.6816574142008854,0.9690593666555208,610.5,0.9848473393420758,-0.0032653061224489797,negligible,1.0,False,False,0.0032653061224489797,False
BRaIn,FlexFL,num_os_mentions,25,49,-0.3565391088761866,-0.3565391088761866,-0.04315999739027521,-0.036764505319134166,0.0,611.0,0.9838951747302057,-0.0024489795918367346,negligible,1.0,False,False,0.0024489795918367346,False
BRaIn,FlexFL,stacktrace_depth,25,49,-0.2020454871191189,-0.2020454871191189,-0.20204548711911893,-0.20204548711911888,0.0,612.5,1.0,0.0,negligible,1.0,False,False,0.0,False
BRaIn,FlexFL,exception_user_frames,25,49,-0.2073567129463963,-0.2073567129463963,-0.2073567129463963,-0.20735671294639627,0.0,612.5,1.0,0.0,negligible,1.0,False,False,0.0,False
BRaIn,FlexFL,num_S2R,25,49,0.0,0.0,0.0,0.0,0.0,612.5,1.0,0.0,negligible,1.0,False,False,0.0,False
BRaIn,FlexFL,txt_likely_impacted_code_concepts_has_code_like,25,49,0.0,0.0,0.0,0.0,0.0,612.5,1.0,0.0,negligible,1.0,False,False,0.0,False
BRaIn,FlexFL,txt_title_hedge_count,25,49,-0.1305847431833189,-0.1305847431833189,-0.13058474318331886,-0.13058474318331892,0.0,612.5,1.0,0.0,negligible,1.0,False,False,0.0,False
BRaIn,FlexFL,txt_title_question_density,25,49,-0.0586287119753727,-0.0586287119753727,-0.0586287119753727,-0.058628711975372685,0.0,612.5,1.0,0.0,negligible,1.0,False,False,0.0,False
BRaIn,FlexFL,txt_reasoning_exclaim_density,25,49,-0.0346271680532221,-0.0346271680532221,-0.0346271680532221,-0.03462716805322211,0.0,612.5,1.0,0.0,negligible,1.0,False,False,0.0,False
BRaIn,boostnsift,num_temporal_markers,25,11,-0.4635308650875505,-0.4635308650875505,-0.0825437513668211,-0.4635308650875505,0.0,187.0,0.025959245865147695,0.36,medium,1.0,False,False,0.36,False
BRaIn,boostnsift,num_modal_verbs,25,11,-0.0804807840834863,-0.5746091275372439,0.37411729189397064,-0.17032230107507862,0.4941283434537576,182.5,0.10017506639955055,0.32727272727272727,small,1.0,False,False,0.32727272727272727,False
BRaIn,boostnsift,num_causal_markers,25,11,-0.4554019288379759,-0.7576758641159647,-0.128946078737748,-0.5103608261612466,0.30227393527798874,179.5,0.13543216236508832,0.3054545454545455,small,1.0,False,False,0.3054545454545455,False
BRaIn,boostnsift,embedding_cluster_distance,25,11,0.0640402002222395,-0.3813911898100356,-0.11920650962355707,-0.8702431532448884,0.4454313900322751,179.0,0.1590193095741771,0.3018181818181818,small,1.0,False,False,0.3018181818181818,False
BRaIn,boostnsift,embedding_sparsity,25,11,0.2591098774656933,0.2591098774656933,0.3112091611888965,-0.2276763593420073,0.0,178.5,0.1599878906816362,0.29818181818181816,small,1.0,False,False,0.29818181818181816,False
BRaIn,boostnsift,txt_root_cause_guess_avg_word_len,25,11,-0.2901334006840222,-0.2901334006840222,-0.23647071529615765,-0.06049069016811203,0.0,96.5,0.14516135889817536,-0.29818181818181816,small,1.0,False,False,0.29818181818181816,False
BRaIn,boostnsift,quality_std,25,11,-0.6141221745332237,-0.6141221745332237,0.30166052536863175,-0.43119367074511766,0.0,175.5,0.09993060431970074,0.27636363636363637,small,1.0,False,False,0.27636363636363637,False
BRaIn,boostnsift,ambiguity,25,11,-0.5855868655187282,-0.5855868655187282,0.12167292665918068,-0.4367835144325369,0.0,175.0,0.14815112564466537,0.2727272727272727,small,1.0,False,False,0.2727272727272727,False
BRaIn,boostnsift,txt_likely_impacted_code_concepts_avg_word_len,25,11,-0.1462390483573012,-0.1462390483573012,0.09375172197904043,-0.19589283399451893,0.0,175.0,0.1791045458761371,0.2727272727272727,small,1.0,False,False,0.2727272727272727,False
BRaIn,boostnsift,num_EB,25,11,0.2959479588785432,-0.673136533919824,-0.014159078816934297,-0.23264358264783888,0.9690844927983672,168.5,0.23914235575710419,0.22545454545454546,small,1.0,False,False,0.22545454545454546,False
BRaIn,boostnsift,redundancy,25,11,0.0889678091248501,-0.6310404451616434,0.034712610780736425,-0.44292657051046286,0.7200082542864935,167.0,0.31916780977975034,0.21454545454545454,small,1.0,False,False,0.21454545454545454,False
BRaIn,boostnsift,embedding_cluster_size,25,11,0.4146459595637947,0.1845320580379615,0.3299640438022882,-0.12089184762359889,0.2301139015258332,167.0,0.3042308311604225,0.21454545454545454,small,1.0,False,False,0.21454545454545454,False
BRaIn,boostnsift,embedding_mean,25,11,0.0422301725083949,0.0503158042304711,-0.33720630325826945,0.03997749024558412,-0.0080856317220762,112.0,0.39046919561507953,-0.18545454545454546,small,1.0,False,False,0.18545454545454546,False
BRaIn,boostnsift,embedding_min,25,11,0.218724345125349,-0.204948085873011,-0.05118532220008795,-0.3593864370899134,0.42367243099836,163.0,0.39046919561507953,0.18545454545454546,small,1.0,False,False,0.18545454545454546,False
BRaIn,boostnsift,specificity,25,11,-0.6417461765634193,0.3779646843889213,-0.6417461765634193,-0.36364321448550824,-1.0197108609523404,112.5,0.37297794283286756,-0.18181818181818182,small,1.0,False,False,0.18181818181818182,False
BRaIn,boostnsift,num_versions,25,11,-0.3124943305803233,-0.1809757993128989,-0.19675802306498982,-0.12119464873679692,-0.13151853126742438,113.5,0.373508415414587,-0.17454545454545456,small,1.0,False,False,0.17454545454545456,False
BRaIn,boostnsift,actionability,25,11,-0.163033776330488,0.3430376111637781,-0.6286194528252129,-0.3930662251915182,-0.5060713874942662,114.5,0.41419483285764536,-0.16727272727272727,small,1.0,False,False,0.16727272727272727,False
BRaIn,boostnsift,clarity,25,11,-0.2346268238579989,0.2638805499878769,-0.6334327229346995,-0.4159022325292265,-0.49850737384587585,114.5,0.4125781876715333,-0.16727272727272727,small,1.0,False,False,0.16727272727272727,False
BRaIn,boostnsift,txt_reasoning_digit_density,25,11,-0.2000607604811334,-0.2000607604811334,0.36212940847708175,-0.2000607604811334,0.0,159.5,0.17606268741845177,0.16,small,1.0,False,False,0.16,False
BRaIn,boostnsift,semantic_spread_pc1,25,11,0.1823572659541105,0.1053774694642904,0.1189838191262021,-0.5215398862861446,0.0769797964898201,158.0,0.49207426622638184,0.14909090909090908,small,1.0,False,False,0.14909090909090908,False
BRaIn,boostnsift,concept_network_logic_concepts,25,11,-0.5091620179301407,-0.5091620179301407,-0.41965669477821066,-0.10231963996682249,0.0,118.0,0.1730429505093718,-0.14181818181818182,negligible,1.0,False,False,0.14181818181818182,False
BRaIn,boostnsift,concept_network_concept_diversity,25,11,-0.6994917613887949,-0.6994917613887949,-0.2558900241029895,-0.027367917016362462,0.0,120.5,0.46531612204952566,-0.12363636363636364,negligible,1.0,False,False,0.12363636363636364,False
BRaIn,boostnsift,causal_reasoning_consistency,25,11,0.7820593740711346,1.3946480957872676,0.3654990433041644,0.39223018752450484,-0.612588721716133,120.5,0.5604791373057905,-0.12363636363636364,negligible,1.0,False,False,0.12363636363636364,False
BRaIn,boostnsift,concept__html_parsing,25,11,0.0,0.0,0.12,0.0,0.0,154.0,0.25123248254020936,0.12,negligible,1.0,False,False,0.12,False
BRaIn,boostnsift,concept__reflection,25,11,0.0,0.0,0.12,0.0,0.0,154.0,0.25123248254020936,0.12,negligible,1.0,False,False,0.12,False
BRaIn,boostnsift,reasoning_composite,25,11,-0.31697461235302,-0.31697461235302,-0.6110566138138769,-0.3169746123530197,0.0,121.5,0.5823479744424332,-0.11636363636363636,negligible,1.0,False,False,0.11636363636363636,False
BRaIn,boostnsift,embedding_std,25,11,0.280997679643926,0.2590340114830652,-0.3400799470241921,0.010382824953140498,0.021963668160860816,122.0,0.6063481159289028,-0.11272727272727273,negligible,1.0,False,False,0.11272727272727273,False
BRaIn,boostnsift,causal_reasoning_quality,25,11,-0.6522192995069321,-1.1523139873749657,-0.6722230870216535,-0.5158298391792866,0.5000946878680336,122.0,0.5831215880236562,-0.11272727272727273,negligible,1.0,False,False,0.11272727272727273,False
BRaIn,boostnsift,num_browser_mentions,25,11,-0.390976846636182,-0.390976846636182,0.10744401892292016,-0.16442190774568102,0.0,152.5,0.4406279634842104,0.10909090909090909,negligible,1.0,False,False,0.10909090909090909,False
BRaIn,boostnsift,embedding_cluster,25,11,2.0,4.0,3.68,4.090909090909091,-2.0,122.5,0.6079763576845254,-0.10909090909090909,negligible,1.0,False,False,0.10909090909090909,False
BRaIn,boostnsift,description_chars,25,11,-0.3648935603033021,-0.1447146814815746,-0.36523030447091187,-0.30984884059787027,-0.22017887882172751,123.0,0.6305588829500526,-0.10545454545454545,negligible,1.0,False,False,0.10545454545454545,False
BRaIn,boostnsift,consistency_composite,25,11,0.4309578227953485,1.185043703000956,0.46112125800357295,0.5543536941017208,-0.7540858802056074,123.0,0.6284499959373955,-0.10545454545454545,negligible,1.0,False,False,0.10545454545454545,False
BRaIn,boostnsift,txt_title_digit_density,25,11,-0.6450552541976357,-0.6450552541976357,-0.5205274325898659,-0.44350555338975534,0.0,124.5,0.43150723811875946,-0.09454545454545454,negligible,1.0,False,False,0.09454545454545454,False
BRaIn,boostnsift,num_exception_types,25,11,-0.5251530779927517,-0.5251530779927517,-0.184095329007459,-0.19295397183824592,0.0,125.0,0.5498391958134417,-0.09090909090909091,negligible,1.0,False,False,0.09090909090909091,False
BRaIn,boostnsift,exception_user_frames,25,11,-0.2073567129463963,-0.2073567129463963,-0.2073567129463963,-0.1804042136764335,0.0,125.0,0.14782567034901334,-0.09090909090909091,negligible,1.0,False,False,0.09090909090909091,False
BRaIn,boostnsift,txt_likely_impacted_code_concepts_has_code_like,25,11,0.0,0.0,0.0,0.09090909090909091,0.0,125.0,0.14782567034901334,-0.09090909090909091,negligible,1.0,False,False,0.09090909090909091,False
BRaIn,boostnsift,num_negative_modals,25,11,-0.2577319414569243,-0.2577319414569243,0.3114083457934076,-0.09604435985171635,0.0,149.5,0.5868927100384345,0.08727272727272728,negligible,1.0,False,False,0.08727272727272728,False
BRaIn,boostnsift,n_sentences,25,11,-0.1927790342493305,-0.2868038552763112,-0.1476471201563798,-0.22696987825914172,0.0940248210269807,149.0,0.7046651740768843,0.08363636363636363,negligible,1.0,False,False,0.08363636363636363,False
BRaIn,boostnsift,technical_depth,25,11,-0.4775297293173347,0.0747380324277821,-0.521711150256944,-0.37711740900004076,-0.5522677617451168,126.5,0.7038148138325367,-0.08,negligible,1.0,False,False,0.08,False
BRaIn,boostnsift,num_OB,25,11,-0.0777818550633016,-0.4995211341402941,0.19213128354597356,-0.19280165844793595,0.4217392790769925,148.5,0.7170611403621101,0.08,negligible,1.0,False,False,0.08,False
BRaIn,boostnsift,clarity_specificity_gap,25,11,-0.4497603897317977,-0.4497603897317977,-0.02541019151027114,-0.2568739359947401,0.0,148.5,0.6340382721048559,0.08,negligible,1.0,False,False,0.08,False
BRaIn,boostnsift,concept_network_ui_concepts,25,11,-0.1397713115629224,-0.1397713115629224,0.44377391421227874,-0.1397713115629224,0.0,148.5,0.36360573774142557,0.08,negligible,1.0,False,False,0.08,False
BRaIn,boostnsift,concept__serialization,25,11,0.0,0.0,0.08,0.0,0.0,148.5,0.36360573774142557,0.08,negligible,1.0,False,False,0.08,False
BRaIn,boostnsift,expected_observed_alignment,25,11,-0.7508759403905653,-0.2663462570628048,-0.6733511910581236,-0.5306351752415833,-0.4845296833277605,127.5,0.7257303323445422,-0.07272727272727272,negligible,1.0,False,False,0.07272727272727272,False
BRaIn,boostnsift,semantic_coherence,25,11,-0.0963269328104807,0.0114514839302217,0.02480256632875564,0.5811116282036136,-0.1077784167407024,128.0,0.7572028297153336,-0.06909090909090909,negligible,1.0,False,False,0.06909090909090909,False
BRaIn,boostnsift,completeness_score,25,11,-0.1877149484641514,-0.1877149484641514,-0.3165439747388635,-0.5781059371754002,0.0,147.0,0.7396645668515964,0.06909090909090909,negligible,1.0,False,False,0.06909090909090909,False
BRaIn,boostnsift,concept__json_parsing,25,11,0.0,0.0,0.16,0.09090909090909091,0.0,147.0,0.605999915090705,0.06909090909090909,negligible,1.0,False,False,0.06909090909090909,False
BRaIn,boostnsift,txt_reasoning_avg_sentence_len,25,11,-0.1307782368282674,-0.2475199498496658,-0.12610856830741146,-0.3048295180601706,0.11674171302139841,147.0,0.7558132230648593,0.06909090909090909,negligible,1.0,False,False,0.06909090909090909,False
BRaIn,boostnsift,repair_difficulty,25,11,0.7913689832670419,0.0684006013983548,0.5600191010690619,0.39702259315684896,0.7229683818686871,146.5,0.7578607691600929,0.06545454545454546,negligible,1.0,False,False,0.06545454545454546,False
BRaIn,boostnsift,has_input_ambiguity,25,11,1.0,0.0,0.52,0.45454545454545453,1.0,146.5,0.736167090538943,0.06545454545454546,negligible,1.0,False,False,0.06545454545454546,False
BRaIn,boostnsift,technical_depth_consistency,25,11,0.2728966222079432,0.2728966222079432,0.3366361129893784,0.46604659427289924,0.0,128.5,0.7654673226329689,-0.06545454545454546,negligible,1.0,False,False,0.06545454545454546,False
BRaIn,boostnsift,concept_network_infra_concepts,25,11,-0.148431208798588,-0.148431208798588,0.6778358535135518,1.1034885825834422,0.0,129.0,0.6466065563335593,-0.06181818181818182,negligible,1.0,False,False,0.06181818181818182,False
BRaIn,boostnsift,txt_reasoning_hedge_count,25,11,-0.3672299048237221,-0.3672299048237221,0.21684051522924555,0.07524768612549583,0.0,145.5,0.7206812463663124,0.05818181818181818,negligible,1.0,False,False,0.05818181818181818,False
BRaIn,boostnsift,description_length,25,11,-0.6046795619411115,-0.4603261424297939,-0.4806231080822944,-0.3547453355971361,-0.14435341951131758,130.5,0.8152323216917471,-0.05090909090909091,negligible,1.0,False,False,0.05090909090909091,False
BRaIn,boostnsift,semantic_entropy,25,11,0.3409737021551381,0.3840927717717992,-0.07457600467679609,-0.2587601551582933,-0.043119069616661065,144.0,0.8367096519703029,0.04727272727272727,negligible,1.0,False,False,0.04727272727272727,False
BRaIn,boostnsift,embedding_max,25,11,-0.0209561997722207,0.5000658636107773,0.291395253559597,0.29339173612522274,-0.5210220633829981,143.0,0.8636314360928578,0.04,negligible,1.0,False,False,0.04,False
BRaIn,boostnsift,concept__deserialization,25,11,0.0,0.0,0.04,0.0,0.0,143.0,0.5464935954065822,0.04,negligible,1.0,False,False,0.04,False
BRaIn,boostnsift,txt_root_cause_guess_digit_density,25,11,-0.1710687069843892,-0.1710687069843892,-0.06518169712390987,-0.17106870698438922,0.0,143.0,0.5464935954065822,0.04,negligible,1.0,False,False,0.04,False
BRaIn,boostnsift,gunning_fog,25,11,0.0,0.0,0.12164064962297641,0.08483202762432507,0.0,142.0,0.8907125082802356,0.03272727272727273,negligible,1.0,False,False,0.03272727272727273,False
BRaIn,boostnsift,txt_title_avg_word_len,25,11,-0.3969089280843758,-0.3969089280843758,-0.3969089280843757,-0.4921473952001035,0.0,142.0,0.842338667959945,0.03272727272727273,negligible,1.0,False,False,0.03272727272727273,False
BRaIn,boostnsift,num_os_mentions,25,11,-0.3565391088761866,-0.3565391088761866,-0.04315999739027521,-0.1191306910838295,0.0,141.5,0.8253029213716813,0.02909090909090909,negligible,1.0,False,False,0.02909090909090909,False
BRaIn,boostnsift,concept_network_concept_breadth,25,11,0.410786675927473,0.410786675927473,-0.39787393169399665,-0.44688366548923714,0.0,141.5,0.8946380123599752,0.02909090909090909,negligible,1.0,False,False,0.02909090909090909,False
BRaIn,boostnsift,summary_chars,25,11,-0.8058683276097268,-0.8058683276097268,-0.7125444295106712,-0.5599228514782696,0.0,141.0,0.8814138051881354,0.025454545454545455,negligible,1.0,False,False,0.025454545454545455,False
BRaIn,boostnsift,semantic_spread_pc2,25,11,0.1118788475209216,0.1552142595516366,-0.15598299240624963,-0.2968585584002756,-0.04333541203071499,140.0,0.9452273492808584,0.01818181818181818,negligible,1.0,False,False,0.01818181818181818,False
BRaIn,boostnsift,embedding_cluster_separation,25,11,0.3225329240176027,0.502950031241528,0.5554943490136384,0.4097091985306147,-0.18041710722392534,140.0,0.9452273492808584,0.01818181818181818,negligible,1.0,False,False,0.01818181818181818,False
BRaIn,boostnsift,txt_reasoning_avg_word_len,25,11,-0.1324876271700873,-0.0992841239400999,-0.11685386894893254,-0.06033946875632406,-0.0332035032299874,140.0,0.94524142742881,0.01818181818181818,negligible,1.0,False,False,0.01818181818181818,False
BRaIn,boostnsift,txt_root_cause_guess_hedge_count,25,11,-0.5556774509255208,-0.5556774509255208,0.4806468915619734,0.5149055475119733,0.0,135.5,0.9522915872406855,-0.014545454545454545,negligible,1.0,False,False,0.014545454545454545,False
BRaIn,boostnsift,num_env_mentions,25,11,-0.2192296649910203,-0.2192296649910203,0.04703472812534619,0.08334350900485066,0.0,136.0,0.9428326516641778,-0.01090909090909091,negligible,1.0,False,False,0.01090909090909091,False
BRaIn,boostnsift,txt_reasoning_has_code_like,25,11,0.0,0.0,0.08,0.09090909090909091,0.0,136.0,0.9428326516641778,-0.01090909090909091,negligible,1.0,False,False,0.01090909090909091,False
BRaIn,boostnsift,ambiguity_type_count,25,11,0.5643045720484069,-0.2197125954398122,0.6113456020977,0.5286674280716697,0.784017167488219,137.0,1.0,-0.0036363636363636364,negligible,1.0,False,False,0.0036363636363636364,False
BRaIn,boostnsift,stacktrace_depth,25,11,-0.2020454871191189,-0.2020454871191189,-0.20204548711911893,-0.20204548711911888,0.0,137.5,1.0,0.0,negligible,1.0,False,False,0.0,False
BRaIn,boostnsift,num_caused_by,25,11,-0.1602391524099254,-0.1602391524099254,-0.1602391524099254,-0.1602391524099254,0.0,137.5,1.0,0.0,negligible,1.0,False,False,0.0,False
BRaIn,boostnsift,exception_library_frames,25,11,-0.1983965354258864,-0.1983965354258864,-0.1983965354258864,-0.19839653542588637,0.0,137.5,1.0,0.0,negligible,1.0,False,False,0.0,False
BRaIn,boostnsift,exception_avg_frame_package_depth,25,11,-0.3416459317228559,-0.3416459317228559,-0.34164593172285584,-0.3416459317228559,0.0,137.5,1.0,0.0,negligible,1.0,False,False,0.0,False
BRaIn,boostnsift,embedding_norm,25,11,-0.0622098565876286,-0.0622098565876286,0.017705885019092465,0.119416828882192,0.0,137.5,1.0,0.0,negligible,1.0,False,False,0.0,False
BRaIn,boostnsift,num_S2R,25,11,0.0,0.0,0.0,0.0,0.0,137.5,1.0,0.0,negligible,1.0,False,False,0.0,False
BRaIn,boostnsift,concept_network_has_cross_layer_concepts,25,11,0.0,0.0,0.0,0.0,0.0,137.5,1.0,0.0,negligible,1.0,False,False,0.0,False
BRaIn,boostnsift,concept_network_data_concepts,25,11,-0.2832083787067895,-0.2832083787067895,-0.2832083787067895,-0.28320837870678955,0.0,137.5,1.0,0.0,negligible,1.0,False,False,0.0,False
BRaIn,boostnsift,concept_network_network_concepts,25,11,-0.2193996860397714,-0.2193996860397714,-0.21939968603977142,-0.21939968603977136,0.0,137.5,1.0,0.0,negligible,1.0,False,False,0.0,False
BRaIn,boostnsift,concept__string_manipulation,25,11,0.0,0.0,0.0,0.0,0.0,137.5,1.0,0.0,negligible,1.0,False,False,0.0,False
BRaIn,boostnsift,txt_likely_impacted_code_concepts_digit_density,25,11,-0.1486940122073022,-0.1486940122073022,-0.1486940122073022,-0.1486940122073022,0.0,137.5,1.0,0.0,negligible,1.0,False,False,0.0,False
BRaIn,boostnsift,txt_title_hedge_count,25,11,-0.1305847431833189,-0.1305847431833189,-0.13058474318331886,-0.1305847431833189,0.0,137.5,1.0,0.0,negligible,1.0,False,False,0.0,False
BRaIn,boostnsift,txt_title_question_density,25,11,-0.0586287119753727,-0.0586287119753727,-0.0586287119753727,-0.05862871197537269,0.0,137.5,1.0,0.0,negligible,1.0,False,False,0.0,False
BRaIn,boostnsift,txt_reasoning_exclaim_density,25,11,-0.0346271680532221,-0.0346271680532221,-0.0346271680532221,-0.03462716805322209,0.0,137.5,1.0,0.0,negligible,1.0,False,False,0.0,False
BRaIn,buglocator,embedding_cluster_separation,25,9,0.3225329240176027,-0.3516639628184206,0.5554943490136384,-0.3690386022844401,0.6741968868360233,181.0,0.007943823546801275,0.6088888888888889,large,0.6672811779313071,False,False,0.6088888888888889,False
BRaIn,buglocator,consistency_composite,25,9,0.4309578227953485,-0.3231280574102589,0.46112125800357295,-0.3398855214148279,0.7540858802056074,160.5,0.06304097823839332,0.4266666666666667,medium,1.0,False,False,0.4266666666666667,False
BRaIn,buglocator,clarity,25,9,-0.2346268238579989,0.2638805499878769,-0.6334327229346995,0.04232171716748762,-0.49850737384587585,68.0,0.07218560328159715,-0.39555555555555555,medium,1.0,False,False,0.39555555555555555,False
BRaIn,buglocator,txt_reasoning_avg_sentence_len,25,9,-0.1307782368282674,0.1027051892145295,-0.12610856830741146,0.40536888964037743,-0.23348342604279687,68.5,0.08760967103342415,-0.39111111111111113,medium,1.0,False,False,0.39111111111111113,False
BRaIn,buglocator,causal_reasoning_consistency,25,9,0.7820593740711346,-0.4431180693611308,0.3654990433041644,-0.37505265583711606,1.2251774434322653,156.0,0.08943502903938194,0.38666666666666666,medium,1.0,False,False,0.38666666666666666,False
BRaIn,buglocator,repair_difficulty,25,9,0.7913689832670419,-0.6545677804703322,0.5600191010690619,-0.09225903901690895,1.445936763737374,154.0,0.0946337224978964,0.3688888888888889,medium,1.0,False,False,0.3688888888888889,False
BRaIn,buglocator,actionability,25,9,-0.163033776330488,0.3430376111637781,-0.6286194528252129,0.005656686167600646,-0.5060713874942662,71.5,0.09965243539673847,-0.36444444444444446,medium,1.0,False,False,0.36444444444444446,False
BRaIn,buglocator,specificity,25,9,-0.6417461765634193,0.3779646843889213,-0.6417461765634193,-0.018589539314766652,-1.0197108609523404,73.0,0.11263081576867619,-0.3511111111111111,medium,1.0,False,False,0.3511111111111111,False
BRaIn,buglocator,causal_reasoning_quality,25,9,-0.6522192995069321,0.3479700762291345,-0.6722230870216535,-0.0409924587793358,-1.0001893757360667,75.0,0.1307180127422973,-0.3333333333333333,medium,1.0,False,False,0.3333333333333333,False
BRaIn,buglocator,embedding_max,25,9,-0.0209561997722207,-0.1681646186147611,0.291395253559597,-0.337094409760208,0.14720841884254038,148.0,0.17185733906279932,0.31555555555555553,small,1.0,False,False,0.31555555555555553,False
BRaIn,buglocator,expected_observed_alignment,25,9,-0.7508759403905653,0.2181834262649555,-0.6733511910581236,-0.05099973113935579,-0.9690593666555207,78.5,0.16660153761892504,-0.3022222222222222,small,1.0,False,False,0.3022222222222222,False
BRaIn,buglocator,has_input_ambiguity,25,9,1.0,0.0,0.52,0.2222222222222222,1.0,146.0,0.13433459123739788,0.29777777777777775,small,1.0,False,False,0.29777777777777775,False
BRaIn,buglocator,ambiguity_type_count,25,9,0.5643045720484069,-0.6117211791839219,0.6113456020977,-0.04548655822020802,1.1760257512323289,146.0,0.15994775060462407,0.29777777777777775,small,1.0,False,False,0.29777777777777775,False
BRaIn,buglocator,technical_depth,25,9,-0.4775297293173347,0.627005794172899,-0.521711150256944,0.013374947789435869,-1.1045355234902337,79.5,0.18771319526312524,-0.29333333333333333,small,1.0,False,False,0.29333333333333333,False
BRaIn,buglocator,reasoning_composite,25,9,-0.31697461235302,0.2081718188270818,-0.6110566138138769,0.03312300843371469,-0.5251464311801017,80.0,0.20006332059986853,-0.28888888888888886,small,1.0,False,False,0.28888888888888886,False
BRaIn,buglocator,semantic_spread_pc2,25,9,0.1118788475209216,0.151886118099568,-0.15598299240624963,0.5607229658048383,-0.040007270578646406,81.0,0.22623434975083556,-0.28,small,1.0,False,False,0.28,False
BRaIn,buglocator,embedding_sparsity,25,9,0.2591098774656933,-0.31977105279211,0.3112091611888965,-0.19113084606815392,0.5788809302578033,144.0,0.2247410021559979,0.28,small,1.0,False,False,0.28,False
BRaIn,buglocator,semantic_coherence,25,9,-0.0963269328104807,-0.160378299823121,0.02480256632875564,-0.32730602321623725,0.06405136701264029,140.0,0.2918957005942149,0.24444444444444444,small,1.0,False,False,0.24444444444444444,False
BRaIn,buglocator,ambiguity,25,9,-0.5855868655187282,0.5350667621734899,0.12167292665918068,0.5691168690853763,-1.120653627692218,87.0,0.2969077429970771,-0.22666666666666666,small,1.0,False,False,0.22666666666666666,False
BRaIn,buglocator,concept_network_data_concepts,25,9,-0.2832083787067895,-0.2832083787067895,-0.2832083787067895,0.564386589824283,0.0,87.5,0.018991569258170058,-0.2222222222222222,small,1.0,False,False,0.2222222222222222,False
BRaIn,buglocator,txt_root_cause_guess_hedge_count,25,9,-0.5556774509255208,-0.5556774509255208,0.4806468915619734,-0.032281318356079315,0.0,137.0,0.26589504468347847,0.21777777777777776,small,1.0,False,False,0.21777777777777776,False
BRaIn,buglocator,concept_network_concept_breadth,25,9,0.410786675927473,0.410786675927473,-0.39787393169399665,0.1112827471787806,0.0,88.5,0.32180341978532556,-0.21333333333333335,small,1.0,False,False,0.21333333333333335,False
BRaIn,buglocator,description_length,25,9,-0.6046795619411115,-0.4515774503381989,-0.4806231080822944,-0.2063710525487723,-0.1531021116029126,89.5,0.36606160601047977,-0.20444444444444446,small,1.0,False,False,0.20444444444444446,False
BRaIn,buglocator,num_browser_mentions,25,9,-0.390976846636182,-0.390976846636182,0.10744401892292016,-0.390976846636182,0.0,135.0,0.16170029379688466,0.2,small,1.0,False,False,0.2,False
BRaIn,buglocator,embedding_cluster_distance,25,9,0.0640402002222395,0.1441699214613331,-0.11920650962355707,0.31214260484574646,-0.0801297212390936,90.0,0.3904552466150668,-0.2,small,1.0,False,False,0.2,False
BRaIn,buglocator,num_causal_markers,25,9,-0.4554019288379759,-0.1531279935599871,-0.128946078737748,0.014801970483340025,-0.30227393527798885,91.5,0.41265309349911494,-0.18666666666666668,small,1.0,False,False,0.18666666666666668,False
BRaIn,buglocator,technical_depth_consistency,25,9,0.2728966222079432,0.0073154106186277,0.3366361129893784,-0.11072068342106783,0.26558121158931547,133.5,0.4178967064491623,0.18666666666666668,small,1.0,False,False,0.18666666666666668,False
BRaIn,buglocator,txt_title_avg_word_len,25,9,-0.3969089280843758,-0.3969089280843758,-0.3969089280843757,-0.07062218488995205,0.0,92.0,0.20514449178253857,-0.18222222222222223,small,1.0,False,False,0.18222222222222223,False
BRaIn,buglocator,summary_chars,25,9,-0.8058683276097268,-0.8058683276097268,-0.7125444295106712,-0.4363233410472724,0.0,93.0,0.22871379204758802,-0.17333333333333334,small,1.0,False,False,0.17333333333333334,False
BRaIn,buglocator,num_EB,25,9,0.2959479588785432,-0.673136533919824,-0.014159078816934297,-0.24243231489832745,0.9690844927983672,132.0,0.40920307835954595,0.17333333333333334,small,1.0,False,False,0.17333333333333334,False
BRaIn,buglocator,concept__json_parsing,25,9,0.0,0.0,0.16,0.3333333333333333,0.0,93.0,0.28979696210762307,-0.17333333333333334,small,1.0,False,False,0.17333333333333334,False
BRaIn,buglocator,redundancy,25,9,0.0889678091248501,0.1246277731093516,0.034712610780736425,-0.13989709664713093,-0.0356599639845015,131.0,0.48227510850450095,0.16444444444444445,small,1.0,False,False,0.16444444444444445,False
BRaIn,buglocator,num_temporal_markers,25,9,-0.4635308650875505,-0.4635308650875505,-0.0825437513668211,-0.27111313088516187,0.0,130.0,0.4183070172715192,0.15555555555555556,small,1.0,False,False,0.15555555555555556,False
BRaIn,buglocator,description_chars,25,9,-0.3648935603033021,-0.243147592013641,-0.36523030447091187,-0.030883640208380938,-0.12174596828966111,95.5,0.5194506261806073,-0.1511111111111111,small,1.0,False,False,0.1511111111111111,False
BRaIn,buglocator,num_negative_modals,25,9,-0.2577319414569243,-0.2577319414569243,0.3114083457934076,-0.1589228638092972,0.0,129.0,0.3764623657676378,0.14666666666666667,negligible,1.0,False,False,0.14666666666666667,False
BRaIn,buglocator,semantic_spread_pc1,25,9,0.1823572659541105,0.461178799024742,0.1189838191262021,0.3706204420066511,-0.2788215330706315,96.0,0.5322493448159553,-0.14666666666666667,negligible,1.0,False,False,0.14666666666666667,False
BRaIn,buglocator,embedding_min,25,9,0.218724345125349,-0.070027462230033,-0.05118532220008795,-0.1301928860521971,0.288751807355382,129.0,0.5322493448159553,0.14666666666666667,negligible,1.0,False,False,0.14666666666666667,False
BRaIn,buglocator,txt_reasoning_has_code_like,25,9,0.0,0.0,0.08,0.2222222222222222,0.0,96.5,0.27846716987034703,-0.14222222222222222,negligible,1.0,False,False,0.14222222222222222,False
BRaIn,buglocator,txt_likely_impacted_code_concepts_avg_word_len,25,9,-0.1462390483573012,-0.1462390483573012,0.09375172197904043,-0.0865702752522884,0.0,128.0,0.5466884894605704,0.13777777777777778,negligible,1.0,False,False,0.13777777777777778,False
BRaIn,buglocator,clarity_specificity_gap,25,9,-0.4497603897317977,-0.4497603897317977,-0.02541019151027114,0.25748994063741343,0.0,97.5,0.4917480569896082,-0.13333333333333333,negligible,1.0,False,False,0.13333333333333333,False
BRaIn,buglocator,txt_title_digit_density,25,9,-0.6450552541976357,-0.6450552541976357,-0.5205274325898659,-0.33215622166133857,0.0,97.5,0.31183806853240015,-0.13333333333333333,negligible,1.0,False,False,0.13333333333333333,False
BRaIn,buglocator,n_sentences,25,9,-0.1927790342493305,-0.0047293921953691,-0.1476471201563798,-0.10920141555868106,-0.18804964205396138,98.0,0.5829873458856282,-0.1288888888888889,negligible,1.0,False,False,0.1288888888888889,False
BRaIn,buglocator,semantic_entropy,25,9,0.3409737021551381,0.6996880282898242,-0.07457600467679609,0.07754408114637217,-0.3587143261346861,98.0,0.5847195108305806,-0.1288888888888889,negligible,1.0,False,False,0.1288888888888889,False
BRaIn,buglocator,num_os_mentions,25,9,-0.3565391088761866,-0.3565391088761866,-0.04315999739027521,-0.3565391088761866,0.0,126.0,0.3018295720202123,0.12,negligible,1.0,False,False,0.12,False
BRaIn,buglocator,concept_network_infra_concepts,25,9,-0.148431208798588,-0.148431208798588,0.6778358535135518,-0.148431208798588,0.0,126.0,0.3018295720202123,0.12,negligible,1.0,False,False,0.12,False
BRaIn,buglocator,concept__reflection,25,9,0.0,0.0,0.12,0.0,0.0,126.0,0.3018295720202123,0.12,negligible,1.0,False,False,0.12,False
BRaIn,buglocator,txt_likely_impacted_code_concepts_has_code_like,25,9,0.0,0.0,0.0,0.1111111111111111,0.0,100.0,0.10959858339911595,-0.1111111111111111,negligible,1.0,False,False,0.1111111111111111,False
BRaIn,buglocator,txt_root_cause_guess_avg_word_len,25,9,-0.2901334006840222,-0.2901334006840222,-0.23647071529615765,-0.19405338600192903,0.0,100.0,0.629119658007228,-0.1111111111111111,negligible,1.0,False,False,0.1111111111111111,False
BRaIn,buglocator,txt_reasoning_avg_word_len,25,9,-0.1324876271700873,-0.1924681491339343,-0.11685386894893254,-0.030939617890775595,0.05998052196384701,100.5,0.6534689293017626,-0.10666666666666667,negligible,1.0,False,False,0.10666666666666667,False
BRaIn,buglocator,completeness_score,25,9,-0.1877149484641514,-0.1877149484641514,-0.3165439747388635,-0.1877149484641514,0.0,102.0,0.6659445514227932,-0.09333333333333334,negligible,1.0,False,False,0.09333333333333334,False
BRaIn,buglocator,concept_network_concept_diversity,25,9,-0.6994917613887949,-0.6994917613887949,-0.2558900241029895,-0.08337823738073184,0.0,102.0,0.6096117121859724,-0.09333333333333334,negligible,1.0,False,False,0.09333333333333334,False
BRaIn,buglocator,num_modal_verbs,25,9,-0.0804807840834863,0.4136475593702713,0.37411729189397064,0.35874441009763164,-0.4941283434537576,103.0,0.7155210555762369,-0.08444444444444445,negligible,1.0,False,False,0.08444444444444445,False
BRaIn,buglocator,num_env_mentions,25,9,-0.2192296649910203,-0.2192296649910203,0.04703472812534619,-0.2192296649910203,0.0,121.5,0.41575206273867926,0.08,negligible,1.0,False,False,0.08,False
BRaIn,buglocator,concept_network_ui_concepts,25,9,-0.1397713115629224,-0.1397713115629224,0.44377391421227874,-0.1397713115629224,0.0,121.5,0.41575206273867926,0.08,negligible,1.0,False,False,0.08,False
BRaIn,buglocator,embedding_cluster_size,25,9,0.4146459595637947,0.1845320580379615,0.3299640438022882,0.16407748901344307,0.2301139015258332,121.0,0.7460111445558296,0.07555555555555556,negligible,1.0,False,False,0.07555555555555556,False
BRaIn,buglocator,num_versions,25,9,-0.3124943305803233,-0.3124943305803233,-0.19675802306498982,-0.22481530973537367,0.0,120.5,0.736917377644716,0.07111111111111111,negligible,1.0,False,False,0.07111111111111111,False
BRaIn,buglocator,concept_network_logic_concepts,25,9,-0.5091620179301407,-0.5091620179301407,-0.41965669477821066,-0.2605361202858907,0.0,104.5,0.47271392273505897,-0.07111111111111111,negligible,1.0,False,False,0.07111111111111111,False
BRaIn,buglocator,concept__deserialization,25,9,0.0,0.0,0.04,0.1111111111111111,0.0,104.5,0.47271392273505897,-0.07111111111111111,negligible,1.0,False,False,0.07111111111111111,False
BRaIn,buglocator,gunning_fog,25,9,0.0,0.2214758743689552,0.12164064962297641,0.0694294530131807,-0.2214758743689552,105.0,0.7846594944006001,-0.06666666666666667,negligible,1.0,False,False,0.06666666666666667,False
BRaIn,buglocator,txt_reasoning_digit_density,25,9,-0.2000607604811334,-0.2000607604811334,0.36212940847708175,-0.12276685968502148,0.0,120.0,0.6574326334271577,0.06666666666666667,negligible,1.0,False,False,0.06666666666666667,False
BRaIn,buglocator,embedding_std,25,9,0.280997679643926,0.255602188330254,-0.3400799470241921,-0.13074483579947394,0.025395491313672025,106.5,0.8299771867394158,-0.05333333333333334,negligible,1.0,False,False,0.05333333333333334,False
BRaIn,buglocator,quality_std,25,9,-0.6141221745332237,-0.6141221745332237,0.30166052536863175,0.056615672689831475,0.0,118.5,0.7980693564581978,0.05333333333333334,negligible,1.0,False,False,0.05333333333333334,False
BRaIn,buglocator,embedding_mean,25,9,0.0422301725083949,-0.5705662816653152,-0.33720630325826945,-0.393017516506878,0.6127964541737101,107.0,0.8452520242196513,-0.04888888888888889,negligible,1.0,False,False,0.04888888888888889,False
BRaIn,buglocator,num_exception_types,25,9,-0.5251530779927517,-0.5251530779927517,-0.184095329007459,-0.254472324829821,0.0,107.5,0.7911902764296992,-0.044444444444444446,negligible,1.0,False,False,0.044444444444444446,False
BRaIn,buglocator,txt_root_cause_guess_digit_density,25,9,-0.1710687069843892,-0.1710687069843892,-0.06518169712390987,-0.1710687069843892,0.0,117.0,0.5938028572077024,0.04,negligible,1.0,False,False,0.04,False
BRaIn,buglocator,embedding_cluster,25,9,2.0,2.0,3.68,3.7777777777777777,0.0,108.5,0.8878859733258399,-0.035555555555555556,negligible,1.0,False,False,0.035555555555555556,False
BRaIn,buglocator,num_OB,25,9,-0.0777818550633016,-0.2886514946017978,0.19213128354597356,-0.1246417749607452,0.2108696395384962,116.5,0.8906350831143927,0.035555555555555556,negligible,1.0,False,False,0.035555555555555556,False
BRaIn,buglocator,concept__serialization,25,9,0.0,0.0,0.08,0.1111111111111111,0.0,109.0,0.8116690828995334,-0.03111111111111111,negligible,1.0,False,False,0.03111111111111111,False
BRaIn,buglocator,txt_reasoning_hedge_count,25,9,-0.3672299048237221,-0.3672299048237221,0.21684051522924555,0.17357603966976645,0.0,114.5,0.9365054859106304,0.017777777777777778,negligible,1.0,False,False,0.017777777777777778,False
BRaIn,buglocator,concept__html_parsing,25,9,0.0,0.0,0.12,0.1111111111111111,0.0,113.5,0.9721114015535353,0.008888888888888889,negligible,1.0,False,False,0.008888888888888889,False
BRaIn,buglocator,stacktrace_depth,25,9,-0.2020454871191189,-0.2020454871191189,-0.20204548711911893,-0.2020454871191189,0.0,112.5,1.0,0.0,negligible,1.0,False,False,0.0,False
BRaIn,buglocator,num_caused_by,25,9,-0.1602391524099254,-0.1602391524099254,-0.1602391524099254,-0.1602391524099254,0.0,112.5,1.0,0.0,negligible,1.0,False,False,0.0,False
BRaIn,buglocator,exception_library_frames,25,9,-0.1983965354258864,-0.1983965354258864,-0.1983965354258864,-0.1983965354258864,0.0,112.5,1.0,0.0,negligible,1.0,False,False,0.0,False
BRaIn,buglocator,exception_user_frames,25,9,-0.2073567129463963,-0.2073567129463963,-0.2073567129463963,-0.2073567129463963,0.0,112.5,1.0,0.0,negligible,1.0,False,False,0.0,False
BRaIn,buglocator,exception_avg_frame_package_depth,25,9,-0.3416459317228559,-0.3416459317228559,-0.34164593172285584,-0.3416459317228559,0.0,112.5,1.0,0.0,negligible,1.0,False,False,0.0,False
BRaIn,buglocator,embedding_norm,25,9,-0.0622098565876286,-0.0622098565876286,0.017705885019092465,-0.0622098565876286,0.0,112.5,1.0,0.0,negligible,1.0,False,False,0.0,False
BRaIn,buglocator,num_S2R,25,9,0.0,0.0,0.0,0.0,0.0,112.5,1.0,0.0,negligible,1.0,False,False,0.0,False
BRaIn,buglocator,concept_network_has_cross_layer_concepts,25,9,0.0,0.0,0.0,0.0,0.0,112.5,1.0,0.0,negligible,1.0,False,False,0.0,False
BRaIn,buglocator,concept_network_network_concepts,25,9,-0.2193996860397714,-0.2193996860397714,-0.21939968603977142,-0.2193996860397714,0.0,112.5,1.0,0.0,negligible,1.0,False,False,0.0,False
BRaIn,buglocator,concept__string_manipulation,25,9,0.0,0.0,0.0,0.0,0.0,112.5,1.0,0.0,negligible,1.0,False,False,0.0,False
BRaIn,buglocator,txt_likely_impacted_code_concepts_digit_density,25,9,-0.1486940122073022,-0.1486940122073022,-0.1486940122073022,-0.1486940122073022,0.0,112.5,1.0,0.0,negligible,1.0,False,False,0.0,False
BRaIn,buglocator,txt_title_hedge_count,25,9,-0.1305847431833189,-0.1305847431833189,-0.13058474318331886,-0.1305847431833189,0.0,112.5,1.0,0.0,negligible,1.0,False,False,0.0,False
BRaIn,buglocator,txt_title_question_density,25,9,-0.0586287119753727,-0.0586287119753727,-0.0586287119753727,-0.0586287119753727,0.0,112.5,1.0,0.0,negligible,1.0,False,False,0.0,False
BRaIn,buglocator,txt_reasoning_exclaim_density,25,9,-0.0346271680532221,-0.0346271680532221,-0.0346271680532221,-0.0346271680532221,0.0,112.5,1.0,0.0,negligible,1.0,False,False,0.0,False
BRaIn,locus,description_chars,25,8,-0.3648935603033021,0.0984534626288919,-0.36523030447091187,0.755509330053878,-0.463347022932194,37.0,0.008645967301747048,-0.63,large,0.708969318743258,False,False,0.63,False
BRaIn,locus,embedding_sparsity,25,8,0.2591098774656933,-0.0303305876632091,0.3112091611888965,-0.4283112272154504,0.2894404651289024,147.5,0.04751349911659725,0.475,large,1.0,False,False,0.475,False
BRaIn,locus,embedding_cluster,25,8,2.0,1.0,3.68,1.625,1.0,139.5,0.08410194626683339,0.395,medium,1.0,False,False,0.395,False
BRaIn,locus,causal_reasoning_consistency,25,8,0.7820593740711346,-0.7494124302191973,0.3654990433041644,-0.4431180693611309,1.531471804290332,138.0,0.11000290575618228,0.38,medium,1.0,False,False,0.38,False
BRaIn,locus,n_sentences,25,8,-0.1927790342493305,0.08929542883161154,-0.1476471201563798,0.5124071234530246,-0.28207446308094203,62.5,0.1188394989082923,-0.375,medium,1.0,False,False,0.375,False
BRaIn,locus,exception_library_frames,25,8,-0.1983965354258864,-0.1983965354258864,-0.1983965354258864,1.1099292013218915,0.0,62.5,0.0018337185378341273,-0.375,medium,0.15403235717806668,False,False,0.375,False
BRaIn,locus,exception_avg_frame_package_depth,25,8,-0.3416459317228559,-0.3416459317228559,-0.34164593172285584,0.5834240143323144,0.0,62.5,0.0018337185378341273,-0.375,medium,0.15403235717806668,False,False,0.375,False
BRaIn,locus,consistency_composite,25,8,0.4309578227953485,-0.7001709975130628,0.46112125800357295,-0.22886732238455804,1.1311288203084113,137.5,0.11887052331133863,0.375,medium,1.0,False,False,0.375,False
BRaIn,locus,quality_std,25,8,-0.6141221745332237,-0.6141221745332237,0.30166052536863175,-0.6141221745332237,0.0,136.0,0.05545995308586425,0.36,medium,1.0,False,False,0.36,False
BRaIn,locus,txt_title_avg_word_len,25,8,-0.3969089280843758,-0.3969089280843758,-0.3969089280843757,0.4082743960950451,0.0,66.0,0.03644249914479938,-0.34,medium,1.0,False,False,0.34,False
BRaIn,locus,summary_chars,25,8,-0.8058683276097268,-0.8058683276097268,-0.7125444295106712,-0.15123593070478186,0.0,67.0,0.0424064691921296,-0.33,medium,1.0,False,False,0.33,False
BRaIn,locus,num_browser_mentions,25,8,-0.390976846636182,0.8550753172615734,0.10744401892292016,1.1665883582360124,-1.2460521638977553,67.5,0.08307288635614658,-0.325,small,1.0,False,False,0.325,False
BRaIn,locus,embedding_mean,25,8,0.0422301725083949,0.6147063906419106,-0.33720630325826945,0.22174228168030935,-0.5724762181335157,69.0,0.20449294865312662,-0.31,small,1.0,False,False,0.31,False
BRaIn,locus,embedding_cluster_size,25,8,0.4146459595637947,1.5882268573455445,0.3299640438022882,0.9007615765371176,-1.1735808977817497,70.0,0.1899030635292165,-0.3,small,1.0,False,False,0.3,False
BRaIn,locus,concept_network_concept_breadth,25,8,0.410786675927473,-1.610864843126201,-0.39787393169399665,-0.9369810034416429,2.021651519053674,128.5,0.1952866487711924,0.285,small,1.0,False,False,0.285,False
BRaIn,locus,txt_title_digit_density,25,8,-0.6450552541976357,-0.6450552541976357,-0.5205274325898659,-0.13527920790842746,0.0,71.5,0.05942944204424285,-0.285,small,1.0,False,False,0.285,False
BRaIn,locus,semantic_spread_pc1,25,8,0.1823572659541105,-0.03398254985287265,0.1189838191262021,-0.07999696767098657,0.21633981580698314,128.0,0.2536056206801479,0.28,small,1.0,False,False,0.28,False
BRaIn,locus,txt_reasoning_hedge_count,25,8,-0.3672299048237221,0.8495834702866272,0.21684051522924555,0.8495834702866273,-1.2168133751103491,74.0,0.1785812659001208,-0.26,small,1.0,False,False,0.26,False
BRaIn,locus,num_OB,25,8,-0.0777818550633016,0.027652964705946498,0.19213128354597356,0.42303353884062705,-0.1054348197692481,74.5,0.29179992306154967,-0.255,small,1.0,False,False,0.255,False
BRaIn,locus,semantic_entropy,25,8,0.3409737021551381,0.5896113807599068,-0.07457600467679609,0.35881319469473977,-0.2486376786047687,75.0,0.3100091932127527,-0.25,small,1.0,False,False,0.25,False
BRaIn,locus,num_temporal_markers,25,8,-0.4635308650875505,-0.4635308650875505,-0.0825437513668211,-0.3552958895987069,0.0,124.5,0.21025161720680985,0.245,small,1.0,False,False,0.245,False
BRaIn,locus,txt_reasoning_avg_sentence_len,25,8,-0.1307782368282674,-0.014036523806868949,-0.12610856830741146,0.146483331597554,-0.11674171302139844,75.5,0.3108378334942229,-0.245,small,1.0,False,False,0.245,False
BRaIn,locus,semantic_coherence,25,8,-0.0963269328104807,-0.3015420829995435,0.02480256632875564,-0.3247588470116096,0.20521515018906278,122.0,0.37376935263475863,0.22,small,1.0,False,False,0.22,False
BRaIn,locus,num_exception_types,25,8,-0.5251530779927517,-0.5251530779927517,-0.184095329007459,0.23613654027799075,0.0,78.5,0.21665780849205207,-0.215,small,1.0,False,False,0.215,False
BRaIn,locus,embedding_max,25,8,-0.0209561997722207,-0.21095363600057582,0.291395253559597,-0.15127932530236599,0.18999743622835513,121.0,0.3966318154304806,0.21,small,1.0,False,False,0.21,False
BRaIn,locus,num_versions,25,8,-0.3124943305803233,-0.1809757993128989,-0.19675802306498982,-0.13165635008761475,-0.13151853126742438,80.0,0.36815245336888336,-0.2,small,1.0,False,False,0.2,False
BRaIn,locus,embedding_std,25,8,0.280997679643926,0.5054389137548104,-0.3400799470241921,-0.007361260660741081,-0.2244412341108844,80.0,0.4126538875017598,-0.2,small,1.0,False,False,0.2,False
BRaIn,locus,txt_root_cause_guess_hedge_count,25,8,-0.5556774509255208,1.799605145636966,0.4806468915619734,0.9163741719260334,-2.355282596562487,81.5,0.3825931773694824,-0.185,small,1.0,False,False,0.185,False
BRaIn,locus,completeness_score,25,8,-0.1877149484641514,-0.1877149484641514,-0.3165439747388635,-0.1877149484641514,0.0,83.5,0.455079706437194,-0.165,small,1.0,False,False,0.165,False
BRaIn,locus,num_EB,25,8,0.2959479588785432,-0.673136533919824,-0.014159078816934297,-0.06745872592084451,0.9690844927983672,116.5,0.455079706437194,0.165,small,1.0,False,False,0.165,False
BRaIn,locus,gunning_fog,25,8,0.0,-0.5885645428540491,0.12164064962297641,-0.22168701408265945,0.5885645428540491,116.0,0.5224576848603545,0.16,small,1.0,False,False,0.16,False
BRaIn,locus,clarity_specificity_gap,25,8,-0.4497603897317977,-0.4497603897317977,-0.02541019151027114,-0.4497603897317977,0.0,116.0,0.38508740464140645,0.16,small,1.0,False,False,0.16,False
BRaIn,locus,concept__json_parsing,25,8,0.0,0.0,0.16,0.0,0.0,116.0,0.24960427359967507,0.16,small,1.0,False,False,0.16,False
BRaIn,locus,txt_reasoning_digit_density,25,8,-0.2000607604811334,-0.2000607604811334,0.36212940847708175,-0.2000607604811334,0.0,116.0,0.2508384556807658,0.16,small,1.0,False,False,0.16,False
BRaIn,locus,technical_depth,25,8,-0.4775297293173347,-1.5820652528075685,-0.521711150256944,-0.8226970804080327,1.1045355234902339,114.5,0.5303139380603055,0.145,negligible,1.0,False,False,0.145,False
BRaIn,locus,redundancy,25,8,0.0889678091248501,-0.0990698284636138,0.034712610780736425,-0.13586067034190213,0.1880376375884639,114.0,0.5777564008932197,0.14,negligible,1.0,False,False,0.14,False
BRaIn,locus,num_negative_modals,25,8,-0.2577319414569243,-0.2577319414569243,0.3114083457934076,-0.14657172910334382,0.0,113.5,0.44460781491299617,0.135,negligible,1.0,False,False,0.135,False
BRaIn,locus,description_length,25,8,-0.6046795619411115,-1.0231586669890729,-0.4806231080822944,-0.6166178813577674,0.4184791050479614,113.5,0.5618735845750651,0.135,negligible,1.0,False,False,0.135,False
BRaIn,locus,concept_network_concept_diversity,25,8,-0.6994917613887949,-0.6994917613887949,-0.2558900241029895,-0.006364046879723972,0.0,86.5,0.4791748278507918,-0.135,negligible,1.0,False,False,0.135,False
BRaIn,locus,num_os_mentions,25,8,-0.3565391088761866,-0.3565391088761866,-0.04315999739027521,0.2963340400527955,0.0,87.0,0.39802471950693796,-0.13,negligible,1.0,False,False,0.13,False
BRaIn,locus,embedding_cluster_distance,25,8,0.0640402002222395,0.1163695039688629,-0.11920650962355707,0.12553513258013854,-0.05232930374662341,87.0,0.6063570590823094,-0.13,negligible,1.0,False,False,0.13,False
BRaIn,locus,stacktrace_depth,25,8,-0.2020454871191189,-0.2020454871191189,-0.20204548711911893,-0.10530925905463251,0.0,87.5,0.08968602177036455,-0.125,negligible,1.0,False,False,0.125,False
BRaIn,locus,num_caused_by,25,8,-0.1602391524099254,-0.1602391524099254,-0.1602391524099254,0.7689253771892951,0.0,87.5,0.08968602177036455,-0.125,negligible,1.0,False,False,0.125,False
BRaIn,locus,exception_user_frames,25,8,-0.2073567129463963,-0.2073567129463963,-0.2073567129463963,-0.13323733995399864,0.0,87.5,0.08968602177036455,-0.125,negligible,1.0,False,False,0.125,False
BRaIn,locus,ambiguity_type_count,25,8,0.5643045720484069,1.7403303232807357,0.6113456020977,0.8583110098564891,-1.1760257512323289,87.5,0.5789814440589691,-0.125,negligible,1.0,False,False,0.125,False
BRaIn,locus,concept_network_data_concepts,25,8,-0.2832083787067895,-0.2832083787067895,-0.2832083787067895,0.19356379109193883,0.0,87.5,0.08968602177036455,-0.125,negligible,1.0,False,False,0.125,False
BRaIn,locus,concept_network_network_concepts,25,8,-0.2193996860397714,-0.2193996860397714,-0.21939968603977142,0.32583465277930335,0.0,87.5,0.08968602177036455,-0.125,negligible,1.0,False,False,0.125,False
BRaIn,locus,concept_network_infra_concepts,25,8,-0.148431208798588,-0.148431208798588,0.6778358535135518,-0.148431208798588,0.0,112.0,0.3321635681286047,0.12,negligible,1.0,False,False,0.12,False
BRaIn,locus,concept__html_parsing,25,8,0.0,0.0,0.12,0.0,0.0,112.0,0.3321635681286047,0.12,negligible,1.0,False,False,0.12,False
BRaIn,locus,concept__reflection,25,8,0.0,0.0,0.12,0.0,0.0,112.0,0.3321635681286047,0.12,negligible,1.0,False,False,0.12,False
BRaIn,locus,txt_root_cause_guess_avg_word_len,25,8,-0.2901334006840222,-0.2901334006840222,-0.23647071529615765,-0.07968608905295366,0.0,88.5,0.6232911596090441,-0.115,negligible,1.0,False,False,0.115,False
BRaIn,locus,txt_likely_impacted_code_concepts_avg_word_len,25,8,-0.1462390483573012,-0.1462390483573012,0.09375172197904043,0.006986469534647238,0.0,111.0,0.6393246650924427,0.11,negligible,1.0,False,False,0.11,False
BRaIn,locus,has_input_ambiguity,25,8,1.0,1.0,0.52,0.625,0.0,89.5,0.6263543610340876,-0.105,negligible,1.0,False,False,0.105,False
BRaIn,locus,expected_observed_alignment,25,8,-0.7508759403905653,-1.719935307046086,-0.6733511910581236,-0.8720083612225054,0.9690593666555208,110.0,0.6636707120881754,0.1,negligible,1.0,False,False,0.1,False
BRaIn,locus,num_causal_markers,25,8,-0.4554019288379759,-0.3042649611989815,-0.128946078737748,0.3002829093569961,-0.15113696763899442,90.5,0.6970820214640223,-0.095,negligible,1.0,False,False,0.095,False
BRaIn,locus,causal_reasoning_quality,25,8,-0.6522192995069321,-1.6524086752429987,-0.6722230870216535,-0.8397548074574446,1.0001893757360665,109.0,0.6991422556193685,0.09,negligible,1.0,False,False,0.09,False
BRaIn,locus,concept_network_logic_concepts,25,8,-0.5091620179301407,-0.5091620179301407,-0.41965669477821066,-0.22945788308035944,0.0,91.5,0.4163322694605214,-0.085,negligible,1.0,False,False,0.085,False
BRaIn,locus,num_env_mentions,25,8,-0.2192296649910203,-0.2192296649910203,0.04703472812534619,-0.2192296649910203,0.0,108.0,0.4460595493707441,0.08,negligible,1.0,False,False,0.08,False
BRaIn,locus,concept_network_ui_concepts,25,8,-0.1397713115629224,-0.1397713115629224,0.44377391421227874,-0.1397713115629224,0.0,108.0,0.4460595493707441,0.08,negligible,1.0,False,False,0.08,False
BRaIn,locus,concept__serialization,25,8,0.0,0.0,0.08,0.0,0.0,108.0,0.4460595493707441,0.08,negligible,1.0,False,False,0.08,False
BRaIn,locus,repair_difficulty,25,8,0.7913689832670419,1.5143373651357288,0.5600191010690619,0.5202558400662842,-0.722968381868687,92.5,0.7534282142012797,-0.075,negligible,1.0,False,False,0.075,False
BRaIn,locus,ambiguity,25,8,-0.5855868655187282,-0.16575657116874654,0.12167292665918068,0.06828818515133513,-0.41983029434998165,95.0,0.8388105867723683,-0.05,negligible,1.0,False,False,0.05,False
BRaIn,locus,embedding_min,25,8,0.218724345125349,0.0470681633873003,-0.05118532220008795,0.15257317264202783,0.1716561817380487,95.0,0.853060135596287,-0.05,negligible,1.0,False,False,0.05,False
BRaIn,locus,technical_depth_consistency,25,8,0.2728966222079432,0.2728966222079432,0.3366361129893784,0.1733036678619499,0.0,105.0,0.8475241955694321,0.05,negligible,1.0,False,False,0.05,False
BRaIn,locus,txt_reasoning_has_code_like,25,8,0.0,0.0,0.08,0.125,0.0,95.5,0.7358835107074663,-0.045,negligible,1.0,False,False,0.045,False
BRaIn,locus,concept__deserialization,25,8,0.0,0.0,0.04,0.0,0.0,104.0,0.6206179464376897,0.04,negligible,1.0,False,False,0.04,False
BRaIn,locus,txt_root_cause_guess_digit_density,25,8,-0.1710687069843892,-0.1710687069843892,-0.06518169712390987,-0.1710687069843892,0.0,104.0,0.6206179464376897,0.04,negligible,1.0,False,False,0.04,False
BRaIn,locus,clarity,25,8,-0.2346268238579989,-1.7301489453956265,-0.6334327229346995,-0.7954476194346093,1.4955221215376275,103.5,0.8925523157288736,0.035,negligible,1.0,False,False,0.035,False
BRaIn,locus,embedding_cluster_separation,25,8,0.3225329240176027,0.406198960679797,0.5554943490136384,0.32188413702904883,-0.0836660366621943,103.0,0.9180566683347552,0.03,negligible,1.0,False,False,0.03,False
BRaIn,locus,reasoning_composite,25,8,-0.31697461235302,-0.8421210435331218,-0.6110566138138769,-0.5139045240455581,0.5251464311801017,97.0,0.9138785990313087,-0.03,negligible,1.0,False,False,0.03,False
BRaIn,locus,actionability,25,8,-0.163033776330488,-1.6812479388132866,-0.6286194528252129,-0.7323640872615376,1.5182141624827987,102.0,0.9462565971987343,0.02,negligible,1.0,False,False,0.02,False
BRaIn,locus,txt_reasoning_avg_word_len,25,8,-0.1324876271700873,-0.2991908678432479,-0.11685386894893254,-0.18108640749098837,0.16670324067316059,98.0,0.9507830364337595,-0.02,negligible,1.0,False,False,0.02,False
BRaIn,locus,num_modal_verbs,25,8,-0.0804807840834863,-0.0804807840834863,0.37411729189397064,0.16658338764339248,0.0,101.5,0.9650369266761062,0.015,negligible,1.0,False,False,0.015,False
BRaIn,locus,semantic_spread_pc2,25,8,0.1118788475209216,0.04524360284279125,-0.15598299240624963,0.2004841504174577,0.06663524467813035,99.0,0.983583445763646,-0.01,negligible,1.0,False,False,0.01,False
BRaIn,locus,specificity,25,8,-0.6417461765634193,-1.6614570375157598,-0.6417461765634193,-0.7054781053729405,1.0197108609523404,100.5,1.0,0.005,negligible,1.0,False,False,0.005,False
BRaIn,locus,embedding_norm,25,8,-0.0622098565876286,-0.0622098565876286,0.017705885019092465,-0.0622098565876286,0.0,100.0,1.0,0.0,negligible,1.0,False,False,0.0,False
BRaIn,locus,num_S2R,25,8,0.0,0.0,0.0,0.0,0.0,100.0,1.0,0.0,negligible,1.0,False,False,0.0,False
BRaIn,locus,concept_network_has_cross_layer_concepts,25,8,0.0,0.0,0.0,0.0,0.0,100.0,1.0,0.0,negligible,1.0,False,False,0.0,False
BRaIn,locus,concept__string_manipulation,25,8,0.0,0.0,0.0,0.0,0.0,100.0,1.0,0.0,negligible,1.0,False,False,0.0,False
BRaIn,locus,txt_likely_impacted_code_concepts_digit_density,25,8,-0.1486940122073022,-0.1486940122073022,-0.1486940122073022,-0.1486940122073022,0.0,100.0,1.0,0.0,negligible,1.0,False,False,0.0,False
BRaIn,locus,txt_likely_impacted_code_concepts_has_code_like,25,8,0.0,0.0,0.0,0.0,0.0,100.0,1.0,0.0,negligible,1.0,False,False,0.0,False
BRaIn,locus,txt_title_hedge_count,25,8,-0.1305847431833189,-0.1305847431833189,-0.13058474318331886,-0.1305847431833189,0.0,100.0,1.0,0.0,negligible,1.0,False,False,0.0,False
BRaIn,locus,txt_title_question_density,25,8,-0.0586287119753727,-0.0586287119753727,-0.0586287119753727,-0.0586287119753727,0.0,100.0,1.0,0.0,negligible,1.0,False,False,0.0,False
BRaIn,locus,txt_reasoning_exclaim_density,25,8,-0.0346271680532221,-0.0346271680532221,-0.0346271680532221,-0.0346271680532221,0.0,100.0,1.0,0.0,negligible,1.0,False,False,0.0,False
FlexFL,boostnsift,num_causal_markers,49,11,-0.4554019288379759,-0.7576758641159647,-0.10377714698398888,-0.5103608261612466,0.30227393527798874,368.0,0.05295994368635722,0.3654916512059369,medium,1.0,False,False,0.3654916512059369,False
FlexFL,boostnsift,embedding_min,49,11,0.223523753069386,-0.204948085873011,0.19329528454936998,-0.3593864370899134,0.428471838942397,349.0,0.1311248715956781,0.2949907235621521,small,1.0,False,False,0.2949907235621521,False
FlexFL,boostnsift,redundancy,49,11,0.3419996848989602,-0.6310404451616434,0.13786076684061951,-0.44292657051046286,0.9730401300606035,348.0,0.135992504538797,0.2912801484230056,small,1.0,False,False,0.2912801484230056,False
FlexFL,boostnsift,embedding_cluster,49,11,1.0,4.0,2.877551020408163,4.090909090909091,-3.0,195.0,0.13705619138539413,-0.2764378478664193,small,1.0,False,False,0.2764378478664193,False
FlexFL,boostnsift,embedding_cluster_size,49,11,0.4146459595637947,0.1845320580379615,0.4869674714719139,-0.12089184762359889,0.2301139015258332,343.0,0.142229109775878,0.2727272727272727,small,1.0,False,False,0.2727272727272727,False
FlexFL,boostnsift,txt_root_cause_guess_avg_word_len,49,11,-0.2901334006840222,-0.2901334006840222,-0.19862279559302404,-0.06049069016811203,0.0,210.5,0.2209446617387255,-0.2189239332096475,small,1.0,False,False,0.2189239332096475,False
FlexFL,boostnsift,embedding_std,49,11,0.5054389137541712,0.2590340114830652,0.2121090826716176,0.010382824953140498,0.24640490227110595,327.0,0.27593091183883234,0.21335807050092764,small,1.0,False,False,0.21335807050092764,False
FlexFL,boostnsift,num_OB,49,11,-0.0777818550633016,-0.4995211341402941,0.08144624009842004,-0.19280165844793595,0.4217392790769925,327.0,0.27413514518461757,0.21335807050092764,small,1.0,False,False,0.21335807050092764,False
FlexFL,boostnsift,num_temporal_markers,49,11,-0.4635308650875505,-0.4635308650875505,-0.05709748774168889,-0.4635308650875505,0.0,324.5,0.10847476491835369,0.20408163265306123,small,1.0,False,False,0.20408163265306123,False
FlexFL,boostnsift,actionability,49,11,-1.6812479388132866,0.3430376111637781,-0.741401076323935,-0.3930662251915182,-2.0242855499770647,218.5,0.29071140659747186,-0.18923933209647495,small,1.0,False,False,0.18923933209647495,False
FlexFL,boostnsift,clarity,49,11,-1.7301489453956265,0.2638805499878769,-0.7331341977038748,-0.4159022325292265,-1.9940294953835034,218.5,0.2874920817880884,-0.18923933209647495,small,1.0,False,False,0.18923933209647495,False
FlexFL,boostnsift,concept_network_concept_diversity,49,11,-0.6994917613887949,-0.6994917613887949,-0.3222793997512053,-0.027367917016362462,0.0,219.5,0.1738161370836553,-0.18552875695732837,small,1.0,False,False,0.18552875695732837,False
FlexFL,boostnsift,concept_network_infra_concepts,49,11,-0.148431208798588,-0.148431208798588,-0.14843120879858798,1.1034885825834422,0.0,220.5,0.0028851903417770543,-0.18181818181818182,small,0.24235598870927255,False,False,0.18181818181818182,False
FlexFL,boostnsift,gunning_fog,49,11,-0.3510575467362363,0.0,-0.22344203141835495,0.08483202762432507,-0.3510575467362363,221.0,0.35898547657021485,-0.17996289424860853,small,1.0,False,False,0.17996289424860853,False
FlexFL,boostnsift,num_EB,49,11,-0.673136533919824,-0.673136533919824,-0.0007105593250385885,-0.23264358264783888,0.0,316.0,0.3203506169251399,0.1725417439703154,small,1.0,False,False,0.1725417439703154,False
FlexFL,boostnsift,reasoning_composite,49,11,-0.8421210435331218,-0.31697461235302,-0.7456655765816744,-0.3169746123530197,-0.5251464311801017,223.0,0.35981901106797476,-0.1725417439703154,small,1.0,False,False,0.1725417439703154,False
FlexFL,boostnsift,causal_reasoning_quality,49,11,-1.6524086752429987,-1.1523139873749657,-0.7236613977737941,-0.5158298391792866,-0.500094687868033,224.0,0.3456643980676519,-0.16883116883116883,small,1.0,False,False,0.16883116883116883,False
FlexFL,boostnsift,specificity,49,11,-1.6614570375157598,0.3779646843889213,-0.6729618151640011,-0.36364321448550824,-2.039421721904681,226.5,0.37268158563863474,-0.15955473098330242,small,1.0,False,False,0.15955473098330242,False
FlexFL,boostnsift,repair_difficulty,49,11,1.5143373651357288,0.0684006013983548,0.7323511561757202,0.39702259315684896,1.445936763737374,311.0,0.3892573926070416,0.15398886827458255,small,1.0,False,False,0.15398886827458255,False
FlexFL,boostnsift,technical_depth,49,11,-1.5820652528075685,0.0747380324277821,-0.6916743716266657,-0.37711740900004076,-1.6568032852353505,229.5,0.40838620903123857,-0.14842300556586271,small,1.0,False,False,0.14842300556586271,False
FlexFL,boostnsift,completeness_score,49,11,-0.1877149484641514,-0.1877149484641514,-0.2096246468101909,-0.5781059371754002,0.0,308.0,0.44729200199358043,0.14285714285714285,negligible,1.0,False,False,0.14285714285714285,False
FlexFL,boostnsift,ambiguity,49,11,-0.5855868655187282,-0.5855868655187282,-0.16860998766378982,-0.4367835144325369,0.0,307.0,0.3916844092084244,0.1391465677179963,negligible,1.0,False,False,0.1391465677179963,False
FlexFL,boostnsift,description_length,49,11,-1.0231586669890729,-0.4603261424297939,-0.4807546360382294,-0.3547453355971361,-0.5628325245592789,235.5,0.4871580815761909,-0.1261595547309833,negligible,1.0,False,False,0.1261595547309833,False
FlexFL,boostnsift,num_negative_modals,49,11,-0.2577319414569243,-0.2577319414569243,-0.20328612316129305,-0.09604435985171635,0.0,237.0,0.20164963485580112,-0.12059369202226346,negligible,1.0,False,False,0.12059369202226346,False
FlexFL,boostnsift,concept__deserialization,49,11,0.0,0.0,0.10204081632653061,0.0,0.0,297.0,0.28132147308133026,0.10204081632653061,negligible,1.0,False,False,0.10204081632653061,False
FlexFL,boostnsift,has_input_ambiguity,49,11,1.0,0.0,0.5510204081632653,0.45454545454545453,1.0,295.5,0.5729585297263073,0.09647495361781076,negligible,1.0,False,False,0.09647495361781076,False
FlexFL,boostnsift,txt_root_cause_guess_hedge_count,49,11,1.799605145636966,-0.5556774509255208,0.7421313267721757,0.5149055475119733,2.355282596562487,295.5,0.5729585297263073,0.09647495361781076,negligible,1.0,False,False,0.09647495361781076,False
FlexFL,boostnsift,n_sentences,49,11,-0.1927790342493305,-0.2868038552763112,-0.08724096983129098,-0.22696987825914172,0.0940248210269807,295.0,0.6318000630606113,0.09461966604823747,negligible,1.0,False,False,0.09461966604823747,False
FlexFL,boostnsift,num_versions,49,11,-0.3124943305803233,-0.1809757993128989,-0.11924261116696502,-0.12119464873679692,-0.13151853126742438,245.0,0.6116818814113112,-0.09090909090909091,negligible,1.0,False,False,0.09090909090909091,False
FlexFL,boostnsift,exception_user_frames,49,11,-0.2073567129463963,-0.2073567129463963,-0.20735671294639627,-0.1804042136764335,0.0,245.0,0.03868646526715746,-0.09090909090909091,negligible,1.0,False,False,0.09090909090909091,False
FlexFL,boostnsift,semantic_coherence,49,11,0.1053371080482209,0.0114514839302217,0.34168988254730737,0.5811116282036136,0.0938856241179992,294.0,0.6464259909256707,0.09090909090909091,negligible,1.0,False,False,0.09090909090909091,False
FlexFL,boostnsift,embedding_cluster_distance,49,11,-0.4033538053588345,-0.3813911898100356,-0.4388670420667956,-0.8702431532448884,-0.021962615548798914,294.0,0.6464946965179423,0.09090909090909091,negligible,1.0,False,False,0.09090909090909091,False
FlexFL,boostnsift,causal_reasoning_consistency,49,11,0.7820593740711349,1.3946480957872676,0.4070050546530943,0.39223018752450484,-0.6125887217161327,245.0,0.6361495540124115,-0.09090909090909091,negligible,1.0,False,False,0.09090909090909091,False
FlexFL,boostnsift,txt_likely_impacted_code_concepts_has_code_like,49,11,0.0,0.0,0.0,0.09090909090909091,0.0,245.0,0.03868646526715746,-0.09090909090909091,negligible,1.0,False,False,0.09090909090909091,False
FlexFL,boostnsift,embedding_max,49,11,0.5478698168163857,0.5000658636107773,0.43957492808755544,0.29339173612522274,0.047803953205608374,293.0,0.6602794721552407,0.08719851576994433,negligible,1.0,False,False,0.08719851576994433,False
FlexFL,boostnsift,embedding_mean,49,11,0.2087569354636715,0.0503158042304711,0.20436904396697916,0.03997749024558412,0.1584411312332004,291.0,0.6881936861288314,0.07977736549165121,negligible,1.0,False,False,0.07977736549165121,False
FlexFL,boostnsift,concept_network_logic_concepts,49,11,-0.5091620179301407,-0.5091620179301407,-0.28083211193031926,-0.10231963996682249,0.0,248.0,0.4706452388282185,-0.07977736549165121,negligible,1.0,False,False,0.07977736549165121,False
FlexFL,boostnsift,txt_reasoning_hedge_count,49,11,-0.3672299048237221,-0.3672299048237221,0.37775787585608356,0.07524768612549583,0.0,289.5,0.6132475737003269,0.07421150278293136,negligible,1.0,False,False,0.07421150278293136,False
FlexFL,boostnsift,quality_std,49,11,-0.6141221745332237,-0.6141221745332237,-0.2855975146688701,-0.43119367074511766,0.0,289.0,0.5573209999733617,0.07235621521335807,negligible,1.0,False,False,0.07235621521335807,False
FlexFL,boostnsift,txt_reasoning_has_code_like,49,11,0.0,0.0,0.02040816326530612,0.09090909090909091,0.0,250.5,0.2557091510626961,-0.07050092764378478,negligible,1.0,False,False,0.07050092764378478,False
FlexFL,boostnsift,num_modal_verbs,49,11,-0.5746091275372439,-0.5746091275372439,-0.17123905124846223,-0.17032230107507862,0.0,288.0,0.6856177374908943,0.0686456400742115,negligible,1.0,False,False,0.0686456400742115,False
FlexFL,boostnsift,consistency_composite,49,11,0.732592174877592,1.185043703000956,0.5417622786622952,0.5543536941017208,-0.452451528123364,252.0,0.7443530466025872,-0.06493506493506493,negligible,1.0,False,False,0.06493506493506493,False
FlexFL,boostnsift,summary_chars,49,11,-0.8058683276097268,-0.8058683276097268,-0.5870454662398177,-0.5599228514782696,0.0,286.5,0.6704949933044024,0.06307977736549165,negligible,1.0,False,False,0.06307977736549165,False
FlexFL,boostnsift,description_chars,49,11,-0.402453486690538,-0.1447146814815746,-0.14176750921403297,-0.30984884059787027,-0.2577388052089634,286.0,0.7597887921338123,0.061224489795918366,negligible,1.0,False,False,0.061224489795918366,False
FlexFL,boostnsift,concept_network_network_concepts,49,11,-0.2193996860397714,-0.2193996860397714,0.04765386766753053,-0.21939968603977136,0.0,286.0,0.41815612496086396,0.061224489795918366,negligible,1.0,False,False,0.061224489795918366,False
FlexFL,boostnsift,concept__html_parsing,49,11,0.0,0.0,0.061224489795918366,0.0,0.0,286.0,0.41815612496086396,0.061224489795918366,negligible,1.0,False,False,0.061224489795918366,False
FlexFL,boostnsift,expected_observed_alignment,49,11,-1.719935307046086,-0.2663462570628048,-0.6816574142008854,-0.5306351752415833,-1.4535890499832813,254.5,0.7566182033130018,-0.055658627087198514,negligible,1.0,False,False,0.055658627087198514,False
FlexFL,boostnsift,semantic_entropy,49,11,0.4978435081071266,0.3840927717717992,-0.13447482974853503,-0.2587601551582933,0.1137507363353274,284.0,0.7890117059624184,0.05380333951762523,negligible,1.0,False,False,0.05380333951762523,False
FlexFL,boostnsift,semantic_spread_pc2,49,11,0.1710512209220148,0.1552142595516366,-0.25659238707241866,-0.2968585584002756,0.01583696137037821,255.0,0.7890088411302565,-0.05380333951762523,negligible,1.0,False,False,0.05380333951762523,False
FlexFL,boostnsift,embedding_sparsity,49,11,-0.0303305876632091,0.2591098774656933,-0.05691185486892438,-0.2276763593420073,-0.2894404651289024,284.0,0.788508577000812,0.05380333951762523,negligible,1.0,False,False,0.05380333951762523,False
FlexFL,boostnsift,concept__json_parsing,49,11,0.0,0.0,0.14285714285714285,0.09090909090909091,0.0,283.5,0.6614048442448863,0.05194805194805195,negligible,1.0,False,False,0.05194805194805195,False
FlexFL,boostnsift,semantic_spread_pc1,49,11,-0.0521363646471635,0.1053774694642904,-0.22641444054360704,-0.5215398862861446,-0.1575138341114539,256.0,0.8037627977925388,-0.05009276437847866,negligible,1.0,False,False,0.05009276437847866,False
FlexFL,boostnsift,txt_reasoning_avg_word_len,49,11,-0.4001908719618544,-0.0992841239400999,-0.27758053824891293,-0.06033946875632406,-0.3009067480217545,256.5,0.8112525341549227,-0.04823747680890538,negligible,1.0,False,False,0.04823747680890538,False
FlexFL,boostnsift,concept_network_has_cross_layer_concepts,49,11,0.0,0.0,0.04081632653061224,0.0,0.0,280.5,0.5188673106218245,0.04081632653061224,negligible,1.0,False,False,0.04081632653061224,False
FlexFL,boostnsift,concept_network_concept_breadth,49,11,-1.610864843126201,0.410786675927473,-0.5381517921997616,-0.44688366548923714,-2.021651519053674,258.5,0.8251216018520506,-0.04081632653061224,negligible,1.0,False,False,0.04081632653061224,False
FlexFL,boostnsift,concept_network_data_concepts,49,11,-0.2832083787067895,-0.2832083787067895,-0.12752767020108233,-0.28320837870678955,0.0,280.5,0.5188673106218245,0.04081632653061224,negligible,1.0,False,False,0.04081632653061224,False
FlexFL,boostnsift,concept__serialization,49,11,0.0,0.0,0.04081632653061224,0.0,0.0,280.5,0.5188673106218245,0.04081632653061224,negligible,1.0,False,False,0.04081632653061224,False
FlexFL,boostnsift,concept__string_manipulation,49,11,0.0,0.0,0.04081632653061224,0.0,0.0,280.5,0.5188673106218245,0.04081632653061224,negligible,1.0,False,False,0.04081632653061224,False
FlexFL,boostnsift,txt_reasoning_digit_density,49,11,-0.2000607604811334,-0.2000607604811334,-0.1569584191448734,-0.2000607604811334,0.0,280.5,0.5189273598700421,0.04081632653061224,negligible,1.0,False,False,0.04081632653061224,False
FlexFL,boostnsift,embedding_norm,49,11,-0.0622098565876286,-0.0622098565876286,-0.021436519033179068,0.119416828882192,0.0,259.5,0.7794716064191655,-0.03710575139146568,negligible,1.0,False,False,0.03710575139146568,False
FlexFL,boostnsift,num_os_mentions,49,11,-0.3565391088761866,-0.3565391088761866,-0.036764505319134166,-0.1191306910838295,0.0,278.0,0.7834465990634869,0.03153988868274583,negligible,1.0,False,False,0.03153988868274583,False
FlexFL,boostnsift,num_browser_mentions,49,11,-0.390976846636182,-0.390976846636182,-0.08582121466122149,-0.16442190774568102,0.0,278.0,0.7834465990634869,0.03153988868274583,negligible,1.0,False,False,0.03153988868274583,False
FlexFL,boostnsift,clarity_specificity_gap,49,11,-0.4497603897317977,-0.4497603897317977,-0.3198572678272487,-0.2568739359947401,0.0,261.5,0.7402003428937414,-0.029684601113172542,negligible,1.0,False,False,0.029684601113172542,False
FlexFL,boostnsift,embedding_cluster_separation,49,11,0.4474791802280871,0.502950031241528,0.4030470810405687,0.4097091985306147,-0.05547085101344096,262.0,0.8935850892991586,-0.027829313543599257,negligible,1.0,False,False,0.027829313543599257,False
FlexFL,boostnsift,txt_title_digit_density,49,11,-0.6450552541976357,-0.6450552541976357,-0.3482170036494845,-0.44350555338975534,0.0,263.0,0.8536125615114774,-0.02411873840445269,negligible,1.0,False,False,0.02411873840445269,False
FlexFL,boostnsift,num_caused_by,49,11,-0.1602391524099254,-0.1602391524099254,-0.00853882104678734,-0.1602391524099254,0.0,275.0,0.666664344750288,0.02040816326530612,negligible,1.0,False,False,0.02040816326530612,False
FlexFL,boostnsift,exception_library_frames,49,11,-0.1983965354258864,-0.1983965354258864,-0.08791160339933234,-0.19839653542588637,0.0,275.0,0.666664344750288,0.02040816326530612,negligible,1.0,False,False,0.02040816326530612,False
FlexFL,boostnsift,exception_avg_frame_package_depth,49,11,-0.3416459317228559,-0.3416459317228559,-0.28346476125916764,-0.3416459317228559,0.0,275.0,0.666664344750288,0.02040816326530612,negligible,1.0,False,False,0.02040816326530612,False
FlexFL,boostnsift,concept__reflection,49,11,0.0,0.0,0.02040816326530612,0.0,0.0,275.0,0.666664344750288,0.02040816326530612,negligible,1.0,False,False,0.02040816326530612,False
FlexFL,boostnsift,txt_likely_impacted_code_concepts_digit_density,49,11,-0.1486940122073022,-0.1486940122073022,-0.07114066966825926,-0.1486940122073022,0.0,275.0,0.666664344750288,0.02040816326530612,negligible,1.0,False,False,0.02040816326530612,False
FlexFL,boostnsift,txt_likely_impacted_code_concepts_avg_word_len,49,11,-0.1462390483573012,-0.1462390483573012,-0.208473752667267,-0.19589283399451893,0.0,264.0,0.9150299001469819,-0.02040816326530612,negligible,1.0,False,False,0.02040816326530612,False
FlexFL,boostnsift,num_env_mentions,49,11,-0.2192296649910203,-0.2192296649910203,0.12039328541250835,0.08334350900485066,0.0,272.5,0.9267752030391792,0.011131725417439703,negligible,1.0,False,False,0.011131725417439703,False
FlexFL,boostnsift,txt_reasoning_avg_sentence_len,49,11,-0.2475199498496658,-0.2475199498496658,-0.2062235615699875,-0.3048295180601706,0.0,272.5,0.961832650125788,0.011131725417439703,negligible,1.0,False,False,0.011131725417439703,False
FlexFL,boostnsift,num_exception_types,49,11,-0.5251530779927517,-0.5251530779927517,-0.027984347693491327,-0.19295397183824592,0.0,271.0,0.9798884254311635,0.0055658627087198514,negligible,1.0,False,False,0.0055658627087198514,False
FlexFL,boostnsift,ambiguity_type_count,49,11,1.7403303232807357,-0.2197125954398122,0.684307199725175,0.5286674280716697,1.960042918720548,271.0,0.9826433758292389,0.0055658627087198514,negligible,1.0,False,False,0.0055658627087198514,False
FlexFL,boostnsift,technical_depth_consistency,49,11,0.2728966222079432,0.2728966222079432,0.4246573145446944,0.46604659427289924,0.0,270.5,0.9922083098871358,0.0037105751391465678,negligible,1.0,False,False,0.0037105751391465678,False
FlexFL,boostnsift,txt_title_avg_word_len,49,11,-0.3969089280843758,-0.3969089280843758,-0.47609702566159373,-0.4921473952001035,0.0,270.0,1.0,0.0018552875695732839,negligible,1.0,False,False,0.0018552875695732839,False
FlexFL,boostnsift,stacktrace_depth,49,11,-0.2020454871191189,-0.2020454871191189,-0.20204548711911888,-0.20204548711911888,0.0,269.5,1.0,0.0,negligible,1.0,False,False,0.0,False
FlexFL,boostnsift,num_S2R,49,11,0.0,0.0,0.0,0.0,0.0,269.5,1.0,0.0,negligible,1.0,False,False,0.0,False
FlexFL,boostnsift,concept_network_ui_concepts,49,11,-0.1397713115629224,-0.1397713115629224,-0.13977131156292244,-0.1397713115629224,0.0,269.5,1.0,0.0,negligible,1.0,False,False,0.0,False
FlexFL,boostnsift,txt_title_hedge_count,49,11,-0.1305847431833189,-0.1305847431833189,-0.13058474318331892,-0.1305847431833189,0.0,269.5,1.0,0.0,negligible,1.0,False,False,0.0,False
FlexFL,boostnsift,txt_root_cause_guess_digit_density,49,11,-0.1710687069843892,-0.1710687069843892,-0.17106870698438922,-0.17106870698438922,0.0,269.5,1.0,0.0,negligible,1.0,False,False,0.0,False
FlexFL,boostnsift,txt_title_question_density,49,11,-0.0586287119753727,-0.0586287119753727,-0.058628711975372685,-0.05862871197537269,0.0,269.5,1.0,0.0,negligible,1.0,False,False,0.0,False
FlexFL,boostnsift,txt_reasoning_exclaim_density,49,11,-0.0346271680532221,-0.0346271680532221,-0.03462716805322211,-0.03462716805322209,0.0,269.5,1.0,0.0,negligible,1.0,False,False,0.0,False
FlexFL,buglocator,embedding_cluster_separation,49,9,0.4474791802280871,-0.3516639628184206,0.4030470810405687,-0.3690386022844401,0.7991431430465077,336.0,0.013515685728784584,0.5238095238095238,large,1.0,False,False,0.5238095238095238,False
FlexFL,buglocator,embedding_cluster_distance,49,9,-0.4033538053588345,0.1441699214613331,-0.4388670420667956,0.31214260484574646,-0.5475237268201676,110.0,0.018152250390599915,-0.5011337868480725,large,1.0,False,False,0.5011337868480725,False
FlexFL,buglocator,repair_difficulty,49,9,1.5143373651357288,-0.6545677804703322,0.7323511561757202,-0.09225903901690895,2.168905145606061,320.0,0.021311151623398587,0.4512471655328798,medium,1.0,False,False,0.4512471655328798,False
FlexFL,buglocator,consistency_composite,49,9,0.732592174877592,-0.3231280574102589,0.5417622786622952,-0.3398855214148279,1.055720232287851,316.0,0.04091717689455996,0.4331065759637188,medium,1.0,False,False,0.4331065759637188,False
FlexFL,buglocator,txt_reasoning_avg_sentence_len,49,9,-0.2475199498496658,0.1027051892145295,-0.2062235615699875,0.40536888964037743,-0.3502251390641953,129.0,0.050256337572453284,-0.41496598639455784,medium,1.0,False,False,0.41496598639455784,False
FlexFL,buglocator,embedding_max,49,9,0.5478698168163857,-0.1681646186147611,0.43957492808755544,-0.337094409760208,0.7160344354311468,311.0,0.05324202179693201,0.41043083900226757,medium,1.0,False,False,0.41043083900226757,False
FlexFL,buglocator,causal_reasoning_consistency,49,9,0.7820593740711349,-0.4431180693611308,0.4070050546530943,-0.37505265583711606,1.2251774434322658,308.5,0.05476744037272706,0.39909297052154197,medium,1.0,False,False,0.39909297052154197,False
FlexFL,buglocator,ambiguity,49,9,-0.5855868655187282,0.5350667621734899,-0.16860998766378982,0.5691168690853763,-1.120653627692218,133.5,0.03320090745798956,-0.3945578231292517,medium,1.0,False,False,0.3945578231292517,False
FlexFL,buglocator,semantic_coherence,49,9,0.1053371080482209,-0.160378299823121,0.34168988254730737,-0.32730602321623725,0.2657154078713419,305.0,0.07119122415425766,0.3832199546485261,medium,1.0,False,False,0.3832199546485261,False
FlexFL,buglocator,actionability,49,9,-1.6812479388132866,0.3430376111637781,-0.741401076323935,0.005656686167600646,-2.0242855499770647,138.5,0.059041124253134444,-0.37188208616780044,medium,1.0,False,False,0.37188208616780044,False
FlexFL,buglocator,num_modal_verbs,49,9,-0.5746091275372439,0.4136475593702713,-0.17123905124846223,0.35874441009763164,-0.9882566869075152,139.0,0.050794908603075006,-0.36961451247165533,medium,1.0,False,False,0.36961451247165533,False
FlexFL,buglocator,clarity,49,9,-1.7301489453956265,0.2638805499878769,-0.7331341977038748,0.04232171716748762,-1.9940294953835034,139.0,0.058278508954165996,-0.36961451247165533,medium,1.0,False,False,0.36961451247165533,False
FlexFL,buglocator,reasoning_composite,49,9,-0.8421210435331218,0.2081718188270818,-0.7456655765816744,0.03312300843371469,-1.0502928623602035,139.5,0.07346556575810426,-0.3673469387755102,medium,1.0,False,False,0.3673469387755102,False
FlexFL,buglocator,technical_depth,49,9,-1.5820652528075685,0.627005794172899,-0.6916743716266657,0.013374947789435869,-2.2090710469804673,141.5,0.0678417617790108,-0.35827664399092973,medium,1.0,False,False,0.35827664399092973,False
FlexFL,buglocator,embedding_mean,49,9,0.2087569354636715,-0.5705662816653152,0.20436904396697916,-0.393017516506878,0.7793232171289867,295.0,0.11198891363611227,0.3378684807256236,medium,1.0,False,False,0.3378684807256236,False
FlexFL,buglocator,causal_reasoning_quality,49,9,-1.6524086752429987,0.3479700762291345,-0.7236613977737941,-0.0409924587793358,-2.0003787514721334,146.0,0.0854131981599436,-0.3378684807256236,medium,1.0,False,False,0.3378684807256236,False
FlexFL,buglocator,semantic_spread_pc2,49,9,0.1710512209220148,0.151886118099568,-0.25659238707241866,0.5607229658048383,0.019165102822446795,148.0,0.12197692997175084,-0.3287981859410431,small,1.0,False,False,0.3287981859410431,False
FlexFL,buglocator,has_input_ambiguity,49,9,1.0,0.0,0.5510204081632653,0.2222222222222222,1.0,293.0,0.07423171526474388,0.3287981859410431,small,1.0,False,False,0.3287981859410431,False
FlexFL,buglocator,txt_root_cause_guess_hedge_count,49,9,1.799605145636966,-0.5556774509255208,0.7421313267721757,-0.032281318356079315,2.355282596562487,293.0,0.07423171526474388,0.3287981859410431,small,1.0,False,False,0.3287981859410431,False
FlexFL,buglocator,semantic_spread_pc1,49,9,-0.0521363646471635,0.461178799024742,-0.22641444054360704,0.3706204420066511,-0.5133151636719055,149.0,0.12725269048415416,-0.3242630385487528,small,1.0,False,False,0.3242630385487528,False
FlexFL,buglocator,embedding_std,49,9,0.5054389137541712,0.255602188330254,0.2121090826716176,-0.13074483579947394,0.24983672542391716,287.5,0.1531540277238706,0.30385487528344673,small,1.0,False,False,0.30385487528344673,False
FlexFL,buglocator,specificity,49,9,-1.6614570375157598,0.3779646843889213,-0.6729618151640011,-0.018589539314766652,-2.039421721904681,156.0,0.1375193354581283,-0.2925170068027211,small,1.0,False,False,0.2925170068027211,False
FlexFL,buglocator,description_length,49,9,-1.0231586669890729,-0.4515774503381989,-0.4807546360382294,-0.2063710525487723,-0.571581216650874,159.0,0.16139454379246942,-0.2789115646258503,small,1.0,False,False,0.2789115646258503,False
FlexFL,buglocator,ambiguity_type_count,49,9,1.7403303232807357,-0.6117211791839219,0.684307199725175,-0.04548655822020802,2.3520515024646578,282.0,0.1336111393523268,0.2789115646258503,small,1.0,False,False,0.2789115646258503,False
FlexFL,buglocator,gunning_fog,49,9,-0.3510575467362363,0.2214758743689552,-0.22344203141835495,0.0694294530131807,-0.5725334211051915,160.5,0.20126511702065075,-0.272108843537415,small,1.0,False,False,0.272108843537415,False
FlexFL,buglocator,clarity_specificity_gap,49,9,-0.4497603897317977,-0.4497603897317977,-0.3198572678272487,0.25748994063741343,0.0,160.5,0.015432115341571611,-0.272108843537415,small,1.0,False,False,0.272108843537415,False
FlexFL,buglocator,concept_network_concept_breadth,49,9,-1.610864843126201,0.410786675927473,-0.5381517921997616,0.1112827471787806,-2.021651519053674,160.5,0.16633365686009027,-0.272108843537415,small,1.0,False,False,0.272108843537415,False
FlexFL,buglocator,expected_observed_alignment,49,9,-1.719935307046086,0.2181834262649555,-0.6816574142008854,-0.05099973113935579,-1.9381187333110417,167.5,0.21309861680218456,-0.24036281179138322,small,1.0,False,False,0.24036281179138322,False
FlexFL,buglocator,technical_depth_consistency,49,9,0.2728966222079432,0.0073154106186277,0.4246573145446944,-0.11072068342106783,0.26558121158931547,273.5,0.2510470790854935,0.24036281179138322,small,1.0,False,False,0.24036281179138322,False
FlexFL,buglocator,txt_reasoning_avg_word_len,49,9,-0.4001908719618544,-0.1924681491339343,-0.27758053824891293,-0.030939617890775595,-0.20772272282792006,168.0,0.2641019094877891,-0.23809523809523808,small,1.0,False,False,0.23809523809523808,False
FlexFL,buglocator,embedding_min,49,9,0.223523753069386,-0.070027462230033,0.19329528454936998,-0.1301928860521971,0.29355121529941897,271.0,0.28288425667063377,0.2290249433106576,small,1.0,False,False,0.2290249433106576,False
FlexFL,buglocator,redundancy,49,9,0.3419996848989602,0.1246277731093516,0.13786076684061951,-0.13989709664713093,0.21737191178960863,269.0,0.3025392805696331,0.2199546485260771,small,1.0,False,False,0.2199546485260771,False
FlexFL,buglocator,txt_title_avg_word_len,49,9,-0.3969089280843758,-0.3969089280843758,-0.47609702566159373,-0.07062218488995205,0.0,175.0,0.15768715119491095,-0.20634920634920634,small,1.0,False,False,0.20634920634920634,False
FlexFL,buglocator,txt_reasoning_has_code_like,49,9,0.0,0.0,0.02040816326530612,0.2222222222222222,0.0,176.0,0.013779207412015555,-0.2018140589569161,small,1.0,False,False,0.2018140589569161,False
FlexFL,buglocator,concept__json_parsing,49,9,0.0,0.0,0.14285714285714285,0.3333333333333333,0.0,178.5,0.17319937048667833,-0.19047619047619047,small,1.0,False,False,0.19047619047619047,False
FlexFL,buglocator,num_causal_markers,49,9,-0.4554019288379759,-0.1531279935599871,-0.10377714698398888,0.014801970483340025,-0.30227393527798885,180.0,0.37995926339597086,-0.1836734693877551,small,1.0,False,False,0.1836734693877551,False
FlexFL,buglocator,semantic_entropy,49,9,0.4978435081071266,0.6996880282898242,-0.13447482974853503,0.07754408114637217,-0.20184452018269766,180.0,0.3902470619751668,-0.1836734693877551,small,1.0,False,False,0.1836734693877551,False
FlexFL,buglocator,concept_network_data_concepts,49,9,-0.2832083787067895,-0.2832083787067895,-0.12752767020108233,0.564386589824283,0.0,180.5,0.0532984551186223,-0.18140589569160998,small,1.0,False,False,0.18140589569160998,False
FlexFL,buglocator,embedding_cluster_size,49,9,0.4146459595637947,0.1845320580379615,0.4869674714719139,0.16407748901344307,0.2301139015258332,259.5,0.38394848128405357,0.17687074829931973,small,1.0,False,False,0.17687074829931973,False
FlexFL,buglocator,embedding_cluster,49,9,1.0,2.0,2.877551020408163,3.7777777777777777,-1.0,182.5,0.39707262091717677,-0.17233560090702948,small,1.0,False,False,0.17233560090702948,False
FlexFL,buglocator,quality_std,49,9,-0.6141221745332237,-0.6141221745332237,-0.2855975146688701,0.056615672689831475,0.0,183.0,0.2419806742429188,-0.17006802721088435,small,1.0,False,False,0.17006802721088435,False
FlexFL,buglocator,concept_network_concept_diversity,49,9,-0.6994917613887949,-0.6994917613887949,-0.3222793997512053,-0.08337823738073184,0.0,186.0,0.28387762328904365,-0.1564625850340136,small,1.0,False,False,0.1564625850340136,False
FlexFL,buglocator,txt_likely_impacted_code_concepts_avg_word_len,49,9,-0.1462390483573012,-0.1462390483573012,-0.208473752667267,-0.0865702752522884,0.0,188.5,0.462416479374246,-0.14512471655328799,negligible,1.0,False,False,0.14512471655328799,False
FlexFL,buglocator,num_versions,49,9,-0.3124943305803233,-0.3124943305803233,-0.11924261116696502,-0.22481530973537367,0.0,248.5,0.5032408194460329,0.12698412698412698,negligible,1.0,False,False,0.12698412698412698,False
FlexFL,buglocator,num_OB,49,9,-0.0777818550633016,-0.2886514946017978,0.08144624009842004,-0.1246417749607452,0.2108696395384962,248.5,0.5528786890675403,0.12698412698412698,negligible,1.0,False,False,0.12698412698412698,False
FlexFL,buglocator,num_EB,49,9,-0.673136533919824,-0.673136533919824,-0.0007105593250385885,-0.24243231489832745,0.0,248.5,0.5074471838224375,0.12698412698412698,negligible,1.0,False,False,0.12698412698412698,False
FlexFL,buglocator,summary_chars,49,9,-0.8058683276097268,-0.8058683276097268,-0.5870454662398177,-0.4363233410472724,0.0,193.0,0.41270057460672604,-0.12471655328798185,negligible,1.0,False,False,0.12471655328798185,False
FlexFL,buglocator,num_os_mentions,49,9,-0.3565391088761866,-0.3565391088761866,-0.036764505319134166,-0.3565391088761866,0.0,247.5,0.2807037341849056,0.12244897959183673,negligible,1.0,False,False,0.12244897959183673,False
FlexFL,buglocator,num_browser_mentions,49,9,-0.390976846636182,-0.390976846636182,-0.08582121466122149,-0.390976846636182,0.0,247.5,0.2807037341849056,0.12244897959183673,negligible,1.0,False,False,0.12244897959183673,False
FlexFL,buglocator,txt_likely_impacted_code_concepts_has_code_like,49,9,0.0,0.0,0.0,0.1111111111111111,0.0,196.0,0.022270978959232787,-0.1111111111111111,negligible,1.0,False,False,0.1111111111111111,False
FlexFL,buglocator,embedding_sparsity,49,9,-0.0303305876632091,-0.31977105279211,-0.05691185486892438,-0.19113084606815392,0.28944046512890087,244.0,0.6206553557098278,0.10657596371882086,negligible,1.0,False,False,0.10657596371882086,False
FlexFL,buglocator,num_env_mentions,49,9,-0.2192296649910203,-0.2192296649910203,0.12039328541250835,-0.2192296649910203,0.0,243.0,0.33118236967311687,0.10204081632653061,negligible,1.0,False,False,0.10204081632653061,False
FlexFL,buglocator,n_sentences,49,9,-0.1927790342493305,-0.0047293921953691,-0.08724096983129098,-0.10920141555868106,-0.18804964205396138,200.5,0.674497226504835,-0.09070294784580499,negligible,1.0,False,False,0.09070294784580499,False
FlexFL,buglocator,txt_title_digit_density,49,9,-0.6450552541976357,-0.6450552541976357,-0.3482170036494845,-0.33215622166133857,0.0,204.0,0.5855598856273208,-0.07482993197278912,negligible,1.0,False,False,0.07482993197278912,False
FlexFL,buglocator,concept__serialization,49,9,0.0,0.0,0.04081632653061224,0.1111111111111111,0.0,205.0,0.4011056065638865,-0.07029478458049887,negligible,1.0,False,False,0.07029478458049887,False
FlexFL,buglocator,txt_reasoning_digit_density,49,9,-0.2000607604811334,-0.2000607604811334,-0.1569584191448734,-0.12276685968502148,0.0,206.0,0.43342489482213,-0.06575963718820861,negligible,1.0,False,False,0.06575963718820861,False
FlexFL,buglocator,concept_network_network_concepts,49,9,-0.2193996860397714,-0.2193996860397714,0.04765386766753053,-0.2193996860397714,0.0,234.0,0.46680019061844047,0.061224489795918366,negligible,1.0,False,False,0.061224489795918366,False
FlexFL,buglocator,num_exception_types,49,9,-0.5251530779927517,-0.5251530779927517,-0.027984347693491327,-0.254472324829821,0.0,231.5,0.7632266241399323,0.049886621315192746,negligible,1.0,False,False,0.049886621315192746,False
FlexFL,buglocator,num_negative_modals,49,9,-0.2577319414569243,-0.2577319414569243,-0.20328612316129305,-0.1589228638092972,0.0,209.5,0.6074609359907751,-0.049886621315192746,negligible,1.0,False,False,0.049886621315192746,False
FlexFL,buglocator,concept__html_parsing,49,9,0.0,0.0,0.061224489795918366,0.1111111111111111,0.0,209.5,0.6074609359907751,-0.049886621315192746,negligible,1.0,False,False,0.049886621315192746,False
FlexFL,buglocator,embedding_norm,49,9,-0.0622098565876286,-0.0622098565876286,-0.021436519033179068,-0.0622098565876286,0.0,211.5,0.7605175110014445,-0.04081632653061224,negligible,1.0,False,False,0.04081632653061224,False
FlexFL,buglocator,concept_network_has_cross_layer_concepts,49,9,0.0,0.0,0.04081632653061224,0.0,0.0,229.5,0.5635963014439491,0.04081632653061224,negligible,1.0,False,False,0.04081632653061224,False
FlexFL,buglocator,concept__string_manipulation,49,9,0.0,0.0,0.04081632653061224,0.0,0.0,229.5,0.5635963014439491,0.04081632653061224,negligible,1.0,False,False,0.04081632653061224,False
FlexFL,buglocator,txt_reasoning_hedge_count,49,9,-0.3672299048237221,-0.3672299048237221,0.37775787585608356,0.17357603966976645,0.0,228.5,0.8290748208437178,0.036281179138321996,negligible,1.0,False,False,0.036281179138321996,False
FlexFL,buglocator,description_chars,49,9,-0.402453486690538,-0.243147592013641,-0.14176750921403297,-0.030883640208380938,-0.159305894676897,213.0,0.8804957706508498,-0.034013605442176874,negligible,1.0,False,False,0.034013605442176874,False
FlexFL,buglocator,num_caused_by,49,9,-0.1602391524099254,-0.1602391524099254,-0.00853882104678734,-0.1602391524099254,0.0,225.0,0.7032385833989319,0.02040816326530612,negligible,1.0,False,False,0.02040816326530612,False
FlexFL,buglocator,exception_library_frames,49,9,-0.1983965354258864,-0.1983965354258864,-0.08791160339933234,-0.1983965354258864,0.0,225.0,0.7032385833989319,0.02040816326530612,negligible,1.0,False,False,0.02040816326530612,False
FlexFL,buglocator,exception_avg_frame_package_depth,49,9,-0.3416459317228559,-0.3416459317228559,-0.28346476125916764,-0.3416459317228559,0.0,225.0,0.7032385833989319,0.02040816326530612,negligible,1.0,False,False,0.02040816326530612,False
FlexFL,buglocator,concept__reflection,49,9,0.0,0.0,0.02040816326530612,0.0,0.0,225.0,0.7032385833989319,0.02040816326530612,negligible,1.0,False,False,0.02040816326530612,False
FlexFL,buglocator,txt_likely_impacted_code_concepts_digit_density,49,9,-0.1486940122073022,-0.1486940122073022,-0.07114066966825926,-0.1486940122073022,0.0,225.0,0.7032385833989319,0.02040816326530612,negligible,1.0,False,False,0.02040816326530612,False
FlexFL,buglocator,concept_network_logic_concepts,49,9,-0.5091620179301407,-0.5091620179301407,-0.28083211193031926,-0.2605361202858907,0.0,218.5,0.9513108326341922,-0.009070294784580499,negligible,1.0,False,False,0.009070294784580499,False
FlexFL,buglocator,concept__deserialization,49,9,0.0,0.0,0.10204081632653061,0.1111111111111111,0.0,218.5,0.9513108326341922,-0.009070294784580499,negligible,1.0,False,False,0.009070294784580499,False
FlexFL,buglocator,completeness_score,49,9,-0.1877149484641514,-0.1877149484641514,-0.2096246468101909,-0.1877149484641514,0.0,219.0,0.9819238241271379,-0.006802721088435374,negligible,1.0,False,False,0.006802721088435374,False
FlexFL,buglocator,num_temporal_markers,49,9,-0.4635308650875505,-0.4635308650875505,-0.05709748774168889,-0.27111313088516187,0.0,221.5,0.9878776285044838,0.0045351473922902496,negligible,1.0,False,False,0.0045351473922902496,False
FlexFL,buglocator,txt_root_cause_guess_avg_word_len,49,9,-0.2901334006840222,-0.2901334006840222,-0.19862279559302404,-0.19405338600192903,0.0,219.5,0.9907698989036361,-0.0045351473922902496,negligible,1.0,False,False,0.0045351473922902496,False
FlexFL,buglocator,stacktrace_depth,49,9,-0.2020454871191189,-0.2020454871191189,-0.20204548711911888,-0.2020454871191189,0.0,220.5,1.0,0.0,negligible,1.0,False,False,0.0,False
FlexFL,buglocator,exception_user_frames,49,9,-0.2073567129463963,-0.2073567129463963,-0.20735671294639627,-0.2073567129463963,0.0,220.5,1.0,0.0,negligible,1.0,False,False,0.0,False
FlexFL,buglocator,num_S2R,49,9,0.0,0.0,0.0,0.0,0.0,220.5,1.0,0.0,negligible,1.0,False,False,0.0,False
FlexFL,buglocator,concept_network_ui_concepts,49,9,-0.1397713115629224,-0.1397713115629224,-0.13977131156292244,-0.1397713115629224,0.0,220.5,1.0,0.0,negligible,1.0,False,False,0.0,False
FlexFL,buglocator,concept_network_infra_concepts,49,9,-0.148431208798588,-0.148431208798588,-0.14843120879858798,-0.148431208798588,0.0,220.5,1.0,0.0,negligible,1.0,False,False,0.0,False
FlexFL,buglocator,txt_title_hedge_count,49,9,-0.1305847431833189,-0.1305847431833189,-0.13058474318331892,-0.1305847431833189,0.0,220.5,1.0,0.0,negligible,1.0,False,False,0.0,False
FlexFL,buglocator,txt_root_cause_guess_digit_density,49,9,-0.1710687069843892,-0.1710687069843892,-0.17106870698438922,-0.1710687069843892,0.0,220.5,1.0,0.0,negligible,1.0,False,False,0.0,False
FlexFL,buglocator,txt_title_question_density,49,9,-0.0586287119753727,-0.0586287119753727,-0.058628711975372685,-0.0586287119753727,0.0,220.5,1.0,0.0,negligible,1.0,False,False,0.0,False
FlexFL,buglocator,txt_reasoning_exclaim_density,49,9,-0.0346271680532221,-0.0346271680532221,-0.03462716805322211,-0.0346271680532221,0.0,220.5,1.0,0.0,negligible,1.0,False,False,0.0,False
FlexFL,locus,description_chars,49,8,-0.402453486690538,0.0984534626288919,-0.14176750921403297,0.755509330053878,-0.5009069493194299,109.0,0.04687828796375372,-0.44387755102040816,medium,1.0,False,False,0.44387755102040816,False
FlexFL,locus,consistency_composite,49,8,0.732592174877592,-0.7001709975130628,0.5417622786622952,-0.22886732238455804,1.4327631723906546,282.0,0.04892098000330745,0.4387755102040816,medium,1.0,False,False,0.4387755102040816,False
FlexFL,locus,semantic_coherence,49,8,0.1053371080482209,-0.3015420829995435,0.34168988254730737,-0.3247588470116096,0.4068791910477644,277.0,0.06435335969720145,0.413265306122449,medium,1.0,False,False,0.413265306122449,False
FlexFL,locus,num_browser_mentions,49,8,-0.390976846636182,0.8550753172615734,-0.08582121466122149,1.1665883582360124,-1.2460521638977553,119.0,0.007745582566694281,-0.39285714285714285,medium,0.635137770468931,False,False,0.39285714285714285,False
FlexFL,locus,causal_reasoning_consistency,49,8,0.7820593740711349,-0.7494124302191973,0.4070050546530943,-0.4431180693611309,1.5314718042903324,272.0,0.0759186061815185,0.3877551020408163,medium,1.0,False,False,0.3877551020408163,False
FlexFL,locus,embedding_cluster_distance,49,8,-0.4033538053588345,0.1163695039688629,-0.4388670420667956,0.12553513258013854,-0.5197233093276974,122.0,0.09127423796254197,-0.37755102040816324,medium,1.0,False,False,0.37755102040816324,False
FlexFL,locus,txt_title_avg_word_len,49,8,-0.3969089280843758,-0.3969089280843758,-0.47609702566159373,0.4082743960950451,0.0,125.0,0.023047988855556333,-0.3622448979591837,medium,1.0,False,False,0.3622448979591837,False
FlexFL,locus,n_sentences,49,8,-0.1927790342493305,0.08929542883161154,-0.08724096983129098,0.5124071234530246,-0.28207446308094203,126.5,0.11192953611111743,-0.35459183673469385,medium,1.0,False,False,0.35459183673469385,False
FlexFL,locus,exception_library_frames,49,8,-0.1983965354258864,-0.1983965354258864,-0.08791160339933234,1.1099292013218915,0.0,127.0,0.00038028078604699565,-0.3520408163265306,medium,0.03194358602794763,True,True,0.3520408163265306,True
FlexFL,locus,exception_avg_frame_package_depth,49,8,-0.3416459317228559,-0.3416459317228559,-0.28346476125916764,0.5834240143323144,0.0,127.0,0.00038028078604699565,-0.3520408163265306,medium,0.03194358602794763,True,True,0.3520408163265306,True
FlexFL,locus,txt_reasoning_avg_sentence_len,49,8,-0.2475199498496658,-0.014036523806868949,-0.2062235615699875,0.146483331597554,-0.23348342604279684,136.5,0.17455810856691734,-0.30357142857142855,small,1.0,False,False,0.30357142857142855,False
FlexFL,locus,embedding_max,49,8,0.5478698168163857,-0.21095363600057582,0.43957492808755544,-0.15127932530236599,0.7588234528169615,254.0,0.1864670749308509,0.29591836734693877,small,1.0,False,False,0.29591836734693877,False
FlexFL,locus,embedding_cluster,49,8,1.0,1.0,2.877551020408163,1.625,0.0,251.0,0.17837645221827503,0.28061224489795916,small,1.0,False,False,0.28061224489795916,False
FlexFL,locus,summary_chars,49,8,-0.8058683276097268,-0.8058683276097268,-0.5870454662398177,-0.15123593070478186,0.0,143.0,0.10071617570594522,-0.27040816326530615,small,1.0,False,False,0.27040816326530615,False
FlexFL,locus,num_modal_verbs,49,8,-0.5746091275372439,-0.0804807840834863,-0.17123905124846223,0.16658338764339248,-0.4941283434537576,143.0,0.1725174675823855,-0.27040816326530615,small,1.0,False,False,0.27040816326530615,False
FlexFL,locus,redundancy,49,8,0.3419996848989602,-0.0990698284636138,0.13786076684061951,-0.13586067034190213,0.441069513362574,245.0,0.26509480057734636,0.25,small,1.0,False,False,0.25,False
FlexFL,locus,ambiguity,49,8,-0.5855868655187282,-0.16575657116874654,-0.16860998766378982,0.06828818515133513,-0.41983029434998165,150.5,0.23199772362873416,-0.23214285714285715,small,1.0,False,False,0.23214285714285715,False
FlexFL,locus,txt_reasoning_hedge_count,49,8,-0.3672299048237221,0.8495834702866272,0.37775787585608356,0.8495834702866273,-1.2168133751103491,152.0,0.2029181463047488,-0.22448979591836735,small,1.0,False,False,0.22448979591836735,False
FlexFL,locus,txt_title_digit_density,49,8,-0.6450552541976357,-0.6450552541976357,-0.3482170036494845,-0.13527920790842746,0.0,153.0,0.14078785383694983,-0.2193877551020408,small,1.0,False,False,0.2193877551020408,False
FlexFL,locus,semantic_entropy,49,8,0.4978435081071266,0.5896113807599068,-0.13447482974853503,0.35881319469473977,-0.09176787265278025,155.0,0.352057195343756,-0.20918367346938777,small,1.0,False,False,0.20918367346938777,False
FlexFL,locus,txt_likely_impacted_code_concepts_avg_word_len,49,8,-0.1462390483573012,-0.1462390483573012,-0.208473752667267,0.006986469534647238,0.0,155.0,0.29452224059696164,-0.20918367346938777,small,1.0,False,False,0.20918367346938777,False
FlexFL,locus,concept_network_concept_diversity,49,8,-0.6994917613887949,-0.6994917613887949,-0.3222793997512053,-0.006364046879723972,0.0,157.5,0.20314776849640925,-0.19642857142857142,small,1.0,False,False,0.19642857142857142,False
FlexFL,locus,embedding_mean,49,8,0.2087569354636715,0.6147063906419106,0.20436904396697916,0.22174228168030935,-0.4059494551782391,160.0,0.41470754763780415,-0.1836734693877551,small,1.0,False,False,0.1836734693877551,False
FlexFL,locus,embedding_cluster_size,49,8,0.4146459595637947,1.5882268573455445,0.4869674714719139,0.9007615765371176,-1.1735808977817497,160.0,0.38032749782731223,-0.1836734693877551,small,1.0,False,False,0.1836734693877551,False
FlexFL,locus,concept_network_concept_breadth,49,8,-1.610864843126201,-1.610864843126201,-0.5381517921997616,-0.9369810034416429,0.0,229.0,0.40595599437020036,0.1683673469387755,small,1.0,False,False,0.1683673469387755,False
FlexFL,locus,embedding_sparsity,49,8,-0.0303305876632091,-0.0303305876632091,-0.05691185486892438,-0.4283112272154504,0.0,228.5,0.46082751040776626,0.16581632653061223,small,1.0,False,False,0.16581632653061223,False
FlexFL,locus,quality_std,49,8,-0.6141221745332237,-0.6141221745332237,-0.2855975146688701,-0.6141221745332237,0.0,228.0,0.22910188406505871,0.16326530612244897,small,1.0,False,False,0.16326530612244897,False
FlexFL,locus,num_OB,49,8,-0.0777818550633016,0.027652964705946498,0.08144624009842004,0.42303353884062705,-0.1054348197692481,164.5,0.47456674141922794,-0.16071428571428573,small,1.0,False,False,0.16071428571428573,False
FlexFL,locus,concept__json_parsing,49,8,0.0,0.0,0.14285714285714285,0.0,0.0,224.0,0.26649612895753194,0.14285714285714285,negligible,1.0,False,False,0.14285714285714285,False
FlexFL,locus,num_exception_types,49,8,-0.5251530779927517,-0.5251530779927517,-0.027984347693491327,0.23613654027799075,0.0,168.5,0.4218600465478496,-0.14030612244897958,negligible,1.0,False,False,0.14030612244897958,False
FlexFL,locus,num_os_mentions,49,8,-0.3565391088761866,-0.3565391088761866,-0.036764505319134166,0.2963340400527955,0.0,171.0,0.34957480612329817,-0.12755102040816327,negligible,1.0,False,False,0.12755102040816327,False
FlexFL,locus,embedding_cluster_separation,49,8,0.4474791802280871,0.406198960679797,0.4030470810405687,0.32188413702904883,0.04128021954829009,221.0,0.5734997863914743,0.12755102040816327,negligible,1.0,False,False,0.12755102040816327,False
FlexFL,locus,reasoning_composite,49,8,-0.8421210435331218,-0.8421210435331218,-0.7456655765816744,-0.5139045240455581,0.0,171.0,0.558661000105583,-0.12755102040816327,negligible,1.0,False,False,0.12755102040816327,False
FlexFL,locus,stacktrace_depth,49,8,-0.2020454871191189,-0.2020454871191189,-0.20204548711911888,-0.10530925905463251,0.0,171.5,0.015335137038007584,-0.125,negligible,1.0,False,False,0.125,False
FlexFL,locus,exception_user_frames,49,8,-0.2073567129463963,-0.2073567129463963,-0.20735671294639627,-0.13323733995399864,0.0,171.5,0.015335137038007584,-0.125,negligible,1.0,False,False,0.125,False
FlexFL,locus,num_EB,49,8,-0.673136533919824,-0.673136533919824,-0.0007105593250385885,-0.06745872592084451,0.0,220.5,0.5350472924233937,0.125,negligible,1.0,False,False,0.125,False
FlexFL,locus,num_versions,49,8,-0.3124943305803233,-0.1809757993128989,-0.11924261116696502,-0.13165635008761475,-0.13151853126742438,172.0,0.5509926843075234,-0.12244897959183673,negligible,1.0,False,False,0.12244897959183673,False
FlexFL,locus,technical_depth_consistency,49,8,0.2728966222079432,0.2728966222079432,0.4246573145446944,0.1733036678619499,0.0,218.5,0.6046918227171125,0.11479591836734694,negligible,1.0,False,False,0.11479591836734694,False
FlexFL,locus,txt_reasoning_avg_word_len,49,8,-0.4001908719618544,-0.2991908678432479,-0.27758053824891293,-0.18108640749098837,-0.10100000411860649,175.0,0.6376611926490168,-0.10714285714285714,negligible,1.0,False,False,0.10714285714285714,False
FlexFL,locus,num_caused_by,49,8,-0.1602391524099254,-0.1602391524099254,-0.00853882104678734,0.7689253771892951,0.0,175.5,0.14944349418254987,-0.10459183673469388,negligible,1.0,False,False,0.10459183673469388,False
FlexFL,locus,txt_reasoning_has_code_like,49,8,0.0,0.0,0.02040816326530612,0.125,0.0,175.5,0.14944349418254987,-0.10459183673469388,negligible,1.0,False,False,0.10459183673469388,False
FlexFL,locus,num_env_mentions,49,8,-0.2192296649910203,-0.2192296649910203,0.12039328541250835,-0.2192296649910203,0.0,216.0,0.3606253709647126,0.10204081632653061,negligible,1.0,False,False,0.10204081632653061,False
FlexFL,locus,concept__deserialization,49,8,0.0,0.0,0.10204081632653061,0.0,0.0,216.0,0.3606253709647126,0.10204081632653061,negligible,1.0,False,False,0.10204081632653061,False
FlexFL,locus,expected_observed_alignment,49,8,-1.719935307046086,-1.719935307046086,-0.6816574142008854,-0.8720083612225054,0.0,215.0,0.6302942711342593,0.09693877551020408,negligible,1.0,False,False,0.09693877551020408,False
FlexFL,locus,num_temporal_markers,49,8,-0.4635308650875505,-0.4635308650875505,-0.05709748774168889,-0.3552958895987069,0.0,214.0,0.5589689066743586,0.09183673469387756,negligible,1.0,False,False,0.09183673469387756,False
FlexFL,locus,embedding_std,49,8,0.5054389137541712,0.5054389137548104,0.2121090826716176,-0.007361260660741081,-6.392664175791651e-13,213.5,0.6960651440995618,0.08928571428571429,negligible,1.0,False,False,0.08928571428571429,False
FlexFL,locus,concept_network_data_concepts,49,8,-0.2832083787067895,-0.2832083787067895,-0.12752767020108233,0.19356379109193883,0.0,179.5,0.3419790439598668,-0.08418367346938775,negligible,1.0,False,False,0.08418367346938775,False
FlexFL,locus,semantic_spread_pc2,49,8,0.1710512209220148,0.04524360284279125,-0.25659238707241866,0.2004841504174577,0.12580761807922355,180.0,0.721717912187753,-0.08163265306122448,negligible,1.0,False,False,0.08163265306122448,False
FlexFL,locus,has_input_ambiguity,49,8,1.0,1.0,0.5510204081632653,0.625,0.0,181.5,0.7082810122906027,-0.07397959183673469,negligible,1.0,False,False,0.07397959183673469,False
FlexFL,locus,ambiguity_type_count,49,8,1.7403303232807357,1.7403303232807357,0.684307199725175,0.8583110098564891,0.0,181.5,0.7082810122906027,-0.07397959183673469,negligible,1.0,False,False,0.07397959183673469,False
FlexFL,locus,txt_root_cause_guess_hedge_count,49,8,1.799605145636966,1.799605145636966,0.7421313267721757,0.9163741719260334,0.0,181.5,0.7082810122906027,-0.07397959183673469,negligible,1.0,False,False,0.07397959183673469,False
FlexFL,locus,semantic_spread_pc1,49,8,-0.0521363646471635,-0.03398254985287265,-0.22641444054360704,-0.07999696767098657,-0.018153814794290853,210.0,0.7564072447294758,0.07142857142857142,negligible,1.0,False,False,0.07142857142857142,False
FlexFL,locus,num_causal_markers,49,8,-0.4554019288379759,-0.3042649611989815,-0.10377714698398888,0.3002829093569961,-0.15113696763899442,182.5,0.7596186873048089,-0.06887755102040816,negligible,1.0,False,False,0.06887755102040816,False
FlexFL,locus,num_negative_modals,49,8,-0.2577319414569243,-0.2577319414569243,-0.20328612316129305,-0.14657172910334382,0.0,183.5,0.5332786351948,-0.06377551020408163,negligible,1.0,False,False,0.06377551020408163,False
FlexFL,locus,concept_network_network_concepts,49,8,-0.2193996860397714,-0.2193996860397714,0.04765386766753053,0.32583465277930335,0.0,183.5,0.5332786351948,-0.06377551020408163,negligible,1.0,False,False,0.06377551020408163,False
FlexFL,locus,clarity_specificity_gap,49,8,-0.4497603897317977,-0.4497603897317977,-0.3198572678272487,-0.4497603897317977,0.0,208.0,0.4946062412578771,0.061224489795918366,negligible,1.0,False,False,0.061224489795918366,False
FlexFL,locus,concept__html_parsing,49,8,0.0,0.0,0.061224489795918366,0.0,0.0,208.0,0.4946062412578771,0.061224489795918366,negligible,1.0,False,False,0.061224489795918366,False
FlexFL,locus,description_length,49,8,-1.0231586669890729,-1.0231586669890729,-0.4807546360382294,-0.6166178813577674,0.0,207.5,0.7805977602165007,0.058673469387755105,negligible,1.0,False,False,0.058673469387755105,False
FlexFL,locus,completeness_score,49,8,-0.1877149484641514,-0.1877149484641514,-0.2096246468101909,-0.1877149484641514,0.0,186.5,0.8270841667787063,-0.04846938775510204,negligible,1.0,False,False,0.04846938775510204,False
FlexFL,locus,causal_reasoning_quality,49,8,-1.6524086752429987,-1.6524086752429987,-0.7236613977737941,-0.8397548074574446,0.0,205.5,0.8175281987436811,0.04846938775510204,negligible,1.0,False,False,0.04846938775510204,False
FlexFL,locus,embedding_norm,49,8,-0.0622098565876286,-0.0622098565876286,-0.021436519033179068,-0.0622098565876286,0.0,188.0,0.7751956263847503,-0.04081632653061224,negligible,1.0,False,False,0.04081632653061224,False
FlexFL,locus,concept_network_has_cross_layer_concepts,49,8,0.0,0.0,0.04081632653061224,0.0,0.0,204.0,0.5888091865408536,0.04081632653061224,negligible,1.0,False,False,0.04081632653061224,False
FlexFL,locus,concept__serialization,49,8,0.0,0.0,0.04081632653061224,0.0,0.0,204.0,0.5888091865408536,0.04081632653061224,negligible,1.0,False,False,0.04081632653061224,False
FlexFL,locus,concept__string_manipulation,49,8,0.0,0.0,0.04081632653061224,0.0,0.0,204.0,0.5888091865408536,0.04081632653061224,negligible,1.0,False,False,0.04081632653061224,False
FlexFL,locus,txt_reasoning_digit_density,49,8,-0.2000607604811334,-0.2000607604811334,-0.1569584191448734,-0.2000607604811334,0.0,204.0,0.588868611998539,0.04081632653061224,negligible,1.0,False,False,0.04081632653061224,False
FlexFL,locus,actionability,49,8,-1.6812479388132866,-1.6812479388132866,-0.741401076323935,-0.7323640872615376,0.0,189.5,0.8783854774026514,-0.03316326530612245,negligible,1.0,False,False,0.03316326530612245,False
FlexFL,locus,technical_depth,49,8,-1.5820652528075685,-1.5820652528075685,-0.6916743716266657,-0.8226970804080327,0.0,201.0,0.9086844508173021,0.025510204081632654,negligible,1.0,False,False,0.025510204081632654,False
FlexFL,locus,txt_root_cause_guess_avg_word_len,49,8,-0.2901334006840222,-0.2901334006840222,-0.19862279559302404,-0.07968608905295366,0.0,191.0,0.9083251041279463,-0.025510204081632654,negligible,1.0,False,False,0.025510204081632654,False
FlexFL,locus,concept_network_logic_concepts,49,8,-0.5091620179301407,-0.5091620179301407,-0.28083211193031926,-0.22945788308035944,0.0,191.5,0.8627659334901676,-0.02295918367346939,negligible,1.0,False,False,0.02295918367346939,False
FlexFL,locus,concept__reflection,49,8,0.0,0.0,0.02040816326530612,0.0,0.0,200.0,0.7236736098317631,0.02040816326530612,negligible,1.0,False,False,0.02040816326530612,False
FlexFL,locus,txt_likely_impacted_code_concepts_digit_density,49,8,-0.1486940122073022,-0.1486940122073022,-0.07114066966825926,-0.1486940122073022,0.0,200.0,0.7236736098317631,0.02040816326530612,negligible,1.0,False,False,0.02040816326530612,False
FlexFL,locus,clarity,49,8,-1.7301489453956265,-1.7301489453956265,-0.7331341977038748,-0.7954476194346093,0.0,192.5,0.93865931307353,-0.017857142857142856,negligible,1.0,False,False,0.017857142857142856,False
FlexFL,locus,specificity,49,8,-1.6614570375157598,-1.6614570375157598,-0.6729618151640011,-0.7054781053729405,0.0,192.5,0.9388586921292676,-0.017857142857142856,negligible,1.0,False,False,0.017857142857142856,False
FlexFL,locus,embedding_min,49,8,0.223523753069386,0.0470681633873003,0.19329528454936998,0.15257317264202783,0.1764555896820857,199.0,0.9541952943647426,0.015306122448979591,negligible,1.0,False,False,0.015306122448979591,False
FlexFL,locus,repair_difficulty,49,8,1.5143373651357288,1.5143373651357288,0.7323511561757202,0.5202558400662842,0.0,199.0,0.9490275213728974,0.015306122448979591,negligible,1.0,False,False,0.015306122448979591,False
FlexFL,locus,gunning_fog,49,8,-0.3510575467362363,-0.5885645428540491,-0.22344203141835495,-0.22168701408265945,0.23750699611781284,195.0,0.9908339256995563,-0.00510204081632653,negligible,1.0,False,False,0.00510204081632653,False
FlexFL,locus,num_S2R,49,8,0.0,0.0,0.0,0.0,0.0,196.0,1.0,0.0,negligible,1.0,False,False,0.0,False
FlexFL,locus,concept_network_ui_concepts,49,8,-0.1397713115629224,-0.1397713115629224,-0.13977131156292244,-0.1397713115629224,0.0,196.0,1.0,0.0,negligible,1.0,False,False,0.0,False
FlexFL,locus,concept_network_infra_concepts,49,8,-0.148431208798588,-0.148431208798588,-0.14843120879858798,-0.148431208798588,0.0,196.0,1.0,0.0,negligible,1.0,False,False,0.0,False
FlexFL,locus,txt_likely_impacted_code_concepts_has_code_like,49,8,0.0,0.0,0.0,0.0,0.0,196.0,1.0,0.0,negligible,1.0,False,False,0.0,False
FlexFL,locus,txt_title_hedge_count,49,8,-0.1305847431833189,-0.1305847431833189,-0.13058474318331892,-0.1305847431833189,0.0,196.0,1.0,0.0,negligible,1.0,False,False,0.0,False
FlexFL,locus,txt_root_cause_guess_digit_density,49,8,-0.1710687069843892,-0.1710687069843892,-0.17106870698438922,-0.1710687069843892,0.0,196.0,1.0,0.0,negligible,1.0,False,False,0.0,False
FlexFL,locus,txt_title_question_density,49,8,-0.0586287119753727,-0.0586287119753727,-0.058628711975372685,-0.0586287119753727,0.0,196.0,1.0,0.0,negligible,1.0,False,False,0.0,False
FlexFL,locus,txt_reasoning_exclaim_density,49,8,-0.0346271680532221,-0.0346271680532221,-0.03462716805322211,-0.0346271680532221,0.0,196.0,1.0,0.0,negligible,1.0,False,False,0.0,False
boostnsift,buglocator,embedding_cluster_distance,11,9,-0.3813911898100356,0.1441699214613331,-0.8702431532448884,0.31214260484574646,-0.5255611112713687,18.0,0.01846937952783697,-0.6363636363636364,large,1.0,False,False,0.6363636363636364,False
boostnsift,buglocator,ambiguity,11,9,-0.5855868655187282,0.5350667621734899,-0.4367835144325369,0.5691168690853763,-1.120653627692218,21.0,0.01988286831492265,-0.5757575757575758,large,1.0,False,False,0.5757575757575758,False
boostnsift,buglocator,num_causal_markers,11,9,-0.7576758641159647,-0.1531279935599871,-0.5103608261612466,0.014801970483340025,-0.6045478705559776,22.0,0.03256582594580199,-0.5555555555555556,large,1.0,False,False,0.5555555555555556,False
boostnsift,buglocator,num_modal_verbs,11,9,-0.5746091275372439,0.4136475593702713,-0.17032230107507862,0.35874441009763164,-0.9882566869075152,30.5,0.12290797000411556,-0.3838383838383838,medium,1.0,False,False,0.3838383838383838,False
boostnsift,buglocator,txt_reasoning_avg_sentence_len,11,9,-0.2475199498496658,0.1027051892145295,-0.3048295180601706,0.40536888964037743,-0.3502251390641953,30.5,0.1595544157727644,-0.3838383838383838,medium,1.0,False,False,0.3838383838383838,False
boostnsift,buglocator,semantic_spread_pc2,11,9,0.1552142595516366,0.151886118099568,-0.2968585584002756,0.5607229658048383,0.0033281414520685837,33.0,0.2239709324364102,-0.3333333333333333,medium,1.0,False,False,0.3333333333333333,False
boostnsift,buglocator,embedding_cluster_separation,11,9,0.502950031241528,-0.3516639628184206,0.4097091985306147,-0.3690386022844401,0.8546139940599486,66.0,0.2239709324364102,0.3333333333333333,medium,1.0,False,False,0.3333333333333333,False
boostnsift,buglocator,causal_reasoning_consistency,11,9,1.3946480957872676,-0.4431180693611308,0.39223018752450484,-0.37505265583711606,1.8377661651483983,66.0,0.2113428162886105,0.3333333333333333,medium,1.0,False,False,0.3333333333333333,False
boostnsift,buglocator,consistency_composite,11,9,1.185043703000956,-0.3231280574102589,0.5543536941017208,-0.3398855214148279,1.5081717604112148,65.0,0.2522995165329831,0.31313131313131315,small,1.0,False,False,0.31313131313131315,False
boostnsift,buglocator,semantic_coherence,11,9,0.0114514839302217,-0.160378299823121,0.5811116282036136,-0.32730602321623725,0.17182978375334268,64.0,0.28731414262825694,0.29292929292929293,small,1.0,False,False,0.29292929292929293,False
boostnsift,buglocator,semantic_spread_pc1,11,9,0.1053774694642904,0.461178799024742,-0.5215398862861446,0.3706204420066511,-0.35580132956045163,36.0,0.3231380348320163,-0.2727272727272727,small,1.0,False,False,0.2727272727272727,False
boostnsift,buglocator,embedding_max,11,9,0.5000658636107773,-0.1681646186147611,0.29339173612522274,-0.337094409760208,0.6682304822255384,63.0,0.3231380348320163,0.2727272727272727,small,1.0,False,False,0.2727272727272727,False
boostnsift,buglocator,ambiguity_type_count,11,9,-0.2197125954398122,-0.6117211791839219,0.5286674280716697,-0.04548655822020802,0.3920085837441097,62.5,0.2905981350646518,0.26262626262626265,small,1.0,False,False,0.26262626262626265,False
boostnsift,buglocator,repair_difficulty,11,9,0.0684006013983548,-0.6545677804703322,0.39702259315684896,-0.09225903901690895,0.722968381868687,62.0,0.34311883968616363,0.25252525252525254,small,1.0,False,False,0.25252525252525254,False
boostnsift,buglocator,num_versions,11,9,-0.1809757993128989,-0.3124943305803233,-0.12119464873679692,-0.22481530973537367,0.13151853126742438,61.5,0.3369193239963002,0.24242424242424243,small,1.0,False,False,0.24242424242424243,False
boostnsift,buglocator,clarity_specificity_gap,11,9,-0.4497603897317977,-0.4497603897317977,-0.2568739359947401,0.25748994063741343,0.0,37.5,0.20785096231374423,-0.24242424242424243,small,1.0,False,False,0.24242424242424243,False
boostnsift,buglocator,quality_std,11,9,-0.6141221745332237,-0.6141221745332237,-0.43119367074511766,0.056615672689831475,0.0,37.5,0.20785096231374423,-0.24242424242424243,small,1.0,False,False,0.24242424242424243,False
boostnsift,buglocator,concept_network_concept_breadth,11,9,0.410786675927473,0.410786675927473,-0.44688366548923714,0.1112827471787806,0.0,37.5,0.3480562170482946,-0.24242424242424243,small,1.0,False,False,0.24242424242424243,False
boostnsift,buglocator,concept__json_parsing,11,9,0.0,0.0,0.09090909090909091,0.3333333333333333,0.0,37.5,0.20785096231374423,-0.24242424242424243,small,1.0,False,False,0.24242424242424243,False
boostnsift,buglocator,embedding_mean,11,9,0.0503158042304711,-0.5705662816653152,0.03997749024558412,-0.393017516506878,0.6208820858957863,61.0,0.4031406992403047,0.23232323232323232,small,1.0,False,False,0.23232323232323232,False
boostnsift,buglocator,has_input_ambiguity,11,9,0.0,0.0,0.45454545454545453,0.2222222222222222,0.0,61.0,0.31233950898781915,0.23232323232323232,small,1.0,False,False,0.23232323232323232,False
boostnsift,buglocator,technical_depth_consistency,11,9,0.2728966222079432,0.0073154106186277,0.46604659427289924,-0.11072068342106783,0.26558121158931547,61.0,0.39758080840155563,0.23232323232323232,small,1.0,False,False,0.23232323232323232,False
boostnsift,buglocator,txt_root_cause_guess_hedge_count,11,9,-0.5556774509255208,-0.5556774509255208,0.5149055475119733,-0.032281318356079315,0.0,61.0,0.31233950898781915,0.23232323232323232,small,1.0,False,False,0.23232323232323232,False
boostnsift,buglocator,num_temporal_markers,11,9,-0.4635308650875505,-0.4635308650875505,-0.4635308650875505,-0.27111313088516187,0.0,38.5,0.12520185737062023,-0.2222222222222222,small,1.0,False,False,0.2222222222222222,False
boostnsift,buglocator,concept_network_data_concepts,11,9,-0.2832083787067895,-0.2832083787067895,-0.28320837870678955,0.564386589824283,0.0,38.5,0.12520185737062023,-0.2222222222222222,small,1.0,False,False,0.2222222222222222,False
boostnsift,buglocator,semantic_entropy,11,9,0.3840927717717992,0.6996880282898242,-0.2587601551582933,0.07754408114637217,-0.31559525651802506,39.0,0.44724086493443127,-0.21212121212121213,small,1.0,False,False,0.21212121212121213,False
boostnsift,buglocator,expected_observed_alignment,11,9,-0.2663462570628048,0.2181834262649555,-0.5306351752415833,-0.05099973113935579,-0.48452968332776025,39.5,0.4444894924645503,-0.20202020202020202,small,1.0,False,False,0.20202020202020202,False
boostnsift,buglocator,txt_title_avg_word_len,11,9,-0.3969089280843758,-0.3969089280843758,-0.4921473952001035,-0.07062218488995205,0.0,39.5,0.37328202563988755,-0.20202020202020202,small,1.0,False,False,0.20202020202020202,False
boostnsift,buglocator,summary_chars,11,9,-0.8058683276097268,-0.8058683276097268,-0.5599228514782696,-0.4363233410472724,0.0,40.5,0.4256704768356543,-0.18181818181818182,small,1.0,False,False,0.18181818181818182,False
boostnsift,buglocator,n_sentences,11,9,-0.2868038552763112,-0.0047293921953691,-0.22696987825914172,-0.10920141555868106,-0.2820744630809421,40.5,0.5158883675420229,-0.18181818181818182,small,1.0,False,False,0.18181818181818182,False
boostnsift,buglocator,concept_network_infra_concepts,11,9,-0.148431208798588,-0.148431208798588,1.1034885825834422,-0.148431208798588,0.0,58.5,0.21451592901628613,0.18181818181818182,small,1.0,False,False,0.18181818181818182,False
boostnsift,buglocator,technical_depth,11,9,0.0747380324277821,0.627005794172899,-0.37711740900004076,0.013374947789435869,-0.5522677617451169,41.0,0.5275455836196997,-0.1717171717171717,small,1.0,False,False,0.1717171717171717,False
boostnsift,buglocator,txt_root_cause_guess_avg_word_len,11,9,-0.2901334006840222,-0.2901334006840222,-0.06049069016811203,-0.19405338600192903,0.0,58.0,0.53443648022617,0.1717171717171717,small,1.0,False,False,0.1717171717171717,False
boostnsift,buglocator,actionability,11,9,0.3430376111637781,0.3430376111637781,-0.3930662251915182,0.005656686167600646,0.0,42.0,0.573152626989159,-0.15151515151515152,small,1.0,False,False,0.15151515151515152,False
boostnsift,buglocator,causal_reasoning_quality,11,9,-1.1523139873749657,0.3479700762291345,-0.5158298391792866,-0.0409924587793358,-1.5002840636041002,42.0,0.5776136101812042,-0.15151515151515152,small,1.0,False,False,0.15151515151515152,False
boostnsift,buglocator,reasoning_composite,11,9,-0.31697461235302,0.2081718188270818,-0.3169746123530197,0.03312300843371469,-0.5251464311801017,42.5,0.6156597438209706,-0.1414141414141414,negligible,1.0,False,False,0.1414141414141414,False
boostnsift,buglocator,txt_likely_impacted_code_concepts_avg_word_len,11,9,-0.1462390483573012,-0.1462390483573012,-0.19589283399451893,-0.0865702752522884,0.0,42.5,0.6097653183381253,-0.1414141414141414,negligible,1.0,False,False,0.1414141414141414,False
boostnsift,buglocator,completeness_score,11,9,-0.1877149484641514,-0.1877149484641514,-0.5781059371754002,-0.1877149484641514,0.0,43.0,0.6158824833337488,-0.13131313131313133,negligible,1.0,False,False,0.13131313131313133,False
boostnsift,buglocator,embedding_cluster_size,11,9,0.1845320580379615,0.1845320580379615,-0.12089184762359889,0.16407748901344307,0.0,43.0,0.6432103393980863,-0.13131313131313133,negligible,1.0,False,False,0.13131313131313133,False
boostnsift,buglocator,txt_reasoning_has_code_like,11,9,0.0,0.0,0.09090909090909091,0.2222222222222222,0.0,43.0,0.46165071663994994,-0.13131313131313133,negligible,1.0,False,False,0.13131313131313133,False
boostnsift,buglocator,clarity,11,9,0.2638805499878769,0.2638805499878769,-0.4159022325292265,0.04232171716748762,0.0,43.5,0.6523169896144594,-0.12121212121212122,negligible,1.0,False,False,0.12121212121212122,False
boostnsift,buglocator,embedding_sparsity,11,9,0.2591098774656933,-0.31977105279211,-0.2276763593420073,-0.19113084606815392,0.5788809302578033,44.0,0.7026551097443519,-0.1111111111111111,negligible,1.0,False,False,0.1111111111111111,False
boostnsift,buglocator,description_length,11,9,-0.4603261424297939,-0.4515774503381989,-0.3547453355971361,-0.2063710525487723,-0.008748692091595012,44.0,0.6979216328764009,-0.1111111111111111,negligible,1.0,False,False,0.1111111111111111,False
boostnsift,buglocator,concept__serialization,11,9,0.0,0.0,0.0,0.1111111111111111,0.0,44.0,0.31487864133641996,-0.1111111111111111,negligible,1.0,False,False,0.1111111111111111,False
boostnsift,buglocator,concept__html_parsing,11,9,0.0,0.0,0.0,0.1111111111111111,0.0,44.0,0.31487864133641996,-0.1111111111111111,negligible,1.0,False,False,0.1111111111111111,False
boostnsift,buglocator,concept__deserialization,11,9,0.0,0.0,0.0,0.1111111111111111,0.0,44.0,0.31487864133641996,-0.1111111111111111,negligible,1.0,False,False,0.1111111111111111,False
boostnsift,buglocator,txt_reasoning_digit_density,11,9,-0.2000607604811334,-0.2000607604811334,-0.2000607604811334,-0.12276685968502148,0.0,44.0,0.31487864133641996,-0.1111111111111111,negligible,1.0,False,False,0.1111111111111111,False
boostnsift,buglocator,description_chars,11,9,-0.1447146814815746,-0.243147592013641,-0.30984884059787027,-0.030883640208380938,0.0984329105320664,45.0,0.761120896413584,-0.09090909090909091,negligible,1.0,False,False,0.09090909090909091,False
boostnsift,buglocator,num_os_mentions,11,9,-0.3565391088761866,-0.3565391088761866,-0.1191306910838295,-0.3565391088761866,0.0,54.0,0.4213795037428696,0.09090909090909091,negligible,1.0,False,False,0.09090909090909091,False
boostnsift,buglocator,num_browser_mentions,11,9,-0.390976846636182,-0.390976846636182,-0.16442190774568102,-0.390976846636182,0.0,54.0,0.4213795037428696,0.09090909090909091,negligible,1.0,False,False,0.09090909090909091,False
boostnsift,buglocator,num_env_mentions,11,9,-0.2192296649910203,-0.2192296649910203,0.08334350900485066,-0.2192296649910203,0.0,54.0,0.4213795037428696,0.09090909090909091,negligible,1.0,False,False,0.09090909090909091,False
boostnsift,buglocator,exception_user_frames,11,9,-0.2073567129463963,-0.2073567129463963,-0.1804042136764335,-0.2073567129463963,0.0,54.0,0.4213795037428696,0.09090909090909091,negligible,1.0,False,False,0.09090909090909091,False
boostnsift,buglocator,embedding_min,11,9,-0.204948085873011,-0.070027462230033,-0.3593864370899134,-0.1301928860521971,-0.134920623642978,45.0,0.761120896413584,-0.09090909090909091,negligible,1.0,False,False,0.09090909090909091,False
boostnsift,buglocator,specificity,11,9,0.3779646843889213,0.3779646843889213,-0.36364321448550824,-0.018589539314766652,0.0,45.0,0.7497237990655858,-0.09090909090909091,negligible,1.0,False,False,0.09090909090909091,False
boostnsift,buglocator,num_OB,11,9,-0.4995211341402941,-0.2886514946017978,-0.19280165844793595,-0.1246417749607452,-0.2108696395384963,45.0,0.7589122240959081,-0.09090909090909091,negligible,1.0,False,False,0.09090909090909091,False
boostnsift,buglocator,embedding_cluster,11,9,4.0,2.0,4.090909090909091,3.7777777777777777,2.0,53.5,0.7874822250959567,0.08080808080808081,negligible,1.0,False,False,0.08080808080808081,False
boostnsift,buglocator,num_negative_modals,11,9,-0.2577319414569243,-0.2577319414569243,-0.09604435985171635,-0.1589228638092972,0.0,53.0,0.7128242343972357,0.0707070707070707,negligible,1.0,False,False,0.0707070707070707,False
boostnsift,buglocator,redundancy,11,9,-0.6310404451616434,0.1246277731093516,-0.44292657051046286,-0.13989709664713093,-0.755668218270995,46.0,0.8196408873276864,-0.0707070707070707,negligible,1.0,False,False,0.0707070707070707,False
boostnsift,buglocator,concept_network_logic_concepts,11,9,-0.5091620179301407,-0.5091620179301407,-0.10231963996682249,-0.2605361202858907,0.0,53.0,0.7128242343972357,0.0707070707070707,negligible,1.0,False,False,0.0707070707070707,False
boostnsift,buglocator,num_exception_types,11,9,-0.5251530779927517,-0.5251530779927517,-0.19295397183824592,-0.254472324829821,0.0,52.0,0.8396484482887344,0.050505050505050504,negligible,1.0,False,False,0.050505050505050504,False
boostnsift,buglocator,num_EB,11,9,-0.673136533919824,-0.673136533919824,-0.23264358264783888,-0.24243231489832745,0.0,47.0,0.8505528157756863,-0.050505050505050504,negligible,1.0,False,False,0.050505050505050504,False
boostnsift,buglocator,txt_reasoning_avg_word_len,11,9,-0.0992841239400999,-0.1924681491339343,-0.06033946875632406,-0.030939617890775595,0.09318402519383441,47.0,0.8792283946861903,-0.050505050505050504,negligible,1.0,False,False,0.050505050505050504,False
boostnsift,buglocator,txt_title_digit_density,11,9,-0.6450552541976357,-0.6450552541976357,-0.44350555338975534,-0.33215622166133857,0.0,47.5,0.8705077440684981,-0.04040404040404041,negligible,1.0,False,False,0.04040404040404041,False
boostnsift,buglocator,txt_reasoning_hedge_count,11,9,-0.3672299048237221,-0.3672299048237221,0.07524768612549583,0.17357603966976645,0.0,47.5,0.8695090053300929,-0.04040404040404041,negligible,1.0,False,False,0.04040404040404041,False
boostnsift,buglocator,concept_network_concept_diversity,11,9,-0.6994917613887949,-0.6994917613887949,-0.027367917016362462,-0.08337823738073184,0.0,51.0,0.9268190085739214,0.030303030303030304,negligible,1.0,False,False,0.030303030303030304,False
boostnsift,buglocator,txt_likely_impacted_code_concepts_has_code_like,11,9,0.0,0.0,0.09090909090909091,0.1111111111111111,0.0,48.5,0.9417947345335128,-0.020202020202020204,negligible,1.0,False,False,0.020202020202020204,False
boostnsift,buglocator,gunning_fog,11,9,0.0,0.2214758743689552,0.08483202762432507,0.0694294530131807,-0.2214758743689552,50.0,1.0,0.010101010101010102,negligible,1.0,False,False,0.010101010101010102,False
boostnsift,buglocator,embedding_std,11,9,0.2590340114830652,0.255602188330254,0.010382824953140498,-0.13074483579947394,0.0034318231528112086,49.0,1.0,-0.010101010101010102,negligible,1.0,False,False,0.010101010101010102,False
boostnsift,buglocator,stacktrace_depth,11,9,-0.2020454871191189,-0.2020454871191189,-0.20204548711911888,-0.2020454871191189,0.0,49.5,1.0,0.0,negligible,1.0,False,False,0.0,False
boostnsift,buglocator,num_caused_by,11,9,-0.1602391524099254,-0.1602391524099254,-0.1602391524099254,-0.1602391524099254,0.0,49.5,1.0,0.0,negligible,1.0,False,False,0.0,False
boostnsift,buglocator,exception_library_frames,11,9,-0.1983965354258864,-0.1983965354258864,-0.19839653542588637,-0.1983965354258864,0.0,49.5,1.0,0.0,negligible,1.0,False,False,0.0,False
boostnsift,buglocator,exception_avg_frame_package_depth,11,9,-0.3416459317228559,-0.3416459317228559,-0.3416459317228559,-0.3416459317228559,0.0,49.5,1.0,0.0,negligible,1.0,False,False,0.0,False
boostnsift,buglocator,embedding_norm,11,9,-0.0622098565876286,-0.0622098565876286,0.119416828882192,-0.0622098565876286,0.0,49.5,1.0,0.0,negligible,1.0,False,False,0.0,False
boostnsift,buglocator,num_S2R,11,9,0.0,0.0,0.0,0.0,0.0,49.5,1.0,0.0,negligible,1.0,False,False,0.0,False
boostnsift,buglocator,concept_network_has_cross_layer_concepts,11,9,0.0,0.0,0.0,0.0,0.0,49.5,1.0,0.0,negligible,1.0,False,False,0.0,False
boostnsift,buglocator,concept_network_ui_concepts,11,9,-0.1397713115629224,-0.1397713115629224,-0.1397713115629224,-0.1397713115629224,0.0,49.5,1.0,0.0,negligible,1.0,False,False,0.0,False
boostnsift,buglocator,concept_network_network_concepts,11,9,-0.2193996860397714,-0.2193996860397714,-0.21939968603977136,-0.2193996860397714,0.0,49.5,1.0,0.0,negligible,1.0,False,False,0.0,False
boostnsift,buglocator,concept__string_manipulation,11,9,0.0,0.0,0.0,0.0,0.0,49.5,1.0,0.0,negligible,1.0,False,False,0.0,False
boostnsift,buglocator,concept__reflection,11,9,0.0,0.0,0.0,0.0,0.0,49.5,1.0,0.0,negligible,1.0,False,False,0.0,False
boostnsift,buglocator,txt_likely_impacted_code_concepts_digit_density,11,9,-0.1486940122073022,-0.1486940122073022,-0.1486940122073022,-0.1486940122073022,0.0,49.5,1.0,0.0,negligible,1.0,False,False,0.0,False
boostnsift,buglocator,txt_title_hedge_count,11,9,-0.1305847431833189,-0.1305847431833189,-0.1305847431833189,-0.1305847431833189,0.0,49.5,1.0,0.0,negligible,1.0,False,False,0.0,False
boostnsift,buglocator,txt_root_cause_guess_digit_density,11,9,-0.1710687069843892,-0.1710687069843892,-0.17106870698438922,-0.1710687069843892,0.0,49.5,1.0,0.0,negligible,1.0,False,False,0.0,False
boostnsift,buglocator,txt_title_question_density,11,9,-0.0586287119753727,-0.0586287119753727,-0.05862871197537269,-0.0586287119753727,0.0,49.5,1.0,0.0,negligible,1.0,False,False,0.0,False
boostnsift,buglocator,txt_reasoning_exclaim_density,11,9,-0.0346271680532221,-0.0346271680532221,-0.03462716805322209,-0.0346271680532221,0.0,49.5,1.0,0.0,negligible,1.0,False,False,0.0,False
boostnsift,locus,embedding_cluster,11,8,4.0,1.0,4.090909090909091,1.625,3.0,69.0,0.03529699854455423,0.5681818181818182,large,1.0,False,False,0.5681818181818182,False
boostnsift,locus,embedding_cluster_distance,11,8,-0.3813911898100356,0.1163695039688629,-0.8702431532448884,0.12553513258013854,-0.49776069377889853,22.0,0.07571920054214419,-0.5,large,1.0,False,False,0.5,False
boostnsift,locus,description_chars,11,8,-0.1447146814815746,0.0984534626288919,-0.30984884059787027,0.755509330053878,-0.2431681441104665,24.0,0.10720889237628882,-0.45454545454545453,medium,1.0,False,False,0.45454545454545453,False
boostnsift,locus,n_sentences,11,8,-0.2868038552763112,0.08929542883161154,-0.22696987825914172,0.5124071234530246,-0.3760992841079227,25.5,0.13581878492697588,-0.42045454545454547,medium,1.0,False,False,0.42045454545454547,False
boostnsift,locus,num_browser_mentions,11,8,-0.390976846636182,0.8550753172615734,-0.16442190774568102,1.1665883582360124,-1.2460521638977553,25.5,0.053414314786211,-0.42045454545454547,medium,1.0,False,False,0.42045454545454547,False
boostnsift,locus,embedding_cluster_size,11,8,0.1845320580379615,1.5882268573455445,-0.12089184762359889,0.9007615765371176,-1.403694799307583,25.5,0.12181082373493182,-0.42045454545454547,medium,1.0,False,False,0.42045454545454547,False
boostnsift,locus,exception_library_frames,11,8,-0.1983965354258864,-0.1983965354258864,-0.19839653542588637,1.1099292013218915,0.0,27.5,0.03754115330308169,-0.375,medium,1.0,False,False,0.375,False
boostnsift,locus,exception_avg_frame_package_depth,11,8,-0.3416459317228559,-0.3416459317228559,-0.3416459317228559,0.5834240143323144,0.0,27.5,0.03754115330308169,-0.375,medium,1.0,False,False,0.375,False
boostnsift,locus,ambiguity,11,8,-0.5855868655187282,-0.16575657116874654,-0.4367835144325369,0.06828818515133513,-0.41983029434998165,28.0,0.1542429193162083,-0.36363636363636365,medium,1.0,False,False,0.36363636363636365,False
boostnsift,locus,num_OB,11,8,-0.4995211341402941,0.027652964705946498,-0.19280165844793595,0.42303353884062705,-0.5271740988462406,28.5,0.21042679175049717,-0.3522727272727273,medium,1.0,False,False,0.3522727272727273,False
boostnsift,locus,num_causal_markers,11,8,-0.7576758641159647,-0.3042649611989815,-0.5103608261612466,0.3002829093569961,-0.45341090291698316,29.0,0.20112091934097032,-0.3409090909090909,medium,1.0,False,False,0.3409090909090909,False
boostnsift,locus,causal_reasoning_consistency,11,8,1.3946480957872676,-0.7494124302191973,0.39223018752450484,-0.4431180693611309,2.1440605260064647,59.0,0.2086916241419684,0.3409090909090909,medium,1.0,False,False,0.3409090909090909,False
boostnsift,locus,summary_chars,11,8,-0.8058683276097268,-0.8058683276097268,-0.5599228514782696,-0.15123593070478186,0.0,29.5,0.18141477864156252,-0.32954545454545453,small,1.0,False,False,0.32954545454545453,False
boostnsift,locus,txt_title_avg_word_len,11,8,-0.3969089280843758,-0.3969089280843758,-0.4921473952001035,0.4082743960950451,0.0,29.5,0.18141477864156252,-0.32954545454545453,small,1.0,False,False,0.32954545454545453,False
boostnsift,locus,num_modal_verbs,11,8,-0.5746091275372439,-0.0804807840834863,-0.17032230107507862,0.16658338764339248,-0.4941283434537576,30.0,0.21315489745518734,-0.3181818181818182,small,1.0,False,False,0.3181818181818182,False
boostnsift,locus,semantic_entropy,11,8,0.3840927717717992,0.5896113807599068,-0.2587601551582933,0.35881319469473977,-0.20551860898810764,30.0,0.2647582787237853,-0.3181818181818182,small,1.0,False,False,0.3181818181818182,False
boostnsift,locus,txt_reasoning_hedge_count,11,8,-0.3672299048237221,0.8495834702866272,0.07524768612549583,0.8495834702866273,-1.2168133751103491,30.0,0.16677306814657178,-0.3181818181818182,small,1.0,False,False,0.3181818181818182,False
boostnsift,locus,concept_network_concept_breadth,11,8,0.410786675927473,-1.610864843126201,-0.44688366548923714,-0.9369810034416429,2.021651519053674,55.5,0.31171505830389556,0.26136363636363635,small,1.0,False,False,0.26136363636363635,False
boostnsift,locus,semantic_coherence,11,8,0.0114514839302217,-0.3015420829995435,0.5811116282036136,-0.3247588470116096,0.3129935669297652,55.0,0.38572864258913975,0.25,small,1.0,False,False,0.25,False
boostnsift,locus,txt_reasoning_avg_sentence_len,11,8,-0.2475199498496658,-0.014036523806868949,-0.3048295180601706,0.146483331597554,-0.23348342604279684,33.5,0.4083439390140713,-0.23863636363636365,small,1.0,False,False,0.23863636363636365,False
boostnsift,locus,embedding_max,11,8,0.5000658636107773,-0.21095363600057582,0.29339173612522274,-0.15127932530236599,0.7110194996113531,54.0,0.43258200513177003,0.22727272727272727,small,1.0,False,False,0.22727272727272727,False
boostnsift,locus,consistency_composite,11,8,1.185043703000956,-0.7001709975130628,0.5543536941017208,-0.22886732238455804,1.8852147005140187,54.0,0.4282923688671568,0.22727272727272727,small,1.0,False,False,0.22727272727272727,False
boostnsift,locus,causal_reasoning_quality,11,8,-1.1523139873749657,-1.6524086752429987,-0.5158298391792866,-0.8397548074574446,0.500094687868033,53.5,0.4158440500893098,0.2159090909090909,small,1.0,False,False,0.2159090909090909,False
boostnsift,locus,txt_likely_impacted_code_concepts_avg_word_len,11,8,-0.1462390483573012,-0.1462390483573012,-0.19589283399451893,0.006986469534647238,0.0,35.0,0.4346325202819765,-0.20454545454545456,small,1.0,False,False,0.20454545454545456,False
boostnsift,locus,txt_title_digit_density,11,8,-0.6450552541976357,-0.6450552541976357,-0.44350555338975534,-0.13527920790842746,0.0,35.5,0.3941141097504819,-0.19318181818181818,small,1.0,False,False,0.19318181818181818,False
boostnsift,locus,gunning_fog,11,8,0.0,-0.5885645428540491,0.08483202762432507,-0.22168701408265945,0.5885645428540491,52.0,0.5355449294211754,0.18181818181818182,small,1.0,False,False,0.18181818181818182,False
boostnsift,locus,embedding_mean,11,8,0.0503158042304711,0.6147063906419106,0.03997749024558412,0.22174228168030935,-0.5643905864114395,36.0,0.5355449294211754,-0.18181818181818182,small,1.0,False,False,0.18181818181818182,False
boostnsift,locus,embedding_min,11,8,-0.204948085873011,0.0470681633873003,-0.3593864370899134,0.15257317264202783,-0.2520162492603113,36.0,0.5355449294211754,-0.18181818181818182,small,1.0,False,False,0.18181818181818182,False
boostnsift,locus,completeness_score,11,8,-0.1877149484641514,-0.1877149484641514,-0.5781059371754002,-0.1877149484641514,0.0,36.0,0.4884541850313576,-0.18181818181818182,small,1.0,False,False,0.18181818181818182,False
boostnsift,locus,embedding_cluster_separation,11,8,0.502950031241528,0.406198960679797,0.4097091985306147,0.32188413702904883,0.09675107056173105,52.0,0.5355449294211754,0.18181818181818182,small,1.0,False,False,0.18181818181818182,False
boostnsift,locus,concept_network_infra_concepts,11,8,-0.148431208798588,-0.148431208798588,1.1034885825834422,-0.148431208798588,0.0,52.0,0.24464806712658116,0.18181818181818182,small,1.0,False,False,0.18181818181818182,False
boostnsift,locus,num_exception_types,11,8,-0.5251530779927517,-0.5251530779927517,-0.19295397183824592,0.23613654027799075,0.0,36.5,0.48044150747677905,-0.17045454545454544,small,1.0,False,False,0.17045454545454544,False
boostnsift,locus,description_length,11,8,-0.4603261424297939,-1.0231586669890729,-0.3547453355971361,-0.6166178813577674,0.5628325245592789,51.5,0.5319687632743797,0.17045454545454544,small,1.0,False,False,0.17045454545454544,False
boostnsift,locus,has_input_ambiguity,11,8,0.0,1.0,0.45454545454545453,0.625,-1.0,36.5,0.5045014597713458,-0.17045454545454544,small,1.0,False,False,0.17045454545454544,False
boostnsift,locus,txt_root_cause_guess_hedge_count,11,8,-0.5556774509255208,1.799605145636966,0.5149055475119733,0.9163741719260334,-2.355282596562487,36.5,0.5045014597713458,-0.17045454545454544,small,1.0,False,False,0.17045454545454544,False
boostnsift,locus,num_os_mentions,11,8,-0.3565391088761866,-0.3565391088761866,-0.1191306910838295,0.2963340400527955,0.0,37.0,0.39608800266769606,-0.1590909090909091,small,1.0,False,False,0.1590909090909091,False
boostnsift,locus,embedding_sparsity,11,8,0.2591098774656933,-0.0303305876632091,-0.2276763593420073,-0.4283112272154504,0.2894404651289024,51.0,0.5888340549221897,0.1590909090909091,small,1.0,False,False,0.1590909090909091,False
boostnsift,locus,expected_observed_alignment,11,8,-0.2663462570628048,-1.719935307046086,-0.5306351752415833,-0.8720083612225054,1.4535890499832813,51.0,0.5542652519748315,0.1590909090909091,small,1.0,False,False,0.1590909090909091,False
boostnsift,locus,technical_depth,11,8,0.0747380324277821,-1.5820652528075685,-0.37711740900004076,-0.8226970804080327,1.6568032852353505,50.5,0.5898559762055328,0.14772727272727273,small,1.0,False,False,0.14772727272727273,False
boostnsift,locus,embedding_std,11,8,0.2590340114830652,0.5054389137548104,0.010382824953140498,-0.007361260660741081,-0.24640490227174522,38.0,0.6495791849957385,-0.13636363636363635,negligible,1.0,False,False,0.13636363636363635,False
boostnsift,locus,clarity,11,8,0.2638805499878769,-1.7301489453956265,-0.4159022325292265,-0.7954476194346093,1.9940294953835034,50.0,0.607460935990775,0.13636363636363635,negligible,1.0,False,False,0.13636363636363635,False
boostnsift,locus,num_temporal_markers,11,8,-0.4635308650875505,-0.4635308650875505,-0.4635308650875505,-0.3552958895987069,0.0,38.5,0.2864220227778588,-0.125,negligible,1.0,False,False,0.125,False
boostnsift,locus,stacktrace_depth,11,8,-0.2020454871191189,-0.2020454871191189,-0.20204548711911888,-0.10530925905463251,0.0,38.5,0.2864220227778588,-0.125,negligible,1.0,False,False,0.125,False
boostnsift,locus,num_caused_by,11,8,-0.1602391524099254,-0.1602391524099254,-0.1602391524099254,0.7689253771892951,0.0,38.5,0.2864220227778588,-0.125,negligible,1.0,False,False,0.125,False
boostnsift,locus,concept_network_data_concepts,11,8,-0.2832083787067895,-0.2832083787067895,-0.28320837870678955,0.19356379109193883,0.0,38.5,0.2864220227778588,-0.125,negligible,1.0,False,False,0.125,False
boostnsift,locus,concept_network_network_concepts,11,8,-0.2193996860397714,-0.2193996860397714,-0.21939968603977136,0.32583465277930335,0.0,38.5,0.2864220227778588,-0.125,negligible,1.0,False,False,0.125,False
boostnsift,locus,txt_root_cause_guess_avg_word_len,11,8,-0.2901334006840222,-0.2901334006840222,-0.06049069016811203,-0.07968608905295366,0.0,49.5,0.655285894431051,0.125,negligible,1.0,False,False,0.125,False
boostnsift,locus,redundancy,11,8,-0.6310404451616434,-0.0990698284636138,-0.44292657051046286,-0.13586067034190213,-0.5319706166980296,39.0,0.7100876690322485,-0.11363636363636363,negligible,1.0,False,False,0.11363636363636363,False
boostnsift,locus,technical_depth_consistency,11,8,0.2728966222079432,0.2728966222079432,0.46604659427289924,0.1733036678619499,0.0,49.0,0.7045887249069267,0.11363636363636363,negligible,1.0,False,False,0.11363636363636363,False
boostnsift,locus,actionability,11,8,0.3430376111637781,-1.6812479388132866,-0.3930662251915182,-0.7323640872615376,2.0242855499770647,48.5,0.7128242343972357,0.10227272727272728,negligible,1.0,False,False,0.10227272727272728,False
boostnsift,locus,specificity,11,8,0.3779646843889213,-1.6614570375157598,-0.36364321448550824,-0.7054781053729405,2.039421721904681,48.5,0.7128242343972357,0.10227272727272728,negligible,1.0,False,False,0.10227272727272728,False
boostnsift,locus,num_env_mentions,11,8,-0.2192296649910203,-0.2192296649910203,0.08334350900485066,-0.2192296649910203,0.0,48.0,0.45554509378932995,0.09090909090909091,negligible,1.0,False,False,0.09090909090909091,False
boostnsift,locus,semantic_spread_pc2,11,8,0.1552142595516366,0.04524360284279125,-0.2968585584002756,0.2004841504174577,0.10997065670884534,40.0,0.7724820288450476,-0.09090909090909091,negligible,1.0,False,False,0.09090909090909091,False
boostnsift,locus,repair_difficulty,11,8,0.0684006013983548,1.5143373651357288,0.39702259315684896,0.5202558400662842,-1.445936763737374,40.0,0.7529364391471726,-0.09090909090909091,negligible,1.0,False,False,0.09090909090909091,False
boostnsift,locus,clarity_specificity_gap,11,8,-0.4497603897317977,-0.4497603897317977,-0.2568739359947401,-0.4497603897317977,0.0,48.0,0.45554509378932995,0.09090909090909091,negligible,1.0,False,False,0.09090909090909091,False
boostnsift,locus,quality_std,11,8,-0.6141221745332237,-0.6141221745332237,-0.43119367074511766,-0.6141221745332237,0.0,48.0,0.45554509378932995,0.09090909090909091,negligible,1.0,False,False,0.09090909090909091,False
boostnsift,locus,concept__json_parsing,11,8,0.0,0.0,0.09090909090909091,0.0,0.0,48.0,0.45554509378932995,0.09090909090909091,negligible,1.0,False,False,0.09090909090909091,False
boostnsift,locus,txt_likely_impacted_code_concepts_has_code_like,11,8,0.0,0.0,0.09090909090909091,0.0,0.0,48.0,0.45554509378932995,0.09090909090909091,negligible,1.0,False,False,0.09090909090909091,False
boostnsift,locus,ambiguity_type_count,11,8,-0.2197125954398122,1.7403303232807357,0.5286674280716697,0.8583110098564891,-1.960042918720548,40.5,0.7845595255938985,-0.07954545454545454,negligible,1.0,False,False,0.07954545454545454,False
boostnsift,locus,reasoning_composite,11,8,-0.31697461235302,-0.8421210435331218,-0.3169746123530197,-0.5139045240455581,0.5251464311801017,47.0,0.8328751798777552,0.06818181818181818,negligible,1.0,False,False,0.06818181818181818,False
boostnsift,locus,num_negative_modals,11,8,-0.2577319414569243,-0.2577319414569243,-0.09604435985171635,-0.14657172910334382,0.0,46.5,0.794002680192762,0.056818181818181816,negligible,1.0,False,False,0.056818181818181816,False
boostnsift,locus,concept_network_logic_concepts,11,8,-0.5091620179301407,-0.5091620179301407,-0.10231963996682249,-0.22945788308035944,0.0,46.5,0.794002680192762,0.056818181818181816,negligible,1.0,False,False,0.056818181818181816,False
boostnsift,locus,exception_user_frames,11,8,-0.2073567129463963,-0.2073567129463963,-0.1804042136764335,-0.13323733995399864,0.0,42.0,0.816281639940913,-0.045454545454545456,negligible,1.0,False,False,0.045454545454545456,False
boostnsift,locus,txt_reasoning_has_code_like,11,8,0.0,0.0,0.09090909090909091,0.125,0.0,42.5,0.8767217432348915,-0.03409090909090909,negligible,1.0,False,False,0.03409090909090909,False
boostnsift,locus,semantic_spread_pc1,11,8,0.1053774694642904,-0.03398254985287265,-0.5215398862861446,-0.07999696767098657,0.13936001931716305,45.0,0.9670533361278256,0.022727272727272728,negligible,1.0,False,False,0.022727272727272728,False
boostnsift,locus,txt_reasoning_avg_word_len,11,8,-0.0992841239400999,-0.2991908678432479,-0.06033946875632406,-0.18108640749098837,0.199906743903148,43.0,0.9678494879733269,-0.022727272727272728,negligible,1.0,False,False,0.022727272727272728,False
boostnsift,locus,num_versions,11,8,-0.1809757993128989,-0.1809757993128989,-0.12119464873679692,-0.13165635008761475,0.0,43.5,1.0,-0.011363636363636364,negligible,1.0,False,False,0.011363636363636364,False
boostnsift,locus,num_EB,11,8,-0.673136533919824,-0.673136533919824,-0.23264358264783888,-0.06745872592084451,0.0,43.5,1.0,-0.011363636363636364,negligible,1.0,False,False,0.011363636363636364,False
boostnsift,locus,concept_network_concept_diversity,11,8,-0.6994917613887949,-0.6994917613887949,-0.027367917016362462,-0.006364046879723972,0.0,43.5,1.0,-0.011363636363636364,negligible,1.0,False,False,0.011363636363636364,False
boostnsift,locus,embedding_norm,11,8,-0.0622098565876286,-0.0622098565876286,0.119416828882192,-0.0622098565876286,0.0,44.0,1.0,0.0,negligible,1.0,False,False,0.0,False
boostnsift,locus,num_S2R,11,8,0.0,0.0,0.0,0.0,0.0,44.0,1.0,0.0,negligible,1.0,False,False,0.0,False
boostnsift,locus,concept_network_has_cross_layer_concepts,11,8,0.0,0.0,0.0,0.0,0.0,44.0,1.0,0.0,negligible,1.0,False,False,0.0,False
boostnsift,locus,concept_network_ui_concepts,11,8,-0.1397713115629224,-0.1397713115629224,-0.1397713115629224,-0.1397713115629224,0.0,44.0,1.0,0.0,negligible,1.0,False,False,0.0,False
boostnsift,locus,concept__serialization,11,8,0.0,0.0,0.0,0.0,0.0,44.0,1.0,0.0,negligible,1.0,False,False,0.0,False
boostnsift,locus,concept__html_parsing,11,8,0.0,0.0,0.0,0.0,0.0,44.0,1.0,0.0,negligible,1.0,False,False,0.0,False
boostnsift,locus,concept__string_manipulation,11,8,0.0,0.0,0.0,0.0,0.0,44.0,1.0,0.0,negligible,1.0,False,False,0.0,False
boostnsift,locus,concept__reflection,11,8,0.0,0.0,0.0,0.0,0.0,44.0,1.0,0.0,negligible,1.0,False,False,0.0,False
boostnsift,locus,concept__deserialization,11,8,0.0,0.0,0.0,0.0,0.0,44.0,1.0,0.0,negligible,1.0,False,False,0.0,False
boostnsift,locus,txt_likely_impacted_code_concepts_digit_density,11,8,-0.1486940122073022,-0.1486940122073022,-0.1486940122073022,-0.1486940122073022,0.0,44.0,1.0,0.0,negligible,1.0,False,False,0.0,False
boostnsift,locus,txt_title_hedge_count,11,8,-0.1305847431833189,-0.1305847431833189,-0.1305847431833189,-0.1305847431833189,0.0,44.0,1.0,0.0,negligible,1.0,False,False,0.0,False
boostnsift,locus,txt_root_cause_guess_digit_density,11,8,-0.1710687069843892,-0.1710687069843892,-0.17106870698438922,-0.1710687069843892,0.0,44.0,1.0,0.0,negligible,1.0,False,False,0.0,False
boostnsift,locus,txt_title_question_density,11,8,-0.0586287119753727,-0.0586287119753727,-0.05862871197537269,-0.0586287119753727,0.0,44.0,1.0,0.0,negligible,1.0,False,False,0.0,False
boostnsift,locus,txt_reasoning_digit_density,11,8,-0.2000607604811334,-0.2000607604811334,-0.2000607604811334,-0.2000607604811334,0.0,44.0,1.0,0.0,negligible,1.0,False,False,0.0,False
boostnsift,locus,txt_reasoning_exclaim_density,11,8,-0.0346271680532221,-0.0346271680532221,-0.03462716805322209,-0.0346271680532221,0.0,44.0,1.0,0.0,negligible,1.0,False,False,0.0,False
buglocator,locus,embedding_cluster_separation,9,8,-0.3516639628184206,0.406198960679797,-0.3690386022844401,0.32188413702904883,-0.7578629234982176,5.0,0.0015631427396133276,-0.8611111111111112,large,0.13130399012751953,False,False,0.8611111111111112,False
buglocator,locus,concept_network_concept_breadth,9,8,0.410786675927473,-1.610864843126201,0.1112827471787806,-0.9369810034416429,2.021651519053674,54.5,0.06594340681727884,0.5138888888888888,large,1.0,False,False,0.5138888888888888,False
buglocator,locus,num_browser_mentions,9,8,-0.390976846636182,0.8550753172615734,-0.390976846636182,1.1665883582360124,-1.2460521638977553,18.0,0.02304737905892055,-0.5,large,1.0,False,False,0.5,False
buglocator,locus,embedding_cluster,9,8,2.0,1.0,3.7777777777777777,1.625,1.0,51.0,0.147177429591437,0.4166666666666667,medium,1.0,False,False,0.4166666666666667,False
buglocator,locus,embedding_cluster_size,9,8,0.1845320580379615,1.5882268573455445,0.16407748901344307,0.9007615765371176,-1.403694799307583,21.0,0.14503225357868216,-0.4166666666666667,medium,1.0,False,False,0.4166666666666667,False
buglocator,locus,has_input_ambiguity,9,8,0.0,1.0,0.2222222222222222,0.625,-1.0,21.5,0.11465264168449484,-0.4027777777777778,medium,1.0,False,False,0.4027777777777778,False
buglocator,locus,txt_root_cause_guess_hedge_count,9,8,-0.5556774509255208,1.799605145636966,-0.032281318356079315,0.9163741719260334,-2.355282596562487,21.5,0.11465264168449484,-0.4027777777777778,medium,1.0,False,False,0.4027777777777778,False
buglocator,locus,description_chars,9,8,-0.243147592013641,0.0984534626288919,-0.030883640208380938,0.755509330053878,-0.3416010546425329,22.0,0.1995886466474702,-0.3888888888888889,medium,1.0,False,False,0.3888888888888889,False
buglocator,locus,semantic_spread_pc1,9,8,0.461178799024742,-0.03398254985287265,0.3706204420066511,-0.07999696767098657,0.49516134887761465,50.0,0.1995886466474702,0.3888888888888889,medium,1.0,False,False,0.3888888888888889,False
buglocator,locus,exception_library_frames,9,8,-0.1983965354258864,-0.1983965354258864,-0.1983965354258864,1.1099292013218915,0.0,22.5,0.060010718949638456,-0.375,medium,1.0,False,False,0.375,False
buglocator,locus,exception_avg_frame_package_depth,9,8,-0.3416459317228559,-0.3416459317228559,-0.3416459317228559,0.5834240143323144,0.0,22.5,0.060010718949638456,-0.375,medium,1.0,False,False,0.375,False
buglocator,locus,causal_reasoning_quality,9,8,0.3479700762291345,-1.6524086752429987,-0.0409924587793358,-0.8397548074574446,2.0003787514721334,49.5,0.18868436580821424,0.375,medium,1.0,False,False,0.375,False
buglocator,locus,embedding_mean,9,8,-0.5705662816653152,0.6147063906419106,-0.393017516506878,0.22174228168030935,-1.1852726723072258,23.0,0.2358700123406006,-0.3611111111111111,medium,1.0,False,False,0.3611111111111111,False
buglocator,locus,expected_observed_alignment,9,8,0.2181834262649555,-1.719935307046086,-0.05099973113935579,-0.8720083612225054,1.9381187333110417,49.0,0.20068444934265262,0.3611111111111111,medium,1.0,False,False,0.3611111111111111,False
buglocator,locus,ambiguity_type_count,9,8,-0.6117211791839219,1.7403303232807357,-0.04548655822020802,0.8583110098564891,-2.3520515024646578,23.0,0.17441064603452205,-0.3611111111111111,medium,1.0,False,False,0.3611111111111111,False
buglocator,locus,reasoning_composite,9,8,0.2081718188270818,-0.8421210435331218,0.03312300843371469,-0.5139045240455581,1.0502928623602035,48.5,0.2375840899656828,0.3472222222222222,medium,1.0,False,False,0.3472222222222222,False
buglocator,locus,semantic_spread_pc2,9,8,0.151886118099568,0.04524360284279125,0.5607229658048383,0.2004841504174577,0.10664251525677676,48.0,0.2765939942410531,0.3333333333333333,medium,1.0,False,False,0.3333333333333333,False
buglocator,locus,technical_depth,9,8,0.627005794172899,-1.5820652528075685,0.013374947789435869,-0.8226970804080327,2.2090710469804673,48.0,0.2471327536816631,0.3333333333333333,medium,1.0,False,False,0.3333333333333333,False
buglocator,locus,clarity_specificity_gap,9,8,-0.4497603897317977,-0.4497603897317977,0.25748994063741343,-0.4497603897317977,0.0,48.0,0.09432654301821687,0.3333333333333333,medium,1.0,False,False,0.3333333333333333,False
buglocator,locus,quality_std,9,8,-0.6141221745332237,-0.6141221745332237,0.056615672689831475,-0.6141221745332237,0.0,48.0,0.09432654301821687,0.3333333333333333,medium,1.0,False,False,0.3333333333333333,False
buglocator,locus,concept__json_parsing,9,8,0.0,0.0,0.3333333333333333,0.0,0.0,48.0,0.09432654301821687,0.3333333333333333,medium,1.0,False,False,0.3333333333333333,False
buglocator,locus,n_sentences,9,8,-0.0047293921953691,0.08929542883161154,-0.10920141555868106,0.5124071234530246,-0.09402482102698063,25.0,0.30933832403732364,-0.3055555555555556,small,1.0,False,False,0.3055555555555556,False
buglocator,locus,embedding_std,9,8,0.255602188330254,0.5054389137548104,-0.13074483579947394,-0.007361260660741081,-0.24983672542455643,25.0,0.3212669683257919,-0.3055555555555556,small,1.0,False,False,0.3055555555555556,False
buglocator,locus,description_length,9,8,-0.4515774503381989,-1.0231586669890729,-0.2063710525487723,-0.6166178813577674,0.571581216650874,47.0,0.29513402160108826,0.3055555555555556,small,1.0,False,False,0.3055555555555556,False
buglocator,locus,repair_difficulty,9,8,-0.6545677804703322,1.5143373651357288,-0.09225903901690895,0.5202558400662842,-2.168905145606061,25.5,0.3139062549950802,-0.2916666666666667,small,1.0,False,False,0.2916666666666667,False
buglocator,locus,num_versions,9,8,-0.3124943305803233,-0.1809757993128989,-0.22481530973537367,-0.13165635008761475,-0.13151853126742438,26.0,0.3194693836914393,-0.2777777777777778,small,1.0,False,False,0.2777777777777778,False
buglocator,locus,actionability,9,8,0.3430376111637781,-1.6812479388132866,0.005656686167600646,-0.7323640872615376,2.0242855499770647,46.0,0.3246876684146035,0.2777777777777778,small,1.0,False,False,0.2777777777777778,False
buglocator,locus,clarity,9,8,0.2638805499878769,-1.7301489453956265,0.04232171716748762,-0.7954476194346093,1.9940294953835034,46.0,0.3236530732373104,0.2777777777777778,small,1.0,False,False,0.2777777777777778,False
buglocator,locus,num_OB,9,8,-0.2886514946017978,0.027652964705946498,-0.1246417749607452,0.42303353884062705,-0.3163044593077443,26.0,0.35678535012795387,-0.2777777777777778,small,1.0,False,False,0.2777777777777778,False
buglocator,locus,txt_reasoning_hedge_count,9,8,-0.3672299048237221,0.8495834702866272,0.17357603966976645,0.8495834702866273,-1.2168133751103491,26.0,0.27024791232304735,-0.2777777777777778,small,1.0,False,False,0.2777777777777778,False
buglocator,locus,num_os_mentions,9,8,-0.3565391088761866,-0.3565391088761866,-0.3565391088761866,0.2963340400527955,0.0,27.0,0.14343261961361004,-0.25,small,1.0,False,False,0.25,False
buglocator,locus,specificity,9,8,0.3779646843889213,-1.6614570375157598,-0.018589539314766652,-0.7054781053729405,2.039421721904681,44.5,0.4134639413904364,0.2361111111111111,small,1.0,False,False,0.2361111111111111,False
buglocator,locus,gunning_fog,9,8,0.2214758743689552,-0.5885645428540491,0.0694294530131807,-0.22168701408265945,0.8100404172230043,44.0,0.4807075277663513,0.2222222222222222,small,1.0,False,False,0.2222222222222222,False
buglocator,locus,num_exception_types,9,8,-0.5251530779927517,-0.5251530779927517,-0.254472324829821,0.23613654027799075,0.0,28.5,0.40104686262270217,-0.20833333333333334,small,1.0,False,False,0.20833333333333334,False
buglocator,locus,ambiguity,9,8,0.5350667621734899,-0.16575657116874654,0.5691168690853763,0.06828818515133513,0.7008233333422365,43.5,0.49113619375457174,0.20833333333333334,small,1.0,False,False,0.20833333333333334,False
buglocator,locus,txt_reasoning_avg_sentence_len,9,8,0.1027051892145295,-0.014036523806868949,0.40536888964037743,0.146483331597554,0.11674171302139844,43.5,0.49873394332780796,0.20833333333333334,small,1.0,False,False,0.20833333333333334,False
buglocator,locus,embedding_cluster_distance,9,8,0.1441699214613331,0.1163695039688629,0.31214260484574646,0.12553513258013854,0.027800417492470184,43.0,0.5414232825997531,0.19444444444444445,small,1.0,False,False,0.19444444444444445,False
buglocator,locus,txt_title_avg_word_len,9,8,-0.3969089280843758,-0.3969089280843758,-0.07062218488995205,0.4082743960950451,0.0,29.5,0.47375362042619074,-0.18055555555555555,small,1.0,False,False,0.18055555555555555,False
buglocator,locus,embedding_min,9,8,-0.070027462230033,0.0470681633873003,-0.1301928860521971,0.15257317264202783,-0.1170956256173333,30.0,0.6058412176059235,-0.16666666666666666,small,1.0,False,False,0.16666666666666666,False
buglocator,locus,summary_chars,9,8,-0.8058683276097268,-0.8058683276097268,-0.4363233410472724,-0.15123593070478186,0.0,30.5,0.5505156955686555,-0.1527777777777778,small,1.0,False,False,0.1527777777777778,False
buglocator,locus,technical_depth_consistency,9,8,0.0073154106186277,0.2728966222079432,-0.11072068342106783,0.1733036678619499,-0.26558121158931547,30.5,0.6255125987291785,-0.1527777777777778,small,1.0,False,False,0.1527777777777778,False
buglocator,locus,txt_title_digit_density,9,8,-0.6450552541976357,-0.6450552541976357,-0.33215622166133857,-0.13527920790842746,0.0,30.5,0.5505156955686555,-0.1527777777777778,small,1.0,False,False,0.1527777777777778,False
buglocator,locus,consistency_composite,9,8,-0.3231280574102589,-0.7001709975130628,-0.3398855214148279,-0.22886732238455804,0.37704294010280387,41.0,0.6642318548206392,0.1388888888888889,negligible,1.0,False,False,0.1388888888888889,False
buglocator,locus,stacktrace_depth,9,8,-0.2020454871191189,-0.2020454871191189,-0.2020454871191189,-0.10530925905463251,0.0,31.5,0.3457785861511603,-0.125,negligible,1.0,False,False,0.125,False
buglocator,locus,num_caused_by,9,8,-0.1602391524099254,-0.1602391524099254,-0.1602391524099254,0.7689253771892951,0.0,31.5,0.3457785861511603,-0.125,negligible,1.0,False,False,0.125,False
buglocator,locus,exception_user_frames,9,8,-0.2073567129463963,-0.2073567129463963,-0.2073567129463963,-0.13323733995399864,0.0,31.5,0.3457785861511603,-0.125,negligible,1.0,False,False,0.125,False
buglocator,locus,num_modal_verbs,9,8,0.4136475593702713,-0.0804807840834863,0.35874441009763164,0.16658338764339248,0.4941283434537576,40.5,0.6917450752233144,0.125,negligible,1.0,False,False,0.125,False
buglocator,locus,concept_network_network_concepts,9,8,-0.2193996860397714,-0.2193996860397714,-0.2193996860397714,0.32583465277930335,0.0,31.5,0.3457785861511603,-0.125,negligible,1.0,False,False,0.125,False
buglocator,locus,causal_reasoning_consistency,9,8,-0.4431180693611308,-0.7494124302191973,-0.37505265583711606,-0.4431180693611309,0.30629436085806655,40.0,0.7314820692159449,0.1111111111111111,negligible,1.0,False,False,0.1111111111111111,False
buglocator,locus,concept__serialization,9,8,0.0,0.0,0.1111111111111111,0.0,0.0,40.0,0.4093954862099187,0.1111111111111111,negligible,1.0,False,False,0.1111111111111111,False
buglocator,locus,concept__html_parsing,9,8,0.0,0.0,0.1111111111111111,0.0,0.0,40.0,0.4093954862099187,0.1111111111111111,negligible,1.0,False,False,0.1111111111111111,False
buglocator,locus,concept__deserialization,9,8,0.0,0.0,0.1111111111111111,0.0,0.0,40.0,0.4093954862099187,0.1111111111111111,negligible,1.0,False,False,0.1111111111111111,False
buglocator,locus,txt_likely_impacted_code_concepts_has_code_like,9,8,0.0,0.0,0.1111111111111111,0.0,0.0,40.0,0.4093954862099187,0.1111111111111111,negligible,1.0,False,False,0.1111111111111111,False
buglocator,locus,txt_reasoning_digit_density,9,8,-0.2000607604811334,-0.2000607604811334,-0.12276685968502148,-0.2000607604811334,0.0,40.0,0.4093954862099187,0.1111111111111111,negligible,1.0,False,False,0.1111111111111111,False
buglocator,locus,txt_reasoning_avg_word_len,9,8,-0.1924681491339343,-0.2991908678432479,-0.030939617890775595,-0.18108640749098837,0.10672271870931357,40.0,0.7429864253393665,0.1111111111111111,negligible,1.0,False,False,0.1111111111111111,False
buglocator,locus,num_temporal_markers,9,8,-0.4635308650875505,-0.4635308650875505,-0.27111313088516187,-0.3552958895987069,0.0,39.5,0.6625205835400576,0.09722222222222222,negligible,1.0,False,False,0.09722222222222222,False
buglocator,locus,concept_network_data_concepts,9,8,-0.2832083787067895,-0.2832083787067895,0.564386589824283,0.19356379109193883,0.0,39.5,0.6625205835400576,0.09722222222222222,negligible,1.0,False,False,0.09722222222222222,False
buglocator,locus,txt_reasoning_has_code_like,9,8,0.0,0.0,0.2222222222222222,0.125,0.0,39.5,0.6625205835400576,0.09722222222222222,negligible,1.0,False,False,0.09722222222222222,False
buglocator,locus,completeness_score,9,8,-0.1877149484641514,-0.1877149484641514,-0.1877149484641514,-0.1877149484641514,0.0,33.0,0.7644620066961512,-0.08333333333333333,negligible,1.0,False,False,0.08333333333333333,False
buglocator,locus,num_causal_markers,9,8,-0.1531279935599871,-0.3042649611989815,0.014801970483340025,0.3002829093569961,0.1511369676389944,38.0,0.8820319781343899,0.05555555555555555,negligible,1.0,False,False,0.05555555555555555,False
buglocator,locus,redundancy,9,8,0.1246277731093516,-0.0990698284636138,-0.13989709664713093,-0.13586067034190213,0.2236976015729654,38.0,0.8883587001234061,0.05555555555555555,negligible,1.0,False,False,0.05555555555555555,False
buglocator,locus,semantic_coherence,9,8,-0.160378299823121,-0.3015420829995435,-0.32730602321623725,-0.3247588470116096,0.1411637831764225,38.0,0.8883587001234061,0.05555555555555555,negligible,1.0,False,False,0.05555555555555555,False
buglocator,locus,embedding_max,9,8,-0.1681646186147611,-0.21095363600057582,-0.337094409760208,-0.15127932530236599,0.042789017385814726,34.0,0.8883587001234061,-0.05555555555555555,negligible,1.0,False,False,0.05555555555555555,False
buglocator,locus,txt_root_cause_guess_avg_word_len,9,8,-0.2901334006840222,-0.2901334006840222,-0.19405338600192903,-0.07968608905295366,0.0,34.0,0.8810334575416253,-0.05555555555555555,negligible,1.0,False,False,0.05555555555555555,False
buglocator,locus,embedding_sparsity,9,8,-0.31977105279211,-0.0303305876632091,-0.19113084606815392,-0.4283112272154504,-0.28944046512890087,37.5,0.9229644546636315,0.041666666666666664,negligible,1.0,False,False,0.041666666666666664,False
buglocator,locus,concept_network_concept_diversity,9,8,-0.6994917613887949,-0.6994917613887949,-0.08337823738073184,-0.006364046879723972,0.0,34.5,0.9076115119079285,-0.041666666666666664,negligible,1.0,False,False,0.041666666666666664,False
buglocator,locus,semantic_entropy,9,8,0.6996880282898242,0.5896113807599068,0.07754408114637217,0.35881319469473977,0.11007664752991742,35.0,0.9625668449197862,-0.027777777777777776,negligible,1.0,False,False,0.027777777777777776,False
buglocator,locus,txt_likely_impacted_code_concepts_avg_word_len,9,8,-0.1462390483573012,-0.1462390483573012,-0.0865702752522884,0.006986469534647238,0.0,35.0,0.9602390636458037,-0.027777777777777776,negligible,1.0,False,False,0.027777777777777776,False
buglocator,locus,num_negative_modals,9,8,-0.2577319414569243,-0.2577319414569243,-0.1589228638092972,-0.14657172910334382,0.0,35.5,1.0,-0.013888888888888888,negligible,1.0,False,False,0.013888888888888888,False
buglocator,locus,num_EB,9,8,-0.673136533919824,-0.673136533919824,-0.24243231489832745,-0.06745872592084451,0.0,36.5,1.0,0.013888888888888888,negligible,1.0,False,False,0.013888888888888888,False
buglocator,locus,concept_network_logic_concepts,9,8,-0.5091620179301407,-0.5091620179301407,-0.2605361202858907,-0.22945788308035944,0.0,35.5,1.0,-0.013888888888888888,negligible,1.0,False,False,0.013888888888888888,False
buglocator,locus,num_env_mentions,9,8,-0.2192296649910203,-0.2192296649910203,-0.2192296649910203,-0.2192296649910203,0.0,36.0,1.0,0.0,negligible,1.0,False,False,0.0,False
buglocator,locus,embedding_norm,9,8,-0.0622098565876286,-0.0622098565876286,-0.0622098565876286,-0.0622098565876286,0.0,36.0,1.0,0.0,negligible,1.0,False,False,0.0,False
buglocator,locus,num_S2R,9,8,0.0,0.0,0.0,0.0,0.0,36.0,1.0,0.0,negligible,1.0,False,False,0.0,False
buglocator,locus,concept_network_has_cross_layer_concepts,9,8,0.0,0.0,0.0,0.0,0.0,36.0,1.0,0.0,negligible,1.0,False,False,0.0,False
buglocator,locus,concept_network_ui_concepts,9,8,-0.1397713115629224,-0.1397713115629224,-0.1397713115629224,-0.1397713115629224,0.0,36.0,1.0,0.0,negligible,1.0,False,False,0.0,False
buglocator,locus,concept_network_infra_concepts,9,8,-0.148431208798588,-0.148431208798588,-0.148431208798588,-0.148431208798588,0.0,36.0,1.0,0.0,negligible,1.0,False,False,0.0,False
buglocator,locus,concept__string_manipulation,9,8,0.0,0.0,0.0,0.0,0.0,36.0,1.0,0.0,negligible,1.0,False,False,0.0,False
buglocator,locus,concept__reflection,9,8,0.0,0.0,0.0,0.0,0.0,36.0,1.0,0.0,negligible,1.0,False,False,0.0,False
buglocator,locus,txt_likely_impacted_code_concepts_digit_density,9,8,-0.1486940122073022,-0.1486940122073022,-0.1486940122073022,-0.1486940122073022,0.0,36.0,1.0,0.0,negligible,1.0,False,False,0.0,False
buglocator,locus,txt_title_hedge_count,9,8,-0.1305847431833189,-0.1305847431833189,-0.1305847431833189,-0.1305847431833189,0.0,36.0,1.0,0.0,negligible,1.0,False,False,0.0,False
buglocator,locus,txt_root_cause_guess_digit_density,9,8,-0.1710687069843892,-0.1710687069843892,-0.1710687069843892,-0.1710687069843892,0.0,36.0,1.0,0.0,negligible,1.0,False,False,0.0,False
buglocator,locus,txt_title_question_density,9,8,-0.0586287119753727,-0.0586287119753727,-0.0586287119753727,-0.0586287119753727,0.0,36.0,1.0,0.0,negligible,1.0,False,False,0.0,False
buglocator,locus,txt_reasoning_exclaim_density,9,8,-0.0346271680532221,-0.0346271680532221,-0.0346271680532221,-0.0346271680532221,0.0,36.0,1.0,0.0,negligible,1.0,False,False,0.0,False
