tool,feature,unique_n,others_n,unique_median,others_median,unique_mean,others_mean,median_diff,u_statistic,p_value,cliffs_delta,effect_size,pval_adj,reject,significant,abs_delta,practically_significant
boostnsift,summary_chars,23,670,-0.8058683276097268,-0.8058683276097268,-0.48644332949084995,0.08610246408170778,0.0,4963.0,0.0018497454302136187,-0.3558728098637249,medium,0.24231665135798405,False,False,0.3558728098637249,False
boostnsift,expected_observed_alignment,23,670,-0.2663462570628048,0.7027131095927159,-0.4138118128582102,0.12850927591772823,-0.9690593666555207,5136.0,0.0019479392338988578,-0.33341985723556133,medium,0.2532321004068515,False,False,0.33341985723556133,False
boostnsift,causal_reasoning_quality,23,670,-0.1521246116388988,0.3479700762291345,-0.4130435792222205,0.13300400144406946,-0.5000946878680332,5266.0,0.006105973119685744,-0.3165476963011032,small,0.7815645593197752,False,False,0.3165476963011032,False
boostnsift,txt_title_avg_sentence_len,23,670,-0.70287777031615,-0.70287777031615,-0.33657921056627027,0.0841844152676465,0.0,5501.0,0.012317271031987312,-0.28604802076573654,small,1.0,False,False,0.28604802076573654,False
boostnsift,technical_completeness,23,670,-0.1100015582041131,0.4209308180989765,-0.34084172181415223,0.12218230188067078,-0.5309323763030895,5730.5,0.0315523204400387,-0.2562621674237508,small,1.0,False,False,0.2562621674237508,False
boostnsift,txt_title_avg_word_len,23,670,-0.3969089280843758,-0.3969089280843758,-0.4990891944649097,0.07652385282671928,0.0,5833.5,0.031359371869371974,-0.24289422452952628,small,1.0,False,False,0.24289422452952628,False
boostnsift,completeness_score,23,670,-0.1877149484641514,-0.1877149484641514,-0.4211008656284849,0.05263771249613217,0.0,5843.0,0.03726401962456888,-0.24166125892277743,small,1.0,False,False,0.24166125892277743,False
boostnsift,ambiguity_type_count,23,670,-0.6117211791839219,-0.6117211791839219,0.29160294857424374,-0.12843895504566152,0.0,9544.0,0.009627287362621495,0.23867618429591175,small,1.0,False,False,0.23867618429591175,False
boostnsift,consistency_composite,23,670,0.4551326915252526,-0.0412135828634099,0.3616181760607219,-0.07134007314968689,0.4963462743886625,9543.5,0.05135783774619865,0.23861129136924075,small,1.0,False,False,0.23861129136924075,False
boostnsift,embedding_cluster,23,670,6.0,3.0,5.260869565217392,3.9716417910447763,3.0,9537.5,0.05042645929550899,0.23783257624918883,small,1.0,False,False,0.23783257624918883,False
boostnsift,ambiguity_category_coverage,23,670,-0.6218331264640132,-0.6218331264640132,0.2944113606448656,-0.12906681275023302,0.0,9487.0,0.012106289853598084,0.23127839065541855,small,1.0,False,False,0.23127839065541855,False
boostnsift,actionability,23,670,-0.163033776330488,0.3430376111637781,-0.3170555029591777,0.12625777801324925,-0.5060713874942662,5924.0,0.0456997156485531,-0.23114860480207658,small,1.0,False,False,0.23114860480207658,False
boostnsift,semantic_spread_pc2,23,670,-0.019299303679895,0.22729583689638688,-0.5962543084800241,0.11834856879485794,-0.24659514057628187,5934.0,0.060729337645636,-0.2298507462686567,small,1.0,False,False,0.2298507462686567,False
boostnsift,num_causal_markers,23,670,-0.4554019288379759,-0.1531279935599871,-0.25826675365667884,0.008836697133741234,-0.30227393527798885,5944.0,0.05766077538610062,-0.22855288773523685,small,1.0,False,False,0.22855288773523685,False
boostnsift,repair_difficulty,23,670,0.0684006013983548,0.0684006013983548,0.2884344567496943,-0.12475065286208548,0.0,9465.5,0.05287180067153538,0.22848799480856585,small,1.0,False,False,0.22848799480856585,False
boostnsift,embedding_cluster_distance,23,670,-0.2416725663007035,0.14501305670124084,-0.45989266717642435,0.12100308177261435,-0.3866856230019443,5979.5,0.06766142899088026,-0.22394548994159635,small,1.0,False,False,0.22394548994159635,False
boostnsift,quality_composite,23,670,-0.0087399753245803,0.5004144011422426,-0.29652288376235003,0.12602128252633998,-0.5091543764668228,6026.5,0.06631823762377397,-0.21784555483452303,small,1.0,False,False,0.21784555483452303,False
boostnsift,causal_density,23,670,-0.7740792499577394,-0.19349989564240722,-0.17581518877491914,0.03780779172969287,-0.5805793543153321,6034.5,0.07483959548479611,-0.21680726800778716,small,1.0,False,False,0.21680726800778716,False
boostnsift,specificity,23,670,-0.1318907460872489,0.3779646843889213,-0.2870641379713008,0.12075403438750998,-0.5098554304761702,6056.0,0.06667605014377914,-0.21401687216093446,small,1.0,False,False,0.21401687216093446,False
boostnsift,clarity,23,670,0.2638805499878769,0.7623879238337528,-0.27797529114894465,0.12772107325086907,-0.49850737384587585,6068.0,0.059560520975498174,-0.21245944192083063,small,1.0,False,False,0.21245944192083063,False
boostnsift,has_reproduction_ambiguity,23,670,0.0,0.0,0.43478260869565216,0.22238805970149253,0.0,9341.5,0.017333534237458093,0.21239454899415963,small,1.0,False,False,0.21239454899415963,False
boostnsift,clarity_minus_contradiction,23,670,0.2651583282742117,0.7638232023935065,-0.2768687088119782,0.12746728094276472,-0.49866487411929483,6078.5,0.06137930507553084,-0.21109669046073978,small,1.0,False,False,0.21109669046073978,False
boostnsift,actionability_depth_product,23,670,-0.4281670722145844,0.3490492436531938,-0.26403443408101634,0.1062727185473739,-0.7772163158677782,6125.0,0.08954900415069411,-0.20506164828033743,small,1.0,False,False,0.20506164828033743,False
boostnsift,has_error_ambiguity,23,670,0.0,0.0,0.391304347826087,0.1865671641791045,0.0,9282.5,0.014603995966099457,0.20473718364698248,small,1.0,False,False,0.20473718364698248,False
boostnsift,reasoning_composite,23,670,0.2081718188270818,0.2081718188270818,-0.22564479823474137,0.12195374803631885,0.0,6171.0,0.08778821296041123,-0.1990914990266061,small,1.0,False,False,0.1990914990266061,False
boostnsift,txt_title_digit_density,23,670,-0.6450552541976357,-0.6450552541976357,-0.2659113040334323,0.07164916859308643,0.0,6174.0,0.08059692711189284,-0.19870214146658013,small,1.0,False,False,0.19870214146658013,False
boostnsift,technical_depth,23,670,0.0747380324277821,0.627005794172899,-0.23741331116728392,0.10770924208420704,-0.5522677617451169,6283.5,0.12011207291619391,-0.18449059052563271,small,1.0,False,False,0.18449059052563271,False
boostnsift,semantic_coherence,23,670,0.0114514839302217,-0.23305604256561446,0.4438159537052009,-0.10692979431113665,0.24450752649583615,9118.0,0.13459190285983116,0.18338741077222584,small,1.0,False,False,0.18338741077222584,False
boostnsift,has_input_ambiguity,23,670,0.0,0.0,0.391304347826087,0.208955223880597,0.0,9110.0,0.0365466905372266,0.18234912394548994,small,1.0,False,False,0.18234912394548994,False
boostnsift,causal_reasoning_consistency,23,670,0.7820593740711346,0.1694706523550018,0.276007821349112,-0.054535671257613785,0.6125887217161328,9099.5,0.1356900285073206,0.1809863724853991,small,1.0,False,False,0.1809863724853991,False
boostnsift,description_length,23,670,-0.4333510084807093,-0.07939350760826135,-0.20281029260328015,0.0614082040688564,-0.3539575008724479,6354.0,0.1511379746766373,-0.17534068786502272,small,1.0,False,False,0.17534068786502272,False
boostnsift,num_EB,23,670,-0.673136533919824,-0.673136533919824,-0.2939295584769847,-0.025151679033751595,0.0,6363.5,0.11345528940943618,-0.17410772225827384,small,1.0,False,False,0.17410772225827384,False
boostnsift,technical_depth_consistency,23,670,-0.0252185481479084,-0.0252185481479084,0.26609057028000627,-0.052361849801000254,0.0,8997.0,0.1685801342058899,0.16768332251784557,small,1.0,False,False,0.16768332251784557,False
boostnsift,n_sentences,23,670,-0.4748534973302726,-0.2868038552763112,-0.15189867728107806,-0.007957109932116234,-0.1880496420539614,6413.5,0.17027465267371988,-0.16761842959117457,small,1.0,False,False,0.16761842959117457,False
boostnsift,num_modal_verbs,23,670,-0.5746091275372439,-0.5746091275372439,-0.12344846612294352,-0.017792859913979754,0.0,6445.0,0.14704696783005217,-0.16353017521090202,small,1.0,False,False,0.16353017521090202,False
boostnsift,txt_root_cause_guess_hedge_density,23,670,-0.5490791258336135,-0.5490791258336135,0.277703790783241,-0.11039415589127756,0.0,8933.0,0.05894669492541873,0.15937702790395847,small,1.0,False,False,0.15937702790395847,False
boostnsift,concept_network_infra_concepts,23,670,-0.148431208798588,-0.148431208798588,1.0490572873059627,-0.04566167368513775,0.0,8930.0,1.0217201769966992e-07,0.15898767034393252,small,1.348670633635643e-05,True,True,0.15898767034393252,False
boostnsift,concept__deserialization,23,670,0.0,0.0,0.21739130434782608,0.0626865671641791,0.0,8897.0,0.0037545310914147817,0.154704737183647,small,0.48433451079250683,False,False,0.154704737183647,False
boostnsift,semantic_entropy,23,670,-0.1804043460318977,0.3232106992546977,-0.45625831141993417,0.051779072846881484,-0.5036150452865954,6540.0,0.21737627646189128,-0.15120051914341337,small,1.0,False,False,0.15120051914341337,False
boostnsift,embedding_min,23,670,-0.149599429409976,0.083731376333762,-0.316204015779147,0.014246795447745111,-0.233330805743738,6564.5,0.22720991200646035,-0.14802076573653472,small,1.0,False,False,0.14802076573653472,False
boostnsift,modal_density,23,670,-0.4673947634391083,-0.4673947634391083,-0.15030435334141098,0.009714074870662934,0.0,6653.5,0.23015884680209642,-0.136469824789098,negligible,1.0,False,False,0.136469824789098,False
boostnsift,embedding_max,23,670,0.3067698760838412,-0.17518881409232456,0.1838876350768006,-0.0661866806743922,0.48195869017616577,8733.5,0.2761811890771261,0.13348475016223232,negligible,1.0,False,False,0.13348475016223232,False
boostnsift,txt_likely_impacted_code_concepts_avg_word_len,23,670,-0.1462390483573012,-0.1462390483573012,0.23312817886511064,-0.0793108693468207,0.0,8720.5,0.27932857890910046,0.1317975340687865,negligible,1.0,False,False,0.1317975340687865,False
boostnsift,has_context_ambiguity,23,670,0.0,0.0,0.34782608695652173,0.22238805970149253,0.0,8671.5,0.15814919482356493,0.1254380272550292,negligible,1.0,False,False,0.1254380272550292,False
boostnsift,embedding_sparsity,23,670,0.2591098774656933,-0.0303305876632091,0.1647271170975735,-0.006786549828096256,0.2894404651289024,8603.0,0.34126314683462666,0.11654769630110318,negligible,1.0,False,False,0.11654769630110318,False
boostnsift,embedding_cluster_size,23,670,-0.3736032879542836,-0.3736032879542836,-0.17930238571632898,-0.04729559473115858,0.0,6826.5,0.3484575054766752,-0.11401687216093445,negligible,1.0,False,False,0.11401687216093445,False
boostnsift,embedding_cluster_separation,23,670,0.2831351897660283,-0.12652159248280295,0.18101131920124172,-0.11472120974431609,0.4096567822488313,8518.5,0.3891316150664894,0.10558079169370539,negligible,1.0,False,False,0.10558079169370539,False
boostnsift,embedding_norm,23,670,-0.0622098565876286,-0.0622098565876286,0.3721148260575945,-0.02344475804705494,0.0,8478.5,0.1195403919399505,0.10038935756002595,negligible,1.0,False,False,0.10038935756002595,False
boostnsift,num_OB,23,670,-0.4995211341402941,-0.2886514946017978,0.13308778447519465,-0.023333425749630203,-0.2108696395384963,6946.0,0.41822047004913543,-0.09850746268656717,negligible,1.0,False,False,0.09850746268656717,False
boostnsift,num_exception_types,23,670,-0.5251530779927517,-0.5251530779927517,-0.2073974112362679,0.036610485101360356,0.0,6993.0,0.3462734770601106,-0.09240752757949383,negligible,1.0,False,False,0.09240752757949383,False
boostnsift,concept__serialization,23,670,0.0,0.0,0.13043478260869565,0.041791044776119404,0.0,8388.0,0.04346875497662986,0.08864373783257624,negligible,1.0,False,False,0.08864373783257624,False
boostnsift,description_chars,23,670,-0.2502710263284616,-0.28038372593202143,-0.22524046069259007,-0.014063937026046273,0.030112699603559834,7023.0,0.4703567458060136,-0.08851395197923426,negligible,1.0,False,False,0.08851395197923426,False
boostnsift,txt_root_cause_guess_avg_sentence_len,23,670,-0.5002311336441987,-0.2352066135006761,-0.09693295081709906,0.05750703561306527,-0.2650245201435226,7030.0,0.4717174385659201,-0.08760545100584036,negligible,1.0,False,False,0.08760545100584036,False
boostnsift,gunning_fog,23,670,0.0,-0.060072154141564846,0.19860574611362264,0.007087980137932714,0.060072154141564846,8372.0,0.48018132394754454,0.08656716417910448,negligible,1.0,False,False,0.08656716417910448,False
boostnsift,concept__json_parsing,23,670,0.0,0.0,0.21739130434782608,0.13880597014925372,0.0,8310.5,0.28830111574408024,0.07858533419857236,negligible,1.0,False,False,0.07858533419857236,False
boostnsift,concept_network_data_concepts,23,670,-0.2832083787067895,-0.2832083787067895,-0.28320837870678955,0.01281732672048058,0.0,7107.0,0.16542960401520934,-0.07761194029850746,negligible,1.0,False,False,0.07761194029850746,False
boostnsift,quality_std,23,670,-0.6141221745332237,-0.6141221745332237,-0.11263911990166844,0.01855456556590618,0.0,7108.5,0.4289468066619092,-0.07741726151849448,negligible,1.0,False,False,0.07741726151849448,False
boostnsift,has_exc_io_error,23,670,0.0,0.0,0.13043478260869565,0.05373134328358209,0.0,8296.0,0.11710503399698156,0.07670343932511356,negligible,1.0,False,False,0.07670343932511356,False
boostnsift,exc_cat_io_error,23,670,-0.2063542589417555,-0.2063542589417555,0.17296507229955635,0.0019882991131740177,0.0,8282.5,0.12589318624108822,0.07495133030499676,negligible,1.0,False,False,0.07495133030499676,False
boostnsift,txt_root_cause_guess_avg_word_len,23,670,-0.2901334006840222,-0.2561529173380883,-0.05755114126760226,0.028055408376932878,-0.0339804833459339,8273.0,0.5455095410199982,0.07371836469824788,negligible,1.0,False,False,0.07371836469824788,False
boostnsift,has_exc_runtime_error,23,670,0.0,0.0,0.0,0.07164179104477612,0.0,7153.0,0.1840481229992076,-0.07164179104477612,negligible,1.0,False,False,0.07164179104477612,False
boostnsift,exc_cat_runtime_error,23,670,-0.2204545370203559,-0.2204545370203559,-0.22045453702035583,-0.003682795223399013,0.0,7153.0,0.1843436694509103,-0.07164179104477612,negligible,1.0,False,False,0.07164179104477612,False
boostnsift,exception_avg_frame_package_depth,23,670,-0.3416459317228559,-0.3416459317228559,-0.14064400321140652,0.024959973272567174,0.0,7159.0,0.30032822147940696,-0.07086307592472421,negligible,1.0,False,False,0.07086307592472421,False
boostnsift,embedding_std,23,670,0.2590340114830652,0.3863546504030144,0.009853808737333745,-0.0230526317549464,-0.12732063891994921,7172.5,0.573066576835809,-0.0691109669046074,negligible,1.0,False,False,0.0691109669046074,False
boostnsift,concept_network_logic_concepts,23,670,-0.5091620179301407,-0.5091620179301407,-0.12000843900870592,0.05859562892911675,0.0,7185.0,0.4557001970232053,-0.06748864373783257,negligible,1.0,False,False,0.06748864373783257,False
boostnsift,concept__html_parsing,23,670,0.0,0.0,0.0,0.06716417910447761,0.0,7187.5,0.1994384131541589,-0.06716417910447761,negligible,1.0,False,False,0.06716417910447761,False
boostnsift,embedding_mean,23,670,-0.0584907291194654,0.0503158042304711,-0.11330686489021134,-0.011291029702727287,-0.10880653334993651,7188.5,0.5846620899104891,-0.06703439325113562,negligible,1.0,False,False,0.06703439325113562,False
boostnsift,txt_reasoning_has_code_like,23,670,0.0,0.0,0.043478260869565216,0.10298507462686567,0.0,7246.5,0.35262474348711226,-0.05950681375730046,negligible,1.0,False,False,0.05950681375730046,False
boostnsift,concept__string_manipulation,23,670,0.0,0.0,0.0,0.058208955223880594,0.0,7256.5,0.234486310986613,-0.058208955223880594,negligible,1.0,False,False,0.058208955223880594,False
boostnsift,concept_network_network_concepts,23,670,-0.2193996860397714,-0.2193996860397714,-0.21939968603977147,0.027990222916943114,0.0,7291.0,0.25452032336575636,-0.05373134328358209,negligible,1.0,False,False,0.05373134328358209,False
boostnsift,stacktrace_depth,23,670,-0.2020454871191189,-0.2020454871191189,-0.17680994936316594,0.01654951182063098,0.0,7295.0,0.3877726945367955,-0.053212199870214145,negligible,1.0,False,False,0.053212199870214145,False
boostnsift,num_browser_mentions,23,670,-0.390976846636182,-0.390976846636182,-0.17427212248005058,-0.015301418117754205,0.0,7299.5,0.4717169144679183,-0.05262816353017521,negligible,1.0,False,False,0.05262816353017521,False
boostnsift,exception_user_frames,23,670,-0.2073567129463963,-0.2073567129463963,-0.194466387208588,0.017877680206621057,0.0,7304.5,0.39549677914256853,-0.051979234263465283,negligible,1.0,False,False,0.051979234263465283,False
boostnsift,num_temporal_markers,23,670,-0.4635308650875505,-0.4635308650875505,-0.16235528111859446,0.012056848105218919,0.0,7359.5,0.6481044789756192,-0.044841012329656066,negligible,1.0,False,False,0.044841012329656066,False
boostnsift,exception_library_frames,23,670,-0.1983965354258864,-0.1983965354258864,-0.1748584412115336,-0.015783082103190876,0.0,7372.0,0.46333006209245786,-0.04321868916288125,negligible,1.0,False,False,0.04321868916288125,False
boostnsift,txt_root_cause_guess_digit_density,23,670,-0.1710687069843892,-0.1710687069843892,-0.17106870698438922,0.01698841324214749,0.0,7383.0,0.31814626323570117,-0.041791044776119404,negligible,1.0,False,False,0.041791044776119404,False
boostnsift,temporal_density,23,670,-0.4256912142338764,-0.4256912142338764,-0.09019394226791894,0.009888503069598818,0.0,7384.0,0.6728445423999201,-0.04166125892277742,negligible,1.0,False,False,0.04166125892277742,False
boostnsift,redundancy,23,670,-0.1909694919093625,-0.05284472148150075,-0.16802934676089942,0.03766980707936681,-0.13812477042786175,7384.0,0.734232983957307,-0.04166125892277742,negligible,1.0,False,False,0.04166125892277742,False
boostnsift,num_negative_modals,23,670,-0.2577319414569243,-0.2577319414569243,0.12891227542509479,-0.013511295808460956,0.0,8016.0,0.5783456834161492,0.04036340038935756,negligible,1.0,False,False,0.04036340038935756,False
boostnsift,txt_reasoning_avg_sentence_len,23,670,-0.0140365238068689,-0.0140365238068689,-0.11081371199272391,7.066538072282203e-05,0.0,7409.5,0.7544896482482961,-0.03835171966255678,negligible,1.0,False,False,0.03835171966255678,False
boostnsift,concept_network_has_cross_layer_concepts,23,670,0.0,0.0,0.0,0.034328358208955224,0.0,7440.5,0.3674123309178391,-0.034328358208955224,negligible,1.0,False,False,0.034328358208955224,False
boostnsift,concept_network_concept_diversity,23,670,-0.6994917613887949,-0.6994917613887949,-0.05659069285864213,0.04812061923591447,0.0,7441.0,0.7406648260016657,-0.03426346528228423,negligible,1.0,False,False,0.03426346528228423,False
boostnsift,ambiguity,23,670,-0.5855868655187282,-0.5855868655187282,0.021567141939905363,-0.0051163789116527286,0.0,7456.0,0.7662010275616149,-0.03231667748215444,negligible,1.0,False,False,0.03231667748215444,False
boostnsift,num_versions,23,670,-0.1809757993128989,-0.1809757993128989,-0.08376645011523741,0.027687183877059467,0.0,7456.0,0.7861145236227541,-0.03231667748215444,negligible,1.0,False,False,0.03231667748215444,False
boostnsift,txt_likely_impacted_code_concepts_digit_density,23,670,-0.1486940122073022,-0.1486940122073022,-0.1486940122073022,0.032493720743683625,0.0,7463.5,0.3899661985079884,-0.03134328358208955,negligible,1.0,False,False,0.03134328358208955,False
boostnsift,num_caused_by,23,670,-0.1602391524099254,-0.1602391524099254,-0.1602391524099254,0.0006311243565068205,0.0,7475.0,0.40186394479472753,-0.029850746268656716,negligible,1.0,False,False,0.029850746268656716,False
boostnsift,txt_reasoning_avg_word_len,23,670,-0.2513212176774066,0.0097624240609456,0.11055052719654179,0.05971988392283035,-0.2610836417383522,7490.5,0.820667721437379,-0.027839065541855938,negligible,1.0,False,False,0.027839065541855938,False
boostnsift,txt_likely_impacted_code_concepts_avg_sentence_len,23,670,0.4260181358690711,0.4260181358690711,-0.0959698463683315,0.10065572621106161,0.0,7495.0,0.8216677778474488,-0.027255029201817,negligible,1.0,False,False,0.027255029201817,False
boostnsift,has_exc_null_pointer,23,670,0.0,0.0,0.0,0.025373134328358207,0.0,7509.5,0.44074465690061726,-0.025373134328358207,negligible,1.0,False,False,0.025373134328358207,False
boostnsift,exc_cat_null_pointer,23,670,-0.1370055848039781,-0.1370055848039781,-0.13700558480397804,0.008128316411877877,0.0,7509.5,0.44078579478478874,-0.025373134328358207,negligible,1.0,False,False,0.025373134328358207,False
boostnsift,concept_network_concept_breadth,23,670,0.410786675927473,0.410786675927473,-0.028702784736369127,0.07987953673908554,0.0,7898.5,0.8273050558584424,0.02511356262167424,negligible,1.0,False,False,0.02511356262167424,False
boostnsift,concept_num_concepts,23,670,0.410786675927473,0.410786675927473,-0.028702784736369127,0.07987953673908554,0.0,7898.5,0.8273050558584424,0.02511356262167424,negligible,1.0,False,False,0.02511356262167424,False
boostnsift,txt_reasoning_digit_density,23,670,-0.2000607604811334,-0.2000607604811334,0.7318144621018018,-0.03726740767422667,0.0,7881.5,0.6748277637872215,0.02290720311486048,negligible,1.0,False,False,0.02290720311486048,False
boostnsift,semantic_spread_pc1,23,670,0.1053774694642904,0.0972656580047233,-0.24143773677290456,0.09801576582608612,0.008111811459567103,7547.0,0.8674982676775573,-0.020506164828033743,negligible,1.0,False,False,0.020506164828033743,False
boostnsift,txt_reasoning_hedge_density,23,670,-0.3595077050751572,-0.3595077050751572,-0.10918207774255198,-0.05765241482151441,0.0,7553.0,0.7646549067591015,-0.01972744970798183,negligible,1.0,False,False,0.01972744970798183,False
boostnsift,txt_title_hedge_density,23,670,-0.1284244317598414,-0.1284244317598414,-0.12842443175984145,0.021386044079857065,0.0,7555.5,0.5018326726359083,-0.019402985074626865,negligible,1.0,False,False,0.019402985074626865,False
boostnsift,concept_network_ui_concepts,23,670,-0.1397713115629224,-0.1397713115629224,-0.13977131156292236,0.0017601797631524628,0.0,7555.5,0.5018076812967918,-0.019402985074626865,negligible,1.0,False,False,0.019402985074626865,False
boostnsift,txt_likely_impacted_code_concepts_has_code_like,23,670,0.0,0.0,0.043478260869565216,0.025373134328358207,0.0,7844.5,0.5930291242845421,0.01810512654120701,negligible,1.0,False,False,0.01810512654120701,False
boostnsift,concept__reflection,23,670,0.0,0.0,0.043478260869565216,0.028358208955223882,0.0,7821.5,0.6717428289724419,0.015120051914341336,negligible,1.0,False,False,0.015120051914341336,False
boostnsift,exc_cat_arithmetic,23,670,-0.0838343363887831,-0.0838343363887831,-0.08383433638878307,0.004571906978722432,0.0,7624.5,0.6246446980329358,-0.010447761194029851,negligible,1.0,False,False,0.010447761194029851,False
boostnsift,exc_cat_type_error,23,670,-0.085074295211124,-0.085074295211124,-0.08507429521112403,-0.005555224500726334,0.0,7624.5,0.6246462591525727,-0.010447761194029851,negligible,1.0,False,False,0.010447761194029851,False
boostnsift,has_exc_type_error,23,670,0.0,0.0,0.0,0.010447761194029851,0.0,7624.5,0.6246409512665516,-0.010447761194029851,negligible,1.0,False,False,0.010447761194029851,False
boostnsift,num_env_mentions,23,670,-0.2192296649910203,-0.2192296649910203,-0.07452075568864724,-0.015557274734098235,0.0,7624.5,0.8277363942867089,-0.010447761194029851,negligible,1.0,False,False,0.010447761194029851,False
boostnsift,has_exc_arithmetic,23,670,0.0,0.0,0.0,0.010447761194029851,0.0,7624.5,0.6246409512665516,-0.010447761194029851,negligible,1.0,False,False,0.010447761194029851,False
boostnsift,clarity_specificity_gap,23,670,-0.4497603897317977,-0.4497603897317977,0.011489825726383464,0.04109245149459509,0.0,7630.0,0.9146287715700558,-0.00973393900064893,negligible,1.0,False,False,0.00973393900064893,False
boostnsift,exc_cat_assertion,23,670,0.0,0.0,-0.034205147558146354,-0.014037105670232506,0.0,7774.5,0.932771168653528,0.009020116807268008,negligible,1.0,False,False,0.009020116807268008,False
boostnsift,txt_title_has_code_like,23,670,0.0,0.0,0.0,0.008955223880597015,0.0,7636.0,0.6511341010740536,-0.008955223880597015,negligible,1.0,False,False,0.008955223880597015,False
boostnsift,txt_root_cause_guess_has_code_like,23,670,0.0,0.0,0.0,0.005970149253731343,0.0,7659.0,0.7133746991402748,-0.005970149253731343,negligible,1.0,False,False,0.005970149253731343,False
boostnsift,num_semantic_sentences,23,670,-0.0395439589518671,-0.3202010835483047,-0.07099350229681109,-0.02696712406979526,0.28065712459643755,7661.5,0.9635690346382967,-0.005645684620376379,negligible,1.0,False,False,0.005645684620376379,False
boostnsift,txt_title_question_density,23,670,-0.0586287119753727,-0.0586287119753727,-0.05862871197537271,0.014438414143188822,0.0,7670.5,0.7514565858796116,-0.004477611940298508,negligible,1.0,False,False,0.004477611940298508,False
boostnsift,has_exc_index_error,23,670,0.0,0.0,0.043478260869565216,0.04776119402985075,0.0,7672.0,0.9256388590070502,-0.004282933160285529,negligible,1.0,False,False,0.004282933160285529,False
boostnsift,num_os_mentions,23,670,-0.3565391088761866,-0.3565391088761866,-0.01590963986976117,0.00984940455261529,0.0,7730.5,0.9632253202870737,0.003309539260220636,negligible,1.0,False,False,0.003309539260220636,False
boostnsift,exc_cat_concurrency,23,670,-0.0438160519933849,-0.0438160519933849,-0.043816051993384904,0.010790520267027695,0.0,7682.0,0.7975545672595664,-0.0029850746268656717,negligible,1.0,False,False,0.0029850746268656717,False
boostnsift,has_exc_concurrency,23,670,0.0,0.0,0.0,0.0029850746268656717,0.0,7682.0,0.7975543604739959,-0.0029850746268656717,negligible,1.0,False,False,0.0029850746268656717,False
boostnsift,exc_cat_index_error,23,670,-0.1859270778535117,-0.1859270778535117,0.0914685922019063,0.026742935855642105,0.0,7682.0,0.9484986996071159,-0.0029850746268656717,negligible,1.0,False,False,0.0029850746268656717,False
boostnsift,has_exc_assertion,23,670,0.0,0.0,0.0,0.0014925373134328358,0.0,7693.5,0.859332820749083,-0.0014925373134328358,negligible,1.0,False,False,0.0014925373134328358,False
boostnsift,has_behavior_ambiguity,23,670,0.0,0.0,0.0,0.0014925373134328358,0.0,7693.5,0.859332820749083,-0.0014925373134328358,negligible,1.0,False,False,0.0014925373134328358,False
boostnsift,txt_root_cause_guess_line_count,23,670,0.0346271680532231,0.0346271680532231,0.03462716805322309,0.0346271680532231,0.0,7705.0,1.0,0.0,negligible,1.0,False,False,0.0,False
boostnsift,behavior_verb_density,23,670,0.0,0.0,0.0,0.0,0.0,7705.0,1.0,0.0,negligible,1.0,False,False,0.0,False
boostnsift,txt_root_cause_guess_exclaim_density,23,670,0.0,0.0,0.0,0.0,0.0,7705.0,1.0,0.0,negligible,1.0,False,False,0.0,False
boostnsift,txt_likely_impacted_code_concepts_question_density,23,670,0.0,0.0,0.0,0.0,0.0,7705.0,1.0,0.0,negligible,1.0,False,False,0.0,False
boostnsift,txt_likely_impacted_code_concepts_line_count,23,670,0.0,0.0,0.0,0.0,0.0,7705.0,1.0,0.0,negligible,1.0,False,False,0.0,False
boostnsift,txt_title_exclaim_density,23,670,0.0,0.0,0.0,0.0,0.0,7705.0,1.0,0.0,negligible,1.0,False,False,0.0,False
boostnsift,num_S2R,23,670,0.0,0.0,0.0,0.0,0.0,7705.0,1.0,0.0,negligible,1.0,False,False,0.0,False
boostnsift,txt_reasoning_line_count,23,670,0.0,0.0,0.0,0.0,0.0,7705.0,1.0,0.0,negligible,1.0,False,False,0.0,False
boostnsift,txt_reasoning_exclaim_density,23,670,-0.0346271680532221,-0.0346271680532221,-0.03462716805322209,-0.0346271680532221,0.0,7705.0,1.0,0.0,negligible,1.0,False,False,0.0,False
boostnsift,txt_title_line_count,23,670,0.0,0.0,0.0,0.0,0.0,7705.0,1.0,0.0,negligible,1.0,False,False,0.0,False
boostnsift,txt_likely_impacted_code_concepts_exclaim_density,23,670,0.0,0.0,0.0,0.0,0.0,7705.0,1.0,0.0,negligible,1.0,False,False,0.0,False
boostnsift,txt_reasoning_question_density,23,670,0.0,0.0,0.0,0.0,0.0,7705.0,1.0,0.0,negligible,1.0,False,False,0.0,False
boostnsift,txt_root_cause_guess_question_density,23,670,0.0,0.0,0.0,0.0,0.0,7705.0,1.0,0.0,negligible,1.0,False,False,0.0,False
boostnsift,txt_likely_impacted_code_concepts_hedge_density,23,670,0.0,0.0,0.0,0.0,0.0,7705.0,1.0,0.0,negligible,1.0,False,False,0.0,False
boostnsift,behavior_verb_count,23,670,0.0,0.0,0.0,0.0,0.0,7705.0,1.0,0.0,negligible,1.0,False,False,0.0,False
buglocator,num_versions,14,679,-0.3124943305803233,-0.1809757993128989,-0.19036998011771494,0.028407900687227382,-0.13151853126742438,3052.0,0.018065463817559496,-0.35787923416789397,medium,1.0,False,False,0.35787923416789397,False
buglocator,txt_title_avg_sentence_len,14,679,-0.70287777031615,-0.70287777031615,-0.47740212883539207,0.08151084858614795,0.0,3347.0,0.04208557334274136,-0.29581317062907636,small,1.0,False,False,0.29581317062907636,False
buglocator,embedding_cluster_size,14,679,0.24643021944903237,-0.3736032879542836,0.49544637201801905,-0.0629576620760001,0.620033507403316,6134.5,0.06043037359524788,0.29065853145381865,small,1.0,False,False,0.29065853145381865,False
buglocator,description_length,14,679,-0.4774589977758341,-0.0804870941197107,-0.3401357772666912,0.060737497611181204,-0.39697190365612345,3374.5,0.0621883171202532,-0.29002735114664424,small,1.0,False,False,0.29002735114664424,False
buglocator,expected_observed_alignment,14,679,-0.024081415398924652,0.7027131095927159,-0.40478330944216495,0.1211347709887031,-0.7267945249916405,3386.5,0.03592329718552604,-0.28750262991794656,small,1.0,False,False,0.28750262991794656,False
buglocator,summary_chars,14,679,-0.8058683276097268,-0.8058683276097268,-0.4477485058770286,0.07771566043996031,0.0,3429.5,0.055755145110663054,-0.27845571218177995,small,1.0,False,False,0.27845571218177995,False
buglocator,txt_reasoning_avg_sentence_len,14,679,0.4529303282787249,-0.0140365238068689,0.38900034257653054,-0.011704527786185269,0.46696685208559385,6046.5,0.08095269567295996,0.2721439091100358,small,1.0,False,False,0.2721439091100358,False
buglocator,txt_title_digit_density,14,679,-0.6450552541976357,-0.6450552541976357,-0.35453444360855474,0.06900215784259014,0.0,3492.0,0.06692798824119917,-0.2653061224489796,small,1.0,False,False,0.2653061224489796,False
buglocator,technical_completeness,14,679,0.02273153587165925,0.4209308180989765,-0.35650587577340476,0.11636798957165183,-0.3981992822273172,3517.5,0.08677734362124545,-0.2599410898379971,small,1.0,False,False,0.2599410898379971,False
buglocator,causal_reasoning_quality,14,679,-0.1521246116388988,0.3479700762291345,-0.33072985730605364,0.12406906722783531,-0.5000946878680332,3522.5,0.07823943771837963,-0.258889122659373,small,1.0,False,False,0.258889122659373,False
buglocator,actionability,14,679,-0.163033776330488,0.3430376111637781,-0.34377355757844025,0.1209326428673256,-0.5060713874942662,3529.5,0.08055122405941928,-0.2574163686092994,small,1.0,False,False,0.2574163686092994,False
buglocator,reasoning_composite,14,679,-0.31697461235302,0.2081718188270818,-0.2794641529830127,0.1184560809524253,-0.5251464311801017,3541.0,0.08594189998346642,-0.2549968440984641,small,1.0,False,False,0.2549968440984641,False
buglocator,quality_composite,14,679,-0.0087399753245803,0.5004144011422426,-0.3118080565548321,0.12073570803811695,-0.5091543764668228,3556.5,0.09563521089226698,-0.25173574584472963,small,1.0,False,False,0.25173574584472963,False
buglocator,ambiguity_category_coverage,14,679,-0.3291439153042325,-0.6218331264640132,0.3398599959181235,-0.12439078525873046,0.29268921115978075,5938.0,0.03366885626174348,0.2493162213338944,small,1.0,False,False,0.2493162213338944,False
buglocator,ambiguity_type_count,14,679,-0.41571688731186707,-0.6117211791839219,0.31229905392719354,-0.12329811313456014,0.19600429187205481,5931.0,0.034758591359420894,0.24784346728382076,small,1.0,False,False,0.24784346728382076,False
buglocator,semantic_entropy,14,679,0.7571616866779797,0.289829088942362,0.33128017146301136,0.028807238945905672,0.4673325977356177,5881.0,0.1283462544317218,0.23732379549758048,small,1.0,False,False,0.23732379549758048,False
buglocator,actionability_depth_product,14,679,-0.4281670722145844,0.3490492436531938,-0.3092053912144143,0.10229573625902641,-0.7772163158677782,3661.0,0.13523161349565332,-0.22974963181148747,small,1.0,False,False,0.22974963181148747,False
buglocator,specificity,14,679,-0.1318907460872489,0.3779646843889213,-0.31398197125730987,0.11590349847407086,-0.5098554304761702,3662.0,0.12245402000545282,-0.22953923837576268,small,1.0,False,False,0.22953923837576268,False
buglocator,embedding_mean,14,679,-0.4887011578971518,0.0503158042304711,-0.40469291941545193,-0.006635267925605027,-0.5390169621276228,3701.0,0.15614736158776574,-0.22133389438249526,small,1.0,False,False,0.22133389438249526,False
buglocator,txt_likely_impacted_code_concepts_avg_sentence_len,14,679,0.0925258138840638,0.4260181358690711,-0.26478738824272957,0.10153027029504844,-0.33349232198500733,3729.5,0.1611073709443981,-0.21533768146433832,small,1.0,False,False,0.21533768146433832,False
buglocator,ambiguity,14,679,0.06729393097159875,-0.5855868655187282,0.27864519850832703,-0.01006327302696036,0.6528807964903269,5775.5,0.11946796100569605,0.2151272880286135,small,1.0,False,False,0.2151272880286135,False
buglocator,technical_depth,14,679,0.0747380324277821,0.627005794172899,-0.2802912429797931,0.10401879740985022,-0.5522677617451169,3771.5,0.17187733455940302,-0.2065011571638965,small,1.0,False,False,0.2065011571638965,False
buglocator,has_context_ambiguity,14,679,0.0,0.0,0.42857142857142855,0.22238586156111928,0.0,5733.0,0.06844990305679745,0.20618556701030927,small,1.0,False,False,0.20618556701030927,False
buglocator,n_sentences,14,679,0.0422830183181212,-0.2868038552763112,0.015418783738983866,-0.013314869225815098,0.3290868735944324,5731.0,0.18616726555937824,0.20576478013885965,small,1.0,False,False,0.20576478013885965,False
buglocator,has_reproduction_ambiguity,14,679,0.0,0.0,0.42857142857142855,0.22533136966126657,0.0,5719.0,0.07377619985952308,0.203240058910162,small,1.0,False,False,0.203240058910162,False
buglocator,repair_difficulty,14,679,0.0684006013983548,0.0684006013983548,0.2749629962179797,-0.11899621039676876,0.0,5701.0,0.18451284039257976,0.1994529770671155,small,1.0,False,False,0.1994529770671155,False
buglocator,clarity,14,679,0.2638805499878769,0.7623879238337528,-0.27023449341841854,0.12218405050002117,-0.49850737384587585,3831.5,0.17701522870306274,-0.19387755102040816,small,1.0,False,False,0.19387755102040816,False
buglocator,clarity_minus_contradiction,14,679,0.2651583282742117,0.7638232023935065,-0.2691254654250326,0.12194823924142463,-0.49866487411929483,3838.0,0.18036847306051684,-0.19250999368819693,small,1.0,False,False,0.19250999368819693,False
buglocator,num_semantic_sentences,14,679,0.00723222848087245,-0.3202010835483047,-0.019497021480693027,-0.028612467421001125,0.32743331202917714,5626.0,0.23800130543710718,0.1836734693877551,small,1.0,False,False,0.1836734693877551,False
buglocator,txt_root_cause_guess_avg_sentence_len,14,679,-0.63274339371596,-0.2352066135006761,-0.19734596776588717,0.057530338056970394,-0.39753678021528394,3897.0,0.24515037803460715,-0.1800967809804334,small,1.0,False,False,0.1800967809804334,False
buglocator,has_error_ambiguity,14,679,0.0,0.0,0.35714285714285715,0.18998527245949925,0.0,5547.5,0.11747140528662829,0.16715758468335787,small,1.0,False,False,0.16715758468335787,False
buglocator,txt_root_cause_guess_hedge_density,14,679,-0.5490791258336135,-0.5490791258336135,0.29984976176404954,-0.10570661844453337,0.0,5546.0,0.12055423875922418,0.16684199452977067,small,1.0,False,False,0.16684199452977067,False
buglocator,num_modal_verbs,14,679,-0.0804807840834863,-0.5746091275372439,0.16658338764339248,-0.02517334063358119,0.4941283434537576,5511.0,0.26684009424589716,0.15947822427940248,small,1.0,False,False,0.15947822427940248,False
buglocator,num_EB,14,679,-0.673136533919824,-0.673136533919824,-0.25781460843480947,-0.02945891057363311,0.0,4031.0,0.27823101129942973,-0.1519040605933095,small,1.0,False,False,0.1519040605933095,False
buglocator,embedding_sparsity,14,679,-0.31977105279211,-0.0303305876632091,-0.19572513916543846,0.0029188324841470424,-0.28944046512890087,4037.0,0.33405759639671173,-0.15064169997896065,small,1.0,False,False,0.15064169997896065,False
buglocator,concept__json_parsing,14,679,0.0,0.0,0.2857142857142857,0.13843888070692195,0.0,5453.0,0.11801758736625999,0.14727540500736377,small,1.0,False,False,0.14727540500736377,False
buglocator,consistency_composite,14,679,-0.20666234099296393,-0.0412135828634099,-0.28938672005774096,-0.05217852265108284,-0.16544875812955404,4056.0,0.34716693299155055,-0.14664422470018934,negligible,1.0,False,False,0.14664422470018934,False
buglocator,txt_likely_impacted_code_concepts_avg_word_len,14,679,-0.1462390483573012,-0.1462390483573012,0.03804851329777696,-0.07114729533820502,0.0,5445.5,0.3476914042615047,0.14569745423942773,negligible,1.0,False,False,0.14569745423942773,False
buglocator,has_input_ambiguity,14,679,0.0,0.0,0.35714285714285715,0.21207658321060383,0.0,5442.5,0.19158569333265274,0.14506627393225333,negligible,1.0,False,False,0.14506627393225333,False
buglocator,modal_density,14,679,-0.03344632221786985,-0.4673947634391083,0.09187212163711148,0.0025997353955407253,0.43394844122123843,5405.5,0.3432383273320274,0.13728171681043552,negligible,1.0,False,False,0.13728171681043552,False
buglocator,concept_num_concepts,14,679,0.073844756085194,0.410786675927473,-0.21496260377961654,0.08228070989567818,-0.33694191984227895,4107.5,0.3532630076898873,-0.1358089627603619,negligible,1.0,False,False,0.1358089627603619,False
buglocator,concept_network_concept_breadth,14,679,0.073844756085194,0.410786675927473,-0.21496260377961654,0.08228070989567818,-0.33694191984227895,4107.5,0.3532630076898873,-0.1358089627603619,negligible,1.0,False,False,0.1358089627603619,False
buglocator,num_causal_markers,14,679,-0.1531279935599871,-0.1531279935599871,-0.023582021297991893,0.00045743747227523047,0.0,5382.0,0.3882265970106821,0.1323374710709026,negligible,1.0,False,False,0.1323374710709026,False
buglocator,technical_depth_consistency,14,679,-0.3442713921403867,-0.0252185481479084,-0.20753445900075354,-0.038375366456877,-0.3190528439924783,4136.5,0.40310386193606973,-0.1297075531243425,negligible,1.0,False,False,0.1297075531243425,False
buglocator,num_os_mentions,14,679,-0.3565391088761866,-0.3565391088761866,-0.3565391088761866,0.016531261940374607,0.0,4144.0,0.15304826243710207,-0.12812960235640647,negligible,1.0,False,False,0.12812960235640647,False
buglocator,temporal_density,14,679,-0.4256912142338764,-0.4256912142338764,0.2477253355439036,0.0015945238392554122,0.0,5356.0,0.31218676009634927,0.12686724174205766,negligible,1.0,False,False,0.12686724174205766,False
buglocator,embedding_std,14,679,0.30399089476878416,0.3853251034569154,-0.13587078117306478,-0.019611833193567758,-0.08133420868813124,4176.5,0.43724560275294266,-0.1212918156953503,negligible,1.0,False,False,0.1212918156953503,False
buglocator,exception_avg_frame_package_depth,14,679,-0.3416459317228559,-0.3416459317228559,-0.3416459317228559,0.02690929758892141,0.0,4186.0,0.17085091133735475,-0.11929307805596466,negligible,1.0,False,False,0.11929307805596466,False
buglocator,num_temporal_markers,14,679,-0.4635308650875505,-0.4635308650875505,0.5878946110897872,-0.0057240173644889855,0.0,5302.0,0.3555629487236295,0.11550599621291815,negligible,1.0,False,False,0.11550599621291815,False
buglocator,description_chars,14,679,-0.06506173414312619,-0.2839454430894317,0.12606833461556669,-0.024106517066271742,0.21888370894630552,5298.0,0.46272760789249123,0.11466442247001893,negligible,1.0,False,False,0.11466442247001893,False
buglocator,embedding_cluster,14,679,3.0,3.0,3.5714285714285716,4.023564064801178,0.0,4246.5,0.49147191157175174,-0.10656427519461392,negligible,1.0,False,False,0.10656427519461392,False
buglocator,num_OB,14,679,0.027652964705946498,-0.2886514946017978,0.04271508181583911,-0.019396741317738574,0.3163044593077443,5244.0,0.505082546179423,0.10330317694087944,negligible,1.0,False,False,0.10330317694087944,False
buglocator,completeness_score,14,679,-0.1877149484641514,-0.1877149484641514,-0.11103100425301335,0.03996521579159881,0.0,4281.0,0.5017690615174188,-0.09930570166210814,negligible,1.0,False,False,0.09930570166210814,False
buglocator,txt_reasoning_hedge_density,14,679,-0.3595077050751572,-0.3595077050751572,0.09145116332102576,-0.06247219735638836,0.0,5224.0,0.23650869383958095,0.09909530822638334,negligible,1.0,False,False,0.09909530822638334,False
buglocator,semantic_spread_pc1,14,679,0.0798991856086799,0.0972656580047233,0.2454018842409016,0.08347845180902545,-0.0173664723960434,5221.0,0.5283571758028265,0.09846412791920892,negligible,1.0,False,False,0.09846412791920892,False
buglocator,concept_network_logic_concepts,14,679,-0.5091620179301407,-0.5091620179301407,-0.1895001495303907,0.057661088923024253,0.0,4288.0,0.3957701986483968,-0.09783294761203451,negligible,1.0,False,False,0.09783294761203451,False
buglocator,causal_reasoning_consistency,14,679,-0.1368237085030645,0.1694706523550018,-0.2243363830339406,-0.03983801250235122,-0.3062943608580663,4299.0,0.536568394386852,-0.09551861981906165,negligible,1.0,False,False,0.09551861981906165,False
buglocator,concept_network_concept_diversity,14,679,-0.6994917613887949,-0.6994917613887949,-0.1713944550961694,0.049099781036318554,0.0,4301.0,0.47025869026131173,-0.09509783294761204,negligible,1.0,False,False,0.09509783294761204,False
buglocator,stacktrace_depth,14,679,-0.2020454871191189,-0.2020454871191189,-0.20204548711911888,0.014506893820526646,0.0,4305.0,0.2294903750360413,-0.09425625920471281,negligible,1.0,False,False,0.09425625920471281,False
buglocator,gunning_fog,14,679,-0.1953410393477367,-0.0459161080153374,-0.2148898649506217,0.018152189929804014,-0.14942493133239929,4305.0,0.5461488831699388,-0.09425625920471281,negligible,1.0,False,False,0.09425625920471281,False
buglocator,exception_user_frames,14,679,-0.2073567129463963,-0.2073567129463963,-0.20735671294639632,0.015328884851087075,0.0,4312.0,0.23350534169263482,-0.09278350515463918,negligible,1.0,False,False,0.09278350515463918,False
buglocator,exc_cat_assertion,14,679,-0.0715198539852151,0.0,-0.04086848799155148,-0.01416704029604039,-0.0715198539852151,4344.0,0.5248540879821006,-0.08605091521144541,negligible,1.0,False,False,0.08605091521144541,False
buglocator,exception_library_frames,14,679,-0.1983965354258864,-0.1983965354258864,-0.1983965354258864,-0.01740627048754161,0.0,4347.0,0.25480850896739426,-0.08541973490427099,negligible,1.0,False,False,0.08541973490427099,False
buglocator,concept__deserialization,14,679,0.0,0.0,0.14285714285714285,0.0662739322533137,0.0,5117.0,0.26029175654044145,0.07658321060382917,negligible,1.0,False,False,0.07658321060382917,False
buglocator,txt_title_avg_word_len,14,679,-0.3969089280843758,-0.3969089280843758,-0.10221074798551615,0.06071116405450106,0.0,4393.5,0.5989917353695369,-0.07563644014306754,negligible,1.0,False,False,0.07563644014306754,False
buglocator,num_negative_modals,14,679,-0.2577319414569243,-0.2577319414569243,-0.06717157742221493,-0.007580535748130555,0.0,5098.0,0.43236762228783554,0.07258573532505785,negligible,1.0,False,False,0.07258573532505785,False
buglocator,has_behavior_ambiguity,14,679,0.0,0.0,0.07142857142857142,0.0,0.0,5092.5,3.552288000136293e-12,0.07142857142857142,negligible,4.689020160179907e-10,True,True,0.07142857142857142,False
buglocator,exc_cat_runtime_error,14,679,-0.2204545370203559,-0.2204545370203559,-0.2204545370203559,-0.006556058369455889,0.0,4417.0,0.30384904860783524,-0.07069219440353461,negligible,1.0,False,False,0.07069219440353461,False
buglocator,has_exc_runtime_error,14,679,0.0,0.0,0.0,0.07069219440353461,0.0,4417.0,0.30352330683734874,-0.07069219440353461,negligible,1.0,False,False,0.07069219440353461,False
buglocator,txt_root_cause_guess_avg_word_len,14,679,-0.2901334006840222,-0.253063782488458,-0.1776176044301778,0.029396309021226308,-0.0370696181955642,4421.5,0.6534940200922126,-0.06974542394277299,negligible,1.0,False,False,0.06974542394277299,False
buglocator,concept_network_data_concepts,14,679,-0.2832083787067895,-0.2832083787067895,0.26167410106318567,-0.0023411210934002617,0.0,5082.0,0.3315821301753159,0.06921944035346098,negligible,1.0,False,False,0.06921944035346098,False
buglocator,num_browser_mentions,14,679,-0.390976846636182,-0.390976846636182,-0.21296939465078832,-0.016610658955560274,0.0,4431.5,0.46767451963923934,-0.06764148958552493,negligible,1.0,False,False,0.06764148958552493,False
buglocator,has_exc_type_error,14,679,0.0,0.0,0.07142857142857142,0.008836524300441826,0.0,5050.5,0.020736148104489687,0.0625920471281296,negligible,1.0,False,False,0.0625920471281296,False
buglocator,exc_cat_type_error,14,679,-0.085074295211124,-0.085074295211124,0.1263454562808062,-0.010968402935602042,0.0,5048.5,0.021610496163591477,0.06217126025667999,negligible,1.0,False,False,0.06217126025667999,False
buglocator,clarity_specificity_gap,14,679,-0.4497603897317977,-0.4497603897317977,0.15645417915609752,0.037711119270839706,0.0,5034.0,0.6073193766975753,0.059120555438670314,negligible,1.0,False,False,0.059120555438670314,False
buglocator,concept__string_manipulation,14,679,0.0,0.0,0.0,0.05743740795287187,0.0,4480.0,0.3571945393085172,-0.05743740795287187,negligible,1.0,False,False,0.05743740795287187,False
buglocator,num_env_mentions,14,679,-0.2192296649910203,-0.2192296649910203,-0.21922966499102034,-0.013355134230943177,0.0,4494.0,0.3706548050949102,-0.054491899852724596,negligible,1.0,False,False,0.054491899852724596,False
buglocator,txt_reasoning_avg_word_len,14,679,-0.1811042436224904,0.00770494202319,-0.13995664974196878,0.06555872967629507,-0.1888091856456804,4495.0,0.7283742014947369,-0.05428150641699979,negligible,1.0,False,False,0.05428150641699979,False
buglocator,concept_network_network_concepts,14,679,-0.2193996860397714,-0.2193996860397714,-0.21939968603977136,0.02471112250367296,0.0,4501.0,0.37757122951948097,-0.053019145802650956,negligible,1.0,False,False,0.053019145802650956,False
buglocator,embedding_min,14,679,0.10472108979652399,0.083351949118174,-0.024039531352164745,0.0038427305242991995,0.021369140678349982,4505.0,0.7385296953137348,-0.05217757205975174,negligible,1.0,False,False,0.05217757205975174,False
buglocator,quality_std,14,679,-0.6141221745332237,-0.6141221745332237,0.10452551892004971,0.012337999862353535,0.0,4998.0,0.679495954705814,0.05154639175257732,negligible,1.0,False,False,0.05154639175257732,False
buglocator,exc_cat_index_error,14,679,-0.1859270778535117,-0.1859270778535117,-0.18592707785351165,0.03332035896004891,0.0,4522.0,0.39950710164533143,-0.048600883652430045,negligible,1.0,False,False,0.048600883652430045,False
buglocator,has_exc_index_error,14,679,0.0,0.0,0.0,0.048600883652430045,0.0,4522.0,0.3993385679312035,-0.048600883652430045,negligible,1.0,False,False,0.048600883652430045,False
buglocator,txt_likely_impacted_code_concepts_has_code_like,14,679,0.0,0.0,0.07142857142857142,0.025036818851251842,0.0,4973.5,0.2814769680972634,0.04639175257731959,negligible,1.0,False,False,0.04639175257731959,False
buglocator,txt_reasoning_has_code_like,14,679,0.0,0.0,0.14285714285714285,0.10014727540500737,0.0,4956.0,0.6007945187665791,0.042709867452135494,negligible,1.0,False,False,0.042709867452135494,False
buglocator,txt_root_cause_guess_digit_density,14,679,-0.1710687069843892,-0.1710687069843892,-0.17106870698438922,0.014495756273018133,0.0,4557.0,0.43958696345781356,-0.041237113402061855,negligible,1.0,False,False,0.041237113402061855,False
buglocator,num_exception_types,14,679,-0.5251530779927517,-0.5251530779927517,-0.17713496678326943,0.03275224461626372,0.0,4558.0,0.7430535985585969,-0.04102671996633705,negligible,1.0,False,False,0.04102671996633705,False
buglocator,concept_network_has_cross_layer_concepts,14,679,0.0,0.0,0.0,0.033873343151693665,0.0,4592.0,0.48537574897305336,-0.033873343151693665,negligible,1.0,False,False,0.033873343151693665,False
buglocator,causal_density,14,679,-0.3323823826952766,-0.1993983796485136,-0.017006618052199527,0.03170186122209408,-0.132984003046763,4912.0,0.8295551188122217,0.03345255628024406,negligible,1.0,False,False,0.03345255628024406,False
buglocator,embedding_max,14,679,-0.06677413101899325,-0.1814653967042035,0.05182965344376075,-0.06014915404019,0.11469126568521025,4906.0,0.8370444827399048,0.032190195665895226,negligible,1.0,False,False,0.032190195665895226,False
buglocator,txt_likely_impacted_code_concepts_digit_density,14,679,-0.1486940122073022,-0.1486940122073022,-0.1486940122073022,0.030092116035938626,0.0,4606.0,0.5058178557645536,-0.030927835051546393,negligible,1.0,False,False,0.030927835051546393,False
buglocator,semantic_coherence,14,679,-0.14454200866707706,-0.2334632174496225,-0.24039237455368628,-0.08552238882104612,0.08892120878254545,4611.0,0.8486504728718604,-0.029875867872922363,negligible,1.0,False,False,0.029875867872922363,False
buglocator,num_caused_by,14,679,-0.1602391524099254,-0.1602391524099254,-0.1602391524099254,-0.0015011768082912444,0.0,4613.0,0.516486025290145,-0.029455081001472753,negligible,1.0,False,False,0.029455081001472753,False
buglocator,concept__reflection,14,679,0.0,0.0,0.0,0.029455081001472753,0.0,4613.0,0.516443538309039,-0.029455081001472753,negligible,1.0,False,False,0.029455081001472753,False
buglocator,concept__serialization,14,679,0.0,0.0,0.07142857142857142,0.044182621502209134,0.0,4882.5,0.6270244969023877,0.027245949926362298,negligible,1.0,False,False,0.027245949926362298,False
buglocator,exc_cat_null_pointer,14,679,-0.1370055848039781,-0.1370055848039781,-0.13700558480397812,0.006204597544510123,0.0,4634.0,0.5508824060436631,-0.025036818851251842,negligible,1.0,False,False,0.025036818851251842,False
buglocator,has_exc_null_pointer,14,679,0.0,0.0,0.0,0.025036818851251842,0.0,4634.0,0.5508465450962705,-0.025036818851251842,negligible,1.0,False,False,0.025036818851251842,False
buglocator,semantic_spread_pc2,14,679,0.07338729713018169,0.224767109931708,0.3452496359431197,0.08946420779721737,-0.15137981280152632,4857.0,0.8889838023195484,0.02188091731537976,negligible,1.0,False,False,0.02188091731537976,False
buglocator,concept_network_infra_concepts,14,679,-0.148431208798588,-0.148431208798588,-0.14843120879858798,-0.006460923177945392,0.0,4655.0,0.5894575688297804,-0.020618556701030927,negligible,1.0,False,False,0.020618556701030927,False
buglocator,exc_cat_io_error,14,679,-0.2063542589417555,-0.2063542589417555,0.4168132138118283,-0.0007732370024288785,0.0,4844.5,0.7585942641663492,0.01925099936881969,negligible,1.0,False,False,0.01925099936881969,False
buglocator,txt_title_hedge_density,14,679,-0.1284244317598414,-0.1284244317598414,-0.12842443175984136,0.0194003382145297,0.0,4662.0,0.6034991234763405,-0.01914580265095729,negligible,1.0,False,False,0.01914580265095729,False
buglocator,concept_network_ui_concepts,14,679,-0.1397713115629224,-0.1397713115629224,-0.1397713115629224,-0.00011578993041848093,0.0,4662.0,0.6034779629198268,-0.01914580265095729,negligible,1.0,False,False,0.01914580265095729,False
buglocator,embedding_cluster_separation,14,679,-0.2502016986912708,-0.1141967238818205,-0.12278778270857413,-0.10453743921817844,-0.13600497480945029,4663.0,0.9039224391645281,-0.018935409215232485,negligible,1.0,False,False,0.018935409215232485,False
buglocator,embedding_cluster_distance,14,679,0.1154901236220916,0.1361677803202853,0.15822517358842328,0.10055873492246825,-0.020677656698193686,4840.0,0.907128079229293,0.01830422890805807,negligible,1.0,False,False,0.01830422890805807,False
buglocator,embedding_norm,14,679,-0.0622098565876286,-0.0622098565876286,-0.062209856587628586,-0.009246552135457041,0.0,4830.0,0.8444918645812729,0.016200294550810016,negligible,1.0,False,False,0.016200294550810016,False
buglocator,has_exc_io_error,14,679,0.0,0.0,0.07142857142857142,0.055964653902798235,0.0,4826.5,0.8051770390886617,0.015463917525773196,negligible,1.0,False,False,0.015463917525773196,False
buglocator,redundancy,14,679,0.1497230225402261,-0.055527209260626,-0.0021678978945761968,0.03152348503416661,0.2052502318008521,4821.0,0.9274631603142245,0.014306753629286767,negligible,1.0,False,False,0.014306753629286767,False
buglocator,exc_cat_arithmetic,14,679,-0.0838343363887831,-0.0838343363887831,-0.0838343363887831,0.0034001011019808226,0.0,4704.0,0.7056772992850726,-0.010309278350515464,negligible,1.0,False,False,0.010309278350515464,False
buglocator,has_exc_arithmetic,14,679,0.0,0.0,0.0,0.010309278350515464,0.0,4704.0,0.7056742638411588,-0.010309278350515464,negligible,1.0,False,False,0.010309278350515464,False
buglocator,txt_title_has_code_like,14,679,0.0,0.0,0.0,0.008836524300441826,0.0,4711.0,0.7272383993398226,-0.008836524300441826,negligible,1.0,False,False,0.008836524300441826,False
buglocator,concept__html_parsing,14,679,0.0,0.0,0.07142857142857142,0.06480117820324006,0.0,4784.5,0.9219634656677719,0.0066273932253313695,negligible,1.0,False,False,0.0066273932253313695,False
buglocator,txt_root_cause_guess_has_code_like,14,679,0.0,0.0,0.0,0.005891016200294551,0.0,4725.0,0.7774310595908809,-0.005891016200294551,negligible,1.0,False,False,0.005891016200294551,False
buglocator,txt_title_question_density,14,679,-0.0586287119753727,-0.0586287119753727,-0.058628711975372685,0.01346992498992365,0.0,4732.0,0.8078988943785012,-0.004418262150220913,negligible,1.0,False,False,0.004418262150220913,False
buglocator,txt_reasoning_digit_density,14,679,-0.2000607604811334,-0.2000607604811334,-0.1503718242550614,-0.008883983761148125,0.0,4732.5,0.9515986225517851,-0.004313065432358511,negligible,1.0,False,False,0.004313065432358511,False
buglocator,has_exc_concurrency,14,679,0.0,0.0,0.0,0.0029455081001472753,0.0,4739.0,0.8446427266226741,-0.0029455081001472753,negligible,1.0,False,False,0.0029455081001472753,False
buglocator,exc_cat_concurrency,14,679,-0.0438160519933849,-0.0438160519933849,-0.0438160519933849,0.010066721812913246,0.0,4739.0,0.8446428867714453,-0.0029455081001472753,negligible,1.0,False,False,0.0029455081001472753,False
buglocator,has_exc_assertion,14,679,0.0,0.0,0.0,0.0014727540500736377,0.0,4746.0,0.893928380227788,-0.0014727540500736377,negligible,1.0,False,False,0.0014727540500736377,False
buglocator,txt_likely_impacted_code_concepts_question_density,14,679,0.0,0.0,0.0,0.0,0.0,4753.0,1.0,0.0,negligible,1.0,False,False,0.0,False
buglocator,txt_root_cause_guess_exclaim_density,14,679,0.0,0.0,0.0,0.0,0.0,4753.0,1.0,0.0,negligible,1.0,False,False,0.0,False
buglocator,txt_root_cause_guess_line_count,14,679,0.0346271680532231,0.0346271680532231,0.03462716805322309,0.0346271680532231,0.0,4753.0,1.0,0.0,negligible,1.0,False,False,0.0,False
buglocator,txt_likely_impacted_code_concepts_line_count,14,679,0.0,0.0,0.0,0.0,0.0,4753.0,1.0,0.0,negligible,1.0,False,False,0.0,False
buglocator,txt_title_exclaim_density,14,679,0.0,0.0,0.0,0.0,0.0,4753.0,1.0,0.0,negligible,1.0,False,False,0.0,False
buglocator,txt_likely_impacted_code_concepts_hedge_density,14,679,0.0,0.0,0.0,0.0,0.0,4753.0,1.0,0.0,negligible,1.0,False,False,0.0,False
buglocator,txt_reasoning_line_count,14,679,0.0,0.0,0.0,0.0,0.0,4753.0,1.0,0.0,negligible,1.0,False,False,0.0,False
buglocator,num_S2R,14,679,0.0,0.0,0.0,0.0,0.0,4753.0,1.0,0.0,negligible,1.0,False,False,0.0,False
buglocator,behavior_verb_count,14,679,0.0,0.0,0.0,0.0,0.0,4753.0,1.0,0.0,negligible,1.0,False,False,0.0,False
buglocator,txt_reasoning_exclaim_density,14,679,-0.0346271680532221,-0.0346271680532221,-0.03462716805322209,-0.03462716805322209,0.0,4753.0,1.0,0.0,negligible,1.0,False,False,0.0,False
buglocator,txt_title_line_count,14,679,0.0,0.0,0.0,0.0,0.0,4753.0,1.0,0.0,negligible,1.0,False,False,0.0,False
buglocator,txt_likely_impacted_code_concepts_exclaim_density,14,679,0.0,0.0,0.0,0.0,0.0,4753.0,1.0,0.0,negligible,1.0,False,False,0.0,False
buglocator,txt_reasoning_question_density,14,679,0.0,0.0,0.0,0.0,0.0,4753.0,1.0,0.0,negligible,1.0,False,False,0.0,False
buglocator,txt_root_cause_guess_question_density,14,679,0.0,0.0,0.0,0.0,0.0,4753.0,1.0,0.0,negligible,1.0,False,False,0.0,False
buglocator,behavior_verb_density,14,679,0.0,0.0,0.0,0.0,0.0,4753.0,1.0,0.0,negligible,1.0,False,False,0.0,False
flexfl,description_length,83,610,-1.0231586669890729,-0.030546643430189202,-0.5212156339749112,0.13072091412487866,-0.9926120235588837,12889.0,3.1779495551568645e-13,-0.49085522417539007,large,3.8453189617398064e-11,True,True,0.49085522417539007,True
flexfl,actionability,83,610,-1.6812479388132866,0.3430376111637781,-0.7178831288844424,0.22440120393151577,-2.0242855499770647,13352.0,1.297802623110432e-13,-0.47256567252617027,medium,1.6092752526569357e-11,True,True,0.47256567252617027,True
flexfl,causal_reasoning_quality,83,610,-1.6524086752429987,0.3479700762291345,-0.6883707227263082,0.2241761452978673,-2.0003787514721334,13367.0,1.2458011885880631e-13,-0.4719731384554612,medium,1.557251485735079e-11,True,True,0.4719731384554612,True
flexfl,actionability_depth_product,83,610,-1.4274451926160137,0.3490492436531938,-0.6609306504607004,0.1967002843133038,-1.7764944362692074,13501.5,2.466561771507075e-12,-0.4666600829547699,medium,2.9105428903783486e-10,True,True,0.4666600829547699,True
flexfl,quality_composite,83,610,-1.7059212302139908,0.5004144011422426,-0.7101052408993608,0.22385732452583715,-2.2063356313562332,13518.5,1.0670261973052544e-12,-0.4659885443412996,medium,1.2697611747932528e-10,True,True,0.4659885443412996,True
flexfl,reasoning_composite,83,610,-0.8421210435331218,0.7333182500071839,-0.6776173421995959,0.21764167250410013,-1.5754392935403057,13657.5,8.099595462180197e-13,-0.46049772861939564,medium,9.719514554616237e-11,True,True,0.46049772861939564,True
flexfl,clarity,83,610,-1.7301489453956265,0.7623879238337528,-0.7031036330143643,0.2254709654456537,-2.4925368692293794,13756.0,2.1157338812850445e-13,-0.4566067548884061,medium,2.602352673980605e-11,True,True,0.4566067548884061,True
flexfl,clarity_minus_contradiction,83,610,-1.7295011682029673,0.7638232023935065,-0.7021313673065891,0.22510164166462907,-2.493324370596474,13784.5,2.507413980269751e-13,-0.4554809401540589,medium,3.059045055929096e-11,True,True,0.4554809401540589,True
flexfl,technical_depth,83,610,-1.5820652528075685,0.627005794172899,-0.6837984114149085,0.20239336751968623,-2.2090710469804673,13969.5,7.588772551423428e-12,-0.44817301994864706,medium,8.802976159651176e-10,True,True,0.44817301994864706,True
flexfl,specificity,83,610,-1.6614570375157598,0.3779646843889213,-0.690888868657508,0.21581394092600814,-2.039421721904681,14021.5,4.185374280733046e-12,-0.4461189018368556,medium,4.896887908457664e-10,True,True,0.4461189018368556,True
flexfl,technical_completeness,83,610,-1.7027986871133822,0.6863970062505214,-0.6889097516430243,0.21508572466343426,-2.3891956933639036,14247.0,2.923637896527359e-11,-0.4372111396405293,medium,3.3329472020411894e-09,True,True,0.4372111396405293,True
flexfl,repair_difficulty,83,610,1.5143373651357288,0.0684006013983548,0.6345806594882903,-0.21249039286865964,1.445936763737374,36349.5,2.1420021611662088e-11,0.4358878135492791,medium,2.4633024853411402e-09,True,True,0.4358878135492791,True
flexfl,summary_chars,83,610,-0.8058683276097268,0.0380179849881169,-0.5588626244893091,0.15227221670338903,-0.8438863125978437,15079.5,1.4318073948858393e-10,-0.4043254987161762,medium,1.60362428227214e-08,True,True,0.4043254987161762,True
flexfl,ambiguity_category_coverage,83,610,1.7196805628142326,-0.6218331264640132,0.6829260076217564,-0.22358387193513124,2.341513689278246,35465.5,3.1081250641071045e-15,0.4009678056488248,medium,4.009481332698165e-13,True,True,0.4009678056488248,True
flexfl,ambiguity_type_count,83,610,1.7403303232807357,-0.6117211791839219,0.6871024416549953,-0.22356841757500037,2.3520515024646578,35437.0,3.744066800723388e-15,0.3998419909144776,medium,4.754964836918702e-13,True,True,0.3998419909144776,True
flexfl,has_input_ambiguity,83,610,1.0,0.0,0.5662650602409639,0.16721311475409836,1.0,35417.0,1.0761290984566208e-16,0.3990519454868655,medium,1.4204904099627395e-14,True,True,0.3990519454868655,True
flexfl,txt_title_avg_sentence_len,83,610,-0.70287777031615,-0.2763022323795812,-0.475028185795814,0.14440914066778934,-0.42657553793656877,15296.5,3.4323270563887694e-10,-0.39575350582658503,medium,3.8098830325915343e-08,True,True,0.39575350582658503,True
flexfl,expected_observed_alignment,83,610,-1.719935307046086,0.7027131095927159,-0.6574726279418404,0.21500618243985548,-2.4226484166388023,15519.5,7.127037191850394e-11,-0.3869444993087103,medium,8.053552026790946e-09,True,True,0.3869444993087103,True
flexfl,has_context_ambiguity,83,610,1.0,0.0,0.5662650602409639,0.18032786885245902,1.0,35085.0,3.4229637471732132e-15,0.38593719138850485,medium,4.381393596381713e-13,True,True,0.38593719138850485,True
flexfl,txt_root_cause_guess_hedge_density,83,610,1.8279217594398431,-0.5490791258336135,0.7110177290101468,-0.2075268340442354,2.3770008852734565,35027.0,1.6755383974694812e-16,0.3836460596484298,medium,2.1781999167103257e-14,True,True,0.3836460596484298,True
flexfl,has_reproduction_ambiguity,83,610,1.0,0.0,0.5662650602409639,0.18360655737704917,1.0,35002.0,7.67777381722213e-15,0.3826585028639147,medium,9.673995009699884e-13,True,True,0.3826585028639147,True
flexfl,has_error_ambiguity,83,610,1.0,0.0,0.5301204819277109,0.14754098360655737,1.0,35000.0,1.2990184153792875e-16,0.38257949832115346,medium,1.7017141241468667e-14,True,True,0.38257949832115346,True
flexfl,txt_title_digit_density,83,610,-0.6450552541976357,0.08292531332722669,-0.3898955645167934,0.12172182757293903,-0.7279805675248623,15853.5,2.542444379863266e-09,-0.3737507406675884,medium,2.796688817849593e-07,True,True,0.3737507406675884,True
flexfl,txt_root_cause_guess_avg_sentence_len,83,610,-1.030280173931244,0.0298179066428465,-0.35973620730305417,0.10845632983297371,-1.0600980805740905,16793.0,5.270171913326676e-07,-0.33663835670551057,medium,5.53368050899301e-05,True,True,0.33663835670551057,True
flexfl,txt_likely_impacted_code_concepts_avg_sentence_len,83,610,-1.5749357960409722,0.4260181358690711,-0.5583869109541428,0.18291498967890749,-2.0009539319100433,16826.5,4.6998624502610394e-07,-0.3353150306142603,medium,4.9818541972767016e-05,True,True,0.3353150306142603,True
flexfl,concept_network_concept_breadth,83,610,-1.610864843126201,0.410786675927473,-0.5635032127730926,0.163327692174455,-2.021651519053674,16966.5,1.9305558090605726e-07,-0.3297847126209757,small,2.0850002737854186e-05,True,True,0.3297847126209757,True
flexfl,concept_num_concepts,83,610,-1.610864843126201,0.410786675927473,-0.5635032127730926,0.163327692174455,-2.021651519053674,16966.5,1.9305558090605726e-07,-0.3297847126209757,small,2.0850002737854186e-05,True,True,0.3297847126209757,True
flexfl,embedding_cluster_separation,83,610,0.4871048293485087,-0.1643700458696773,0.3937237717643435,-0.1727524971204979,0.651474875218186,33556.5,1.464574861417123e-06,0.32555796958325106,small,0.0001523157855873808,True,True,0.32555796958325106,True
flexfl,txt_reasoning_avg_word_len,83,610,-0.4569332873030999,0.0631565920651391,-0.3890771182968722,0.12270227077451995,-0.520089879368239,17420.5,3.964435498245448e-06,-0.3118506814141813,small,0.0004083368563192811,True,True,0.3118506814141813,True
flexfl,txt_title_avg_word_len,83,610,-0.3969089280843758,-0.3969089280843758,-0.3859024873699951,0.11774071536544027,0.0,18146.0,5.36991167852167e-06,-0.2831917835275528,small,0.0005477309912092104,True,True,0.2831917835275528,True
flexfl,embedding_cluster_distance,83,610,-0.2372713073986377,0.1735256216209151,-0.30970210492541467,0.15770460352689064,-0.4107969290195528,18202.5,3.235474810593246e-05,-0.28095990519454866,small,0.003267829558699179,True,True,0.28095990519454866,True
flexfl,num_versions,83,610,-0.3124943305803233,-0.0494572680454745,-0.14928458695930266,0.047564599282953306,-0.26303706253484876,18443.5,3.482356406564733e-05,-0.271439857791823,small,0.0034823564065647327,True,True,0.271439857791823,True
flexfl,embedding_cluster_size,83,610,0.2581289648717365,-0.3736032879542836,0.4954866430865999,-0.1261268765861305,0.6317322528260201,31669.5,0.00018158014247621586,0.2510171834880506,small,0.01797643410514537,True,True,0.2510171834880506,True
flexfl,txt_reasoning_hedge_density,83,610,-0.3595077050751572,-0.3595077050751572,0.40003710534674325,-0.12187112370864438,0.0,30208.0,9.622719318151374e-08,0.19328461386529724,small,1.0488764056784997e-05,True,True,0.19328461386529724,False
flexfl,embedding_max,83,610,0.2064326972897155,-0.21771179989034825,0.24330453440558705,-0.09886874885367226,0.42414449718006375,30137.5,0.004833001491639471,0.19049970373296465,small,0.4736341461806682,False,False,0.19049970373296465,False
flexfl,semantic_coherence,83,610,-0.0502588528064128,-0.26595672849531526,0.16588926615742292,-0.12328525302345579,0.21569787568890247,29771.5,0.009212100527574341,0.17604187240766345,small,0.8567253490644137,False,False,0.17604187240766345,False
flexfl,concept_network_concept_diversity,83,610,-0.6994917613887949,-0.6994917613887949,-0.16503183694806547,0.07317519904754649,0.0,21489.0,0.008027142908104442,-0.15113569030219237,small,0.762578576269922,False,False,0.15113569030219237,False
flexfl,causal_reasoning_consistency,83,610,0.1694706523550018,-0.4431180693611308,0.16209006534637385,-0.07154786110708308,0.6125887217161325,29067.5,0.026724154289353784,0.14823227335571795,small,1.0,False,False,0.14823227335571795,False
flexfl,consistency_composite,83,610,0.1242351752661446,-0.0412135828634099,0.13021525086118843,-0.08244015865962666,0.1654487581295545,28659.5,0.05049450281002654,0.13211534663243135,negligible,1.0,False,False,0.13211534663243135,False
flexfl,description_chars,83,610,-0.3804355988083652,-0.2593372154564152,-0.14688370091149816,-0.003954133160206967,-0.12109838335195,22435.0,0.09241955594826884,-0.11376654157614063,negligible,1.0,False,False,0.11376654157614063,False
flexfl,num_causal_markers,83,610,-0.4554019288379759,-0.1531279935599871,-0.10942573785714535,0.014857029487944397,-0.30227393527798885,22508.5,0.09507914818329617,-0.1108631246296662,negligible,1.0,False,False,0.1108631246296662,False
flexfl,txt_reasoning_avg_sentence_len,83,610,-0.1307782368282674,-0.0140365238068689,-0.11061802132658012,0.010950698687471765,-0.11674171302139849,22578.5,0.1095708267889055,-0.1080979656330239,negligible,1.0,False,False,0.1080979656330239,False
flexfl,embedding_min,83,610,0.1591950626276781,0.0591182484065114,0.17875728075677516,-0.020597038878268015,0.10007681422116671,28003.5,0.11621583340652879,0.1062018566067549,negligible,1.0,False,False,0.1062018566067549,False
flexfl,completeness_score,83,610,-0.1877149484641514,-0.1877149484641514,-0.13597638369519083,0.060439323458449594,0.0,22672.5,0.10291158041408723,-0.10438475212324709,negligible,1.0,False,False,0.10438475212324709,False
flexfl,gunning_fog,83,610,-0.1906223573056608,-0.03805163794521125,-0.0698929163927056,0.024783591661676724,-0.15257071936044955,22685.5,0.1244447028278914,-0.10387122259529923,negligible,1.0,False,False,0.10387122259529923,False
flexfl,concept_network_logic_concepts,83,610,-0.5091620179301407,-0.5091620179301407,-0.15868936703402928,0.08142638483464332,0.0,22689.0,0.03753971245986659,-0.10373296464546712,negligible,1.0,False,False,0.10373296464546712,False
flexfl,quality_std,83,610,-0.6141221745332237,-0.6141221745332237,-0.1777385148941275,0.04031664902890385,0.0,22774.0,0.0628666311101263,-0.10037527157811574,negligible,1.0,False,False,0.10037527157811574,False
flexfl,num_negative_modals,83,610,-0.2577319414569243,-0.2577319414569243,-0.17201804277464536,0.013426084743285082,0.0,22832.0,0.01422313361233948,-0.0980841398380407,negligible,1.0,False,False,0.0980841398380407,False
flexfl,txt_likely_impacted_code_concepts_avg_word_len,83,610,-0.1462390483573012,-0.1462390483573012,-0.2370482857019576,-0.046067748582311205,0.0,22989.5,0.17158158085751107,-0.0918625320955955,negligible,1.0,False,False,0.0918625320955955,False
flexfl,embedding_std,83,610,0.4601388481539382,0.36816598769221986,-0.0017845480382025123,-0.02470575112735181,0.09197286046171832,27614.0,0.17919216800982363,0.09081572190400948,negligible,1.0,False,False,0.09081572190400948,False
flexfl,stacktrace_depth,83,610,-0.2020454871191189,-0.2020454871191189,-0.1624185985143895,0.03361030780518733,0.0,23024.0,0.007695859067978723,-0.09049970373296465,negligible,0.7388024705259574,False,False,0.09049970373296465,False
flexfl,ambiguity,83,610,-0.5855868655187282,-0.5855868655187282,-0.13719172708608654,0.01386062908517324,0.0,23055.0,0.13580800695149706,-0.08927513332016591,negligible,1.0,False,False,0.08927513332016591,False
flexfl,exception_user_frames,83,610,-0.2073567129463963,-0.2073567129463963,-0.14663240736226327,0.03225542400607611,0.0,23070.0,0.00852900626387617,-0.08868259924945684,negligible,0.80172658880436,False,False,0.08868259924945684,False
flexfl,redundancy,83,610,0.1071055567117356,-0.06401482738346025,0.06429603871693018,0.026291023859294865,0.17112038409519587,27551.5,0.19130930229085963,0.08834682994272171,negligible,1.0,False,False,0.08834682994272171,False
flexfl,causal_density,83,610,-0.3323823826952766,-0.1993983796485136,-0.01123111437017295,0.036425661655402335,-0.132984003046763,23190.0,0.21119409264230238,-0.08394232668378432,negligible,1.0,False,False,0.08394232668378432,False
flexfl,semantic_entropy,83,610,0.3415565750881521,0.31742205487199115,-0.14084149757120373,0.05883259334944595,0.02413452021616097,23276.5,0.23365174312296322,-0.08052538020936204,negligible,1.0,False,False,0.08052538020936204,False
flexfl,txt_root_cause_guess_avg_word_len,83,610,-0.2901334006840222,-0.20260791327782857,-0.16346238813469893,0.050886599309131454,-0.08752548740619365,23298.5,0.23612334856904293,-0.07965633023898874,negligible,1.0,False,False,0.07965633023898874,False
flexfl,clarity_specificity_gap,83,610,-0.4497603897317977,-0.4497603897317977,-0.11743794534144554,0.06154681632200902,0.0,23322.0,0.11370312734825162,-0.07872802686154454,negligible,1.0,False,False,0.07872802686154454,False
flexfl,exception_avg_frame_package_depth,83,610,-0.3416459317228559,-0.3416459317228559,-0.192029365115178,0.048240667743143346,0.0,23322.0,0.036877298228243316,-0.07872802686154454,negligible,1.0,False,False,0.07872802686154454,False
flexfl,num_temporal_markers,83,610,-0.4635308650875505,-0.4635308650875505,-0.10883311408796673,0.02192961513782005,0.0,23332.5,0.14803112005874328,-0.0783132530120482,negligible,1.0,False,False,0.0783132530120482,False
flexfl,n_sentences,83,610,-0.2868038552763112,-0.2868038552763112,-0.1055511882363484,-0.00010522066945204885,0.0,23519.0,0.2927104491375395,-0.07094607939956547,negligible,1.0,False,False,0.07094607939956547,False
flexfl,temporal_density,83,610,-0.4256912142338764,-0.4256912142338764,-0.020319670838978208,0.010225195187056174,0.0,23612.0,0.21592468393991004,-0.06727236816116927,negligible,1.0,False,False,0.06727236816116927,False
flexfl,txt_reasoning_has_code_like,83,610,0.0,0.0,0.04819277108433735,0.10819672131147541,0.0,23796.0,0.08909270845572334,-0.06000395022713806,negligible,1.0,False,False,0.06000395022713806,False
flexfl,exception_library_frames,83,610,-0.1983965354258864,-0.1983965354258864,-0.020112014589462986,-0.02119198679684875,0.0,23996.5,0.10876083314102775,-0.052083744815326884,negligible,1.0,False,False,0.052083744815326884,False
flexfl,txt_root_cause_guess_digit_density,83,610,-0.1710687069843892,-0.1710687069843892,-0.17106870698438922,0.03548583490377405,0.0,24153.0,0.04662501499937898,-0.04590163934426229,negligible,1.0,False,False,0.04590163934426229,False
flexfl,exc_cat_runtime_error,83,610,-0.2204545370203559,-0.2204545370203559,0.10509786870440985,-0.02665745943215007,0.0,26462.0,0.127881387492547,0.04530910527355323,negligible,1.0,False,False,0.04530910527355323,False
flexfl,num_exception_types,83,610,-0.5251530779927517,-0.5251530779927517,-0.05553827732453465,0.039948461602317464,0.0,24184.0,0.40902947940980494,-0.04467706893146356,negligible,1.0,False,False,0.04467706893146356,False
flexfl,has_exc_runtime_error,83,610,0.0,0.0,0.10843373493975904,0.06393442622950819,0.0,26441.5,0.13457700480571186,0.04449930871025084,negligible,1.0,False,False,0.04449930871025084,False
flexfl,concept_network_has_cross_layer_concepts,83,610,0.0,0.0,0.07228915662650602,0.027868852459016394,0.0,26439.5,0.03425024534312749,0.044420304167489634,negligible,1.0,False,False,0.044420304167489634,False
flexfl,technical_depth_consistency,83,610,-0.3442713921403867,-0.0252185481479084,-0.0021544871364042534,-0.04718612101296475,-0.3190528439924783,26405.0,0.5216791232138913,0.04305747580485878,negligible,1.0,False,False,0.04305747580485878,False
flexfl,embedding_sparsity,83,610,-0.0303305876632091,-0.0303305876632091,-0.06520293285946219,0.007628817599598468,0.0,24259.5,0.537124448717056,-0.04169464744222793,negligible,1.0,False,False,0.04169464744222793,False
flexfl,txt_reasoning_digit_density,83,610,-0.2000607604811334,-0.2000607604811334,-0.16387039457298586,0.008957069239618682,0.0,24278.0,0.17286008075011605,-0.04096385542168675,negligible,1.0,False,False,0.04096385542168675,False
flexfl,exc_cat_index_error,83,610,-0.1859270778535117,-0.1859270778535117,-0.13468129141757101,0.051147691527184326,0.0,24292.0,0.10535797231155855,-0.04041082362235829,negligible,1.0,False,False,0.04041082362235829,False
flexfl,has_exc_index_error,83,610,0.0,0.0,0.012048192771084338,0.05245901639344262,0.0,24292.0,0.10523352401869975,-0.04041082362235829,negligible,1.0,False,False,0.04041082362235829,False
flexfl,num_modal_verbs,83,610,-0.5746091275372439,-0.5746091275372439,-0.1102475517614235,-0.009196695191796691,0.0,24350.5,0.5403464078294034,-0.03809994074659293,negligible,1.0,False,False,0.03809994074659293,False
flexfl,semantic_spread_pc1,83,610,0.0155678912605658,0.11195441955741235,-0.052742632387949205,0.10572972728836175,-0.09638652829684655,24373.5,0.582374765888996,-0.03719138850483903,negligible,1.0,False,False,0.03719138850483903,False
flexfl,num_browser_mentions,83,610,-0.390976846636182,-0.390976846636182,0.08942880691475992,-0.03554557365551073,0.0,26231.0,0.3694403981366169,0.03618408058463362,negligible,1.0,False,False,0.03618408058463362,False
flexfl,embedding_mean,83,610,0.0441602943640204,0.0503158042304711,-0.0872127481425128,-0.004807196225366516,-0.006155509866450699,24572.5,0.6645629373259992,-0.029330436500098755,negligible,1.0,False,False,0.029330436500098755,False
flexfl,modal_density,83,610,-0.4673947634391083,-0.4673947634391083,0.019465905192150468,0.0023537047631856096,0.0,24605.0,0.6549474470563668,-0.028046612680229115,negligible,1.0,False,False,0.028046612680229115,False
flexfl,semantic_spread_pc2,83,610,0.2649173167952651,0.2221076287518544,-0.051284966726771644,0.11448581022268248,0.042809688043410676,24653.0,0.6990672220533737,-0.026150503653960103,negligible,1.0,False,False,0.026150503653960103,False
flexfl,concept__json_parsing,83,610,0.0,0.0,0.12048192771084337,0.14426229508196722,0.0,24713.0,0.5602775726755731,-0.02378036737112384,negligible,1.0,False,False,0.02378036737112384,False
flexfl,concept__serialization,83,610,0.0,0.0,0.024096385542168676,0.047540983606557376,0.0,24721.5,0.33310161545473527,-0.023444598064388703,negligible,1.0,False,False,0.023444598064388703,False
flexfl,exc_cat_io_error,83,610,-0.2063542589417555,-0.2063542589417555,-0.10124167317609076,0.022481009741527693,0.0,24722.5,0.38631684027309277,-0.023405095793008097,negligible,1.0,False,False,0.023405095793008097,False
flexfl,concept_network_infra_concepts,83,610,-0.148431208798588,-0.148431208798588,-0.14843120879858795,0.009598010769307637,0.0,24734.0,0.1638805062368366,-0.022950819672131147,negligible,1.0,False,False,0.022950819672131147,False
flexfl,has_exc_io_error,83,610,0.0,0.0,0.03614457831325301,0.05901639344262295,0.0,24736.0,0.39701919490876125,-0.02287181512936994,negligible,1.0,False,False,0.02287181512936994,False
flexfl,concept__string_manipulation,83,610,0.0,0.0,0.03614457831325301,0.05901639344262295,0.0,24736.0,0.39701919490876125,-0.02287181512936994,negligible,1.0,False,False,0.02287181512936994,False
flexfl,concept_network_network_concepts,83,610,-0.2193996860397714,-0.2193996860397714,0.09591655809656097,0.009419970907250157,0.0,25894.0,0.3791519264558735,0.02287181512936994,negligible,1.0,False,False,0.02287181512936994,False
flexfl,txt_title_hedge_density,83,610,-0.1284244317598414,-0.1284244317598414,-0.12842443175984136,0.0361215007198274,0.0,24775.5,0.18013347329938623,-0.021311475409836064,negligible,1.0,False,False,0.021311475409836064,False
flexfl,num_env_mentions,83,610,-0.2192296649910203,-0.2192296649910203,0.021370690234612046,-0.02280511269206146,0.0,25849.5,0.4229327686105292,0.021113964052933042,negligible,1.0,False,False,0.021113964052933042,False
flexfl,txt_likely_impacted_code_concepts_digit_density,83,610,-0.1486940122073022,-0.1486940122073022,-0.10290950878063829,0.04408577023982472,0.0,24783.0,0.29557432490504576,-0.021015208374481533,negligible,1.0,False,False,0.021015208374481533,False
flexfl,concept__deserialization,83,610,0.0,0.0,0.08433734939759036,0.06557377049180328,0.0,25790.0,0.5243056999433473,0.018763578905787084,negligible,1.0,False,False,0.018763578905787084,False
flexfl,concept_network_data_concepts,83,610,-0.2832083787067895,-0.2832083787067895,-0.05343865832186025,0.010670860382262679,0.0,24889.5,0.5862359192948656,-0.016808216472447166,negligible,1.0,False,False,0.016808216472447166,False
flexfl,exc_cat_type_error,83,610,-0.085074295211124,-0.085074295211124,0.1288926822023959,-0.026847216111707147,0.0,25720.0,0.17230519163749025,0.015998419909144777,negligible,1.0,False,False,0.015998419909144777,False
flexfl,embedding_cluster,83,610,3.0,4.0,3.891566265060241,4.031147540983606,-1.0,24910.5,0.8118734031608571,-0.015978668773454472,negligible,1.0,False,False,0.015978668773454472,False
flexfl,has_exc_type_error,83,610,0.0,0.0,0.024096385542168676,0.00819672131147541,0.0,25717.5,0.1749657027332996,0.015899664230693264,negligible,1.0,False,False,0.015899664230693264,False
flexfl,txt_likely_impacted_code_concepts_has_code_like,83,610,0.0,0.0,0.012048192771084338,0.027868852459016394,0.0,24914.5,0.3961605677250667,-0.015820659687932056,negligible,1.0,False,False,0.015820659687932056,False
flexfl,has_exc_null_pointer,83,610,0.0,0.0,0.03614457831325301,0.022950819672131147,0.0,25649.0,0.4669770443306184,0.013193758641121864,negligible,1.0,False,False,0.013193758641121864,False
flexfl,exc_cat_null_pointer,83,610,-0.1370055848039781,-0.1370055848039781,0.0008253348482168009,0.0036497389394503236,0.0,25641.5,0.4770942046602764,0.012897491605767331,negligible,1.0,False,False,0.012897491605767331,False
flexfl,exc_cat_assertion,83,610,0.0,0.0,0.1339920155988067,-0.03493920735671164,0.0,25638.0,0.827799551991883,0.012759233655935216,negligible,1.0,False,False,0.012759233655935216,False
flexfl,has_exc_assertion,83,610,0.0,0.0,0.012048192771084338,0.0,0.0,25620.0,0.006798982180250905,0.012048192771084338,negligible,0.6595012714843378,False,False,0.012048192771084338,False
flexfl,exc_cat_arithmetic,83,610,-0.0838343363887831,-0.0838343363887831,-0.08383433638878311,0.013267603047657402,0.0,25024.5,0.32782656662624265,-0.011475409836065573,negligible,1.0,False,False,0.011475409836065573,False
flexfl,has_exc_arithmetic,83,610,0.0,0.0,0.0,0.011475409836065573,0.0,25024.5,0.32782133383827095,-0.011475409836065573,negligible,1.0,False,False,0.011475409836065573,False
flexfl,num_semantic_sentences,83,610,-0.2266487086828255,-0.3202010835483047,-0.08675582279911709,-0.02049195145452909,0.09355237486547918,25064.0,0.8832919715374934,-0.0099150701165317,negligible,1.0,False,False,0.0099150701165317,False
flexfl,txt_title_has_code_like,83,610,0.0,0.0,0.0,0.009836065573770493,0.0,25066.0,0.3654621864183616,-0.009836065573770493,negligible,1.0,False,False,0.009836065573770493,False
flexfl,embedding_norm,83,610,-0.0622098565876286,-0.0622098565876286,-0.014067843571531563,-0.009806091599614777,0.0,25089.5,0.8026020980392466,-0.008907762196326288,negligible,1.0,False,False,0.008907762196326288,False
flexfl,concept__html_parsing,83,610,0.0,0.0,0.07228915662650602,0.06393442622950819,0.0,25526.5,0.7726476035331868,0.008354730396997828,negligible,1.0,False,False,0.008354730396997828,False
flexfl,num_os_mentions,83,610,-0.3565391088761866,-0.3565391088761866,0.021026085685152452,0.007357400362918194,0.0,25509.5,0.8435235576288256,0.0076831917835275525,negligible,1.0,False,False,0.0076831917835275525,False
flexfl,concept_network_ui_concepts,83,610,-0.1397713115629224,-0.1397713115629224,-0.051887994428102976,0.0037234160867171766,0.0,25122.0,0.6321361819034717,-0.0076239383764566465,negligible,1.0,False,False,0.0076239383764566465,False
flexfl,num_OB,83,610,-0.2886514946017978,-0.2886514946017978,-0.06253826666292837,-0.012101147666065072,0.0,25132.0,0.914427725121742,-0.007228915662650603,negligible,1.0,False,False,0.007228915662650603,False
flexfl,txt_root_cause_guess_has_code_like,83,610,0.0,0.0,0.012048192771084338,0.004918032786885246,0.0,25495.5,0.42272641533255206,0.007130159984199092,negligible,1.0,False,False,0.007130159984199092,False
flexfl,concept__reflection,83,610,0.0,0.0,0.024096385542168676,0.029508196721311476,0.0,25178.0,0.7832400878989816,-0.0054118111791428,negligible,1.0,False,False,0.0054118111791428,False
flexfl,num_caused_by,83,610,-0.1602391524099254,-0.1602391524099254,0.01887690148871953,-0.00791709837726628,0.0,25189.0,0.8003421361563567,-0.004977286193956152,negligible,1.0,False,False,0.004977286193956152,False
flexfl,num_EB,83,610,-0.673136533919824,-0.673136533919824,-0.030972110981146914,-0.03449396653467052,0.0,25189.0,0.9348657602125038,-0.004977286193956152,negligible,1.0,False,False,0.004977286193956152,False
flexfl,txt_title_question_density,83,610,-0.0586287119753727,-0.0586287119753727,-0.05862871197537268,0.021625344581080123,0.0,25190.5,0.5239573893113001,-0.004918032786885246,negligible,1.0,False,False,0.004918032786885246,False
flexfl,has_exc_concurrency,83,610,0.0,0.0,0.0,0.003278688524590164,0.0,25232.0,0.6038343643919248,-0.003278688524590164,negligible,1.0,False,False,0.003278688524590164,False
flexfl,exc_cat_concurrency,83,610,-0.0438160519933849,-0.0438160519933849,-0.04381605199338489,0.016161658522150263,0.0,25232.0,0.6038347422336954,-0.003278688524590164,negligible,1.0,False,False,0.003278688524590164,False
flexfl,has_behavior_ambiguity,83,610,0.0,0.0,0.0,0.001639344262295082,0.0,25273.5,0.7155395882992154,-0.001639344262295082,negligible,1.0,False,False,0.001639344262295082,False
flexfl,txt_root_cause_guess_line_count,83,610,0.0346271680532231,0.0346271680532231,0.0346271680532231,0.0346271680532231,0.0,25315.0,1.0,0.0,negligible,1.0,False,False,0.0,False
flexfl,txt_likely_impacted_code_concepts_line_count,83,610,0.0,0.0,0.0,0.0,0.0,25315.0,1.0,0.0,negligible,1.0,False,False,0.0,False
flexfl,txt_root_cause_guess_exclaim_density,83,610,0.0,0.0,0.0,0.0,0.0,25315.0,1.0,0.0,negligible,1.0,False,False,0.0,False
flexfl,num_S2R,83,610,0.0,0.0,0.0,0.0,0.0,25315.0,1.0,0.0,negligible,1.0,False,False,0.0,False
flexfl,txt_title_exclaim_density,83,610,0.0,0.0,0.0,0.0,0.0,25315.0,1.0,0.0,negligible,1.0,False,False,0.0,False
flexfl,txt_likely_impacted_code_concepts_question_density,83,610,0.0,0.0,0.0,0.0,0.0,25315.0,1.0,0.0,negligible,1.0,False,False,0.0,False
flexfl,behavior_verb_density,83,610,0.0,0.0,0.0,0.0,0.0,25315.0,1.0,0.0,negligible,1.0,False,False,0.0,False
flexfl,txt_title_line_count,83,610,0.0,0.0,0.0,0.0,0.0,25315.0,1.0,0.0,negligible,1.0,False,False,0.0,False
flexfl,txt_likely_impacted_code_concepts_hedge_density,83,610,0.0,0.0,0.0,0.0,0.0,25315.0,1.0,0.0,negligible,1.0,False,False,0.0,False
flexfl,behavior_verb_count,83,610,0.0,0.0,0.0,0.0,0.0,25315.0,1.0,0.0,negligible,1.0,False,False,0.0,False
flexfl,txt_reasoning_line_count,83,610,0.0,0.0,0.0,0.0,0.0,25315.0,1.0,0.0,negligible,1.0,False,False,0.0,False
flexfl,txt_root_cause_guess_question_density,83,610,0.0,0.0,0.0,0.0,0.0,25315.0,1.0,0.0,negligible,1.0,False,False,0.0,False
flexfl,txt_reasoning_question_density,83,610,0.0,0.0,0.0,0.0,0.0,25315.0,1.0,0.0,negligible,1.0,False,False,0.0,False
flexfl,txt_likely_impacted_code_concepts_exclaim_density,83,610,0.0,0.0,0.0,0.0,0.0,25315.0,1.0,0.0,negligible,1.0,False,False,0.0,False
flexfl,txt_reasoning_exclaim_density,83,610,-0.0346271680532221,-0.0346271680532221,-0.03462716805322209,-0.03462716805322209,0.0,25315.0,1.0,0.0,negligible,1.0,False,False,0.0,False
locus,embedding_cluster,14,679,1.5,3.0,1.8571428571428572,4.058910162002945,-1.5,2746.5,0.006383458562451048,-0.422154428781822,medium,0.8362330716810873,False,False,0.422154428781822,False
locus,consistency_composite,14,679,-0.7030086153816264,-0.0412135828634099,-0.6675553100681502,-0.0443812321354043,-0.6617950325182165,3047.0,0.02133554936801909,-0.358931201346518,medium,1.0,False,False,0.358931201346518,False
locus,concept_network_concept_breadth,14,679,-0.263097163757085,0.410786675927473,-0.4556354036669588,0.08724303566655127,-0.6738838396845579,3170.5,0.022798084394365963,-0.3329476120345045,medium,1.0,False,False,0.3329476120345045,False
locus,concept_num_concepts,14,679,-0.263097163757085,0.410786675927473,-0.4556354036669588,0.08724303566655127,-0.6738838396845579,3170.5,0.022798084394365963,-0.3329476120345045,medium,1.0,False,False,0.3329476120345045,False
locus,causal_reasoning_consistency,14,679,-1.0557067910772635,0.1694706523550018,-0.5743870811574449,-0.03262047233485631,-1.2251774434322653,3173.0,0.031359922857010065,-0.3324216284451925,medium,1.0,False,False,0.3324216284451925,False
locus,embedding_cluster_separation,14,679,0.4677897342596111,-0.1303237251283489,0.27796138327326975,-0.11280030861986597,0.59811345938796,6277.0,0.039905006265472664,0.3206395960446034,small,1.0,False,False,0.3206395960446034,False
locus,quality_std,14,679,-0.6141221745332237,-0.6141221745332237,-0.6141221745332236,0.027155478077884952,0.0,3283.0,0.013023329300218775,-0.30927835051546393,small,1.0,False,False,0.30927835051546393,False
locus,embedding_cluster_distance,14,679,-0.26797635961005706,0.1465145739401478,-0.21424124428133415,0.10823845487854572,-0.41449093355020483,3293.0,0.04902034840070871,-0.3071744161582159,small,1.0,False,False,0.3071744161582159,False
locus,num_modal_verbs,14,679,-0.0804807840834863,-0.5746091275372439,0.27246803266919767,-0.027356529190814292,0.4941283434537576,6204.0,0.03348731456310319,0.3052808752366926,small,1.0,False,False,0.3052808752366926,False
locus,modal_density,14,679,-0.0335574201290888,-0.4673947634391083,0.5899049189158888,-0.007668982074124798,0.4338373433100195,6183.0,0.037708749372185095,0.3008626130864717,small,1.0,False,False,0.3008626130864717,False
locus,concept__html_parsing,14,679,0.0,0.0,0.35714285714285715,0.05891016200294551,0.0,6170.5,7.54324600984687e-06,0.29823269513991163,small,0.0009957084732997868,True,True,0.29823269513991163,True
locus,description_length,14,679,-0.3578935391907023,-0.0819452094683099,-0.41121890051090065,0.06220312901827834,-0.2759483297223924,3371.5,0.06162131059855377,-0.29065853145381865,small,1.0,False,False,0.29065853145381865,False
locus,causal_density,14,679,-0.4214341704498056,-0.1712671482347755,-0.22731823539021928,0.03603818322906357,-0.25016702221503007,3506.5,0.09058928627509327,-0.26225541763096993,small,1.0,False,False,0.26225541763096993,False
locus,technical_depth_consistency,14,679,-0.3442713921403867,-0.0252185481479084,-0.38985036985359817,-0.034616275511457524,-0.3190528439924783,3584.5,0.11289480666869914,-0.2458447296444351,small,1.0,False,False,0.2458447296444351,False
locus,temporal_density,14,679,-0.4256912142338764,-0.4256912142338764,-0.4119823550730444,0.015196744264347127,0.0,3589.0,0.05097673916333993,-0.24489795918367346,small,1.0,False,False,0.24489795918367346,False
locus,num_temporal_markers,14,679,-0.4635308650875505,-0.4635308650875505,-0.4016823076653541,0.014679630444895373,0.0,3636.5,0.06014790654210347,-0.2349042709867452,small,1.0,False,False,0.2349042709867452,False
locus,txt_likely_impacted_code_concepts_avg_sentence_len,14,679,-0.07422034710843975,0.4260181358690711,-0.31242914852630194,0.1025125746307922,-0.5002384829775108,3667.5,0.13720305679788572,-0.22838207447927625,small,1.0,False,False,0.22838207447927625,False
locus,clarity_specificity_gap,14,679,-0.4497603897317977,-0.4497603897317977,-0.4497603897317976,0.050210388732445786,0.0,3668.0,0.04693228412681133,-0.22827687776141384,small,1.0,False,False,0.22827687776141384,False
locus,summary_chars,14,679,-0.8058683276097268,-0.8058683276097268,-0.35024063362307595,0.07570518884709533,0.0,3711.5,0.13227349502592908,-0.2191247633073848,small,1.0,False,False,0.2191247633073848,False
locus,technical_depth,14,679,0.0747380324277821,0.627005794172899,-0.3197389402473013,0.10483215199268543,-0.5522677617451169,3739.5,0.1583149808859361,-0.21323374710709025,small,1.0,False,False,0.21323374710709025,False
locus,technical_completeness,14,679,0.4209308180989765,0.4209308180989765,-0.26169652286213885,0.11441315755286281,0.0,3839.5,0.2054732269905276,-0.19219440353460973,small,1.0,False,False,0.19219440353460973,False
locus,reasoning_composite,14,679,0.2081718188270818,0.2081718188270818,-0.09191185613297627,0.11458902328541426,0.0,3853.5,0.20257116156853783,-0.18924889543446244,small,1.0,False,False,0.18924889543446244,False
locus,causal_reasoning_quality,14,679,0.3479700762291345,0.3479700762291345,-0.22356670990576075,0.12185951779690146,0.0,3873.5,0.2082231447311942,-0.18504102671996633,small,1.0,False,False,0.18504102671996633,False
locus,num_OB,14,679,-0.0777818550633016,-0.2886514946017978,0.19333625291476503,-0.022502332474417467,0.2108696395384962,5630.0,0.2336422842682162,0.1845150431306543,small,1.0,False,False,0.1845150431306543,False
locus,embedding_cluster_size,14,679,-0.05773716154127356,-0.3736032879542836,0.35004767890726846,-0.05995975087784031,0.31586612641301004,5629.5,0.23364164590056713,0.18440984641279193,small,1.0,False,False,0.18440984641279193,False
locus,txt_reasoning_hedge_density,14,679,-0.3595077050751572,-0.3595077050751572,0.3079269336619574,-0.06693561530156224,0.0,5611.0,0.030971835584364196,0.18051756785188303,small,1.0,False,False,0.18051756785188303,False
locus,txt_title_digit_density,14,679,-0.6450552541976357,-0.6450552541976357,-0.23048371489735325,0.06644441085885402,0.0,3897.5,0.21395759869237885,-0.179991584262571,small,1.0,False,False,0.179991584262571,False
locus,embedding_min,14,679,0.3158115345616159,0.0634708865764149,0.3112802874343907,-0.0030710801723308114,0.252340647985201,5608.0,0.24913352082585816,0.1798863875447086,small,1.0,False,False,0.1798863875447086,False
locus,txt_reasoning_avg_word_len,14,679,-0.4125403981569413,0.00770494202319,-0.24861142540670195,0.06779903432917617,-0.4202453401801313,3920.5,0.2618137958709156,-0.1751525352409005,small,1.0,False,False,0.1751525352409005,False
locus,txt_title_avg_sentence_len,14,679,-0.70287777031615,-0.70287777031615,-0.23059771045780594,0.07642209769176471,0.0,3924.0,0.23083931489910092,-0.17441615821586368,small,1.0,False,False,0.17441615821586368,False
locus,txt_likely_impacted_code_concepts_avg_word_len,14,679,-0.1462390483573012,-0.1462390483573012,-0.36999694750109896,-0.06273398686812509,0.0,3951.0,0.2767393640055388,-0.1687355354512939,small,1.0,False,False,0.1687355354512939,False
locus,num_versions,14,679,-0.1809757993128989,-0.1809757993128989,-0.1433990760936348,0.027439428439308217,0.0,3954.0,0.26691857960289334,-0.1681043551441195,small,1.0,False,False,0.1681043551441195,False
locus,has_error_ambiguity,14,679,0.0,0.0,0.35714285714285715,0.18998527245949925,0.0,5547.5,0.11747140528662829,0.16715758468335787,small,1.0,False,False,0.16715758468335787,False
locus,txt_root_cause_guess_hedge_density,14,679,-0.5490791258336135,-0.5490791258336135,0.2998497617640496,-0.10570661844453337,0.0,5546.0,0.12055423875922418,0.16684199452977067,small,1.0,False,False,0.16684199452977067,False
locus,num_causal_markers,14,679,-0.4554019288379759,-0.1531279935599871,-0.023582021297991862,0.00045743747227524093,-0.30227393527798885,3976.5,0.28672496117306456,-0.16337050284031138,small,1.0,False,False,0.16337050284031138,False
locus,actionability_depth_product,14,679,-0.095074365414108,0.3490492436531938,-0.2061052676809336,0.10016996051606804,-0.4441236090673018,3983.0,0.2922911637428429,-0.16200294550810015,small,1.0,False,False,0.16200294550810015,False
locus,num_browser_mentions,14,679,-0.390976846636182,-0.390976846636182,0.49906041329078626,-0.031291685923427806,0.0,5508.5,0.08759917694202057,0.15895224069009048,small,1.0,False,False,0.15895224069009048,False
locus,has_input_ambiguity,14,679,0.0,0.0,0.35714285714285715,0.21207658321060383,0.0,5442.5,0.19158569333265274,0.14506627393225333,negligible,1.0,False,False,0.14506627393225333,False
locus,concept__json_parsing,14,679,0.0,0.0,0.0,0.14432989690721648,0.0,4067.0,0.1255561152093911,-0.14432989690721648,negligible,1.0,False,False,0.14432989690721648,False
locus,exception_library_frames,14,679,-0.1983965354258864,-0.1983965354258864,0.5492181712871297,-0.03282100670842854,0.0,5409.5,0.06544365692812051,0.13812329055333475,negligible,1.0,False,False,0.13812329055333475,False
locus,txt_root_cause_guess_avg_word_len,14,679,-0.2901334006840222,-0.2489449360222841,-0.15750597134987657,0.028981636174209766,-0.04118846466173812,4115.5,0.3876311551468731,-0.13412581527456344,negligible,1.0,False,False,0.13412581527456344,False
locus,has_context_ambiguity,14,679,0.0,0.0,0.35714285714285715,0.22385861561119294,0.0,5386.5,0.23900171769637957,0.1332842415316642,negligible,1.0,False,False,0.1332842415316642,False
locus,ambiguity_category_coverage,14,679,-0.6218331264640132,-0.6218331264640132,0.21442176256393175,-0.12180442993183989,0.0,5386.0,0.25671780266147204,0.1331790448138018,negligible,1.0,False,False,0.1331790448138018,False
locus,ambiguity_type_count,14,679,-0.6117211791839219,-0.6117211791839219,0.22829721455345567,-0.12156611644644182,0.0,5383.5,0.2586710965144643,0.1326530612244898,negligible,1.0,False,False,0.1326530612244898,False
locus,has_reproduction_ambiguity,14,679,0.0,0.0,0.35714285714285715,0.2268041237113402,0.0,5372.5,0.25166306900418955,0.13033873343151695,negligible,1.0,False,False,0.13033873343151695,False
locus,embedding_sparsity,14,679,-0.0303305876632091,-0.0303305876632091,-0.2680852554476648,0.0044107936446053,0.0,4166.0,0.4284688451344223,-0.12350094677046076,negligible,1.0,False,False,0.12350094677046076,False
locus,repair_difficulty,14,679,0.0684006013983548,0.0684006013983548,0.12004120010326104,-0.11580194655935185,0.0,5339.0,0.4122154206910871,0.12329055333473596,negligible,1.0,False,False,0.12329055333473596,False
locus,txt_reasoning_avg_sentence_len,14,679,-0.014036523806868949,-0.0140365238068689,0.2611403711721418,-0.009068239715991694,-4.85722573273506e-17,5331.5,0.4353103726327948,0.12171260256679992,negligible,1.0,False,False,0.12171260256679992,False
locus,ambiguity,14,679,-0.16575657116874654,-0.5855868655187282,0.01314228418638603,-0.004588986133724468,0.41983029434998165,5290.0,0.41372592263474084,0.11298127498422049,negligible,1.0,False,False,0.11298127498422049,False
locus,semantic_entropy,14,679,0.289338918666953,0.3191847978956921,-0.19616364152055965,0.0396823691105154,-0.029845879228739103,4222.0,0.47431021410829977,-0.11171891436987166,negligible,1.0,False,False,0.11171891436987166,False
locus,txt_root_cause_guess_avg_sentence_len,14,679,-0.2352066135006761,-0.2352066135006761,-0.12162467629630921,0.05596907431532961,0.0,4223.5,0.47235389719851406,-0.11140332421628445,negligible,1.0,False,False,0.11140332421628445,False
locus,concept_network_logic_concepts,14,679,-0.5091620179301407,-0.5091620179301407,-0.1895001495303907,0.057661088923024253,0.0,4288.0,0.3957701986483968,-0.09783294761203451,negligible,1.0,False,False,0.09783294761203451,False
locus,num_semantic_sentences,14,679,-0.36697727098104427,-0.3202010835483047,0.020596853461655233,-0.029439145254863998,-0.04677618743273959,4327.0,0.5649802485079747,-0.0896276036187671,negligible,1.0,False,False,0.0896276036187671,False
locus,expected_observed_alignment,14,679,0.7027131095927159,0.7027131095927159,-0.19712773087312468,0.11685321266769194,0.0,4329.5,0.5159442479538583,-0.08910162002945508,negligible,1.0,False,False,0.08910162002945508,False
locus,embedding_mean,14,679,0.166264273534226,0.0462602219189802,0.07578676922971612,-0.01654206562962911,0.12000405161524579,5174.0,0.5706295288016185,0.08857563644014307,negligible,1.0,False,False,0.08857563644014307,False
locus,embedding_max,14,679,-0.21095363600057582,-0.1689122314804456,-0.21006734100554572,-0.05474921601030739,-0.04204140452013022,4333.0,0.5715461235896473,-0.08836524300441827,negligible,1.0,False,False,0.08836524300441827,False
locus,num_os_mentions,14,679,-0.3565391088761866,-0.3565391088761866,0.2030664473486552,0.004993003049140749,0.0,5170.0,0.32807293864778697,0.08773406269724385,negligible,1.0,False,False,0.08773406269724385,False
locus,exc_cat_assertion,14,679,-0.0715198539852151,0.0,-0.04086848799155148,-0.01416704029604039,-0.0715198539852151,4344.0,0.5248540879821006,-0.08605091521144541,negligible,1.0,False,False,0.08605091521144541,False
locus,exception_avg_frame_package_depth,14,679,-0.3416459317228559,-0.3416459317228559,0.18696546602295566,0.016010093511688202,0.0,5160.5,0.3251673853185798,0.08573532505785819,negligible,1.0,False,False,0.08573532505785819,False
locus,clarity,14,679,0.5131342369108148,0.7623879238337528,-0.19901915429757913,0.12071569299237506,-0.24925368692293792,4369.5,0.5745237736444864,-0.08068588260046286,negligible,1.0,False,False,0.08068588260046286,False
locus,completeness_score,14,679,-0.1877149484641514,-0.1877149484641514,-0.1110310042530133,0.0399652157915988,0.0,4374.0,0.589735687310377,-0.07973911213970124,negligible,1.0,False,False,0.07973911213970124,False
locus,clarity_minus_contradiction,14,679,0.5144907653338591,0.2651583282742117,-0.1978876262651333,0.12047941781544731,0.24933243705964736,4375.0,0.5802719712004771,-0.07952871870397643,negligible,1.0,False,False,0.07952871870397643,False
locus,description_chars,14,679,-0.1337057375404883,-0.2813551033385879,0.22315981920523167,-0.026108403346471035,0.14764936579809956,5116.0,0.6249118564481151,0.07637281716810436,negligible,1.0,False,False,0.07637281716810436,False
locus,txt_reasoning_digit_density,14,679,-0.2000607604811334,-0.2000607604811334,-0.20006076048113336,-0.007859469612156944,0.0,4410.0,0.29858297495583985,-0.07216494845360824,negligible,1.0,False,False,0.07216494845360824,False
locus,concept__deserialization,14,679,0.0,0.0,0.0,0.06921944035346098,0.0,4424.0,0.3090048555032925,-0.06921944035346098,negligible,1.0,False,False,0.06921944035346098,False
locus,semantic_spread_pc2,14,679,0.04524360284279125,0.2236783036099073,0.02368414321852485,0.09609442414205437,-0.17843470076711604,4435.0,0.6684972083211167,-0.06690511256048812,negligible,1.0,False,False,0.06690511256048812,False
locus,txt_title_has_code_like,14,679,0.0,0.0,0.07142857142857142,0.007363770250368188,0.0,5057.5,0.010616478518144358,0.06406480117820323,negligible,1.0,False,False,0.06406480117820323,False
locus,exc_cat_type_error,14,679,-0.085074295211124,-0.085074295211124,1.394863965232387,-0.03712342373872743,0.0,5053.5,0.01948708709082452,0.06322322743530402,negligible,1.0,False,False,0.06322322743530402,False
locus,has_exc_type_error,14,679,0.0,0.0,0.07142857142857142,0.008836524300441826,0.0,5050.5,0.020736148104489687,0.0625920471281296,negligible,1.0,False,False,0.0625920471281296,False
locus,n_sentences,14,679,-0.33381626578980156,-0.2868038552763112,0.055715135607689883,-0.014145721841664686,-0.047012410513490366,4477.0,0.7094498033513473,-0.05806858826004629,negligible,1.0,False,False,0.05806858826004629,False
locus,concept__string_manipulation,14,679,0.0,0.0,0.0,0.05743740795287187,0.0,4480.0,0.3571945393085172,-0.05743740795287187,negligible,1.0,False,False,0.05743740795287187,False
locus,has_exc_io_error,14,679,0.0,0.0,0.0,0.05743740795287187,0.0,4480.0,0.3571945393085172,-0.05743740795287187,negligible,1.0,False,False,0.05743740795287187,False
locus,exc_cat_io_error,14,679,-0.2063542589417555,-0.2063542589417555,-0.20635425894175544,0.01207557686877904,0.0,4480.0,0.35741952784296427,-0.05743740795287187,negligible,1.0,False,False,0.05743740795287187,False
locus,num_env_mentions,14,679,-0.2192296649910203,-0.2192296649910203,-0.21922966499102034,-0.013355134230943182,0.0,4494.0,0.3706548050949102,-0.054491899852724596,negligible,1.0,False,False,0.054491899852724596,False
locus,concept_network_ui_concepts,14,679,-0.1397713115629224,-0.1397713115629224,0.38125121145064994,-0.010858522363688013,0.0,5008.5,0.14332558359091993,0.05375552282768778,negligible,1.0,False,False,0.05375552282768778,False
locus,concept__serialization,14,679,0.0,0.0,0.0,0.045655375552282766,0.0,4536.0,0.41477732048245397,-0.045655375552282766,negligible,1.0,False,False,0.045655375552282766,False
locus,gunning_fog,14,679,-0.005020863650681148,-0.0459161080153374,0.012505669648457356,0.013463622206111681,0.040895244364656254,4965.5,0.7749368601498414,0.04470860509152114,negligible,1.0,False,False,0.04470860509152114,False
locus,num_caused_by,14,679,-0.1602391524099254,-0.1602391524099254,0.37071200736105775,-0.012448623401507397,0.0,4965.0,0.32530168034983187,0.04460340837365874,negligible,1.0,False,False,0.04460340837365874,False
locus,txt_reasoning_has_code_like,14,679,0.0,0.0,0.14285714285714285,0.10014727540500737,0.0,4956.0,0.6007945187665791,0.042709867452135494,negligible,1.0,False,False,0.042709867452135494,False
locus,txt_root_cause_guess_digit_density,14,679,-0.1710687069843892,-0.1710687069843892,-0.17106870698438922,0.014495756273018133,0.0,4557.0,0.43958696345781356,-0.041237113402061855,negligible,1.0,False,False,0.041237113402061855,False
locus,embedding_std,14,679,0.47592523464843217,0.3825796449344107,0.050820398270958744,-0.023461135862516688,0.09334558971402146,4945.5,0.7956730908709067,0.04050073637702504,negligible,1.0,False,False,0.04050073637702504,False
locus,concept_network_has_cross_layer_concepts,14,679,0.0,0.0,0.0,0.033873343151693665,0.0,4592.0,0.48537574897305336,-0.033873343151693665,negligible,1.0,False,False,0.033873343151693665,False
locus,txt_likely_impacted_code_concepts_digit_density,14,679,-0.1486940122073022,-0.1486940122073022,-0.1486940122073022,0.030092116035938615,0.0,4606.0,0.5058178557645536,-0.030927835051546393,negligible,1.0,False,False,0.030927835051546393,False
locus,concept__reflection,14,679,0.0,0.0,0.0,0.029455081001472753,0.0,4613.0,0.516443538309039,-0.029455081001472753,negligible,1.0,False,False,0.029455081001472753,False
locus,semantic_spread_pc1,14,679,0.22712640649737145,0.0972656580047233,0.1690438350034483,0.08505284457680796,0.12986074849264817,4886.0,0.8581714348841778,0.027982326951399118,negligible,1.0,False,False,0.027982326951399118,False
locus,actionability,14,679,0.5960733049109112,0.3430376111637781,-0.12688582008089763,0.1164607307539742,0.25303569374713303,4621.5,0.8515189141657682,-0.027666736797811908,negligible,1.0,False,False,0.027666736797811908,False
locus,txt_likely_impacted_code_concepts_has_code_like,14,679,0.0,0.0,0.0,0.026509572901325478,0.0,4627.0,0.5389617672821756,-0.026509572901325478,negligible,1.0,False,False,0.026509572901325478,False
locus,redundancy,14,679,-0.0990698284636138,-0.0531741949046196,0.23345561536994244,0.02666526826582603,-0.045895633558994196,4875.0,0.8698361055992541,0.02566799915842626,negligible,1.0,False,False,0.02566799915842626,False
locus,exc_cat_null_pointer,14,679,-0.1370055848039781,-0.1370055848039781,-0.13700558480397812,0.0062045975445101315,0.0,4634.0,0.5508824060436631,-0.025036818851251842,negligible,1.0,False,False,0.025036818851251842,False
locus,has_exc_null_pointer,14,679,0.0,0.0,0.0,0.025036818851251842,0.0,4634.0,0.5508465450962705,-0.025036818851251842,negligible,1.0,False,False,0.025036818851251842,False
locus,stacktrace_depth,14,679,-0.2020454871191189,-0.2020454871191189,-0.14676764251084093,0.013367144447160103,0.0,4635.5,0.753384073825728,-0.024721228697664632,negligible,1.0,False,False,0.024721228697664632,False
locus,concept_network_concept_diversity,14,679,-0.6994917613887949,-0.6994917613887949,-0.03937012852301306,0.04637762997295449,0.0,4636.0,0.8522002480016635,-0.02461603197980223,negligible,1.0,False,False,0.02461603197980223,False
locus,has_exc_index_error,14,679,0.0,0.0,0.07142857142857142,0.047128129602356406,0.0,4868.5,0.674129393940577,0.024300441826215022,negligible,1.0,False,False,0.024300441826215022,False
locus,exc_cat_index_error,14,679,-0.1859270778535117,-0.1859270778535117,0.11788722744527948,0.02705614647966148,0.0,4868.5,0.6742391736187703,0.024300441826215022,negligible,1.0,False,False,0.024300441826215022,False
locus,exception_user_frames,14,679,-0.2073567129463963,-0.2073567129463963,-0.16500278552216904,0.014455607996979298,0.0,4646.5,0.7743512742792769,-0.022406900904691773,negligible,1.0,False,False,0.022406900904691773,False
locus,concept_network_infra_concepts,14,679,-0.148431208798588,-0.148431208798588,-0.14843120879858798,-0.006460923177945387,0.0,4655.0,0.5894575688297804,-0.020618556701030927,negligible,1.0,False,False,0.020618556701030927,False
locus,concept_network_network_concepts,14,679,-0.2193996860397714,-0.2193996860397714,0.0921627932854142,0.018287153857792855,0.0,4846.5,0.7442066821675448,0.019671786240269305,negligible,1.0,False,False,0.019671786240269305,False
locus,txt_title_hedge_density,14,679,-0.1284244317598414,-0.1284244317598414,-0.12842443175984136,0.01940033821452968,0.0,4662.0,0.6034991234763405,-0.01914580265095729,negligible,1.0,False,False,0.01914580265095729,False
locus,semantic_coherence,14,679,-0.3015420829995435,-0.2289774443914964,-0.09170277616793787,-0.0885881537362162,-0.0725646386080471,4665.0,0.9060589606110176,-0.018514622343782875,negligible,1.0,False,False,0.018514622343782875,False
locus,embedding_norm,14,679,-0.0622098565876286,-0.0622098565876286,-0.062209856587628586,-0.009246552135457052,0.0,4830.0,0.8444918645812729,0.016200294550810016,negligible,1.0,False,False,0.016200294550810016,False
locus,exc_cat_arithmetic,14,679,-0.0838343363887831,-0.0838343363887831,-0.0838343363887831,0.0034001011019808253,0.0,4704.0,0.7056772992850726,-0.010309278350515464,negligible,1.0,False,False,0.010309278350515464,False
locus,has_exc_arithmetic,14,679,0.0,0.0,0.0,0.010309278350515464,0.0,4704.0,0.7056742638411588,-0.010309278350515464,negligible,1.0,False,False,0.010309278350515464,False
locus,num_EB,14,679,-0.673136533919824,-0.673136533919824,0.15750731705020504,-0.03802224924342722,0.0,4720.0,0.9610448738069404,-0.006942983378918578,negligible,1.0,False,False,0.006942983378918578,False
locus,txt_title_avg_word_len,14,679,-0.3969089280843758,-0.3969089280843758,0.09285825978907206,0.05668912265708684,0.0,4721.0,0.963198561208747,-0.006732589943193772,negligible,1.0,False,False,0.006732589943193772,False
locus,exc_cat_runtime_error,14,679,-0.2204545370203559,-0.2204545370203559,0.262060635750279,-0.016504824818334946,0.0,4784.0,0.925526984934253,0.006522196507468967,negligible,1.0,False,False,0.006522196507468967,False
locus,txt_root_cause_guess_has_code_like,14,679,0.0,0.0,0.0,0.005891016200294551,0.0,4725.0,0.7774310595908809,-0.005891016200294551,negligible,1.0,False,False,0.005891016200294551,False
locus,specificity,14,679,0.6328923996270064,0.3779646843889213,-0.09547250105323683,0.11139814857295596,0.2549277152380851,4731.5,0.9762713551558089,-0.0045234588680833155,negligible,1.0,False,False,0.0045234588680833155,False
locus,txt_title_question_density,14,679,-0.0586287119753727,-0.0586287119753727,-0.058628711975372685,0.013469924989923644,0.0,4732.0,0.8078988943785012,-0.004418262150220913,negligible,1.0,False,False,0.004418262150220913,False
locus,concept_network_data_concepts,14,679,-0.2832083787067895,-0.2832083787067895,-0.01076713882180189,0.003276224058867514,0.0,4735.5,0.9599262741126933,-0.003681885125184094,negligible,1.0,False,False,0.003681885125184094,False
locus,num_exception_types,14,679,-0.5251530779927517,-0.5251530779927517,-0.0031259111785283083,0.029164429036784515,0.0,4738.0,0.9805028804596357,-0.0031559015358720807,negligible,1.0,False,False,0.0031559015358720807,False
locus,has_exc_concurrency,14,679,0.0,0.0,0.0,0.0029455081001472753,0.0,4739.0,0.8446427266226741,-0.0029455081001472753,negligible,1.0,False,False,0.0029455081001472753,False
locus,exc_cat_concurrency,14,679,-0.0438160519933849,-0.0438160519933849,-0.0438160519933849,0.010066721812913246,0.0,4739.0,0.8446428867714453,-0.0029455081001472753,negligible,1.0,False,False,0.0029455081001472753,False
locus,num_negative_modals,14,679,-0.2577319414569243,-0.2577319414569243,-0.13069169876711806,-0.006270842524524321,0.0,4766.0,0.9772724376344867,0.00273511466442247,negligible,1.0,False,False,0.00273511466442247,False
locus,has_exc_runtime_error,14,679,0.0,0.0,0.07142857142857142,0.06921944035346098,0.0,4763.5,0.9755344124103824,0.0022091310751104565,negligible,1.0,False,False,0.0022091310751104565,False
locus,has_behavior_ambiguity,14,679,0.0,0.0,0.0,0.0014727540500736377,0.0,4746.0,0.893928380227788,-0.0014727540500736377,negligible,1.0,False,False,0.0014727540500736377,False
locus,has_exc_assertion,14,679,0.0,0.0,0.0,0.0014727540500736377,0.0,4746.0,0.893928380227788,-0.0014727540500736377,negligible,1.0,False,False,0.0014727540500736377,False
locus,quality_composite,14,679,0.5852734638867132,0.5004144011422426,-0.14208993106589132,0.11723636524453049,0.08485906274447064,4756.0,0.9972207642751678,0.0006311803071744162,negligible,1.0,False,False,0.0006311803071744162,False
locus,txt_root_cause_guess_line_count,14,679,0.0346271680532231,0.0346271680532231,0.03462716805322309,0.0346271680532231,0.0,4753.0,1.0,0.0,negligible,1.0,False,False,0.0,False
locus,txt_likely_impacted_code_concepts_line_count,14,679,0.0,0.0,0.0,0.0,0.0,4753.0,1.0,0.0,negligible,1.0,False,False,0.0,False
locus,txt_root_cause_guess_exclaim_density,14,679,0.0,0.0,0.0,0.0,0.0,4753.0,1.0,0.0,negligible,1.0,False,False,0.0,False
locus,txt_likely_impacted_code_concepts_hedge_density,14,679,0.0,0.0,0.0,0.0,0.0,4753.0,1.0,0.0,negligible,1.0,False,False,0.0,False
locus,txt_title_exclaim_density,14,679,0.0,0.0,0.0,0.0,0.0,4753.0,1.0,0.0,negligible,1.0,False,False,0.0,False
locus,txt_likely_impacted_code_concepts_question_density,14,679,0.0,0.0,0.0,0.0,0.0,4753.0,1.0,0.0,negligible,1.0,False,False,0.0,False
locus,txt_title_line_count,14,679,0.0,0.0,0.0,0.0,0.0,4753.0,1.0,0.0,negligible,1.0,False,False,0.0,False
locus,num_S2R,14,679,0.0,0.0,0.0,0.0,0.0,4753.0,1.0,0.0,negligible,1.0,False,False,0.0,False
locus,txt_reasoning_exclaim_density,14,679,-0.0346271680532221,-0.0346271680532221,-0.03462716805322209,-0.03462716805322209,0.0,4753.0,1.0,0.0,negligible,1.0,False,False,0.0,False
locus,txt_reasoning_line_count,14,679,0.0,0.0,0.0,0.0,0.0,4753.0,1.0,0.0,negligible,1.0,False,False,0.0,False
locus,txt_root_cause_guess_question_density,14,679,0.0,0.0,0.0,0.0,0.0,4753.0,1.0,0.0,negligible,1.0,False,False,0.0,False
locus,behavior_verb_density,14,679,0.0,0.0,0.0,0.0,0.0,4753.0,1.0,0.0,negligible,1.0,False,False,0.0,False
locus,txt_reasoning_question_density,14,679,0.0,0.0,0.0,0.0,0.0,4753.0,1.0,0.0,negligible,1.0,False,False,0.0,False
locus,txt_likely_impacted_code_concepts_exclaim_density,14,679,0.0,0.0,0.0,0.0,0.0,4753.0,1.0,0.0,negligible,1.0,False,False,0.0,False
locus,behavior_verb_count,14,679,0.0,0.0,0.0,0.0,0.0,4753.0,1.0,0.0,negligible,1.0,False,False,0.0,False
