project,bug_id,id,mrr_BRaIn,mrr_FlexFL,mrr_boostnsift,mrr_buglocator,mrr_locus,rank_BRaIn,rank_FlexFL,rank_boostnsift,rank_buglocator,rank_locus,top@1_BRaIn,top@1_FlexFL,top@1_boostnsift,top@1_buglocator,top@1_locus,top@5_BRaIn,top@5_FlexFL,top@5_boostnsift,top@5_buglocator,top@5_locus,description_length,num_causal_markers,semantic_entropy,semantic_coherence,embedding_pos_neg_ratio,embedding_cluster_distance,embedding_cluster_size,stacktrace_depth,exception_user_frames,num_exception_types,num_temporal_markers,num_env_mentions,num_versions,num_OB,num_EB,flesch,fog,lix,kincaid,ari,smog,percent_agreement,cohens_kappa,actionability,clarity,specificity,reproducibility,reasoning_quality,technical_context,ambiguity,repair_readiness,impact_scope,z_actionability,z_clarity,z_specificity,z_reproducibility,z_reasoning_quality,z_technical_context,z_ambiguity,z_repair_readiness,z_root_cause_evidence,z_hidden_reproducibility,z_impact_scope,technical_completeness,quality_composite,quality_std,specificity_repro_gap,spec_reasoning_product,causal_consistency,technical_consistency,num_buggy_files,buggy_vocab_size,report_vocab_size,code_vocab_overlap_count,code_vocab_overlap_ratio,report_code_specificity_ratio,code_vocab_jaccard,jira_num_attachments,project_num_java_files,project_java_bytes,txt_title_word_count,txt_title_avg_sentence_len,txt_title_digit_density,txt_description_line_count,txt_description_avg_sentence_len,txt_description_uniq_word_ratio,has_stacktrace,has_code,has_patch,has_enumeration,has_OB,has_EB,has_S2R,missing_OB,missing_EB,missing_S2R,fg_cat_Dependency,fg_cat_Exception handling,fg_cat_Missing case,fg_cat_Null pointer dereference,fg_cat_Other (Logic),fg_cat_Processing,fg_cat___missing__,fg_cat___other__,cat_Functional Issue,cat___other__,hidden_s2r_present,jira_priority,jira_component,jira_has_patch_attachment,jira_has_test_attachment,jira_attachment_extensions
JxPath,14,JxPath-14,0.5,1.0,0.5,0.3333333333333333,0.125,2.0,1.0,2.0,3.0,8.0,0.0,1.0,0.0,0.0,0.0,1.0,1.0,1.0,1.0,0.0,0.2337367635034098,-0.7576758641159647,-0.7691800113567039,-0.3235761202319996,1.1096681845252594,0.2117587553171851,-0.3447299154714549,-0.2020454871191189,-0.2073567129463963,-0.5251530779927517,-0.4635308650875505,-0.2192296649910203,-0.0494572680454745,-0.9212604132172866,-0.673136533919824,-21.66,7.77,59.66,18.4,30.8,11.5,0.875,0.7446808510638298,5,5,4,4,1,3,1,4,2,1.2110601416389966,1.2110601416389966,0.6055300708194983,0.6055300708194983,-1.2110601416389966,0.0,0.6055300708194983,0.6055300708194983,-1.816590212458495,-1.2110601416389966,-0.6055300708194983,0.3,0.65,0.3,0,4,0.9244359537461614,0.9,1.0,162.0,63.0,14.0,0.0864197530864197,0.2222222222222222,0.0663507109004739,2,212.0,1205418.0,1.4678985692482571,2.069863226271547,0.4312458687446945,0.3320498088063237,0.2860013725995055,-1.5602326405605926,False,True,False,False,True,False,False,False,True,True,False,False,False,False,False,True,False,False,True,False,True,Major,,True,True,txt
Mockito,17,Mockito-17,0.0,0.0,0.0666666666666666,0.002016129032258,0.0012195121951219,0.0,0.0,15.0,496.0,820.0,0.0,0.0,0.0,0.0,0.0,0.0,0.0,0.0,0.0,0.0,-1.0231586669890729,-0.7576758641159647,-2.430552480033038,4.163331944642799,0.9303979192957068,-4.097795444638771,-1.8864930556945376,-0.2020454871191189,-0.2073567129463963,-0.5251530779927517,-0.4635308650875505,-0.2192296649910203,-0.3124943305803233,1.398305621706172,-0.673136533919824,-17.271052631578925,18.126315789473683,50.578947368421055,20.388421052631585,25.279000000000003,15.903189008614271,0.9791666666666666,0.8974358974358972,0,0,0,0,1,0,4,0,0,-0.4714045207910317,-0.4714045207910317,-0.4714045207910317,-0.4714045207910317,2.1213203435596424,-0.4714045207910317,2.1213203435596424,-0.4714045207910317,-0.4714045207910317,-0.4714045207910317,-0.4714045207910317,0.0,0.05,0.1,0,0,0.5201672987207322,1.0,2.0,77.0,13.0,5.0,0.0649350649350649,0.3846153846153846,0.0588235294117647,0,596.0,2415837.0,-0.9719897109326224,-0.9161655392844344,-0.6450552541976357,-0.6028194775205034,-0.9942554810346128,1.4462904983191245,False,False,False,False,True,False,False,False,True,True,False,False,False,False,True,False,False,False,True,False,False,Medium,,False,False,
Cli,5,Cli-5,0.0,1.0,0.125,0.1111111111111111,0.3333333333333333,0.0,1.0,8.0,9.0,3.0,0.0,1.0,0.0,0.0,0.0,0.0,1.0,0.0,0.0,1.0,0.0186647495850326,0.1491459417180017,-0.1622592928011314,-0.8913841095428546,1.474022885748566,-0.0644862409945255,0.1845320580379615,0.3783718812677994,-0.2073567129463963,0.6929103112404362,-0.4635308650875505,-0.2192296649910203,0.0820612632219498,-0.4995211341402941,0.2959479588785432,19.43,10.1,44.94,12.9,21.5,10.9,0.8125,0.5344827586206895,5,5,4,4,3,3,1,4,3,1.164964745021435,1.164964745021435,0.4905114715879725,0.4905114715879725,-0.1839418018454899,-0.1839418018454899,0.4905114715879725,0.4905114715879725,-2.207301622145877,-1.5328483487124147,-0.1839418018454899,0.3,0.75,0.1,0,12,0.9444853760727514,0.9,1.0,80.0,73.0,12.0,0.15,0.1643835616438356,0.0851063829787234,1,43.0,269597.0,1.1193431006509886,0.2569171900411298,0.3868623172831552,0.380614447057068,-0.6345138857985796,-0.3000972569676408,True,False,False,False,True,True,False,False,False,True,False,False,False,True,False,False,False,False,True,False,True,Minor,CLI-1.x,True,False,patch
Codec,14,Codec-14,0.1666666666666666,0.0,0.0294117647058823,0.1428571428571428,0.0666666666666666,6.0,0.0,34.0,7.0,15.0,0.0,0.0,0.0,0.0,0.0,0.0,0.0,0.0,0.0,0.0,0.4655771039306775,0.4514198769959905,0.6339509027465492,-0.143420430218321,-0.6011343465993985,1.2305359230396309,0.1845320580379615,-0.2020454871191189,-0.2073567129463963,-0.5251530779927517,0.4023489388231981,-0.2192296649910203,0.6081353882916473,-0.4995211341402941,-0.673136533919824,48.91,9.29,50.19,9.9,14.4,11.2,0.8333333333333334,0.5328467153284672,1,1,0,0,1,0,4,0,1,1.095445115010332,1.095445115010332,-0.9128709291752768,-0.9128709291752768,1.095445115010332,-0.9128709291752768,1.095445115010332,-0.9128709291752768,-0.9128709291752768,-0.9128709291752768,1.095445115010332,0.0,0.05,0.1,0,0,0.8926624603309431,1.0,6.0,528.0,99.0,18.0,0.034090909090909,0.1818181818181818,0.0295566502463054,4,110.0,1201738.0,0.7707876320537201,1.2167121503984095,0.6061448012228232,0.4170379257451262,0.7668324590424389,-0.6680216577657141,False,False,False,False,True,False,False,False,True,True,False,False,False,False,False,True,False,False,True,False,False,Minor,,True,False,"diff,patch"
Jsoup,16,Jsoup-16,1.0,1.0,0.3333333333333333,1.0,1.0,1.0,1.0,3.0,1.0,1.0,1.0,1.0,0.0,1.0,1.0,1.0,1.0,1.0,1.0,1.0,-0.5886402931065207,-0.4554019288379759,-2.430552480032968,-0.0003290101242254,-1.237791208928377,-0.2118818668207761,-0.989048839743788,-0.2020454871191189,-0.2073567129463963,-0.5251530779927517,-0.4635308650875505,-0.2192296649910203,-0.3124943305803233,-0.4995211341402941,-0.673136533919824,11.92,16.21,62.59,15.8,26.0,14.6,0.8541666666666666,0.0,1,1,0,0,1,0,4,0,0,1.3228756555322954,1.3228756555322954,-0.7559289460184545,-0.7559289460184545,1.3228756555322954,-0.7559289460184545,1.3228756555322954,-0.7559289460184545,-0.7559289460184545,-0.7559289460184545,-0.7559289460184545,0.0,0.05,0.1,0,0,0.7036204026049548,1.0,1.0,33.0,39.0,7.0,0.2121212121212121,0.1794871794871795,0.1076923076923077,0,68.0,634601.0,-0.7977119766339881,-0.70287777031615,-0.6450552541976357,-0.5906783179578173,1.1536134552275858,-0.1580833076366292,False,False,False,False,True,False,False,False,True,True,False,False,False,False,False,True,False,False,True,False,False,,,False,False,
Math,99,Math-99,0.5,1.0,1.0,0.5,0.5,2.0,1.0,1.0,2.0,2.0,0.0,1.0,1.0,0.0,0.0,1.0,1.0,1.0,1.0,1.0,-0.0987135359772003,-0.7576758641159647,0.1137652574129234,-0.5340365084520827,0.2319908443389094,0.0687964321497142,-0.5748438169972881,-0.2020454871191189,-0.2073567129463963,-0.5251530779927517,-0.4635308650875505,-0.2192296649910203,-0.3124943305803233,-0.4995211341402941,2.2341169444752773,22.41,12.22,57.86,13.9,22.3,13.0,0.8333333333333334,0.6613756613756615,4,5,3,4,1,2,1,4,1,0.8464989719746506,1.467264884756061,0.2257330591932402,0.8464989719746506,-1.0157987663695809,-0.3950328535881702,0.8464989719746506,0.8464989719746506,-1.636564679150991,-1.0157987663695809,-1.0157987663695809,0.2,0.6,0.282842712474619,-1,3,0.956979516291064,0.9,1.0,347.0,60.0,13.0,0.0374639769452449,0.2166666666666666,0.032994923857868,1,635.0,4721792.0,1.99073177214416,-0.169658347895439,0.4488901494486672,0.3320498088063237,0.6351623326815379,-0.0643212020937605,True,False,False,False,True,True,False,False,False,True,False,True,False,False,False,False,False,False,True,False,True,Minor,,True,False,txt
Csv,9,Csv-9,0.5,0.5,1.0,1.0,0.5,2.0,2.0,1.0,1.0,2.0,0.0,1.0,1.0,1.0,0.0,1.0,1.0,1.0,1.0,1.0,0.0135613458649355,-0.4554019288379759,0.4014249858202107,-0.8585093789842458,-0.2730111944760022,0.5978504833232178,-0.5748438169972881,-0.2020454871191189,-0.2073567129463963,-0.5251530779927517,-0.4635308650875505,-0.2192296649910203,-0.0494572680454745,-0.4995211341402941,0.2959479588785432,47.49,11.73,57.89,10.4,17.9,11.5,0.875,0.7512953367875647,4,5,1,3,1,2,3,3,1,1.3008872711759818,1.9513309067639728,-0.6504436355879909,0.6504436355879909,-0.6504436355879909,0.0,0.0,0.6504436355879909,-1.3008872711759818,-1.3008872711759818,-0.6504436355879909,0.2,0.4,0.2309401076758502,-2,1,0.9674930488749977,0.6,1.0,133.0,69.0,10.0,0.075187969924812,0.144927536231884,0.0520833333333333,1,25.0,241698.0,1.1193431006509886,-0.2052063093901531,0.6548928553301138,0.7327080743749639,1.3758067934616065,0.4611486876445386,False,False,False,False,True,True,False,False,False,True,False,False,False,True,False,False,False,False,True,False,False,Major,Parser,True,False,patch
Closure,152,Closure-152,0.1428571428571428,1.0,0.0204081632653061,0.0416666666666666,0.0666666666666666,7.0,1.0,49.0,24.0,15.0,0.0,1.0,0.0,0.0,0.0,0.0,1.0,0.0,0.0,0.0,-1.0231586669890729,-0.7576758641159647,0.6329982138468192,0.7438561800044424,1.1096681845252594,-0.9013913830169598,1.5882268573455445,-0.2020454871191189,-0.2073567129463963,1.910973700473624,0.4023489388231981,-0.2192296649910203,-0.3124943305803233,-0.0777818550633016,-0.673136533919824,-203.11,8.29,58.64,42.5,95.3,10.0,0.8125,0.6043956043956045,5,5,5,4,2,3,3,3,3,1.2088531618235645,1.2088531618235645,1.2088531618235645,0.630705997473164,-0.5255883312276368,0.0525588331227636,-0.5255883312276368,0.0525588331227636,-1.6818826599284376,-1.6818826599284376,0.0525588331227636,0.3,0.7000000000000001,0.2581988897471611,1,10,0.961318744518612,0.9,1.0,389.0,111.0,30.0,0.0771208226221079,0.2702702702702703,0.0638297872340425,0,544.0,6965793.0,-0.7977119766339881,-0.70287777031615,-0.6450552541976357,-0.6028194775205034,-0.9942554810346128,1.4462904983191245,True,False,False,False,True,False,False,False,True,True,False,False,False,False,True,False,False,False,True,False,False,Medium,,False,False,
Closure,15,Closure-15,0.0,0.0,0.0106382978723404,0.0021052631578947,0.0027548209366391,0.0,0.0,94.0,475.0,363.0,0.0,0.0,0.0,0.0,0.0,0.0,0.0,0.0,0.0,0.0,-1.0231586669890729,-0.4554019288379759,-0.5903333097044172,-0.2554746338551892,0.0619124374841446,-0.0440167559430229,1.5882268573455445,-0.2020454871191189,-0.2073567129463963,-0.5251530779927517,0.4023489388231981,-0.2192296649910203,-0.3124943305803233,-0.9212604132172866,-0.673136533919824,-34.18,9.6,62.81,21.1,65.2,13.9,0.8541666666666666,0.6,5,4,5,5,5,5,0,4,3,0.7332355751067665,-0.0733235575106765,0.7332355751067665,0.7332355751067665,0.7332355751067665,0.7332355751067665,0.7332355751067665,-0.0733235575106765,-0.8798826901281197,-2.493000955363006,-0.8798826901281197,1.0,0.95,0.0999999999999999,0,25,0.801893749342543,0.0,1.0,311.0,72.0,16.0,0.0514469453376205,0.2222222222222222,0.0435967302452316,0,981.0,12674513.0,-0.7977119766339881,-0.70287777031615,-0.6450552541976357,-0.6028194775205034,-0.9942554810346128,1.4462904983191245,False,False,False,False,True,False,False,False,True,True,False,False,False,False,True,False,False,False,True,False,True,Medium,,False,False,
Cli,13,Cli-13,0.5,0.3333333333333333,0.25,0.25,0.0,2.0,3.0,4.0,4.0,0.0,0.0,0.0,0.0,0.0,0.0,1.0,1.0,1.0,1.0,0.0,0.3124749923277649,-0.7576758641159647,0.6318481836673798,-0.4835714263639357,-0.7627101412056181,0.9469022833457902,0.1845320580379615,-0.2020454871191189,-0.2073567129463963,-0.5251530779927517,1.2682287427339467,-0.2192296649910203,-0.1809757993128989,0.1330877844751946,-0.673136533919824,42.61,12.24,55.26,12.3,18.2,12.7,0.7291666666666666,0.4782608695652173,4,4,1,1,3,2,3,4,3,1.1844461242957498,1.1844461242957498,-1.1147728228665883,-1.1147728228665883,0.4180398085749705,-0.3483665071458088,-0.3483665071458088,1.1844461242957498,0.4180398085749705,-1.8811791385873675,0.4180398085749705,0.7,0.45,0.3,0,3,0.8040473878848441,0.6,3.0,226.0,89.0,26.0,0.1150442477876106,0.2921348314606741,0.0899653979238754,2,97.0,636838.0,0.5965098977550859,-0.0630144634112968,0.3082400261227139,0.556661260716016,0.7092267787595447,-0.4397288660489246,False,False,False,False,True,False,False,False,True,True,False,False,False,False,False,True,False,False,True,False,False,Major,CLI-2.x,True,True,"java,patch"
Closure,146,Closure-146,0.0,0.25,0.0357142857142857,0.0434782608695652,0.0079365079365079,0.0,4.0,28.0,23.0,126.0,0.0,0.0,0.0,0.0,0.0,0.0,1.0,0.0,0.0,0.0,-1.0231586669890729,-0.4554019288379759,0.2553238070388551,0.361152164058603,-0.2730111944760022,-1.5589206563024864,1.5882268573455445,-0.2020454871191189,-0.2073567129463963,-0.5251530779927517,0.4023489388231981,-0.2192296649910203,-0.3124943305803233,-0.4995211341402941,-0.673136533919824,-23.18,12.44,53.17,19.0,40.7,13.8,0.7708333333333334,0.4406779661016951,5,5,4,4,1,4,1,4,3,1.1076975512434226,1.1076975512434226,0.4984638980595403,0.4984638980595403,-1.329237061492107,0.4984638980595403,0.4984638980595403,0.4984638980595403,-1.9384707146759896,-1.329237061492107,-0.1107697551243421,0.4,0.65,0.3,0,4,0.8543608112243115,0.1999999999999999,1.0,441.0,63.0,14.0,0.0317460317460317,0.2222222222222222,0.0285714285714285,0,515.0,6283211.0,-0.7977119766339881,-0.70287777031615,-0.6450552541976357,-0.6028194775205034,-0.9942554810346128,1.4462904983191245,False,False,False,False,True,False,False,False,True,True,False,False,False,False,True,False,False,False,True,False,True,Medium,,False,False,
Math,66,Math-66,0.25,0.3333333333333333,0.5,0.5,1.0,4.0,3.0,2.0,2.0,1.0,0.0,1.0,0.0,0.0,1.0,1.0,1.0,1.0,1.0,1.0,0.0449108258598176,-0.7576758641159647,0.5960651567642975,-0.1306197458834468,0.2319908443389094,0.3024561522934181,-0.3447299154714549,-0.2020454871191189,-0.2073567129463963,-0.5251530779927517,-0.4635308650875505,-0.2192296649910203,-0.0494572680454745,-0.7103907736787903,-0.673136533919824,39.03,12.5,50.55,11.6,15.7,12.8,0.9166666666666666,0.7908496732026142,2,1,0,0,1,2,4,1,1,1.6510016510024763,0.2540002540003809,-1.1430011430017146,-1.1430011430017146,0.2540002540003809,1.6510016510024763,0.2540002540003809,0.2540002540003809,-1.1430011430017146,-1.1430011430017146,0.2540002540003809,0.2,0.1,0.1154700538379251,0,0,0.8313873136472757,0.6,1.0,169.0,76.0,13.0,0.0769230769230769,0.1710526315789473,0.0560344827586206,0,719.0,6141753.0,0.0736766948591831,0.363561074525272,1.530944842185771,0.3684732874943819,0.8129170032687542,0.0357465421259679,False,False,False,False,True,False,False,False,True,True,False,False,False,False,False,True,False,False,True,False,False,Major,,False,False,
Math,72,Math-72,0.1666666666666666,1.0,1.0,1.0,1.0,6.0,1.0,1.0,1.0,1.0,0.0,1.0,1.0,1.0,1.0,0.0,1.0,1.0,1.0,1.0,-0.1993234950305429,-0.1531279935599871,-1.3575719354228808,-0.8125368291654477,0.7530246939098532,0.5200763663026374,-0.3447299154714549,-0.2020454871191189,-0.2073567129463963,-0.5251530779927517,-0.4635308650875505,-0.2192296649910203,-0.1809757993128989,-0.7103907736787903,0.2959479588785432,30.23,17.04,66.99,17.1,22.8,14.1,0.9583333333333334,0.916083916083916,4,5,3,3,1,2,2,4,2,1.0119288512538815,1.707629936490925,0.316227766016838,0.316227766016838,-1.075174404457249,-0.3794733192202055,0.316227766016838,1.0119288512538815,-1.7708754896942926,-1.075174404457249,-0.3794733192202055,0.2,0.55,0.2516611478423583,0,3,0.8463255981837896,0.6,1.0,206.0,59.0,19.0,0.0922330097087378,0.3220338983050847,0.0772357723577235,0,797.0,6326669.0,1.6421763035468917,2.283150995239831,0.4312458687446945,0.3381203885876668,3.3014823914897846,0.010558257193947,False,False,False,False,True,True,False,False,False,True,False,False,False,False,False,True,False,False,True,False,True,Critical,,False,False,
Closure,29,Closure-29,0.0,0.25,0.0029154518950437,0.0020408163265306,0.0041666666666666,0.0,4.0,343.0,490.0,240.0,0.0,0.0,0.0,0.0,0.0,0.0,1.0,0.0,0.0,0.0,-1.0231586669890729,-0.7576758641159647,0.8034913318120218,-0.7441327103715287,-1.081014456579866,-0.2443595587448429,1.5882268573455445,-0.2020454871191189,-0.2073567129463963,-0.5251530779927517,-0.4635308650875505,-0.2192296649910203,-0.3124943305803233,0.3439574240136908,1.2650324516769105,5.19,9.26,54.65,16.3,38.0,13.7,0.6875,0.4039735099337748,4,5,4,4,1,3,3,2,2,0.970142500145332,1.6371154689952476,0.970142500145332,0.970142500145332,-1.0307764064044151,0.3031695312954162,-0.3638034375544994,-0.3638034375544994,-1.697749375254331,-1.0307764064044151,-0.3638034375544994,0.3,0.55,0.3,0,4,0.9544832429519248,0.4,1.0,320.0,63.0,15.0,0.046875,0.238095238095238,0.0407608695652173,0,977.0,12588229.0,-0.7977119766339881,-0.70287777031615,-0.6450552541976357,-0.6028194775205034,-0.9942554810346128,1.4462904983191245,False,False,False,False,True,True,False,False,False,True,False,False,False,False,True,False,False,False,True,False,True,High,,False,False,
Lang,12,Lang-12,0.3333333333333333,1.0,1.0,1.0,1.0,3.0,1.0,1.0,1.0,1.0,0.0,1.0,1.0,1.0,1.0,1.0,1.0,1.0,1.0,1.0,0.1994710528113294,-0.1531279935599871,0.4670093310179037,-0.632136005091455,1.290866087015343,0.9242506800496728,0.1845320580379615,-0.2020454871191189,-0.2073567129463963,0.6929103112404362,-0.4635308650875505,-0.2192296649910203,0.4766168570242229,-0.2886514946017978,-0.673136533919824,54.42,10.9,46.8,9.8,16.1,11.5,0.8333333333333334,0.459154929577465,5,5,4,4,5,4,3,5,3,0.9899494936611666,0.9899494936611666,0.2121320343559644,0.2121320343559644,0.9899494936611666,0.2121320343559644,-1.34350288425444,0.9899494936611666,-0.5656854249492378,-2.1213203435596424,-0.5656854249492378,0.9,0.9,0.1154700538379251,0,20,0.8094870854631411,0.7,1.0,173.0,72.0,21.0,0.1213872832369942,0.2916666666666667,0.09375,0,232.0,4092970.0,1.99073177214416,-0.169658347895439,0.4975931982411395,0.7266374945936209,0.5543647551418941,-0.0368683333537315,True,False,False,False,True,False,False,False,True,True,False,True,False,False,False,False,False,False,True,False,True,Blocker,,False,False,
JacksonDatabind,81,JacksonDatabind-81,0.5,1.0,1.0,0.0769230769230769,0.032258064516129,2.0,1.0,1.0,13.0,31.0,0.0,1.0,1.0,0.0,0.0,1.0,1.0,1.0,0.0,0.0,-0.2649386857175054,-0.4554019288379759,0.163550961067534,-0.5189864487453718,2.226888400983462,0.7973055697202914,-0.989048839743788,-0.2020454871191189,-0.2073567129463963,-0.5251530779927517,-0.4635308650875505,-0.2192296649910203,-0.1809757993128989,-0.2886514946017978,-0.673136533919824,11.21,14.18,61.25,16.1,23.5,15.3,0.8125,0.5090909090909089,1,1,0,0,3,0,4,0,0,0.4125684985035173,0.4125684985035173,-0.7219948723811553,-0.7219948723811553,2.681695240272863,-0.7219948723811553,0.4125684985035173,-0.7219948723811553,0.4125684985035173,-0.7219948723811553,-0.7219948723811553,0.1666666666666666,0.15,0.3,0,0,0.4771504718148601,1.0,1.0,442.0,67.0,25.0,0.0565610859728506,0.373134328358209,0.0516528925619834,0,867.0,6079158.0,-0.7977119766339881,-0.70287777031615,-0.6450552541976357,-0.5663959988324452,0.6203494434659366,0.124177355412486,False,False,False,False,True,False,False,False,True,True,False,False,True,False,False,False,False,False,True,False,False,,,False,False,
Time,19,Time-19,1.0,0.5,0.25,1.0,0.25,1.0,2.0,4.0,1.0,4.0,1.0,0.0,0.0,1.0,0.0,1.0,1.0,1.0,1.0,1.0,-0.2284858020025262,-0.4554019288379759,0.3156593118482909,0.0190311732716579,0.4038501769199036,-0.7620114748230842,-1.5873449837109543,-0.2020454871191189,-0.2073567129463963,-0.5251530779927517,-0.4635308650875505,-0.2192296649910203,0.7396539195590717,0.5548270635521871,1.2650324516769105,45.32,6.77,45.67,9.2,20.7,10.3,0.7916666666666666,0.3239436619718311,5,5,5,5,5,4,1,5,4,0.6862435664967211,0.6862435664967211,0.6862435664967211,0.6862435664967211,0.6862435664967211,-0.1524985703326045,-0.1524985703326045,0.6862435664967211,-0.99124070716193,-2.6687249808205813,-0.1524985703326045,0.9,1.0,0.0,0,25,0.8097257507775505,0.7,1.0,531.0,45.0,24.0,0.0451977401129943,0.5333333333333333,0.0434782608695652,0,314.0,5488513.0,0.2479544291578174,0.5768488434935564,0.9958628512718186,-0.4753373021122996,-0.3390699964983983,-1.4367458039518133,False,True,False,False,True,True,False,False,False,True,False,False,False,False,False,True,False,False,True,False,True,,,False,False,
JacksonDatabind,95,JacksonDatabind-95,0.1428571428571428,1.0,0.25,1.0,0.5,7.0,1.0,4.0,1.0,2.0,0.0,1.0,0.0,1.0,0.0,0.0,1.0,1.0,1.0,1.0,0.6507577532027717,0.4514198769959905,0.6908568070900551,-0.289528080728083,1.290866087015343,0.4030607963269231,0.4146459595637947,1.732679074170609,3.0538956987191,1.910973700473624,-0.4635308650875505,-0.2192296649910203,0.0820612632219498,0.1330877844751946,0.2959479588785432,-28.9,9.94,42.12,19.1,35.0,10.8,0.8958333333333334,0.761904761904762,5,5,5,4,2,4,1,3,3,1.079127485069423,1.079127485069423,1.079127485069423,0.4543694673976517,-0.7951465679458909,0.4543694673976517,0.4543694673976517,-0.1703885502741196,-2.0446626032894337,-1.4199045856176622,-0.1703885502741196,0.4,0.7000000000000001,0.2581988897471611,1,10,0.7922389258430198,0.7,2.0,575.0,94.0,46.0,0.08,0.4893617021276595,0.0738362760834671,0,816.0,5694448.0,-0.7977119766339881,-0.70287777031615,-0.6450552541976357,-0.4935490414563288,-0.9927888583399987,-1.1732911346110235,True,False,False,False,True,True,False,False,False,True,False,False,False,True,False,False,False,False,True,False,True,,,False,False,
Time,25,Time-25,0.25,0.0,0.3333333333333333,1.0,0.0,4.0,0.0,3.0,1.0,0.0,0.0,0.0,0.0,1.0,0.0,1.0,0.0,1.0,1.0,0.0,-0.1140237471374916,0.1491459417180017,0.5282740506635553,0.0388659434181366,0.7530246939098532,-0.5604649300670507,-1.5873449837109543,-0.2020454871191189,-0.2073567129463963,-0.5251530779927517,1.2682287427339467,-0.2192296649910203,0.0820612632219498,0.7656967030906834,1.2650324516769105,50.43,7.26,38.07,9.3,15.7,10.3,0.8333333333333334,0.5646258503401361,5,5,4,4,3,3,1,5,3,1.0533703247651751,1.0533703247651751,0.4096440151864569,0.4096440151864569,-0.2340822943922612,-0.2340822943922612,0.4096440151864569,1.0533703247651751,-2.1652612231284154,-1.5215349135496974,-0.2340822943922612,0.3,0.8,0.1632993161855452,0,12,0.9361286273149562,0.6,1.0,528.0,55.0,31.0,0.0587121212121212,0.5636363636363636,0.056159420289855,0,733.0,12107910.0,0.0736766948591831,-0.3829461168637234,0.4141617239360861,-0.4935490414563288,-0.2261797439293566,-1.0483754772105958,True,True,False,False,True,True,False,False,False,True,False,False,False,False,False,True,False,False,True,False,True,,,False,False,
JacksonDatabind,42,JacksonDatabind-42,0.0,1.0,0.037037037037037,0.0416666666666666,0.002906976744186,0.0,1.0,27.0,24.0,344.0,0.0,1.0,0.0,0.0,0.0,0.0,1.0,0.0,0.0,0.0,-0.2591062243231087,-0.1531279935599871,-0.0075725747559361,0.4030109678049293,-1.6988993040710567,0.2311745183125989,0.4146459595637947,-0.2020454871191189,-0.2073567129463963,1.910973700473624,-0.4635308650875505,-0.2192296649910203,-0.3124943305803233,-0.4995211341402941,0.2959479588785432,-9.31,14.09,51.64,17.8,26.7,15.1,0.875,0.75,4,5,4,4,1,2,2,2,2,0.970142500145332,1.6371154689952476,0.970142500145332,0.970142500145332,-1.0307764064044151,-0.3638034375544994,0.3031695312954162,-0.3638034375544994,-1.697749375254331,-1.0307764064044151,-0.3638034375544994,0.2,0.55,0.3,0,4,0.8537252645259287,0.4,1.0,159.0,55.0,15.0,0.0943396226415094,0.2727272727272727,0.0753768844221105,0,723.0,4997646.0,-0.7977119766339881,-0.70287777031615,-0.6450552541976357,-0.5056902010190149,-0.2634862797316119,-0.2696173155372968,True,True,False,False,True,True,False,False,False,True,False,False,False,False,False,True,False,False,True,False,True,,,False,False,
JacksonDatabind,56,JacksonDatabind-56,0.3333333333333333,0.5,0.0238095238095238,0.3333333333333333,0.1666666666666666,3.0,2.0,42.0,3.0,6.0,0.0,0.0,0.0,0.0,0.0,1.0,1.0,0.0,1.0,0.0,-0.30941120384978,-0.7576758641159647,-1.4195693243560046,-0.3006712262257119,0.0619124374841446,0.1924380969850286,0.4146459595637947,-0.2020454871191189,-0.2073567129463963,-0.5251530779927517,-0.4635308650875505,-0.2192296649910203,-0.3124943305803233,-0.4995211341402941,0.2959479588785432,3.56,14.9,54.09,17.0,22.5,15.9,0.8333333333333334,0.5789473684210528,5,5,2,3,5,3,2,5,3,1.1844461242957498,1.1844461242957498,-1.1147728228665883,-0.3483665071458088,1.1844461242957498,-0.3483665071458088,-0.3483665071458088,1.1844461242957498,-0.3483665071458088,-1.8811791385873675,-0.3483665071458088,0.8,0.75,0.3,-1,10,0.676313001931381,0.4,1.0,160.0,65.0,16.0,0.1,0.2461538461538461,0.0765550239234449,0,750.0,5291292.0,-0.7977119766339881,-0.70287777031615,-0.6450552541976357,-0.5785371583951312,0.717456161657101,-0.0344986494401765,False,False,False,False,True,True,False,False,False,True,False,False,False,False,False,True,False,False,True,False,True,,,False,False,
JacksonDatabind,57,JacksonDatabind-57,0.2,1.0,1.0,1.0,1.0,5.0,1.0,1.0,1.0,1.0,0.0,1.0,1.0,1.0,1.0,1.0,1.0,1.0,1.0,1.0,-0.5142764103279631,0.4514198769959905,-1.2973388809753912,-0.5356612425841973,1.474022885748566,0.3241078953873654,0.4146459595637947,-0.2020454871191189,-0.2073567129463963,-0.5251530779927517,-0.4635308650875505,-0.2192296649910203,-0.1809757993128989,-0.4995211341402941,-0.673136533919824,-30.43,13.32,52.96,19.7,34.7,11.8,0.625,0.1818181818181818,5,5,3,4,3,4,1,4,3,1.164964745021435,1.164964745021435,-0.1839418018454899,0.4905114715879725,-0.1839418018454899,0.4905114715879725,0.4905114715879725,0.4905114715879725,-1.5328483487124147,-2.207301622145877,-0.1839418018454899,0.5666666666666667,0.7,0.1154700538379251,-1,9,0.8941063868597533,0.1999999999999999,1.0,483.0,50.0,25.0,0.05175983436853,0.5,0.0492125984251968,0,750.0,5291944.0,-0.7977119766339881,-0.70287777031615,-0.6450552541976357,-0.5967488977391603,-0.2091723526077401,-0.2143154673196351,False,False,False,False,True,False,False,False,True,True,False,False,False,False,False,True,False,False,True,False,False,,,False,False,
JacksonDatabind,43,JacksonDatabind-43,0.0,0.0,0.0263157894736842,0.0039525691699604,0.0119047619047619,0.0,0.0,38.0,253.0,84.0,0.0,0.0,0.0,0.0,0.0,0.0,0.0,0.0,0.0,0.0,4.668594596267778,7.101446453111744,0.4382355003338802,-0.633074724345954,-1.39301571620413,0.97978306385853,-0.989048839743788,-0.2020454871191189,-0.2073567129463963,-0.5251530779927517,1.2682287427339467,-0.2192296649910203,0.0820612632219498,-1.1321300527557827,0.2959479588785432,66.13,7.46,39.05,7.4,9.5,10.4,0.9375,0.7352941176470588,0,0,0,0,1,0,4,0,0,-0.4714045207910317,-0.4714045207910317,-0.4714045207910317,-0.4714045207910317,2.1213203435596424,-0.4714045207910317,2.1213203435596424,-0.4714045207910317,-0.4714045207910317,-0.4714045207910317,-0.4714045207910317,0.0,0.05,0.1,0,0,0.8535533905932737,0.0,1.0,84.0,231.0,26.0,0.3095238095238095,0.1125541125541125,0.0899653979238754,0,741.0,5208595.0,0.4222321634564516,0.7901366124618407,1.656002318989415,7.112887424566492,0.3371618555206161,-2.025391780515456,True,True,False,False,False,True,False,True,False,True,False,True,False,False,False,False,False,False,True,False,False,,,False,False,
Time,24,Time-24,0.0,0.0,0.0222222222222222,0.008695652173913,0.0085470085470085,0.0,0.0,45.0,115.0,117.0,0.0,0.0,0.0,0.0,0.0,0.0,0.0,0.0,0.0,0.0,-0.8336036716711808,-0.1531279935599871,-2.430552480032976,-0.8755446640882408,-1.6988993040710567,-0.6849517338683829,-1.5873449837109543,-0.2020454871191189,-0.2073567129463963,-0.5251530779927517,-0.4635308650875505,-0.2192296649910203,-0.3124943305803233,-0.7103907736787903,0.2959479588785432,52.56,9.0,39.85,8.5,17.4,10.7,0.9166666666666666,0.826086956521739,4,5,4,4,1,3,1,4,2,0.6974858324629156,1.3368478455539217,0.6974858324629156,0.6974858324629156,-1.2206002068101025,0.0581238193719095,0.6974858324629156,0.6974858324629156,-1.8599622199011083,-1.2206002068101025,-0.5812381937190965,0.3,0.65,0.3,0,4,0.8220879644583141,0.9,1.0,266.0,26.0,10.0,0.037593984962406,0.3846153846153846,0.0354609929078014,0,733.0,12115260.0,0.5965098977550859,1.0034243814301251,1.0232114863629762,-0.5724665786137881,-0.3276754663325512,0.8790876376276962,False,True,False,False,True,True,False,False,False,True,False,False,False,False,False,True,False,False,True,False,True,,,False,False,
JacksonDatabind,94,JacksonDatabind-94,0.3333333333333333,0.0,0.2,0.0333333333333333,0.0088495575221238,3.0,0.0,5.0,30.0,113.0,0.0,0.0,0.0,0.0,0.0,1.0,0.0,1.0,0.0,0.0,-0.4333510084807093,-0.7576758641159647,-2.430552480032188,1.0197513204672497,-0.7627101412056181,0.4401069004905486,-0.989048839743788,-0.2020454871191189,-0.2073567129463963,-0.5251530779927517,-0.4635308650875505,-0.2192296649910203,-0.1809757993128989,-0.9212604132172866,-0.673136533919824,4.14,18.86,73.4,20.9,30.5,19.3,0.9375,0.763157894736842,0,0,0,0,1,1,4,0,0,-0.6123724356957945,-0.6123724356957945,-0.6123724356957945,-0.6123724356957945,1.632993161855452,1.632993161855452,1.632993161855452,-0.6123724356957945,-0.6123724356957945,-0.6123724356957945,-0.6123724356957945,0.1,0.05,0.1,0,0,0.6015551623380972,0.8,1.0,162.0,47.0,6.0,0.037037037037037,0.1276595744680851,0.0295566502463054,0,765.0,5325943.0,-0.7977119766339881,-0.70287777031615,-0.6450552541976357,-0.5906783179578173,1.84981924836085,-0.3932863471665882,False,False,False,False,True,False,False,False,True,True,False,False,False,False,False,False,True,False,False,True,False,,,False,False,
Time,18,Time-18,1.0,0.25,1.0,1.0,0.25,1.0,4.0,1.0,1.0,4.0,1.0,1.0,1.0,1.0,0.0,1.0,1.0,1.0,1.0,1.0,-0.7016442326229562,-0.7576758641159647,-0.0130229340114783,0.3679811303403258,-0.4379098193951574,-0.6656884331159172,-1.5873449837109543,-0.2020454871191189,-0.2073567129463963,0.6929103112404362,-0.4635308650875505,-0.2192296649910203,-0.3124943305803233,-0.4995211341402941,-0.673136533919824,57.87,8.35,40.16,8.5,14.9,10.4,0.8333333333333334,0.596638655462185,5,5,5,5,1,4,1,5,3,0.8457816116784908,0.8457816116784908,0.8457816116784908,0.8457816116784908,-1.3433002067834854,0.2985111570629967,0.2985111570629967,0.8457816116784908,-1.8905706613989792,-1.3433002067834854,-0.2487592975524973,0.4,0.8,0.4,0,5,0.9023959428887466,0.7,1.0,322.0,29.0,18.0,0.0559006211180124,0.6206896551724138,0.054054054054054,0,314.0,5490013.0,-0.100601039439451,0.1502733055569876,1.6298539374759258,-0.5785371583951312,-0.2371522544594317,-0.3718666167739463,True,False,False,False,True,False,False,False,True,True,False,False,False,False,False,True,False,False,True,False,True,,,False,False,
JacksonCore,26,JacksonCore-26,0.1666666666666666,1.0,0.0666666666666666,0.1,0.5,6.0,1.0,15.0,10.0,2.0,0.0,1.0,0.0,0.0,0.0,0.0,1.0,0.0,0.0,1.0,0.5771229280985138,0.1491459417180017,0.8549438929088609,-0.247947395992835,-0.7627101412056181,0.562397396692826,0.4146459595637947,-0.2020454871191189,-0.2073567129463963,-0.5251530779927517,-0.4635308650875505,-0.2192296649910203,-0.1809757993128989,0.5548270635521871,0.2959479588785432,-21.97,11.12,53.46,18.5,29.2,13.2,0.8541666666666666,0.5862068965517241,5,5,5,5,2,5,0,5,4,0.656599153958937,0.656599153958937,0.656599153958937,0.656599153958937,-1.0101525445522108,0.656599153958937,0.656599153958937,0.656599153958937,-2.121320343559643,-1.565736444055927,0.1010152544552209,0.5,0.85,0.3,0,10,0.8067835856216312,1.0,1.0,528.0,84.0,37.0,0.0700757575757575,0.4404761904761904,0.0643478260869565,0,254.0,2366476.0,-0.7977119766339881,-0.70287777031615,-0.6450552541976357,-0.3964197649548402,-0.6772596518207435,-0.9571488607974716,True,True,False,False,True,True,False,False,False,True,False,False,False,False,False,True,False,False,True,False,True,,,False,False,
JacksonDatabind,80,JacksonDatabind-80,0.1666666666666666,1.0,0.3333333333333333,0.0063291139240506,0.0029940119760479,6.0,1.0,3.0,158.0,334.0,0.0,1.0,0.0,0.0,0.0,0.0,1.0,1.0,0.0,0.0,-0.5186507563737606,0.1491459417180017,-0.7243153069321231,0.5323226092879519,0.5775185551070113,0.2755711975712723,-0.989048839743788,-0.2020454871191189,-0.2073567129463963,-0.5251530779927517,-0.4635308650875505,-0.2192296649910203,-0.1809757993128989,-0.7103907736787903,-0.673136533919824,15.34,20.03,65.46,18.6,26.6,18.2,0.8125,0.4404145077720208,0,0,0,0,1,0,4,0,0,-0.4714045207910317,-0.4714045207910317,-0.4714045207910317,-0.4714045207910317,2.1213203435596424,-0.4714045207910317,2.1213203435596424,-0.4714045207910317,-0.4714045207910317,-0.4714045207910317,-0.4714045207910317,0.0,0.05,0.1,0,0,0.6713042663597266,1.0,1.0,119.0,47.0,13.0,0.1092436974789916,0.2765957446808511,0.0849673202614379,0,867.0,6077586.0,-0.7977119766339881,-0.70287777031615,-0.6450552541976357,-0.5785371583951312,1.316555236599201,0.0191349133535958,False,False,False,False,True,False,False,False,True,True,False,False,False,False,True,False,False,False,True,False,False,,,False,False,
Closure,28,Closure-28,0.0,0.0,0.0025252525252525,0.0023364485981308,0.0027322404371584,0.0,0.0,396.0,428.0,366.0,0.0,0.0,0.0,0.0,0.0,0.0,0.0,0.0,0.0,0.0,-1.0231586669890729,-0.4554019288379759,-2.430552480033038,4.163331944642799,1.290866087015343,-1.297513344531114,1.5882268573455445,-0.2020454871191189,-0.2073567129463963,-0.5251530779927517,-0.4635308650875505,-0.2192296649910203,-0.3124943305803233,-0.9212604132172866,-0.673136533919824,-67.92,14.72,57.4,25.8,61.1,14.2,0.7083333333333334,0.4246575342465754,3,4,3,4,1,3,3,1,1,0.6933752452815364,1.4560880150912263,0.6933752452815364,1.4560880150912263,-0.8320502943378436,0.6933752452815364,-0.0693375245281535,-0.8320502943378436,-1.5947630641475337,-0.8320502943378436,-0.8320502943378436,0.3,0.4499999999999999,0.3,-1,3,0.9372252724166888,0.4,1.0,85.0,46.0,5.0,0.0588235294117647,0.108695652173913,0.0396825396825396,0,977.0,12589068.0,-0.7977119766339881,-0.70287777031615,-0.6450552541976357,-0.6028194775205034,-0.9942554810346128,1.4462904983191245,False,False,False,False,True,False,False,False,True,True,False,False,False,False,True,False,False,False,True,False,True,Medium,,False,False,
Math,73,Math-73,0.2,1.0,1.0,1.0,1.0,5.0,1.0,1.0,1.0,1.0,0.0,1.0,1.0,1.0,1.0,1.0,1.0,1.0,1.0,1.0,-0.1905748029389479,-0.1531279935599871,-0.716855130187759,-0.7212083498369221,0.2319908443389094,0.070126097689681,-0.3447299154714549,-0.2020454871191189,-0.2073567129463963,0.6929103112404362,-0.4635308650875505,-0.2192296649910203,-0.0494572680454745,-0.4995211341402941,-0.673136533919824,41.7,12.21,54.96,12.7,18.6,12.0,0.8125,0.6129032258064516,4,5,2,3,2,2,2,4,2,1.0307764064044151,1.697749375254331,-0.3031695312954162,0.3638034375544994,-0.3031695312954162,-0.3031695312954162,0.3638034375544994,1.0307764064044151,-1.6371154689952476,-1.6371154689952476,-0.3031695312954162,0.2,0.55,0.1914854215512676,-1,4,0.9749930770440952,0.9,1.0,203.0,65.0,25.0,0.1231527093596059,0.3846153846153846,0.102880658436214,0,797.0,6326161.0,1.8164540378455256,2.496438764208116,0.2567105515108032,0.3441909683690098,1.7016903562048364,0.1941634284908778,True,False,False,False,True,False,False,False,True,True,False,True,False,False,False,False,False,False,True,False,False,Critical,,False,False,
Lang,13,Lang-13,1.0,1.0,0.5,1.0,1.0,1.0,1.0,2.0,1.0,1.0,1.0,1.0,0.0,1.0,1.0,1.0,1.0,1.0,1.0,1.0,1.1888023168358646,1.0559677475519682,0.9752043053489812,-0.0207968029323402,-0.1064125837329401,0.5153313885842272,0.1845320580379615,-0.2020454871191189,0.0891207790231942,1.910973700473624,-0.4635308650875505,-0.2192296649910203,0.0820612632219498,0.3439574240136908,0.2959479588785432,10.06,10.73,47.87,14.5,24.0,12.5,0.9375,0.763157894736842,5,5,4,4,5,4,1,5,4,0.8864052604279183,0.8864052604279183,0.0,0.0,0.8864052604279183,0.0,0.0,0.8864052604279183,-0.8864052604279183,-2.6592157812837547,0.0,0.9,0.9,0.1154700538379251,0,20,0.971739585479325,0.8,1.0,198.0,107.0,39.0,0.1969696969696969,0.3644859813084112,0.1466165413533834,1,232.0,4092451.0,0.7707876320537201,1.2167121503984095,0.3459942946502525,0.7023551754682488,-0.3350819109403519,-0.7463863322732421,True,True,False,False,True,True,False,False,False,True,False,True,False,False,False,False,False,False,True,False,True,Major,,False,False,
Math,67,Math-67,1.0,0.5,1.0,1.0,1.0,1.0,2.0,1.0,1.0,1.0,1.0,1.0,1.0,1.0,1.0,1.0,1.0,1.0,1.0,1.0,0.0463689412084168,-0.7576758641159647,-0.2423905947314886,-0.3862017442908974,0.7530246939098532,0.2065759872587401,-0.3447299154714549,-0.2020454871191189,-0.2073567129463963,-0.5251530779927517,-0.4635308650875505,-0.2192296649910203,-0.1809757993128989,-0.4995211341402941,0.2959479588785432,13.62,19.05,67.34,19.3,25.2,17.4,0.8958333333333334,0.7530864197530865,5,5,2,3,5,2,2,4,3,1.34350288425444,1.34350288425444,-0.9899494936611666,-0.2121320343559644,1.34350288425444,-0.9899494936611666,-0.2121320343559644,0.5656854249492378,-0.2121320343559644,-1.7677669529663689,-0.2121320343559644,0.7,0.7,0.2581988897471611,-1,10,0.649803541938266,0.9,1.0,188.0,65.0,23.0,0.1223404255319148,0.3538461538461538,0.1,0,713.0,6105343.0,0.2479544291578174,0.5768488434935564,0.5906978869583731,0.4352496650891553,3.597740175801812,-0.0175933553771347,False,True,False,False,True,True,False,False,False,True,False,False,False,False,False,True,False,False,True,False,True,Trivial,,False,False,
Closure,14,Closure-14,0.0,0.25,0.005813953488372,0.5,0.0833333333333333,0.0,4.0,172.0,2.0,12.0,0.0,0.0,0.0,0.0,0.0,0.0,1.0,0.0,1.0,0.0,-1.0231586669890729,-0.4554019288379759,0.5283603874734285,-0.1795068675811335,-1.081014456579866,-1.0391075366384952,1.5882268573455445,-0.2020454871191189,-0.2073567129463963,-0.5251530779927517,1.2682287427339467,-0.2192296649910203,-0.3124943305803233,-0.4995211341402941,0.2959479588785432,5.19,10.23,52.0,16.3,38.4,13.0,0.8125,0.6275862068965518,3,4,4,4,1,1,2,1,0,0.6504436355879909,1.3008872711759818,1.3008872711759818,1.3008872711759818,-0.6504436355879909,-0.6504436355879909,0.6504436355879909,-0.6504436355879909,-1.3008872711759818,-0.6504436355879909,-1.3008872711759818,0.1,0.5,0.3464101615137754,0,4,0.9674930488749977,0.8,1.0,421.0,53.0,14.0,0.0332541567695962,0.2641509433962264,0.0304347826086956,0,981.0,12678134.0,-0.7977119766339881,-0.70287777031615,-0.6450552541976357,-0.6028194775205034,-0.9942554810346128,1.4462904983191245,False,False,False,False,True,True,False,False,False,True,False,False,False,False,True,False,False,False,True,False,True,Medium,,False,False,
Closure,147,Closure-147,0.0,1.0,0.0069930069930069,0.0106382978723404,0.1666666666666666,0.0,1.0,143.0,94.0,6.0,0.0,1.0,0.0,0.0,0.0,0.0,1.0,0.0,0.0,0.0,-1.0231586669890729,-0.4554019288379759,0.3272366006137041,-0.1258293577062526,-1.546710917989482,-1.2895142924229857,1.5882268573455445,-0.2020454871191189,-0.2073567129463963,-0.5251530779927517,-0.4635308650875505,-0.2192296649910203,-0.3124943305803233,-0.0777818550633016,2.2341169444752773,18.11,8.25,45.36,13.4,31.3,11.9,0.625,0.28,3,4,5,4,1,3,2,2,1,0.3638034375544994,1.0307764064044151,1.697749375254331,1.0307764064044151,-0.970142500145332,0.3638034375544994,0.3638034375544994,-0.3031695312954162,-1.6371154689952476,-0.970142500145332,-0.970142500145332,0.3,0.6,0.3651483716701107,1,5,0.9142099047821072,0.4,2.0,287.0,82.0,17.0,0.0592334494773519,0.2073170731707317,0.0482954545454545,0,515.0,6314267.0,-0.7977119766339881,-0.70287777031615,-0.6450552541976357,-0.6028194775205034,-0.9942554810346128,1.4462904983191245,False,False,False,False,True,True,False,False,False,True,False,False,False,False,True,False,False,False,True,False,True,Medium,,False,False,
Cli,12,Cli-12,0.3333333333333333,0.0,0.2,0.0666666666666666,0.1666666666666666,3.0,0.0,5.0,15.0,6.0,0.0,0.0,0.0,0.0,0.0,1.0,0.0,1.0,0.0,0.0,1.6495667669932017,0.4514198769959905,0.6743467820628556,-0.6796139664335973,-0.1064125837329401,1.2478804620372923,0.1845320580379615,-0.2020454871191189,0.0891207790231942,0.6929103112404362,2.134108546644695,-0.2192296649910203,-0.3124943305803233,2.452653819398653,0.2959479588785432,50.02,9.04,39.04,9.5,13.5,10.9,0.9583333333333334,0.8500000000000001,5,5,4,4,5,3,1,5,4,0.9370425713316364,0.9370425713316364,0.0780868809443029,0.0780868809443029,0.9370425713316364,-0.7808688094430304,0.0780868809443029,0.9370425713316364,-0.7808688094430304,-2.498780190217697,0.0780868809443029,0.8,0.9,0.1154700538379251,0,20,0.9190628842773924,0.9,1.0,112.0,140.0,22.0,0.1964285714285714,0.1571428571428571,0.0956521739130434,0,45.0,273990.0,0.9450653663523544,1.429999919366694,-0.1816478262641324,0.8844725689085398,0.3265604740231759,-1.100172694435399,True,False,False,False,True,True,False,False,False,True,False,False,False,False,False,True,False,False,True,False,True,Major,,False,False,
Closure,153,Closure-153,0.0,0.0,0.0113636363636363,0.0033112582781456,0.0434782608695652,0.0,0.0,88.0,302.0,23.0,0.0,0.0,0.0,0.0,0.0,0.0,0.0,0.0,0.0,0.0,-1.0231586669890729,-0.7576758641159647,0.1139769218500318,-0.0191192568298774,-0.6011343465993985,-0.125309878965719,1.5882268573455445,-0.2020454871191189,-0.2073567129463963,-0.5251530779927517,-0.4635308650875505,-0.2192296649910203,-0.3124943305803233,0.1330877844751946,-0.673136533919824,2.0,8.01,53.65,15.5,38.2,11.9,0.75,0.5076923076923077,4,5,5,5,1,5,0,4,3,0.2985111570629967,0.8457816116784908,0.8457816116784908,0.8457816116784908,-1.3433002067834854,0.8457816116784908,0.8457816116784908,0.2985111570629967,-1.8905706613989792,-1.3433002067834854,-0.2487592975524973,0.5,0.75,0.3785938897200182,0,5,0.9023959428887466,0.5,2.0,442.0,66.0,17.0,0.0384615384615384,0.2575757575757575,0.0346232179226069,0,545.0,7045046.0,-0.7977119766339881,-0.70287777031615,-0.6450552541976357,-0.6028194775205034,-0.9942554810346128,1.4462904983191245,True,False,False,False,True,False,False,False,True,True,False,False,False,False,True,False,False,False,True,False,True,Medium,,False,False,
Csv,8,Csv-8,1.0,1.0,0.3333333333333333,1.0,0.3333333333333333,1.0,1.0,3.0,1.0,3.0,1.0,1.0,0.0,1.0,0.0,1.0,1.0,1.0,1.0,1.0,-0.104545997371597,-0.1531279935599871,-0.2278358796219007,0.0039076634696691,-1.081014456579866,1.0760180586671215,-0.5748438169972881,-0.2020454871191189,-0.2073567129463963,-0.5251530779927517,-0.4635308650875505,-0.2192296649910203,-0.1809757993128989,-0.4995211341402941,1.2650324516769105,34.8,17.97,69.76,15.3,20.9,16.5,0.8333333333333334,0.6695352839931153,3,5,1,1,1,2,3,1,2,0.9977851578566088,2.4612033893796355,-0.4656330736664176,-0.4656330736664176,-0.4656330736664176,0.2660760420950956,0.2660760420950956,-0.4656330736664176,-1.1973421894279308,-1.1973421894279308,0.2660760420950956,0.2,0.2,0.0,0,1,0.9479158199822616,0.6,1.0,297.0,65.0,19.0,0.0639730639730639,0.2923076923076923,0.0553935860058309,0,25.0,241396.0,1.2936208349496228,1.856575457303263,0.4197958567984995,0.5141672022466147,2.7830312689437364,0.4163695144320579,False,False,False,False,True,True,False,False,False,True,False,False,False,False,True,False,False,False,True,False,False,Major,,False,False,
Math,98,Math-98,0.5,1.0,1.0,1.0,1.0,2.0,1.0,1.0,1.0,1.0,0.0,1.0,1.0,1.0,1.0,1.0,1.0,1.0,1.0,1.0,0.2446726286179036,0.1491459417180017,-0.0516371716936276,0.0358700807589523,0.5775185551070113,-0.1225815189887426,-0.3447299154714549,-0.2020454871191189,-0.2073567129463963,-0.5251530779927517,-0.4635308650875505,-0.2192296649910203,-0.1809757993128989,-0.2886514946017978,0.2959479588785432,36.18,11.93,50.53,12.7,16.6,11.7,0.8958333333333334,0.7530864197530865,4,5,2,3,5,2,1,5,3,0.4900980294098033,1.2602520756252087,-1.0502100630210074,-0.280056016805602,1.2602520756252087,-1.0502100630210074,0.4900980294098033,1.2602520756252087,-0.280056016805602,-1.820364109236413,-0.280056016805602,0.7,0.75,0.3,-1,10,0.8148156443487988,0.9,2.0,397.0,81.0,30.0,0.0755667506297229,0.3703703703703703,0.0669642857142857,0,558.0,3402583.0,0.7707876320537201,1.2167121503984095,0.6061448012228232,0.6902140159055626,0.5487538122571964,-0.0439381356713977,True,False,False,False,True,True,False,False,False,True,False,False,False,False,False,True,False,False,True,False,True,Major,,False,False,
Jsoup,17,Jsoup-17,1.0,0.0,0.0,0.0144927536231884,0.0,1.0,0.0,0.0,69.0,0.0,1.0,0.0,0.0,0.0,0.0,1.0,0.0,0.0,0.0,0.0,-0.2984753387352863,-0.1531279935599871,-1.3299296341733242,0.0059092912195185,-1.237791208928377,0.5829190015225295,-0.5748438169972881,-0.2020454871191189,-0.2073567129463963,-0.5251530779927517,-0.4635308650875505,-0.2192296649910203,-0.0494572680454745,-0.9212604132172866,1.2650324516769105,41.23,16.75,59.33,14.9,21.3,14.8,0.7291666666666666,0.4657534246575343,3,5,3,3,4,3,3,3,3,0.0780868809443029,1.7959982617189696,0.0780868809443029,0.0780868809443029,0.9370425713316364,0.0780868809443029,-0.7808688094430304,0.0780868809443029,0.0780868809443029,-2.498780190217697,0.0780868809443029,0.8,0.65,0.1,0,12,0.818304905851396,0.4,1.0,322.0,62.0,19.0,0.0590062111801242,0.3064516129032258,0.0520547945205479,0,69.0,636263.0,-0.7977119766339881,-0.70287777031615,-0.6450552541976357,-0.5967488977391603,1.8413547402376491,-0.4309680019047636,False,False,False,False,True,True,False,False,False,True,False,False,False,False,False,True,False,False,True,False,False,,,False,False,
Codec,15,Codec-15,1.0,1.0,1.0,1.0,1.0,1.0,1.0,1.0,1.0,1.0,1.0,1.0,1.0,1.0,1.0,1.0,1.0,1.0,1.0,1.0,0.0099160574934376,-0.4554019288379759,-0.3024050220959122,0.1888330134127944,0.2319908443389094,0.6529748071785613,-0.5748438169972881,-0.2020454871191189,-0.2073567129463963,-0.5251530779927517,0.4023489388231981,-0.2192296649910203,-0.0494572680454745,-0.7103907736787903,-0.673136533919824,37.2,12.68,55.51,12.3,17.8,13.2,0.9375,0.875,3,4,1,2,4,2,2,3,2,0.4714045207910316,1.3356461422412562,-1.2570787221094175,-0.3928371006591931,1.3356461422412562,-0.3928371006591931,0.4714045207910316,0.4714045207910316,0.4714045207910316,-2.1213203435596424,-0.3928371006591931,0.7,0.5,0.2581988897471611,-1,4,0.7014919881534614,0.6,1.0,197.0,76.0,21.0,0.1065989847715736,0.2763157894736842,0.0833333333333333,2,115.0,1318294.0,0.5965098977550859,1.0034243814301251,1.4402781715031292,0.3988261864010971,0.886981449346761,-0.0168761168402922,False,False,False,False,True,False,False,False,True,True,False,False,False,False,False,True,False,False,True,False,False,Major,,True,False,patch
Cli,4,Cli-4,0.5,0.3333333333333333,0.5,0.25,0.1428571428571428,2.0,3.0,2.0,4.0,7.0,0.0,0.0,0.0,0.0,0.0,1.0,1.0,1.0,1.0,0.0,1.6495667669932017,0.4514198769959905,0.6743467820628556,-0.6796139664335973,-0.1064125837329401,1.2478804620372923,0.1845320580379615,-0.2020454871191189,0.0891207790231942,0.6929103112404362,2.134108546644695,-0.2192296649910203,-0.3124943305803233,2.452653819398653,0.2959479588785432,50.02,9.04,39.04,9.5,13.5,10.9,0.9583333333333334,0.8504672897196264,5,5,4,4,5,3,1,5,4,0.9370425713316364,0.9370425713316364,0.0780868809443029,0.0780868809443029,0.9370425713316364,-0.7808688094430304,0.0780868809443029,0.9370425713316364,-0.7808688094430304,-2.498780190217697,0.0780868809443029,0.8,0.9,0.1154700538379251,0,20,0.9190628842773924,0.9,1.0,183.0,140.0,32.0,0.174863387978142,0.2285714285714285,0.1099656357388316,0,43.0,268503.0,0.9450653663523544,1.429999919366694,-0.1816478262641324,0.8844725689085398,0.3265604740231759,-1.100172694435399,True,False,False,False,True,True,False,False,False,True,False,False,False,False,False,True,False,False,True,False,True,Major,,False,False,
Mockito,16,Mockito-16,1.0,1.0,0.0,0.002092050209205,0.0011682242990654,1.0,1.0,0.0,478.0,856.0,1.0,1.0,0.0,0.0,0.0,1.0,1.0,0.0,0.0,0.0,-1.0231586669890729,-0.7576758641159647,-2.430552480033038,4.163331944642799,0.9303979192957068,-4.097795444638771,-1.8864930556945376,-0.2020454871191189,-0.2073567129463963,-0.5251530779927517,-0.4635308650875505,-0.2192296649910203,-0.3124943305803233,-0.7103907736787903,-0.673136533919824,-23.359999999999985,18.2,58.0,18.505,30.22411764705882,13.02386679866686,0.9375,0.7352941176470588,0,0,0,0,1,0,4,0,0,-0.4714045207910317,-0.4714045207910317,-0.4714045207910317,-0.4714045207910317,2.1213203435596424,-0.4714045207910317,2.1213203435596424,-0.4714045207910317,-0.4714045207910317,-0.4714045207910317,-0.4714045207910317,0.0,0.05,0.1,0,0,0.5201672987207322,1.0,2.0,764.0,13.0,11.0,0.0143979057591623,0.8461538461538461,0.0143603133159268,0,598.0,2417533.0,-0.9719897109326224,-0.9161655392844344,-0.6450552541976357,-0.6028194775205034,-0.9942554810346128,1.4462904983191245,True,False,False,False,True,False,False,False,True,True,False,False,False,False,True,False,False,False,True,False,False,,,False,False,
JxPath,15,JxPath-15,0.0,0.2,0.0333333333333333,0.0526315789473684,0.5,0.0,5.0,30.0,19.0,2.0,0.0,0.0,0.0,0.0,0.0,0.0,1.0,0.0,0.0,1.0,0.0230390956308301,-0.4554019288379759,0.030807519089299,-0.1365222496136858,0.4038501769199036,0.5190222231249443,0.1845320580379615,-0.2020454871191189,-0.2073567129463963,-0.5251530779927517,0.4023489388231981,-0.2192296649910203,-0.0494572680454745,0.3439574240136908,1.2650324516769105,23.46,14.29,65.68,15.5,22.5,14.6,0.9375,0.8043478260869565,5,5,4,4,5,3,1,5,4,0.9370425713316364,0.9370425713316364,0.0780868809443029,0.0780868809443029,0.9370425713316364,-0.7808688094430304,0.0780868809443029,0.9370425713316364,-0.7808688094430304,-2.498780190217697,0.0780868809443029,0.8,0.9,0.1154700538379251,0,20,0.7679259166383979,0.4,1.0,84.0,76.0,10.0,0.119047619047619,0.131578947368421,0.0666666666666666,1,212.0,1206934.0,1.6421763035468917,2.283150995239831,0.3660154976572806,0.3381203885876668,2.2645801463976887,-0.3914467703211025,False,False,False,False,True,True,False,False,False,True,False,False,False,False,False,True,False,False,True,False,True,Major,,False,True,java
JxPath,17,JxPath-17,1.0,0.3333333333333333,0.3333333333333333,0.5,0.5,1.0,3.0,3.0,2.0,2.0,1.0,0.0,0.0,0.0,0.0,1.0,1.0,1.0,1.0,1.0,-0.104545997371597,-0.1531279935599871,-0.6583838241002622,-0.3211876853546242,-1.081014456579866,0.8918044429952344,-0.5748438169972881,-0.2020454871191189,-0.2073567129463963,-0.5251530779927517,-0.4635308650875505,-0.2192296649910203,-0.1809757993128989,-0.7103907736787903,0.2959479588785432,22.79,18.9,74.3,17.9,28.0,17.1,0.8333333333333334,0.5328467153284673,5,5,4,4,5,3,1,5,3,0.99124070716193,0.99124070716193,0.1524985703326045,0.1524985703326045,0.99124070716193,-0.6862435664967211,0.1524985703326045,0.99124070716193,-0.6862435664967211,-2.3637278401553723,-0.6862435664967211,0.8,0.9,0.1154700538379251,0,20,0.8092718832130138,0.9,2.0,105.0,63.0,14.0,0.1333333333333333,0.2222222222222222,0.0909090909090909,0,214.0,1259521.0,0.5965098977550859,1.0034243814301251,0.7647476251493602,0.4170379257451262,3.6964927705724873,0.1700840617634112,False,True,False,False,True,True,False,False,False,True,False,False,False,False,False,True,False,False,True,False,True,Major,,False,False,
Mockito,28,Mockito-28,0.0,0.0,0.125,0.0018018018018018,0.0034129692832764,0.0,0.0,8.0,555.0,293.0,0.0,0.0,0.0,0.0,0.0,0.0,0.0,0.0,0.0,0.0,-1.0231586669890729,-0.7576758641159647,-2.430552480033038,4.163331944642799,0.9303979192957068,-4.097795444638771,-1.8864930556945376,-0.2020454871191189,-0.2073567129463963,-0.5251530779927517,-0.4635308650875505,-0.2192296649910203,-0.3124943305803233,-0.7103907736787903,-0.673136533919824,45.57097505668935,17.746031746031747,53.34467120181406,13.665850340136055,15.711886621315196,15.760457277294734,0.9791666666666666,0.8974358974358972,0,0,0,0,1,0,4,0,0,-0.4714045207910317,-0.4714045207910317,-0.4714045207910317,-0.4714045207910317,2.1213203435596424,-0.4714045207910317,2.1213203435596424,-0.4714045207910317,-0.4714045207910317,-0.4714045207910317,-0.4714045207910317,0.0,0.05,0.1,0,0,0.5201672987207322,1.0,1.0,66.0,84.0,15.0,0.2272727272727272,0.1785714285714285,0.1111111111111111,0,685.0,2618432.0,-0.9719897109326224,-0.9161655392844344,-0.6450552541976357,-0.6028194775205034,-0.9942554810346128,1.4462904983191245,False,False,False,False,True,False,False,False,True,True,False,False,False,False,True,False,False,False,True,False,False,High,,False,False,
Mockito,14,Mockito-14,0.0,0.0,0.0263157894736842,0.0057142857142857,0.0,0.0,0.0,38.0,175.0,0.0,0.0,0.0,0.0,0.0,0.0,0.0,0.0,0.0,0.0,0.0,-1.0231586669890729,-0.7576758641159647,-2.430552480033038,4.163331944642799,0.9303979192957068,-4.097795444638771,-1.8864930556945376,-0.2020454871191189,-0.2073567129463963,-0.5251530779927517,-0.4635308650875505,-0.2192296649910203,-0.3124943305803233,-0.7103907736787903,-0.673136533919824,42.150000000000034,14.66666666666667,40.83333333333333,11.10666666666667,13.810787401574808,13.81666964889586,0.9166666666666666,0.6190476190476188,0,0,0,0,0,0,4,0,0,-0.3162277660168379,-0.3162277660168379,-0.3162277660168379,-0.3162277660168379,-0.3162277660168379,-0.3162277660168379,3.1622776601683795,-0.3162277660168379,-0.3162277660168379,-0.3162277660168379,-0.3162277660168379,0.0,0.0,0.0,0,0,0.9264253169834789,1.0,2.0,114.0,40.0,10.0,0.087719298245614,0.25,0.0694444444444444,0,648.0,2519831.0,-0.9719897109326224,-0.9161655392844344,-0.6450552541976357,-0.6028194775205034,-0.9942554810346128,1.4462904983191245,True,True,False,False,True,False,False,False,True,True,False,False,False,False,True,False,False,False,True,False,False,Medium,,False,False,
Jsoup,29,Jsoup-29,1.0,1.0,0.1666666666666666,0.1428571428571428,0.125,1.0,1.0,6.0,7.0,8.0,1.0,1.0,0.0,0.0,0.0,1.0,1.0,0.0,0.0,0.0,0.0857380556205943,-0.1531279935599871,0.3280703277339309,-0.3929678048468483,-0.2730111944760022,0.0383221809518017,-0.5748438169972881,-0.2020454871191189,-0.2073567129463963,-0.5251530779927517,-0.4635308650875505,-0.2192296649910203,-0.3124943305803233,1.187435982167676,0.2959479588785432,31.92,13.3,50.87,14.3,20.3,14.9,0.7708333333333334,0.4883720930232558,5,5,4,4,2,3,1,5,2,1.1076975512434226,1.1076975512434226,0.4984638980595403,0.4984638980595403,-0.7200034083082246,-0.1107697551243421,0.4984638980595403,1.1076975512434226,-1.9384707146759896,-1.329237061492107,-0.7200034083082246,0.3,0.75,0.2516611478423583,0,8,0.905520764208627,0.4,1.0,182.0,84.0,13.0,0.0714285714285714,0.1547619047619047,0.0513833992094861,0,75.0,630278.0,-0.7977119766339881,-0.70287777031615,-0.6450552541976357,-0.4935490414563288,0.5567411544812954,-0.938933758649632,False,False,False,False,True,True,False,False,False,True,False,False,False,False,False,True,False,False,True,False,True,,,False,False,
Codec,17,Codec-17,1.0,0.5,0.3333333333333333,1.0,1.0,1.0,2.0,3.0,1.0,1.0,1.0,1.0,0.0,1.0,1.0,1.0,1.0,1.0,1.0,1.0,-0.0717384020281157,-0.7576758641159647,0.1199972234103823,0.0563820337470496,-0.9226620584791106,0.2538192272226946,0.1845320580379615,-0.2020454871191189,-0.2073567129463963,-0.5251530779927517,-0.4635308650875505,-0.2192296649910203,-0.0494572680454745,-0.2886514946017978,2.2341169444752773,60.31,7.38,44.61,7.6,16.6,9.8,0.8958333333333334,0.6449704142011837,5,5,4,4,5,4,1,5,4,0.8864052604279183,0.8864052604279183,0.0,0.0,0.8864052604279183,0.0,0.0,0.8864052604279183,-0.8864052604279183,-2.6592157812837547,0.0,0.9,0.9,0.1154700538379251,0,20,0.7259864792426862,0.1999999999999999,1.0,144.0,66.0,15.0,0.1041666666666666,0.2272727272727272,0.0769230769230769,0,122.0,1438756.0,0.9450653663523544,0.1502733055569876,0.5906978869583731,0.380614447057068,-0.1054821280985306,-0.1135173685823029,False,False,False,False,True,True,False,False,False,True,False,False,False,True,False,False,False,False,True,False,True,Major,,False,False,
Jsoup,15,Jsoup-15,0.1666666666666666,0.0,0.0,0.0163934426229508,0.0,6.0,0.0,0.0,61.0,0.0,0.0,0.0,0.0,0.0,0.0,0.0,0.0,0.0,0.0,0.0,0.4021490862666137,1.3582416828299568,0.8480092964679183,-0.4988700447979801,-0.7627101412056181,0.0640402002222395,-0.5748438169972881,-0.2020454871191189,-0.2073567129463963,-0.5251530779927517,-0.4635308650875505,-0.2192296649910203,-0.0494572680454745,1.6091752612446684,0.2959479588785432,49.01,8.61,54.35,9.9,22.3,11.7,0.7916666666666666,0.5563770794824399,3,4,5,4,4,2,2,3,3,-0.0839181358296688,0.8391813582966892,1.762280852423047,0.8391813582966892,0.8391813582966892,-1.007017629956027,-0.0839181358296688,-0.0839181358296688,-1.007017629956027,-1.930117124082385,-0.0839181358296688,0.5333333333333333,0.8,0.1632993161855452,1,20,0.913489945911122,0.6,1.0,322.0,84.0,19.0,0.0590062111801242,0.2261904761904762,0.0490956072351421,0,67.0,630601.0,-0.7977119766339881,-0.70287777031615,-0.6450552541976357,-0.3114316480160378,0.1105391729623227,-1.278994959823753,False,False,False,False,True,True,False,False,False,True,False,False,False,False,False,True,False,False,True,False,True,,,False,False,
Cli,10,Cli-10,1.0,0.5,1.0,0.1111111111111111,0.3333333333333333,1.0,2.0,1.0,9.0,3.0,1.0,0.0,1.0,0.0,0.0,1.0,1.0,1.0,0.0,1.0,0.6704423104088606,-0.4554019288379759,0.8414916630534603,-0.3748171597684219,-0.9226620584791106,0.4048831613898067,0.1845320580379615,-0.2020454871191189,0.0891207790231942,1.910973700473624,2.134108546644695,-0.2192296649910203,-0.0494572680454745,0.3439574240136908,1.2650324516769105,16.89,10.28,51.93,13.9,23.2,12.8,0.9791666666666666,0.9285714285714284,5,5,4,4,5,3,1,5,4,0.9370425713316364,0.9370425713316364,0.0780868809443029,0.0780868809443029,0.9370425713316364,-0.7808688094430304,0.0780868809443029,0.9370425713316364,-0.7808688094430304,-2.498780190217697,0.0780868809443029,0.8,0.9,0.1154700538379251,0,20,0.7679259166383979,0.6,1.0,185.0,87.0,24.0,0.1297297297297297,0.2758620689655172,0.0967741935483871,0,46.0,284484.0,0.5965098977550859,1.0034243814301251,0.5906978869583731,0.6416493776548184,-0.4701070934056413,-0.9960182900698482,True,True,False,False,True,True,False,False,False,True,False,True,False,False,False,False,False,False,True,False,True,Trivial,Parser,False,False,
Closure,145,Closure-145,0.125,0.3333333333333333,0.05,0.010752688172043,0.037037037037037,8.0,3.0,20.0,93.0,27.0,0.0,0.0,0.0,0.0,0.0,0.0,1.0,0.0,0.0,0.0,-1.0231586669890729,1.3582416828299568,-0.6653013123254234,-0.1264811259136775,0.0619124374841446,-0.5684689406080778,1.5882268573455445,-0.2020454871191189,-0.2073567129463963,-0.5251530779927517,0.4023489388231981,-0.2192296649910203,-0.3124943305803233,-0.0777818550633016,-0.673136533919824,16.89,9.05,45.91,13.9,32.2,11.4,0.6458333333333334,0.2527472527472529,4,5,5,4,3,4,1,3,2,0.5369248441712192,1.2751965049066458,1.2751965049066458,0.5369248441712192,-0.2013468165642074,0.5369248441712192,0.5369248441712192,-0.2013468165642074,-1.6778901380350608,-1.6778901380350608,-0.939618477299634,0.5666666666666667,0.75,0.1914854215512676,1,15,0.7400685834343059,0.1999999999999999,1.0,406.0,72.0,14.0,0.0344827586206896,0.1944444444444444,0.0301724137931034,0,511.0,6256249.0,-0.7977119766339881,-0.70287777031615,-0.6450552541976357,-0.6028194775205034,-0.9942554810346128,1.4462904983191245,False,False,False,False,True,False,False,False,True,True,False,False,False,False,True,False,False,False,True,False,True,High,,False,False,
Closure,16,Closure-16,0.0,0.25,0.0070921985815602,0.0084033613445378,0.0133333333333333,0.0,4.0,141.0,119.0,75.0,0.0,0.0,0.0,0.0,0.0,0.0,1.0,0.0,0.0,0.0,-1.0231586669890729,-0.7576758641159647,0.5864393981944047,0.1914471158221647,2.226888400983462,-0.7590193578693313,1.5882268573455445,-0.2020454871191189,-0.2073567129463963,-0.5251530779927517,-0.4635308650875505,-0.2192296649910203,-0.3124943305803233,-0.2886514946017978,-0.673136533919824,21.87,5.56,52.93,12.0,33.0,9.1,0.6458333333333334,0.2581818181818183,4,5,3,4,2,3,1,5,4,0.5359422007578724,1.1909826683508271,-0.1190982668350826,0.5359422007578724,-0.7741387344280377,-0.1190982668350826,0.5359422007578724,1.1909826683508271,-2.084219669613948,-1.4291792020209926,0.5359422007578724,0.3,0.7,0.2581988897471611,-1,6,0.9972561882813212,0.9,1.0,275.0,78.0,23.0,0.0836363636363636,0.2948717948717949,0.0696969696969697,0,981.0,12674820.0,-0.7977119766339881,-0.70287777031615,-0.6450552541976357,-0.6028194775205034,-0.9942554810346128,1.4462904983191245,True,False,False,False,True,False,False,False,True,True,False,False,False,False,True,False,False,False,True,False,True,Medium,,False,False,
Math,59,Math-59,0.0,1.0,0.0077519379844961,0.0096153846153846,0.0344827586206896,0.0,1.0,129.0,104.0,29.0,0.0,1.0,0.0,0.0,0.0,0.0,1.0,0.0,0.0,0.0,-0.1563090922468674,-0.1531279935599871,0.297551260107471,-0.2858036652219932,1.474022885748566,-0.2282535440675186,-0.3447299154714549,-0.2020454871191189,-0.2073567129463963,-0.5251530779927517,-0.4635308650875505,-0.2192296649910203,0.2135797944893742,-0.7103907736787903,1.2650324516769105,59.5,8.55,49.56,7.9,13.2,9.8,0.9166666666666666,0.8181818181818181,4,5,3,4,3,2,1,4,2,0.7348469228349536,1.6329931618554523,-0.163299316185545,0.7348469228349536,-0.163299316185545,-1.0614455552060438,0.7348469228349536,0.7348469228349536,-0.163299316185545,-1.9595917942265424,-1.0614455552060438,0.7,0.7,0.1154700538379251,-1,9,0.998304779562407,0.6,1.0,556.0,49.0,9.0,0.0161870503597122,0.1836734693877551,0.0151006711409395,0,792.0,6354023.0,1.6421763035468917,-0.5606859243372937,5.854685293441112,0.3684732874943819,-0.2194274297570028,-0.1280950121982041,False,False,False,False,True,True,False,False,False,True,False,False,False,False,False,True,False,False,True,False,True,Major,,False,False,
Closure,151,Closure-151,0.0,1.0,0.037037037037037,0.0833333333333333,0.0,0.0,1.0,27.0,12.0,0.0,0.0,1.0,0.0,0.0,0.0,0.0,1.0,0.0,0.0,0.0,-1.0231586669890729,-0.4554019288379759,1.1344929345066102,-0.508696946563662,0.9303979192957068,0.7461004739470846,1.5882268573455445,-0.2020454871191189,-0.2073567129463963,-0.5251530779927517,-0.4635308650875505,-0.2192296649910203,-0.3124943305803233,0.7656967030906834,0.2959479588785432,20.24,8.97,41.75,12.6,30.7,10.4,0.6041666666666666,0.2962962962962962,3,4,5,4,1,2,2,3,0,0.3950328535881702,1.0157987663695809,1.636564679150991,1.0157987663695809,-0.8464989719746506,-0.2257330591932402,0.3950328535881702,0.3950328535881702,-1.467264884756061,-0.8464989719746506,-1.467264884756061,0.2,0.65,0.3415650255319866,1,5,0.9348171594772208,0.9,1.0,397.0,101.0,26.0,0.0654911838790932,0.2574257425742574,0.0550847457627118,0,534.0,6730287.0,-0.7977119766339881,-0.70287777031615,-0.6450552541976357,-0.6028194775205034,-0.9942554810346128,1.4462904983191245,True,False,False,False,True,True,False,False,False,True,False,False,False,False,True,False,False,False,True,False,True,Medium,,False,False,
Lang,39,Lang-39,1.0,1.0,1.0,0.5,0.0,1.0,1.0,1.0,2.0,0.0,1.0,1.0,1.0,0.0,0.0,1.0,1.0,1.0,1.0,0.0,0.4342276239357954,0.1491459417180017,0.9971609099096318,-0.4754630765821291,0.9303979192957068,0.2627571683061587,0.1845320580379615,-0.2020454871191189,-0.2073567129463963,-0.5251530779927517,-0.4635308650875505,-0.2192296649910203,-0.0494572680454745,-0.0777818550633016,2.2341169444752773,58.18,8.3,47.8,8.4,15.9,10.6,0.9166666666666666,0.8333333333333333,4,5,3,4,1,2,2,1,1,1.1195857368787,1.7677669529663689,0.4714045207910315,1.1195857368787,-0.8249579113843055,-0.176776695296637,0.4714045207910315,-0.8249579113843055,-1.473139127471974,-0.8249579113843055,-0.8249579113843055,0.2,0.4499999999999999,0.3,-1,3,0.8376493578162821,0.4,1.0,897.0,90.0,36.0,0.040133779264214,0.4,0.0378548895899053,0,180.0,3397147.0,0.5965098977550859,1.0034243814301251,0.6548928553301138,0.5384495213719869,0.1032449472122157,-0.4485138179644671,True,True,False,False,True,True,False,False,False,True,False,False,False,True,False,False,False,False,True,False,True,Major,lang.*,False,False,
Lang,11,Lang-11,0.2,1.0,1.0,1.0,1.0,5.0,1.0,1.0,1.0,1.0,0.0,1.0,1.0,1.0,1.0,1.0,1.0,1.0,1.0,1.0,-0.1621415536412641,-0.1531279935599871,-0.7120435439656333,-0.0203380777974127,1.8463416241570776,-0.5909926425302628,-0.5748438169972881,-0.2020454871191189,-0.2073567129463963,0.6929103112404362,0.4023489388231981,-0.2192296649910203,0.2135797944893742,-0.7103907736787903,-0.673136533919824,47.79,11.78,49.74,10.3,15.9,12.2,0.9375,0.8571428571428571,5,5,3,2,5,3,3,1,3,1.3368478455539217,1.3368478455539217,0.0581238193719095,-0.5812381937190965,1.3368478455539217,0.0581238193719095,-0.5812381937190965,-1.2206002068101025,0.0581238193719095,-1.8599622199011083,0.0581238193719095,0.8,0.55,0.3415650255319866,1,15,0.7516706934810152,0.9,1.0,175.0,53.0,14.0,0.08,0.2641509433962264,0.0654205607476635,0,232.0,4094006.0,0.7707876320537201,1.2167121503984095,0.638226853925912,0.374543867275725,0.1907756562134967,0.2087569840832813,True,False,False,False,True,False,False,False,True,True,False,True,False,False,False,False,False,False,True,False,False,Minor,,False,False,
Math,71,Math-71,0.1111111111111111,1.0,0.5,0.0208333333333333,0.0135135135135135,9.0,1.0,2.0,48.0,74.0,0.0,1.0,0.0,0.0,0.0,0.0,1.0,1.0,0.0,0.0,0.5822263318186109,-0.7576758641159647,0.0520604985427573,-0.5024144850399351,0.9303979192957068,0.1113406212542427,-0.3447299154714549,-0.2020454871191189,-0.2073567129463963,1.910973700473624,-0.4635308650875505,-0.2192296649910203,0.7396539195590717,-0.4995211341402941,0.2959479588785432,33.0,11.16,46.07,11.9,18.4,12.2,0.9375,0.8285714285714286,5,5,4,4,4,3,1,5,3,1.12089707663561,1.12089707663561,0.2401922307076309,0.2401922307076309,0.2401922307076309,-0.6405126152203484,0.2401922307076309,1.12089707663561,-0.6405126152203484,-2.401922307076307,-0.6405126152203484,0.8,0.8500000000000001,0.0999999999999999,0,16,0.833688650862734,0.6,2.0,257.0,85.0,26.0,0.1011673151750972,0.3058823529411765,0.0822784810126582,0,809.0,6490549.0,1.1193431006509886,1.6432876883349783,0.5906978869583731,0.5870141596227312,0.1673868837678105,-0.5609468096617063,True,True,False,False,True,True,False,False,False,True,False,False,False,False,False,True,False,False,True,False,True,Critical,,False,False,
Math,65,Math-65,0.3333333333333333,1.0,1.0,1.0,0.5,3.0,1.0,1.0,1.0,2.0,0.0,1.0,1.0,1.0,0.0,1.0,1.0,1.0,1.0,1.0,0.2796673969842836,-0.1531279935599871,0.4361833101710882,-0.6766772243419008,1.1096681845252594,0.0460730925545198,-0.3447299154714549,-0.2020454871191189,-0.2073567129463963,-0.5251530779927517,-0.4635308650875505,-0.2192296649910203,-0.0494572680454745,-0.2886514946017978,1.2650324516769105,38.72,12.24,56.73,11.7,18.4,12.8,0.875,0.7090909090909091,5,5,1,3,5,2,2,4,3,1.2206002068101025,1.2206002068101025,-1.3368478455539217,-0.0581238193719095,1.2206002068101025,-0.6974858324629156,-0.0581238193719095,0.5812381937190965,-0.0581238193719095,-1.9762098586449277,-0.0581238193719095,0.7,0.65,0.3415650255319866,-2,5,0.7710452999383184,0.6,1.0,215.0,80.0,17.0,0.0790697674418604,0.2125,0.0611510791366906,1,727.0,6195429.0,0.4222321634564516,0.7901366124618407,0.8948832755506215,0.7023551754682488,1.079549009149579,0.1450604061446718,False,False,False,False,True,True,False,False,False,True,False,False,False,False,False,True,False,False,True,False,False,Major,,True,False,diff
Cli,38,Cli-38,0.125,1.0,0.0232558139534883,0.5,0.125,8.0,1.0,43.0,2.0,8.0,0.0,1.0,0.0,0.0,0.0,0.0,1.0,0.0,1.0,0.0,-0.3167017805927758,-0.4554019288379759,-2.430552480032922,-1.3091595996944234,-1.39301571620413,0.0984645613761772,-0.5748438169972881,-0.2020454871191189,-0.2073567129463963,0.6929103112404362,0.4023489388231981,-0.2192296649910203,-0.0494572680454745,-0.2886514946017978,-0.673136533919824,38.52,13.41,60.8,11.8,17.1,13.3,0.9583333333333334,0.8102766798418974,0,0,0,0,1,0,4,0,0,-0.4714045207910317,-0.4714045207910317,-0.4714045207910317,-0.4714045207910317,2.1213203435596424,-0.4714045207910317,2.1213203435596424,-0.4714045207910317,-0.4714045207910317,-0.4714045207910317,-0.4714045207910317,0.0,0.05,0.1,0,0,0.5705462879337302,0.5,1.0,203.0,55.0,12.0,0.0591133004926108,0.2181818181818181,0.048780487804878,0,50.0,388606.0,1.2936208349496228,1.856575457303263,0.5325447979627962,0.4352496650891553,0.6598504813742067,0.6054956695294783,True,False,False,False,True,False,False,False,True,True,False,False,False,False,False,True,False,False,True,False,False,Major,CLI-1.x,False,False,
Closure,9,Closure-9,0.0,0.3333333333333333,0.0555555555555555,0.0588235294117647,0.0140845070422535,0.0,3.0,18.0,17.0,71.0,0.0,0.0,0.0,0.0,0.0,0.0,1.0,0.0,0.0,0.0,-1.0231586669890729,-0.4554019288379759,0.941231367462111,0.0270991480317655,0.0619124374841446,-0.8683420573256083,1.5882268573455445,-0.2020454871191189,-0.2073567129463963,-0.5251530779927517,-0.4635308650875505,-0.2192296649910203,-0.3124943305803233,1.187435982167676,-0.673136533919824,4.34,9.25,41.13,14.6,35.1,10.8,0.6875,0.3103448275862069,5,5,5,4,1,3,3,5,3,1.0716517624676405,1.0716517624676405,1.0716517624676405,0.5103103630798288,-1.173713835083606,-0.0510310363079828,-0.6123724356957945,1.0716517624676405,-1.735055234471418,-1.173713835083606,-0.0510310363079828,0.3,0.75,0.3785938897200182,1,5,0.8802813489590616,0.9,1.0,198.0,99.0,16.0,0.0808080808080808,0.1616161616161616,0.0569395017793594,0,986.0,12743180.0,-0.7977119766339881,-0.70287777031615,-0.6450552541976357,-0.6028194775205034,-0.9942554810346128,1.4462904983191245,True,False,False,False,True,False,False,False,True,True,False,False,False,False,True,False,False,False,True,False,True,Medium,,False,False,
JacksonCore,24,JacksonCore-24,1.0,0.25,0.2,0.25,0.0555555555555555,1.0,4.0,5.0,4.0,18.0,1.0,1.0,0.0,0.0,0.0,1.0,1.0,1.0,1.0,0.0,0.026684384002328,-0.1531279935599871,0.1656658150439435,0.4176081603597719,-0.1064125837329401,0.7295608499320487,0.4146459595637947,-0.2020454871191189,-0.2073567129463963,4.347100478940001,-0.4635308650875505,-0.2192296649910203,-0.3124943305803233,-0.0777818550633016,0.2959479588785432,21.63,15.86,58.97,16.2,21.9,15.4,0.7291666666666666,0.4526315789473683,2,3,2,3,4,2,3,2,4,-0.4225771273642583,0.50709255283711,-0.4225771273642583,0.50709255283711,1.4367622330384784,-0.4225771273642583,-0.4225771273642583,-0.4225771273642583,0.50709255283711,-2.281916487766995,1.4367622330384784,0.7,0.55,0.1914854215512676,-1,8,0.7350182955669224,0.9,2.0,567.0,86.0,41.0,0.0723104056437389,0.4767441860465116,0.0669934640522875,0,252.0,2353838.0,-0.7977119766339881,-0.70287777031615,-0.6450552541976357,-0.5785371583951312,1.2411441642288663,-0.2467672868603141,True,False,False,False,True,True,False,False,False,True,False,True,False,False,False,False,False,False,True,False,False,,,False,False,
JacksonDatabind,96,JacksonDatabind-96,0.1428571428571428,0.0,0.5,0.0666666666666666,0.037037037037037,7.0,0.0,2.0,15.0,27.0,0.0,0.0,0.0,0.0,0.0,0.0,0.0,1.0,0.0,0.0,-0.4450159312695026,-0.1531279935599871,-1.3330159761935487,0.6098666236189577,-0.1064125837329401,0.3098003866466964,-0.989048839743788,-0.2020454871191189,-0.2073567129463963,-0.5251530779927517,-0.4635308650875505,-0.2192296649910203,-0.0494572680454745,-0.4995211341402941,-0.673136533919824,-12.66,17.34,70.52,19.0,30.0,17.6,0.8958333333333334,0.6774193548387097,0,1,1,0,1,0,4,0,0,-0.7559289460184545,1.3228756555322954,1.3228756555322954,-0.7559289460184545,1.3228756555322954,-0.7559289460184545,1.3228756555322954,-0.7559289460184545,-0.7559289460184545,-0.7559289460184545,-0.7559289460184545,0.0,0.1,0.1154700538379251,1,1,0.753999391817953,1.0,1.0,627.0,53.0,25.0,0.0398724082934609,0.4716981132075472,0.0381679389312977,0,914.0,6355337.0,-0.7977119766339881,-0.70287777031615,-0.6450552541976357,-0.5967488977391603,0.1084818272379336,0.251544047075478,False,False,False,False,True,False,False,False,True,True,False,False,False,False,False,True,False,False,True,False,False,,,False,False,
JacksonDatabind,82,JacksonDatabind-82,0.0,1.0,0.3333333333333333,0.0078125,0.0178571428571428,0.0,1.0,3.0,128.0,56.0,0.0,1.0,0.0,0.0,0.0,0.0,1.0,1.0,0.0,0.0,0.2483179169894015,-0.7576758641159647,-0.6910386336410038,0.1617902204192684,-0.7627101412056181,0.002283544352248,0.4146459595637947,-0.2020454871191189,-0.2073567129463963,1.910973700473624,-0.4635308650875505,-0.2192296649910203,0.0820612632219498,-0.4995211341402941,-0.673136533919824,-6.06,11.05,51.41,16.5,32.3,12.5,0.8125,0.5970149253731344,5,5,5,5,2,4,1,3,3,0.9819805060619656,0.9819805060619656,0.9819805060619656,0.9819805060619656,-0.8183170883849715,0.3818813079129866,0.3818813079129866,-0.2182178902359924,-2.0185154846829296,-1.4184162865339505,-0.2182178902359924,0.4,0.75,0.3,0,10,0.9898931292884988,0.8,1.0,506.0,61.0,27.0,0.0533596837944664,0.4426229508196721,0.05,0,797.0,5621060.0,-0.7977119766339881,-0.70287777031615,-0.6450552541976357,-0.2325141108585783,-0.348413511234393,-1.355814938466246,True,True,False,False,True,False,False,False,True,True,False,False,False,False,False,True,False,False,True,False,True,,,False,False,
JacksonCore,18,JacksonCore-18,0.3333333333333333,1.0,0.1111111111111111,0.25,0.3333333333333333,3.0,1.0,9.0,4.0,3.0,0.0,1.0,0.0,0.0,0.0,1.0,1.0,0.0,1.0,1.0,0.5180692564802475,1.0559677475519682,0.947038214190678,-0.2728549992227666,0.7530246939098532,0.6263633020053592,0.4146459595637947,1.5392066180416364,1.5715082388711472,1.910973700473624,-0.4635308650875505,-0.2192296649910203,-0.1809757993128989,0.3439574240136908,0.2959479588785432,-30.83,11.5,45.67,19.8,36.3,11.9,0.7083333333333334,0.1703703703703702,5,5,5,5,5,4,1,5,4,0.6862435664967211,0.6862435664967211,0.6862435664967211,0.6862435664967211,0.6862435664967211,-0.1524985703326045,-0.1524985703326045,0.6862435664967211,-0.99124070716193,-2.6687249808205813,-0.1524985703326045,0.9,1.0,0.0,0,25,0.9383793031574588,0.7,3.0,609.0,101.0,45.0,0.0738916256157635,0.4455445544554455,0.0676691729323308,0,173.0,1610599.0,-0.7977119766339881,-0.70287777031615,-0.6450552541976357,-0.4874784616749857,-0.9014280419501776,-0.7119997987971556,True,False,False,False,True,True,False,False,False,True,False,False,False,False,False,False,True,False,False,True,True,,,False,False,
Time,26,Time-26,0.0,0.0,0.0526315789473684,0.0454545454545454,0.0,0.0,0.0,19.0,22.0,0.0,0.0,0.0,0.0,0.0,0.0,0.0,0.0,0.0,0.0,0.0,1.2099449893905525,-0.4554019288379759,1.0735717717057782,0.341072440097443,-0.2730111944760022,-0.4939768335539088,-1.5873449837109543,-0.2020454871191189,-0.2073567129463963,0.6929103112404362,-0.4635308650875505,-0.2192296649910203,-0.0494572680454745,2.030914540321661,4.172285930072012,-40.81,9.34,49.85,21.6,39.7,12.7,0.8541666666666666,0.6394849785407724,5,5,4,4,1,4,2,5,4,1.0098386065601943,1.0098386065601943,0.425195202762187,0.425195202762187,-1.3287350086318348,0.425195202762187,-0.1594482010358202,1.0098386065601943,-1.913378412429842,-1.3287350086318348,0.425195202762187,0.4,0.7,0.3464101615137754,0,4,0.8544444867010235,0.8,3.0,597.0,57.0,34.0,0.0569514237855946,0.5964912280701754,0.0548387096774193,0,733.0,12098007.0,0.2479544291578174,-0.2763022323795812,0.3976114586527468,-0.1960906321705201,-0.5498688045665717,-1.7836146806181743,True,True,False,True,True,True,False,False,False,True,False,False,False,False,False,True,False,False,True,False,True,,,False,False,
JacksonDatabind,55,JacksonDatabind-55,0.0,0.3333333333333333,0.0142857142857142,0.0625,0.0263157894736842,0.0,3.0,70.0,16.0,38.0,0.0,0.0,0.0,0.0,0.0,0.0,1.0,0.0,0.0,0.0,-0.4384544122008064,-0.4554019288379759,-1.6936194671092504,0.8912927815632483,-0.9226620584791106,0.3106012715337364,0.4146459595637947,-0.2020454871191189,-0.2073567129463963,-0.5251530779927517,-0.4635308650875505,-0.2192296649910203,-0.0494572680454745,-0.4995211341402941,-0.673136533919824,25.39,15.22,53.73,14.8,22.7,15.4,0.8541666666666666,0.6440677966101694,1,2,2,1,1,1,4,0,1,0.1360827634879543,1.6329931618554518,1.6329931618554518,0.1360827634879543,0.1360827634879543,0.1360827634879543,0.1360827634879543,-1.3608276348795434,-1.3608276348795434,-1.3608276348795434,0.1360827634879543,0.1,0.2,0.1632993161855452,1,2,0.9014192179456784,0.8,1.0,144.0,49.0,10.0,0.0694444444444444,0.2040816326530612,0.0546448087431694,0,751.0,5289927.0,-0.7977119766339881,-0.70287777031615,-0.6450552541976357,-0.5663959988324452,0.2500272130759022,-0.2105389105426787,False,False,False,False,True,False,False,False,True,True,False,False,False,False,False,True,False,False,True,False,False,,,False,False,
JacksonDatabind,41,JacksonDatabind-41,0.25,1.0,0.0769230769230769,1.0,0.5,4.0,1.0,13.0,1.0,2.0,0.0,1.0,0.0,1.0,0.0,1.0,1.0,0.0,1.0,1.0,-0.4377253545265068,0.4514198769959905,-0.6327298556034296,-0.5997919176751748,2.6159390163981437,-0.3718073999647284,-0.989048839743788,-0.2020454871191189,-0.2073567129463963,-0.5251530779927517,-0.4635308650875505,-0.2192296649910203,-0.1809757993128989,-0.9212604132172866,0.2959479588785432,31.48,12.89,53.01,12.4,20.1,13.3,0.7291666666666666,0.3417721518987341,0,0,0,0,3,0,4,1,0,-0.6499336836196815,-0.6499336836196815,-0.6499336836196815,-0.6499336836196815,2.4140393963016744,-0.6499336836196815,0.3713906763541037,0.3713906763541037,1.392715036327889,-0.6499336836196815,-0.6499336836196815,0.3333333333333333,0.2,0.282842712474619,0,0,0.6728967467823861,1.0,1.0,538.0,56.0,28.0,0.0520446096654275,0.5,0.0494699646643109,0,737.0,5197161.0,-0.7977119766339881,-0.70287777031615,-0.6450552541976357,-0.5967488977391603,0.3718220799597356,0.2396953219391776,False,False,False,False,True,True,False,False,False,True,False,False,False,False,False,False,True,False,False,True,False,,,False,False,
JacksonDatabind,8,JacksonDatabind-8,0.0,0.2,0.0769230769230769,0.1,0.0144927536231884,0.0,5.0,13.0,10.0,69.0,0.0,0.0,0.0,0.0,0.0,0.0,1.0,0.0,0.0,0.0,-0.4698038921956884,-0.4554019288379759,-1.475143871326063,-0.312881606113873,-1.8496029254103703,0.1461653307642122,-0.989048839743788,-0.2020454871191189,-0.2073567129463963,-0.5251530779927517,-0.4635308650875505,-0.2192296649910203,-0.1809757993128989,-0.7103907736787903,-0.673136533919824,19.77,16.13,65.33,14.9,25.1,15.4,0.8958333333333334,0.7424892703862661,0,1,1,0,3,0,4,0,1,-0.8432740427115679,0.3162277660168379,0.3162277660168379,-0.8432740427115679,2.6352313834736494,-0.8432740427115679,0.3162277660168379,-0.8432740427115679,0.3162277660168379,-0.8432740427115679,0.3162277660168379,0.1666666666666666,0.2,0.282842712474619,1,3,0.4848944479480624,0.5,1.0,164.0,53.0,6.0,0.0365853658536585,0.1132075471698113,0.0284360189573459,0,681.0,4651401.0,-0.7977119766339881,-0.70287777031615,-0.6450552541976357,-0.5967488977391603,0.5928397920655338,0.1700840617634112,True,False,False,False,True,False,False,False,True,True,False,False,False,False,False,True,False,False,True,False,False,,,False,False,
JacksonDatabind,69,JacksonDatabind-69,0.0,0.0,0.0101010101010101,0.0089285714285714,0.0062893081761006,0.0,0.0,99.0,112.0,159.0,0.0,0.0,0.0,0.0,0.0,0.0,0.0,0.0,0.0,0.0,3.4022214160094006,0.7536938122739794,0.4395110570732968,0.0946418729475644,-0.7627101412056181,-1.119127505964565,0.4146459595637947,7.343380301910821,6.018670618415007,4.347100478940001,-0.4635308650875505,-0.2192296649910203,-0.0494572680454745,0.1330877844751946,0.2959479588785432,-153.87,10.97,48.93,36.0,60.9,10.9,0.8541666666666666,0.2820512820512815,5,5,5,5,5,5,1,5,4,0.5996253511966894,0.5996253511966894,0.5996253511966894,0.5996253511966894,0.5996253511966894,0.5996253511966894,-0.2248595066987582,0.5996253511966894,-1.0493443645942058,-2.698314080385101,-0.2248595066987582,1.0,1.0,0.0,0,25,0.974321923153785,1.0,1.0,179.0,137.0,38.0,0.2122905027932961,0.2773722627737226,0.1366906474820144,0,754.0,5301900.0,-0.7977119766339881,-0.70287777031615,-0.6450552541976357,-0.0321849780742582,-1.0653787397232404,-1.874040287906055,True,True,False,False,True,True,False,False,False,True,False,False,False,False,False,True,False,False,True,False,True,,,False,False,
JacksonDatabind,68,JacksonDatabind-68,0.0,1.0,0.1428571428571428,0.25,0.3333333333333333,0.0,1.0,7.0,4.0,3.0,0.0,1.0,0.0,0.0,0.0,0.0,1.0,0.0,1.0,1.0,1.5132329818991792,-0.4554019288379759,0.2653551894689583,-0.1451100527781669,-1.6988993040710567,-0.2680540861873572,0.4146459595637947,2.893513810944446,4.239805666597462,1.910973700473624,-0.4635308650875505,-0.2192296649910203,0.7396539195590717,-0.4995211341402941,-0.673136533919824,-137.66,10.99,48.06,34.0,56.3,10.6,0.9166666666666666,0.8064516129032258,5,5,5,5,1,4,1,5,3,0.8457816116784908,0.8457816116784908,0.8457816116784908,0.8457816116784908,-1.3433002067834854,0.2985111570629967,0.2985111570629967,0.8457816116784908,-1.8905706613989792,-1.3433002067834854,-0.2487592975524973,0.4,0.8,0.4,0,5,0.8520169536757485,0.8,1.0,641.0,96.0,62.0,0.0967238689547582,0.6458333333333334,0.0918518518518518,0,777.0,5542279.0,-0.7977119766339881,-0.70287777031615,-0.6450552541976357,-0.2446552704212644,-1.0508324884553126,-1.5461935598115135,True,True,False,False,True,False,False,False,True,True,False,False,False,False,False,True,False,False,True,False,True,,,False,False,
JacksonDatabind,9,JacksonDatabind-9,0.0,0.0,0.0068493150684931,0.0047619047619047,0.0104166666666666,0.0,0.0,146.0,210.0,96.0,0.0,0.0,0.0,0.0,0.0,0.0,0.0,0.0,0.0,0.0,0.1601019383991519,-0.7576758641159647,1.0167888077966063,0.6058044277974045,0.0619124374841446,0.1721942156732872,0.4146459595637947,-0.0085730309901461,-0.2073567129463963,0.6929103112404362,0.4023489388231981,-0.2192296649910203,-0.3124943305803233,-0.2886514946017978,0.2959479588785432,13.41,9.46,54.22,13.2,25.3,10.6,0.875,0.7096774193548387,5,5,4,4,1,3,1,4,3,1.177621523593293,1.177621523593293,0.5607721540920443,0.5607721540920443,-1.2897759544117016,-0.0560772154092043,0.5607721540920443,0.5607721540920443,-1.9066253239129505,-1.2897759544117016,-0.0560772154092043,0.3,0.65,0.3,0,4,0.9113166516173772,0.6,1.0,47.0,72.0,17.0,0.3617021276595745,0.2361111111111111,0.1666666666666666,0,681.0,4654076.0,-0.7977119766339881,-0.70287777031615,-0.6450552541976357,-0.4692667223309566,-0.662914538054056,-1.1189485701345705,True,True,False,False,True,True,False,False,False,True,False,False,False,False,False,True,False,False,True,False,True,,,False,False,
JacksonDatabind,40,JacksonDatabind-40,0.0,0.0,0.0416666666666666,0.5,0.0833333333333333,0.0,0.0,24.0,2.0,12.0,0.0,0.0,0.0,0.0,0.0,0.0,0.0,0.0,1.0,0.0,-0.5033405452134694,-0.1531279935599871,-1.2972366295461866,-0.6166601150777639,0.9303979192957068,-0.1793036377987863,0.4146459595637947,-0.2020454871191189,-0.2073567129463963,-0.5251530779927517,-0.4635308650875505,-0.2192296649910203,-0.3124943305803233,-0.7103907736787903,-0.673136533919824,10.46,12.44,45.04,14.3,22.3,12.4,0.8333333333333334,0.5816993464052287,1,1,2,1,1,1,4,0,0,0.3162277660168379,0.3162277660168379,2.0554804791094465,0.3162277660168379,0.3162277660168379,0.3162277660168379,0.3162277660168379,-1.4230249470757708,-1.4230249470757708,0.3162277660168379,-1.4230249470757708,0.1,0.2,0.1632993161855452,1,2,0.9217740400705292,0.7,1.0,194.0,46.0,14.0,0.0721649484536082,0.3043478260869565,0.0619469026548672,0,736.0,5191869.0,-0.7977119766339881,-0.70287777031615,-0.6450552541976357,-0.5785371583951312,-0.3523636150252202,0.2280934452432163,True,False,False,False,True,False,False,False,True,True,False,True,False,False,False,False,False,False,True,False,True,,,False,False,
JacksonDatabind,54,JacksonDatabind-54,0.0,0.0,0.5,1.0,0.2,0.0,0.0,2.0,1.0,5.0,0.0,0.0,0.0,1.0,0.0,0.0,0.0,1.0,1.0,1.0,-0.1738064764300574,-0.1531279935599871,0.895258010868352,-0.9947007258945646,0.2319908443389094,-0.1989939979769616,0.4146459595637947,-0.2020454871191189,-0.2073567129463963,-0.5251530779927517,0.4023489388231981,-0.2192296649910203,-0.1809757993128989,0.1330877844751946,-0.673136533919824,10.26,11.27,47.31,14.4,22.2,12.5,0.8541666666666666,0.6781609195402298,5,5,5,5,1,4,2,3,3,1.039750489820073,1.039750489820073,1.039750489820073,1.039750489820073,-1.2477005877840872,0.4678877204190328,-0.1039750489820071,-0.1039750489820071,-1.819563357185127,-1.2477005877840872,-0.1039750489820071,0.4,0.7000000000000001,0.3829708431025352,0,5,0.8175712342959833,0.7,1.0,259.0,64.0,23.0,0.0888030888030888,0.359375,0.0766666666666666,0,769.0,5458119.0,-0.7977119766339881,-0.70287777031615,-0.6450552541976357,-0.4814078818936427,-0.4488718326420169,-0.1164112607286876,False,True,False,False,True,False,False,False,True,True,False,False,False,False,False,True,False,False,True,False,True,,,False,False,
Time,27,Time-27,0.125,1.0,0.3333333333333333,1.0,0.0,8.0,1.0,3.0,1.0,0.0,0.0,1.0,0.0,1.0,0.0,0.0,1.0,1.0,1.0,0.0,-0.6411324456560907,-0.7576758641159647,-2.430552480032743,1.7129567371039267,0.7530246939098532,0.303366754622109,-1.5873449837109543,-0.2020454871191189,-0.2073567129463963,-0.5251530779927517,-0.4635308650875505,-0.2192296649910203,-0.3124943305803233,2.452653819398653,-0.673136533919824,-85.55,18.53,76.41,28.4,50.6,18.9,0.8333333333333334,0.6097560975609757,3,2,1,0,1,2,4,1,2,1.942571724714528,0.8741572761215377,-0.1942571724714529,-1.2626716210644435,-0.1942571724714529,0.8741572761215377,-0.1942571724714529,-0.1942571724714529,-1.2626716210644435,-1.2626716210644435,0.8741572761215377,0.2,0.15,0.1,1,1,0.9060968847259148,0.6,1.0,392.0,27.0,21.0,0.0535714285714285,0.7777777777777778,0.0527638190954773,0,732.0,12062101.0,-0.2748787737380853,-0.0630144634112968,0.943770213002947,-0.4935490414563288,-1.1000618325746228,0.2764345981430542,False,False,False,False,True,False,False,False,True,True,False,False,False,False,False,True,False,False,True,False,False,,,False,False,
JacksonCore,19,JacksonCore-19,1.0,1.0,0.1666666666666666,0.5,1.0,1.0,1.0,6.0,2.0,1.0,1.0,1.0,0.0,0.0,1.0,1.0,1.0,0.0,1.0,1.0,0.3008100695389715,-0.4554019288379759,0.2704625886779075,0.2201261786682913,-0.1064125837329401,1.1310922992791006,0.4146459595637947,-0.2020454871191189,1.2750307469015567,3.1290370897068125,0.4023489388231981,-0.2192296649910203,-0.1809757993128989,-0.4995211341402941,-0.673136533919824,-39.6,12.24,50.66,21.1,40.8,13.0,0.8541666666666666,0.6853932584269662,5,5,5,4,2,4,2,3,3,1.1470786693528088,1.1470786693528088,1.1470786693528088,0.516185401208764,-0.7456011350793256,0.516185401208764,-0.1147078669352807,-0.1147078669352807,-2.007387671367415,-1.3764944032233704,-0.1147078669352807,0.4,0.7000000000000001,0.2581988897471611,1,10,0.9516334656264416,0.8,2.0,742.0,72.0,43.0,0.0579514824797843,0.5972222222222222,0.0557717250324254,0,173.0,1613633.0,-0.7977119766339881,-0.70287777031615,-0.6450552541976357,-0.4874784616749857,-0.8865253776484212,-0.7948525122177376,True,True,False,False,True,False,False,False,True,True,False,True,False,False,False,False,False,False,True,False,True,,,False,False,
JacksonDatabind,83,JacksonDatabind-83,0.1428571428571428,1.0,0.0666666666666666,0.0666666666666666,1.0,7.0,1.0,15.0,15.0,1.0,0.0,1.0,0.0,0.0,1.0,0.0,1.0,0.0,0.0,1.0,1.4709476367898036,-0.4554019288379759,0.8345051451669493,0.1592107251713539,-1.9988434047949355,-0.8187106183052528,0.4146459595637947,1.732679074170609,2.1644632228103284,4.347100478940001,-0.4635308650875505,-0.2192296649910203,-0.3124943305803233,-0.4995211341402941,-0.673136533919824,-47.14,9.64,44.26,21.9,36.1,11.7,0.9375,0.7857142857142857,5,5,4,4,5,3,1,5,4,0.9370425713316364,0.9370425713316364,0.0780868809443029,0.0780868809443029,0.9370425713316364,-0.7808688094430304,0.0780868809443029,0.9370425713316364,-0.7808688094430304,-2.498780190217697,0.0780868809443029,0.8,0.9,0.1154700538379251,0,20,0.7679259166383979,0.6,1.0,163.0,102.0,48.0,0.294478527607362,0.4705882352941176,0.2211981566820276,0,796.0,5621241.0,-0.7977119766339881,-0.70287777031615,-0.6450552541976357,-0.2203729512958922,-0.8918112004781173,-1.4615216356052854,True,True,False,False,True,False,False,False,True,True,False,True,False,False,False,False,False,False,True,False,True,,,False,False,
JacksonDatabind,97,JacksonDatabind-97,0.0,0.0,0.0120481927710843,0.0196078431372549,0.0188679245283018,0.0,0.0,83.0,51.0,53.0,0.0,0.0,0.0,0.0,0.0,0.0,0.0,0.0,0.0,0.0,0.960607264780095,-0.1531279935599871,0.9301496201561312,0.5508192358581244,-0.2730111944760022,-0.1491342887177147,0.4146459595637947,-0.2020454871191189,-0.2073567129463963,0.6929103112404362,-0.4635308650875505,-0.2192296649910203,-0.3124943305803233,0.3439574240136908,1.2650324516769105,-5.65,9.0,46.85,16.4,27.6,11.7,0.9583333333333334,0.911275415896488,5,5,4,4,1,3,1,4,3,1.177621523593293,1.177621523593293,0.5607721540920443,0.5607721540920443,-1.2897759544117016,-0.0560772154092043,0.5607721540920443,0.5607721540920443,-1.9066253239129505,-1.2897759544117016,-0.0560772154092043,0.3,0.65,0.3,0,4,0.810558673191381,0.6,1.0,74.0,87.0,26.0,0.3513513513513513,0.2988505747126437,0.1925925925925926,0,914.0,6355361.0,-0.7977119766339881,-0.70287777031615,-0.6450552541976357,-0.2385846906399213,-0.7280528342614868,-1.453127146061227,True,True,False,False,True,True,False,False,False,True,False,False,False,False,False,True,False,False,True,False,True,,,False,False,
JacksonCore,25,JacksonCore-25,1.0,0.5,0.0714285714285714,0.5,0.125,1.0,2.0,14.0,2.0,8.0,1.0,0.0,0.0,0.0,0.0,1.0,1.0,0.0,1.0,0.0,3.289217476492966,4.683254970887834,0.3903704922998357,-0.6938371493008277,0.7530246939098532,2.2565993311693524,-0.989048839743788,-0.2020454871191189,-0.2073567129463963,1.910973700473624,2.134108546644695,-0.2192296649910203,-0.0494572680454745,-1.1321300527557827,-0.673136533919824,68.87,6.17,34.05,6.4,7.9,9.1,0.5416666666666666,0.1065989847715735,4,5,4,4,5,3,2,5,3,0.316227766016838,1.1858541225631425,0.316227766016838,0.316227766016838,1.1858541225631425,-0.5533985905294663,-0.5533985905294663,1.1858541225631425,-0.5533985905294663,-2.292651303622075,-0.5533985905294663,0.8,0.9,0.1154700538379251,0,20,0.6976423537605237,0.9,1.0,582.0,208.0,72.0,0.1237113402061855,0.3461538461538461,0.1002785515320334,0,243.0,2281814.0,0.0736766948591831,-0.3829461168637234,1.111014999024061,5.249219431694181,0.1107059847778136,-1.7524698206964875,True,False,False,False,False,False,False,True,True,True,False,True,False,False,False,False,False,False,True,False,True,,,False,False,
Math,64,Math-64,0.3333333333333333,1.0,1.0,0.2,0.5,3.0,1.0,1.0,5.0,2.0,0.0,1.0,1.0,0.0,0.0,1.0,1.0,1.0,1.0,1.0,-0.0163300187813473,-0.7576758641159647,-0.6903254597622132,-0.0337629527579268,1.1096681845252594,0.0785866481201954,-0.3447299154714549,-0.2020454871191189,-0.2073567129463963,-0.5251530779927517,-0.4635308650875505,-0.2192296649910203,-0.1809757993128989,-0.2886514946017978,-0.673136533919824,23.97,15.33,63.62,15.3,22.3,15.1,0.875,0.7338262476894639,3,2,0,2,1,2,4,1,2,1.7953312467938294,0.7559289460184545,-1.3228756555322954,0.7559289460184545,-0.2834733547569203,0.7559289460184545,-0.2834733547569203,-0.2834733547569203,-1.3228756555322954,-1.3228756555322954,0.7559289460184545,0.2,0.2,0.1632993161855452,-2,0,0.9209662484401592,0.6,1.0,527.0,68.0,20.0,0.0379506641366223,0.2941176470588235,0.0347826086956521,1,731.0,6208157.0,0.4222321634564516,0.7901366124618407,0.8715508735847388,0.4048967661824401,2.205328589535283,-0.1308101387253342,False,False,False,False,True,False,False,False,True,True,False,False,False,False,False,True,False,False,True,False,False,Major,,True,False,patch
Closure,8,Closure-8,0.0,0.0,0.0036363636363636,0.0114942528735632,0.25,0.0,0.0,275.0,87.0,4.0,0.0,0.0,0.0,0.0,0.0,0.0,0.0,0.0,0.0,1.0,-1.0231586669890729,3.1718852944978897,0.6102783043564842,-0.1432681226587873,-1.6988993040710567,-0.3403084095520214,1.5882268573455445,-0.2020454871191189,-0.2073567129463963,1.910973700473624,-0.4635308650875505,-0.2192296649910203,-0.3124943305803233,1.187435982167676,-0.673136533919824,41.66,8.01,47.09,10.6,20.1,11.5,0.7291666666666666,0.4639175257731958,1,3,3,4,1,3,2,2,2,-0.7817359599705715,0.7817359599705715,0.7817359599705715,1.563471919941143,-0.7817359599705715,0.7817359599705715,0.7817359599705715,0.0,-1.563471919941143,-1.563471919941143,0.0,0.3,0.5,0.2581988897471611,-1,3,0.369710673338238,0.9,1.0,174.0,234.0,42.0,0.2413793103448276,0.1794871794871795,0.1147540983606557,0,986.0,12744646.0,-0.7977119766339881,-0.70287777031615,-0.6450552541976357,-0.6028194775205034,-0.9942554810346128,1.4462904983191245,True,False,False,False,True,False,False,False,True,True,False,False,False,False,True,False,False,False,True,False,False,Medium,,False,False,
Cli,39,Cli-39,0.0,1.0,1.0,0.2,0.3333333333333333,0.0,1.0,1.0,5.0,3.0,0.0,1.0,1.0,0.0,0.0,0.0,1.0,1.0,1.0,1.0,0.1134422472439785,-0.4554019288379759,-0.7094687574905446,0.1707167051273748,-0.1064125837329401,0.4457260426184901,0.1845320580379615,-0.2020454871191189,-0.2073567129463963,-0.5251530779927517,-0.4635308650875505,-0.2192296649910203,-0.1809757993128989,-0.2886514946017978,0.2959479588785432,31.89,11.63,49.88,12.3,22.0,11.9,0.75,0.3885350318471337,5,5,4,4,3,3,1,5,3,1.0533703247651751,1.0533703247651751,0.4096440151864569,0.4096440151864569,-0.2340822943922612,-0.2340822943922612,0.4096440151864569,1.0533703247651751,-2.1652612231284154,-1.5215349135496974,-0.2340822943922612,0.3,0.8,0.1632993161855452,0,12,0.9631133942590476,0.4,1.0,128.0,83.0,19.0,0.1484375,0.2289156626506024,0.0989583333333333,0,50.0,410039.0,0.9450653663523544,1.429999919366694,0.5609207028341319,0.5870141596227312,0.0525220235345505,-0.1426287736840153,False,False,False,False,True,True,False,False,False,True,False,False,False,False,False,True,False,False,True,False,True,Minor,Parser,False,False,
Lang,10,Lang-10,0.25,1.0,0.5,1.0,1.0,4.0,1.0,2.0,1.0,1.0,0.0,1.0,0.0,1.0,1.0,1.0,1.0,1.0,1.0,1.0,-0.1876585722417495,-0.4554019288379759,-0.2226125026245732,-0.1357122257408518,-1.6988993040710567,-0.0568474560864425,-0.5748438169972881,-0.2020454871191189,-0.2073567129463963,-0.5251530779927517,-0.4635308650875505,-0.2192296649910203,-0.1809757993128989,-0.4995211341402941,-0.673136533919824,39.87,14.39,60.84,13.4,19.9,13.8,0.7083333333333334,0.4166666666666667,3,3,0,3,1,2,3,1,1,1.3356461422412562,1.3356461422412562,-1.2570787221094175,1.3356461422412562,-0.3928371006591931,0.4714045207910316,0.4714045207910316,-0.3928371006591931,-1.2570787221094175,-1.2570787221094175,-0.3928371006591931,0.2,0.25,0.2516611478423583,-3,0,0.9895725286368696,0.6,1.0,320.0,61.0,21.0,0.065625,0.3442622950819672,0.0583333333333333,0,232.0,4137993.0,0.7707876320537201,1.2167121503984095,0.7261228887288945,0.3441909683690098,2.190515700319682,0.5607595015253645,False,False,False,False,True,False,False,False,True,True,False,False,False,False,False,True,False,False,True,False,False,Major,,False,False,
Math,70,Math-70,0.5,1.0,1.0,1.0,0.0,2.0,1.0,1.0,1.0,0.0,0.0,1.0,1.0,1.0,0.0,1.0,1.0,1.0,1.0,0.0,0.1673925151421477,-0.7576758641159647,-0.300735180662559,0.4080171100043263,0.2319908443389094,0.2108844076592107,-0.3447299154714549,-0.2020454871191189,-0.2073567129463963,0.6929103112404362,-0.4635308650875505,3.1090752489635607,0.6081353882916473,0.1330877844751946,0.2959479588785432,18.62,8.6,52.31,13.2,20.6,10.7,0.9583333333333334,0.8823529411764707,5,5,4,4,5,3,1,4,3,1.12089707663561,1.12089707663561,0.2401922307076309,0.2401922307076309,1.12089707663561,-0.6405126152203484,0.2401922307076309,0.2401922307076309,-0.6405126152203484,-2.401922307076307,-0.6405126152203484,0.8,0.8500000000000001,0.0999999999999999,0,20,0.6869045098747375,0.6,1.0,107.0,71.0,15.0,0.1401869158878504,0.2112676056338028,0.0920245398773006,0,685.0,5986059.0,1.8164540378455256,0.6834927279776986,0.0549168047788448,0.4898848831212426,-0.1630878083814249,-0.1674931246803582,True,True,False,False,True,True,False,False,False,True,False,False,False,True,False,False,False,False,True,False,True,Minor,,False,False,
Math,58,Math-58,0.3333333333333333,0.25,1.0,1.0,1.0,3.0,4.0,1.0,1.0,1.0,0.0,0.0,1.0,1.0,1.0,1.0,1.0,1.0,1.0,1.0,1.061946281507737,-0.7576758641159647,1.2635187214090158,-0.7994310790974244,-0.1064125837329401,-0.5764402967515071,-0.3447299154714549,0.1848994251388267,-0.2073567129463963,0.6929103112404362,-0.4635308650875505,-0.2192296649910203,0.0820612632219498,-0.4995211341402941,-0.673136533919824,8.23,11.41,65.46,15.2,40.9,11.7,0.8541666666666666,0.6485355648535565,5,5,4,3,5,3,2,3,3,1.3356461422412562,1.3356461422412562,0.4714045207910316,-0.3928371006591931,1.3356461422412562,-0.3928371006591931,-0.3928371006591931,-0.3928371006591931,-0.3928371006591931,-2.1213203435596424,-0.3928371006591931,0.8,0.75,0.1914854215512676,1,20,0.6511129989404632,0.6,1.0,169.0,88.0,30.0,0.1775147928994082,0.3409090909090909,0.13215859030837,2,794.0,6460810.0,0.2479544291578174,0.5768488434935564,0.5325447979627962,0.939107786940627,-0.7863552815174006,-0.4044630590764119,True,True,False,False,True,False,False,False,True,True,False,True,False,False,False,False,False,False,True,False,True,Major,,False,True,java
Lang,38,Lang-38,0.1666666666666666,1.0,0.5,0.25,0.0,6.0,1.0,2.0,4.0,0.0,0.0,1.0,0.0,0.0,0.0,0.0,1.0,1.0,1.0,0.0,0.7681360387650048,0.1491459417180017,-0.1007474986903589,0.9607513373077858,-0.6011343465993985,-0.6255100119354756,-1.5873449837109543,-0.2020454871191189,-0.2073567129463963,-0.5251530779927517,-0.4635308650875505,-0.2192296649910203,0.0820612632219498,-0.4995211341402941,0.2959479588785432,25.56,9.17,49.09,12.7,21.7,12.5,0.9166666666666666,0.6999999999999997,5,5,4,4,5,3,1,5,4,0.9370425713316364,0.9370425713316364,0.0780868809443029,0.0780868809443029,0.9370425713316364,-0.7808688094430304,0.0780868809443029,0.9370425713316364,-0.7808688094430304,-2.498780190217697,0.0780868809443029,0.8,0.9,0.1154700538379251,0,20,0.8686838950643943,0.9,1.0,353.0,97.0,29.0,0.0821529745042493,0.2989690721649484,0.0688836104513064,0,180.0,3412885.0,1.4678985692482571,0.4702049590094141,0.264908422471789,0.6962845956869057,0.0528625497234149,-0.94878185521694,False,True,False,False,True,True,False,False,False,True,False,False,False,False,False,True,False,False,True,False,True,Major,lang.time.*,False,False,
Closure,150,Closure-150,0.3333333333333333,0.0,0.0106382978723404,0.1666666666666666,0.0909090909090909,3.0,0.0,94.0,6.0,11.0,0.0,0.0,0.0,0.0,0.0,1.0,0.0,0.0,0.0,0.0,-1.0231586669890729,-0.1531279935599871,0.7441938580484809,-0.1293214365919415,-0.6011343465993985,-1.228403513843903,1.5882268573455445,-0.2020454871191189,-0.2073567129463963,-0.5251530779927517,0.4023489388231981,-0.2192296649910203,-0.3124943305803233,1.398305621706172,-0.673136533919824,35.64,6.35,41.1,10.8,27.4,10.1,0.8333333333333334,0.645101663585952,4,5,5,4,1,2,2,5,3,0.5863019699779287,1.1726039399558574,1.1726039399558574,0.5863019699779287,-1.1726039399558574,-0.5863019699779287,0.0,1.1726039399558574,-1.758905909933786,-1.1726039399558574,0.0,0.2,0.75,0.3785938897200182,1,5,0.8300873422673549,0.9,1.0,439.0,115.0,37.0,0.0842824601366742,0.3217391304347826,0.0715667311411992,0,534.0,6715815.0,-0.7977119766339881,-0.70287777031615,-0.6450552541976357,-0.6028194775205034,-0.9942554810346128,1.4462904983191245,True,False,False,False,True,False,False,False,True,True,False,False,False,False,True,False,False,False,True,False,True,Medium,,False,False,
Closure,144,Closure-144,0.0,0.3333333333333333,0.0059523809523809,0.003257328990228,0.0,0.0,3.0,168.0,307.0,0.0,0.0,0.0,0.0,0.0,0.0,0.0,1.0,0.0,0.0,0.0,-1.0231586669890729,-0.7576758641159647,-2.430552480033038,4.163331944642799,-0.9226620584791106,0.3544881524300109,1.5882268573455445,-0.2020454871191189,-0.2073567129463963,-0.5251530779927517,-0.4635308650875505,-0.2192296649910203,-0.3124943305803233,-1.1321300527557827,0.2959479588785432,-192.14,22.76,51.33,44.5,109.2,0.0,0.7291666666666666,0.383399209486166,1,4,2,3,1,0,3,1,0,-0.2964997266644404,2.1496230183171936,0.5188745216627709,1.3342487699899823,-0.2964997266644404,-1.1118739749916515,0.5188745216627709,-0.2964997266644404,-1.1118739749916515,-0.2964997266644404,-1.1118739749916515,0.0,0.35,0.1914854215512676,-1,2,0.923137310424746,1.0,4.0,704.0,28.0,11.0,0.015625,0.3928571428571428,0.015256588072122,0,511.0,6246190.0,-0.7977119766339881,-0.70287777031615,-0.6450552541976357,-0.6028194775205034,-0.9942554810346128,1.4462904983191245,False,False,False,False,False,True,False,True,False,True,False,False,False,False,True,False,False,False,True,False,True,Medium,,False,False,
Cli,11,Cli-11,0.3333333333333333,0.0,0.25,0.3333333333333333,1.0,3.0,0.0,4.0,3.0,1.0,0.0,0.0,0.0,0.0,1.0,1.0,0.0,1.0,1.0,1.0,1.6495667669932017,0.4514198769959905,0.6743467820628556,-0.6796139664335973,-0.1064125837329401,1.2478804620372923,0.1845320580379615,-0.2020454871191189,0.0891207790231942,0.6929103112404362,2.134108546644695,-0.2192296649910203,-0.3124943305803233,2.452653819398653,0.2959479588785432,50.02,9.04,39.04,9.5,13.5,10.9,0.9375,0.7857142857142857,5,5,4,4,5,3,1,5,4,0.9370425713316364,0.9370425713316364,0.0780868809443029,0.0780868809443029,0.9370425713316364,-0.7808688094430304,0.0780868809443029,0.9370425713316364,-0.7808688094430304,-2.498780190217697,0.0780868809443029,0.8,0.9,0.1154700538379251,0,20,0.9190628842773924,0.9,1.0,244.0,140.0,36.0,0.1475409836065573,0.2571428571428571,0.1034482758620689,0,47.0,273550.0,0.9450653663523544,1.429999919366694,-0.1816478262641324,0.8844725689085398,0.3265604740231759,-1.100172694435399,True,False,False,False,True,True,False,False,False,True,False,False,False,False,False,True,False,False,True,False,True,Major,,False,False,
Closure,17,Closure-17,0.3333333333333333,0.0,0.0135135135135135,0.5,0.0833333333333333,3.0,0.0,74.0,2.0,12.0,0.0,0.0,0.0,0.0,0.0,1.0,0.0,0.0,1.0,0.0,-1.0231586669890729,-0.1531279935599871,0.785870466355487,0.1025088738273401,0.5775185551070113,-0.6069631390168309,1.5882268573455445,-0.2020454871191189,-0.2073567129463963,0.6929103112404362,9.927026781841434,-0.2192296649910203,-0.3124943305803233,0.7656967030906834,1.2650324516769105,5.39,9.8,51.43,16.3,33.1,13.2,0.625,0.29064039408867,4,5,3,4,1,3,2,3,3,0.896258159530272,1.6004609991611998,0.1920553198993441,0.896258159530272,-1.2163503593625116,0.1920553198993441,0.1920553198993441,0.1920553198993441,-1.9205531989934397,-1.2163503593625116,0.1920553198993441,0.3,0.5499999999999999,0.2516611478423583,-1,3,0.822796272366246,0.9,1.0,592.0,113.0,40.0,0.0675675675675675,0.3539823008849557,0.0601503759398496,0,981.0,12673723.0,-0.7977119766339881,-0.70287777031615,-0.6450552541976357,-0.6028194775205034,-0.9942554810346128,1.4462904983191245,True,False,False,False,True,True,False,False,False,True,False,False,False,False,True,False,False,False,True,False,True,Medium,,False,False,
Jsoup,14,Jsoup-14,0.0,0.0,0.0,0.015625,0.0,0.0,0.0,0.0,64.0,0.0,0.0,0.0,0.0,0.0,0.0,0.0,0.0,0.0,0.0,0.0,0.1943676490912323,0.4514198769959905,0.8864242035429412,0.2634759742873552,0.2319908443389094,-0.7886234065138379,-0.5748438169972881,-0.2020454871191189,-0.2073567129463963,-0.5251530779927517,0.4023489388231981,-0.2192296649910203,-0.1809757993128989,0.5548270635521871,-0.673136533919824,32.19,9.97,45.66,12.2,18.6,13.1,0.75,0.3793103448275864,5,5,5,5,1,5,0,4,3,0.7752025329784148,0.7752025329784148,0.7752025329784148,0.7752025329784148,-1.3566044327122255,0.7752025329784148,0.7752025329784148,0.2422507915557546,-1.889556174134886,-1.3566044327122255,-0.2907009498669055,0.5,0.75,0.3785938897200182,0,5,0.6986626150486306,1.0,2.0,214.0,88.0,15.0,0.0700934579439252,0.1704545454545454,0.0522648083623693,0,66.0,622460.0,-0.7977119766339881,-0.70287777031615,-0.6450552541976357,-0.4389138234242414,-0.1274271491586809,-0.7964153734524217,True,True,False,False,True,False,False,False,True,True,False,False,False,False,False,True,False,False,True,False,True,,,False,False,
Codec,16,Codec-16,1.0,0.0,1.0,1.0,1.0,1.0,0.0,1.0,1.0,1.0,1.0,0.0,1.0,1.0,1.0,1.0,0.0,1.0,1.0,1.0,-0.2350473210712225,-0.7576758641159647,-0.6549124477585873,-0.0532837350124431,-0.4379098193951574,0.4374135895908903,-0.5748438169972881,-0.2020454871191189,-0.2073567129463963,-0.5251530779927517,-0.4635308650875505,-0.2192296649910203,-0.0494572680454745,-0.0777818550633016,0.2959479588785432,54.93,10.6,51.3,9.6,14.4,10.5,0.8958333333333334,0.7530864197530865,5,5,2,3,5,3,2,4,2,1.2403473458920846,1.2403473458920846,-0.8062257748298548,-0.1240347345892083,1.2403473458920846,-0.1240347345892083,-0.1240347345892083,0.5581563056514381,-0.1240347345892083,-2.1706078553111476,-0.8062257748298548,0.8,0.7,0.2581988897471611,-1,10,0.6669961316653251,0.9,1.0,285.0,50.0,14.0,0.0491228070175438,0.28,0.043613707165109,0,115.0,1318014.0,0.7707876320537201,0.0436294210728453,2.5111250657819006,0.3988261864010971,1.178301603920255,0.5794332961303383,True,False,False,False,True,True,False,False,False,True,False,False,False,False,False,True,False,False,True,False,False,Minor,,False,False,
Jsoup,28,Jsoup-28,0.5,1.0,0.0277777777777777,0.0204081632653061,0.0476190476190476,2.0,1.0,36.0,49.0,21.0,0.0,1.0,0.0,0.0,0.0,1.0,1.0,0.0,0.0,0.0,0.4283951625413987,-0.7576758641159647,0.5981497729639776,0.1668042934264995,0.7530246939098532,0.3238187903715674,-0.5748438169972881,-0.2020454871191189,-0.2073567129463963,-0.5251530779927517,-0.4635308650875505,-0.2192296649910203,-0.3124943305803233,-0.4995211341402941,2.2341169444752773,-5.45,11.59,45.46,16.3,37.3,12.9,0.8333333333333334,0.5646258503401361,5,5,4,4,1,3,2,5,4,1.072112534837795,1.072112534837795,0.4824506406770077,0.4824506406770077,-1.2865350418053536,-0.1072112534837793,-0.1072112534837793,1.072112534837795,-1.8761969359661408,-1.2865350418053536,0.4824506406770077,0.3,0.7,0.3464101615137754,0,4,0.9118568037184352,0.6,3.0,309.0,76.0,22.0,0.0711974110032362,0.2894736842105263,0.0606060606060606,0,75.0,628542.0,-0.7977119766339881,-0.70287777031615,-0.6450552541976357,-0.3782080256108111,-0.4270302110713409,-1.744225593070159,True,True,False,True,True,True,False,False,False,True,False,False,False,False,False,True,False,False,True,False,True,,,False,False,
Cli,7,Cli-7,0.0,0.0,0.0344827586206896,0.0181818181818181,0.0,0.0,0.0,29.0,55.0,0.0,0.0,0.0,0.0,0.0,0.0,0.0,0.0,0.0,0.0,0.0,0.466306161604977,-0.7576758641159647,0.8738033136148677,-0.1989888970246446,1.474022885748566,0.4054578225941888,0.1845320580379615,1.1522617057836908,-0.2073567129463963,0.6929103112404362,-0.4635308650875505,-0.2192296649910203,0.3450983257567985,-0.0777818550633016,1.2650324516769105,-11.78,9.12,49.96,16.6,32.8,9.9,0.6875,0.4155844155844155,5,5,4,3,1,4,3,3,3,1.3764944032233704,1.3764944032233704,0.7456011350793256,0.1147078669352807,-1.1470786693528088,0.7456011350793256,-0.516185401208764,0.1147078669352807,-1.7779719374968537,-1.1470786693528088,0.1147078669352807,0.4,0.5499999999999999,0.2516611478423583,1,4,0.935099532460526,0.7,1.0,98.0,107.0,15.0,0.1530612244897959,0.1401869158878504,0.0789473684210526,1,96.0,631562.0,2.1650095064427943,0.8967804969459829,1.27249272345824,0.4777437235585565,-0.904867356457708,-0.4832847837459729,True,False,False,False,True,True,False,False,False,True,False,False,False,False,False,True,False,False,True,False,True,Major,CLI-2.x,True,False,diff
Mockito,15,Mockito-15,0.0,0.0,0.0,0.0034602076124567,0.0,0.0,0.0,0.0,289.0,0.0,0.0,0.0,0.0,0.0,0.0,0.0,0.0,0.0,0.0,0.0,-1.0231586669890729,-0.7576758641159647,-2.430552480033038,4.163331944642799,0.9303979192957068,-4.097795444638771,-1.8864930556945376,-0.2020454871191189,-0.2073567129463963,-0.5251530779927517,-0.4635308650875505,-0.2192296649910203,-0.3124943305803233,-0.4995211341402941,-0.673136533919824,35.10500000000002,23.0,62.5,18.3,22.69439024390244,18.243605946275583,0.9791666666666666,0.9210526315789472,0,0,1,1,1,0,4,0,0,-0.7559289460184545,-0.7559289460184545,1.3228756555322954,1.3228756555322954,1.3228756555322954,-0.7559289460184545,1.3228756555322954,-0.7559289460184545,-0.7559289460184545,-0.7559289460184545,-0.7559289460184545,0.0,0.15,0.1,0,1,0.6532414133919566,1.0,1.0,39.0,12.0,3.0,0.0769230769230769,0.25,0.0625,0,677.0,2592202.0,-0.9719897109326224,-0.9161655392844344,-0.6450552541976357,-0.6028194775205034,-0.9942554810346128,1.4462904983191245,False,False,False,False,True,False,False,False,True,True,False,False,False,False,True,False,False,False,True,False,False,High,,False,False,
JxPath,16,JxPath-16,1.0,0.5,1.0,0.5,1.0,1.0,2.0,1.0,2.0,1.0,1.0,0.0,1.0,0.0,1.0,1.0,1.0,1.0,1.0,1.0,-0.0279949415701407,-0.1531279935599871,0.2266255707966559,0.0851984437652054,1.6591705192506263,1.0138862885279454,0.1845320580379615,-0.2020454871191189,-0.2073567129463963,-0.5251530779927517,-0.4635308650875505,-0.2192296649910203,-0.1809757993128989,-0.2886514946017978,0.2959479588785432,39.84,11.66,53.02,11.3,16.9,12.2,0.8958333333333334,0.7530864197530865,5,5,2,3,5,3,2,4,3,1.2163503593625116,1.2163503593625116,-0.896258159530272,-0.1920553198993441,1.2163503593625116,-0.1920553198993441,-0.1920553198993441,0.5121475197315838,-0.1920553198993441,-2.304663838792128,-0.1920553198993441,0.8,0.7,0.2581988897471611,-1,10,0.7717536078462502,0.9,2.0,222.0,56.0,14.0,0.063063063063063,0.25,0.053030303030303,0,214.0,1256131.0,0.7707876320537201,1.2167121503984095,0.8489149612297778,0.3684732874943819,0.6022448010913127,0.1289161121970979,False,True,False,False,True,True,False,False,False,True,False,False,False,False,False,True,False,False,True,False,False,Minor,,False,False,
Mockito,29,Mockito-29,0.0,0.0,0.0,0.0016025641025641,0.0059523809523809,0.0,0.0,0.0,624.0,168.0,0.0,0.0,0.0,0.0,0.0,0.0,0.0,0.0,0.0,0.0,-1.0231586669890729,-0.7576758641159647,-2.430552480033038,4.163331944642799,0.9303979192957068,-4.097795444638771,-1.8864930556945376,-0.2020454871191189,-0.2073567129463963,-0.5251530779927517,-0.4635308650875505,-0.2192296649910203,-0.3124943305803233,-1.1321300527557827,-0.673136533919824,50.4384285714286,9.837142857142858,39.325,9.006571428571426,13.018749999999995,10.125756701596842,0.9791666666666666,0.877551020408163,0,0,0,0,1,0,4,0,0,-0.4714045207910317,-0.4714045207910317,-0.4714045207910317,-0.4714045207910317,2.1213203435596424,-0.4714045207910317,2.1213203435596424,-0.4714045207910317,-0.4714045207910317,-0.4714045207910317,-0.4714045207910317,0.0,0.05,0.1,0,0,0.5201672987207322,1.0,1.0,32.0,68.0,5.0,0.15625,0.0735294117647058,0.0526315789473684,0,681.0,2611406.0,-0.9719897109326224,-0.9161655392844344,-0.6450552541976357,-0.6028194775205034,-0.9942554810346128,1.4462904983191245,True,True,False,True,False,False,False,True,True,True,False,False,False,False,True,False,False,False,True,False,False,Medium,,False,False,
Mockito,11,Mockito-11,0.3333333333333333,1.0,0.0208333333333333,0.1428571428571428,0.0,3.0,1.0,48.0,7.0,0.0,0.0,1.0,0.0,0.0,0.0,1.0,1.0,0.0,0.0,0.0,5.617098630531537,7.7059943236677215,0.2460268842908987,-0.6764731862858152,-1.6988993040710567,1.83504657344522,-0.989048839743788,-0.2020454871191189,-0.2073567129463963,-0.5251530779927517,1.2682287427339467,-0.2192296649910203,-0.3124943305803233,-0.7103907736787903,-0.673136533919824,59.9,6.86,36.85,7.7,10.0,10.5,0.875,0.7209302325581395,4,5,2,3,4,2,2,4,4,0.6933752452815364,1.4560880150912263,-0.8320502943378436,-0.0693375245281535,0.6933752452815364,-0.8320502943378436,-0.0693375245281535,0.6933752452815364,-0.0693375245281535,-2.3574758339572237,0.6933752452815364,0.7,0.65,0.1914854215512676,-1,8,0.6155625408802561,0.9,1.0,32.0,265.0,13.0,0.40625,0.0490566037735849,0.0457746478873239,0,826.0,3120960.0,1.6421763035468917,0.5768488434935564,0.0091669970026042,8.654814689027623,0.0247691391421019,-2.0771974294839093,True,False,True,False,True,False,False,False,True,True,False,False,False,False,False,True,False,False,True,False,False,,,False,False,
JxPath,12,JxPath-12,0.2,1.0,0.5,0.5,0.5,5.0,1.0,2.0,2.0,2.0,0.0,1.0,0.0,0.0,0.0,1.0,1.0,1.0,1.0,1.0,0.2424854555950048,-0.4554019288379759,0.9527169482336264,-0.694330211228762,-1.081014456579866,1.7364199310283102,0.1845320580379615,-0.2020454871191189,-0.2073567129463963,-0.5251530779927517,-0.4635308650875505,-0.2192296649910203,0.0820612632219498,0.1330877844751946,-0.673136533919824,15.57,12.16,63.4,14.4,23.3,13.0,0.8541666666666666,0.7113402061855669,5,5,3,2,1,3,4,2,3,1.6970966343438931,1.6970966343438931,0.4096440151864569,-0.2340822943922612,-0.8778086039709794,0.4096440151864569,-0.8778086039709794,-0.2340822943922612,-1.5215349135496974,-0.8778086039709794,0.4096440151864569,0.3,0.4,0.1632993161855452,1,3,0.9295988874778328,0.9,1.0,181.0,93.0,27.0,0.149171270718232,0.2903225806451613,0.1093117408906882,2,210.0,1197188.0,0.4222321634564516,0.7901366124618407,0.3660154976572806,0.3684732874943819,-0.4127124229406332,-0.2462185726210727,True,False,False,False,True,False,False,False,True,True,False,True,False,False,False,False,False,False,True,False,True,Major,,True,True,"java,txt"
Cli,3,Cli-3,0.0,0.0,0.1111111111111111,0.1111111111111111,0.0666666666666666,0.0,0.0,9.0,9.0,15.0,0.0,0.0,0.0,0.0,0.0,0.0,0.0,0.0,0.0,0.0,1.6495667669932017,0.4514198769959905,0.6743467820628556,-0.6796139664335973,-0.1064125837329401,1.2478804620372923,0.1845320580379615,-0.2020454871191189,0.0891207790231942,0.6929103112404362,2.134108546644695,-0.2192296649910203,-0.3124943305803233,2.452653819398653,0.2959479588785432,50.02,9.04,39.04,9.5,13.5,10.9,0.9375,0.763157894736842,5,5,4,4,5,3,1,5,4,0.9370425713316364,0.9370425713316364,0.0780868809443029,0.0780868809443029,0.9370425713316364,-0.7808688094430304,0.0780868809443029,0.9370425713316364,-0.7808688094430304,-2.498780190217697,0.0780868809443029,0.8,0.9,0.1154700538379251,0,20,0.9190628842773924,0.9,1.0,132.0,140.0,21.0,0.1590909090909091,0.15,0.0836653386454183,0,43.0,261754.0,0.9450653663523544,1.429999919366694,-0.1816478262641324,0.8844725689085398,0.3265604740231759,-1.100172694435399,True,False,False,False,True,True,False,False,False,True,False,False,False,False,False,True,False,False,True,False,True,Major,,False,False,
Jsoup,10,Jsoup-10,0.5,1.0,1.0,0.5,0.25,2.0,1.0,1.0,2.0,4.0,0.0,1.0,1.0,0.0,0.0,1.0,1.0,1.0,1.0,1.0,-0.3334701071016663,-0.7576758641159647,-2.430552480032944,0.7976982541418728,0.7530246939098532,0.0285982836867831,-0.5748438169972881,-0.2020454871191189,-0.2073567129463963,-0.5251530779927517,0.4023489388231981,-0.2192296649910203,-0.3124943305803233,-0.4995211341402941,0.2959479588785432,-30.02,11.85,61.71,19.5,38.4,13.2,0.9583333333333334,0.9111111111111112,4,5,4,4,1,3,1,4,3,0.6504436355879909,1.3008872711759818,0.6504436355879909,0.6504436355879909,-1.3008872711759818,0.0,0.6504436355879909,0.6504436355879909,-1.9513309067639728,-1.3008872711759818,0.0,0.3,0.65,0.3,0,4,0.9094647654899972,0.4,1.0,195.0,53.0,16.0,0.082051282051282,0.3018867924528302,0.0689655172413793,0,55.0,422067.0,-0.7977119766339881,-0.70287777031615,-0.6450552541976357,-0.5481842594884161,-0.4641099722657217,-0.7181556180793655,False,False,False,False,True,True,False,False,False,True,False,False,False,False,False,True,False,False,True,False,True,,,False,False,
Jsoup,38,Jsoup-38,0.5,0.0,0.0,0.0344827586206896,0.5,2.0,0.0,0.0,29.0,2.0,0.0,0.0,0.0,0.0,0.0,1.0,0.0,0.0,0.0,1.0,-0.3932528363942322,-0.4554019288379759,0.4554035948704356,-0.9117834090105869,-0.6011343465993985,-0.1978060816198744,-0.5748438169972881,-0.2020454871191189,-0.2073567129463963,-0.5251530779927517,-0.4635308650875505,-0.2192296649910203,-0.3124943305803233,0.1330877844751946,-0.673136533919824,39.43,12.11,57.35,11.5,21.1,12.5,0.8125,0.5731225296442687,5,5,4,4,3,3,2,5,3,1.1973421894279308,1.1973421894279308,0.4656330736664174,0.4656330736664174,-0.2660760420950958,-0.2660760420950958,-0.2660760420950958,1.1973421894279308,-1.7294942736181225,-1.7294942736181225,-0.2660760420950958,0.4666666666666667,0.8,0.1632993161855452,0,12,0.9684456855428534,0.4,1.0,356.0,52.0,18.0,0.0505617977528089,0.3461538461538461,0.0461538461538461,0,80.0,700056.0,-0.7977119766339881,-0.70287777031615,-0.6450552541976357,-0.5117607808003578,0.8388395593960567,-0.4628313254715361,False,False,False,False,True,False,False,False,True,True,False,False,False,False,False,True,False,False,True,False,True,,,False,False,
Codec,12,Codec-12,0.25,0.0,0.25,0.25,0.3333333333333333,4.0,0.0,4.0,4.0,3.0,0.0,0.0,0.0,0.0,0.0,1.0,0.0,1.0,1.0,1.0,0.3183074537221615,-0.1531279935599871,0.8540471041095334,-0.2886284747758545,1.474022885748566,0.2747519100056695,-1.1731399609644546,-0.2020454871191189,-0.2073567129463963,0.6929103112404362,-0.4635308650875505,-0.2192296649910203,0.0820612632219498,-0.2886514946017978,0.2959479588785432,39.13,12.31,55.53,11.6,21.7,13.5,0.9791666666666666,0.9344262295081966,5,5,4,4,5,3,1,5,3,0.99124070716193,0.99124070716193,0.1524985703326045,0.1524985703326045,0.99124070716193,-0.6862435664967211,0.1524985703326045,0.99124070716193,-0.6862435664967211,-2.3637278401553723,-0.6862435664967211,0.8,0.9,0.1154700538379251,0,20,0.8092718832130138,0.6,1.0,131.0,83.0,15.0,0.1145038167938931,0.180722891566265,0.0753768844221105,1,88.0,1002127.0,0.7707876320537201,0.0436294210728453,1.4145333143957122,0.4170379257451262,0.9067319683008964,-0.1657597373301974,True,True,False,False,True,True,False,False,False,True,False,False,False,False,False,True,False,False,True,False,True,Minor,,False,False,java
Math,74,Math-74,0.1428571428571428,0.25,1.0,0.25,0.5,7.0,4.0,1.0,4.0,2.0,0.0,0.0,1.0,0.0,0.0,0.0,1.0,1.0,1.0,1.0,1.1596400098638813,-0.1531279935599871,1.0146295918188102,-0.492644901385415,-1.8496029254103703,0.4063308551735279,-0.3447299154714549,-0.2020454871191189,-0.2073567129463963,-0.5251530779927517,0.4023489388231981,-0.2192296649910203,-0.0494572680454745,-0.4995211341402941,1.2650324516769105,40.58,12.71,48.88,13.1,18.4,13.6,0.8958333333333334,0.6721311475409838,5,5,3,3,5,4,2,5,4,0.9525009525014289,0.9525009525014289,-0.4445004445006666,-0.4445004445006666,0.9525009525014289,0.2540002540003811,-0.4445004445006666,0.9525009525014289,-0.4445004445006666,-2.54000254000381,0.2540002540003811,0.9,0.8,0.2309401076758503,0,15,0.815728508989764,0.8,1.0,249.0,139.0,42.0,0.1686746987951807,0.302158273381295,0.1213872832369942,0,795.0,6354658.0,1.6421763035468917,2.283150995239831,0.3976114586527468,0.568802420278702,1.3602142784978155,-0.9710364567167666,True,True,False,False,True,True,False,False,False,True,False,False,False,False,False,True,False,False,True,False,False,Major,,False,False,
Cli,29,Cli-29,0.1428571428571428,0.2,0.3333333333333333,0.25,0.5,7.0,5.0,3.0,4.0,2.0,0.0,0.0,0.0,0.0,0.0,0.0,1.0,1.0,1.0,1.0,0.8993664201389299,-0.4554019288379759,0.9276947901242534,-0.6855050245661678,-0.6011343465993985,0.9973745342954708,0.1845320580379615,-0.2020454871191189,-0.2073567129463963,-0.5251530779927517,0.4023489388231981,-0.2192296649910203,1.6602836384310424,0.5548270635521871,0.2959479588785432,70.29,6.7,41.64,5.8,14.5,8.9,0.9583333333333334,0.8740157480314962,5,5,4,4,5,3,1,5,3,0.99124070716193,0.99124070716193,0.1524985703326045,0.1524985703326045,0.99124070716193,-0.6862435664967211,0.1524985703326045,0.99124070716193,-0.6862435664967211,-2.3637278401553723,-0.6862435664967211,0.8,0.9,0.1154700538379251,0,20,0.7588928940000157,0.9,1.0,82.0,124.0,14.0,0.1707317073170731,0.1129032258064516,0.0729166666666666,0,46.0,336402.0,0.9450653663523544,1.429999919366694,0.575627726700373,0.7812727126257082,-0.401739912410558,-1.0029250888174468,False,True,False,False,True,True,False,False,False,True,False,False,False,False,False,True,False,False,True,False,True,Major,Parser,False,False,
Lang,14,Lang-14,1.0,1.0,1.0,1.0,0.5,1.0,1.0,1.0,1.0,2.0,1.0,1.0,1.0,1.0,0.0,1.0,1.0,1.0,1.0,1.0,0.5290051215947413,0.4514198769959905,1.1287588971614848,-0.4579257172685713,0.9303979192957068,0.8055753114036953,0.1845320580379615,-0.2020454871191189,-0.2073567129463963,-0.5251530779927517,0.4023489388231981,3.1090752489635607,0.3450983257567985,0.1330877844751946,0.2959479588785432,47.69,10.8,55.45,10.4,16.7,12.1,0.9166666666666666,0.7782909930715934,4,5,3,3,5,3,1,5,3,0.3928371006591931,1.2570787221094175,-0.4714045207910316,-0.4714045207910316,1.2570787221094175,-0.4714045207910316,0.3928371006591931,1.2570787221094175,-0.4714045207910316,-2.199887763691481,-0.4714045207910316,0.8,0.8,0.2309401076758503,0,15,0.8657235258144288,0.4,1.0,981.0,111.0,49.0,0.0499490316004077,0.4414414414414414,0.046979865771812,1,224.0,4017781.0,0.5965098977550859,1.0034243814301251,0.7647476251493602,0.4534614044331844,0.3741733322161802,-0.3215285344195288,False,False,False,False,True,True,False,False,False,True,False,False,False,False,False,True,False,False,True,False,True,Major,lang.*,True,False,patch
Closure,168,Closure-168,0.25,0.0,0.0333333333333333,0.5,0.0555555555555555,4.0,0.0,30.0,2.0,18.0,0.0,0.0,0.0,0.0,0.0,1.0,0.0,0.0,1.0,0.0,-1.0231586669890729,-0.1531279935599871,0.77012951530748,0.5511472829094279,-0.4379098193951574,0.0734210945934761,1.5882268573455445,-0.2020454871191189,-0.2073567129463963,-0.5251530779927517,-0.4635308650875505,-0.2192296649910203,-0.3124943305803233,0.1330877844751946,-0.673136533919824,-13.81,7.6,49.55,17.4,43.8,11.7,0.75,0.3698030634573303,5,5,4,4,1,3,1,5,4,1.0098386065601943,1.0098386065601943,0.425195202762187,0.425195202762187,-1.3287350086318348,-0.1594482010358202,0.425195202762187,1.0098386065601943,-1.913378412429842,-1.3287350086318348,0.425195202762187,0.3,0.7,0.3464101615137754,0,4,0.8040654974880254,0.9,1.0,595.0,92.0,33.0,0.0554621848739495,0.358695652173913,0.0504587155963302,0,981.0,12690702.0,-0.7977119766339881,-0.70287777031615,-0.6450552541976357,-0.6028194775205034,-0.9942554810346128,1.4462904983191245,True,False,False,False,True,False,False,False,True,True,False,False,False,False,True,False,False,False,True,False,True,Medium,,False,False,
Math,60,Math-60,0.5,1.0,0.2,1.0,0.5,2.0,1.0,5.0,1.0,2.0,0.0,1.0,0.0,1.0,0.0,1.0,1.0,1.0,1.0,1.0,0.4065234323124112,-0.7576758641159647,0.5074515616630131,-0.4380789607875258,-1.237791208928377,0.5956458998497037,-0.3447299154714549,-0.2020454871191189,-0.2073567129463963,3.1290370897068125,-0.4635308650875505,-0.2192296649910203,0.2135797944893742,-0.0777818550633016,-0.673136533919824,9.96,10.95,44.72,14.5,19.1,11.9,0.7916666666666666,0.4557823129251699,5,5,4,4,5,3,1,5,3,0.99124070716193,0.99124070716193,0.1524985703326045,0.1524985703326045,0.99124070716193,-0.6862435664967211,0.1524985703326045,0.99124070716193,-0.6862435664967211,-2.3637278401553723,-0.6862435664967211,0.8,0.9,0.1154700538379251,0,20,0.7085139047870175,0.6,1.0,148.0,79.0,18.0,0.1216216216216216,0.2278481012658227,0.0861244019138756,0,783.0,6263048.0,0.2479544291578174,-0.2763022323795812,0.4429447939940677,0.8419785104391385,0.2302766941217671,-0.1244251159032918,True,True,False,False,True,False,False,False,True,True,False,True,False,False,False,False,False,False,True,False,True,Minor,,False,False,
Closure,13,Closure-13,0.0,0.0,0.0034013605442176,0.0061349693251533,0.0062111801242236,0.0,0.0,294.0,163.0,161.0,0.0,0.0,0.0,0.0,0.0,0.0,0.0,0.0,0.0,0.0,-1.0231586669890729,-0.1531279935599871,1.085171142005512,-0.6024043978738518,-0.1064125837329401,-0.9796305791419142,1.5882268573455445,-0.2020454871191189,-0.2073567129463963,-0.5251530779927517,-0.4635308650875505,-0.2192296649910203,-0.3124943305803233,0.7656967030906834,0.2959479588785432,34.83,8.46,49.34,11.2,27.5,11.0,0.8333333333333334,0.6637478108581437,3,4,5,4,1,2,2,2,1,0.4260064336151291,1.095445115010332,1.7648837964055353,1.095445115010332,-0.912870929175277,-0.2434322477800739,0.4260064336151291,-0.2434322477800739,-1.58230961057048,-0.912870929175277,-0.912870929175277,0.2,0.6,0.3651483716701107,1,5,0.8733761773974517,0.6,1.0,150.0,71.0,12.0,0.08,0.1690140845070422,0.0574162679425837,0,981.0,12684695.0,-0.7977119766339881,-0.70287777031615,-0.6450552541976357,-0.6028194775205034,-0.9942554810346128,1.4462904983191245,False,False,False,False,True,True,False,False,False,True,False,False,False,False,True,False,False,False,True,False,True,Medium,,False,False,
Math,48,Math-48,0.0,0.0,0.05,0.0714285714285714,0.25,0.0,0.0,20.0,14.0,4.0,0.0,0.0,0.0,0.0,0.0,0.0,0.0,0.0,0.0,1.0,0.1899933030454348,-0.4554019288379759,-0.2055172174714591,-0.3882978207522207,0.0619124374841446,0.1288959031368986,-0.3447299154714549,-0.2020454871191189,-0.2073567129463963,-0.5251530779927517,-0.4635308650875505,-0.2192296649910203,-0.0494572680454745,-0.0777818550633016,-0.673136533919824,8.37,15.68,60.8,17.2,24.8,16.1,0.9166666666666666,0.8235294117647058,5,5,4,4,1,3,1,4,3,1.177621523593293,1.177621523593293,0.5607721540920443,0.5607721540920443,-1.2897759544117016,-0.0560772154092043,0.5607721540920443,0.5607721540920443,-1.9066253239129505,-1.2897759544117016,-0.0560772154092043,0.3,0.65,0.3,0,4,0.8609376624043791,0.9,1.0,163.0,81.0,19.0,0.1165644171779141,0.2345679012345679,0.0844444444444444,1,904.0,7604412.0,-0.100601039439451,0.1502733055569876,1.3977203464888277,0.568802420278702,0.980796414378903,0.1961290910808745,False,True,False,False,True,False,False,False,True,True,False,False,False,False,False,True,False,False,True,False,True,Major,,True,False,patch
Cli,15,Cli-15,0.0,0.0,0.0454545454545454,0.0142857142857142,0.0,0.0,0.0,22.0,70.0,0.0,0.0,0.0,0.0,0.0,0.0,0.0,0.0,0.0,0.0,0.0,1.3236779865812875,0.1491459417180017,1.130694910603157,-0.0960749494161278,0.2319908443389094,0.626985109943428,0.1845320580379615,-0.2020454871191189,-0.2073567129463963,-0.5251530779927517,2.134108546644695,-0.2192296649910203,-0.0494572680454745,3.7178716566296304,4.172285930072012,39.84,11.47,46.98,11.3,17.8,12.5,0.9583333333333334,0.903225806451613,5,5,4,4,1,3,1,5,3,1.072112534837795,1.072112534837795,0.4824506406770077,0.4824506406770077,-1.2865350418053536,-0.1072112534837793,0.4824506406770077,1.072112534837795,-1.8761969359661408,-1.2865350418053536,-0.1072112534837793,0.3,0.7,0.3464101615137754,0,4,0.7607198360794408,0.6,1.0,129.0,110.0,20.0,0.1550387596899224,0.1818181818181818,0.091324200913242,1,99.0,645561.0,1.1193431006509886,1.6432876883349783,0.6219827766078924,0.908754888033912,-0.0843208577905287,-0.8189759265672665,True,True,False,True,True,True,False,False,False,True,False,False,False,False,True,False,False,False,True,False,True,Major,CLI-2.x,True,False,patch
Lang,28,Lang-28,1.0,0.5,0.1666666666666666,0.0625,0.0,1.0,2.0,6.0,16.0,0.0,1.0,0.0,0.0,0.0,0.0,1.0,1.0,0.0,0.0,0.0,0.6638807913401643,0.1491459417180017,0.4829020677477842,-0.4636579789988342,1.8463416241570776,1.3329912978144445,0.1845320580379615,-0.2020454871191189,-0.2073567129463963,0.6929103112404362,-0.4635308650875505,-0.2192296649910203,0.2135797944893742,-0.7103907736787903,-0.673136533919824,43.19,9.3,44.22,10.0,20.8,11.1,0.875,0.6666666666666666,4,5,2,3,5,3,2,5,4,0.4445004445006666,1.1430011430017144,-0.9525009525014289,-0.2540002540003811,1.1430011430017144,-0.2540002540003811,-0.2540002540003811,1.1430011430017144,-0.2540002540003811,-2.3495023495035245,0.4445004445006666,0.8,0.75,0.3,-1,10,0.8343574664527146,0.6,1.0,88.0,105.0,14.0,0.1590909090909091,0.1333333333333333,0.0782122905027933,2,195.0,3605956.0,1.1193431006509886,0.2569171900411298,1.0748073649370156,0.5384495213719869,-0.2775027770539013,-0.360355650549869,True,True,False,False,True,False,False,False,True,True,False,False,False,False,False,True,False,False,True,False,False,Minor,lang.*,False,False,txt
Closure,140,Closure-140,0.3333333333333333,0.3333333333333333,0.25,0.0769230769230769,0.0227272727272727,3.0,3.0,4.0,13.0,44.0,0.0,0.0,0.0,0.0,0.0,1.0,1.0,1.0,0.0,0.0,-1.0231586669890729,-0.7576758641159647,-0.2682283770815992,0.3859918146850509,-0.1064125837329401,1.9151998975767863,1.5882268573455445,-0.2020454871191189,-0.2073567129463963,-0.5251530779927517,-0.4635308650875505,-0.2192296649910203,-0.3124943305803233,-1.1321300527557827,-0.673136533919824,-89.75,8.05,37.1,28.0,94.9,10.9,0.9791666666666666,0.877551020408163,0,0,0,0,0,0,4,0,0,-0.3162277660168379,-0.3162277660168379,-0.3162277660168379,-0.3162277660168379,-0.3162277660168379,-0.3162277660168379,3.1622776601683795,-0.3162277660168379,-0.3162277660168379,-0.3162277660168379,-0.3162277660168379,0.0,0.0,0.0,0,0,0.9264253169834789,1.0,1.0,604.0,50.0,20.0,0.0331125827814569,0.4,0.0315457413249211,0,478.0,5588013.0,-0.7977119766339881,-0.70287777031615,-0.6450552541976357,-0.6028194775205034,-0.9942554810346128,1.4462904983191245,False,False,False,False,False,False,False,True,True,True,False,False,False,False,True,False,False,False,True,False,False,,,False,False,
Closure,154,Closure-154,1.0,1.0,0.125,0.0476190476190476,0.2,1.0,1.0,8.0,21.0,5.0,1.0,1.0,0.0,0.0,0.0,1.0,1.0,0.0,0.0,1.0,-1.0231586669890729,-0.7576758641159647,-0.6979813863243542,-0.1076986297702266,-0.9226620584791106,-0.7704622600954566,1.5882268573455445,-0.2020454871191189,-0.2073567129463963,-0.5251530779927517,-0.4635308650875505,-0.2192296649910203,-0.3124943305803233,-0.9212604132172866,-0.673136533919824,-18.38,12.31,51.15,19.2,47.6,13.6,0.8958333333333334,0.7752808988764046,4,5,4,4,1,3,1,4,3,0.6504436355879909,1.3008872711759818,0.6504436355879909,0.6504436355879909,-1.3008872711759818,0.0,0.6504436355879909,0.6504436355879909,-1.9513309067639728,-1.3008872711759818,0.0,0.3,0.65,0.3,0,4,0.9094647654899972,0.9,2.0,753.0,51.0,24.0,0.0318725099601593,0.4705882352941176,0.0307692307692307,0,562.0,7424076.0,-0.7977119766339881,-0.70287777031615,-0.6450552541976357,-0.6028194775205034,-0.9942554810346128,1.4462904983191245,True,False,False,False,True,False,False,False,True,True,False,False,False,False,True,False,False,False,True,False,True,Medium,,False,False,
Time,23,Time-23,0.2,1.0,1.0,1.0,1.0,5.0,1.0,1.0,1.0,1.0,0.0,1.0,1.0,1.0,1.0,1.0,1.0,1.0,1.0,1.0,-0.6630041758850782,-0.1531279935599871,-0.0262744407305611,-0.1340058403371759,-0.1064125837329401,0.3422394555650268,-1.5873449837109543,-0.2020454871191189,-0.2073567129463963,-0.5251530779927517,-0.4635308650875505,-0.2192296649910203,-0.3124943305803233,-0.0777818550633016,0.2959479588785432,71.85,8.56,37.51,7.3,8.6,9.7,0.8333333333333334,0.645101663585952,3,3,1,2,1,1,3,3,1,1.3522468075656269,1.3522468075656269,-0.50709255283711,0.4225771273642583,-0.50709255283711,-0.50709255283711,0.4225771273642583,1.3522468075656269,-1.4367622330384784,-1.4367622330384784,-0.50709255283711,0.1,0.35,0.1914854215512676,-1,1,0.941005906787146,0.8,1.0,529.0,31.0,11.0,0.0207939508506616,0.3548387096774194,0.0200364298724954,0,733.0,12122920.0,0.2479544291578174,0.5768488434935564,1.682758802398567,-0.5724665786137881,0.8820438196082272,-0.4001358354210562,False,False,False,False,True,True,False,False,False,True,False,False,False,False,False,True,False,False,True,False,False,,,False,False,
JacksonCore,21,JacksonCore-21,0.125,0.3333333333333333,1.0,0.25,0.3333333333333333,8.0,3.0,1.0,4.0,3.0,0.0,1.0,1.0,0.0,0.0,0.0,1.0,1.0,1.0,1.0,-0.3473222029133584,-0.7576758641159647,-2.4305524800329823,-1.4327973790321409,-0.4379098193951574,0.9241686396292994,0.4146459595637947,-0.2020454871191189,-0.2073567129463963,-0.5251530779927517,-0.4635308650875505,-0.2192296649910203,-0.0494572680454745,-0.2886514946017978,-0.673136533919824,0.76,19.3,72.09,20.1,35.7,18.6,0.8333333333333334,0.6444444444444445,5,5,4,4,1,3,2,5,3,1.138884903547945,1.138884903547945,0.5423261445466404,0.5423261445466404,-1.2473501324572729,-0.0542326144546639,-0.0542326144546639,1.138884903547945,-1.8439088914585773,-1.2473501324572729,-0.0542326144546639,0.3,0.7,0.3464101615137754,0,4,0.9183876219431152,0.4,1.0,287.0,56.0,22.0,0.0766550522648083,0.3928571428571428,0.0685358255451713,0,198.0,1951288.0,-0.7977119766339881,-0.70287777031615,-0.6450552541976357,-0.4814078818936427,0.7198074139135456,0.1951077173821506,False,False,False,False,True,False,False,False,True,True,False,False,False,False,False,True,False,False,True,False,True,,,False,False,
JacksonDatabind,93,JacksonDatabind-93,1.0,1.0,0.0285714285714285,0.5,0.3333333333333333,1.0,1.0,35.0,2.0,3.0,1.0,1.0,0.0,0.0,0.0,1.0,1.0,0.0,1.0,1.0,1.8362055316138948,0.1491459417180017,1.0542955869060282,0.1366843469934938,0.0619124374841446,-0.2426570696992941,0.4146459595637947,3.667403635460337,5.722193126445416,1.910973700473624,-0.4635308650875505,-0.2192296649910203,0.2135797944893742,0.1330877844751946,-0.673136533919824,-279.76,14.65,54.58,53.3,88.0,11.3,0.8333333333333334,0.4768392370572207,5,5,5,5,1,4,1,5,4,0.7960297521679913,0.7960297521679913,0.7960297521679913,0.7960297521679913,-1.3930520662939847,0.2487592975524973,0.2487592975524973,0.7960297521679913,-1.9403225209094788,-1.3930520662939847,0.2487592975524973,0.4,0.8,0.4,0,5,0.742966998664669,0.8,1.0,159.0,93.0,29.0,0.1823899371069182,0.3118279569892473,0.1300448430493273,0,813.0,5688220.0,-0.7977119766339881,-0.70287777031615,-0.6450552541976357,-0.2810787491093226,-1.1109380161966125,-1.7635620542300936,True,True,False,False,True,False,False,False,True,True,False,False,False,True,False,False,False,False,True,False,True,,,False,False,
JacksonDatabind,87,JacksonDatabind-87,0.1666666666666666,1.0,0.2,1.0,1.0,6.0,1.0,5.0,1.0,1.0,0.0,1.0,0.0,1.0,1.0,0.0,1.0,1.0,1.0,1.0,-0.2583771666488091,-0.7576758641159647,-1.3625581845921693,1.263006680553523,1.6591705192506263,0.3791667856704137,-1.5873449837109543,-0.2020454871191189,-0.2073567129463963,-0.5251530779927517,-0.4635308650875505,-0.2192296649910203,1.1342095133613448,-0.4995211341402941,0.2959479588785432,20.75,11.47,50.54,12.4,24.8,11.7,0.8541666666666666,0.6485355648535565,5,5,5,5,1,4,1,5,3,0.8457816116784908,0.8457816116784908,0.8457816116784908,0.8457816116784908,-1.3433002067834854,0.2985111570629967,0.2985111570629967,0.8457816116784908,-1.8905706613989792,-1.3433002067834854,-0.2487592975524973,0.4,0.8,0.4,0,5,0.9023959428887466,0.1999999999999999,1.0,277.0,53.0,17.0,0.0613718411552346,0.320754716981132,0.0543130990415335,0,797.0,5626270.0,-0.7977119766339881,-0.70287777031615,-0.6450552541976357,-0.542113679707073,-0.561263334732419,-0.9072330600043986,False,False,False,False,True,True,False,False,False,True,False,False,False,False,False,True,False,False,True,False,True,,,False,False,
JacksonDatabind,78,JacksonDatabind-78,0.125,0.0,0.0555555555555555,0.027027027027027,0.0091743119266055,8.0,0.0,18.0,37.0,109.0,0.0,0.0,0.0,0.0,0.0,0.0,0.0,0.0,0.0,0.0,-0.4100211629031226,-0.7576758641159647,-2.4305524800328806,1.2201204767014662,0.0619124374841446,0.4727518513558688,0.4146459595637947,-0.2020454871191189,-0.2073567129463963,-0.5251530779927517,0.4023489388231981,3.1090752489635607,0.0820612632219498,-1.1321300527557827,-0.673136533919824,-13.88,14.32,69.12,19.5,29.9,17.8,1.0,1.0,0,0,1,0,0,0,4,0,0,-0.4714045207910317,-0.4714045207910317,2.1213203435596424,-0.4714045207910317,-0.4714045207910317,-0.4714045207910317,2.1213203435596424,-0.4714045207910317,-0.4714045207910317,-0.4714045207910317,-0.4714045207910317,0.0,0.05,0.1,1,0,0.9522881094458444,1.0,1.0,471.0,46.0,17.0,0.0360934182590233,0.3695652173913043,0.034,0,792.0,5605378.0,-0.7977119766339881,-0.70287777031615,-0.6450552541976357,-0.5603254190511021,-0.0067295333278549,-0.5780369527692484,False,False,False,False,False,False,False,True,True,True,False,False,False,False,False,False,True,False,False,True,False,,,False,False,
JacksonDatabind,50,JacksonDatabind-50,0.0,1.0,0.0909090909090909,0.02,0.0769230769230769,0.0,1.0,11.0,50.0,13.0,0.0,1.0,0.0,0.0,0.0,0.0,1.0,0.0,0.0,0.0,-0.0673640559823182,0.4514198769959905,0.524255211416878,-0.2091617802820717,-0.4379098193951574,-1.2565108792184012,0.4146459595637947,-0.2020454871191189,-0.2073567129463963,-0.5251530779927517,2.134108546644695,-0.2192296649910203,-0.3124943305803233,0.3439574240136908,-0.673136533919824,22.0,12.55,58.6,14.0,19.0,14.7,0.8125,0.5862068965517241,2,3,3,2,1,2,4,0,2,0.50709255283711,1.4367622330384784,1.4367622330384784,0.50709255283711,-0.4225771273642583,0.50709255283711,-0.4225771273642583,-1.3522468075656269,-1.3522468075656269,-1.3522468075656269,0.50709255283711,0.2,0.3,0.2581988897471611,1,3,0.8543338326066252,0.6,1.0,354.0,80.0,22.0,0.0621468926553672,0.275,0.0533980582524271,0,765.0,5418371.0,-0.7977119766339881,-0.70287777031615,-0.6450552541976357,-0.5481842594884161,0.1559217992356112,-0.6179559782955811,False,False,False,False,True,False,False,False,True,True,False,False,False,False,False,True,False,False,True,False,False,,,False,False,
JacksonDatabind,44,JacksonDatabind-44,0.0,0.0,0.0208333333333333,0.00625,0.0133333333333333,0.0,0.0,48.0,160.0,75.0,0.0,0.0,0.0,0.0,0.0,0.0,0.0,0.0,0.0,0.0,-0.4887593917274777,-0.4554019288379759,-2.4305524800321097,0.6323816463219654,-0.6011343465993985,0.0867301934761779,-0.989048839743788,-0.2020454871191189,-0.2073567129463963,-0.5251530779927517,-0.4635308650875505,-0.2192296649910203,-0.3124943305803233,-0.7103907736787903,-0.673136533919824,7.86,16.97,65.05,17.4,27.4,17.4,0.8958333333333334,0.605263157894737,0,0,0,0,1,0,4,0,0,-0.4714045207910317,-0.4714045207910317,-0.4714045207910317,-0.4714045207910317,2.1213203435596424,-0.4714045207910317,2.1213203435596424,-0.4714045207910317,-0.4714045207910317,-0.4714045207910317,-0.4714045207910317,0.0,0.05,0.1,0,0,0.5705462879337302,1.0,1.0,166.0,49.0,9.0,0.0542168674698795,0.1836734693877551,0.0436893203883495,0,741.0,5209366.0,-0.7977119766339881,-0.70287777031615,-0.6450552541976357,-0.5967488977391603,0.8820438196082272,0.3601573608249006,False,False,False,False,True,False,False,False,True,True,False,False,False,False,False,True,False,False,True,False,False,,,False,False,
JacksonDatabind,45,JacksonDatabind-45,0.0,1.0,0.3333333333333333,0.0384615384615384,0.0227272727272727,0.0,1.0,3.0,26.0,44.0,0.0,1.0,0.0,0.0,0.0,0.0,1.0,1.0,0.0,0.0,4.666407423244879,7.7059943236677215,0.3580749552905014,-0.6379548748481748,-2.437996011596403,0.9034889473417416,-0.989048839743788,-0.2020454871191189,-0.2073567129463963,-0.5251530779927517,2.999988350555444,-0.2192296649910203,0.6081353882916473,-1.1321300527557827,0.2959479588785432,67.76,6.63,36.57,6.8,8.8,9.6,0.7083333333333334,0.3156822810590632,1,2,0,0,2,0,4,2,0,0.3162277660168379,1.4757295747452437,-0.8432740427115679,-0.8432740427115679,1.4757295747452437,-0.8432740427115679,0.3162277660168379,1.4757295747452437,-0.8432740427115679,-0.8432740427115679,-0.8432740427115679,0.0,0.2,0.2309401076758503,0,0,0.7459549291242074,0.5,1.0,106.0,234.0,22.0,0.2075471698113207,0.094017094017094,0.0691823899371069,0,741.0,5210840.0,-0.4491565080367196,-0.2763022323795812,13.403506771575938,7.14931090325455,0.1212457680586331,-2.041017787617999,True,False,True,False,False,True,False,True,False,True,False,False,False,False,False,True,False,False,True,False,False,,,False,False,
JacksonDatabind,51,JacksonDatabind-51,0.2,0.0,0.5,0.0212765957446808,0.1428571428571428,5.0,0.0,2.0,47.0,7.0,0.0,0.0,0.0,0.0,0.0,1.0,0.0,1.0,0.0,0.0,-0.4071049322059243,-0.7576758641159647,-0.1887173474396857,-0.403818591928425,2.035569554392177,-0.1135299092504593,0.4146459595637947,-0.2020454871191189,-0.2073567129463963,-0.5251530779927517,-0.4635308650875505,-0.2192296649910203,-0.1809757993128989,-0.2886514946017978,-0.673136533919824,38.21,12.1,51.5,11.9,18.6,12.8,0.8333333333333334,0.5555555555555557,0,1,1,1,1,1,4,0,1,-1.3228756555322954,0.7559289460184545,0.7559289460184545,0.7559289460184545,0.7559289460184545,0.7559289460184545,0.7559289460184545,-1.3228756555322954,-1.3228756555322954,-1.3228756555322954,0.7559289460184545,0.1,0.15,0.1,0,1,0.7477325316442636,0.8,1.0,201.0,53.0,13.0,0.0646766169154228,0.2452830188679245,0.0539419087136929,0,766.0,5417731.0,-0.7977119766339881,-0.70287777031615,-0.6450552541976357,-0.5846077381764743,0.4722205513099228,-0.1366012059360237,False,False,False,False,True,False,False,False,True,True,False,False,False,False,False,True,False,False,True,False,False,,,False,False,
JacksonDatabind,79,JacksonDatabind-79,0.2,1.0,0.5,0.0588235294117647,0.5,5.0,1.0,2.0,17.0,2.0,0.0,1.0,0.0,0.0,0.0,1.0,1.0,1.0,0.0,1.0,0.8556229596809548,2.567337423941912,0.9738941343125188,0.1150595574698201,-1.6988993040710567,-0.5357758656148937,0.4146459595637947,-0.2020454871191189,-0.2073567129463963,-0.5251530779927517,0.4023489388231981,-0.2192296649910203,-0.3124943305803233,0.1330877844751946,1.2650324516769105,8.37,15.24,48.53,17.2,25.5,15.6,0.9375,0.7857142857142857,5,5,4,4,5,3,1,5,4,0.9370425713316364,0.9370425713316364,0.0780868809443029,0.0780868809443029,0.9370425713316364,-0.7808688094430304,0.0780868809443029,0.9370425713316364,-0.7808688094430304,-2.498780190217697,0.0780868809443029,0.8,0.9,0.1154700538379251,0,20,0.7282841912316207,0.6,3.0,614.0,100.0,64.0,0.1042345276872964,0.64,0.0984615384615384,0,758.0,5313898.0,-0.7977119766339881,-0.70287777031615,-0.6450552541976357,-0.353925706485439,1.1928240443277072,-0.9708952027069284,True,True,False,False,True,True,False,False,False,True,False,False,False,False,False,True,False,False,True,False,True,,,False,False,
JacksonDatabind,86,JacksonDatabind-86,0.0,0.0,0.0046296296296296,0.0416666666666666,0.0555555555555555,0.0,0.0,216.0,24.0,18.0,0.0,0.0,0.0,0.0,0.0,0.0,0.0,0.0,0.0,0.0,-0.2992043964095859,0.1491459417180017,-0.680249914263465,1.031069664719751,0.2319908443389094,0.3480947222000572,0.4146459595637947,-0.2020454871191189,-0.2073567129463963,-0.5251530779927517,1.2682287427339467,-0.2192296649910203,0.0820612632219498,-0.9212604132172866,0.2959479588785432,22.41,14.67,52.8,13.9,21.3,14.9,0.7708333333333334,0.5182481751824818,4,5,5,4,1,4,1,4,3,0.4984638980595403,1.1076975512434226,1.1076975512434226,0.4984638980595403,-1.329237061492107,0.4984638980595403,0.4984638980595403,0.4984638980595403,-1.9384707146759896,-1.329237061492107,-0.1107697551243421,0.4,0.7,0.3464101615137754,1,5,0.7536028327983152,0.7,1.0,59.0,57.0,5.0,0.0847457627118644,0.087719298245614,0.045045045045045,0,796.0,5623787.0,-0.7977119766339881,-0.70287777031615,-0.6450552541976357,-0.5603254190511021,-0.0067295333278549,-0.7012568845746272,False,True,False,False,True,True,False,False,False,True,False,False,False,False,False,True,False,False,True,False,True,,,False,False,
JacksonDatabind,92,JacksonDatabind-92,0.25,0.0,0.1666666666666666,0.05,0.03125,4.0,0.0,6.0,20.0,32.0,0.0,0.0,0.0,0.0,0.0,1.0,0.0,0.0,0.0,0.0,-0.1315211313206816,0.1491459417180017,-0.1804043460318969,-0.3417510083480087,3.6276942087840247,0.3410366893589515,-0.989048839743788,-0.2020454871191189,-0.2073567129463963,-0.5251530779927517,-0.4635308650875505,-0.2192296649910203,0.2135797944893742,-0.4995211341402941,-0.673136533919824,29.65,11.91,53.62,13.1,18.5,14.3,0.9375,0.763157894736842,0,1,1,0,0,0,4,0,0,-0.6123724356957945,1.632993161855452,1.632993161855452,-0.6123724356957945,-0.6123724356957945,-0.6123724356957945,1.632993161855452,-0.6123724356957945,-0.6123724356957945,-0.6123724356957945,-0.6123724356957945,0.0,0.05,0.1,1,0,0.873080270431034,1.0,1.0,488.0,77.0,27.0,0.055327868852459,0.3506493506493506,0.0501858736059479,0,759.0,5318102.0,-0.7977119766339881,-0.70287777031615,-0.6450552541976357,-0.5846077381764743,0.6123732723498435,-0.25531808375516,False,False,False,False,True,False,False,False,True,True,False,False,False,False,False,False,True,False,False,True,False,,,False,False,
JacksonCore,20,JacksonCore-20,0.3333333333333333,1.0,0.5,1.0,1.0,3.0,1.0,2.0,1.0,1.0,0.0,1.0,0.0,1.0,1.0,1.0,1.0,1.0,1.0,1.0,-0.1759936494529562,0.4514198769959905,0.201730928574676,-0.4980018015858215,0.4038501769199036,0.1867358931428969,0.4146459595637947,-0.2020454871191189,-0.2073567129463963,-0.5251530779927517,-0.4635308650875505,-0.2192296649910203,-0.0494572680454745,-0.9212604132172866,1.2650324516769105,21.29,13.34,54.72,14.3,20.8,13.9,0.8125,0.5731225296442688,4,5,3,3,4,2,3,5,4,0.599625351196689,1.4241102090921365,-0.2248595066987586,-0.2248595066987586,0.599625351196689,-1.0493443645942062,-1.0493443645942062,1.4241102090921365,-0.2248595066987586,-1.8738292224896536,0.599625351196689,0.7,0.75,0.1914854215512676,0,12,0.9752990876332168,0.9,1.0,761.0,81.0,51.0,0.0670170827858081,0.6296296296296297,0.0644753476611883,0,180.0,1792660.0,-0.7977119766339881,-0.70287777031615,-0.6450552541976357,-0.5785371583951312,0.8573556709155584,0.1618504718501487,True,False,False,False,True,True,False,False,False,True,False,False,True,False,False,False,False,False,True,False,True,,,False,False,
Time,22,Time-22,0.0,0.0,0.0714285714285714,0.0416666666666666,0.0212765957446808,0.0,0.0,14.0,24.0,47.0,0.0,0.0,0.0,0.0,0.0,0.0,0.0,0.0,0.0,0.0,0.3423663569740478,1.9627895533859343,0.94687986372833,-0.1645592775165473,0.0619124374841446,-0.5072060607241757,-1.5873449837109543,-0.2020454871191189,-0.2073567129463963,-0.5251530779927517,-0.4635308650875505,-0.2192296649910203,-0.3124943305803233,0.7656967030906834,0.2959479588785432,49.72,8.57,40.25,9.6,13.1,12.1,0.9166666666666666,0.553488372093023,5,5,5,5,5,5,1,5,4,0.5996253511966894,0.5996253511966894,0.5996253511966894,0.5996253511966894,0.5996253511966894,0.5996253511966894,-0.2248595066987582,0.5996253511966894,-1.0493443645942058,-2.698314080385101,-0.2248595066987582,1.0,1.0,0.0,0,25,0.7728059663017925,0.5,1.0,210.0,82.0,25.0,0.119047619047619,0.3048780487804878,0.0936329588014981,0,733.0,12124998.0,0.0736766948591831,-0.3829461168637234,1.57930039988318,-0.4510549829869275,0.2420510419598092,-1.2359060802047477,False,True,False,False,True,True,False,False,False,True,False,False,False,False,False,True,False,False,True,False,True,,,False,False,
Closure,155,Closure-155,0.0,0.3333333333333333,0.0028089887640449,0.0082644628099173,0.0097087378640776,0.0,3.0,356.0,121.0,103.0,0.0,0.0,0.0,0.0,0.0,0.0,1.0,0.0,0.0,0.0,-1.0231586669890729,-0.4554019288379759,0.6557487589793679,0.6670830762439999,-0.7627101412056181,0.0672787935981726,1.5882268573455445,-0.2020454871191189,-0.2073567129463963,-0.5251530779927517,0.4023489388231981,-0.2192296649910203,-0.3124943305803233,-0.4995211341402941,-0.673136533919824,-31.14,8.25,44.79,19.9,59.6,11.8,0.875,0.6674364896073903,5,5,3,4,5,3,2,5,3,1.111873974991652,1.111873974991652,-0.5188745216627707,0.2964997266644406,1.111873974991652,-0.5188745216627707,-0.5188745216627707,1.111873974991652,-0.5188745216627707,-2.1496230183171936,-0.5188745216627707,0.8,0.85,0.1914854215512676,-1,15,0.7387873493617287,0.4,3.0,555.0,96.0,34.0,0.0612612612612612,0.3541666666666667,0.0551053484602917,0,579.0,7582069.0,-0.7977119766339881,-0.70287777031615,-0.6450552541976357,-0.6028194775205034,-0.9942554810346128,1.4462904983191245,False,False,False,False,True,False,False,False,True,True,False,False,False,False,True,False,False,False,True,False,True,Medium,,False,False,
Math,49,Math-49,1.0,0.25,1.0,1.0,1.0,1.0,4.0,1.0,1.0,1.0,1.0,0.0,1.0,1.0,1.0,1.0,1.0,1.0,1.0,1.0,0.5494187364751296,-0.4554019288379759,0.2594590219393936,1.1492590691985247,0.4038501769199036,0.6303292884272605,-0.3447299154714549,0.7653167935257451,0.0891207790231942,1.910973700473624,-0.4635308650875505,-0.2192296649910203,-0.0494572680454745,0.7656967030906834,-0.673136533919824,-56.11,9.63,51.86,23.3,39.6,12.5,0.7708333333333334,0.4000000000000001,5,5,4,4,3,3,2,5,4,1.0533703247651751,1.0533703247651751,0.4096440151864569,0.4096440151864569,-0.2340822943922612,-0.2340822943922612,-0.2340822943922612,1.0533703247651751,-2.1652612231284154,-1.5215349135496974,0.4096440151864569,0.3,0.8,0.1632993161855452,0,12,0.9631133942590476,0.6,1.0,223.0,73.0,23.0,0.1031390134529148,0.3150684931506849,0.0842490842490842,0,896.0,7549826.0,0.5965098977550859,1.0034243814301251,0.5054735323958898,0.5323789415906438,-0.973094210726611,-1.1525298815761462,True,True,False,False,True,False,False,False,True,True,False,True,False,False,False,False,False,False,True,False,True,Major,,False,False,
Closure,12,Closure-12,0.0,0.0,0.003012048192771,0.0045045045045045,0.0022222222222222,0.0,0.0,332.0,222.0,450.0,0.0,0.0,0.0,0.0,0.0,0.0,0.0,0.0,0.0,0.0,-1.0231586669890729,0.7536938122739794,0.7890476211722709,0.383527856887623,1.1096681845252594,-1.027892686355351,1.5882268573455445,-0.2020454871191189,-0.2073567129463963,-0.5251530779927517,-0.4635308650875505,3.1090752489635607,0.0820612632219498,0.1330877844751946,0.2959479588785432,18.62,8.68,48.86,13.2,37.6,11.4,0.8333333333333334,0.6314779270633398,3,4,5,5,2,4,1,3,3,-0.0604122093330176,0.6041220933301771,1.2686563959933717,1.2686563959933717,-0.7249465119962123,0.6041220933301771,0.6041220933301771,-0.0604122093330176,-2.0540151173226016,-1.389480814659407,-0.0604122093330176,0.4,0.75,0.3,0,10,0.7535599459549681,0.1999999999999999,1.0,183.0,79.0,14.0,0.0765027322404371,0.1772151898734177,0.0564516129032258,0,981.0,12689496.0,-0.7977119766339881,-0.70287777031615,-0.6450552541976357,-0.6028194775205034,-0.9942554810346128,1.4462904983191245,False,False,False,False,True,True,False,False,False,True,False,False,False,False,True,False,False,False,True,False,True,High,,False,False,
Closure,141,Closure-141,0.125,1.0,1.0,0.0625,0.0769230769230769,8.0,1.0,1.0,16.0,13.0,0.0,1.0,1.0,0.0,0.0,0.0,1.0,1.0,0.0,0.0,-1.0231586669890729,1.6605156181079457,0.5657211499504836,-0.3710776937520105,0.2319908443389094,-0.4879814576642213,1.5882268573455445,-0.2020454871191189,-0.2073567129463963,-0.5251530779927517,3.8658681544661926,-0.2192296649910203,-0.3124943305803233,-0.0777818550633016,-0.673136533919824,41.36,8.41,43.96,10.7,19.6,11.5,0.6458333333333334,0.3131313131313132,2,4,5,4,1,1,4,0,1,0.1107697551243423,1.329237061492107,1.9384707146759896,1.329237061492107,-0.4984638980595401,-0.4984638980595401,-0.4984638980595401,-1.1076975512434226,-1.1076975512434226,-0.4984638980595401,-0.4984638980595401,0.1,0.5,0.4760952285695233,1,5,0.6401700806387522,0.8,2.0,651.0,240.0,78.0,0.1198156682027649,0.325,0.0959409594095941,0,478.0,5590979.0,-0.7977119766339881,-0.70287777031615,-0.6450552541976357,-0.6028194775205034,-0.9942554810346128,1.4462904983191245,False,False,False,False,True,False,False,False,True,True,False,False,False,False,True,False,False,False,True,False,True,Medium,,False,False,
Cli,14,Cli-14,0.0,0.0,0.0909090909090909,0.0175438596491228,0.0,0.0,0.0,11.0,57.0,0.0,0.0,0.0,0.0,0.0,0.0,0.0,0.0,0.0,0.0,0.0,1.8493285697512876,0.1491459417180017,0.7708592006038271,0.4494687388666446,0.2319908443389094,0.3007307292872437,0.1845320580379615,1.3457341619126637,-0.2073567129463963,0.6929103112404362,-0.4635308650875505,-0.2192296649910203,0.0820612632219498,2.874393098475646,-0.673136533919824,-28.19,8.93,51.52,18.8,36.7,10.7,0.7708333333333334,0.3160621761658032,5,5,5,5,3,4,1,5,4,0.7683498199278325,0.7683498199278325,0.7683498199278325,0.7683498199278325,-0.4390570399587612,0.1646463899845356,0.1646463899845356,0.7683498199278325,-2.2501673297886517,-1.646463899845355,0.1646463899845356,0.4,0.9,0.2,0,15,0.9019661697205396,0.8,1.0,190.0,115.0,28.0,0.1473684210526315,0.2434782608695652,0.1010830324909747,4,98.0,642821.0,1.2936208349496228,0.363561074525272,0.3362781226027242,0.8298373508764525,-0.9797533517326256,-1.3653968201422213,True,True,False,False,True,False,False,False,True,True,False,True,False,False,False,False,False,False,True,False,True,Major,CLI-2.x,True,True,"java,patch"
Lang,29,Lang-29,0.5,0.25,0.0416666666666666,1.0,0.0,2.0,4.0,24.0,1.0,0.0,0.0,1.0,0.0,1.0,0.0,1.0,1.0,0.0,1.0,0.0,0.3496569337170437,-0.7576758641159647,0.3616851866858434,-0.325337660799246,0.0619124374841446,0.1222939945725498,0.1845320580379615,-0.0085730309901461,-0.2073567129463963,1.910973700473624,-0.4635308650875505,-0.2192296649910203,-0.0494572680454745,-0.2886514946017978,-0.673136533919824,-20.24,9.86,52.08,17.8,39.1,11.1,0.8958333333333334,0.7902097902097903,4,4,3,2,3,4,4,1,4,1.0533703247651751,1.0533703247651751,0.4096440151864569,-0.2340822943922612,0.4096440151864569,1.0533703247651751,-0.8778086039709794,-0.8778086039709794,-1.5215349135496974,-1.5215349135496974,1.0533703247651751,0.4,0.45,0.1914854215512676,1,9,0.8054466867829297,0.7,1.0,296.0,81.0,18.0,0.0608108108108108,0.2222222222222222,0.0501392757660167,2,195.0,3604602.0,1.1193431006509886,0.2569171900411298,0.1687333997343701,0.4413202448704983,-0.8664580054490323,-0.9117762169411784,True,False,False,False,True,False,False,False,True,True,False,True,False,False,False,False,False,False,True,False,False,Major,lang.*,True,False,"patch,png"
Closure,169,Closure-169,0.0,1.0,0.0092592592592592,0.0061728395061728,0.0071428571428571,0.0,1.0,108.0,162.0,140.0,0.0,1.0,0.0,0.0,0.0,0.0,1.0,0.0,0.0,0.0,-1.0231586669890729,-0.7576758641159647,-0.3639683397867703,0.1034585880654273,-1.39301571620413,-1.2100112924513071,1.5882268573455445,-0.2020454871191189,-0.2073567129463963,-0.5251530779927517,-0.4635308650875505,-0.2192296649910203,-0.3124943305803233,-0.2886514946017978,0.2959479588785432,-7.38,10.58,60.15,17.0,41.8,12.3,0.8958333333333334,0.7761194029850748,5,5,5,5,1,4,0,4,3,0.8457816116784908,0.8457816116784908,0.8457816116784908,0.8457816116784908,-1.3433002067834854,0.2985111570629967,0.8457816116784908,0.2985111570629967,-1.8905706613989792,-1.3433002067834854,-0.2487592975524973,0.4,0.75,0.3785938897200182,0,5,0.9023959428887466,0.1999999999999999,6.0,871.0,69.0,27.0,0.0309988518943742,0.391304347826087,0.0295728368017524,0,988.0,12805809.0,-0.7977119766339881,-0.70287777031615,-0.6450552541976357,-0.6028194775205034,-0.9942554810346128,1.4462904983191245,False,False,False,False,True,True,False,False,False,True,False,False,False,False,True,False,False,False,True,False,True,Medium,,False,False,
Math,61,Math-61,0.1428571428571428,1.0,1.0,1.0,1.0,7.0,1.0,1.0,1.0,1.0,0.0,1.0,1.0,1.0,1.0,0.0,1.0,1.0,1.0,1.0,0.2577956667552961,-0.1531279935599871,0.8578769572516488,-0.1747272941418947,-1.546710917989482,1.2001909444896526,0.1845320580379615,-0.2020454871191189,-0.2073567129463963,-0.5251530779927517,-0.4635308650875505,-0.2192296649910203,-0.1809757993128989,-0.0777818550633016,-0.673136533919824,29.14,12.19,54.35,13.3,17.1,13.7,0.8333333333333334,0.6666666666666667,5,4,1,0,5,4,3,2,3,1.374142698712394,0.792774633872535,-0.951329560647042,-1.532697625486901,1.374142698712394,0.792774633872535,-0.3699614958071829,-0.3699614958071829,0.211406569032676,-1.532697625486901,0.211406569032676,0.9,0.4,0.4320493798938573,1,5,0.7454548846212699,0.7,1.0,211.0,85.0,11.0,0.0521327014218009,0.1294117647058823,0.0385964912280701,0,771.0,6760666.0,0.2479544291578174,0.5768488434935564,0.8948832755506215,0.4109673459637831,0.9987514316099348,-0.0484927312378436,False,True,False,False,True,False,False,False,True,True,False,False,False,False,True,False,False,False,True,False,False,Minor,,False,False,
Math,75,Math-75,1.0,1.0,1.0,1.0,0.5,1.0,1.0,1.0,1.0,2.0,1.0,1.0,1.0,1.0,0.0,1.0,1.0,1.0,1.0,1.0,0.0886542863177927,-0.4554019288379759,-0.6301944578111865,-0.6047526379751605,-1.39301571620413,0.5882323560152103,-0.3447299154714549,-0.2020454871191189,-0.2073567129463963,-0.5251530779927517,-0.4635308650875505,-0.2192296649910203,0.3450983257567985,-0.4995211341402941,-0.673136533919824,33.1,10.69,51.97,11.8,16.2,12.5,0.9166666666666666,0.7908496732026142,5,5,3,3,5,3,2,4,3,1.3356461422412562,1.3356461422412562,-0.3928371006591931,-0.3928371006591931,1.3356461422412562,-0.3928371006591931,-0.3928371006591931,0.4714045207910316,-0.3928371006591931,-2.1213203435596424,-0.3928371006591931,0.8,0.75,0.1914854215512676,0,15,0.7014919881534614,0.9,1.0,182.0,66.0,20.0,0.1098901098901098,0.303030303030303,0.087719298245614,0,795.0,6371546.0,1.6421763035468917,0.5768488434935564,0.2407500947726007,0.756990393500336,0.8758717824350601,0.2619709251954227,False,True,False,False,True,False,False,False,True,True,False,False,False,False,False,True,False,False,True,False,True,Minor,,False,False,
Cli,28,Cli-28,1.0,1.0,1.0,1.0,1.0,1.0,1.0,1.0,1.0,1.0,1.0,1.0,1.0,1.0,1.0,1.0,1.0,1.0,1.0,1.0,0.6755457141289576,-0.1531279935599871,0.1579096263800142,0.6814154879645757,0.7530246939098532,0.5636378193607341,0.1845320580379615,-0.2020454871191189,-0.2073567129463963,-0.5251530779927517,0.4023489388231981,-0.2192296649910203,-0.0494572680454745,0.1330877844751946,0.2959479588785432,34.73,8.74,50.02,11.2,18.2,11.9,0.9791666666666666,0.9285714285714284,5,5,4,4,5,3,1,5,4,0.9370425713316364,0.9370425713316364,0.0780868809443029,0.0780868809443029,0.9370425713316364,-0.7808688094430304,0.0780868809443029,0.9370425713316364,-0.7808688094430304,-2.498780190217697,0.0780868809443029,0.8,0.9,0.1154700538379251,0,20,0.818304905851396,0.4,1.0,191.0,91.0,30.0,0.1570680628272251,0.3296703296703296,0.119047619047619,0,46.0,332165.0,0.5965098977550859,1.0034243814301251,0.943770213002947,0.5384495213719869,-0.2042347228692063,-1.078277870721995,False,False,False,False,True,True,False,False,False,True,False,False,False,False,False,True,False,False,True,False,True,Minor,Parser,False,False,
Lang,15,Lang-15,0.5,1.0,1.0,0.5,1.0,2.0,1.0,1.0,2.0,1.0,0.0,1.0,1.0,0.0,1.0,1.0,1.0,1.0,1.0,1.0,0.2534213207094986,0.1491459417180017,0.1437589436687038,-0.5669575621382653,0.2319908443389094,1.0730092240328677,0.1845320580379615,-0.2020454871191189,-0.2073567129463963,-0.5251530779927517,-0.4635308650875505,-0.2192296649910203,-0.0494572680454745,-0.4995211341402941,0.2959479588785432,10.3,14.96,62.47,16.4,26.6,14.9,0.9166666666666666,0.764705882352941,5,5,4,4,4,3,1,5,3,1.12089707663561,1.12089707663561,0.2401922307076309,0.2401922307076309,0.2401922307076309,-0.6405126152203484,0.2401922307076309,1.12089707663561,-0.6405126152203484,-2.401922307076307,-0.6405126152203484,0.8,0.8500000000000001,0.0999999999999999,0,16,0.9848256185017285,0.9,1.0,357.0,82.0,25.0,0.0700280112044818,0.3048780487804878,0.0603864734299516,0,218.0,3988286.0,1.1193431006509886,0.2569171900411298,0.3267506140900994,0.574873000060045,-0.296815280466715,-0.3197032733471598,False,True,False,False,True,True,False,False,False,True,False,False,False,False,False,True,False,False,True,False,True,Major,lang.reflect.*,False,False,
Codec,13,Codec-13,0.2,1.0,0.0357142857142857,0.0108695652173913,0.0178571428571428,5.0,1.0,28.0,92.0,56.0,0.0,1.0,0.0,0.0,0.0,1.0,1.0,0.0,0.0,0.0,-0.0804870941197107,-0.4554019288379759,-0.7170216368925144,0.7480584266825137,0.2319908443389094,-0.1289257203524744,-0.5748438169972881,-0.2020454871191189,-0.2073567129463963,0.6929103112404362,-0.4635308650875505,-0.2192296649910203,0.2135797944893742,-0.7103907736787903,-0.673136533919824,27.49,9.2,50.57,11.9,22.9,10.8,0.9166666666666666,0.8336221837088388,4,5,4,3,1,2,2,1,1,1.1195857368787,1.7677669529663689,1.1195857368787,0.4714045207910315,-0.8249579113843055,-0.176776695296637,0.4714045207910315,-0.8249579113843055,-1.473139127471974,-0.8249579113843055,-0.8249579113843055,0.2,0.4499999999999999,0.3,1,4,0.9384073362422783,0.4,3.0,386.0,64.0,18.0,0.0466321243523316,0.28125,0.0416666666666666,1,109.0,1195373.0,0.9450653663523544,0.1502733055569876,0.264908422471789,0.392755606619754,-0.4511162097958959,0.3402449199708396,True,True,False,False,True,False,False,False,True,True,False,False,False,True,False,False,False,False,True,False,True,Major,,False,False,java
Jsoup,39,Jsoup-39,0.2,1.0,0.5,0.1111111111111111,0.125,5.0,1.0,2.0,9.0,8.0,0.0,1.0,0.0,0.0,0.0,1.0,1.0,1.0,0.0,0.0,-0.3349282224502655,-0.7576758641159647,-1.3510017837646286,0.4229596531912005,-0.1064125837329401,-0.355480057476886,-0.5748438169972881,-0.2020454871191189,-0.2073567129463963,-0.5251530779927517,0.4023489388231981,-0.2192296649910203,-0.1809757993128989,-0.2886514946017978,-0.673136533919824,-19.6,16.33,53.34,19.6,33.4,13.8,0.7708333333333334,0.525179856115108,2,4,4,4,1,0,2,1,0,0.1147078669352809,1.3764944032233704,1.3764944032233704,1.3764944032233704,-0.5161854012087639,-1.1470786693528088,0.7456011350793257,-0.5161854012087639,-1.1470786693528088,-0.5161854012087639,-1.1470786693528088,0.0,0.5,0.3464101615137754,0,4,0.9597515895154666,1.0,1.0,142.0,59.0,12.0,0.0845070422535211,0.2033898305084746,0.0634920634920634,0,80.0,706779.0,-0.7977119766339881,-0.70287777031615,-0.6450552541976357,-0.5481842594884161,-0.3523636150252202,-0.4100097730346403,False,False,False,False,True,False,False,False,True,True,False,False,False,False,False,True,False,False,True,False,True,,,False,False,
Jsoup,11,Jsoup-11,1.0,0.5,0.2,0.3333333333333333,0.25,1.0,2.0,5.0,3.0,4.0,1.0,1.0,0.0,0.0,0.0,1.0,1.0,1.0,1.0,1.0,-0.6243641191472002,-0.7576758641159647,-2.4305524800321563,0.0155129587692446,0.4038501769199036,0.4778222353633761,-0.989048839743788,-0.2020454871191189,-0.2073567129463963,-0.5251530779927517,-0.4635308650875505,-0.2192296649910203,-0.1809757993128989,-0.9212604132172866,-0.673136533919824,-31.4,19.05,69.72,22.1,33.2,18.2,0.9375,0.7869822485207102,1,1,1,1,1,0,4,0,1,0.7559289460184545,0.7559289460184545,0.7559289460184545,0.7559289460184545,0.7559289460184545,-1.3228756555322954,0.7559289460184545,-1.3228756555322954,-1.3228756555322954,-1.3228756555322954,0.7559289460184545,0.0,0.15,0.1,0,1,0.7477325316442636,1.0,1.0,216.0,31.0,3.0,0.0138888888888888,0.0967741935483871,0.0122950819672131,0,55.0,423587.0,-0.7977119766339881,-0.70287777031615,-0.6450552541976357,-0.6028194775205034,0.7092267787595447,-0.225980004753879,False,False,False,False,True,False,False,False,True,True,False,False,True,False,False,False,False,False,True,False,False,,,False,False,
Cli,2,Cli-2,0.5,1.0,1.0,0.0909090909090909,0.2,2.0,1.0,1.0,11.0,5.0,0.0,1.0,1.0,0.0,0.0,1.0,1.0,1.0,0.0,1.0,0.4145430667297066,-0.4554019288379759,0.8401818898824811,-0.974672552184323,0.0619124374841446,0.0818791272812678,0.1845320580379615,-0.2020454871191189,-0.2073567129463963,0.6929103112404362,0.4023489388231981,-0.2192296649910203,-0.0494572680454745,-0.2886514946017978,-0.673136533919824,22.11,12.46,56.84,14.0,19.4,13.4,0.7916666666666666,0.5555555555555555,4,5,5,4,1,4,1,4,3,0.4984638980595403,1.1076975512434226,1.1076975512434226,0.4984638980595403,-1.329237061492107,0.4984638980595403,0.4984638980595403,0.4984638980595403,-1.9384707146759896,-1.329237061492107,-0.1107697551243421,0.4,0.7,0.3464101615137754,1,5,0.8543608112243115,0.7,1.0,150.0,101.0,12.0,0.08,0.1188118811881188,0.0502092050209205,2,40.0,255060.0,0.9450653663523544,1.429999919366694,0.1493574794026556,0.750919813718993,0.5857860352961999,-0.072706431044749,True,False,False,True,True,False,False,False,True,True,False,False,False,False,False,True,False,False,True,False,True,Critical,CLI-1.x,True,False,patch
Mockito,38,Mockito-38,0.0,0.25,0.0833333333333333,0.0023094688221709,0.0014204545454545,0.0,4.0,12.0,433.0,704.0,0.0,0.0,0.0,0.0,0.0,0.0,1.0,0.0,0.0,0.0,-1.0231586669890729,-0.7576758641159647,-2.430552480033038,4.163331944642799,0.9303979192957068,-4.097795444638771,-1.8864930556945376,-0.2020454871191189,-0.2073567129463963,-0.5251530779927517,-0.4635308650875505,-0.2192296649910203,-0.3124943305803233,-0.7103907736787903,-0.673136533919824,45.5575303643725,11.3434098065677,41.22402159244264,10.172748538011696,13.46106100795756,11.95083700844419,0.9791666666666666,0.9210526315789472,0,0,1,1,1,0,4,0,0,-0.7559289460184545,-0.7559289460184545,1.3228756555322954,1.3228756555322954,1.3228756555322954,-0.7559289460184545,1.3228756555322954,-0.7559289460184545,-0.7559289460184545,-0.7559289460184545,-0.7559289460184545,0.0,0.15,0.1,0,1,0.6532414133919566,1.0,1.0,54.0,73.0,4.0,0.074074074074074,0.0547945205479452,0.032520325203252,0,531.0,2281169.0,-0.9719897109326224,-0.9161655392844344,-0.6450552541976357,-0.6028194775205034,-0.9942554810346128,1.4462904983191245,False,False,False,False,True,False,False,False,True,True,False,False,False,False,True,False,False,False,True,False,False,Medium,,False,False,
JxPath,13,JxPath-13,1.0,1.0,0.1,0.25,0.2,1.0,1.0,10.0,4.0,5.0,1.0,1.0,0.0,0.0,0.0,1.0,1.0,0.0,1.0,1.0,0.2424854555950048,-0.4554019288379759,0.9527169482336264,-0.694330211228762,-1.081014456579866,1.7364199310283102,0.1845320580379615,-0.2020454871191189,-0.2073567129463963,-0.5251530779927517,-0.4635308650875505,-0.2192296649910203,0.0820612632219498,0.1330877844751946,-0.673136533919824,15.57,12.16,63.4,14.4,23.3,13.0,0.875,0.7521514629948365,5,5,3,2,2,3,4,1,3,1.6970966343438931,1.6970966343438931,0.4096440151864569,-0.2340822943922612,-0.2340822943922612,0.4096440151864569,-0.8778086039709794,-0.8778086039709794,-1.5215349135496974,-0.8778086039709794,0.4096440151864569,0.3,0.3999999999999999,0.1632993161855452,1,6,0.9631133942590476,0.9,2.0,216.0,93.0,30.0,0.1388888888888889,0.3225806451612903,0.1075268817204301,2,211.0,1200121.0,0.4222321634564516,0.7901366124618407,0.3660154976572806,0.3684732874943819,-0.4127124229406332,-0.2462185726210727,True,False,False,False,True,False,False,False,True,True,False,True,False,False,False,False,False,False,True,False,True,Major,,True,True,"java,txt"
Mockito,10,Mockito-10,0.25,1.0,0.3333333333333333,0.5,0.0,4.0,1.0,3.0,2.0,0.0,0.0,1.0,0.0,0.0,0.0,1.0,1.0,1.0,1.0,0.0,0.0150194612135347,-0.7576758641159647,-0.7966206942726051,0.0476125429849241,1.290866087015343,0.4182618406948405,-0.989048839743788,-0.2020454871191189,-0.2073567129463963,0.6929103112404362,-0.4635308650875505,-0.2192296649910203,0.0820612632219498,-0.0777818550633016,-0.673136533919824,-24.71,13.52,48.9,19.5,30.2,13.9,0.875,0.7096774193548387,5,5,5,4,2,4,1,4,3,1.0157987663695809,1.0157987663695809,1.0157987663695809,0.3950328535881702,-0.8464989719746506,0.3950328535881702,0.3950328535881702,0.3950328535881702,-2.0880307975374715,-1.467264884756061,-0.2257330591932402,0.4,0.75,0.2516611478423583,1,10,0.985196148690219,0.8,1.0,112.0,60.0,15.0,0.1339285714285714,0.25,0.0955414012738853,0,837.0,3135323.0,-0.7977119766339881,-0.70287777031615,-0.6450552541976357,-0.3903491851734972,-0.2847960501821261,-0.5887413869994454,True,True,False,False,True,False,False,False,True,True,True,False,False,False,False,False,False,False,True,False,True,,,False,False,
Mockito,12,Mockito-12,0.0,0.0,0.0136986301369863,0.0016863406408094,0.0025445292620865,0.0,0.0,73.0,593.0,393.0,0.0,0.0,0.0,0.0,0.0,0.0,0.0,0.0,0.0,0.0,-1.0231586669890729,-0.7576758641159647,-2.430552480033038,4.163331944642799,0.9303979192957068,-4.097795444638771,-1.8864930556945376,-0.2020454871191189,-0.2073567129463963,-0.5251530779927517,-0.4635308650875505,-0.2192296649910203,-0.3124943305803233,-0.9212604132172866,-0.673136533919824,44.61216981132077,13.226954177897577,39.671159029649594,10.798733153638818,11.91312668463612,12.785403640627711,0.9375,0.6949152542372882,0,0,0,0,1,0,4,0,0,-0.4714045207910317,-0.4714045207910317,-0.4714045207910317,-0.4714045207910317,2.1213203435596424,-0.4714045207910317,2.1213203435596424,-0.4714045207910317,-0.4714045207910317,-0.4714045207910317,-0.4714045207910317,0.0,0.05,0.1,0,0,0.5201672987207322,1.0,1.0,22.0,46.0,4.0,0.1818181818181818,0.0869565217391304,0.0625,0,656.0,2544628.0,-0.9719897109326224,-0.9161655392844344,-0.6450552541976357,-0.6028194775205034,-0.9942554810346128,1.4462904983191245,True,False,False,False,True,False,False,False,True,True,False,False,False,False,True,False,False,False,True,False,False,High,,False,False,
JxPath,11,JxPath-11,0.0,0.0,0.1428571428571428,0.05,0.0666666666666666,0.0,0.0,7.0,20.0,15.0,0.0,0.0,0.0,0.0,0.0,0.0,0.0,0.0,0.0,0.0,0.2424854555950048,-0.4554019288379759,0.9527169482336264,-0.694330211228762,-1.081014456579866,1.7364199310283102,0.1845320580379615,-0.2020454871191189,-0.2073567129463963,-0.5251530779927517,-0.4635308650875505,-0.2192296649910203,0.0820612632219498,0.1330877844751946,-0.673136533919824,15.57,12.16,63.4,14.4,23.3,13.0,0.875,0.7405405405405405,5,5,3,3,2,3,3,3,3,1.6004609991611998,1.6004609991611998,0.1920553198993441,0.1920553198993441,-0.5121475197315838,0.1920553198993441,-0.5121475197315838,0.1920553198993441,-1.9205531989934397,-1.2163503593625116,0.1920553198993441,0.3,0.55,0.0999999999999999,0,6,0.990542401517732,0.9,2.0,104.0,93.0,22.0,0.2115384615384615,0.2365591397849462,0.1257142857142857,2,210.0,1196025.0,0.4222321634564516,0.7901366124618407,0.3660154976572806,0.3684732874943819,-0.4127124229406332,-0.2462185726210727,True,False,False,False,True,False,False,False,True,True,False,True,False,False,False,False,False,False,True,False,True,Major,,True,True,"java,txt"
Math,9,Math-9,1.0,1.0,1.0,0.5,1.0,1.0,1.0,1.0,2.0,1.0,1.0,1.0,1.0,0.0,1.0,1.0,1.0,1.0,1.0,1.0,0.0368911914425222,-0.4554019288379759,0.431549967685475,-0.5568655190470516,1.290866087015343,1.3600055478858686,-0.5748438169972881,-0.2020454871191189,-0.2073567129463963,-0.5251530779927517,-0.4635308650875505,-0.2192296649910203,-0.0494572680454745,-0.4995211341402941,-0.673136533919824,53.37,8.36,46.02,8.2,10.8,9.7,0.9583333333333334,0.9144385026737968,3,4,1,2,4,2,4,3,3,0.5188745216627707,1.334248769989982,-1.111873974991652,-0.2964997266644406,1.334248769989982,-0.2964997266644406,-1.111873974991652,0.5188745216627707,0.5188745216627707,-1.9272482233188633,0.5188745216627707,0.7,0.5,0.2581988897471611,-1,4,0.7017248835286736,0.6,1.0,157.0,65.0,12.0,0.0764331210191082,0.1846153846153846,0.0571428571428571,0,1208.0,11164885.0,0.2479544291578174,-0.2763022323795812,1.4402781715031292,0.6780728563428766,0.1290552844818244,0.0796442355508018,False,False,False,False,True,False,False,False,True,True,False,False,False,False,False,True,False,False,True,False,False,Major,,False,False,
Jsoup,13,Jsoup-13,0.5,1.0,1.0,0.5,0.1666666666666666,2.0,1.0,1.0,2.0,6.0,0.0,1.0,1.0,0.0,0.0,1.0,1.0,1.0,1.0,0.0,-0.579162543340626,-0.4554019288379759,-1.414872621792178,-0.5944951293932351,1.6591705192506263,0.6972283877091565,-0.989048839743788,-0.2020454871191189,-0.2073567129463963,-0.5251530779927517,0.4023489388231981,-0.2192296649910203,-0.3124943305803233,-0.4995211341402941,-0.673136533919824,18.31,12.81,48.03,13.4,19.6,12.5,0.8125,0.5955056179775281,3,1,1,1,1,1,4,1,1,2.70801280154532,0.0,0.0,0.0,0.0,0.0,0.0,0.0,-1.35400640077266,-1.35400640077266,0.0,0.1,0.2,0.0,0,1,0.924099678527004,0.8,1.0,217.0,43.0,16.0,0.0737327188940092,0.3720930232558139,0.0655737704918032,0,66.0,614240.0,-0.7977119766339881,-0.70287777031615,-0.6450552541976357,-0.5967488977391603,0.2965820077535064,0.0767031029910419,False,False,False,False,True,False,False,False,True,True,False,False,False,False,False,True,False,False,True,False,False,,,False,False,
Codec,11,Codec-11,1.0,1.0,1.0,0.5,1.0,1.0,1.0,1.0,2.0,1.0,1.0,1.0,1.0,0.0,1.0,1.0,1.0,1.0,1.0,1.0,0.2140522062973211,0.1491459417180017,0.2713420703287124,-0.5367365880281956,0.0619124374841446,0.94398452272228,0.1845320580379615,-0.2020454871191189,-0.2073567129463963,-0.5251530779927517,1.2682287427339467,-0.2192296649910203,0.0820612632219498,-0.2886514946017978,1.2650324516769105,32.6,11.57,52.22,12.0,19.2,12.9,0.75,0.4181818181818181,5,5,4,4,2,3,1,4,3,1.1909826683508271,1.1909826683508271,0.5359422007578724,0.5359422007578724,-0.7741387344280377,-0.1190982668350826,0.5359422007578724,0.5359422007578724,-2.084219669613948,-1.4291792020209926,-0.1190982668350826,0.3,0.7,0.2,0,8,0.8461192206423268,0.9,1.0,206.0,88.0,15.0,0.0728155339805825,0.1704545454545454,0.053763440860215,2,86.0,969401.0,1.99073177214416,2.7097265331764,0.162170588009112,0.380614447057068,0.508194710833526,-0.0796085019105326,True,False,False,False,True,True,False,False,False,True,False,False,False,False,False,True,False,False,True,False,True,Major,,True,False,patch
Math,88,Math-88,0.0,0.25,0.1666666666666666,0.0208333333333333,0.3333333333333333,0.0,4.0,6.0,48.0,3.0,0.0,0.0,0.0,0.0,0.0,0.0,1.0,0.0,0.0,1.0,-0.1847423415445512,-0.7576758641159647,0.4996878135549017,-0.8481771585876141,-0.2730111944760022,-0.489231175759559,-0.5748438169972881,-0.2020454871191189,-0.2073567129463963,-0.5251530779927517,-0.4635308650875505,-0.2192296649910203,0.0820612632219498,-1.1321300527557827,-0.673136533919824,31.38,12.24,59.95,12.5,19.4,11.9,0.875,0.5943661971830987,0,1,0,0,1,0,4,0,1,-0.7559289460184545,1.3228756555322954,-0.7559289460184545,-0.7559289460184545,1.3228756555322954,-0.7559289460184545,1.3228756555322954,-0.7559289460184545,-0.7559289460184545,-0.7559289460184545,1.3228756555322954,0.0,0.05,0.1,0,0,0.6532414133919566,1.0,1.0,242.0,61.0,10.0,0.0413223140495867,0.1639344262295081,0.0341296928327645,2,732.0,5857497.0,0.5965098977550859,1.0034243814301251,0.8715508735847388,0.3563321279316959,0.6986461436055438,0.2838054273970888,False,False,False,False,False,False,False,True,True,True,False,False,False,False,False,True,False,False,True,False,False,Major,,True,True,"patch,txt"
Compress,9,Compress-9,0.3333333333333333,1.0,1.0,1.0,1.0,3.0,1.0,1.0,1.0,1.0,0.0,1.0,1.0,1.0,1.0,1.0,1.0,1.0,1.0,1.0,1.858806319517182,2.567337423941912,0.7991321186443933,-0.2289774443914964,0.7530246939098532,-0.7395227627978449,-1.1731399609644546,-0.2020454871191189,-0.2073567129463963,-0.5251530779927517,-0.4635308650875505,-0.2192296649910203,0.2135797944893742,1.187435982167676,0.2959479588785432,36.55,7.1,44.3,10.5,24.1,10.4,0.1458333333333333,-3.2494332428053366e-17,5,5,4,4,5,4,2,5,3,0.99124070716193,0.99124070716193,0.1524985703326045,0.1524985703326045,0.99124070716193,0.1524985703326045,-0.6862435664967211,0.99124070716193,-0.6862435664967211,-2.3637278401553723,-0.6862435664967211,0.9,0.9,0.1154700538379251,0,20,0.737317213870003,0.8,1.0,202.0,145.0,43.0,0.2128712871287128,0.296551724137931,0.1414473684210526,0,142.0,1148075.0,0.4222321634564516,-0.169658347895439,0.492399341639145,0.8905431486898828,-0.3029873176398822,-1.106122374792302,True,True,True,True,True,True,False,False,False,True,False,False,False,False,False,True,False,False,True,False,True,Major,Archivers,False,False,
Closure,38,Closure-38,0.5,0.5,0.0071942446043165,0.0030487804878048,0.01,2.0,2.0,139.0,328.0,100.0,0.0,0.0,0.0,0.0,0.0,1.0,1.0,0.0,0.0,0.0,-1.0231586669890729,-0.4554019288379759,0.52584010856955,-0.2326488676816064,-1.081014456579866,-0.3784130836050198,1.5882268573455445,-0.2020454871191189,-0.2073567129463963,-0.5251530779927517,0.4023489388231981,-0.2192296649910203,0.0820612632219498,-0.0777818550633016,-0.673136533919824,12.49,10.01,43.48,13.5,32.5,11.2,0.8333333333333334,0.6257309941520469,3,4,5,5,5,2,2,3,2,-0.2121320343559644,0.5656854249492378,1.34350288425444,1.34350288425444,1.34350288425444,-0.9899494936611666,-0.2121320343559644,-0.2121320343559644,-0.2121320343559644,-1.7677669529663689,-0.9899494936611666,0.7,0.9,0.2,0,25,0.7001825311512639,0.6,1.0,193.0,74.0,17.0,0.0880829015544041,0.2297297297297297,0.068,0,958.0,12382055.0,-0.7977119766339881,-0.70287777031615,-0.6450552541976357,-0.6028194775205034,-0.9942554810346128,1.4462904983191245,False,False,False,False,True,False,False,False,True,True,False,False,False,False,True,False,False,False,True,False,True,Medium,,False,False,
Math,63,Math-63,0.125,1.0,0.2,0.05,1.0,8.0,1.0,5.0,20.0,1.0,0.0,1.0,0.0,0.0,1.0,0.0,1.0,1.0,0.0,1.0,-0.1949491489847454,0.1491459417180017,-0.6132426031647973,-0.834992641178151,0.0619124374841446,1.146427039947961,-0.3447299154714549,-0.2020454871191189,-0.2073567129463963,-0.5251530779927517,-0.4635308650875505,-0.2192296649910203,-0.1809757993128989,-0.4995211341402941,-0.673136533919824,45.35,12.02,57.17,11.3,15.8,12.0,0.75,0.4782608695652174,3,4,1,3,1,2,3,3,1,0.9333456062030596,1.7230995806825713,-0.6461623427559643,0.9333456062030596,-0.6461623427559643,0.1435916317235476,0.1435916317235476,0.9333456062030596,-1.435916317235476,-1.435916317235476,-0.6461623427559643,0.2,0.4,0.2309401076758502,-2,1,0.867448619254339,0.6,1.0,548.0,52.0,12.0,0.0218978102189781,0.2307692307692307,0.0204081632653061,0,747.0,6338268.0,0.2479544291578174,0.5768488434935564,1.57930039988318,0.3624027077130389,1.3758067934616065,0.4790603569295311,False,False,False,False,True,False,False,False,True,True,False,False,False,False,False,True,False,False,True,False,False,Minor,,False,False,
Lang,17,Lang-17,0.25,0.0,0.1,0.1666666666666666,0.5,4.0,0.0,10.0,6.0,2.0,0.0,0.0,0.0,0.0,0.0,1.0,0.0,0.0,0.0,1.0,0.335075780231052,0.1491459417180017,1.1343727791306577,-0.8248826636464958,-0.9226620584791106,0.9971160356974484,0.1845320580379615,-0.2020454871191189,-0.2073567129463963,-0.5251530779927517,-0.4635308650875505,-0.2192296649910203,0.0820612632219498,0.5548270635521871,0.2959479588785432,36.35,7.54,47.38,10.6,20.0,10.3,0.9375,0.8043478260869565,5,5,4,4,5,3,1,5,4,0.9370425713316364,0.9370425713316364,0.0780868809443029,0.0780868809443029,0.9370425713316364,-0.7808688094430304,0.0780868809443029,0.9370425713316364,-0.7808688094430304,-2.498780190217697,0.0780868809443029,0.8,0.9,0.1154700538379251,0,20,0.8686838950643943,0.4,1.0,158.0,90.0,20.0,0.1265822784810126,0.2222222222222222,0.087719298245614,1,214.0,3820252.0,1.99073177214416,0.1502733055569876,0.0855725153909535,0.4231085055264692,-0.4208533178500436,-0.4710149462716183,False,False,False,False,True,True,False,False,False,True,False,False,False,False,False,True,False,False,True,False,True,Major,"lang.*, lang.text.translate.*",True,False,diff
Math,77,Math-77,1.0,1.0,0.1666666666666666,0.5,0.3333333333333333,1.0,1.0,6.0,2.0,3.0,1.0,1.0,0.0,0.0,0.0,1.0,1.0,0.0,1.0,1.0,0.5734776397270159,-0.1531279935599871,0.5308748973277994,-0.6162087800137726,0.4038501769199036,0.5245252055006263,-0.3447299154714549,-0.2020454871191189,-0.2073567129463963,-0.5251530779927517,0.4023489388231981,-0.2192296649910203,-0.0494572680454745,-0.0777818550633016,0.2959479588785432,38.72,11.54,44.87,11.7,16.4,13.0,0.9791666666666666,0.9344262295081966,5,5,3,3,5,3,2,5,4,1.111873974991652,1.111873974991652,-0.5188745216627707,-0.5188745216627707,1.111873974991652,-0.5188745216627707,-0.5188745216627707,1.111873974991652,-0.5188745216627707,-2.1496230183171936,0.2964997266644406,0.8,0.8,0.2309401076758503,0,15,0.7891663385747268,0.9,2.0,324.0,98.0,32.0,0.0987654320987654,0.3265306122448979,0.082051282051282,0,794.0,6348357.0,1.6421763035468917,2.283150995239831,0.1890781160826703,0.6477199574361615,0.4090708657065694,-0.7076444156989568,False,True,False,False,True,True,False,False,False,True,False,False,False,False,False,True,False,False,True,False,True,Major,,False,False,
Closure,157,Closure-157,0.0,0.0,0.0138888888888888,0.0069444444444444,0.0188679245283018,0.0,0.0,72.0,144.0,53.0,0.0,0.0,0.0,0.0,0.0,0.0,0.0,0.0,0.0,0.0,-1.0231586669890729,-0.7576758641159647,-0.255946269612544,0.4295757493808416,0.5775185551070113,-0.7043576591898051,1.5882268573455445,-0.2020454871191189,-0.2073567129463963,-0.5251530779927517,-0.4635308650875505,-0.2192296649910203,-0.3124943305803233,0.3439574240136908,0.2959479588785432,-31.14,11.03,35.79,19.9,56.1,10.9,0.6041666666666666,0.1648351648351648,4,5,5,4,1,2,1,5,3,0.5255883312276368,1.1037354955780372,1.1037354955780372,0.5255883312276368,-1.2088531618235645,-0.630705997473164,0.5255883312276368,1.1037354955780372,-1.7870003261739649,-1.2088531618235645,-0.0525588331227636,0.2,0.75,0.3785938897200182,1,5,0.9248037837154,0.9,3.0,786.0,48.0,25.0,0.0318066157760814,0.5208333333333334,0.0309023485784919,0,581.0,7624858.0,-0.7977119766339881,-0.70287777031615,-0.6450552541976357,-0.6028194775205034,-0.9942554810346128,1.4462904983191245,True,False,False,False,True,True,False,False,False,True,False,False,False,False,True,False,False,False,True,False,True,Medium,,False,False,
Cli,16,Cli-16,1.0,1.0,0.0454545454545454,0.0125,0.0,1.0,1.0,22.0,80.0,0.0,1.0,1.0,0.0,0.0,0.0,1.0,1.0,0.0,0.0,0.0,0.0820927672490964,1.0559677475519682,0.4519322185287606,-0.4866330786790133,-0.1064125837329401,0.515899017996648,-0.5748438169972881,-0.2020454871191189,-0.2073567129463963,-0.5251530779927517,-0.4635308650875505,-0.2192296649910203,-0.0494572680454745,-0.2886514946017978,0.2959479588785432,54.12,11.99,50.82,10.0,14.8,12.2,0.9375,0.8524590163934427,4,5,2,3,5,2,2,4,3,0.6862435664967211,1.5249857033260468,-0.99124070716193,-0.1524985703326045,1.5249857033260468,-0.99124070716193,-0.1524985703326045,0.6862435664967211,-0.1524985703326045,-1.829982843991256,-0.1524985703326045,0.7,0.7,0.2581988897471611,-1,10,0.9218303407043202,0.6,4.0,288.0,84.0,25.0,0.0868055555555555,0.2976190476190476,0.0720461095100864,2,100.0,650702.0,2.1650095064427943,2.9230143021446846,0.3082400261227139,0.4534614044331844,1.2721165689523968,-0.1716324157842935,False,False,False,False,True,True,False,False,False,True,False,False,False,False,False,True,False,False,True,False,True,Minor,CLI-2.x,True,True,"java,patch"
Closure,143,Closure-143,0.5,1.0,0.0025510204081632,0.0022471910112359,0.0022883295194508,2.0,1.0,392.0,445.0,437.0,0.0,1.0,0.0,0.0,0.0,1.0,1.0,0.0,0.0,0.0,-1.0231586669890729,-0.7576758641159647,0.8611207545368851,-0.1469815431812898,-0.7627101412056181,0.1891541989573971,1.5882268573455445,-0.2020454871191189,-0.2073567129463963,0.6929103112404362,-0.4635308650875505,-0.2192296649910203,0.6081353882916473,-0.7103907736787903,-0.673136533919824,-119.53,8.26,57.28,31.1,88.6,10.5,0.9166666666666666,0.8181818181818181,5,5,4,4,1,3,2,5,3,1.138884903547945,1.138884903547945,0.5423261445466404,0.5423261445466404,-1.2473501324572729,-0.0542326144546639,-0.0542326144546639,1.138884903547945,-1.8439088914585773,-1.2473501324572729,-0.0542326144546639,0.3,0.7,0.3464101615137754,0,4,0.9183876219431152,0.9,2.0,515.0,81.0,40.0,0.0776699029126213,0.4938271604938271,0.0719424460431654,0,484.0,5662515.0,-0.7977119766339881,-0.70287777031615,-0.6450552541976357,-0.6028194775205034,-0.9942554810346128,1.4462904983191245,True,False,False,False,True,False,False,False,True,True,False,False,False,False,True,False,False,False,True,False,True,Medium,,False,False,
Closure,10,Closure-10,0.5,0.3333333333333333,0.1428571428571428,0.0344827586206896,0.03125,2.0,3.0,7.0,29.0,32.0,0.0,0.0,0.0,0.0,0.0,1.0,1.0,0.0,0.0,0.0,-1.0231586669890729,1.0559677475519682,1.0228984301579542,-0.1824358591106294,-0.1064125837329401,-0.09404816081555,1.5882268573455445,-0.2020454871191189,-0.2073567129463963,-0.5251530779927517,-0.4635308650875505,-0.2192296649910203,-0.0494572680454745,0.7656967030906834,-0.673136533919824,26.98,8.96,41.01,12.1,25.9,11.1,0.75,0.4754098360655737,5,4,4,4,1,4,1,3,2,1.3368478455539217,0.6974858324629156,0.6974858324629156,0.6974858324629156,-1.2206002068101025,0.6974858324629156,0.6974858324629156,0.0581238193719095,-1.8599622199011083,-1.2206002068101025,-0.5812381937190965,0.4,0.6,0.282842712474619,0,4,0.6205720076063215,0.1999999999999999,1.0,713.0,79.0,32.0,0.0448807854137447,0.4050632911392405,0.0421052631578947,0,986.0,12743696.0,-0.7977119766339881,-0.70287777031615,-0.6450552541976357,-0.6028194775205034,-0.9942554810346128,1.4462904983191245,False,False,False,False,True,False,False,False,True,True,False,False,False,False,True,False,False,False,True,False,True,High,,False,False,
Gson,8,Gson-8,0.0,0.3333333333333333,0.1,0.3333333333333333,1.0,0.0,3.0,10.0,3.0,1.0,0.0,0.0,0.0,0.0,1.0,0.0,1.0,0.0,1.0,1.0,2.9086493705085825,-0.4554019288379759,0.5519733060410008,-0.1242745588795801,-0.7627101412056181,1.119798023072205,0.4146459595637947,-0.2020454871191189,3.3503731906886904,-0.5251530779927517,-0.4635308650875505,3.1090752489635607,4.422172795046955,0.7656967030906834,-0.673136533919824,-9.65,8.93,56.5,15.8,44.5,9.3,0.7083333333333334,0.3170731707317075,5,5,5,3,3,5,2,5,4,0.8702852691526738,0.8702852691526738,0.8702852691526738,-0.3263569759322526,-0.3263569759322526,0.8702852691526738,-0.3263569759322526,0.8702852691526738,-2.1213203435596424,-1.5229992210171792,0.2719641466102105,0.5,0.8,0.2309401076758503,2,15,0.978492507849046,1.0,1.0,89.0,159.0,22.0,0.247191011235955,0.1383647798742138,0.0973451327433628,0,188.0,1216464.0,-0.7977119766339881,-0.70287777031615,-0.6450552541976357,-0.0321849780742582,-0.8048064242245533,-2.151575618022444,True,True,False,False,True,False,False,False,True,True,True,False,False,False,False,False,False,False,True,False,True,,,False,False,
Time,20,Time-20,0.0,0.3333333333333333,0.0714285714285714,0.0204081632653061,0.0384615384615384,0.0,3.0,14.0,49.0,26.0,0.0,0.0,0.0,0.0,0.0,0.0,1.0,0.0,0.0,0.0,0.8906177280473349,0.4514198769959905,0.8990703579292042,0.428183171623495,1.8463416241570776,-0.4199733493130424,-1.5873449837109543,-0.2020454871191189,-0.2073567129463963,1.910973700473624,-0.4635308650875505,-0.2192296649910203,-0.1809757993128989,1.398305621706172,-0.673136533919824,-4.44,7.68,39.98,15.9,29.0,11.5,0.6041666666666666,0.1162790697674417,5,5,5,5,1,4,1,4,4,0.8697956671643065,0.8697956671643065,0.8697956671643065,0.8697956671643065,-1.3814401772609572,0.3069867060579905,0.3069867060579905,0.3069867060579905,-1.9442491383672733,-1.3814401772609572,0.3069867060579905,0.4,0.75,0.3785938897200182,0,5,0.6945233242905087,0.8,1.0,448.0,66.0,33.0,0.0736607142857142,0.5,0.0686070686070686,0,314.0,5487774.0,0.4222321634564516,0.7901366124618407,1.0232114863629762,-0.2689375895466365,-0.666429244295894,-1.619815531644916,True,True,False,False,True,False,False,False,True,True,False,False,False,False,False,True,False,False,True,False,True,,,False,False,
JacksonDatabind,84,JacksonDatabind-84,0.0,0.0,0.0046296296296296,0.0416666666666666,0.0555555555555555,0.0,0.0,216.0,24.0,18.0,0.0,0.0,0.0,0.0,0.0,0.0,0.0,0.0,0.0,0.0,-0.2992043964095859,0.1491459417180017,-0.680249914263465,1.031069664719751,0.2319908443389094,0.3480947222000572,0.4146459595637947,-0.2020454871191189,-0.2073567129463963,-0.5251530779927517,1.2682287427339467,-0.2192296649910203,0.0820612632219498,-0.9212604132172866,0.2959479588785432,22.41,14.67,52.8,13.9,21.3,14.9,0.75,0.4938488576449911,4,5,4,5,1,3,2,2,3,0.7456011350793256,1.3764944032233704,0.7456011350793256,1.3764944032233704,-1.1470786693528088,0.1147078669352807,0.1147078669352807,-0.516185401208764,-1.7779719374968537,-1.1470786693528088,0.1147078669352807,0.3,0.6,0.3651483716701107,-1,4,0.7839625648215316,0.9,1.0,59.0,57.0,5.0,0.0847457627118644,0.087719298245614,0.045045045045045,0,797.0,5622690.0,-0.7977119766339881,-0.70287777031615,-0.6450552541976357,-0.5603254190511021,-0.0067295333278549,-0.7012568845746272,False,True,False,False,True,True,False,False,False,True,False,False,False,False,False,True,False,False,True,False,True,,,False,False,
JacksonCore,22,JacksonCore-22,0.1111111111111111,0.5,0.25,0.3333333333333333,0.5,9.0,2.0,4.0,3.0,2.0,0.0,0.0,0.0,0.0,0.0,0.0,1.0,1.0,1.0,1.0,-0.4639714308012918,-0.4554019288379759,-0.6397356699658808,-0.5143818938153721,-0.9226620584791106,0.8073330332557387,-0.989048839743788,-0.2020454871191189,-0.2073567129463963,-0.5251530779927517,-0.4635308650875505,3.1090752489635607,-0.0494572680454745,-0.0777818550633016,-0.673136533919824,0.48,14.02,53.58,16.1,26.2,13.0,0.9166666666666666,0.8128654970760233,3,2,0,0,1,2,4,1,2,1.9170289512680816,0.9128709291752768,-1.095445115010332,-1.095445115010332,-0.0912870929175276,0.9128709291752768,-0.0912870929175276,-0.0912870929175276,-1.095445115010332,-1.095445115010332,0.9128709291752768,0.2,0.1,0.1154700538379251,0,0,0.9393141940132586,0.6,1.0,299.0,59.0,18.0,0.060200668896321,0.3050847457627119,0.0529411764705882,0,217.0,2139712.0,-0.7977119766339881,-0.70287777031615,-0.6450552541976357,-0.6028194775205034,-0.4906172477041662,0.5423109390921608,False,False,False,False,True,False,False,False,True,True,False,False,False,False,False,True,False,False,True,False,False,,,False,False,
JacksonDatabind,90,JacksonDatabind-90,0.1428571428571428,1.0,0.0149253731343283,0.0588235294117647,0.25,7.0,1.0,67.0,17.0,4.0,0.0,1.0,0.0,0.0,0.0,0.0,1.0,0.0,0.0,1.0,1.0801727233652267,-0.4554019288379759,0.9762817250777212,0.2522664983969349,0.9303979192957068,-0.6036166947450683,0.4146459595637947,1.3457341619126637,1.867985730840738,0.6929103112404362,-0.4635308650875505,-0.2192296649910203,-0.0494572680454745,0.5548270635521871,0.2959479588785432,-96.99,12.71,57.85,28.7,47.8,12.5,0.9166666666666666,0.670103092783505,5,5,5,5,5,4,1,5,4,0.6862435664967211,0.6862435664967211,0.6862435664967211,0.6862435664967211,0.6862435664967211,-0.1524985703326045,-0.1524985703326045,0.6862435664967211,-0.99124070716193,-2.6687249808205813,-0.1524985703326045,0.9,1.0,0.0,0,25,0.8097257507775505,0.8,2.0,315.0,111.0,48.0,0.1523809523809524,0.4324324324324324,0.1269841269841269,0,806.0,5681176.0,-0.7977119766339881,-0.70287777031615,-0.6450552541976357,-0.2507258502026074,-0.8831588119176026,-1.0210419456885875,True,True,False,False,True,True,False,False,False,True,False,False,False,False,False,True,False,False,True,False,True,,,False,False,
JacksonDatabind,47,JacksonDatabind-47,0.1428571428571428,1.0,0.027027027027027,0.1428571428571428,0.2,7.0,1.0,37.0,7.0,5.0,0.0,1.0,0.0,0.0,0.0,0.0,1.0,0.0,0.0,1.0,1.3535693512275706,-0.7576758641159647,0.7460614386270279,0.988876144833716,0.5775185551070113,-0.8988952574998526,0.4146459595637947,3.4739311793313643,5.425715634475825,0.6929103112404362,-0.4635308650875505,-0.2192296649910203,-0.0494572680454745,-0.7103907736787903,-0.673136533919824,-279.96,17.21,53.47,53.4,87.6,11.1,0.6875,0.1818181818181817,5,5,4,4,4,4,1,5,4,0.8778086039709794,0.8778086039709794,0.2340822943922612,0.2340822943922612,0.2340822943922612,0.2340822943922612,0.2340822943922612,0.8778086039709794,-2.3408229439226114,-1.6970966343438931,0.2340822943922612,0.4,0.8500000000000001,0.0999999999999999,0,16,0.8347069735819623,0.8,1.0,600.0,83.0,50.0,0.0833333333333333,0.6024096385542169,0.0789889415481832,0,748.0,5254236.0,-0.7977119766339881,-0.70287777031615,-0.6450552541976357,-0.3782080256108111,-1.1095773031158047,-1.6844636602405103,True,True,False,False,True,False,False,False,True,True,False,True,False,False,False,False,False,False,True,False,True,,,False,False,
JacksonDatabind,53,JacksonDatabind-53,0.0,0.0,0.0909090909090909,0.025,0.0071428571428571,0.0,0.0,11.0,40.0,140.0,0.0,0.0,0.0,0.0,0.0,0.0,0.0,0.0,0.0,0.0,0.1987419951370298,-0.1531279935599871,-0.2238049054779833,0.1811540087278038,0.0619124374841446,-0.1168782631830962,0.4146459595637947,-0.2020454871191189,-0.2073567129463963,-0.5251530779927517,0.4023489388231981,-0.2192296649910203,0.2135797944893742,-0.2886514946017978,-0.673136533919824,22.0,11.9,46.65,14.0,17.5,13.4,0.6875,0.3939393939393939,3,3,4,3,2,4,3,1,3,0.5369248441712192,0.5369248441712192,1.2751965049066458,0.5369248441712192,-0.2013468165642074,1.2751965049066458,-0.2013468165642074,-0.939618477299634,-1.6778901380350608,-1.6778901380350608,0.5369248441712192,0.4,0.4999999999999999,0.2581988897471611,1,8,0.9919635294992966,0.8,2.0,606.0,83.0,37.0,0.061056105610561,0.4457831325301205,0.0567484662576687,0,750.0,5262673.0,-0.7977119766339881,-0.70287777031615,-0.6450552541976357,-0.4935490414563288,0.2472057103681686,-0.7750562699117406,True,True,False,False,True,False,False,False,True,True,True,False,False,False,False,False,False,False,True,False,False,,,False,False,
JacksonDatabind,52,JacksonDatabind-52,0.125,0.0,0.1111111111111111,0.1428571428571428,0.3333333333333333,8.0,0.0,9.0,7.0,3.0,0.0,0.0,0.0,0.0,0.0,0.0,0.0,0.0,0.0,1.0,-0.4362672391779076,-0.4554019288379759,-2.4305524800327025,2.27547163316831,0.9303979192957068,-1.1374784824560258,0.4146459595637947,-0.2020454871191189,-0.2073567129463963,-0.5251530779927517,-0.4635308650875505,-0.2192296649910203,-0.3124943305803233,-0.4995211341402941,-0.673136533919824,-10.12,15.72,58.82,18.1,28.9,15.2,0.9166666666666666,0.670103092783505,1,0,0,1,1,0,4,0,0,1.3228756555322954,-0.7559289460184545,-0.7559289460184545,1.3228756555322954,1.3228756555322954,-0.7559289460184545,1.3228756555322954,-0.7559289460184545,-0.7559289460184545,-0.7559289460184545,-0.7559289460184545,0.0,0.1,0.1154700538379251,-1,0,0.7036204026049548,1.0,2.0,683.0,54.0,21.0,0.0307467057101024,0.3888888888888889,0.0293296089385474,0,766.0,5421059.0,-0.7977119766339881,-0.70287777031615,-0.6450552541976357,-0.5724665786137881,0.561097886603531,-0.0662504635246837,False,False,False,False,True,False,False,False,True,True,False,False,False,False,False,True,False,False,True,False,False,,,False,False,
JacksonDatabind,46,JacksonDatabind-46,0.0,0.0,0.125,0.0833333333333333,0.0434782608695652,0.0,0.0,8.0,12.0,23.0,0.0,0.0,0.0,0.0,0.0,0.0,0.0,0.0,0.0,0.0,-0.4603261424297939,-0.7576758641159647,-1.3636194907688362,-0.3595351239325746,-1.8496029254103703,-0.1815119709787981,0.4146459595637947,-0.2020454871191189,-0.2073567129463963,-0.5251530779927517,-0.4635308650875505,-0.2192296649910203,-0.3124943305803233,-0.0777818550633016,0.2959479588785432,-38.34,18.72,75.32,22.7,39.3,17.7,0.875,0.71875,1,3,3,3,1,0,3,2,1,-0.3928371006591931,1.3356461422412562,1.3356461422412562,1.3356461422412562,-0.3928371006591931,-1.2570787221094175,0.4714045207910316,0.4714045207910316,-1.2570787221094175,-1.2570787221094175,-0.3928371006591931,0.0,0.4499999999999999,0.1914854215512676,0,3,0.9391935394238714,1.0,1.0,64.0,51.0,7.0,0.109375,0.1372549019607843,0.0648148148148148,0,723.0,4998581.0,-0.7977119766339881,-0.70287777031615,-0.6450552541976357,-0.5603254190511021,1.783161246890644,-0.079289609747475,False,False,False,False,True,True,False,False,False,True,False,False,False,False,False,True,False,False,True,False,False,,,False,False,
JacksonDatabind,91,JacksonDatabind-91,0.0,0.0,0.02,0.0068493150684931,0.0089285714285714,0.0,0.0,50.0,146.0,112.0,0.0,0.0,0.0,0.0,0.0,0.0,0.0,0.0,0.0,0.0,1.252959392174228,-0.7576758641159647,0.9894717615796356,0.6443986226463628,-0.1064125837329401,-1.2089144941952945,0.4146459595637947,-0.0085730309901461,-0.2073567129463963,3.1290370897068125,-0.4635308650875505,-0.2192296649910203,0.4766168570242229,0.7656967030906834,-0.673136533919824,-21.46,10.44,49.87,18.3,35.9,11.6,0.75,0.2727272727272725,5,5,5,5,3,3,1,5,4,0.8183170883849715,0.8183170883849715,0.8183170883849715,0.8183170883849715,-0.3818813079129866,-0.3818813079129866,0.2182178902359924,0.8183170883849715,-2.1821789023599236,-1.582079704210945,0.2182178902359924,0.3,0.9,0.2,0,15,0.9373675739661704,0.6,1.0,388.0,130.0,43.0,0.1108247422680412,0.3307692307692307,0.0905263157894736,0,807.0,5682542.0,-0.7977119766339881,-0.70287777031615,-0.6450552541976357,-0.0989613556690316,-0.9428638245723224,-1.0438684022773892,True,True,False,False,True,False,False,False,True,True,True,False,False,False,False,False,False,False,True,False,True,,,False,False,
JacksonCore,23,JacksonCore-23,1.0,1.0,0.1666666666666666,1.0,0.5,1.0,1.0,6.0,1.0,2.0,1.0,1.0,0.0,1.0,0.0,1.0,1.0,0.0,1.0,1.0,-0.1147528048117911,0.1491459417180017,0.3799716810959173,-0.4898775000655312,1.1096681845252594,0.8116444710484764,0.4146459595637947,-0.2020454871191189,-0.2073567129463963,-0.5251530779927517,1.2682287427339467,-0.2192296649910203,-0.3124943305803233,-0.2886514946017978,-0.673136533919824,29.14,13.39,50.03,13.3,18.3,14.0,0.625,0.3076923076923076,3,4,0,0,3,2,4,1,2,0.939618477299634,1.6778901380350604,-1.275196504906646,-1.275196504906646,0.939618477299634,0.2013468165642072,-0.5369248441712194,-0.5369248441712194,0.939618477299634,-1.275196504906646,0.2013468165642072,0.7,0.2,0.282842712474619,0,0,0.8682545774030613,0.6,1.0,140.0,79.0,17.0,0.1214285714285714,0.2151898734177215,0.0841584158415841,0,247.0,2343966.0,-0.7977119766339881,-0.70287777031615,-0.6450552541976357,-0.5906783179578173,0.7956352991838861,-0.4433411314981749,False,False,False,False,True,False,False,False,True,True,False,False,False,False,True,False,False,False,True,False,False,,,False,False,
JacksonDatabind,85,JacksonDatabind-85,0.125,1.0,0.5,0.3333333333333333,0.3333333333333333,8.0,1.0,2.0,3.0,3.0,0.0,1.0,0.0,0.0,0.0,0.0,1.0,1.0,1.0,1.0,0.0944867477121893,0.7536938122739794,0.750721040234538,-0.0432977664760056,0.7530246939098532,0.1650229942090801,0.4146459595637947,-0.2020454871191189,-0.2073567129463963,-0.5251530779927517,-0.4635308650875505,-0.2192296649910203,-0.3124943305803233,0.1330877844751946,1.2650324516769105,-9.92,15.06,57.74,18.0,26.7,14.9,0.9166666666666666,0.764705882352941,5,5,3,3,5,3,2,5,4,1.111873974991652,1.111873974991652,-0.5188745216627707,-0.5188745216627707,1.111873974991652,-0.5188745216627707,-0.5188745216627707,1.111873974991652,-0.5188745216627707,-2.1496230183171936,0.2964997266644406,0.8,0.8,0.2309401076758503,0,15,0.9403033062137212,0.4,1.0,103.0,77.0,22.0,0.2135922330097087,0.2857142857142857,0.1392405063291139,0,796.0,5621741.0,-0.7977119766339881,-0.70287777031615,-0.6450552541976357,-0.4814078818936427,-0.1795465741765375,-0.295355932745143,False,False,False,False,True,True,False,False,False,True,False,False,False,False,False,True,False,False,True,False,True,,,False,False,
Gson,9,Gson-9,0.25,0.0,1.0,0.2,0.1,4.0,0.0,1.0,5.0,10.0,0.0,0.0,1.0,0.0,0.0,1.0,0.0,1.0,1.0,0.0,2.3312356924633124,2.869611359219901,0.4449508728935315,-0.6681058235299856,-0.1064125837329401,1.775236737111486,0.1845320580379615,-0.2020454871191189,-0.2073567129463963,-0.5251530779927517,0.4023489388231981,-0.2192296649910203,-0.3124943305803233,10.46570012186151,-0.673136533919824,68.36,6.28,42.29,6.6,10.0,9.5,0.8333333333333334,0.6314779270633398,3,5,2,3,4,2,3,4,3,0.1435916317235475,1.7230995806825713,-0.6461623427559644,0.1435916317235475,0.9333456062030594,-0.6461623427559644,-0.6461623427559644,0.9333456062030594,0.1435916317235475,-2.225670291714988,0.1435916317235475,0.7,0.65,0.1914854215512676,-1,8,0.6772890411638597,0.9,3.0,413.0,145.0,25.0,0.0605326876513317,0.1724137931034483,0.0469043151969981,0,189.0,1219412.0,-0.100601039439451,-0.4895900013478655,1.857344856643282,3.7497862257024512,0.2488654178433061,-1.7343410337508804,True,False,True,False,True,False,False,False,True,True,False,False,False,True,False,False,False,False,True,False,False,,,False,False,
Closure,142,Closure-142,0.0,0.0,0.0057471264367816,0.0333333333333333,0.0227272727272727,0.0,0.0,174.0,30.0,44.0,0.0,0.0,0.0,0.0,0.0,0.0,0.0,0.0,0.0,0.0,-1.0231586669890729,1.9627895533859343,0.8723232540170415,-0.4771172808751721,-0.4379098193951574,0.0294151192226407,1.5882268573455445,-0.2020454871191189,-0.2073567129463963,-0.5251530779927517,-0.4635308650875505,-0.2192296649910203,-0.3124943305803233,1.187435982167676,0.2959479588785432,25.56,8.53,45.5,12.7,28.8,11.5,0.625,0.2326820603907637,1,0,2,1,2,2,4,0,0,0.1147078669352809,-1.1470786693528088,1.3764944032233704,0.1147078669352809,1.3764944032233704,1.3764944032233704,0.1147078669352809,-1.1470786693528088,0.1147078669352809,-1.1470786693528088,-1.1470786693528088,0.3666666666666667,0.25,0.1914854215512676,1,4,0.9022841416395728,0.9,2.0,656.0,207.0,76.0,0.1158536585365853,0.3671497584541063,0.096569250317662,0,484.0,5658552.0,-0.7977119766339881,-0.70287777031615,-0.6450552541976357,-0.6028194775205034,-0.9942554810346128,1.4462904983191245,True,False,False,False,True,True,False,False,False,True,False,False,False,False,True,False,False,False,True,False,False,Medium,,False,False,
Cli,17,Cli-17,1.0,1.0,1.0,1.0,1.0,1.0,1.0,1.0,1.0,1.0,1.0,1.0,1.0,1.0,1.0,1.0,1.0,1.0,1.0,1.0,-0.213175590842235,0.1491459417180017,-0.7601430937020752,0.090954407796154,0.9303979192957068,1.1153447455413814,-0.5748438169972881,-0.2020454871191189,-0.2073567129463963,-0.5251530779927517,-0.4635308650875505,-0.2192296649910203,-0.0494572680454745,-0.7103907736787903,0.2959479588785432,42.55,15.96,64.15,14.4,19.8,14.6,0.8333333333333334,0.6546762589928059,4,5,4,4,1,2,1,5,2,0.6507913734559684,1.2473501324572729,0.6507913734559684,0.6507913734559684,-1.138884903547945,-0.5423261445466404,0.6507913734559684,1.2473501324572729,-1.7354436625492493,-1.138884903547945,-0.5423261445466404,0.2,0.7,0.3464101615137754,0,4,0.7853281924556755,0.6,1.0,160.0,65.0,19.0,0.11875,0.2923076923076923,0.0922330097087378,0,46.0,286791.0,1.6421763035468917,2.283150995239831,0.4197958567984995,0.4231085055264692,2.82006349198274,0.2033764035866035,False,False,False,False,True,True,False,False,False,True,False,False,False,False,False,True,False,False,True,False,True,Major,Parser,False,False,
Closure,11,Closure-11,0.125,0.0,0.3333333333333333,0.0384615384615384,0.125,8.0,0.0,3.0,26.0,8.0,0.0,0.0,0.0,0.0,0.0,0.0,0.0,1.0,0.0,0.0,-1.0231586669890729,-0.4554019288379759,0.6945376596086804,0.0647865271031924,0.0619124374841446,-0.498746479858262,1.5882268573455445,-0.2020454871191189,-0.2073567129463963,-0.5251530779927517,-0.4635308650875505,-0.2192296649910203,-0.3124943305803233,-0.7103907736787903,0.2959479588785432,-22.17,8.76,52.13,18.6,43.8,11.8,0.75,0.3333333333333335,5,5,4,4,2,3,1,4,3,1.1909826683508271,1.1909826683508271,0.5359422007578724,0.5359422007578724,-0.7741387344280377,-0.1190982668350826,0.5359422007578724,0.5359422007578724,-2.084219669613948,-1.4291792020209926,-0.1190982668350826,0.3,0.7,0.2,0,8,0.946877199068323,0.9,1.0,667.0,98.0,35.0,0.0524737631184407,0.3571428571428571,0.047945205479452,0,983.0,12722817.0,-0.7977119766339881,-0.70287777031615,-0.6450552541976357,-0.6028194775205034,-0.9942554810346128,1.4462904983191245,True,False,False,False,True,True,False,False,False,True,False,False,False,False,True,False,False,False,True,False,True,Medium,,False,False,
Closure,156,Closure-156,0.0,0.0,0.0129870129870129,0.0666666666666666,0.0196078431372549,0.0,0.0,77.0,15.0,51.0,0.0,0.0,0.0,0.0,0.0,0.0,0.0,0.0,0.0,0.0,-1.0231586669890729,1.0559677475519682,0.2732108445037093,-0.2653216330089042,0.0619124374841446,-0.7121293917176549,1.5882268573455445,-0.2020454871191189,0.0891207790231942,3.1290370897068125,2.134108546644695,3.1090752489635607,-0.0494572680454745,0.1330877844751946,-0.673136533919824,-44.2,5.36,52.05,20.8,56.7,9.9,0.9375,0.8686131386861313,5,5,3,2,3,4,3,1,3,1.5215349135496974,1.5215349135496974,0.2340822943922612,-0.4096440151864569,0.2340822943922612,0.8778086039709794,-0.4096440151864569,-1.0533703247651751,-1.6970966343438931,-1.0533703247651751,0.2340822943922612,0.4,0.45,0.1914854215512676,1,9,0.8630190911400488,0.7,1.0,441.0,304.0,90.0,0.2040816326530612,0.2960526315789473,0.1374045801526717,0,579.0,7605644.0,-0.7977119766339881,-0.70287777031615,-0.6450552541976357,-0.6028194775205034,-0.9942554810346128,1.4462904983191245,True,False,False,False,True,False,False,False,True,True,False,False,False,False,True,False,False,False,True,False,True,Medium,,False,False,
Lang,16,Lang-16,1.0,1.0,1.0,1.0,0.5,1.0,1.0,1.0,1.0,2.0,1.0,1.0,1.0,1.0,0.0,1.0,1.0,1.0,1.0,1.0,-0.2343182633969229,-0.7576758641159647,-0.648961374792329,-0.4598762453815824,-0.6011343465993985,-0.0330019183751537,-0.5748438169972881,-0.2020454871191189,-0.2073567129463963,0.6929103112404362,-0.4635308650875505,-0.2192296649910203,0.0820612632219498,-0.7103907736787903,0.2959479588785432,40.65,11.33,53.46,11.0,16.5,11.5,0.8541666666666666,0.6989247311827956,4,5,3,4,1,2,1,5,3,0.672926584910453,1.2897759544117016,0.0560772154092043,0.672926584910453,-1.177621523593293,-0.5607721540920443,0.672926584910453,1.2897759544117016,-1.7944708930945417,-1.177621523593293,0.0560772154092043,0.2,0.6499999999999999,0.3415650255319866,-1,3,0.9300090567537788,0.9,1.0,263.0,54.0,18.0,0.0684410646387832,0.3333333333333333,0.060200668896321,0,225.0,4019284.0,1.2936208349496228,1.856575457303263,1.550032562329485,0.3502615481503528,0.1907756562134967,0.2280934452432163,True,False,False,False,True,True,False,False,False,True,False,False,True,False,False,False,False,False,True,False,True,Major,,False,False,
Math,76,Math-76,0.3333333333333333,0.5,0.25,1.0,1.0,3.0,2.0,4.0,1.0,1.0,0.0,0.0,0.0,1.0,1.0,1.0,1.0,1.0,1.0,1.0,0.1987419951370298,0.1491459417180017,0.8201457820096555,-0.8498998562210391,-0.2730111944760022,0.2175411188613608,-0.3447299154714549,-0.2020454871191189,-0.2073567129463963,-0.5251530779927517,0.4023489388231981,-0.2192296649910203,1.6602836384310424,0.5548270635521871,1.2650324516769105,50.73,9.1,41.99,9.2,13.9,10.3,0.8541666666666666,0.6266666666666666,5,5,4,4,4,3,1,5,4,0.933138949631687,0.933138949631687,0.2916059217599022,0.2916059217599022,0.2916059217599022,-0.3499271061118826,0.2916059217599022,0.933138949631687,-2.274526189727237,-1.632993161855452,0.2916059217599022,0.3,0.8500000000000001,0.0999999999999999,0,16,0.9762566699930166,0.9,1.0,188.0,92.0,29.0,0.1542553191489361,0.3152173913043478,0.1155378486055776,0,795.0,6370984.0,0.4222321634564516,0.7901366124618407,1.3977203464888277,0.4838143033398995,-0.3249323387000324,-0.1379657677500365,True,False,False,False,True,True,False,False,False,True,False,False,False,False,False,True,False,False,True,False,True,Major,,False,False,
Math,62,Math-62,0.0,0.0,0.3333333333333333,0.2,0.05,0.0,0.0,3.0,5.0,20.0,0.0,0.0,0.0,0.0,0.0,0.0,0.0,1.0,1.0,0.0,2.500377072900816,0.7536938122739794,0.6328151957245077,-0.3887417657452759,0.9303979192957068,0.5672030901047338,-0.3447299154714549,-0.2020454871191189,-0.2073567129463963,3.1290370897068125,-0.4635308650875505,-0.2192296649910203,-0.1809757993128989,2.452653819398653,0.2959479588785432,27.42,13.25,55.35,14.0,18.8,14.9,0.8958333333333334,0.7923875432525952,2,2,1,0,4,2,4,1,4,0.2121320343559642,0.2121320343559642,-0.565685424949238,-1.3435028842544403,1.7677669529663684,0.2121320343559642,-0.565685424949238,-0.565685424949238,0.2121320343559642,-1.3435028842544403,1.7677669529663684,0.5333333333333333,0.3,0.3464101615137754,1,4,0.8309878098846019,0.9,1.0,178.0,230.0,39.0,0.2191011235955056,0.1695652173913043,0.1056910569105691,0,768.0,6759949.0,0.5965098977550859,1.0034243814301251,0.6061448012228232,0.7144963350309348,0.9314201169935652,-0.9595310949176592,True,False,False,False,True,True,False,False,False,True,False,False,False,False,True,False,False,False,True,False,False,Major,,False,False,
Compress,8,Compress-8,1.0,0.5,1.0,1.0,1.0,1.0,2.0,1.0,1.0,1.0,1.0,0.0,1.0,1.0,1.0,1.0,1.0,1.0,1.0,1.0,-0.2117174754936358,-0.1531279935599871,-0.7847998123650499,0.2836405939414624,0.2319908443389094,0.4656348900646025,-1.1731399609644546,-0.2020454871191189,-0.2073567129463963,-0.5251530779927517,-0.4635308650875505,-0.2192296649910203,-0.0494572680454745,-0.4995211341402941,-0.673136533919824,48.4,9.32,49.35,10.1,14.7,9.6,0.8333333333333334,0.6625659050966608,4,5,2,3,4,2,2,5,2,0.7071067811865475,1.414213562373095,-0.7071067811865475,0.0,0.7071067811865475,-0.7071067811865475,0.0,1.414213562373095,0.0,-2.1213203435596424,-0.7071067811865475,0.7,0.7,0.2581988897471611,-1,8,0.8566275375422443,0.6,1.0,158.0,54.0,15.0,0.0949367088607595,0.2777777777777778,0.0761421319796954,0,105.0,803759.0,1.6421763035468917,0.5768488434935564,0.2032159698162348,0.3624027077130389,0.5055495520450258,-0.0122311434588334,False,False,False,False,True,False,False,False,True,True,False,False,False,False,False,True,False,False,True,False,False,Major,,False,False,
Closure,39,Closure-39,0.0,0.0,0.0054945054945054,0.0024096385542168,0.02,0.0,0.0,182.0,415.0,50.0,0.0,0.0,0.0,0.0,0.0,0.0,0.0,0.0,0.0,0.0,-1.0231586669890729,1.0559677475519682,0.6081133193291806,-0.4777677873631689,-1.546710917989482,-0.3560082488758912,1.5882268573455445,-0.2020454871191189,-0.2073567129463963,-0.5251530779927517,-0.4635308650875505,-0.2192296649910203,-0.3124943305803233,1.187435982167676,1.2650324516769105,26.98,7.93,39.57,12.1,28.4,10.8,0.6666666666666666,0.3567839195979899,2,4,4,5,1,3,3,4,1,-0.2916059217599022,0.9914601339836674,0.9914601339836674,1.632993161855452,-0.933138949631687,0.3499271061118826,-0.2916059217599022,0.9914601339836674,-1.5746719775034717,-0.933138949631687,-0.933138949631687,0.3,0.7,0.3464101615137754,-1,4,0.6684822171360574,0.9,1.0,269.0,189.0,28.0,0.104089219330855,0.1481481481481481,0.0651162790697674,0,958.0,12366691.0,-0.7977119766339881,-0.70287777031615,-0.6450552541976357,-0.6028194775205034,-0.9942554810346128,1.4462904983191245,True,False,False,False,True,True,False,False,False,True,False,False,False,False,True,False,False,False,True,False,True,Medium,,False,False,
Math,89,Math-89,0.5,1.0,1.0,1.0,0.5,2.0,1.0,1.0,1.0,2.0,0.0,1.0,1.0,1.0,0.0,1.0,1.0,1.0,1.0,1.0,1.0539266470904416,0.1491459417180017,1.0085219587848786,-0.3449231512358601,2.035569554392177,0.6186718213194691,0.1845320580379615,-0.2020454871191189,-0.2073567129463963,0.6929103112404362,2.999988350555444,-0.2192296649910203,-0.1809757993128989,1.187435982167676,2.2341169444752773,49.75,11.71,49.11,11.6,15.2,13.1,0.9166666666666666,0.748031496062992,5,5,3,3,5,3,3,5,4,1.1147728228665883,1.1147728228665883,-0.4180398085749705,-0.4180398085749705,1.1147728228665883,-0.4180398085749705,-1.1844461242957498,1.1147728228665883,-0.4180398085749705,-1.9508524400165292,0.3483665071458088,0.8,0.8,0.2309401076758503,0,15,0.8390621864752356,0.6,1.0,168.0,127.0,30.0,0.1785714285714285,0.2362204724409448,0.1132075471698113,0,688.0,5256642.0,0.2479544291578174,0.5768488434935564,1.682758802398567,0.5445201011533299,1.1924091174589229,-1.0582218651092457,True,True,False,False,True,True,False,False,False,True,False,False,False,False,False,True,False,False,True,False,True,Major,,False,False,
Codec,10,Codec-10,0.5,1.0,1.0,1.0,1.0,2.0,1.0,1.0,1.0,1.0,0.0,1.0,1.0,1.0,1.0,1.0,1.0,1.0,1.0,1.0,0.208948802577224,-0.1531279935599871,0.584528251345438,-0.52596889418324,-1.9988434047949355,0.8836278964992054,0.1845320580379615,-0.2020454871191189,-0.2073567129463963,-0.5251530779927517,-0.4635308650875505,-0.2192296649910203,1.0026909820939205,-0.2886514946017978,-0.673136533919824,62.54,6.39,50.47,6.7,13.1,9.0,0.7708333333333334,0.5416666666666667,3,5,2,3,3,1,3,3,2,0.4225771273642583,2.281916487766995,-0.50709255283711,0.4225771273642583,0.4225771273642583,-1.4367622330384784,-0.50709255283711,0.4225771273642583,0.4225771273642583,-1.4367622330384784,-0.50709255283711,0.6,0.55,0.0999999999999999,-1,6,0.9040491465126258,0.7,1.0,155.0,73.0,13.0,0.0838709677419354,0.1780821917808219,0.0604651162790697,0,70.0,855025.0,1.1193431006509886,0.2569171900411298,0.4671225728427722,0.5020260426839287,-0.2042347228692063,-0.7998328300189306,False,True,False,False,True,False,False,False,True,True,False,False,False,False,False,True,False,False,True,False,True,Major,,False,False,
Jsoup,12,Jsoup-12,1.0,0.2,0.125,0.3333333333333333,0.5,1.0,5.0,8.0,3.0,2.0,1.0,1.0,0.0,0.0,0.0,1.0,1.0,0.0,1.0,1.0,-0.5711429089233306,-0.1531279935599871,-2.430552480033038,4.163331944642799,-0.1064125837329401,0.2170230728899879,-0.5748438169972881,-0.2020454871191189,-0.2073567129463963,0.6929103112404362,-0.4635308650875505,-0.2192296649910203,-0.1809757993128989,-0.4995211341402941,-0.673136533919824,-5.34,23.01,76.25,22.5,35.9,0.0,0.6666666666666666,0.3424657534246574,4,5,5,5,1,4,0,2,1,0.5244044240850757,1.0488088481701514,1.0488088481701514,1.0488088481701514,-1.0488088481701514,0.5244044240850757,1.0488088481701514,-0.5244044240850757,-1.5732132722552272,-1.0488088481701514,-1.0488088481701514,0.4,0.65,0.412310562561766,0,5,0.8507198575649726,0.7,1.0,221.0,43.0,14.0,0.0633484162895927,0.3255813953488372,0.056,0,70.0,502313.0,-0.7977119766339881,-0.70287777031615,-0.6450552541976357,-0.5603254190511021,2.906472012407081,-0.4100097730346403,True,False,False,False,True,False,False,False,True,True,False,False,False,False,False,True,False,False,True,False,True,,,False,False,
Cli,1,Cli-1,0.25,1.0,0.1666666666666666,1.0,1.0,4.0,1.0,6.0,1.0,1.0,0.0,1.0,0.0,1.0,1.0,1.0,1.0,0.0,1.0,1.0,0.534837582989138,0.1491459417180017,0.8218136341155915,-0.8809651909969497,0.2319908443389094,0.6479411637623803,0.1845320580379615,-0.2020454871191189,-0.2073567129463963,-0.5251530779927517,2.999988350555444,-0.2192296649910203,-0.0494572680454745,2.030914540321661,1.2650324516769105,48.2,10.28,44.85,10.2,14.7,11.5,0.9166666666666666,0.8318739054290717,4,5,3,3,1,2,2,3,2,1.125852503505287,1.8543452998910612,0.3973597071195131,0.3973597071195131,-1.059625885652035,-0.331133089266261,0.3973597071195131,0.3973597071195131,-1.7881186820378092,-1.059625885652035,-0.331133089266261,0.2,0.5,0.1999999999999999,0,3,0.7985380287716606,0.6,1.0,145.0,114.0,27.0,0.1862068965517241,0.2368421052631578,0.1163793103448275,1,39.0,252240.0,0.7707876320537201,0.0436294210728453,0.199636766339383,0.6598611169988475,0.5961810452720605,-0.2748768030893468,False,False,False,False,True,True,False,False,False,True,False,False,False,False,False,True,False,False,True,False,True,Major,CLI-1.x,True,False,patch
Math,8,Math-8,1.0,1.0,1.0,1.0,1.0,1.0,1.0,1.0,1.0,1.0,1.0,1.0,1.0,1.0,1.0,1.0,1.0,1.0,1.0,1.0,0.1775993225823419,-0.1531279935599871,0.3351417899011241,-0.3885051933525086,0.0619124374841446,1.6390026218237597,0.1845320580379615,-0.2020454871191189,-0.2073567129463963,-0.5251530779927517,0.4023489388231981,-0.2192296649910203,-0.1809757993128989,0.1330877844751946,-0.673136533919824,26.98,9.49,51.93,12.1,21.2,11.5,0.9166666666666666,0.7777777777777777,4,5,3,4,5,3,1,5,3,0.316227766016838,1.1858541225631425,-0.5533985905294663,0.316227766016838,1.1858541225631425,-0.5533985905294663,0.316227766016838,1.1858541225631425,-0.5533985905294663,-2.292651303622075,-0.5533985905294663,0.8,0.85,0.1914854215512676,-1,15,0.7768363139794784,0.9,1.0,146.0,68.0,18.0,0.1232876712328767,0.2647058823529412,0.0918367346938775,1,1213.0,11207878.0,2.3392872407414287,1.0034243814301251,0.1493574794026556,0.4170379257451262,0.1167112101354898,-0.5287908915885268,True,False,False,False,True,False,False,False,True,True,False,True,False,False,False,False,False,False,True,False,True,Major,,True,False,patch
JxPath,10,JxPath-10,0.0,0.0,0.0192307692307692,0.0084033613445378,0.0,0.0,0.0,52.0,119.0,0.0,0.0,0.0,0.0,0.0,0.0,0.0,0.0,0.0,0.0,0.0,0.7236635206327302,1.0559677475519682,0.5850391106259778,-0.4374353937563838,-0.1064125837329401,1.3912395030003262,0.1845320580379615,-0.2020454871191189,-0.2073567129463963,-0.5251530779927517,2.999988350555444,-0.2192296649910203,0.3450983257567985,0.1330877844751946,2.2341169444752773,35.27,12.94,53.39,13.1,18.4,13.4,0.9375,0.8043478260869565,4,5,4,4,5,3,1,5,4,0.163299316185545,1.0614455552060438,0.163299316185545,0.163299316185545,1.0614455552060438,-0.7348469228349536,0.163299316185545,1.0614455552060438,-0.7348469228349536,-2.531139400875951,0.163299316185545,0.8,0.9,0.1154700538379251,0,20,0.999087032057654,0.9,1.0,99.0,106.0,13.0,0.1313131313131313,0.1226415094339622,0.0677083333333333,1,209.0,1192127.0,0.9450653663523544,1.429999919366694,0.1687333997343701,0.4170379257451262,0.3839872546778625,-0.9888737269108582,False,True,False,False,True,True,False,False,False,True,False,False,False,False,False,True,False,False,True,False,True,Major,,True,True,txt
Mockito,13,Mockito-13,0.0,0.0,0.0256410256410256,0.0056818181818181,0.0,0.0,0.0,39.0,176.0,0.0,0.0,0.0,0.0,0.0,0.0,0.0,0.0,0.0,0.0,0.0,-1.0231586669890729,-0.7576758641159647,-2.430552480033038,4.163331944642799,0.9303979192957068,-4.097795444638771,-1.8864930556945376,-0.2020454871191189,-0.2073567129463963,-0.5251530779927517,-0.4635308650875505,-0.2192296649910203,-0.3124943305803233,-0.7103907736787903,-0.673136533919824,42.150000000000034,14.66666666666667,40.83333333333333,11.10666666666667,13.810787401574808,13.81666964889586,0.9375,0.7333333333333335,0,0,0,0,1,0,4,0,0,-0.4714045207910317,-0.4714045207910317,-0.4714045207910317,-0.4714045207910317,2.1213203435596424,-0.4714045207910317,2.1213203435596424,-0.4714045207910317,-0.4714045207910317,-0.4714045207910317,-0.4714045207910317,0.0,0.05,0.1,0,0,0.5201672987207322,1.0,1.0,95.0,40.0,8.0,0.0842105263157894,0.2,0.0629921259842519,0,654.0,2540028.0,-0.9719897109326224,-0.9161655392844344,-0.6450552541976357,-0.6028194775205034,-0.9942554810346128,1.4462904983191245,True,True,False,False,True,False,False,False,True,True,False,False,False,False,True,False,False,False,True,False,False,Medium,,False,False,
JacksonDatabind,102,JacksonDatabind-102,0.1111111111111111,1.0,0.2,0.1428571428571428,0.5,9.0,1.0,5.0,7.0,2.0,0.0,1.0,0.0,0.0,0.0,0.0,1.0,1.0,0.0,1.0,0.2373820518749078,0.4514198769959905,1.028225848979161,-0.0923582844722388,-0.2730111944760022,0.4180102730977841,0.4146459595637947,-0.2020454871191189,-0.2073567129463963,-0.5251530779927517,-0.4635308650875505,-0.2192296649910203,-0.1809757993128989,0.5548270635521871,0.2959479588785432,-6.87,12.53,47.86,16.8,25.2,12.4,0.8958333333333334,0.6078431372549021,5,5,5,4,5,4,1,5,4,0.7808688094430304,0.7808688094430304,0.7808688094430304,-0.0780868809443029,0.7808688094430304,-0.0780868809443029,-0.0780868809443029,0.7808688094430304,-0.9370425713316364,-2.654953952106303,-0.0780868809443029,0.9,0.95,0.0999999999999999,1,25,0.94509184459216,0.1999999999999999,1.0,184.0,105.0,40.0,0.217391304347826,0.3809523809523809,0.1606425702811245,0,919.0,6375652.0,-0.7977119766339881,-0.70287777031615,-0.6450552541976357,-0.4935490414563288,-0.3924818566508072,-0.3155520158639839,False,False,False,False,True,True,False,False,False,True,False,False,False,False,False,True,False,False,True,False,True,,,False,False,
Collections,10,Collections-10,0.0,0.0,0.0,0.0,0.0,0.0,0.0,0.0,0.0,0.0,0.0,0.0,0.0,0.0,0.0,0.0,0.0,0.0,0.0,0.0,-0.0061232113411532,-0.7576758641159647,-0.1651589364433233,-0.4208444141367095,0.0619124374841446,0.2429931194237015,-0.5748438169972881,-0.2020454871191189,-0.2073567129463963,-0.5251530779927517,-0.4635308650875505,-0.2192296649910203,0.0820612632219498,-0.7103907736787903,1.2650324516769105,13.88,17.57,70.86,17.1,24.5,16.4,0.7916666666666666,0.515151515151515,2,2,0,1,1,2,3,3,1,0.7559289460184545,0.7559289460184545,-1.3228756555322954,-0.2834733547569203,-0.2834733547569203,0.7559289460184545,0.7559289460184545,1.7953312467938294,-1.3228756555322954,-1.3228756555322954,-0.2834733547569203,0.2,0.25,0.2516611478423583,-1,0,0.9209662484401592,0.6,1.0,218.0,85.0,14.0,0.0642201834862385,0.1647058823529411,0.0484429065743944,1,469.0,3741446.0,0.2479544291578174,0.5768488434935564,0.7451670296028742,0.5384495213719869,1.8695697673149847,0.570089064265948,False,False,False,False,True,True,False,False,False,True,False,False,False,False,True,False,False,False,True,False,False,Blocker,Map,True,False,patch
JxPath,4,JxPath-4,1.0,0.0,0.125,0.5,1.0,1.0,0.0,8.0,2.0,1.0,1.0,0.0,0.0,0.0,1.0,1.0,0.0,0.0,1.0,1.0,-0.3086821461754804,-0.1531279935599871,-0.8197355847214737,-0.0829763190505914,-0.7627101412056181,0.5816133032210478,-0.5748438169972881,-0.2020454871191189,-0.2073567129463963,-0.5251530779927517,-0.4635308650875505,-0.2192296649910203,-0.0494572680454745,-0.7103907736787903,0.2959479588785432,45.35,10.64,54.07,11.3,15.6,10.8,0.9166666666666666,0.8124999999999999,1,3,3,3,1,0,3,1,1,-0.4225771273642583,1.4367622330384784,1.4367622330384784,1.4367622330384784,-0.4225771273642583,-1.3522468075656269,0.50709255283711,-0.4225771273642583,-1.3522468075656269,-0.4225771273642583,-0.4225771273642583,0.0,0.3999999999999999,0.2309401076758502,0,3,0.9550918110326214,1.0,2.0,187.0,51.0,9.0,0.0481283422459893,0.1764705882352941,0.0393013100436681,0,204.0,1168967.0,0.4222321634564516,0.7901366124618407,0.4141617239360861,0.2895557503369225,1.316555236599201,0.2935879104623511,False,False,False,False,True,True,False,False,False,True,False,False,False,False,False,True,False,False,True,False,True,Major,,False,False,
Jsoup,3,Jsoup-3,1.0,0.5,0.3333333333333333,0.1666666666666666,0.3333333333333333,1.0,2.0,3.0,6.0,3.0,1.0,1.0,0.0,0.0,0.0,1.0,1.0,1.0,0.0,1.0,-0.609053907986909,-0.7576758641159647,-2.4305524800324028,-0.1976074944965182,-2.293019349735661,-0.0056348238487236,-0.989048839743788,-0.2020454871191189,-0.2073567129463963,-0.5251530779927517,-0.4635308650875505,-0.2192296649910203,-0.3124943305803233,-0.9212604132172866,-0.673136533919824,15.99,23.09,73.53,20.5,30.2,0.0,0.9375,0.8032786885245902,1,1,0,1,1,0,4,0,0,1.095445115010332,1.095445115010332,-0.9128709291752768,1.095445115010332,1.095445115010332,-0.9128709291752768,1.095445115010332,-0.9128709291752768,-0.9128709291752768,-0.9128709291752768,-0.9128709291752768,0.0,0.1,0.1154700538379251,-1,0,0.6911465034789506,1.0,3.0,451.0,38.0,12.0,0.0266075388026607,0.3157894736842105,0.0251572327044025,0,41.0,214523.0,-0.7977119766339881,-0.70287777031615,-0.6450552541976357,-0.6028194775205034,4.190255744425866,-0.1657597373301974,False,False,False,False,True,False,False,False,True,True,False,False,False,False,False,True,False,False,True,False,False,,,False,False,
Lang,4,Lang-4,0.5,0.5,0.5,0.0833333333333333,0.3333333333333333,2.0,2.0,2.0,12.0,3.0,0.0,1.0,0.0,0.0,0.0,1.0,1.0,1.0,0.0,1.0,1.217964623807848,0.7536938122739794,0.8832896203328682,-0.4373169723757754,-0.1064125837329401,0.7539384558346773,0.1845320580379615,-0.2020454871191189,-0.2073567129463963,-0.5251530779927517,-0.4635308650875505,-0.2192296649910203,-0.0494572680454745,1.6091752612446684,0.2959479588785432,45.86,11.38,50.23,11.1,17.0,12.8,0.9583333333333334,0.8500000000000001,5,5,4,4,5,3,1,5,4,0.9370425713316364,0.9370425713316364,0.0780868809443029,0.0780868809443029,0.9370425713316364,-0.7808688094430304,0.0780868809443029,0.9370425713316364,-0.7808688094430304,-2.498780190217697,0.0780868809443029,0.8,0.9,0.1154700538379251,0,20,0.9694418734903903,0.4,1.0,99.0,153.0,25.0,0.2525252525252525,0.1633986928104575,0.1101321585903083,0,236.0,4441726.0,1.99073177214416,2.7097265331764,0.1493574794026556,0.5323789415906438,-0.1496056278896835,-0.9376256814573178,False,False,False,False,True,True,False,False,False,True,False,False,False,False,False,True,False,False,True,False,True,Major,lang.text.translate.*,False,False,
Jsoup,49,Jsoup-49,1.0,0.0,1.0,1.0,0.3333333333333333,1.0,0.0,1.0,1.0,3.0,1.0,0.0,1.0,1.0,0.0,1.0,0.0,1.0,1.0,1.0,0.2731058779155874,-0.4554019288379759,0.3908401725028554,0.0905474131577786,-0.2730111944760022,1.199917279958962,-0.5748438169972881,-0.2020454871191189,-0.2073567129463963,-0.5251530779927517,2.999988350555444,-0.2192296649910203,-0.1809757993128989,-0.2886514946017978,-0.673136533919824,18.21,9.67,44.3,13.4,23.7,12.4,1.0,1.0,5,5,5,5,5,3,1,5,3,0.7817359599705715,0.7817359599705715,0.7817359599705715,0.7817359599705715,0.7817359599705715,-0.7817359599705715,0.0,0.7817359599705715,-0.7817359599705715,-2.345207879911715,-0.7817359599705715,0.8,1.0,0.0,0,25,0.7938103518652421,0.9,1.0,248.0,77.0,32.0,0.1290322580645161,0.4155844155844156,0.1092150170648464,0,83.0,812076.0,-0.7977119766339881,-0.70287777031615,-0.6450552541976357,-0.4328432436428984,-0.2299103975095821,-0.7808148517486888,False,True,False,False,True,False,False,False,True,True,False,False,False,False,False,True,False,False,True,False,True,,,False,False,
Jsoup,75,Jsoup-75,0.1,1.0,0.0416666666666666,0.1111111111111111,0.3333333333333333,10.0,1.0,24.0,9.0,3.0,0.0,1.0,0.0,0.0,0.0,0.0,1.0,0.0,0.0,1.0,0.2147812639716206,0.7536938122739794,1.1750310507331916,-0.8978439327690445,0.5775185551070113,-0.539282256477939,-0.5748438169972881,-0.2020454871191189,-0.2073567129463963,-0.5251530779927517,0.4023489388231981,-0.2192296649910203,-0.0494572680454745,-0.4995211341402941,-0.673136533919824,41.66,10.13,45.87,10.6,18.5,11.5,0.8958333333333334,0.5555555555555559,5,5,5,5,5,4,1,5,4,0.6862435664967211,0.6862435664967211,0.6862435664967211,0.6862435664967211,0.6862435664967211,-0.1524985703326045,-0.1524985703326045,0.6862435664967211,-0.99124070716193,-2.6687249808205813,-0.1524985703326045,0.9,1.0,0.0,0,25,0.988758292370457,0.7,1.0,188.0,93.0,27.0,0.1436170212765957,0.2903225806451613,0.1062992125984252,0,111.0,1060872.0,-0.7977119766339881,-0.70287777031615,-0.6450552541976357,-0.4996196212376718,0.2765344885143468,-0.3636022662507959,False,True,False,False,True,False,False,False,True,True,False,False,False,False,False,True,False,False,True,False,True,,,False,False,
Jsoup,61,Jsoup-61,0.1428571428571428,1.0,0.1,0.2,0.125,7.0,1.0,10.0,5.0,8.0,0.0,1.0,0.0,0.0,0.0,0.0,1.0,0.0,1.0,0.0,1.1457879140521892,-0.4554019288379759,0.9326124074976748,-0.1130753569902177,0.7530246939098532,-0.0431242915822797,-0.5748438169972881,-0.2020454871191189,-0.2073567129463963,3.1290370897068125,1.2682287427339467,-0.2192296649910203,0.0820612632219498,0.9765663426291796,0.2959479588785432,42.17,8.3,49.35,10.4,24.5,11.7,0.9166666666666666,0.8124999999999999,5,5,5,5,1,4,1,4,3,0.9233805168766386,0.9233805168766386,0.9233805168766386,0.9233805168766386,-1.3337718577107005,0.3590924232298038,0.3590924232298038,0.3590924232298038,-1.8980599513575351,-1.3337718577107005,-0.2051956704170308,0.4,0.75,0.3785938897200182,0,5,0.853605011854546,0.8,1.0,382.0,81.0,30.0,0.0785340314136125,0.3703703703703703,0.069284064665127,0,87.0,895460.0,-0.7977119766339881,-0.70287777031615,-0.6450552541976357,-0.2325141108585783,0.0198577037257887,-1.8904575805921675,True,True,False,False,True,True,False,False,False,True,False,False,False,False,False,True,False,False,True,False,True,,,False,False,
Compress,14,Compress-14,0.2,0.5,0.0434782608695652,0.2,0.2,5.0,2.0,23.0,5.0,5.0,0.0,0.0,0.0,0.0,0.0,1.0,1.0,0.0,1.0,1.0,1.8923429725349628,-0.7576758641159647,0.8059821686701375,0.3615306798870304,-0.7627101412056181,0.0887364044784209,-1.1731399609644546,6.376018021265957,0.3855982709927849,1.910973700473624,-0.4635308650875505,-0.2192296649910203,0.4766168570242229,-0.2886514946017978,-0.673136533919824,-94.55,8.12,47.31,27.7,51.6,9.8,0.7083333333333334,0.4053097345132743,5,5,4,4,3,4,2,4,3,1.164964745021435,1.164964745021435,0.4905114715879725,0.4905114715879725,-0.1839418018454899,0.4905114715879725,-0.1839418018454899,0.4905114715879725,-2.207301622145877,-1.5328483487124147,-0.1839418018454899,0.4,0.75,0.1,0,12,0.9043776562882542,0.7,1.0,193.0,130.0,32.0,0.1658031088082901,0.2461538461538461,0.1099656357388316,1,159.0,1227105.0,2.3392872407414287,3.136302071112969,0.1249140106764929,0.756990393500336,-1.0818810228733815,-1.6683497717934546,True,False,False,False,True,False,False,False,True,True,False,False,False,False,False,True,False,False,True,False,True,Major,Archivers,False,False,tar
Compress,28,Compress-28,0.3333333333333333,1.0,0.1666666666666666,1.0,0.25,3.0,1.0,6.0,1.0,4.0,0.0,1.0,0.0,1.0,0.0,1.0,1.0,0.0,1.0,1.0,0.4240208164956012,-0.1531279935599871,1.1508953369205814,-0.5947080896081332,0.2319908443389094,-1.0466855958130994,-1.1731399609644546,-0.2020454871191189,-0.2073567129463963,0.6929103112404362,-0.4635308650875505,-0.2192296649910203,0.4766168570242229,-0.7103907736787903,-0.673136533919824,21.06,9.59,55.47,12.3,27.2,11.0,0.8958333333333334,0.7761194029850748,4,5,4,3,1,3,2,4,3,0.8062257748298548,1.4884168150705013,0.8062257748298548,0.1240347345892083,-1.2403473458920846,0.1240347345892083,0.1240347345892083,0.8062257748298548,-1.9225383861327312,-1.2403473458920846,0.1240347345892083,0.3,0.6,0.282842712474619,1,4,0.8187967746113171,0.6,1.0,320.0,92.0,26.0,0.08125,0.2826086956521739,0.0673575129533678,4,224.0,1790499.0,0.7707876320537201,1.2167121503984095,0.4312458687446945,0.5020260426839287,-0.4229011827185601,-0.1755551814704279,True,True,False,False,True,False,False,False,True,True,False,True,False,False,False,False,False,False,True,False,True,Major,Archivers,True,False,"bz2,patch,tar"
Closure,89,Closure-89,0.125,0.0,0.0070422535211267,0.0227272727272727,0.0196078431372549,8.0,0.0,142.0,44.0,51.0,0.0,0.0,0.0,0.0,0.0,0.0,0.0,0.0,0.0,0.0,-1.0231586669890729,-0.1531279935599871,1.0932291116385142,-1.0614264874806745,0.2319908443389094,0.0990393730851868,1.5882268573455445,-0.2020454871191189,-0.2073567129463963,-0.5251530779927517,0.4023489388231981,-0.2192296649910203,-0.0494572680454745,0.7656967030906834,2.2341169444752773,16.59,8.71,52.08,14.0,31.7,12.8,0.6666666666666666,0.2179226069246437,5,5,5,5,4,4,1,5,4,0.7817359599705715,0.7817359599705715,0.7817359599705715,0.7817359599705715,0.0,0.0,0.0,0.7817359599705715,-1.563471919941143,-2.345207879911715,0.0,0.7333333333333334,0.95,0.0999999999999999,0,20,0.974478667740002,0.1999999999999999,2.0,569.0,127.0,48.0,0.0843585237258348,0.3779527559055118,0.074074074074074,0,545.0,6996709.0,-0.7977119766339881,-0.70287777031615,-0.6450552541976357,-0.6028194775205034,-0.9942554810346128,1.4462904983191245,False,False,False,False,True,True,False,False,False,True,False,False,False,False,True,False,False,False,True,False,True,Medium,,False,False,
Closure,62,Closure-62,0.0,1.0,0.0285714285714285,0.0031847133757961,0.0044444444444444,0.0,1.0,35.0,314.0,225.0,0.0,1.0,0.0,0.0,0.0,0.0,1.0,0.0,0.0,0.0,-1.0231586669890729,1.0559677475519682,0.595884525834885,0.151764778089295,-0.7627101412056181,-0.7440770986341714,1.5882268573455445,-0.2020454871191189,-0.2073567129463963,-0.5251530779927517,1.2682287427339467,3.1090752489635607,-0.3124943305803233,1.398305621706172,0.2959479588785432,17.2,7.47,38.74,13.8,32.5,10.7,0.8958333333333334,0.7872340425531916,3,4,5,5,1,3,2,3,1,0.2257330591932402,0.8464989719746506,1.467264884756061,1.467264884756061,-1.0157987663695809,0.2257330591932402,0.2257330591932402,0.2257330591932402,-1.636564679150991,-1.0157987663695809,-1.0157987663695809,0.3,0.7000000000000001,0.3829708431025352,0,5,0.6547055810130751,0.9,1.0,112.0,78.0,7.0,0.0625,0.0897435897435897,0.0382513661202185,0,918.0,11933137.0,-0.7977119766339881,-0.70287777031615,-0.6450552541976357,-0.6028194775205034,-0.9942554810346128,1.4462904983191245,True,False,False,False,True,True,False,False,False,True,False,False,False,False,True,False,False,False,True,False,True,Medium,,False,False,
Math,39,Math-39,0.1,1.0,0.3333333333333333,0.0909090909090909,1.0,10.0,1.0,3.0,11.0,1.0,0.0,1.0,0.0,0.0,1.0,0.0,1.0,1.0,0.0,1.0,-0.0374726913360353,0.1491459417180017,0.5210882021699172,-0.6984644151805328,0.5775185551070113,0.6454202452421284,-0.3447299154714549,-0.2020454871191189,-0.2073567129463963,-0.5251530779927517,1.2682287427339467,-0.2192296649910203,-0.0494572680454745,-0.4995211341402941,-0.673136533919824,51.07,12.01,54.37,11.1,15.7,13.0,0.8125,0.6043956043956045,4,5,2,2,3,2,3,2,3,1.179535649239177,1.9904664080911112,-0.4423258684646913,-0.4423258684646913,0.3686048903872428,-0.4423258684646913,-0.4423258684646913,-0.4423258684646913,0.3686048903872428,-2.06418738616856,0.3686048903872428,0.7,0.4499999999999999,0.0999999999999999,0,6,0.9634235085551264,0.6,1.0,233.0,72.0,15.0,0.0643776824034334,0.2083333333333333,0.0517241379310344,0,974.0,8378320.0,1.99073177214416,0.7901366124618407,1.2085744575363777,0.3624027077130389,2.141139402934344,-0.3844056313607955,False,False,False,False,True,False,False,False,True,True,False,False,False,False,False,True,False,False,True,False,False,Major,,False,False,
Lang,59,Lang-59,0.5,1.0,1.0,1.0,1.0,2.0,1.0,1.0,1.0,1.0,0.0,1.0,1.0,1.0,1.0,1.0,1.0,1.0,1.0,1.0,0.3999619132437149,0.1491459417180017,0.3554166170639224,-0.1771132055804139,1.1096681845252594,0.6733452769930404,0.1845320580379615,-0.2020454871191189,-0.2073567129463963,0.6929103112404362,-0.4635308650875505,-0.2192296649910203,-0.0494572680454745,-0.4995211341402941,0.2959479588785432,48.3,10.3,46.61,10.1,20.6,11.2,0.9583333333333334,0.8740157480314962,5,5,3,3,5,3,1,5,4,1.0493443645942062,1.0493443645942062,-0.599625351196689,-0.599625351196689,1.0493443645942062,-0.599625351196689,0.2248595066987586,1.0493443645942062,-0.599625351196689,-2.2485950669875843,0.2248595066987586,0.8,0.8,0.2309401076758503,0,15,0.8499669295206326,0.6,1.0,443.0,76.0,30.0,0.0677200902934537,0.3947368421052631,0.0613496932515337,1,221.0,3397102.0,1.2936208349496228,1.856575457303263,0.1821844518654777,0.4838143033398995,0.770947150491217,-0.6926029707686628,True,True,False,False,True,True,False,False,False,True,False,False,False,False,False,True,False,False,True,False,True,Major,,True,False,patch
Closure,131,Closure-131,0.0,0.0,0.0294117647058823,0.0089285714285714,0.0256410256410256,0.0,0.0,34.0,112.0,39.0,0.0,0.0,0.0,0.0,0.0,0.0,0.0,0.0,0.0,0.0,-1.0231586669890729,-0.1531279935599871,0.4199794426332777,0.096697754632821,0.4038501769199036,-0.4778336967645315,1.5882268573455445,-0.2020454871191189,-0.2073567129463963,-0.5251530779927517,-0.4635308650875505,-0.2192296649910203,-0.3124943305803233,0.3439574240136908,0.2959479588785432,-1.56,10.63,50.67,16.9,36.6,13.0,0.8333333333333334,0.6660869565217392,2,4,5,4,1,2,2,2,1,-0.1839418018454899,1.164964745021435,1.8394180184548976,1.164964745021435,-0.8583950752789523,-0.1839418018454899,0.4905114715879725,-0.1839418018454899,-1.5328483487124147,-0.8583950752789523,-0.8583950752789523,0.2,0.6,0.3651483716701107,1,5,0.8824554863801725,0.6,1.0,118.0,123.0,20.0,0.1694915254237288,0.1626016260162601,0.090497737556561,0,933.0,12418685.0,-0.7977119766339881,-0.70287777031615,-0.6450552541976357,-0.6028194775205034,-0.9942554810346128,1.4462904983191245,False,False,False,False,True,True,False,False,False,True,False,False,False,False,True,False,False,False,True,False,True,Medium,,False,False,
Closure,125,Closure-125,0.125,1.0,0.0833333333333333,0.0666666666666666,0.25,8.0,1.0,12.0,15.0,4.0,0.0,1.0,0.0,0.0,0.0,0.0,1.0,0.0,0.0,1.0,-1.0231586669890729,-0.1531279935599871,0.4505784812218782,-0.2744799136005147,-0.4379098193951574,-0.8575271699652411,1.5882268573455445,-0.2020454871191189,-0.2073567129463963,1.910973700473624,-0.4635308650875505,-0.2192296649910203,-0.3124943305803233,1.398305621706172,0.2959479588785432,-180.88,10.5,61.37,40.2,89.5,12.3,0.875,0.7114228456913828,5,5,5,5,1,4,1,5,4,0.7960297521679913,0.7960297521679913,0.7960297521679913,0.7960297521679913,-1.3930520662939847,0.2487592975524973,0.2487592975524973,0.7960297521679913,-1.9403225209094788,-1.3930520662939847,0.2487592975524973,0.4,0.8,0.4,0,5,0.7933459878776671,0.7,1.0,720.0,147.0,67.0,0.0930555555555555,0.4557823129251701,0.08375,0,947.0,12635536.0,-0.7977119766339881,-0.70287777031615,-0.6450552541976357,-0.6028194775205034,-0.9942554810346128,1.4462904983191245,True,False,False,False,True,True,False,False,False,True,False,False,False,False,True,False,False,False,True,False,True,Medium,,False,False,
Closure,76,Closure-76,0.0,1.0,0.2,0.0285714285714285,0.0285714285714285,0.0,1.0,5.0,35.0,35.0,0.0,1.0,0.0,0.0,0.0,0.0,1.0,1.0,0.0,0.0,-1.0231586669890729,-0.1531279935599871,0.7427370735814279,-0.3243306284499976,-0.6011343465993985,-0.7533283102698843,1.5882268573455445,-0.2020454871191189,-0.2073567129463963,-0.5251530779927517,1.2682287427339467,-0.2192296649910203,-0.1809757993128989,0.9765663426291796,1.2650324516769105,-6.47,9.16,45.53,16.7,43.6,11.7,0.8958333333333334,0.6491228070175439,5,5,5,5,5,5,0,5,3,0.5656854249492381,0.5656854249492381,0.5656854249492381,0.5656854249492381,0.5656854249492381,0.5656854249492381,0.5656854249492381,0.5656854249492381,-0.9899494936611662,-2.5455844122715705,-0.9899494936611662,1.0,1.0,0.0,0,25,0.8801977635817958,0.0,1.0,240.0,88.0,26.0,0.1083333333333333,0.2954545454545454,0.086092715231788,0,565.0,7469241.0,-0.7977119766339881,-0.70287777031615,-0.6450552541976357,-0.6028194775205034,-0.9942554810346128,1.4462904983191245,False,False,False,False,True,True,False,False,False,True,False,False,False,False,True,False,False,False,True,False,True,Medium,,False,False,
Lang,65,Lang-65,0.5,1.0,1.0,0.5,0.5,2.0,1.0,1.0,2.0,2.0,0.0,1.0,1.0,0.0,0.0,1.0,1.0,1.0,1.0,1.0,0.1498951309589577,0.1491459417180017,-0.308255435094899,-0.2756026636458822,-1.39301571620413,-0.0608855478911617,-1.5873449837109543,-0.2020454871191189,-0.2073567129463963,-0.5251530779927517,-0.4635308650875505,-0.2192296649910203,-0.0494572680454745,-0.2886514946017978,-0.673136533919824,37.5,11.5,58.1,12.2,20.4,11.9,0.9166666666666666,0.8235294117647058,5,5,4,4,1,3,1,5,3,1.072112534837795,1.072112534837795,0.4824506406770077,0.4824506406770077,-1.2865350418053536,-0.1072112534837793,0.4824506406770077,1.072112534837795,-1.8761969359661408,-1.2865350418053536,-0.1072112534837793,0.3,0.7,0.3464101615137754,0,4,0.7607198360794408,0.9,1.0,317.0,73.0,16.0,0.0504731861198738,0.2191780821917808,0.0427807486631016,1,218.0,3271766.0,1.6421763035468917,0.5768488434935564,0.022251442026609,0.6477199574361615,1.4683873510591148,-0.0493909305105014,False,True,False,False,True,False,False,False,True,True,False,False,False,False,False,True,False,False,True,False,True,Major,,False,False,txt
Closure,119,Closure-119,0.0,0.0,0.0138888888888888,0.0026385224274406,0.003875968992248,0.0,0.0,72.0,379.0,258.0,0.0,0.0,0.0,0.0,0.0,0.0,0.0,0.0,0.0,0.0,-1.0231586669890729,1.0559677475519682,0.8298946799466238,0.3045599020592007,-0.7627101412056181,-0.9926148207726194,1.5882268573455445,-0.2020454871191189,0.0891207790231942,-0.5251530779927517,-0.4635308650875505,3.1090752489635607,-0.1809757993128989,0.1330877844751946,0.2959479588785432,19.03,8.1,46.9,13.1,30.0,10.9,0.7708333333333334,0.5037593984962407,5,5,5,5,1,5,0,5,3,0.7102705857155676,0.7102705857155676,0.7102705857155676,0.7102705857155676,-1.3731897990500972,0.7102705857155676,0.7102705857155676,0.7102705857155676,-1.8940548952415133,-1.3731897990500972,-0.3314596066672647,0.5,0.8,0.4,0,5,0.5951404088996557,0.5,1.0,418.0,149.0,28.0,0.0669856459330143,0.1879194630872483,0.0519480519480519,0,958.0,12782039.0,-0.7977119766339881,-0.70287777031615,-0.6450552541976357,-0.6028194775205034,-0.9942554810346128,1.4462904983191245,True,False,False,False,True,True,False,False,False,True,False,False,False,False,True,False,False,False,True,False,True,Low,,False,False,
Math,11,Math-11,1.0,1.0,0.5,0.5,0.5,1.0,1.0,2.0,2.0,2.0,1.0,1.0,0.0,0.0,0.0,1.0,1.0,1.0,1.0,1.0,-0.1716193034071587,-0.4554019288379759,-1.3278537710142768,0.1881423121487309,0.5775185551070113,-0.2861966344124091,-0.5748438169972881,-0.2020454871191189,-0.2073567129463963,-0.5251530779927517,-0.4635308650875505,-0.2192296649910203,0.2135797944893742,-0.7103907736787903,-0.673136533919824,-0.95,13.41,63.63,16.6,28.1,12.7,1.0,1.0,0,0,0,0,0,0,0,0,0,-0.3162277660168379,-0.3162277660168379,-0.3162277660168379,-0.3162277660168379,-0.3162277660168379,-0.3162277660168379,3.16227766016838,-0.3162277660168379,-0.3162277660168379,-0.3162277660168379,-0.3162277660168379,0.0,0.0,0.0,0,0,0.976804306196477,1.0,1.0,165.0,57.0,8.0,0.0484848484848484,0.1403508771929824,0.0373831775700934,1,1196.0,10778813.0,1.4678985692482571,0.4702049590094141,0.2178413357475083,0.3684732874943819,-0.0017919035893211,0.0253596205045158,False,False,False,False,True,False,False,False,True,True,False,False,False,False,False,True,False,False,True,False,False,Critical,,True,False,patch
JacksonDatabind,21,JacksonDatabind-21,0.0,0.0,0.0121951219512195,0.0029498525073746,0.0056497175141242,0.0,0.0,82.0,339.0,177.0,0.0,0.0,0.0,0.0,0.0,0.0,0.0,0.0,0.0,0.0,0.1221909393355735,-0.1531279935599871,-0.0690774062207511,0.0993342075006321,-0.9226620584791106,-0.2926944289088811,0.4146459595637947,-0.2020454871191189,-0.2073567129463963,0.6929103112404362,-0.4635308650875505,-0.2192296649910203,-0.3124943305803233,-0.4995211341402941,-0.673136533919824,-4.1,13.61,56.82,17.8,28.2,15.2,0.8333333333333334,0.6129032258064517,1,4,1,0,1,4,2,1,2,-0.3794733192202055,1.707629936490925,-0.3794733192202055,-1.075174404457249,-0.3794733192202055,1.707629936490925,1.0119288512538815,-0.3794733192202055,-1.075174404457249,-1.075174404457249,0.316227766016838,0.4,0.15,0.1,1,1,0.9622757790566304,0.8,1.0,302.0,63.0,21.0,0.0695364238410596,0.3333333333333333,0.0610465116279069,0,706.0,4859086.0,-0.7977119766339881,-0.70287777031615,-0.6450552541976357,-0.359996286266782,0.7563586989910036,-0.683330058387342,True,True,False,False,True,False,False,False,True,True,False,False,False,False,True,False,False,False,True,False,False,,,False,False,
JacksonDatabind,35,JacksonDatabind-35,0.0,0.2,0.3333333333333333,0.0238095238095238,0.05,0.0,5.0,3.0,42.0,20.0,0.0,0.0,0.0,0.0,0.0,0.0,1.0,1.0,0.0,0.0,-0.5193798140480602,-0.7576758641159647,-2.4305524800327345,-0.0293974035367341,0.5775185551070113,0.2490710403298368,-0.989048839743788,-0.2020454871191189,-0.2073567129463963,-0.5251530779927517,-0.4635308650875505,-0.2192296649910203,0.0820612632219498,-0.7103907736787903,-0.673136533919824,20.79,14.35,56.36,14.5,23.3,14.8,0.8958333333333334,0.6428571428571429,0,0,1,0,1,0,4,0,0,-0.6123724356957945,-0.6123724356957945,1.632993161855452,-0.6123724356957945,1.632993161855452,-0.6123724356957945,1.632993161855452,-0.6123724356957945,-0.6123724356957945,-0.6123724356957945,-0.6123724356957945,0.0,0.1,0.1154700538379251,1,1,0.6015551623380972,1.0,1.0,110.0,46.0,8.0,0.0727272727272727,0.1739130434782608,0.054054054054054,0,690.0,4718255.0,-0.7977119766339881,-0.70287777031615,-0.6450552541976357,-0.5967488977391603,-0.1189483910218047,-0.3247714952683962,False,False,False,False,True,False,False,False,True,True,False,False,False,False,False,True,False,False,True,False,False,,,False,False,
Chart,11,Chart-11,0.5,1.0,1.0,1.0,0.0,2.0,1.0,1.0,1.0,0.0,0.0,1.0,1.0,1.0,0.0,1.0,1.0,1.0,1.0,0.0,-0.8715146707347592,-0.4554019288379759,-1.2921363919159363,1.920890622292075,-0.6011343465993985,1.742483042331232,0.1845320580379615,-0.2020454871191189,-0.2073567129463963,-0.5251530779927517,-0.4635308650875505,-0.2192296649910203,-0.1809757993128989,-0.7103907736787903,-0.673136533919824,19.87,12.71,54.64,14.8,20.0,0.0,0.8333333333333334,0.6000000000000001,4,5,3,3,4,3,2,4,3,0.7559289460184543,1.7953312467938292,-0.2834733547569206,-0.2834733547569206,0.7559289460184543,-0.2834733547569206,-0.2834733547569206,0.7559289460184543,-0.2834733547569206,-2.3622779563076706,-0.2834733547569206,0.8,0.7,0.1154700538379251,0,12,0.7981115208572617,0.4,,,,,,,,0,,,0.4222321634564516,-0.6495558280740789,5.020756317517649,-0.6028194775205034,1.079549009149579,0.0950130949071931,False,False,False,False,True,False,False,False,True,True,False,False,False,False,False,True,False,False,True,False,True,,,False,False,
JacksonDatabind,34,JacksonDatabind-34,0.0,1.0,0.3333333333333333,0.0089285714285714,0.0714285714285714,0.0,1.0,3.0,112.0,14.0,0.0,1.0,0.0,0.0,0.0,0.0,1.0,1.0,0.0,0.0,-0.4749072959157855,-0.4554019288379759,-2.430552480033038,4.163331944642799,-0.1064125837329401,-0.0908879056346851,-0.989048839743788,-0.2020454871191189,-0.2073567129463963,-0.5251530779927517,-0.4635308650875505,-0.2192296649910203,-0.0494572680454745,-0.7103907736787903,-0.673136533919824,5.83,18.77,65.39,18.2,25.6,18.2,0.8125,0.5955056179775281,1,2,2,2,3,1,4,0,2,-0.4125684985035172,0.7219948723811555,0.7219948723811555,0.7219948723811555,1.8565582432658283,-0.4125684985035172,-0.4125684985035172,-1.54713186938819,-0.4125684985035172,-1.54713186938819,0.7219948723811555,0.2666666666666666,0.35,0.2516611478423583,0,6,0.614673304649366,0.7,1.0,76.0,53.0,9.0,0.1184210526315789,0.1698113207547169,0.075,0,731.0,5147296.0,-0.7977119766339881,-0.70287777031615,-0.6450552541976357,-0.5967488977391603,1.05486086045691,-0.0699943767965746,True,False,False,False,True,False,False,False,True,True,False,False,False,False,False,True,False,False,True,False,False,,,False,False,
JacksonDatabind,20,JacksonDatabind-20,0.0,0.0,0.1111111111111111,0.1111111111111111,0.0833333333333333,0.0,0.0,9.0,9.0,12.0,0.0,0.0,0.0,0.0,0.0,0.0,0.0,0.0,0.0,0.0,-0.1125656317888924,-0.4554019288379759,0.1259204457928106,-0.2080774225564443,-1.6988993040710567,-1.08739677808377,0.4146459595637947,-0.2020454871191189,-0.2073567129463963,-0.5251530779927517,-0.4635308650875505,-0.2192296649910203,-0.3124943305803233,-0.2886514946017978,-0.673136533919824,-17.57,15.26,53.64,18.9,29.9,14.7,0.875,0.7446808510638298,4,5,3,4,1,3,1,4,3,0.7249465119962123,1.389480814659407,0.0604122093330176,0.7249465119962123,-1.2686563959933717,0.0604122093330176,0.7249465119962123,0.7249465119962123,-1.9331906986565663,-1.2686563959933717,0.0604122093330176,0.3,0.6,0.282842712474619,-1,3,0.8644575888074341,0.6,1.0,198.0,60.0,15.0,0.0757575757575757,0.25,0.0617283950617283,0,689.0,4711481.0,-0.7977119766339881,-0.70287777031615,-0.6450552541976357,-0.4996196212376718,0.2311744449833187,0.005412263498158,True,True,False,False,True,False,False,False,True,True,False,False,False,False,False,True,False,False,True,False,True,,,False,False,
Chart,5,Chart-5,0.2,1.0,1.0,1.0,1.0,5.0,1.0,1.0,1.0,1.0,0.0,1.0,1.0,1.0,1.0,1.0,1.0,1.0,1.0,1.0,-0.0520538448220269,2.869611359219901,0.7566506284646989,-0.1585810706206226,0.2319908443389094,1.3512710767541498,0.1845320580379615,-0.2020454871191189,-0.2073567129463963,-0.5251530779927517,-0.4635308650875505,-0.2192296649910203,-0.0494572680454745,-0.4995211341402941,1.2650324516769105,52.36,8.0,33.14,8.6,19.6,11.1,0.875,0.6220472440944882,5,5,3,4,5,4,2,5,3,1.0493443645942062,1.0493443645942062,-0.599625351196689,0.2248595066987586,1.0493443645942062,0.2248595066987586,-0.599625351196689,1.0493443645942062,-0.599625351196689,-2.2485950669875843,-0.599625351196689,0.9,0.85,0.1914854215512676,-1,15,0.6966221675623843,0.1999999999999999,,,,,,,,0,,,0.4222321634564516,-0.169658347895439,0.918944815077938,-0.4085609245175263,-0.6258323390055531,-0.9868507452076564,False,False,True,False,True,True,False,False,False,True,False,False,False,False,False,True,False,False,True,False,True,,,False,False,
Closure,118,Closure-118,0.0,0.5,0.0062893081761006,0.0769230769230769,0.0277777777777777,0.0,2.0,159.0,13.0,36.0,0.0,0.0,0.0,0.0,0.0,0.0,1.0,0.0,0.0,0.0,-1.0231586669890729,1.3582416828299568,0.4978435081071266,-0.455288903909495,-1.39301571620413,-1.057158290598968,1.5882268573455445,-0.2020454871191189,-0.2073567129463963,-0.5251530779927517,-0.4635308650875505,-0.2192296649910203,-0.3124943305803233,-0.9212604132172866,-0.673136533919824,-30.73,10.33,49.6,19.8,45.9,12.5,0.6875,0.3525179856115107,5,5,4,5,1,4,1,4,3,1.0098386065601943,1.0098386065601943,0.425195202762187,1.0098386065601943,-1.3287350086318348,0.425195202762187,0.425195202762187,0.425195202762187,-1.913378412429842,-1.3287350086318348,-0.1594482010358202,0.4,0.7,0.3464101615137754,-1,4,0.5521705514230348,0.1999999999999999,1.0,437.0,200.0,56.0,0.1281464530892448,0.28,0.0963855421686747,0,958.0,12782453.0,-0.7977119766339881,-0.70287777031615,-0.6450552541976357,-0.6028194775205034,-0.9942554810346128,1.4462904983191245,False,False,False,False,True,False,False,False,True,True,False,False,False,False,True,False,False,False,True,False,True,Medium,,False,False,
Math,10,Math-10,0.0,1.0,1.0,0.037037037037037,0.2,0.0,1.0,1.0,27.0,5.0,0.0,1.0,1.0,0.0,0.0,0.0,1.0,1.0,0.0,1.0,-0.2766036085062988,-0.7576758641159647,-0.1899966839011932,-0.973387220578364,-0.1064125837329401,0.4921786031133568,-0.3447299154714549,-0.2020454871191189,-0.2073567129463963,-0.5251530779927517,-0.4635308650875505,-0.2192296649910203,-0.0494572680454745,-0.4995211341402941,0.2959479588785432,56.55,9.97,49.53,9.0,14.6,10.9,0.8125,0.6375838926174496,4,5,3,3,1,2,2,3,3,1.059625885652035,1.7881186820378092,0.331133089266261,0.331133089266261,-1.125852503505287,-0.3973597071195131,0.331133089266261,0.331133089266261,-1.8543452998910612,-1.125852503505287,0.331133089266261,0.2,0.5,0.1999999999999999,0,3,0.9386372267684462,0.6,1.0,417.0,53.0,17.0,0.0407673860911271,0.320754716981132,0.0375275938189845,0,1199.0,10867224.0,1.2936208349496228,0.363561074525272,0.8215528693721331,0.3441909683690098,0.3203884368500087,0.2103853176546444,False,False,False,False,True,True,False,False,False,True,False,False,False,False,False,True,False,False,True,False,True,Minor,,False,False,
Lang,64,Lang-64,1.0,1.0,1.0,0.3333333333333333,1.0,1.0,1.0,1.0,3.0,1.0,1.0,1.0,1.0,0.0,1.0,1.0,1.0,1.0,1.0,1.0,-0.1016297666743986,-0.4554019288379759,-1.4254759358545055,0.9398213946977252,-1.237791208928377,0.7720575509323478,-0.5748438169972881,-0.2020454871191189,-0.2073567129463963,-0.5251530779927517,-0.4635308650875505,-0.2192296649910203,0.0820612632219498,-0.9212604132172866,-0.673136533919824,35.07,13.59,54.49,13.1,17.9,13.8,0.625,0.2894736842105263,4,5,1,3,2,2,3,3,2,1.2403473458920846,1.9225383861327312,-0.8062257748298548,0.5581563056514381,-0.1240347345892083,-0.1240347345892083,-0.1240347345892083,0.5581563056514381,-1.4884168150705013,-1.4884168150705013,-0.1240347345892083,0.2,0.45,0.1914854215512676,-2,2,0.944772134291872,0.6,1.0,148.0,68.0,14.0,0.0945945945945946,0.2058823529411764,0.0693069306930693,0,220.0,3303728.0,1.2936208349496228,-0.1341103864007248,0.4312458687446945,0.5080966224652717,0.4722205513099228,0.2986940127341423,False,False,False,False,True,False,False,False,True,True,False,False,False,False,False,True,False,False,True,False,False,Major,,False,False,
Closure,124,Closure-124,0.0,1.0,0.0098039215686274,0.0014164305949008,0.0038167938931297,0.0,1.0,102.0,706.0,262.0,0.0,1.0,0.0,0.0,0.0,0.0,1.0,0.0,0.0,0.0,-1.0231586669890729,0.4514198769959905,0.7507769403349398,-0.3056063516458711,-0.2730111944760022,1.0536671303063558,1.5882268573455445,-0.2020454871191189,-0.2073567129463963,-0.5251530779927517,-0.4635308650875505,-0.2192296649910203,-0.0494572680454745,1.187435982167676,-0.673136533919824,3.73,7.94,42.73,14.8,33.3,10.5,0.8958333333333334,0.7923875432525952,2,4,5,5,1,2,1,2,1,-0.2719641466102105,0.924678098474716,1.5229992210171792,1.5229992210171792,-0.8702852691526738,-0.2719641466102105,0.924678098474716,-0.2719641466102105,-1.468606391695137,-0.8702852691526738,-0.8702852691526738,0.2,0.65,0.412310562561766,0,5,0.7797158089752226,0.6,1.0,182.0,93.0,20.0,0.1098901098901098,0.2150537634408602,0.0784313725490196,0,950.0,12707975.0,-0.7977119766339881,-0.70287777031615,-0.6450552541976357,-0.6028194775205034,-0.9942554810346128,1.4462904983191245,False,False,False,False,True,False,False,False,True,True,False,False,False,False,True,False,False,False,True,False,True,Medium,,False,False,
Mockito,1,Mockito-1,0.0,0.0,0.0555555555555555,0.0151515151515151,0.0,0.0,0.0,18.0,66.0,0.0,0.0,0.0,0.0,0.0,0.0,0.0,0.0,0.0,0.0,0.0,-0.6455067917018882,-0.7576758641159647,-2.430552480033038,4.163331944642799,1.1096681845252594,-0.3339082356598922,-0.989048839743788,-0.2020454871191189,-0.2073567129463963,-0.5251530779927517,-0.4635308650875505,-0.2192296649910203,-0.3124943305803233,-0.9212604132172866,-0.673136533919824,-51.88,22.55,74.99,25.8,45.1,0.0,0.9583333333333334,0.8102766798418974,0,0,0,0,1,0,4,0,0,-0.4714045207910317,-0.4714045207910317,-0.4714045207910317,-0.4714045207910317,2.1213203435596424,-0.4714045207910317,2.1213203435596424,-0.4714045207910317,-0.4714045207910317,-0.4714045207910317,-0.4714045207910317,0.0,0.05,0.1,0,0,0.5201672987207322,1.0,1.0,107.0,37.0,4.0,0.0373831775700934,0.1081081081081081,0.0285714285714285,0,931.0,3285213.0,-0.7977119766339881,-0.70287777031615,-0.6450552541976357,-0.6028194775205034,3.079289053255764,0.7768051545521928,False,False,False,False,True,False,False,False,True,True,True,False,False,False,False,False,False,False,True,False,False,,,False,False,
Closure,77,Closure-77,0.1428571428571428,1.0,1.0,0.0344827586206896,0.0526315789473684,7.0,1.0,1.0,29.0,19.0,0.0,1.0,1.0,0.0,0.0,0.0,1.0,1.0,0.0,0.0,-1.0231586669890729,-0.7576758641159647,-0.0992620679085087,-0.0210199470254792,-1.6988993040710567,0.1292884540348574,1.5882268573455445,-0.2020454871191189,-0.2073567129463963,-0.5251530779927517,-0.4635308650875505,-0.2192296649910203,-0.3124943305803233,0.1330877844751946,1.2650324516769105,9.55,9.85,47.36,14.7,37.2,12.2,0.8125,0.625,2,4,5,5,1,2,1,2,0,-0.2051956704170308,0.9233805168766386,1.487668610523473,1.487668610523473,-0.7694837640638656,-0.2051956704170308,0.9233805168766386,-0.2051956704170308,-1.3337718577107005,-0.7694837640638656,-1.3337718577107005,0.2,0.65,0.412310562561766,0,5,0.9980320166753498,0.6,1.0,438.0,58.0,16.0,0.0365296803652968,0.2758620689655172,0.0333333333333333,0,565.0,7466436.0,-0.7977119766339881,-0.70287777031615,-0.6450552541976357,-0.6028194775205034,-0.9942554810346128,1.4462904983191245,False,False,False,False,True,True,False,False,False,True,False,False,False,False,True,False,False,False,True,False,True,High,,False,False,
Math,38,Math-38,1.0,1.0,0.2,0.2,0.5,1.0,1.0,5.0,5.0,2.0,1.0,1.0,0.0,0.0,0.0,1.0,1.0,1.0,1.0,1.0,0.778342846205199,-0.4554019288379759,1.0216674343526655,-0.3221894905805279,-0.4379098193951574,-0.236190982750945,-0.3447299154714549,-0.2020454871191189,-0.2073567129463963,-0.5251530779927517,-0.4635308650875505,3.1090752489635607,0.0820612632219498,0.3439574240136908,-0.673136533919824,8.13,10.01,47.9,15.2,26.6,11.7,0.2083333333333333,-3.505967446184705e-17,5,5,4,3,4,3,4,3,3,1.4359163172354763,1.4359163172354763,0.6461623427559644,-0.1435916317235475,0.6461623427559644,-0.1435916317235475,-1.7230995806825713,-0.1435916317235475,-0.1435916317235475,-1.7230995806825713,-0.1435916317235475,0.8,0.7000000000000001,0.1154700538379251,1,16,0.8164059547343433,0.6,1.0,766.0,112.0,56.0,0.0731070496083551,0.5,0.0681265206812652,0,974.0,8380354.0,1.4678985692482571,2.069863226271547,0.9590473809567988,0.5141672022466147,0.3187051539845994,-0.3726703997602829,True,True,True,False,True,False,False,False,True,True,False,False,False,False,False,True,False,False,True,False,True,Major,,False,False,
Closure,130,Closure-130,0.0,0.5,0.25,0.027027027027027,0.0238095238095238,0.0,2.0,4.0,37.0,42.0,0.0,0.0,0.0,0.0,0.0,0.0,1.0,1.0,0.0,0.0,-1.0231586669890729,-0.4554019288379759,0.8282403552671191,-0.3484638964423472,0.2319908443389094,-1.014875381736249,1.5882268573455445,-0.2020454871191189,-0.2073567129463963,-0.5251530779927517,5.59762776228769,3.1090752489635607,-0.3124943305803233,-0.4995211341402941,0.2959479588785432,25.76,7.86,43.54,12.6,29.6,11.3,0.6666666666666666,0.3227513227513227,4,4,4,4,1,3,1,3,3,0.8426648406178135,0.8426648406178135,0.8426648406178135,0.8426648406178135,-1.2964074471043288,0.1296407447104327,0.8426648406178135,0.1296407447104327,-2.0094315430117096,-1.2964074471043288,0.1296407447104327,0.3,0.6,0.282842712474619,0,4,0.8598324136222746,0.4,1.0,475.0,128.0,38.0,0.08,0.296875,0.0672566371681415,0,933.0,12419028.0,-0.7977119766339881,-0.70287777031615,-0.6450552541976357,-0.6028194775205034,-0.9942554810346128,1.4462904983191245,False,False,False,False,True,True,False,False,False,True,False,False,False,False,True,False,False,False,True,False,True,Medium,,False,False,
Lang,58,Lang-58,0.2,0.0,0.5,1.0,1.0,5.0,0.0,2.0,1.0,1.0,0.0,0.0,0.0,1.0,1.0,1.0,0.0,1.0,1.0,1.0,-0.0192462494785457,0.1491459417180017,0.1051325710893142,-0.4957672964786738,-0.2730111944760022,0.1172762456073812,-0.5748438169972881,-0.2020454871191189,-0.2073567129463963,1.910973700473624,-0.4635308650875505,-0.2192296649910203,-0.0494572680454745,-0.0777818550633016,-0.673136533919824,34.02,10.81,46.61,11.5,18.0,11.4,0.9166666666666666,0.7777777777777777,5,5,3,3,5,3,1,4,3,1.2570787221094175,1.2570787221094175,-0.4714045207910316,-0.4714045207910316,1.2570787221094175,-0.4714045207910316,0.3928371006591931,0.3928371006591931,-0.4714045207910316,-2.199887763691481,-0.4714045207910316,0.8,0.75,0.1914854215512676,0,15,0.8153445366014307,0.9,1.0,319.0,73.0,23.0,0.0721003134796238,0.3150684931506849,0.062330623306233,1,221.0,3400781.0,0.9450653663523544,0.1502733055569876,0.4197958567984995,0.4534614044331844,0.3793033371393324,0.3496983009823636,True,False,False,False,True,False,False,False,True,True,False,True,False,False,False,False,False,False,True,False,True,Major,,True,False,patch
Closure,88,Closure-88,0.0,1.0,0.0136986301369863,0.0119047619047619,0.0476190476190476,0.0,1.0,73.0,84.0,21.0,0.0,1.0,0.0,0.0,0.0,0.0,1.0,0.0,0.0,0.0,-1.0231586669890729,-0.7576758641159647,-0.4102150299675468,0.5099227635441663,-1.237791208928377,-0.8317201505541623,1.5882268573455445,-0.2020454871191189,-0.2073567129463963,-0.5251530779927517,-0.4635308650875505,-0.2192296649910203,-0.3124943305803233,-0.7103907736787903,-0.673136533919824,-121.25,11.83,56.5,31.8,87.6,11.7,0.7291666666666666,0.471186440677966,4,5,4,3,1,3,2,2,2,1.0119288512538815,1.707629936490925,1.0119288512538815,0.316227766016838,-1.075174404457249,0.316227766016838,0.316227766016838,-0.3794733192202055,-1.7708754896942926,-1.075174404457249,-0.3794733192202055,0.3,0.5,0.2581988897471611,1,4,0.947083576609786,0.4,1.0,237.0,46.0,13.0,0.0548523206751054,0.2826086956521739,0.0481481481481481,0,547.0,7077939.0,-0.7977119766339881,-0.70287777031615,-0.6450552541976357,-0.6028194775205034,-0.9942554810346128,1.4462904983191245,False,False,False,False,True,False,False,False,True,True,False,False,False,False,True,False,False,False,True,False,True,High,,False,False,
Compress,29,Compress-29,0.3333333333333333,1.0,1.0,1.0,1.0,3.0,1.0,1.0,1.0,1.0,0.0,1.0,1.0,1.0,1.0,1.0,1.0,1.0,1.0,1.0,-0.2328601480483237,-0.1531279935599871,-1.557848069870463,0.5829209830213951,0.5775185551070113,-0.5287679079840458,-1.1731399609644546,-0.2020454871191189,-0.2073567129463963,-0.5251530779927517,-0.4635308650875505,-0.2192296649910203,-0.0494572680454745,-0.7103907736787903,-0.673136533919824,26.14,18.34,73.88,16.6,26.8,17.5,0.9375,0.8681318681318682,3,4,1,1,1,2,4,1,3,1.179535649239177,1.9904664080911112,-0.4423258684646913,-0.4423258684646913,-0.4423258684646913,0.3686048903872428,-0.4423258684646913,-0.4423258684646913,-1.2532566273166257,-1.2532566273166257,1.179535649239177,0.2,0.2,0.0,0,1,0.9518003541825492,0.6,7.0,895.0,53.0,24.0,0.0268156424581005,0.4528301886792453,0.0259740259740259,0,251.0,1927626.0,1.4678985692482571,2.069863226271547,0.3267506140900994,0.386685026838411,2.708966822865729,0.6562579423560639,False,False,False,False,True,False,False,False,True,True,False,False,False,False,False,True,False,False,True,False,False,Major,,False,False,
Compress,15,Compress-15,0.1428571428571428,0.5,0.3333333333333333,0.5,0.0909090909090909,7.0,2.0,3.0,2.0,11.0,0.0,0.0,0.0,0.0,0.0,0.0,1.0,1.0,1.0,0.0,0.1156294202668773,-0.1531279935599871,1.118447815296631,0.385150968809045,0.9303979192957068,-1.173431987625025,-1.1731399609644546,-0.2020454871191189,-0.2073567129463963,-0.5251530779927517,0.4023489388231981,-0.2192296649910203,-0.0494572680454745,0.3439574240136908,-0.673136533919824,62.48,9.84,46.15,8.8,13.2,10.6,0.8958333333333334,0.7560975609756099,4,5,1,3,5,2,2,4,3,0.67700320038633,1.35400640077266,-1.35400640077266,0.0,1.35400640077266,-0.67700320038633,0.0,0.67700320038633,0.0,-2.03100960115899,0.0,0.7,0.65,0.3415650255319866,-2,5,0.7488109342778921,0.6,1.0,301.0,84.0,30.0,0.0996677740863787,0.3571428571428571,0.0845070422535211,0,164.0,1291038.0,1.1193431006509886,1.6432876883349783,0.2992466744215786,0.3684732874943819,1.0178286374179064,-0.4519864123366095,False,False,False,False,True,False,False,False,True,True,False,False,False,False,False,True,False,False,True,False,False,Major,Archivers,False,False,
Jsoup,60,Jsoup-60,0.0,1.0,0.0416666666666666,0.0416666666666666,0.0238095238095238,0.0,1.0,24.0,24.0,42.0,0.0,1.0,0.0,0.0,0.0,0.0,1.0,0.0,0.0,0.0,-0.2671258587404042,-0.1531279935599871,0.4344963605219534,-0.8045762808023602,0.7530246939098532,-0.0569592949658234,-0.5748438169972881,-0.2020454871191189,-0.2073567129463963,-0.5251530779927517,-0.4635308650875505,-0.2192296649910203,0.4766168570242229,-0.0777818550633016,-0.673136533919824,53.88,8.93,39.22,8.0,15.6,10.5,0.6875,0.3594306049822064,1,2,4,2,1,2,4,0,1,-0.2401922307076307,0.6405126152203486,2.4019223070763074,0.6405126152203486,-0.2401922307076307,0.6405126152203486,-0.2401922307076307,-1.12089707663561,-1.12089707663561,-1.12089707663561,-0.2401922307076307,0.2,0.35,0.3415650255319866,2,4,0.985489293808726,0.6,2.0,259.0,73.0,18.0,0.0694980694980695,0.2465753424657534,0.0573248407643312,0,87.0,891134.0,-0.7977119766339881,-0.70287777031615,-0.6450552541976357,-0.5663959988324452,-0.4810946760655654,-0.6689687887897928,False,False,False,False,True,False,False,False,True,True,False,False,False,False,False,True,False,False,True,False,False,,,False,False,
Jsoup,74,Jsoup-74,0.0,0.0,0.0666666666666666,0.1,0.0,0.0,0.0,15.0,10.0,0.0,0.0,0.0,0.0,0.0,0.0,0.0,0.0,0.0,0.0,0.0,-0.2328601480483237,-0.1531279935599871,-0.2056433408296613,-0.7268635565592559,-1.9988434047949355,0.0180100401904015,-0.5748438169972881,-0.2020454871191189,-0.2073567129463963,-0.5251530779927517,0.4023489388231981,-0.2192296649910203,-0.3124943305803233,-0.2886514946017978,-0.673136533919824,15.07,12.77,54.4,14.6,26.4,14.6,0.9375,0.8681318681318682,5,5,4,4,1,3,1,4,3,1.177621523593293,1.177621523593293,0.5607721540920443,0.5607721540920443,-1.2897759544117016,-0.0560772154092043,0.5607721540920443,0.5607721540920443,-1.9066253239129505,-1.2897759544117016,-0.0560772154092043,0.3,0.65,0.3,0,4,0.810558673191381,0.9,1.0,161.0,60.0,7.0,0.0434782608695652,0.1166666666666666,0.0327102803738317,0,109.0,1042804.0,-0.7977119766339881,-0.70287777031615,-0.6450552541976357,-0.5481842594884161,0.561097886603531,-0.482199228031731,False,True,False,False,True,False,False,False,True,True,False,False,False,False,False,True,False,False,True,False,True,,,False,False,
Jsoup,48,Jsoup-48,0.3333333333333333,1.0,0.0714285714285714,0.5,1.0,3.0,1.0,14.0,2.0,1.0,0.0,1.0,0.0,0.0,1.0,1.0,1.0,0.0,1.0,1.0,0.6733585411060589,2.265063488663923,-0.1672228636378729,-0.0536930728440425,0.9303979192957068,0.7907266810715664,-0.5748438169972881,-0.2020454871191189,-0.2073567129463963,-0.5251530779927517,2.134108546644695,3.1090752489635607,0.3450983257567985,0.9765663426291796,-0.673136533919824,20.34,8.46,46.47,12.6,24.1,11.9,0.875,0.5555555555555557,5,5,4,4,5,4,2,5,3,0.99124070716193,0.99124070716193,0.1524985703326045,0.1524985703326045,0.99124070716193,0.1524985703326045,-0.6862435664967211,0.99124070716193,-0.6862435664967211,-2.3637278401553723,-0.6862435664967211,0.9,0.9,0.1154700538379251,0,20,0.7876962030830011,0.7,1.0,333.0,104.0,56.0,0.1681681681681681,0.5384615384615384,0.1469816272965879,0,83.0,803839.0,-0.7977119766339881,-0.70287777031615,-0.6450552541976357,-0.2689375895466365,-0.257509148995492,-0.9629176921424862,False,True,False,False,True,False,False,False,True,True,False,False,False,False,False,True,False,False,True,False,True,,,False,False,
Lang,5,Lang-5,1.0,1.0,1.0,1.0,0.5,1.0,1.0,1.0,1.0,2.0,1.0,1.0,1.0,1.0,0.0,1.0,1.0,1.0,1.0,1.0,0.1396883235187635,-0.1531279935599871,1.0516362540157402,-0.6495173618100114,-1.237791208928377,0.3302376517471643,-0.5748438169972881,-0.2020454871191189,-0.2073567129463963,-0.5251530779927517,0.4023489388231981,-0.2192296649910203,-0.0494572680454745,-0.4995211341402941,-0.673136533919824,49.82,9.96,46.33,9.5,14.0,10.8,0.7916666666666666,0.5833333333333333,4,5,2,2,3,2,2,3,2,1.111873974991652,1.9272482233188633,-0.5188745216627707,-0.5188745216627707,0.2964997266644406,-0.5188745216627707,0.2964997266644406,0.2964997266644406,0.2964997266644406,-2.1496230183171936,-0.5188745216627707,0.7,0.5,0.1154700538379251,0,6,0.925062046629262,0.6,1.0,179.0,77.0,14.0,0.0782122905027933,0.1818181818181818,0.0578512396694214,1,236.0,4355344.0,1.2936208349496228,0.363561074525272,0.4312458687446945,0.6902140159055626,0.3047209578719689,0.1450604061446718,False,False,False,False,True,False,False,False,True,True,False,False,True,False,False,False,False,False,True,False,False,Major,lang.*,True,False,patch
Jsoup,2,Jsoup-2,0.5,0.3333333333333333,1.0,0.1666666666666666,0.3333333333333333,2.0,3.0,1.0,6.0,3.0,0.0,1.0,1.0,0.0,0.0,1.0,1.0,1.0,0.0,1.0,-0.3910656633713334,-0.7576758641159647,-0.5154989898857952,-0.0910652023040788,1.1096681845252594,0.0400596218255469,-0.5748438169972881,-0.2020454871191189,-0.2073567129463963,-0.5251530779927517,-0.4635308650875505,-0.2192296649910203,-0.3124943305803233,-0.2886514946017978,2.2341169444752773,32.83,13.79,66.35,14.0,24.1,14.8,0.875,0.7391304347826088,1,4,3,3,1,1,3,2,0,-0.5188745216627709,1.9272482233188628,1.1118739749916515,1.1118739749916515,-0.5188745216627709,-0.5188745216627709,0.2964997266644404,0.2964997266644404,-1.3342487699899823,-0.5188745216627709,-1.3342487699899823,0.1,0.4499999999999999,0.1914854215512676,0,3,0.9601997762578012,0.8,1.0,149.0,47.0,16.0,0.1073825503355704,0.3404255319148936,0.0888888888888888,0,41.0,210672.0,-0.7977119766339881,-0.70287777031615,-0.6450552541976357,-0.4814078818936427,1.997948140516864,-0.5780369527692484,False,False,False,False,True,True,False,False,False,True,False,False,False,False,False,True,False,False,True,False,True,,,False,False,
Collections,11,Collections-11,0.0,0.0,0.0,0.0,0.0,0.0,0.0,0.0,0.0,0.0,0.0,0.0,0.0,0.0,0.0,0.0,0.0,0.0,0.0,0.0,0.4334985662614958,1.0559677475519682,0.0670725600253827,-0.2455551759571757,-0.4379098193951574,1.359698193019999,0.1845320580379615,-0.2020454871191189,-0.2073567129463963,-0.5251530779927517,0.4023489388231981,-0.2192296649910203,0.2135797944893742,-0.2886514946017978,-0.673136533919824,24.03,11.74,49.91,13.2,19.4,13.0,0.7708333333333334,0.5319148936170214,4,5,2,3,4,2,2,5,3,0.6862435664967211,1.5249857033260468,-0.99124070716193,-0.1524985703326045,0.6862435664967211,-0.99124070716193,-0.1524985703326045,1.5249857033260468,-0.1524985703326045,-1.829982843991256,-0.1524985703326045,0.7,0.7,0.2581988897471611,-1,8,0.9383793031574588,0.6,1.0,181.0,93.0,18.0,0.0994475138121546,0.1935483870967742,0.0703125,7,469.0,3747724.0,0.9450653663523544,1.429999919366694,0.5325447979627962,0.4656025639958704,0.5915950114591808,-0.2188028781312483,False,False,False,False,True,False,False,False,True,True,False,False,False,False,False,True,False,False,True,False,True,Minor,KeyValue,True,True,"diff,java,patch"
JxPath,5,JxPath-5,1.0,1.0,0.1428571428571428,0.5,1.0,1.0,1.0,7.0,2.0,1.0,1.0,1.0,0.0,0.0,1.0,1.0,1.0,0.0,1.0,1.0,0.5778519857728134,-0.7576758641159647,0.951967767528598,-0.4033470693535844,0.5775185551070113,0.8586220578380815,0.1845320580379615,1.9261515302995815,-0.2073567129463963,0.6929103112404362,-0.4635308650875505,-0.2192296649910203,0.2135797944893742,-0.7103907736787903,-0.673136533919824,-53.57,9.37,47.85,22.3,42.0,9.4,0.8958333333333334,0.781021897810219,5,5,4,2,3,3,3,2,3,1.5328483487124147,1.5328483487124147,0.8583950752789523,-0.4905114715879725,0.1839418018454899,0.1839418018454899,-0.4905114715879725,-0.4905114715879725,-1.8394180184548976,-1.164964745021435,0.1839418018454899,0.3,0.55,0.1914854215512676,2,12,0.8430637223397576,0.9,1.0,283.0,82.0,27.0,0.0954063604240282,0.3292682926829268,0.0798816568047337,3,206.0,1176364.0,1.4678985692482571,2.069863226271547,0.1687333997343701,0.4109673459637831,-1.0101264337656144,-1.0115885646770642,True,False,False,False,True,False,False,False,True,True,False,True,False,False,False,False,False,False,True,False,True,Major,,True,True,"java,txt"
JacksonDatabind,103,JacksonDatabind-103,1.0,1.0,0.0204081632653061,0.0196078431372549,0.0434782608695652,1.0,1.0,49.0,51.0,23.0,1.0,1.0,0.0,0.0,0.0,1.0,1.0,0.0,0.0,0.0,-0.4931337377732752,0.1491459417180017,-1.3694311118832023,-0.5654641369494875,-0.2730111944760022,0.4395917544965328,-0.989048839743788,-0.2020454871191189,-0.2073567129463963,1.910973700473624,-0.4635308650875505,-0.2192296649910203,-0.3124943305803233,-0.7103907736787903,-0.673136533919824,-14.86,22.68,76.08,22.0,31.9,20.6,0.7708333333333334,0.552542372881356,3,3,0,2,3,1,4,1,2,1.12089707663561,1.12089707663561,-1.5212174611483278,0.2401922307076307,1.12089707663561,-0.6405126152203486,-0.6405126152203486,-0.6405126152203486,1.12089707663561,-1.5212174611483278,0.2401922307076307,0.6,0.3,0.2581988897471611,-2,0,0.8380414775137319,0.7,16.0,1688.0,53.0,39.0,0.0231042654028436,0.7358490566037735,0.0229142185663924,0,919.0,6376135.0,-0.7977119766339881,-0.70287777031615,-0.6450552541976357,-0.6028194775205034,2.610214228095053,0.4502269380805193,True,False,False,False,True,False,False,False,True,True,False,True,False,False,False,False,False,False,True,False,False,,,False,False,
JacksonDatabind,101,JacksonDatabind-101,0.0,1.0,1.0,0.0625,0.5,0.0,1.0,1.0,16.0,2.0,0.0,1.0,1.0,0.0,0.0,0.0,1.0,1.0,0.0,1.0,-0.0914229592342045,1.0559677475519682,-0.621044148493821,-1.1712370836059491,-1.081014456579866,-0.0831674482047164,0.4146459595637947,-0.2020454871191189,-0.2073567129463963,-0.5251530779927517,-0.4635308650875505,-0.2192296649910203,-0.3124943305803233,-0.0777818550633016,0.2959479588785432,40.14,11.03,40.95,11.2,18.0,12.9,0.8125,0.6326530612244897,4,5,3,3,0,3,2,2,2,1.095445115010332,1.7648837964055353,0.4260064336151291,0.4260064336151291,-1.58230961057048,0.4260064336151291,0.4260064336151291,-0.2434322477800739,-1.58230961057048,-0.912870929175277,-0.2434322477800739,0.3,0.4,0.282842712474619,0,0,0.5602871069795918,0.9,1.0,400.0,47.0,20.0,0.05,0.425531914893617,0.0468384074941452,0,919.0,6373942.0,-0.7977119766339881,-0.70287777031615,-0.6450552541976357,-0.4328432436428984,0.7024936472979078,-0.929540352124216,False,True,False,False,True,True,False,False,False,True,False,False,False,False,False,True,False,False,True,False,True,,,False,False,
JxPath,7,JxPath-7,0.0,1.0,0.0101010101010101,0.0227272727272727,0.0058823529411764,0.0,1.0,99.0,44.0,170.0,0.0,1.0,0.0,0.0,0.0,0.0,1.0,0.0,0.0,0.0,0.7236635206327302,1.0559677475519682,0.5850391106259778,-0.4374353937563838,-0.1064125837329401,1.3912395030003262,0.1845320580379615,-0.2020454871191189,-0.2073567129463963,-0.5251530779927517,2.999988350555444,-0.2192296649910203,0.3450983257567985,0.1330877844751946,2.2341169444752773,35.27,12.94,53.39,13.1,18.4,13.4,0.9375,0.8043478260869565,5,5,4,4,5,3,1,5,4,0.9370425713316364,0.9370425713316364,0.0780868809443029,0.0780868809443029,0.9370425713316364,-0.7808688094430304,0.0780868809443029,0.9370425713316364,-0.7808688094430304,-2.498780190217697,0.0780868809443029,0.8,0.9,0.1154700538379251,0,20,0.9801791372966112,0.9,5.0,77.0,106.0,12.0,0.1558441558441558,0.1132075471698113,0.0701754385964912,1,208.0,1187196.0,0.9450653663523544,1.429999919366694,0.1687333997343701,0.4170379257451262,0.3839872546778625,-0.9888737269108582,False,True,False,False,True,True,False,False,False,True,False,False,False,False,False,True,False,False,True,False,True,Major,,True,True,txt
Collections,13,Collections-13,0.0,0.0,0.0,0.0,0.0,0.0,0.0,0.0,0.0,0.0,0.0,0.0,0.0,0.0,0.0,0.0,0.0,0.0,0.0,0.0,0.609930523441995,-0.4554019288379759,0.8496763528428889,0.0030010279377699,-2.293019349735661,1.0106535172642348,0.1845320580379615,-0.2020454871191189,-0.2073567129463963,0.6929103112404362,0.4023489388231981,-0.2192296649910203,-0.3124943305803233,1.187435982167676,0.2959479588785432,30.77,11.7,51.9,12.7,17.8,12.9,0.9375,0.8285714285714286,5,5,3,3,5,3,2,5,3,1.179535649239177,1.179535649239177,-0.4423258684646913,-0.4423258684646913,1.179535649239177,-0.4423258684646913,-0.4423258684646913,1.179535649239177,-0.4423258684646913,-2.06418738616856,-0.4423258684646913,0.8,0.8,0.2309401076758503,0,15,0.7275104036538078,0.6,1.0,558.0,102.0,47.0,0.0842293906810035,0.4607843137254901,0.0766721044045677,0,469.0,3752142.0,0.5965098977550859,-0.0630144634112968,0.4796189529218779,0.5323789415906438,0.3741733322161802,-0.6790649680071216,True,True,False,False,True,True,False,False,False,True,False,False,False,True,False,False,False,False,True,False,True,Major,Core,False,False,
Jsoup,89,Jsoup-89,0.3333333333333333,1.0,1.0,1.0,1.0,3.0,1.0,1.0,1.0,1.0,0.0,1.0,1.0,1.0,1.0,1.0,1.0,1.0,1.0,1.0,0.109067901198181,0.7536938122739794,0.522881182970348,0.634695279261818,1.290866087015343,0.6133389582571585,-0.989048839743788,-0.2020454871191189,-0.2073567129463963,-0.5251530779927517,-0.4635308650875505,-0.2192296649910203,-0.3124943305803233,-0.7103907736787903,-0.673136533919824,36.55,8.29,43.9,10.5,21.9,11.5,0.8333333333333334,0.5780219780219783,5,5,3,3,5,3,3,4,3,1.334248769989982,1.334248769989982,-0.2964997266644406,-0.2964997266644406,1.334248769989982,-0.2964997266644406,-1.111873974991652,0.5188745216627707,-0.2964997266644406,-1.9272482233188633,-0.2964997266644406,0.8,0.75,0.1914854215512676,0,15,0.9032408403806662,0.9,1.0,126.0,55.0,21.0,0.1666666666666666,0.3818181818181818,0.13125,0,115.0,1087000.0,-0.7977119766339881,-0.70287777031615,-0.6450552541976357,-0.4631961425496136,-0.3069374214307093,-1.333300483917403,False,True,False,False,True,False,False,False,True,True,False,False,False,True,False,False,False,False,True,False,True,,,False,False,
Lang,7,Lang-7,1.0,1.0,1.0,1.0,0.5,1.0,1.0,1.0,1.0,2.0,1.0,1.0,1.0,1.0,0.0,1.0,1.0,1.0,1.0,1.0,0.0069998267962393,-0.1531279935599871,0.2898290889423627,-0.2890680938737278,-1.081014456579866,0.5917530380014574,-0.3447299154714549,-0.2020454871191189,-0.2073567129463963,0.6929103112404362,0.4023489388231981,-0.2192296649910203,-0.0494572680454745,-0.4995211341402941,-0.673136533919824,49.82,9.96,47.69,9.5,15.1,11.2,0.875,0.7,4,5,3,3,4,3,1,4,3,0.6499336836196814,1.6712580435934667,-0.3713906763541039,-0.3713906763541039,0.6499336836196814,-0.3713906763541039,0.6499336836196814,0.6499336836196814,-0.3713906763541039,-2.4140393963016744,-0.3713906763541039,0.8,0.7,0.1154700538379251,0,12,0.8661563871367219,0.9,1.0,267.0,85.0,27.0,0.1011235955056179,0.3176470588235294,0.083076923076923,1,235.0,4339627.0,0.5965098977550859,1.0034243814301251,0.6219827766078924,0.3624027077130389,0.3616936087012047,0.1539295499082755,True,False,False,False,True,False,False,False,True,True,False,False,False,False,False,True,False,False,True,False,True,Major,lang.math.*,True,False,patch
Jsoup,62,Jsoup-62,0.1666666666666666,0.0,0.0,0.0208333333333333,0.25,6.0,0.0,0.0,48.0,4.0,0.0,0.0,0.0,0.0,0.0,0.0,0.0,0.0,0.0,1.0,-0.3881494326741351,-0.7576758641159647,-2.43055248003275,1.5775010627430013,0.0619124374841446,-1.0288192644523626,-0.5748438169972881,-0.2020454871191189,-0.2073567129463963,-0.5251530779927517,-0.4635308650875505,-0.2192296649910203,-0.3124943305803233,-0.7103907736787903,-0.673136533919824,13.65,15.25,55.1,15.2,26.9,14.3,0.8958333333333334,0.6428571428571429,5,5,4,4,5,3,1,5,4,0.9370425713316364,0.9370425713316364,0.0780868809443029,0.0780868809443029,0.9370425713316364,-0.7808688094430304,0.0780868809443029,0.9370425713316364,-0.7808688094430304,-2.498780190217697,0.0780868809443029,0.8,0.9,0.1154700538379251,0,20,0.7175469274253998,0.9,1.0,371.0,54.0,21.0,0.0566037735849056,0.3888888888888889,0.0519801980198019,0,88.0,907681.0,-0.7977119766339881,-0.70287777031615,-0.6450552541976357,-0.4814078818936427,-0.1624547789277667,-0.5135979578200064,False,True,False,False,True,False,False,False,True,True,False,False,False,False,False,True,False,False,True,False,True,,,False,False,
Jsoup,76,Jsoup-76,0.1428571428571428,0.0,0.0,0.0344827586206896,0.1111111111111111,7.0,0.0,0.0,29.0,9.0,0.0,0.0,0.0,0.0,0.0,0.0,0.0,0.0,0.0,0.0,-0.074654632725314,0.4514198769959905,-1.5105176935795852,0.2436455300360586,2.4203330125368723,-0.5954850391216749,-0.5748438169972881,-0.2020454871191189,-0.2073567129463963,-0.5251530779927517,-0.4635308650875505,-0.2192296649910203,-0.3124943305803233,0.1330877844751946,3.203201437273645,20.38,13.56,55.46,14.6,27.9,14.4,0.7708333333333334,0.4567901234567902,5,5,4,4,2,3,1,5,3,1.079127485069423,1.079127485069423,0.4543694673976517,0.4543694673976517,-0.7951465679458909,-0.1703885502741196,0.4543694673976517,1.079127485069423,-2.0446626032894337,-1.4199045856176622,-0.1703885502741196,0.3,0.75,0.2516611478423583,0,8,0.7922389258430198,0.9,1.0,381.0,66.0,21.0,0.0551181102362204,0.3181818181818182,0.0492957746478873,0,111.0,1061693.0,-0.7977119766339881,-0.70287777031615,-0.6450552541976357,-0.5117607808003578,-0.4546430881805628,-0.9414505765270488,True,False,False,False,True,True,False,False,False,True,False,False,False,False,False,True,False,False,True,False,True,,,False,False,
Compress,17,Compress-17,0.3333333333333333,1.0,1.0,0.5,0.5,3.0,1.0,1.0,2.0,2.0,0.0,1.0,1.0,0.0,0.0,1.0,1.0,1.0,1.0,1.0,0.0456398835341172,-0.7576758641159647,0.7866618208017443,-0.1801934231956476,1.474022885748566,-0.6062290685450495,-1.1731399609644546,0.3783718812677994,-0.2073567129463963,0.6929103112404362,-0.4635308650875505,-0.2192296649910203,-0.0494572680454745,-0.2886514946017978,-0.673136533919824,8.74,10.0,51.99,15.0,27.2,10.7,0.8958333333333334,0.7916666666666667,5,5,3,2,3,3,4,1,3,1.582079704210945,1.582079704210945,0.3818813079129866,-0.2182178902359924,0.3818813079129866,0.3818813079129866,-0.8183170883849715,-0.8183170883849715,-1.4184162865339505,-1.4184162865339505,0.3818813079129866,0.3,0.45,0.1914854215512676,1,9,0.8100738046618414,0.9,1.0,303.0,77.0,27.0,0.0891089108910891,0.3506493506493506,0.0764872521246459,1,165.0,1312760.0,0.9450653663523544,1.429999919366694,0.8269448110029043,0.3988261864010971,-0.7563515027234393,-0.333681636877002,True,False,False,False,True,False,False,False,True,True,False,False,False,False,False,True,False,False,True,False,False,Major,Archivers,False,False,tar
Closure,75,Closure-75,0.0,1.0,0.0092592592592592,0.0163934426229508,0.0140845070422535,0.0,1.0,108.0,61.0,71.0,0.0,1.0,0.0,0.0,0.0,0.0,1.0,0.0,0.0,0.0,-1.0231586669890729,-0.7576758641159647,0.6773779202472741,0.1320464466214662,-0.9226620584791106,-1.1370714448196595,1.5882268573455445,-0.2020454871191189,-0.2073567129463963,0.6929103112404362,-0.4635308650875505,3.1090752489635607,0.4766168570242229,-0.0777818550633016,-0.673136533919824,-28.5,6.13,55.52,18.9,49.6,11.1,0.6666666666666666,0.3333333333333332,4,3,3,3,5,3,4,3,3,0.970142500145332,0.3031695312954162,0.3031695312954162,0.3031695312954162,1.6371154689952476,0.3031695312954162,-1.0307764064044151,0.3031695312954162,-1.697749375254331,-1.697749375254331,0.3031695312954162,0.3,0.7000000000000001,0.2,0,15,0.6008681111481313,0.9,1.0,666.0,145.0,35.0,0.0525525525525525,0.2413793103448276,0.0451030927835051,0,581.0,7624306.0,-0.7977119766339881,-0.70287777031615,-0.6450552541976357,-0.6028194775205034,-0.9942554810346128,1.4462904983191245,True,False,False,False,True,False,False,False,True,True,False,False,False,False,True,False,False,False,True,False,False,Medium,,False,False,
Mockito,3,Mockito-3,0.0,0.0,0.0555555555555555,0.0192307692307692,0.0,0.0,0.0,18.0,52.0,0.0,0.0,0.0,0.0,0.0,0.0,0.0,0.0,0.0,0.0,0.0,-0.6455067917018882,-0.7576758641159647,-2.430552480033038,4.163331944642799,1.1096681845252594,-0.3339082356598922,-0.989048839743788,-0.2020454871191189,-0.2073567129463963,-0.5251530779927517,-0.4635308650875505,-0.2192296649910203,-0.3124943305803233,-0.9212604132172866,-0.673136533919824,-51.88,22.55,74.99,25.8,45.1,0.0,0.9375,0.6949152542372882,0,0,0,0,1,0,4,0,0,-0.4714045207910317,-0.4714045207910317,-0.4714045207910317,-0.4714045207910317,2.1213203435596424,-0.4714045207910317,2.1213203435596424,-0.4714045207910317,-0.4714045207910317,-0.4714045207910317,-0.4714045207910317,0.0,0.05,0.1,0,0,0.5201672987207322,1.0,1.0,104.0,37.0,4.0,0.0384615384615384,0.1081081081081081,0.0291970802919708,0,931.0,3285806.0,-0.7977119766339881,-0.70287777031615,-0.6450552541976357,-0.6028194775205034,3.079289053255764,0.7768051545521928,False,False,False,False,True,False,False,False,True,True,False,False,False,False,False,False,True,False,False,True,False,,,False,False,
Closure,126,Closure-126,0.1,0.3333333333333333,0.1666666666666666,0.2,0.0121951219512195,10.0,3.0,6.0,5.0,82.0,0.0,0.0,0.0,0.0,0.0,0.0,1.0,0.0,1.0,0.0,-1.0231586669890729,-0.7576758641159647,-0.3718377211806946,0.0759251664600067,0.4038501769199036,0.1297640910273867,1.5882268573455445,-0.2020454871191189,-0.2073567129463963,-0.5251530779927517,5.59762776228769,3.1090752489635607,-0.3124943305803233,0.9765663426291796,0.2959479588785432,10.77,8.33,47.9,14.2,35.7,12.3,0.75,0.3698030634573303,5,5,4,4,5,3,1,5,3,0.99124070716193,0.99124070716193,0.1524985703326045,0.1524985703326045,0.99124070716193,-0.6862435664967211,0.1524985703326045,0.99124070716193,-0.6862435664967211,-2.3637278401553723,-0.6862435664967211,0.8,0.9,0.1154700538379251,0,20,0.7085139047870175,0.9,1.0,204.0,51.0,6.0,0.0294117647058823,0.1176470588235294,0.0240963855421686,0,937.0,12460279.0,-0.7977119766339881,-0.70287777031615,-0.6450552541976357,-0.6028194775205034,-0.9942554810346128,1.4462904983191245,True,False,False,False,True,True,False,False,False,True,False,False,False,False,True,False,False,False,True,False,True,Medium,,False,False,
Closure,132,Closure-132,0.1,0.0,0.0163934426229508,0.0097087378640776,0.01,10.0,0.0,61.0,103.0,100.0,0.0,0.0,0.0,0.0,0.0,0.0,0.0,0.0,0.0,0.0,-1.0231586669890729,-0.4554019288379759,-0.3376131333756452,-0.0963269328104807,1.1096681845252594,-0.7947493633589727,1.5882268573455445,-0.2020454871191189,-0.2073567129463963,-0.5251530779927517,-0.4635308650875505,-0.2192296649910203,-0.3124943305803233,-0.7103907736787903,-0.673136533919824,-65.58,8.8,48.6,24.9,67.2,13.3,0.875,0.7338262476894639,2,4,4,3,1,1,3,2,0,0.1360827634879543,1.6329931618554518,1.6329931618554518,0.8845379626717033,-0.6123724356957945,-0.6123724356957945,0.1360827634879543,0.1360827634879543,-1.3608276348795434,-0.6123724356957945,-1.3608276348795434,0.1,0.5,0.2581988897471611,1,4,0.9738382488570304,0.8,1.0,573.0,35.0,7.0,0.0122164048865619,0.2,0.0116472545757071,0,933.0,12414434.0,-0.7977119766339881,-0.70287777031615,-0.6450552541976357,-0.6028194775205034,-0.9942554810346128,1.4462904983191245,False,False,False,False,True,False,False,False,True,True,False,False,False,False,True,False,False,False,True,False,True,Medium,,False,False,
Closure,61,Closure-61,0.0,0.0,0.0181818181818181,0.125,0.1428571428571428,0.0,0.0,55.0,8.0,7.0,0.0,0.0,0.0,0.0,0.0,0.0,0.0,0.0,0.0,0.0,-1.0231586669890729,0.4514198769959905,0.6898219589680276,-0.9051308130803484,-1.546710917989482,-1.361651584967305,1.5882268573455445,-0.2020454871191189,0.0891207790231942,-0.5251530779927517,1.2682287427339467,-0.2192296649910203,-0.3124943305803233,2.030914540321661,0.2959479588785432,38.28,5.76,34.97,9.8,25.1,9.6,0.7708333333333334,0.5319148936170214,5,5,4,4,1,2,2,2,2,1.467264884756061,1.467264884756061,0.8464989719746506,0.8464989719746506,-1.0157987663695809,-0.3950328535881702,0.2257330591932402,-0.3950328535881702,-1.636564679150991,-1.0157987663695809,-0.3950328535881702,0.2,0.55,0.3,0,4,0.7554635594390715,0.9,1.0,682.0,123.0,56.0,0.0821114369501466,0.4552845528455284,0.0747663551401869,0,918.0,11934093.0,-0.7977119766339881,-0.70287777031615,-0.6450552541976357,-0.6028194775205034,-0.9942554810346128,1.4462904983191245,True,False,False,False,True,True,False,False,False,True,False,False,False,False,True,False,False,False,True,False,True,Medium,,False,False,
Closure,49,Closure-49,0.0,0.0,0.0181818181818181,0.0344827586206896,0.0049751243781094,0.0,0.0,55.0,29.0,201.0,0.0,0.0,0.0,0.0,0.0,0.0,0.0,0.0,0.0,0.0,-1.0231586669890729,0.4514198769959905,1.0023379355781568,-0.1950070907552237,-1.8496029254103703,-1.154078995697825,1.5882268573455445,-0.2020454871191189,-0.2073567129463963,-0.5251530779927517,-0.4635308650875505,-0.2192296649910203,-0.3124943305803233,-0.0777818550633016,0.2959479588785432,24.24,9.26,47.32,13.2,28.1,11.6,0.8333333333333334,0.627906976744186,5,5,4,4,1,3,1,4,3,1.177621523593293,1.177621523593293,0.5607721540920443,0.5607721540920443,-1.2897759544117016,-0.0560772154092043,0.5607721540920443,0.5607721540920443,-1.9066253239129505,-1.2897759544117016,-0.0560772154092043,0.3,0.65,0.3,0,4,0.7098006947653847,0.4,1.0,251.0,93.0,22.0,0.0876494023904382,0.2365591397849462,0.0683229813664596,0,942.0,12337564.0,-0.7977119766339881,-0.70287777031615,-0.6450552541976357,-0.6028194775205034,-0.9942554810346128,1.4462904983191245,False,False,False,False,True,True,False,False,False,True,False,False,False,False,True,False,False,False,True,False,True,Low,,False,False,
Math,12,Math-12,0.0,0.0,0.0909090909090909,0.1428571428571428,0.0833333333333333,0.0,0.0,11.0,7.0,12.0,0.0,0.0,0.0,0.0,0.0,0.0,0.0,0.0,0.0,0.0,0.1987419951370298,-0.7576758641159647,0.8894251039506301,-0.1050291919516529,1.8463416241570776,0.9826951752168884,-0.5748438169972881,-0.2020454871191189,-0.2073567129463963,-0.5251530779927517,-0.4635308650875505,-0.2192296649910203,0.0820612632219498,0.3439574240136908,-0.673136533919824,9.14,12.15,59.23,14.8,22.1,12.9,0.8958333333333334,0.7424892703862661,4,5,2,3,5,2,2,5,4,0.4900980294098033,1.2602520756252087,-1.0502100630210074,-0.280056016805602,1.2602520756252087,-1.0502100630210074,-0.280056016805602,1.2602520756252087,-0.280056016805602,-1.820364109236413,0.4900980294098033,0.7,0.75,0.3,-1,10,0.6636786767098044,0.6,1.0,133.0,78.0,10.0,0.075187969924812,0.1282051282051282,0.0497512437810945,2,1195.0,10769239.0,0.0736766948591831,0.363561074525272,1.2085744575363777,0.3624027077130389,0.2330981968295007,-0.1691606871944367,False,False,False,False,True,False,False,False,True,True,False,False,False,False,True,False,False,False,True,False,True,Major,,True,True,"java,patch"
JacksonDatabind,36,JacksonDatabind-36,1.0,1.0,1.0,1.0,1.0,1.0,1.0,1.0,1.0,1.0,1.0,1.0,1.0,1.0,1.0,1.0,1.0,1.0,1.0,1.0,-0.2751454931576996,-0.4554019288379759,0.4640038551571573,0.8206172073075018,0.0619124374841446,0.3009749831400873,0.4146459595637947,-0.2020454871191189,-0.2073567129463963,-0.5251530779927517,-0.4635308650875505,-0.2192296649910203,-0.1809757993128989,0.1330877844751946,-0.673136533919824,18.11,11.03,56.73,13.4,20.9,11.9,0.7916666666666666,0.5238095238095237,4,5,3,3,4,2,3,4,3,0.7817359599705715,1.563471919941143,0.0,0.0,0.7817359599705715,-0.7817359599705715,-0.7817359599705715,0.7817359599705715,0.0,-2.345207879911715,0.0,0.7,0.7,0.1154700538379251,0,12,0.7938103518652421,0.6,1.0,246.0,57.0,16.0,0.065040650406504,0.2807017543859649,0.0557491289198606,0,732.0,5160459.0,-0.7977119766339881,-0.70287777031615,-0.6450552541976357,-0.5906783179578173,-0.2013302347877159,-0.3152338788986205,False,False,False,False,True,False,False,False,True,True,False,False,False,False,False,True,False,False,True,False,False,,,False,False,
JacksonDatabind,22,JacksonDatabind-22,1.0,0.2,1.0,0.0196078431372549,0.3333333333333333,1.0,5.0,1.0,51.0,3.0,1.0,0.0,1.0,0.0,0.0,1.0,1.0,1.0,0.0,1.0,-0.582807831712124,0.1491459417180017,-1.2817606569100488,-1.1433170351186352,-1.237791208928377,0.0834329925495268,0.4146459595637947,-0.2020454871191189,-0.2073567129463963,-0.5251530779927517,-0.4635308650875505,-0.2192296649910203,-0.1809757993128989,-0.9212604132172866,-0.673136533919824,-13.77,17.35,62.23,19.5,26.1,17.4,0.8125,0.4599999999999999,1,1,0,0,1,0,4,0,0,1.3228756555322954,1.3228756555322954,-0.7559289460184545,-0.7559289460184545,1.3228756555322954,-0.7559289460184545,1.3228756555322954,-0.7559289460184545,-0.7559289460184545,-0.7559289460184545,-0.7559289460184545,0.0,0.05,0.1,0,0,0.804378381030951,1.0,2.0,683.0,40.0,23.0,0.0336749633967789,0.575,0.0328571428571428,0,712.0,4894825.0,-0.7977119766339881,-0.70287777031615,-0.6450552541976357,-0.5967488977391603,0.6944138895439433,0.0282833465905541,False,False,False,False,True,False,False,False,True,True,False,False,False,False,False,True,False,False,True,False,False,,,False,False,
Chart,12,Chart-12,0.25,0.3333333333333333,0.5,1.0,0.0,4.0,3.0,2.0,1.0,0.0,0.0,0.0,0.0,1.0,0.0,1.0,1.0,1.0,1.0,0.0,-0.9356717460731224,-0.1531279935599871,-2.430552480032346,1.4657073140452177,0.4038501769199036,2.50750089336117,-1.5873449837109543,-0.2020454871191189,-0.2073567129463963,-0.5251530779927517,-0.4635308650875505,-0.2192296649910203,-0.3124943305803233,-0.9212604132172866,0.2959479588785432,60.99,15.24,56.63,11.5,16.1,0.0,0.7083333333333334,0.4314720812182742,4,5,1,3,1,2,4,4,2,1.177621523593293,1.7944708930945417,-0.672926584910453,0.5607721540920443,-0.672926584910453,-0.0560772154092043,-0.672926584910453,1.177621523593293,-1.2897759544117016,-1.2897759544117016,-0.0560772154092043,0.2,0.45,0.3,-2,1,0.913366901441589,0.6,,,,,,,,0,,,-0.4491565080367196,-0.2763022323795812,2.929802047003675,-0.6028194775205034,2.116451254241675,0.8081872800412679,False,False,False,False,True,True,False,False,False,True,False,False,False,False,True,False,False,False,True,False,False,,,False,False,
JacksonDatabind,23,JacksonDatabind-23,0.0,0.0,0.0026881720430107,0.0181818181818181,0.0043668122270742,0.0,0.0,372.0,55.0,229.0,0.0,0.0,0.0,0.0,0.0,0.0,0.0,0.0,0.0,0.0,-0.5500002363686427,-0.4554019288379759,-0.1695175528127272,-0.9537128690448856,-0.9226620584791106,0.1306997312627301,0.4146459595637947,-0.2020454871191189,-0.2073567129463963,-0.5251530779927517,-0.4635308650875505,-0.2192296649910203,0.0820612632219498,-0.9212604132172866,-0.673136533919824,8.84,13.25,64.56,14.9,25.7,13.6,0.9375,0.6949152542372882,0,0,0,0,0,0,4,0,0,-0.3162277660168379,-0.3162277660168379,-0.3162277660168379,-0.3162277660168379,-0.3162277660168379,-0.3162277660168379,3.1622776601683795,-0.3162277660168379,-0.3162277660168379,-0.3162277660168379,-0.3162277660168379,0.0,0.0,0.0,0,0,0.976804306196477,1.0,1.0,110.0,50.0,8.0,0.0727272727272727,0.16,0.0526315789473684,0,713.0,4910219.0,-0.7977119766339881,-0.70287777031615,-0.6450552541976357,-0.5967488977391603,-0.0725645965083055,0.5237316285198136,False,False,False,False,True,False,False,False,True,True,False,False,False,False,False,True,False,False,True,False,False,,,False,False,
JacksonDatabind,37,JacksonDatabind-37,0.0,0.0,0.0068965517241379,0.0163934426229508,0.0042918454935622,0.0,0.0,145.0,61.0,233.0,0.0,0.0,0.0,0.0,0.0,0.0,0.0,0.0,0.0,0.0,3.3468130327626326,-0.1531279935599871,0.4066632827731608,-0.052551397007253,1.1096681845252594,0.2472680637520329,0.4146459595637947,9.084632407071576,6.908103094323778,0.6929103112404362,-0.4635308650875505,-0.2192296649910203,0.0820612632219498,-0.0777818550633016,-0.673136533919824,-270.99,12.91,43.69,52.1,87.0,9.7,0.8541666666666666,0.540983606557377,5,5,5,5,5,5,1,4,3,0.7332355751067665,0.7332355751067665,0.7332355751067665,0.7332355751067665,0.7332355751067665,0.7332355751067665,-0.0733235575106765,-0.0733235575106765,-0.8798826901281197,-2.493000955363006,-0.8798826901281197,1.0,0.95,0.0999999999999999,0,25,0.8522727385555411,0.5,1.0,149.0,142.0,29.0,0.1946308724832214,0.204225352112676,0.1106870229007633,0,734.0,5180091.0,-0.7977119766339881,-0.70287777031615,-0.6450552541976357,-0.1293142545757467,-1.1278985824750545,-1.939014996544452,True,False,False,False,True,False,False,False,True,True,True,False,False,False,False,False,False,False,True,False,True,,,False,False,
Math,13,Math-13,1.0,0.0,0.125,0.0833333333333333,0.1111111111111111,1.0,0.0,8.0,12.0,9.0,1.0,0.0,0.0,0.0,0.0,1.0,0.0,0.0,0.0,0.0,0.0645953830659064,0.4514198769959905,0.6890727782629986,-0.7725051753966292,1.290866087015343,0.8877342875490776,-0.3447299154714549,-0.2020454871191189,-0.2073567129463963,-0.5251530779927517,-0.4635308650875505,-0.2192296649910203,-0.0494572680454745,-0.0777818550633016,-0.673136533919824,41.4,13.08,56.63,12.8,17.5,13.3,0.8125,0.6236933797909407,3,3,3,2,4,2,4,1,3,0.6499336836196814,0.6499336836196814,0.6499336836196814,-0.3713906763541039,1.6712580435934667,-0.3713906763541039,-1.392715036327889,-1.392715036327889,0.6499336836196814,-1.392715036327889,0.6499336836196814,0.7,0.5,0.2581988897471611,1,12,0.7966936389004207,0.6,1.0,303.0,80.0,16.0,0.0528052805280528,0.2,0.0435967302452316,1,1195.0,10767567.0,1.6421763035468917,2.283150995239831,0.3559047901387314,0.3441909683690098,1.394322904981108,-0.0217639646469246,False,False,False,False,True,False,False,False,True,True,False,False,False,False,False,False,True,False,False,True,True,Critical,,False,False,
Closure,48,Closure-48,0.0,0.25,0.0526315789473684,1.0,0.125,0.0,4.0,19.0,1.0,8.0,0.0,0.0,0.0,1.0,0.0,0.0,1.0,0.0,1.0,0.0,-1.0231586669890729,-0.1531279935599871,0.611453201128629,-0.6359774901359083,-0.4379098193951574,-0.1446135198363653,1.5882268573455445,-0.2020454871191189,-0.2073567129463963,-0.5251530779927517,1.2682287427339467,-0.2192296649910203,-0.3124943305803233,-0.2886514946017978,0.2959479588785432,-6.67,9.12,41.88,16.7,42.1,10.6,0.8333333333333334,0.6712328767123288,4,5,3,4,1,3,1,4,3,0.7249465119962123,1.389480814659407,0.0604122093330176,0.7249465119962123,-1.2686563959933717,0.0604122093330176,0.7249465119962123,0.7249465119962123,-1.9331906986565663,-1.2686563959933717,0.0604122093330176,0.3,0.6,0.282842712474619,-1,3,0.814078599594436,0.9,1.0,551.0,43.0,17.0,0.0308529945553539,0.3953488372093023,0.0294627383015597,0,924.0,11901992.0,-0.7977119766339881,-0.70287777031615,-0.6450552541976357,-0.6028194775205034,-0.9942554810346128,1.4462904983191245,True,False,False,False,True,True,False,False,False,True,False,False,False,False,True,False,False,False,True,False,True,Medium,,False,False,
Closure,133,Closure-133,0.0,0.0,0.125,0.25,0.5,0.0,0.0,8.0,4.0,2.0,0.0,0.0,0.0,0.0,0.0,0.0,0.0,0.0,1.0,1.0,-1.0231586669890729,-0.4554019288379759,0.2407462146639782,-0.506518317602615,0.5775185551070113,0.225196096688388,1.5882268573455445,-0.2020454871191189,-0.2073567129463963,-0.5251530779927517,-0.4635308650875505,-0.2192296649910203,-0.3124943305803233,-0.2886514946017978,-0.673136533919824,-46.23,12.51,41.75,21.6,53.8,11.2,0.7916666666666666,0.5854922279792745,4,5,3,4,1,2,3,3,1,1.095445115010332,1.7648837964055353,0.4260064336151291,1.095445115010332,-0.912870929175277,-0.2434322477800739,-0.2434322477800739,0.4260064336151291,-1.58230961057048,-0.912870929175277,-0.912870929175277,0.2,0.5499999999999999,0.2516611478423583,-1,3,0.9237551666104498,0.9,1.0,563.0,36.0,13.0,0.0230905861456483,0.3611111111111111,0.0221843003412969,0,933.0,12414790.0,-0.7977119766339881,-0.70287777031615,-0.6450552541976357,-0.6028194775205034,-0.9942554810346128,1.4462904983191245,True,False,False,False,True,False,False,False,True,True,False,False,False,False,True,False,False,False,True,False,True,Medium,,False,False,
Closure,60,Closure-60,0.125,0.0,0.3333333333333333,0.0714285714285714,0.0625,8.0,0.0,3.0,14.0,16.0,0.0,0.0,0.0,0.0,0.0,0.0,0.0,1.0,0.0,0.0,-1.0231586669890729,1.0559677475519682,0.8478250847491566,0.2625066132753166,-0.6011343465993985,0.5124040711023333,1.5882268573455445,-0.2020454871191189,-0.2073567129463963,-0.5251530779927517,1.2682287427339467,-0.2192296649910203,-0.3124943305803233,-0.9212604132172866,0.2959479588785432,24.78,10.98,49.11,15.0,31.0,13.6,0.8958333333333334,0.7309417040358746,1,2,1,3,1,0,3,1,0,0.0,1.0488088481701514,0.0,2.097617696340303,0.0,-1.0488088481701514,1.0488088481701514,0.0,-1.0488088481701514,-1.0488088481701514,-1.0488088481701514,0.0,0.3,0.1999999999999999,-2,1,0.8240053754080053,0.5,1.0,689.0,93.0,36.0,0.0522496371552975,0.3870967741935484,0.0482573726541554,0,919.0,11946200.0,-0.7977119766339881,-0.70287777031615,-0.6450552541976357,-0.6028194775205034,-0.9942554810346128,1.4462904983191245,True,False,False,False,True,True,False,False,False,True,False,False,False,False,True,False,False,False,True,False,False,Medium,,False,False,
Closure,74,Closure-74,0.0,1.0,0.0158730158730158,0.0043859649122807,0.0035460992907801,0.0,1.0,63.0,228.0,282.0,0.0,1.0,0.0,0.0,0.0,0.0,1.0,0.0,0.0,0.0,-1.0231586669890729,-0.4554019288379759,0.8334661194573462,-0.1714356483996395,0.0619124374841446,-0.9885820358860216,1.5882268573455445,-0.2020454871191189,-0.2073567129463963,-0.5251530779927517,-0.4635308650875505,-0.2192296649910203,-0.3124943305803233,-0.7103907736787903,-0.673136533919824,11.28,7.5,50.0,14.0,36.3,9.8,0.875,0.7433155080213903,2,4,3,3,1,1,3,2,1,0.1632993161855452,1.9595917942265424,1.061445555206044,1.061445555206044,-0.7348469228349535,-0.7348469228349535,0.1632993161855452,0.1632993161855452,-1.632993161855452,-0.7348469228349535,-0.7348469228349535,0.1,0.4499999999999999,0.1914854215512676,0,3,0.9534258343338372,0.8,1.0,414.0,38.0,10.0,0.0241545893719806,0.2631578947368421,0.0226244343891402,0,581.0,7648819.0,-0.7977119766339881,-0.70287777031615,-0.6450552541976357,-0.6028194775205034,-0.9942554810346128,1.4462904983191245,False,False,False,False,True,False,False,False,True,True,False,False,False,False,True,False,False,False,True,False,True,Medium,,False,False,
Closure,127,Closure-127,0.0,0.25,0.0054644808743169,0.0072463768115942,0.0075757575757575,0.0,4.0,183.0,138.0,132.0,0.0,0.0,0.0,0.0,0.0,0.0,1.0,0.0,0.0,0.0,-1.0231586669890729,-0.7576758641159647,-0.3718377211806946,0.0759251664600067,0.4038501769199036,0.1297640910273867,1.5882268573455445,-0.2020454871191189,-0.2073567129463963,-0.5251530779927517,5.59762776228769,3.1090752489635607,-0.3124943305803233,0.9765663426291796,0.2959479588785432,10.77,8.33,47.9,14.2,35.7,12.3,0.7916666666666666,0.5051546391752576,5,4,5,4,5,2,2,3,3,1.2532566273166257,0.4423258684646913,1.2532566273166257,0.4423258684646913,1.2532566273166257,-1.179535649239177,-0.3686048903872428,-0.3686048903872428,-0.3686048903872428,-1.9904664080911112,-0.3686048903872428,0.7,0.85,0.1914854215512676,1,25,0.664844584761235,0.9,1.0,253.0,51.0,6.0,0.0237154150197628,0.1176470588235294,0.0201342281879194,0,937.0,12461212.0,-0.7977119766339881,-0.70287777031615,-0.6450552541976357,-0.6028194775205034,-0.9942554810346128,1.4462904983191245,True,False,False,False,True,True,False,False,False,True,False,False,False,False,True,False,False,False,True,False,True,Medium,,False,False,
Mockito,2,Mockito-2,0.0,0.2,0.0,0.001233045622688,0.0,0.0,5.0,0.0,811.0,0.0,0.0,0.0,0.0,0.0,0.0,0.0,1.0,0.0,0.0,0.0,-0.4588680270811947,0.4514198769959905,-2.430552480032573,0.8087188326093441,0.5775185551070113,1.657857661530418,-0.989048839743788,-0.2020454871191189,-0.2073567129463963,-0.5251530779927517,-0.4635308650875505,-0.2192296649910203,-0.3124943305803233,-0.2886514946017978,-0.673136533919824,-54.69,15.5,69.14,22.8,39.8,14.2,0.6666666666666666,0.3610648918469216,4,5,4,4,1,3,1,3,2,0.7741387344280377,1.4291792020209926,0.7741387344280377,0.7741387344280377,-1.1909826683508271,0.1190982668350826,0.7741387344280377,0.1190982668350826,-1.8460231359437824,-1.1909826683508271,-0.5359422007578724,0.3,0.6,0.282842712474619,0,4,0.7262662424421971,0.4,1.0,17.0,43.0,1.0,0.0588235294117647,0.0232558139534883,0.0169491525423728,0,919.0,3252824.0,-0.7977119766339881,-0.70287777031615,-0.6450552541976357,-0.5724665786137881,-0.791552786505331,-0.7063468645459341,False,False,False,False,True,False,False,False,True,True,False,False,False,False,False,True,False,False,True,False,True,,,False,False,
Compress,16,Compress-16,0.5,0.0,0.1428571428571428,0.1111111111111111,0.1666666666666666,2.0,0.0,7.0,9.0,6.0,0.0,0.0,0.0,0.0,0.0,1.0,0.0,0.0,0.0,0.0,0.161560053747751,-0.4554019288379759,0.2237561649311935,-0.004227542911392,0.2319908443389094,-0.0945067379465635,-1.1731399609644546,-0.2020454871191189,-0.2073567129463963,-0.5251530779927517,-0.4635308650875505,-0.2192296649910203,0.3450983257567985,-0.4995211341402941,-0.673136533919824,33.65,13.8,58.53,13.7,20.6,13.3,0.75,0.5060034305317325,3,2,1,1,1,2,4,1,1,2.1821789023599236,0.9819805060619656,-0.2182178902359924,-0.2182178902359924,-0.2182178902359924,0.9819805060619656,-0.2182178902359924,-0.2182178902359924,-1.4184162865339505,-1.4184162865339505,-0.2182178902359924,0.2,0.2,0.0,0,1,0.9604693268996696,0.9,1.0,141.0,88.0,20.0,0.1418439716312056,0.2272727272727272,0.0956937799043062,1,164.0,1302626.0,0.5965098977550859,1.0034243814301251,0.6895581382508539,0.5323789415906438,0.8640888023771953,0.0730625198030354,True,False,False,False,True,False,False,False,True,True,False,False,False,False,False,True,False,False,True,False,False,Minor,Archivers,True,False,patch
Jsoup,77,Jsoup-77,0.0,0.25,0.0625,0.0526315789473684,0.3333333333333333,0.0,4.0,16.0,19.0,3.0,0.0,1.0,0.0,0.0,0.0,0.0,1.0,0.0,0.0,1.0,-0.1876585722417495,-0.7576758641159647,-2.430552480033038,4.163331944642799,0.2319908443389094,-0.4698726470356017,-0.5748438169972881,-0.2020454871191189,-0.2073567129463963,-0.5251530779927517,-0.4635308650875505,-0.2192296649910203,-0.3124943305803233,-0.4995211341402941,-0.673136533919824,10.36,9.57,49.33,14.3,31.7,13.0,0.875,0.7352941176470588,5,5,4,4,0,3,1,5,3,1.042212500669477,1.042212500669477,0.4962916669854652,0.4962916669854652,-1.6873916677505816,-0.0496291666985464,0.4962916669854652,1.042212500669477,-1.6873916677505816,-1.1414708340665698,-0.0496291666985464,0.3,0.65,0.443471156521669,0,0,0.8450473660608971,0.9,1.0,117.0,44.0,14.0,0.1196581196581196,0.3181818181818182,0.0952380952380952,0,111.0,1063006.0,-0.7977119766339881,-0.70287777031615,-0.6450552541976357,-0.542113679707073,0.0130209856262804,-1.6096596082632637,False,True,False,False,True,False,False,False,True,True,False,False,False,False,False,True,False,False,True,False,True,,,False,False,
Jsoup,63,Jsoup-63,0.5,0.5,1.0,1.0,1.0,2.0,2.0,1.0,1.0,1.0,0.0,1.0,1.0,1.0,1.0,1.0,1.0,1.0,1.0,1.0,-0.500424314516271,-0.7576758641159647,-2.4305524800329112,1.2381093513246484,-1.8496029254103703,-0.5211868890800814,-0.5748438169972881,-0.2020454871191189,-0.2073567129463963,0.6929103112404362,-0.4635308650875505,-0.2192296649910203,-0.3124943305803233,-0.7103907736787903,-0.673136533919824,32.43,14.24,62.03,14.2,25.4,14.6,0.7916666666666666,0.5833333333333333,5,5,4,4,1,3,1,3,1,1.2865350418053536,1.2865350418053536,0.6968731476445665,0.6968731476445665,-1.072112534837795,0.1072112534837793,0.6968731476445665,0.1072112534837793,-1.661774428998582,-1.072112534837795,-1.072112534837795,0.3,0.6,0.282842712474619,0,4,0.9475938882130284,0.9,2.0,399.0,40.0,16.0,0.0401002506265664,0.4,0.0378250591016548,0,92.0,923548.0,-0.7977119766339881,-0.70287777031615,-0.6450552541976357,-0.5906783179578173,1.3758067934616065,-0.5956398001700168,True,False,False,False,True,False,False,False,True,True,False,False,False,False,False,True,False,False,True,False,True,,,False,False,
Lang,6,Lang-6,0.125,0.3333333333333333,0.3333333333333333,1.0,0.5,8.0,3.0,3.0,1.0,2.0,0.0,0.0,0.0,1.0,0.0,0.0,1.0,1.0,1.0,1.0,0.5370247560120367,-0.7576758641159647,1.1476026021809014,-0.4597981088998569,1.1096681845252594,0.4067102455456853,0.1845320580379615,0.7653167935257451,-0.2073567129463963,1.910973700473624,-0.4635308650875505,-0.2192296649910203,-0.0494572680454745,-0.4995211341402941,-0.673136533919824,-7.99,10.47,51.6,17.3,32.6,12.5,0.9791666666666666,0.9285714285714284,5,5,4,4,5,3,1,5,4,0.9370425713316364,0.9370425713316364,0.0780868809443029,0.0780868809443029,0.9370425713316364,-0.7808688094430304,0.0780868809443029,0.9370425713316364,-0.7808688094430304,-2.498780190217697,0.0780868809443029,0.8,0.9,0.1154700538379251,0,20,0.7175469274253998,0.6,1.0,149.0,88.0,24.0,0.1610738255033557,0.2727272727272727,0.1126760563380281,1,235.0,4342332.0,0.0736766948591831,0.363561074525272,0.6219827766078924,0.5809435798413881,-0.6945528387654688,-0.491652609043255,True,True,False,False,True,False,False,False,True,True,False,True,False,False,False,False,False,False,True,False,True,Minor,lang.text.translate.*,True,False,patch
Jsoup,88,Jsoup-88,0.1428571428571428,1.0,0.0294117647058823,0.5,0.5,7.0,1.0,34.0,2.0,2.0,0.0,1.0,0.0,0.0,0.0,0.0,1.0,0.0,1.0,1.0,-0.039659864358934,-0.1531279935599871,-0.4653573955563853,1.2500052025839494,1.1096681845252594,-0.4716716244496773,-0.5748438169972881,-0.2020454871191189,-0.2073567129463963,-0.5251530779927517,2.999988350555444,-0.2192296649910203,0.3450983257567985,-0.0777818550633016,-0.673136533919824,11.07,8.96,51.04,14.1,28.1,11.4,0.8125,0.6129032258064516,5,5,5,5,1,4,1,2,3,1.0101525445522108,1.0101525445522108,1.0101525445522108,1.0101525445522108,-1.212183053462653,0.454568645048495,0.454568645048495,-0.656599153958937,-1.7677669529663689,-1.212183053462653,-0.1010152544552209,0.4,0.65,0.412310562561766,0,5,0.8234908233495557,0.7,1.0,126.0,55.0,12.0,0.0952380952380952,0.2181818181818181,0.0710059171597633,0,115.0,1086561.0,-0.7977119766339881,-0.70287777031615,-0.6450552541976357,-0.5056902010190149,-0.5844322127363083,-1.3864451758854646,False,True,False,False,True,False,False,False,True,True,False,False,False,False,False,True,False,False,True,False,True,,,False,False,
Jsoup,1,Jsoup-1,0.3333333333333333,0.25,1.0,0.25,0.25,3.0,4.0,1.0,4.0,4.0,0.0,0.0,1.0,0.0,0.0,1.0,1.0,1.0,1.0,1.0,-0.6134282540327065,-0.7576758641159647,-2.43055248003297,-0.8826129064472193,0.9303979192957068,-0.525283068026672,-0.5748438169972881,-0.2020454871191189,-0.2073567129463963,-0.5251530779927517,-0.4635308650875505,-0.2192296649910203,-0.3124943305803233,-0.0777818550633016,0.2959479588785432,2.62,21.34,73.94,21.5,31.5,0.0,0.8958333333333334,0.7872340425531916,4,5,4,4,1,2,1,4,2,0.7456011350793256,1.3764944032233704,0.7456011350793256,0.7456011350793256,-1.1470786693528088,-0.516185401208764,0.7456011350793256,0.7456011350793256,-1.7779719374968537,-1.1470786693528088,-0.516185401208764,0.2,0.65,0.3,0,4,0.935099532460526,0.6,1.0,84.0,42.0,8.0,0.0952380952380952,0.1904761904761904,0.0677966101694915,0,41.0,210192.0,-0.7977119766339881,-0.70287777031615,-0.6450552541976357,-0.542113679707073,0.8129170032687542,-0.3672660167863627,False,False,False,False,True,True,False,False,False,True,False,False,False,False,False,True,False,False,True,False,True,,,False,False,
JxPath,6,JxPath-6,0.0,0.5,0.2,0.0161290322580645,0.0714285714285714,0.0,2.0,5.0,62.0,14.0,0.0,0.0,0.0,0.0,0.0,0.0,1.0,1.0,0.0,0.0,-0.230672975025425,-0.7576758641159647,-0.2369402354759464,-0.8523108218024871,0.5775185551070113,0.5735340721563769,-0.5748438169972881,-0.2020454871191189,-0.2073567129463963,-0.5251530779927517,-0.4635308650875505,-0.2192296649910203,-0.0494572680454745,-0.4995211341402941,-0.673136533919824,45.76,11.9,56.62,11.1,15.7,11.9,0.9375,0.875,2,4,2,3,3,0,3,2,2,-0.1767766952966367,1.7677669529663689,-0.1767766952966367,0.7954951288348661,0.7954951288348661,-2.1213203435596424,-0.1767766952966367,-0.1767766952966367,0.7954951288348661,-1.1490485194281397,-0.1767766952966367,0.5,0.5,0.1154700538379251,-1,6,0.7411381678415283,1.0,1.0,104.0,58.0,4.0,0.0384615384615384,0.0689655172413793,0.0253164556962025,0,208.0,1186821.0,1.4678985692482571,2.069863226271547,0.1132478096935515,0.3624027077130389,0.7621299545295497,0.1700840617634112,False,False,False,False,True,False,False,False,True,True,False,False,False,False,False,True,False,False,True,False,True,Major,,False,False,
Collections,12,Collections-12,0.0,0.0,0.0,0.0,0.0,0.0,0.0,0.0,0.0,0.0,0.0,0.0,0.0,0.0,0.0,0.0,0.0,0.0,0.0,0.0,0.1455207849131602,-0.1531279935599871,0.4771330182401295,-0.8060186063543004,-0.1064125837329401,0.7458419345833103,0.1845320580379615,-0.2020454871191189,-0.2073567129463963,-0.5251530779927517,-0.4635308650875505,-0.2192296649910203,0.3450983257567985,-0.4995211341402941,-0.673136533919824,-2.37,14.11,63.18,17.2,30.5,14.4,0.9166666666666666,0.822550831792976,5,5,4,4,2,3,1,4,3,1.1909826683508271,1.1909826683508271,0.5359422007578724,0.5359422007578724,-0.7741387344280377,-0.1190982668350826,0.5359422007578724,0.5359422007578724,-2.084219669613948,-1.4291792020209926,-0.1190982668350826,0.3,0.7,0.2,0,8,0.8964982098553249,0.4,1.0,558.0,80.0,30.0,0.053763440860215,0.375,0.0493421052631578,3,469.0,3751758.0,1.4678985692482571,-0.4895900013478655,0.225344784355727,0.4898848831212426,-0.3382561014865521,0.07191433587451,False,False,False,False,True,False,False,False,True,True,False,False,False,False,False,True,False,False,True,False,True,Major,Collection,True,False,patch
JacksonDatabind,100,JacksonDatabind-100,0.5,1.0,1.0,0.3333333333333333,0.5,2.0,1.0,1.0,3.0,2.0,0.0,1.0,1.0,0.0,0.0,1.0,1.0,1.0,1.0,1.0,-0.4807397573101822,-0.4554019288379759,-0.0047312184070453,-0.0819438720671483,-1.546710917989482,0.7067752052575318,-0.989048839743788,-0.2020454871191189,-0.2073567129463963,-0.5251530779927517,0.4023489388231981,-0.2192296649910203,-0.1809757993128989,-0.2886514946017978,1.2650324516769105,8.13,14.16,58.38,15.2,22.2,13.5,0.8958333333333334,0.7540983606557379,4,5,3,3,5,3,2,4,3,0.5958795715311239,1.5322617553657476,-0.3405026123034996,-0.3405026123034996,1.5322617553657476,-0.3405026123034996,-0.3405026123034996,0.5958795715311239,-0.3405026123034996,-2.2132669799727465,-0.3405026123034996,0.8,0.75,0.1914854215512676,0,15,0.6687227192993794,0.4,1.0,148.0,48.0,14.0,0.0945945945945946,0.2916666666666667,0.0769230769230769,0,919.0,6373127.0,-0.7977119766339881,-0.70287777031615,-0.6450552541976357,-0.6028194775205034,0.2833562138110053,0.2386973110406,False,False,False,False,True,True,False,False,False,True,False,False,False,False,False,True,False,False,True,False,True,,,False,False,
Gson,18,Gson-18,1.0,0.0,0.0555555555555555,0.125,0.0,1.0,0.0,18.0,8.0,0.0,1.0,0.0,0.0,0.0,0.0,1.0,0.0,0.0,0.0,0.0,-0.300662511758185,-0.4554019288379759,1.0058809277068226,-0.8006533247319785,-1.6988993040710567,0.1100865997533121,0.4146459595637947,-0.2020454871191189,-0.2073567129463963,0.6929103112404362,0.4023489388231981,-0.2192296649910203,-0.3124943305803233,-0.0777818550633016,-0.673136533919824,8.13,12.64,52.57,15.2,27.1,13.2,0.8125,0.5764705882352942,5,5,4,4,1,3,1,3,3,1.2535663410560176,1.2535663410560176,0.6267831705280088,0.6267831705280088,-1.2535663410560176,0.0,0.6267831705280088,0.0,-1.8803495115840263,-1.2535663410560176,0.0,0.3,0.6,0.282842712474619,0,4,0.8669725979636598,0.6,1.0,214.0,60.0,18.0,0.0841121495327102,0.3,0.0703125,0,195.0,1261599.0,-0.7977119766339881,-0.70287777031615,-0.6450552541976357,-0.4996196212376718,-0.3647076893715546,0.1260769432614903,True,True,False,False,True,False,False,False,True,True,False,False,False,False,False,True,False,False,True,False,True,,,False,False,
Collections,16,Collections-16,0.0,0.0,0.0,0.0,0.0,0.0,0.0,0.0,0.0,0.0,0.0,0.0,0.0,0.0,0.0,0.0,0.0,0.0,0.0,0.0,0.0813637095747968,-0.7576758641159647,0.0881106921178666,-0.557626966721904,-1.39301571620413,0.8252049795050124,0.1845320580379615,-0.2020454871191189,-0.2073567129463963,-0.5251530779927517,-0.4635308650875505,-0.2192296649910203,0.2135797944893742,-0.4995211341402941,0.2959479588785432,35.23,9.36,51.5,11.0,22.9,11.2,0.7916666666666666,0.4999999999999999,5,5,4,4,2,3,1,4,3,1.1909826683508271,1.1909826683508271,0.5359422007578724,0.5359422007578724,-0.7741387344280377,-0.1190982668350826,0.5359422007578724,0.5359422007578724,-2.084219669613948,-1.4291792020209926,-0.1190982668350826,0.3,0.7,0.2,0,8,0.9972561882813212,0.4,1.0,195.0,75.0,13.0,0.0666666666666666,0.1733333333333333,0.0505836575875486,1,469.0,3754831.0,1.6421763035468917,0.0080814595781312,0.1821844518654777,0.4048967661824401,-0.1054821280985306,-0.3616686201348024,False,False,False,False,True,True,False,False,False,True,False,False,False,False,False,True,False,False,True,False,True,Minor,List,True,False,patch
JxPath,2,JxPath-2,0.0,0.0,0.05,0.0666666666666666,0.0769230769230769,0.0,0.0,20.0,15.0,13.0,0.0,0.0,0.0,0.0,0.0,0.0,0.0,0.0,0.0,0.0,0.9977892061693736,0.1491459417180017,0.9060817424084208,-0.6713415931261396,-0.2730111944760022,0.5089034083530292,0.1845320580379615,-0.2020454871191189,-0.2073567129463963,-0.5251530779927517,1.2682287427339467,-0.2192296649910203,0.2135797944893742,2.874393098475646,0.2959479588785432,32.29,10.63,51.91,12.1,17.4,11.5,0.75,0.1246200607902732,5,5,5,5,5,5,1,5,4,0.5996253511966894,0.5996253511966894,0.5996253511966894,0.5996253511966894,0.5996253511966894,0.5996253511966894,-0.2248595066987582,0.5996253511966894,-1.0493443645942058,-2.698314080385101,-0.2248595066987582,1.0,1.0,0.0,0,25,0.9249200984202188,0.5,1.0,124.0,139.0,24.0,0.1935483870967742,0.1726618705035971,0.100418410041841,2,201.0,1173362.0,1.1193431006509886,1.6432876883349783,0.1308827646677652,0.6355787978734754,0.2912916901765061,-0.4114289628445437,False,True,True,False,True,True,False,False,False,True,False,False,False,False,False,True,False,False,True,False,True,Major,,True,False,"patch,txt"
JacksonDatabind,110,JacksonDatabind-110,0.0,1.0,1.0,0.25,0.25,0.0,1.0,1.0,4.0,4.0,0.0,1.0,1.0,0.0,0.0,0.0,1.0,1.0,1.0,1.0,0.7754266155080006,-0.1531279935599871,0.6049699830784757,-0.3129993065119503,-0.4379098193951574,0.2790757659923945,0.4146459595637947,-0.2020454871191189,-0.2073567129463963,0.6929103112404362,2.999988350555444,-0.2192296649910203,-0.1809757993128989,-0.7103907736787903,-0.673136533919824,-20.61,14.25,56.27,20.0,30.8,15.6,0.9166666666666666,0.6666666666666664,5,5,5,4,5,4,1,5,3,0.82915619758885,0.82915619758885,0.82915619758885,0.0,0.82915619758885,0.0,0.0,0.82915619758885,-0.82915619758885,-2.48746859276655,-0.82915619758885,0.9,0.95,0.0999999999999999,1,25,0.8362859681418605,0.8,1.0,90.0,117.0,24.0,0.2666666666666666,0.2051282051282051,0.1311475409836065,0,923.0,6399263.0,-0.7977119766339881,-0.70287777031615,-0.6450552541976357,-0.4753373021122996,-0.2112884796385403,-0.5076255631661744,True,True,False,False,True,False,False,False,True,True,False,False,True,False,False,False,False,False,True,False,True,,,False,False,
JacksonDatabind,104,JacksonDatabind-104,1.0,1.0,1.0,1.0,1.0,1.0,1.0,1.0,1.0,1.0,1.0,1.0,1.0,1.0,1.0,1.0,1.0,1.0,1.0,1.0,1.608739537232425,1.9627895533859343,0.961114297123872,-0.3845154562752544,-1.39301571620413,0.4128823161339283,-1.5873449837109543,-0.0085730309901461,0.0891207790231942,3.1290370897068125,0.4023489388231981,-0.2192296649910203,-0.1809757993128989,1.187435982167676,1.2650324516769105,10.46,8.63,41.22,14.3,27.1,12.0,0.9583333333333334,0.8327526132404183,5,5,4,4,5,3,1,5,4,0.9370425713316364,0.9370425713316364,0.0780868809443029,0.0780868809443029,0.9370425713316364,-0.7808688094430304,0.0780868809443029,0.9370425713316364,-0.7808688094430304,-2.498780190217697,0.0780868809443029,0.8,0.9,0.1154700538379251,0,20,0.829042169657617,0.6,1.0,333.0,125.0,57.0,0.1711711711711711,0.456,0.14214463840399,0,921.0,6385487.0,-0.7977119766339881,-0.70287777031615,-0.6450552541976357,-0.1111025152317176,-0.5103677666583014,-1.475407641540338,True,True,False,True,True,True,False,False,False,True,False,False,False,False,False,True,False,False,True,False,True,,,False,False,
Jsoup,5,Jsoup-5,1.0,1.0,0.125,1.0,0.5,1.0,1.0,8.0,1.0,2.0,1.0,1.0,0.0,1.0,0.0,1.0,1.0,0.0,1.0,1.0,0.208948802577224,-0.1531279935599871,0.9773702850399932,0.1146839255715147,1.290866087015343,0.1207256328712673,-0.5748438169972881,1.3457341619126637,1.867985730840738,1.910973700473624,0.4023489388231981,-0.2192296649910203,-0.3124943305803233,-0.2886514946017978,0.2959479588785432,11.07,8.99,41.43,14.1,28.6,11.1,0.9375,0.8577075098814229,5,5,4,4,3,3,1,5,3,1.0533703247651751,1.0533703247651751,0.4096440151864569,0.4096440151864569,-0.2340822943922612,-0.2340822943922612,0.4096440151864569,1.0533703247651751,-2.1652612231284154,-1.5215349135496974,-0.2340822943922612,0.3,0.8,0.1632993161855452,0,12,0.9865076165279544,0.6,1.0,170.0,69.0,26.0,0.1529411764705882,0.3768115942028985,0.1220657276995305,0,50.0,357531.0,-0.7977119766339881,-0.70287777031615,-0.6450552541976357,-0.4753373021122996,-0.8077228020233364,-1.083927480243507,True,True,False,False,True,True,False,False,False,True,False,True,False,False,False,False,False,False,True,False,True,,,False,False,
Jsoup,67,Jsoup-67,0.0,1.0,0.0714285714285714,0.125,0.05,0.0,1.0,14.0,8.0,20.0,0.0,1.0,0.0,0.0,0.0,0.0,1.0,0.0,0.0,0.0,-0.4428287582466039,-0.4554019288379759,-2.430552480032864,-0.5704410793564065,1.474022885748566,0.0307191226675384,-0.5748438169972881,-0.2020454871191189,-0.2073567129463963,-0.5251530779927517,-0.4635308650875505,-0.2192296649910203,-0.3124943305803233,-0.4995211341402941,-0.673136533919824,22.21,13.11,48.17,13.9,24.4,13.8,0.7083333333333334,0.4084507042253522,5,5,2,2,2,3,4,2,3,1.7648837964055353,1.7648837964055353,-0.2434322477800739,-0.2434322477800739,-0.2434322477800739,0.4260064336151291,-0.912870929175277,-0.2434322477800739,-1.58230961057048,-0.912870929175277,0.4260064336151291,0.3,0.4,0.0,0,4,0.964671719823683,0.9,1.0,291.0,69.0,17.0,0.0584192439862542,0.2463768115942029,0.0495626822157434,0,102.0,988052.0,-0.7977119766339881,-0.70287777031615,-0.6450552541976357,-0.5906783179578173,0.2352143238603009,0.3169042712786702,True,False,False,False,True,False,False,False,True,True,False,False,False,False,False,False,True,False,False,True,True,,,False,False,
Jsoup,73,Jsoup-73,0.125,1.0,0.0232558139534883,0.3333333333333333,0.1,8.0,1.0,43.0,3.0,10.0,0.0,1.0,0.0,0.0,0.0,0.0,1.0,0.0,1.0,0.0,-0.4107502205774222,-0.1531279935599871,-0.737557861677832,-0.4768015806497007,-1.8496029254103703,0.7923251490189935,-0.5748438169972881,-0.2020454871191189,-0.2073567129463963,-0.5251530779927517,-0.4635308650875505,-0.2192296649910203,-0.3124943305803233,-0.4995211341402941,-0.673136533919824,31.41,15.08,61.4,14.5,21.3,15.1,0.875,0.6,0,1,0,0,1,0,4,0,0,-0.6123724356957945,1.632993161855452,-0.6123724356957945,-0.6123724356957945,1.632993161855452,-0.6123724356957945,1.632993161855452,-0.6123724356957945,-0.6123724356957945,-0.6123724356957945,-0.6123724356957945,0.0,0.05,0.1,0,0,0.7023131407640935,1.0,1.0,107.0,49.0,7.0,0.0654205607476635,0.1428571428571428,0.046979865771812,0,109.0,1040879.0,-0.7977119766339881,-0.70287777031615,-0.6450552541976357,-0.5846077381764743,1.0372264685335753,-0.5171040194588957,False,False,False,False,True,False,False,False,True,True,False,False,False,False,False,True,False,False,True,False,False,,,False,False,
Compress,12,Compress-12,0.5,0.3333333333333333,0.1666666666666666,0.5,0.1428571428571428,2.0,3.0,6.0,2.0,7.0,0.0,0.0,0.0,0.0,0.0,1.0,1.0,0.0,1.0,0.0,1.8653678385858783,-0.7576758641159647,0.5631718268663252,0.9346829522040108,1.474022885748566,-1.128620757468339,-1.1731399609644546,5.408655740621092,6.315148110384597,1.910973700473624,-0.4635308650875505,-0.2192296649910203,-0.0494572680454745,-0.0777818550633016,2.2341169444752773,-169.98,11.67,51.38,38.1,83.3,9.9,0.8125,0.4881516587677725,5,5,4,3,5,4,2,5,4,0.99124070716193,0.99124070716193,0.1524985703326045,-0.6862435664967211,0.99124070716193,0.1524985703326045,-0.6862435664967211,0.99124070716193,-0.6862435664967211,-2.3637278401553723,0.1524985703326045,0.9,0.85,0.1914854215512676,1,20,0.7085139047870175,0.7,1.0,266.0,104.0,28.0,0.1052631578947368,0.2692307692307692,0.0818713450292397,0,158.0,1223323.0,0.5965098977550859,1.0034243814301251,0.3362781226027242,0.562731840497359,-1.1345127895494858,-1.700684432293552,True,False,False,False,True,True,False,False,False,True,False,True,False,False,False,False,False,False,True,False,True,Major,Archivers,False,False,
Math,17,Math-17,0.5,1.0,0.3333333333333333,0.0666666666666666,0.0285714285714285,2.0,1.0,3.0,15.0,35.0,0.0,1.0,0.0,0.0,0.0,1.0,1.0,1.0,0.0,0.0,-0.1213143238804874,-0.7576758641159647,0.0479057882335381,-0.4590554968936094,2.6159390163981437,0.0566196788525983,-0.5748438169972881,-0.2020454871191189,-0.2073567129463963,-0.5251530779927517,-0.4635308650875505,-0.2192296649910203,-0.0494572680454745,-0.4995211341402941,0.2959479588785432,35.23,9.14,48.88,11.0,16.2,11.0,0.7916666666666666,0.5721925133689838,4,5,1,3,2,3,2,4,3,0.933138949631687,1.5746719775034717,-0.9914601339836674,0.2916059217599022,-0.3499271061118826,0.2916059217599022,0.2916059217599022,0.933138949631687,-1.632993161855452,-1.632993161855452,0.2916059217599022,0.3,0.5,0.2581988897471611,-2,2,0.9320418736659865,0.4,1.0,581.0,65.0,18.0,0.0309810671256454,0.2769230769230769,0.0286624203821656,1,1063.0,9414827.0,2.3392872407414287,0.2924651515358439,0.2178413357475083,0.3563321279316959,0.1503768674436747,0.3647596198820794,False,False,False,False,True,True,False,False,False,True,False,False,False,False,False,True,False,False,True,False,False,Major,,True,False,patch
Closure,58,Closure-58,0.0,0.0,0.0056179775280898,0.0016420361247947,0.0013210039630118,0.0,0.0,178.0,609.0,757.0,0.0,0.0,0.0,0.0,0.0,0.0,0.0,0.0,0.0,0.0,-1.0231586669890729,-0.7576758641159647,1.0519808055242663,-0.6157832200752406,1.474022885748566,-0.7534194450704303,1.5882268573455445,-0.2020454871191189,-0.2073567129463963,-0.5251530779927517,0.4023489388231981,-0.2192296649910203,-0.3124943305803233,0.7656967030906834,-0.673136533919824,4.74,7.19,35.97,14.4,43.0,9.4,0.9166666666666666,0.8064516129032258,2,1,2,3,1,0,2,1,0,0.691094740465088,-0.259160527674408,0.691094740465088,1.641350008604584,-0.259160527674408,-1.209415795813904,1.641350008604584,-0.259160527674408,-1.209415795813904,-0.259160527674408,-1.209415795813904,0.0,0.35,0.1914854215512676,-1,2,0.916914110593074,0.5,1.0,197.0,66.0,16.0,0.0812182741116751,0.2424242424242424,0.0647773279352226,0,933.0,12109664.0,-0.7977119766339881,-0.70287777031615,-0.6450552541976357,-0.6028194775205034,-0.9942554810346128,1.4462904983191245,True,False,False,False,True,False,False,False,True,True,False,False,False,False,True,False,False,False,True,False,True,Medium,,False,False,
Lang,63,Lang-63,0.5,1.0,1.0,0.1428571428571428,0.5,2.0,1.0,1.0,7.0,2.0,0.0,1.0,1.0,0.0,0.0,1.0,1.0,1.0,0.0,1.0,0.2789383393099841,-0.4554019288379759,0.8052775488992374,0.2847004382610587,-1.081014456579866,0.2538201672100947,-1.5873449837109543,-0.2020454871191189,-0.2073567129463963,-0.5251530779927517,0.4023489388231981,-0.2192296649910203,0.3450983257567985,0.1330877844751946,-0.673136533919824,21.46,8.31,46.24,12.2,22.3,10.6,0.9375,0.8745644599303136,5,5,5,2,1,3,2,1,1,1.4326046282706224,1.4326046282706224,1.4326046282706224,-0.2558222550483254,-0.8186312161546414,0.3069867060579905,0.3069867060579905,-0.8186312161546414,-1.3814401772609572,-0.8186312161546414,-0.8186312161546414,0.3,0.4499999999999999,0.3785938897200182,3,5,0.9394617854472224,0.9,1.0,291.0,81.0,27.0,0.0927835051546391,0.3333333333333333,0.0782608695652174,2,221.0,3373073.0,0.2479544291578174,0.5768488434935564,0.9693964302158596,0.4716731437772135,-0.5961590833653261,-0.4610070332366667,False,True,False,False,True,False,False,False,True,True,False,False,False,False,False,True,False,False,True,False,True,Major,,True,True,patch
Closure,123,Closure-123,0.3333333333333333,0.25,0.0454545454545454,0.0125,0.0256410256410256,3.0,4.0,22.0,80.0,39.0,0.0,0.0,0.0,0.0,0.0,1.0,1.0,0.0,0.0,0.0,-1.0231586669890729,1.0559677475519682,0.2687678806518486,-0.5825516031641153,0.0619124374841446,-0.2118549608387678,1.5882268573455445,-0.2020454871191189,-0.2073567129463963,0.6929103112404362,0.4023489388231981,-0.2192296649910203,-0.3124943305803233,-0.2886514946017978,0.2959479588785432,-40.31,11.31,41.64,21.4,50.1,11.9,0.6875,0.3333333333333333,4,5,5,4,2,3,1,4,3,0.5359422007578724,1.1909826683508271,1.1909826683508271,0.5359422007578724,-0.7741387344280377,-0.1190982668350826,0.5359422007578724,0.5359422007578724,-2.084219669613948,-1.4291792020209926,-0.1190982668350826,0.3,0.75,0.2516611478423583,1,10,0.6949822530033323,0.9,1.0,472.0,82.0,28.0,0.059322033898305,0.3414634146341463,0.053231939163498,0,953.0,12744651.0,-0.7977119766339881,-0.70287777031615,-0.6450552541976357,-0.6028194775205034,-0.9942554810346128,1.4462904983191245,True,False,False,False,True,True,False,False,False,True,False,False,False,False,True,False,False,False,True,False,True,Medium,,False,False,
Mockito,6,Mockito-6,0.2,0.5,0.0833333333333333,1.0,0.0,5.0,2.0,12.0,1.0,0.0,0.0,0.0,0.0,1.0,0.0,1.0,1.0,0.0,1.0,0.0,-0.2620224550203071,0.1491459417180017,0.52638856613826,-1.2426230960225269,0.2319908443389094,0.850081489474212,-0.989048839743788,-0.2020454871191189,-0.2073567129463963,-0.5251530779927517,-0.4635308650875505,-0.2192296649910203,-0.0494572680454745,0.7656967030906834,2.2341169444752773,26.37,11.0,48.11,12.3,20.9,11.9,0.625,0.2,4,5,5,4,1,4,1,2,3,0.6055300708194983,1.2110601416389966,1.2110601416389966,0.6055300708194983,-1.2110601416389966,0.6055300708194983,0.6055300708194983,-0.6055300708194983,-1.816590212458495,-1.2110601416389966,0.0,0.4,0.6,0.3651483716701107,1,5,0.773298986107167,0.1999999999999999,1.0,241.0,58.0,21.0,0.0871369294605809,0.3620689655172414,0.0755395683453237,0,912.0,3218312.0,-0.7977119766339881,-0.70287777031615,-0.6450552541976357,-0.5481842594884161,-0.437008696257228,-0.2792844018125441,False,False,False,False,True,True,False,False,False,True,False,False,False,False,False,True,False,False,True,False,True,,,False,False,
Closure,70,Closure-70,0.2,0.0,0.0068493150684931,0.0714285714285714,0.0555555555555555,5.0,0.0,146.0,14.0,18.0,0.0,0.0,0.0,0.0,0.0,1.0,0.0,0.0,0.0,0.0,-1.0231586669890729,-0.7576758641159647,1.027224819423212,-0.3393813190164221,2.035569554392177,-1.2649097217380691,1.5882268573455445,-0.2020454871191189,-0.2073567129463963,-0.5251530779927517,-0.4635308650875505,-0.2192296649910203,-0.1809757993128989,0.3439574240136908,0.2959479588785432,-19.63,10.49,55.61,17.6,42.7,11.4,0.8541666666666666,0.7031802120141342,3,5,5,5,1,5,1,2,2,0.0,1.1055415967851332,1.1055415967851332,1.1055415967851332,-1.1055415967851332,1.1055415967851332,0.5527707983925666,-0.5527707983925666,-1.6583123951777,-1.1055415967851332,-0.5527707983925666,0.5,0.65,0.412310562561766,0,5,0.942022377888472,0.5,1.0,484.0,80.0,34.0,0.0702479338842975,0.425,0.0641509433962264,0,604.0,7958867.0,-0.7977119766339881,-0.70287777031615,-0.6450552541976357,-0.6028194775205034,-0.9942554810346128,1.4462904983191245,True,False,False,False,True,True,False,False,False,True,False,False,False,False,True,False,False,False,True,False,True,Medium,,False,False,
Closure,64,Closure-64,1.0,0.25,0.5,0.1666666666666666,1.0,1.0,4.0,2.0,6.0,1.0,1.0,0.0,0.0,0.0,1.0,1.0,1.0,1.0,0.0,1.0,-1.0231586669890729,-0.1531279935599871,0.8335612093078519,-0.1975508973678864,-0.2730111944760022,-0.941371123090992,1.5882268573455445,-0.2020454871191189,-0.2073567129463963,-0.5251530779927517,0.4023489388231981,-0.2192296649910203,-0.3124943305803233,0.3439574240136908,1.2650324516769105,-12.59,8.23,42.87,17.0,48.0,10.8,0.7916666666666666,0.5890410958904109,3,4,4,5,1,2,1,3,2,0.2434322477800739,0.912870929175277,0.912870929175277,1.58230961057048,-1.095445115010332,-0.4260064336151291,0.912870929175277,0.2434322477800739,-1.7648837964055353,-1.095445115010332,-0.4260064336151291,0.2,0.65,0.3415650255319866,-1,4,0.8429471464249425,0.6,1.0,685.0,92.0,41.0,0.0598540145985401,0.4456521739130434,0.0557065217391304,0,611.0,8022784.0,-0.7977119766339881,-0.70287777031615,-0.6450552541976357,-0.6028194775205034,-0.9942554810346128,1.4462904983191245,False,False,False,False,True,True,False,False,False,True,False,False,False,False,True,False,False,False,True,False,True,Medium,,False,False,
Closure,137,Closure-137,0.0,0.0,0.0039682539682539,0.0084745762711864,0.0212765957446808,0.0,0.0,252.0,118.0,47.0,0.0,0.0,0.0,0.0,0.0,0.0,0.0,0.0,0.0,0.0,-1.0231586669890729,-0.4554019288379759,-0.8265014861975027,0.4220503139748126,0.4038501769199036,-0.929145262602426,1.5882268573455445,-0.2020454871191189,-0.2073567129463963,-0.5251530779927517,-0.4635308650875505,-0.2192296649910203,-0.3124943305803233,-0.4995211341402941,0.2959479588785432,-37.67,11.19,52.08,20.4,50.8,11.9,0.6875,0.4155844155844155,3,4,4,4,1,1,2,1,0,0.6504436355879909,1.3008872711759818,1.3008872711759818,1.3008872711759818,-0.6504436355879909,-0.6504436355879909,0.6504436355879909,-0.6504436355879909,-1.3008872711759818,-0.6504436355879909,-1.3008872711759818,0.1,0.5,0.3464101615137754,0,4,0.9674930488749977,0.8,3.0,742.0,60.0,24.0,0.0323450134770889,0.4,0.0308483290488431,0,478.0,5571524.0,-0.7977119766339881,-0.70287777031615,-0.6450552541976357,-0.6028194775205034,-0.9942554810346128,1.4462904983191245,False,False,False,False,True,True,False,False,False,True,False,False,False,False,True,False,False,False,True,False,True,Medium,,False,False,
Chart,2,Chart-2,0.0,1.0,0.2,0.3333333333333333,0.0,0.0,1.0,5.0,3.0,0.0,0.0,1.0,0.0,0.0,0.0,0.0,1.0,1.0,1.0,0.0,-0.9743118028110004,-0.7576758641159647,-2.430552480033038,4.163331944642799,-0.4379098193951574,1.4687829590585957,0.1845320580379615,-0.2020454871191189,-0.2073567129463963,-0.5251530779927517,-0.4635308650875505,-0.2192296649910203,-0.3124943305803233,-1.1321300527557827,-0.673136533919824,-18.72,13.11,41.86,17.2,37.4,0.0,0.7291666666666666,-4.099285014000579e-16,2,2,0,0,1,2,4,1,1,1.3764944032233704,1.3764944032233704,-1.1470786693528088,-1.1470786693528088,0.1147078669352809,1.3764944032233704,0.1147078669352809,0.1147078669352809,-1.1470786693528088,-1.1470786693528088,0.1147078669352809,0.2,0.1,0.1154700538379251,0,0,0.854602711491459,0.6,,,,,,,,0,,,-0.100601039439451,-0.4895900013478655,1.0807379256926524,-0.5967488977391603,-0.9350039241722072,1.4462904983191245,False,False,False,False,False,False,False,True,True,True,False,False,False,False,False,True,False,False,True,False,False,,,False,False,
Collections,9,Collections-9,0.0,0.0,0.0,0.0,0.0,0.0,0.0,0.0,0.0,0.0,0.0,0.0,0.0,0.0,0.0,0.0,0.0,0.0,0.0,0.0,0.1455207849131602,-0.1531279935599871,0.4771330182401295,-0.8060186063543004,-0.1064125837329401,0.7458419345833103,0.1845320580379615,-0.2020454871191189,-0.2073567129463963,-0.5251530779927517,-0.4635308650875505,-0.2192296649910203,0.3450983257567985,-0.4995211341402941,-0.673136533919824,-2.37,14.11,63.18,17.2,30.5,14.4,0.8958333333333334,0.781021897810219,5,5,4,4,2,3,1,4,3,1.1909826683508271,1.1909826683508271,0.5359422007578724,0.5359422007578724,-0.7741387344280377,-0.1190982668350826,0.5359422007578724,0.5359422007578724,-2.084219669613948,-1.4291792020209926,-0.1190982668350826,0.3,0.7,0.2,0,8,0.8964982098553249,0.4,1.0,542.0,80.0,28.0,0.051660516605166,0.35,0.0471380471380471,3,467.0,3729301.0,1.4678985692482571,-0.4895900013478655,0.225344784355727,0.4898848831212426,-0.3382561014865521,0.07191433587451,False,False,False,False,True,False,False,False,True,True,False,False,False,False,False,True,False,False,True,False,True,Major,Collection,True,False,patch
Chart,16,Chart-16,1.0,1.0,1.0,1.0,1.0,1.0,1.0,1.0,1.0,1.0,1.0,1.0,1.0,1.0,1.0,1.0,1.0,1.0,1.0,1.0,-0.7249740782005428,-0.4554019288379759,-0.727158254742947,0.91041359875906,-1.081014456579866,1.244531162398479,0.1845320580379615,-0.2020454871191189,-0.2073567129463963,-0.5251530779927517,0.4023489388231981,-0.2192296649910203,0.0820612632219498,-0.4995211341402941,0.2959479588785432,61.22,8.55,34.04,7.2,10.1,8.8,0.8541666666666666,0.6679841897233201,4,5,4,3,4,2,3,4,3,0.7348469228349536,1.6329931618554523,0.7348469228349536,-0.163299316185545,0.7348469228349536,-1.0614455552060438,-1.0614455552060438,0.7348469228349536,-0.163299316185545,-1.9595917942265424,-0.163299316185545,0.7,0.75,0.1,1,16,0.801625191387845,0.6,,,,,,,,0,,,0.5965098977550859,-0.4184940783584374,3.904763129149487,-0.5967488977391603,-0.4690712270269279,0.099183704176983,False,False,False,False,True,True,False,False,False,True,False,False,False,True,False,False,False,False,True,False,True,,,False,False,
JacksonDatabind,33,JacksonDatabind-33,0.25,0.0,0.0285714285714285,0.0094339622641509,0.0208333333333333,4.0,0.0,35.0,106.0,48.0,0.0,0.0,0.0,0.0,0.0,1.0,0.0,0.0,0.0,0.0,0.3489278760427441,-0.7576758641159647,0.4628130437656807,0.0125895548543592,-1.237791208928377,0.0496432524963354,0.4146459595637947,-0.2020454871191189,-0.2073567129463963,0.6929103112404362,-0.4635308650875505,-0.2192296649910203,-0.3124943305803233,0.5548270635521871,0.2959479588785432,-15.43,12.04,47.53,18.0,30.1,13.6,0.7708333333333334,0.4133333333333334,5,5,4,4,1,4,2,4,3,1.177621523593293,1.177621523593293,0.5607721540920443,0.5607721540920443,-1.2897759544117016,0.5607721540920443,-0.0560772154092043,0.5607721540920443,-1.9066253239129505,-1.2897759544117016,-0.0560772154092043,0.4,0.65,0.3,0,4,0.9113166516173772,0.8,1.0,329.0,84.0,32.0,0.0972644376899696,0.3809523809523809,0.0839895013123359,0,719.0,4980034.0,-0.7977119766339881,-0.70287777031615,-0.6450552541976357,-0.3357139671414099,-0.5803659294222216,-0.6785608275198297,True,True,False,False,True,True,False,False,False,True,False,False,False,False,False,True,False,False,True,False,True,,,False,False,
JacksonDatabind,27,JacksonDatabind-27,0.1666666666666666,0.25,1.0,1.0,0.0769230769230769,6.0,4.0,1.0,1.0,13.0,0.0,0.0,1.0,1.0,0.0,0.0,1.0,1.0,1.0,0.0,-0.4690748345213889,0.7536938122739794,-0.6971241851406134,-0.3409326931760755,-0.4379098193951574,-0.2676477952138266,0.4146459595637947,-0.2020454871191189,-0.2073567129463963,-0.5251530779927517,-0.4635308650875505,-0.2192296649910203,-0.1809757993128989,-1.1321300527557827,-0.673136533919824,21.19,14.73,50.89,14.3,20.5,15.0,0.9166666666666666,0.7664233576642334,0,0,1,0,2,0,4,0,0,-0.6974858324629156,-0.6974858324629156,0.5812381937190965,-0.6974858324629156,1.8599622199011083,-0.6974858324629156,0.5812381937190965,-0.6974858324629156,1.8599622199011083,-0.6974858324629156,-0.6974858324629156,0.3333333333333333,0.15,0.1914854215512676,1,2,0.8156219320621452,1.0,1.0,299.0,58.0,24.0,0.0802675585284281,0.4137931034482758,0.072072072072072,0,715.0,4938788.0,-0.7977119766339881,-0.70287777031615,-0.6450552541976357,-0.5967488977391603,0.7832912248375515,0.1336210207189624,False,False,False,False,False,False,False,True,True,True,False,False,False,False,False,True,False,False,True,False,False,,,False,False,
JacksonDatabind,26,JacksonDatabind-26,0.1666666666666666,0.0,0.2,0.025,0.0256410256410256,6.0,0.0,5.0,40.0,39.0,0.0,0.0,0.0,0.0,0.0,0.0,0.0,1.0,0.0,0.0,-0.5456258903228453,-0.7576758641159647,-2.4305524800325933,-0.9387768147007848,-1.546710917989482,0.029435069870617,-0.989048839743788,-0.2020454871191189,-0.2073567129463963,-0.5251530779927517,-0.4635308650875505,-0.2192296649910203,0.0820612632219498,-1.1321300527557827,-0.673136533919824,-10.83,17.43,68.57,18.3,26.1,16.2,0.75,0.5025906735751295,3,3,2,1,3,3,4,4,3,0.5533985905294663,0.5533985905294663,-0.316227766016838,-1.1858541225631425,0.5533985905294663,0.5533985905294663,-1.1858541225631425,1.4230249470757708,0.5533985905294663,-2.055480479109447,0.5533985905294663,0.8,0.5,0.2581988897471611,1,6,0.7814875908924281,0.4,1.0,410.0,48.0,20.0,0.048780487804878,0.4166666666666667,0.045662100456621,0,715.0,4932728.0,-0.7977119766339881,-0.70287777031615,-0.6450552541976357,-0.6028194775205034,0.8129170032687542,0.2372528215821332,False,False,False,False,False,False,False,True,True,True,True,False,False,False,False,False,False,False,True,False,False,,,False,False,
JacksonDatabind,32,JacksonDatabind-32,0.125,1.0,0.5,0.3333333333333333,0.2,8.0,1.0,2.0,3.0,5.0,0.0,1.0,0.0,0.0,0.0,0.0,1.0,1.0,1.0,1.0,0.3759030099918287,-0.4554019288379759,0.8843684325908003,0.1016247689995142,-0.6011343465993985,-1.0113550366810158,0.4146459595637947,-0.0085730309901461,-0.2073567129463963,1.910973700473624,-0.4635308650875505,-0.2192296649910203,-0.1809757993128989,-0.4995211341402941,0.2959479588785432,-30.32,10.45,47.68,19.6,35.0,12.6,0.7916666666666666,0.4160583941605839,5,5,5,4,5,4,2,4,3,0.99124070716193,0.99124070716193,0.99124070716193,0.1524985703326045,0.99124070716193,0.1524985703326045,-0.6862435664967211,0.1524985703326045,-0.6862435664967211,-2.3637278401553723,-0.6862435664967211,0.9,0.8999999999999999,0.1154700538379251,1,25,0.7588928940000157,0.8,1.0,278.0,86.0,37.0,0.1330935251798561,0.4302325581395348,0.1131498470948012,0,719.0,4976983.0,-0.7977119766339881,-0.70287777031615,-0.6450552541976357,-0.4146315042988693,-0.7326661608442057,-0.7870707656533737,True,True,False,False,True,True,False,False,False,True,False,False,True,False,False,False,False,False,True,False,True,,,False,False,
Collections,8,Collections-8,0.0,0.0,0.0,0.0,0.0,0.0,0.0,0.0,0.0,0.0,0.0,0.0,0.0,0.0,0.0,0.0,0.0,0.0,0.0,0.0,0.6791910025004556,2.265063488663923,0.943396153556673,-0.4743503301693699,0.0619124374841446,1.2104900339561733,0.1845320580379615,-0.2020454871191189,-0.2073567129463963,-0.5251530779927517,-0.4635308650875505,-0.2192296649910203,-0.1809757993128989,1.187435982167676,-0.673136533919824,46.98,10.8,41.67,10.6,14.3,11.3,0.9166666666666666,0.6999999999999997,5,5,4,4,5,4,2,5,4,0.9370425713316364,0.9370425713316364,0.0780868809443029,0.0780868809443029,0.9370425713316364,0.0780868809443029,-0.7808688094430304,0.9370425713316364,-0.7808688094430304,-2.498780190217697,0.0780868809443029,0.9,0.9,0.1154700538379251,0,20,0.7786631804446189,0.7,1.0,190.0,113.0,27.0,0.1421052631578947,0.2389380530973451,0.0978260869565217,3,467.0,3728707.0,1.1193431006509886,0.2569171900411298,0.3976114586527468,0.5263083618093007,0.6633773597588737,-0.729256044534239,False,True,False,False,True,False,False,False,True,True,False,False,False,False,False,True,False,False,True,False,True,Minor,Buffer,True,True,"java,patch"
Chart,17,Chart-17,0.1666666666666666,0.5,1.0,1.0,1.0,6.0,2.0,1.0,1.0,1.0,0.0,1.0,1.0,1.0,1.0,0.0,1.0,1.0,1.0,1.0,-0.8656822093403624,-0.4554019288379759,-1.3771172762220734,1.483266122589053,0.4038501769199036,0.9482761078595198,-1.5873449837109543,-0.2020454871191189,-0.2073567129463963,0.6929103112404362,-0.4635308650875505,-0.2192296649910203,-0.3124943305803233,-0.9212604132172866,0.2959479588785432,82.34,7.58,34.75,5.3,9.3,7.8,0.6458333333333334,0.3376623376623377,3,3,2,3,1,1,4,2,1,1.3522468075656269,1.3522468075656269,0.4225771273642583,1.3522468075656269,-0.50709255283711,-0.50709255283711,-0.50709255283711,0.4225771273642583,-1.4367622330384784,-1.4367622330384784,-0.50709255283711,0.1,0.4,0.1632993161855452,-1,2,0.9913848960001445,0.7,,,,,,,,0,,,-0.4491565080367196,-0.2763022323795812,3.204791070173007,-0.5906783179578173,0.6351623326815379,0.5954862072819825,True,False,False,False,True,True,False,False,False,True,False,True,False,False,False,False,False,False,True,False,False,,,False,False,
Closure,65,Closure-65,1.0,1.0,0.0714285714285714,1.0,1.0,1.0,1.0,14.0,1.0,1.0,1.0,1.0,0.0,1.0,1.0,1.0,1.0,0.0,1.0,1.0,-1.0231586669890729,0.1491459417180017,1.086148697497947,-0.1692986561797196,-0.6011343465993985,-0.8618117064173093,1.5882268573455445,-0.2020454871191189,-0.2073567129463963,-0.5251530779927517,-0.4635308650875505,-0.2192296649910203,-0.1809757993128989,0.3439574240136908,0.2959479588785432,-28.7,7.01,44.74,19.0,54.1,10.0,0.9791666666666666,0.911111111111111,5,5,5,5,5,4,0,5,4,0.5996253511966894,0.5996253511966894,0.5996253511966894,0.5996253511966894,0.5996253511966894,-0.2248595066987582,0.5996253511966894,0.5996253511966894,-1.0493443645942058,-2.698314080385101,-0.2248595066987582,0.9,1.0,0.0,0,25,0.9249200984202188,0.1999999999999999,1.0,453.0,103.0,32.0,0.0706401766004415,0.3106796116504854,0.0610687022900763,0,608.0,8016600.0,-0.7977119766339881,-0.70287777031615,-0.6450552541976357,-0.6028194775205034,-0.9942554810346128,1.4462904983191245,False,False,False,False,True,True,False,False,False,True,False,False,False,False,True,False,False,False,True,False,True,Medium,,False,False,
Closure,136,Closure-136,0.0,0.0,0.0,0.0068493150684931,0.0070921985815602,0.0,0.0,0.0,146.0,141.0,0.0,0.0,0.0,0.0,0.0,0.0,0.0,0.0,0.0,0.0,-1.0231586669890729,2.265063488663923,0.7032379830644486,-0.1327086125194667,-1.081014456579866,-0.8106571684546536,1.5882268573455445,-0.2020454871191189,-0.2073567129463963,-0.5251530779927517,1.2682287427339467,-0.2192296649910203,-0.1809757993128989,0.5548270635521871,1.2650324516769105,18.31,8.39,45.4,13.4,28.1,11.2,0.875,0.5909090909090909,5,5,4,4,5,3,2,4,3,1.1858541225631425,1.1858541225631425,0.316227766016838,0.316227766016838,1.1858541225631425,-0.5533985905294663,-0.5533985905294663,0.316227766016838,-0.5533985905294663,-2.292651303622075,-0.5533985905294663,0.8,0.8500000000000001,0.0999999999999999,0,20,0.8201317723165366,0.4,2.0,343.0,224.0,68.0,0.1982507288629737,0.3035714285714285,0.1362725450901803,0,478.0,5567102.0,-0.7977119766339881,-0.70287777031615,-0.6450552541976357,-0.6028194775205034,-0.9942554810346128,1.4462904983191245,False,False,False,False,True,True,False,False,False,True,False,False,False,False,True,False,False,False,True,False,True,Medium,,False,False,
Mockito,7,Mockito-7,0.3333333333333333,0.0,0.1428571428571428,0.5,0.0,3.0,0.0,7.0,2.0,0.0,0.0,0.0,0.0,0.0,0.0,1.0,0.0,0.0,1.0,0.0,0.6441962341340756,0.7536938122739794,0.0622176064655788,0.2731358784744472,1.1096681845252594,0.889991358974059,-0.989048839743788,-0.2020454871191189,-0.2073567129463963,-0.5251530779927517,-0.4635308650875505,-0.2192296649910203,-0.3124943305803233,0.7656967030906834,-0.673136533919824,-2.64,15.81,63.49,19.3,30.0,16.6,0.9375,0.7857142857142857,5,5,4,4,5,3,1,5,4,0.9370425713316364,0.9370425713316364,0.0780868809443029,0.0780868809443029,0.9370425713316364,-0.7808688094430304,0.0780868809443029,0.9370425713316364,-0.7808688094430304,-2.498780190217697,0.0780868809443029,0.8,0.9,0.1154700538379251,0,20,0.9694418734903903,0.6,1.0,232.0,89.0,29.0,0.125,0.3258426966292135,0.0993150684931506,0,911.0,3217565.0,-0.7977119766339881,-0.70287777031615,-0.6450552541976357,-0.3903491851734972,0.6961565823928376,-0.7206559408938416,True,True,False,False,True,False,False,False,True,True,False,True,False,False,False,False,False,False,True,False,True,,,False,False,
Closure,122,Closure-122,0.0,1.0,1.0,1.0,0.3333333333333333,0.0,1.0,1.0,1.0,3.0,0.0,1.0,1.0,1.0,0.0,0.0,1.0,1.0,1.0,1.0,-1.0231586669890729,1.0559677475519682,0.7870839560795105,0.0504319451698083,-0.1064125837329401,-0.5591114282365354,1.5882268573455445,-0.2020454871191189,-0.2073567129463963,-0.5251530779927517,1.2682287427339467,3.1090752489635607,0.2135797944893742,0.7656967030906834,0.2959479588785432,35.44,8.14,49.29,10.9,26.9,10.9,0.8958333333333334,0.7879858657243817,2,4,4,4,1,2,2,1,1,-0.0659380473395786,1.3846989941311527,1.3846989941311527,1.3846989941311527,-0.7912565680749444,-0.0659380473395786,0.6593804733957871,-0.7912565680749444,-1.51657508881031,-0.7912565680749444,-0.7912565680749444,0.2,0.5,0.3464101615137754,0,4,0.6921292807288479,0.9,1.0,452.0,151.0,56.0,0.1238938053097345,0.3708609271523179,0.1023765996343692,0,958.0,12764069.0,-0.7977119766339881,-0.70287777031615,-0.6450552541976357,-0.6028194775205034,-0.9942554810346128,1.4462904983191245,True,False,False,False,True,True,False,False,False,True,False,False,False,False,True,False,False,False,True,False,True,Medium,,False,False,
Closure,71,Closure-71,0.1111111111111111,1.0,0.0192307692307692,0.0178571428571428,0.0285714285714285,9.0,1.0,52.0,56.0,35.0,0.0,1.0,0.0,0.0,0.0,0.0,1.0,0.0,0.0,0.0,-1.0231586669890729,-0.1531279935599871,-0.5004362005540505,-0.0502588528064128,-0.6011343465993985,-0.4890258908276427,1.5882268573455445,-0.2020454871191189,-0.2073567129463963,-0.5251530779927517,0.4023489388231981,-0.2192296649910203,-0.3124943305803233,-0.2886514946017978,1.2650324516769105,-22.68,10.57,48.23,18.8,51.5,12.0,0.875,0.7478108581436077,4,5,4,4,1,2,1,4,3,0.6974858324629156,1.3368478455539217,0.6974858324629156,0.6974858324629156,-1.2206002068101025,-0.5812381937190965,0.6974858324629156,0.6974858324629156,-1.8599622199011083,-1.2206002068101025,0.0581238193719095,0.2,0.65,0.3,0,4,0.8220879644583141,0.9,1.0,262.0,55.0,13.0,0.049618320610687,0.2363636363636363,0.0427631578947368,0,596.0,7790028.0,-0.7977119766339881,-0.70287777031615,-0.6450552541976357,-0.6028194775205034,-0.9942554810346128,1.4462904983191245,True,False,False,False,True,True,False,False,False,True,False,False,False,False,True,False,False,False,True,False,True,Medium,,False,False,
Closure,59,Closure-59,0.0,0.0,0.3333333333333333,0.1111111111111111,1.0,0.0,0.0,3.0,9.0,1.0,0.0,0.0,0.0,0.0,1.0,0.0,0.0,1.0,0.0,1.0,-1.0231586669890729,-0.7576758641159647,0.8603606325310658,0.0690572671216454,0.0619124374841446,-1.102683858214625,1.5882268573455445,-0.2020454871191189,-0.2073567129463963,-0.5251530779927517,-0.4635308650875505,-0.2192296649910203,-0.1809757993128989,0.3439574240136908,0.2959479588785432,-29.0,10.19,56.16,19.1,44.9,12.0,0.7916666666666666,0.5869191049913941,2,4,5,5,1,1,2,1,1,-0.1072112534837793,1.072112534837795,1.661774428998582,1.661774428998582,-0.6968731476445665,-0.6968731476445665,0.4824506406770077,-0.6968731476445665,-1.2865350418053536,-0.6968731476445665,-0.6968731476445665,0.1,0.6000000000000001,0.4618802153517005,0,5,0.9898662139214336,0.7,1.0,697.0,63.0,26.0,0.0373027259684361,0.4126984126984127,0.0354223433242506,0,927.0,12045968.0,-0.7977119766339881,-0.70287777031615,-0.6450552541976357,-0.6028194775205034,-0.9942554810346128,1.4462904983191245,True,False,False,False,True,True,False,False,False,True,False,False,False,False,True,False,False,False,True,False,True,Medium,,False,False,
Lang,62,Lang-62,0.5,1.0,0.5,0.0384615384615384,0.25,2.0,1.0,2.0,26.0,4.0,0.0,1.0,0.0,0.0,0.0,1.0,1.0,1.0,0.0,1.0,0.0696987867860035,-0.7576758641159647,-0.617011383955229,-0.8651797291092949,-0.2730111944760022,-0.4005727722669236,0.1845320580379615,-0.2020454871191189,-0.2073567129463963,-0.5251530779927517,-0.4635308650875505,-0.2192296649910203,-0.1809757993128989,-0.4995211341402941,1.2650324516769105,25.8,14.8,65.63,14.6,29.8,15.1,0.7708333333333334,0.4567901234567902,4,5,4,4,5,2,1,5,2,0.3483665071458088,1.1147728228665883,0.3483665071458088,0.3483665071458088,1.1147728228665883,-1.1844461242957498,0.3483665071458088,1.1147728228665883,-0.4180398085749705,-1.9508524400165292,-1.1844461242957498,0.7,0.9,0.1154700538379251,0,20,0.6879252188362412,0.4,1.0,613.0,63.0,14.0,0.0228384991843393,0.2222222222222222,0.0211480362537764,1,221.0,3390802.0,0.4222321634564516,0.7901366124618407,8.411249908845686,0.392755606619754,2.234954367966486,-0.0357556860681552,True,True,False,False,True,True,False,False,False,True,False,False,False,False,False,True,False,False,True,False,True,Minor,,True,False,patch
Math,16,Math-16,1.0,1.0,0.5,0.0769230769230769,0.3333333333333333,1.0,1.0,2.0,13.0,3.0,1.0,1.0,0.0,0.0,0.0,1.0,1.0,1.0,0.0,1.0,0.2191556100174181,-0.4554019288379759,0.4197212279346247,0.0659752470500858,-0.6011343465993985,-0.1149479762798141,-0.3447299154714549,-0.2020454871191189,-0.2073567129463963,-0.5251530779927517,-0.4635308650875505,-0.2192296649910203,1.0026909820939205,-0.2886514946017978,0.2959479588785432,48.7,10.14,47.99,10.0,17.1,11.7,0.9166666666666666,0.7264957264957264,5,5,4,4,5,4,1,5,4,0.8864052604279183,0.8864052604279183,0.0,0.0,0.8864052604279183,0.0,0.0,0.8864052604279183,-0.8864052604279183,-2.6592157812837547,0.0,0.9,0.9,0.1154700538379251,0,20,0.7763654684556843,0.1999999999999999,1.0,728.0,84.0,31.0,0.0425824175824175,0.369047619047619,0.0396927016645326,1,1079.0,9651650.0,2.1650095064427943,0.8967804969459829,0.2817596016693708,0.5445201011533299,-0.0067295333278549,-0.5403165654818871,False,False,False,False,True,True,False,False,False,True,False,False,False,False,False,True,False,False,True,False,True,Major,,True,False,diff
Compress,13,Compress-13,0.2,0.0,0.3333333333333333,0.1,0.0526315789473684,5.0,0.0,3.0,10.0,19.0,0.0,0.0,0.0,0.0,0.0,1.0,0.0,1.0,0.0,0.0,0.6332603690195818,1.0559677475519682,0.845104878439927,0.5201917177237612,0.2319908443389094,-0.2411063579521376,-1.1731399609644546,-0.2020454871191189,-0.2073567129463963,-0.5251530779927517,-0.4635308650875505,-0.2192296649910203,0.7396539195590717,0.5548270635521871,0.2959479588785432,38.92,10.86,55.72,11.7,18.2,13.3,0.7916666666666666,0.5939086294416244,4,5,3,3,1,2,2,3,2,1.125852503505287,1.8543452998910612,0.3973597071195131,0.3973597071195131,-1.059625885652035,-0.331133089266261,0.3973597071195131,0.3973597071195131,-1.7881186820378092,-1.059625885652035,-0.331133089266261,0.2,0.5,0.1999999999999999,0,3,0.6474010611326662,0.6,1.0,300.0,108.0,22.0,0.0733333333333333,0.2037037037037037,0.0569948186528497,6,158.0,1224787.0,0.9450653663523544,1.429999919366694,0.2992466744215786,0.4473908246518414,0.4483911208326511,-0.8883397064380849,False,False,False,False,True,True,False,False,False,True,False,False,False,False,False,True,False,False,True,False,True,Major,Archivers,False,True,"java,zip"
Jsoup,72,Jsoup-72,0.0,0.25,0.0138888888888888,0.0119047619047619,0.0149253731343283,0.0,4.0,72.0,84.0,67.0,0.0,0.0,0.0,0.0,0.0,0.0,1.0,0.0,0.0,0.0,-0.517921698699461,-0.7576758641159647,-2.430552480032409,1.549216557586602,-1.6988993040710567,-0.3312195578023101,-0.5748438169972881,-0.2020454871191189,-0.2073567129463963,1.910973700473624,-0.4635308650875505,-0.2192296649910203,-0.0494572680454745,-0.9212604132172866,-0.673136533919824,0.08,14.13,55.33,16.2,36.9,13.0,0.9375,0.8043478260869565,0,0,1,0,0,2,4,0,1,-0.6933752452815364,-0.6933752452815364,0.8320502943378436,-0.6933752452815364,-0.6933752452815364,2.3574758339572237,0.8320502943378436,-0.6933752452815364,-0.6933752452815364,-0.6933752452815364,0.8320502943378436,0.2,0.05,0.1,1,0,0.989283230194262,0.9,1.0,163.0,45.0,5.0,0.0306748466257668,0.1111111111111111,0.0246305418719211,0,109.0,1038762.0,-0.7977119766339881,-0.70287777031615,-0.6450552541976357,-0.5906783179578173,-0.401739912410558,-0.2774168965093713,True,False,False,False,True,False,False,False,True,True,False,True,False,False,False,False,False,False,True,False,False,,,False,False,
Jsoup,66,Jsoup-66,0.5,0.5,0.5,0.3333333333333333,0.1428571428571428,2.0,2.0,2.0,3.0,7.0,0.0,0.0,0.0,0.0,0.0,1.0,1.0,1.0,1.0,0.0,0.469951449976475,1.0559677475519682,0.3597827928775088,-0.0031123631825927,-1.081014456579866,-0.1040334342098758,-0.5748438169972881,-0.2020454871191189,-0.2073567129463963,-0.5251530779927517,-0.4635308650875505,-0.2192296649910203,-0.3124943305803233,0.9765663426291796,-0.673136533919824,-15.94,9.12,56.87,18.2,31.1,15.0,0.9166666666666666,0.822550831792976,5,5,4,4,1,3,1,4,3,1.177621523593293,1.177621523593293,0.5607721540920443,0.5607721540920443,-1.2897759544117016,-0.0560772154092043,0.5607721540920443,0.5607721540920443,-1.9066253239129505,-1.2897759544117016,-0.0560772154092043,0.3,0.65,0.3,0,4,0.6090427163393883,0.4,1.0,412.0,55.0,23.0,0.0558252427184466,0.4181818181818181,0.0518018018018018,0,95.0,963824.0,-0.7977119766339881,-0.70287777031615,-0.6450552541976357,-0.3721374458294681,-0.2229636632567483,-1.7066901096420497,False,False,False,False,True,False,False,False,True,True,False,False,False,False,False,True,False,False,True,False,True,,,False,False,
Jsoup,4,Jsoup-4,0.25,0.3333333333333333,0.0666666666666666,0.0666666666666666,0.1,4.0,3.0,15.0,15.0,10.0,0.0,1.0,0.0,0.0,0.0,1.0,1.0,0.0,0.0,0.0,-0.3903366056970339,-0.4554019288379759,-1.3211582917287894,-0.0127695636851967,-1.8496029254103703,0.2624108204713645,-0.989048839743788,-0.2020454871191189,-0.2073567129463963,-0.5251530779927517,-0.4635308650875505,-0.2192296649910203,-0.0494572680454745,0.1330877844751946,0.2959479588785432,20.68,13.48,60.7,14.5,24.5,15.0,0.875,0.6981132075471698,4,5,5,4,4,2,1,4,3,0.3928371006591931,1.2570787221094175,1.2570787221094175,0.3928371006591931,0.3928371006591931,-1.3356461422412562,0.3928371006591931,0.3928371006591931,-0.4714045207910316,-2.199887763691481,-0.4714045207910316,0.7,0.8500000000000001,0.0999999999999999,1,20,0.8586268284171386,0.6,1.0,1526.0,56.0,8.0,0.0052424639580602,0.1428571428571428,0.0050825921219822,0,50.0,357346.0,-0.7977119766339881,-0.70287777031615,-0.6450552541976357,-0.542113679707073,-0.0190736076741892,-0.2405214873892963,False,False,False,False,True,True,False,False,False,True,False,False,False,False,False,True,False,False,True,False,True,,,False,False,
Lang,3,Lang-3,1.0,1.0,1.0,0.5,0.5,1.0,1.0,1.0,2.0,2.0,1.0,1.0,1.0,0.0,0.0,1.0,1.0,1.0,1.0,1.0,-0.0695512290052169,-0.4554019288379759,0.0679952100811249,-0.7979811832289161,0.5775185551070113,0.7125988389566968,-0.5748438169972881,-0.2020454871191189,-0.2073567129463963,-0.5251530779927517,0.4023489388231981,-0.2192296649910203,-0.0494572680454745,-0.7103907736787903,-0.673136533919824,47.12,13.49,55.03,12.7,18.3,12.5,0.8333333333333334,0.6546762589928059,4,5,1,3,3,2,2,3,3,1.0614455552060438,1.9595917942265424,-1.6329931618554523,0.163299316185545,0.163299316185545,-0.7348469228349536,0.163299316185545,0.163299316185545,0.163299316185545,-1.6329931618554523,0.163299316185545,0.7,0.5,0.1999999999999999,-2,3,0.8968831258294132,0.9,1.0,293.0,79.0,28.0,0.0955631399317406,0.3544303797468354,0.0813953488372093,1,236.0,4446823.0,1.99073177214416,2.7097265331764,0.225344784355727,0.3502615481503528,1.7143871183896375,0.0758674791988957,True,False,False,False,True,False,False,False,True,True,False,False,False,False,False,True,False,False,True,False,True,Minor,lang.math.*,True,False,patch
JacksonDatabind,105,JacksonDatabind-105,0.0,0.0,0.002906976744186,0.0013623978201634,0.0046082949308755,0.0,0.0,344.0,734.0,217.0,0.0,0.0,0.0,0.0,0.0,0.0,0.0,0.0,0.0,0.0,0.0128322881906359,0.4514198769959905,0.9156919842244652,-0.1813138300477919,-0.2730111944760022,-0.5479761337194539,0.4146459595637947,-0.2020454871191189,-0.2073567129463963,-0.5251530779927517,-0.4635308650875505,-0.2192296649910203,0.0820612632219498,0.1330877844751946,-0.673136533919824,-9.71,14.09,67.35,17.9,27.1,15.3,0.6875,0.1509433962264151,5,5,5,5,5,4,1,5,4,0.6933752452815364,0.6933752452815364,0.6933752452815364,0.6933752452815364,0.6933752452815364,-0.0693375245281535,-0.0693375245281535,0.6933752452815364,-1.5947630641475337,-2.3574758339572237,-0.0693375245281535,0.7333333333333334,1.0,0.0,0,25,0.9596741052857424,0.1999999999999999,1.0,48.0,81.0,8.0,0.1666666666666666,0.0987654320987654,0.0661157024793388,0,921.0,6390244.0,-0.7977119766339881,-0.70287777031615,-0.6450552541976357,-0.5178313605817009,-0.433481817872561,-0.6493748080249944,False,False,False,False,True,False,False,False,True,True,True,False,False,False,False,False,False,False,True,False,True,,,False,False,
JacksonDatabind,111,JacksonDatabind-111,0.0,1.0,0.024390243902439,0.0217391304347826,0.0023310023310023,0.0,1.0,41.0,46.0,429.0,0.0,1.0,0.0,0.0,0.0,0.0,1.0,0.0,0.0,0.0,0.9285287271109132,1.0559677475519682,0.988218883172767,0.3389408552465006,0.9303979192957068,-0.7317448905187538,0.4146459595637947,-0.2020454871191189,-0.2073567129463963,0.6929103112404362,0.4023489388231981,3.1090752489635607,-0.1809757993128989,1.187435982167676,2.2341169444752773,7.52,10.84,47.67,15.4,21.5,13.2,0.8541666666666666,0.4580645161290323,5,5,5,5,5,4,2,5,4,0.7332355751067665,0.7332355751067665,0.7332355751067665,0.7332355751067665,0.7332355751067665,-0.0733235575106765,-0.8798826901281197,0.7332355751067665,-0.8798826901281197,-2.493000955363006,-0.0733235575106765,0.9,1.0,0.0,0,25,0.9462113045924664,0.8,7.0,306.0,91.0,39.0,0.1274509803921568,0.4285714285714285,0.1089385474860335,0,923.0,6400566.0,-0.7977119766339881,-0.70287777031615,-0.6450552541976357,-0.3842786053921541,-0.1351079065297332,-1.3671646004514253,True,True,False,False,True,True,False,False,False,True,False,False,False,False,False,True,False,False,True,False,True,,,False,False,
Collections,17,Collections-17,0.0,0.0,0.0,0.0,0.0,0.0,0.0,0.0,0.0,0.0,0.0,0.0,0.0,0.0,0.0,0.0,0.0,0.0,0.0,0.0,-0.0600734792393224,-0.7576758641159647,0.2099052738615391,-0.5557338468428712,-0.1064125837329401,-0.51105648251864,-0.5748438169972881,-0.2020454871191189,-0.2073567129463963,-0.5251530779927517,2.999988350555444,-0.2192296649910203,-0.0494572680454745,-0.0777818550633016,0.2959479588785432,26.81,14.97,60.38,14.2,20.9,14.6,0.8541666666666666,0.6956521739130433,3,4,2,3,4,2,3,4,2,0.316227766016838,1.1858541225631425,-0.5533985905294663,0.316227766016838,1.1858541225631425,-0.5533985905294663,-0.5533985905294663,1.1858541225631425,0.316227766016838,-2.292651303622075,-0.5533985905294663,0.7,0.65,0.1914854215512676,-1,8,0.6760783355534821,0.6,1.0,88.0,76.0,5.0,0.0568181818181818,0.0657894736842105,0.0314465408805031,1,480.0,3570739.0,1.4678985692482571,2.069863226271547,0.3362781226027242,0.5020260426839287,1.1853553606895888,0.746435355691798,False,False,False,False,True,True,False,False,False,True,False,False,False,False,False,True,False,False,True,False,False,Major,Iterator,True,True,patch
JxPath,3,JxPath-3,0.1428571428571428,0.0,0.5,0.125,0.25,7.0,0.0,2.0,8.0,4.0,0.0,0.0,0.0,0.0,0.0,0.0,0.0,1.0,0.0,1.0,2.028676757628985,1.9627895533859343,0.8926913806356709,-0.1579947315778254,1.1096681845252594,1.1527480879900778,0.1845320580379615,-0.2020454871191189,-0.2073567129463963,-0.5251530779927517,0.4023489388231981,-0.2192296649910203,0.2135797944893742,1.8200449007831645,-0.673136533919824,28.6,7.52,39.7,11.5,19.8,10.5,0.9791666666666666,0.9210526315789472,5,5,4,4,5,3,1,5,4,0.9370425713316364,0.9370425713316364,0.0780868809443029,0.0780868809443029,0.9370425713316364,-0.7808688094430304,0.0780868809443029,0.9370425713316364,-0.7808688094430304,-2.498780190217697,0.0780868809443029,0.8,0.9,0.1154700538379251,0,20,0.829042169657617,0.6,1.0,123.0,123.0,22.0,0.1788617886178861,0.1788617886178861,0.0982142857142857,0,202.0,1175409.0,0.9450653663523544,0.1502733055569876,0.1493574794026556,0.8662608295645107,-0.0190736076741892,-1.4390457930242273,True,True,False,False,True,False,False,False,True,True,False,True,False,False,False,False,False,False,True,False,True,Major,,False,False,
JxPath,1,JxPath-1,0.2,0.0,0.1111111111111111,0.2,0.1428571428571428,5.0,0.0,9.0,5.0,7.0,0.0,0.0,0.0,0.0,0.0,1.0,0.0,0.0,1.0,0.0,0.1382302081701643,-0.4554019288379759,-0.0916910856270493,0.4113799527714523,-1.081014456579866,0.6711441460637967,0.1845320580379615,-0.2020454871191189,-0.2073567129463963,-0.5251530779927517,-0.4635308650875505,-0.2192296649910203,0.0820612632219498,-0.0777818550633016,0.2959479588785432,26.57,10.77,53.01,12.3,20.9,11.0,0.7708333333333334,0.5111111111111112,5,5,4,4,2,3,1,4,3,1.1909826683508271,1.1909826683508271,0.5359422007578724,0.5359422007578724,-0.7741387344280377,-0.1190982668350826,0.5359422007578724,0.5359422007578724,-2.084219669613948,-1.4291792020209926,-0.1190982668350826,0.3,0.7,0.2,0,8,0.946877199068323,0.4,2.0,187.0,88.0,21.0,0.1122994652406417,0.2386363636363636,0.0826771653543307,3,201.0,1172998.0,1.4678985692482571,2.069863226271547,0.1589287171568761,0.4898848831212426,-0.0357744141427594,0.2731317864542453,False,False,False,False,True,True,False,False,False,True,False,False,False,False,False,True,False,False,True,False,True,Major,,True,True,"java,txt,zip"
Collections,15,Collections-15,0.0,0.0,0.0,0.0,0.0,0.0,0.0,0.0,0.0,0.0,0.0,0.0,0.0,0.0,0.0,0.0,0.0,0.0,0.0,0.0,0.3671543179002337,-0.1531279935599871,-0.2073859916464563,-0.0074454681899202,-0.2730111944760022,1.1565195231957217,0.1845320580379615,-0.2020454871191189,-0.2073567129463963,-0.5251530779927517,0.4023489388231981,3.1090752489635607,0.3450983257567985,-0.2886514946017978,-0.673136533919824,0.79,10.15,58.4,16.0,28.1,13.3,0.9583333333333334,0.9111111111111112,5,5,4,4,1,3,1,4,3,1.177621523593293,1.177621523593293,0.5607721540920443,0.5607721540920443,-1.2897759544117016,-0.0560772154092043,0.5607721540920443,0.5607721540920443,-1.9066253239129505,-1.2897759544117016,-0.0560772154092043,0.3,0.65,0.3,0,4,0.810558673191381,0.4,1.0,195.0,86.0,15.0,0.0769230769230769,0.1744186046511628,0.056390977443609,2,469.0,3754120.0,0.5965098977550859,1.0034243814301251,0.6895581382508539,0.4716731437772135,-0.500492507181234,-0.4613022805325735,False,False,False,False,True,False,False,False,True,True,False,False,False,False,False,True,False,False,True,False,True,Major,,True,True,"diff,patch"
JacksonDatabind,107,JacksonDatabind-107,0.125,1.0,0.5,0.0192307692307692,0.5,8.0,1.0,2.0,52.0,2.0,0.0,1.0,0.0,0.0,0.0,0.0,1.0,1.0,0.0,1.0,-0.3896075480227343,-0.7576758641159647,-1.2989615753489754,-0.7887514352439857,1.1096681845252594,-0.9830087813469232,0.4146459595637947,-0.2020454871191189,-0.2073567129463963,-0.5251530779927517,-0.4635308650875505,-0.2192296649910203,-0.1809757993128989,-0.7103907736787903,-0.673136533919824,-96.58,16.42,71.82,28.5,42.9,12.5,0.8958333333333334,0.7872340425531916,3,2,3,1,2,3,4,1,3,1.12089707663561,0.2401922307076307,1.12089707663561,-0.6405126152203486,0.2401922307076307,1.12089707663561,-0.6405126152203486,-0.6405126152203486,-1.5212174611483278,-1.5212174611483278,1.12089707663561,0.3,0.35,0.1914854215512676,2,6,0.8336886508627341,0.4,1.0,218.0,49.0,19.0,0.0871559633027523,0.3877551020408163,0.0766129032258064,0,922.0,6395584.0,-0.7977119766339881,-0.70287777031615,-0.6450552541976357,-0.6028194775205034,-0.7802915256981486,0.1700840617634112,False,False,False,False,True,False,False,False,True,True,False,False,False,True,False,False,False,False,True,False,False,,,False,False,
Time,9,Time-9,0.25,0.3333333333333333,0.0555555555555555,0.032258064516129,0.0120481927710843,4.0,3.0,18.0,31.0,83.0,0.0,1.0,0.0,0.0,0.0,1.0,1.0,0.0,0.0,0.0,-0.6520683107705845,-0.7576758641159647,-0.7605206680457142,-0.7034986756986132,-0.4379098193951574,0.9294200755835044,-0.989048839743788,-0.2020454871191189,-0.2073567129463963,-0.5251530779927517,-0.4635308650875505,-0.2192296649910203,-0.1809757993128989,-0.4995211341402941,-0.673136533919824,14.15,14.73,55.48,15.0,24.6,14.2,0.9166666666666666,0.8318739054290717,3,4,1,2,1,2,3,3,2,0.9912407071619304,1.829982843991256,-0.6862435664967209,0.1524985703326047,-0.6862435664967209,0.1524985703326047,0.1524985703326047,0.9912407071619304,-1.5249857033260463,-1.5249857033260463,0.1524985703326047,0.2,0.35,0.1914854215512676,-1,1,0.9880946170634594,0.6,1.0,545.0,42.0,15.0,0.0275229357798165,0.3571428571428571,0.0262237762237762,0,316.0,5567142.0,-0.7977119766339881,-0.70287777031615,-0.6450552541976357,-0.6028194775205034,0.5166592189567267,0.1314111394435412,False,False,False,False,True,False,False,False,True,True,False,False,False,False,False,True,False,False,True,False,False,,,False,False,
Lang,1,Lang-1,1.0,0.3333333333333333,1.0,1.0,1.0,1.0,3.0,1.0,1.0,1.0,1.0,1.0,1.0,1.0,1.0,1.0,1.0,1.0,1.0,1.0,0.1688506304907469,-0.1531279935599871,1.095101864468344,-0.1515199479641308,-0.2730111944760022,0.7786546385794534,-0.3447299154714549,-0.2020454871191189,-0.2073567129463963,-0.5251530779927517,-0.4635308650875505,-0.2192296649910203,-0.0494572680454745,0.1330877844751946,0.2959479588785432,59.8,8.55,43.7,7.8,12.1,10.0,0.7916666666666666,0.5190380761523045,4,5,2,3,5,2,2,5,3,0.5656854249492378,1.34350288425444,-0.9899494936611666,-0.2121320343559644,1.34350288425444,-0.9899494936611666,-0.2121320343559644,1.34350288425444,-0.2121320343559644,-1.7677669529663689,-0.2121320343559644,0.7,0.75,0.3,-1,10,0.7505615203642622,0.6,1.0,301.0,83.0,32.0,0.1063122923588039,0.3855421686746988,0.0909090909090909,0,236.0,4462690.0,0.7707876320537201,1.2167121503984095,0.8715508735847388,0.5202377820279578,0.0591055298525956,-0.0683281296810623,False,False,False,True,True,True,False,False,False,True,False,False,False,False,False,True,False,False,True,False,True,Major,lang.math.*,False,False,
Jsoup,6,Jsoup-6,0.0,1.0,0.0833333333333333,0.04,0.5,0.0,1.0,12.0,25.0,2.0,0.0,1.0,0.0,0.0,0.0,0.0,1.0,0.0,0.0,1.0,-0.2088012447964375,-0.1531279935599871,0.1499364020949521,1.2173241459575528,-1.39301571620413,-0.126539306024514,-0.5748438169972881,1.3457341619126637,1.5715082388711472,1.910973700473624,-0.4635308650875505,-0.2192296649910203,-0.3124943305803233,-0.9212604132172866,-0.673136533919824,-45.21,11.75,48.37,21.2,45.8,11.0,0.9583333333333334,0.915492957746479,4,2,2,1,2,3,4,1,3,1.8738292224896531,0.2248595066987584,0.2248595066987584,-0.5996253511966891,0.2248595066987584,1.049344364594206,-0.5996253511966891,-0.5996253511966891,-1.4241102090921367,-1.4241102090921367,1.049344364594206,0.3,0.3,0.1154700538379251,1,4,0.9370020832902092,0.9,1.0,1523.0,57.0,16.0,0.010505581089954,0.2807017543859649,0.0102301790281329,0,55.0,410757.0,-0.7977119766339881,-0.70287777031615,-0.6450552541976357,-0.554254839269759,-0.9415874304902524,-1.0892189782816302,True,False,False,False,True,False,False,False,True,True,False,True,False,False,False,False,False,False,True,False,False,,,False,False,
Jsoup,70,Jsoup-70,0.25,0.25,0.3333333333333333,0.1,0.05,4.0,4.0,3.0,10.0,20.0,0.0,0.0,0.0,0.0,0.0,1.0,1.0,1.0,0.0,0.0,-0.3444059722161601,-0.4554019288379759,-1.3447467415691394,0.6591910212212944,0.7530246939098532,-0.4502321387510433,-0.5748438169972881,-0.2020454871191189,-0.2073567129463963,-0.5251530779927517,0.4023489388231981,-0.2192296649910203,-0.3124943305803233,-0.0777818550633016,-0.673136533919824,4.85,19.52,77.49,20.6,34.1,18.6,0.8333333333333334,0.6444444444444445,5,5,4,4,1,3,1,5,3,1.072112534837795,1.072112534837795,0.4824506406770077,0.4824506406770077,-1.2865350418053536,-0.1072112534837793,0.4824506406770077,1.072112534837795,-1.8761969359661408,-1.2865350418053536,-0.1072112534837793,0.3,0.7,0.3464101615137754,0,4,0.861477814505437,0.9,1.0,419.0,56.0,20.0,0.0477326968973747,0.3571428571428571,0.0439560439560439,0,108.0,1034831.0,-0.7977119766339881,-0.70287777031615,-0.6450552541976357,-0.5178313605817009,0.7092267787595447,-0.4460155972634849,False,True,False,False,True,False,False,False,True,True,False,False,False,False,False,True,False,False,True,False,True,,,False,False,
Jsoup,64,Jsoup-64,0.3333333333333333,0.0,0.0,0.0476190476190476,0.3333333333333333,3.0,0.0,0.0,21.0,3.0,0.0,0.0,0.0,0.0,0.0,1.0,0.0,0.0,0.0,1.0,0.3503859913913432,-0.7576758641159647,-1.2833589820227815,-0.5310095534212773,-0.1064125837329401,-0.8081503424111435,-0.5748438169972881,-0.2020454871191189,-0.2073567129463963,-0.5251530779927517,-0.4635308650875505,-0.2192296649910203,-0.1809757993128989,-0.0777818550633016,1.2650324516769105,41.09,12.53,62.41,12.9,24.7,14.0,0.875,0.4999999999999998,5,5,5,5,5,4,0,5,4,0.5996253511966894,0.5996253511966894,0.5996253511966894,0.5996253511966894,0.5996253511966894,-0.2248595066987582,0.5996253511966894,0.5996253511966894,-1.0493443645942058,-2.698314080385101,-0.2248595066987582,0.9,1.0,0.0,0,25,0.7737831307812243,0.1999999999999999,1.0,372.0,93.0,28.0,0.075268817204301,0.3010752688172043,0.0640732265446224,0,92.0,924689.0,-0.7977119766339881,-0.70287777031615,-0.6450552541976357,-0.366066866048125,1.1881768633973224,-1.259650968663666,False,False,False,False,True,True,False,False,False,True,False,False,False,False,False,True,False,False,True,False,True,,,False,False,
Jsoup,58,Jsoup-58,0.25,0.25,0.3333333333333333,0.5,0.5,4.0,4.0,3.0,2.0,2.0,0.0,1.0,0.0,0.0,0.0,1.0,1.0,1.0,1.0,1.0,0.7761556731823002,0.4514198769959905,0.8595987201305728,-0.1670358525082561,2.035569554392177,-0.4965109393156394,-0.5748438169972881,-0.2020454871191189,-0.2073567129463963,-0.5251530779927517,-0.4635308650875505,-0.2192296649910203,-0.3124943305803233,0.3439574240136908,0.2959479588785432,-2.81,9.19,52.09,15.3,33.3,11.3,0.9791666666666666,0.9285714285714284,5,5,4,4,5,3,1,5,4,0.9370425713316364,0.9370425713316364,0.0780868809443029,0.0780868809443029,0.9370425713316364,-0.7808688094430304,0.0780868809443029,0.9370425713316364,-0.7808688094430304,-2.498780190217697,0.0780868809443029,0.8,0.9,0.1154700538379251,0,20,0.9190628842773924,0.9,3.0,322.0,79.0,33.0,0.1024844720496894,0.4177215189873418,0.0896739130434782,0,87.0,884806.0,-0.7977119766339881,-0.70287777031615,-0.6450552541976357,-0.177878892826491,-0.7511005071181375,-1.272132968165403,False,True,False,False,True,True,False,False,False,True,False,False,False,False,False,True,False,False,True,False,True,,,False,False,
Closure,98,Closure-98,0.0,0.0,0.0039370078740157,0.0039215686274509,0.0161290322580645,0.0,0.0,254.0,255.0,62.0,0.0,0.0,0.0,0.0,0.0,0.0,0.0,0.0,0.0,0.0,-1.0231586669890729,-0.7576758641159647,-0.0334218952050616,-0.4016277963871789,-0.6011343465993985,-1.4272271716180835,1.5882268573455445,-0.2020454871191189,-0.2073567129463963,-0.5251530779927517,-0.4635308650875505,-0.2192296649910203,-0.3124943305803233,-0.7103907736787903,-0.673136533919824,-31.64,11.55,48.17,20.1,53.0,12.2,0.5833333333333334,0.2393026941362916,4,5,3,4,1,4,2,3,3,0.8062257748298548,1.4884168150705013,0.1240347345892083,0.8062257748298548,-1.2403473458920846,0.8062257748298548,0.1240347345892083,0.1240347345892083,-1.9225383861327312,-1.2403473458920846,0.1240347345892083,0.4,0.5499999999999999,0.2516611478423583,-1,3,0.9195547530373134,0.1999999999999999,1.0,283.0,56.0,9.0,0.0318021201413427,0.1607142857142857,0.0272727272727272,0,509.0,6192754.0,-0.7977119766339881,-0.70287777031615,-0.6450552541976357,-0.6028194775205034,-0.9942554810346128,1.4462904983191245,False,False,False,False,True,False,False,False,True,True,False,False,False,False,True,False,False,False,True,False,True,High,,False,False,
Compress,39,Compress-39,0.0,0.0,0.1111111111111111,0.0222222222222222,0.0093457943925233,0.0,0.0,9.0,45.0,107.0,0.0,0.0,0.0,0.0,0.0,0.0,0.0,0.0,0.0,0.0,-0.1767227071272558,-0.7576758641159647,0.7191983569264883,-0.6964434110251811,2.4203330125368723,-0.7296241463168184,-1.1731399609644546,-0.2020454871191189,-0.2073567129463963,0.6929103112404362,-0.4635308650875505,3.1090752489635607,-0.0494572680454745,-0.7103907736787903,-0.673136533919824,24.34,13.07,64.16,13.1,21.5,13.0,0.875,0.6470588235294117,1,0,1,1,1,0,4,0,0,1.095445115010332,-0.9128709291752768,1.095445115010332,1.095445115010332,1.095445115010332,-0.9128709291752768,1.095445115010332,-0.9128709291752768,-0.9128709291752768,-0.9128709291752768,-0.9128709291752768,0.0,0.15,0.1,0,1,0.6911465034789506,0.5,1.0,162.0,70.0,10.0,0.0617283950617283,0.1428571428571428,0.045045045045045,1,265.0,2087943.0,0.7707876320537201,0.0436294210728453,0.5609207028341319,0.4048967661824401,0.5425817750840293,0.4444088098080971,True,False,False,False,True,False,False,False,True,True,False,True,False,False,False,False,False,False,True,False,False,Major,Archivers,False,False,zip
Compress,11,Compress-11,0.2,1.0,1.0,1.0,0.3333333333333333,5.0,1.0,1.0,1.0,3.0,0.0,1.0,1.0,1.0,0.0,1.0,1.0,1.0,1.0,1.0,0.3387210686025499,0.1491459417180017,-0.4315925413172738,0.6091169820330398,2.4203330125368723,-0.8547275997658424,-1.1731399609644546,-0.2020454871191189,-0.2073567129463963,-0.5251530779927517,-0.4635308650875505,-0.2192296649910203,0.2135797944893742,-0.7103907736787903,0.2959479588785432,41.29,14.17,57.24,12.8,18.7,13.0,0.8333333333333334,0.6502732240437159,4,5,2,3,3,2,1,4,2,0.884537962671703,1.6329931618554518,-0.6123724356957946,0.1360827634879542,0.1360827634879542,-0.6123724356957946,0.884537962671703,0.884537962671703,-0.6123724356957946,-2.109282834063292,-0.6123724356957946,0.5333333333333333,0.6000000000000001,0.1632993161855452,-1,6,0.9978228036283254,0.9,1.0,141.0,86.0,16.0,0.1134751773049645,0.1860465116279069,0.0758293838862559,0,157.0,1219696.0,1.4678985692482571,2.069863226271547,1.2615353064430634,0.8359079306577955,1.5403944514127326,-0.1048996455607479,True,False,False,False,True,True,False,False,False,True,False,False,False,False,False,True,False,False,True,False,False,Major,Archivers,False,False,
Codec,8,Codec-8,1.0,1.0,0.5,0.5,0.5,1.0,1.0,2.0,2.0,2.0,1.0,1.0,0.0,0.0,0.0,1.0,1.0,1.0,1.0,1.0,0.5844135048415097,1.0559677475519682,0.8645793991830949,0.1111837356323591,-0.1064125837329401,0.5325468528280677,-1.1731399609644546,0.3783718812677994,-0.2073567129463963,0.6929103112404362,0.4023489388231981,-0.2192296649910203,-0.0494572680454745,-0.2886514946017978,-0.673136533919824,25.76,9.39,44.04,12.6,23.6,11.3,0.8958333333333334,0.673913043478261,5,5,4,4,5,3,1,5,4,0.9370425713316364,0.9370425713316364,0.0780868809443029,0.0780868809443029,0.9370425713316364,-0.7808688094430304,0.0780868809443029,0.9370425713316364,-0.7808688094430304,-2.498780190217697,0.0780868809443029,0.8,0.9,0.1154700538379251,0,20,0.9801791372966112,0.6,2.0,513.0,109.0,45.0,0.087719298245614,0.4128440366972477,0.0779896013864818,2,58.0,786815.0,0.9450653663523544,1.429999919366694,0.857887755316429,0.4838143033398995,-0.5533956829512388,-0.2824353519953876,True,True,False,False,True,False,False,False,True,True,False,False,False,False,False,False,False,True,True,False,True,Major,,True,False,patch
Closure,108,Closure-108,1.0,0.0,0.1428571428571428,1.0,1.0,1.0,0.0,7.0,1.0,1.0,1.0,0.0,0.0,1.0,1.0,1.0,0.0,0.0,1.0,1.0,-1.0231586669890729,-0.1531279935599871,-0.1034388597520503,-0.1061553666640399,-0.9226620584791106,-0.4001035622966325,1.5882268573455445,-0.2020454871191189,-0.2073567129463963,0.6929103112404362,-0.4635308650875505,-0.2192296649910203,-0.3124943305803233,-0.9212604132172866,-0.673136533919824,-19.63,7.85,37.55,17.6,49.1,9.5,0.9375,0.8656716417910448,5,5,4,3,3,3,2,3,3,1.414213562373095,1.414213562373095,0.7071067811865475,0.0,0.0,0.0,0.0,0.0,-2.1213203435596424,-1.414213562373095,0.0,0.3,0.65,0.1,1,12,0.974478667740002,0.9,1.0,351.0,86.0,31.0,0.0883190883190883,0.3604651162790697,0.0763546798029556,0,1077.0,13306786.0,-0.7977119766339881,-0.70287777031615,-0.6450552541976357,-0.6028194775205034,-0.9942554810346128,1.4462904983191245,True,False,False,False,True,False,False,False,True,True,False,False,False,False,True,False,False,False,True,False,True,Medium,,False,False,
Lang,60,Lang-60,0.3333333333333333,1.0,1.0,0.5,1.0,3.0,1.0,1.0,2.0,1.0,0.0,1.0,1.0,0.0,1.0,1.0,1.0,1.0,1.0,1.0,-0.1643287266641628,0.1491459417180017,-0.2895645104210644,-0.4838494552521969,-0.4379098193951574,-0.6856019681954245,-0.5748438169972881,-0.2020454871191189,-0.2073567129463963,-0.5251530779927517,-0.4635308650875505,-0.2192296649910203,-0.1809757993128989,-0.7103907736787903,1.2650324516769105,39.13,11.35,56.5,11.6,18.7,11.9,0.9166666666666666,0.7777777777777777,2,1,0,0,1,2,4,0,1,1.697749375254331,0.3638034375544994,-0.970142500145332,-0.970142500145332,0.3638034375544994,1.697749375254331,0.3638034375544994,-0.970142500145332,-0.970142500145332,-0.970142500145332,0.3638034375544994,0.2,0.05,0.1,0,0,0.9642237506939172,0.6,1.0,443.0,62.0,16.0,0.0361173814898419,0.2580645161290322,0.032719836400818,1,221.0,3391950.0,1.4678985692482571,0.4702049590094141,0.4429447939940677,0.3381203885876668,1.52393568561762,0.4763736065367827,False,False,False,False,True,True,False,False,False,True,False,False,False,False,False,True,False,False,True,False,False,Major,,True,False,patch
Math,14,Math-14,0.0,0.0,0.024390243902439,0.04,0.024390243902439,0.0,0.0,41.0,25.0,41.0,0.0,0.0,0.0,0.0,0.0,0.0,0.0,0.0,0.0,0.0,0.0645953830659064,0.4514198769959905,0.6890727782629986,-0.7725051753966292,1.290866087015343,0.8877342875490776,-0.3447299154714549,-0.2020454871191189,-0.2073567129463963,-0.5251530779927517,-0.4635308650875505,-0.2192296649910203,-0.0494572680454745,-0.0777818550633016,-0.673136533919824,41.4,13.08,56.63,12.8,17.5,13.3,0.75,0.5025906735751295,3,3,3,3,4,1,2,3,3,0.3162277660168381,0.3162277660168381,0.3162277660168381,0.3162277660168381,1.475729574745244,-2.0027758514399734,0.3162277660168381,0.3162277660168381,0.3162277660168381,-2.0027758514399734,0.3162277660168381,0.6,0.65,0.1,0,12,0.8292817170417911,0.8,2.0,233.0,80.0,13.0,0.055793991416309,0.1625,0.0433333333333333,1,1195.0,10766138.0,1.6421763035468917,2.283150995239831,0.3559047901387314,0.3441909683690098,1.394322904981108,-0.0217639646469246,False,False,False,False,True,False,False,False,True,True,False,False,False,False,False,False,True,False,False,True,True,Critical,,False,False,
Closure,134,Closure-134,0.0,0.0,0.0055555555555555,0.2,0.0434782608695652,0.0,0.0,180.0,5.0,23.0,0.0,0.0,0.0,0.0,0.0,0.0,0.0,0.0,1.0,0.0,-1.0231586669890729,0.4514198769959905,0.6996880282898242,-0.3976512172411034,0.4038501769199036,1.1474299283325886,1.5882268573455445,-0.2020454871191189,-0.2073567129463963,-0.5251530779927517,-0.4635308650875505,-0.2192296649910203,-0.3124943305803233,-0.2886514946017978,-0.673136533919824,10.36,6.75,51.26,14.3,37.4,11.8,0.9375,0.8656716417910448,5,5,4,4,1,3,2,4,3,1.2535663410560176,1.2535663410560176,0.6267831705280088,0.6267831705280088,-1.2535663410560176,0.0,0.0,0.6267831705280088,-1.8803495115840263,-1.2535663410560176,0.0,0.3,0.65,0.3,0,4,0.7158356303246654,0.9,2.0,599.0,83.0,38.0,0.0634390651085141,0.4578313253012048,0.0590062111801242,0,467.0,5395166.0,-0.7977119766339881,-0.70287777031615,-0.6450552541976357,-0.6028194775205034,-0.9942554810346128,1.4462904983191245,True,False,False,False,True,False,False,False,True,True,False,False,False,False,True,False,False,False,True,False,True,Medium,,False,False,
Closure,67,Closure-67,0.0,0.0,0.0103092783505154,0.0204081632653061,0.0166666666666666,0.0,0.0,97.0,49.0,60.0,0.0,0.0,0.0,0.0,0.0,0.0,0.0,0.0,0.0,0.0,-1.0231586669890729,0.7536938122739794,0.6072006159105209,0.0078074579762638,-0.6011343465993985,-0.6430981178817242,1.5882268573455445,-0.2020454871191189,-0.2073567129463963,-0.5251530779927517,0.4023489388231981,-0.2192296649910203,-0.3124943305803233,0.1330877844751946,0.2959479588785432,4.54,5.68,43.34,14.5,34.7,10.3,0.6875,0.3406593406593407,5,5,4,4,1,3,1,4,3,1.177621523593293,1.177621523593293,0.5607721540920443,0.5607721540920443,-1.2897759544117016,-0.0560772154092043,0.5607721540920443,0.5607721540920443,-1.9066253239129505,-1.2897759544117016,-0.0560772154092043,0.3,0.65,0.3,0,4,0.6594217055523866,0.9,1.0,287.0,99.0,21.0,0.073170731707317,0.2121212121212121,0.0575342465753424,0,607.0,8000742.0,-0.7977119766339881,-0.70287777031615,-0.6450552541976357,-0.6028194775205034,-0.9942554810346128,1.4462904983191245,True,False,False,False,True,True,False,False,False,True,False,False,False,False,True,False,False,False,True,False,True,Medium,,False,False,
Math,28,Math-28,0.0,1.0,1.0,0.5,0.5,0.0,1.0,1.0,2.0,2.0,0.0,1.0,1.0,0.0,0.0,0.0,1.0,1.0,1.0,1.0,0.7601164043477093,-0.1531279935599871,0.8502584300449374,-0.2307797204717069,0.7530246939098532,1.062136901408419,-0.3447299154714549,-0.2020454871191189,-0.2073567129463963,0.6929103112404362,2.134108546644695,-0.2192296649910203,0.2135797944893742,0.5548270635521871,0.2959479588785432,37.3,12.09,49.28,12.3,16.3,12.4,0.625,0.0,3,2,1,2,1,2,3,2,2,1.632993161855452,0.5103103630798288,-0.6123724356957945,0.5103103630798288,-0.6123724356957945,0.5103103630798288,0.5103103630798288,0.5103103630798288,-1.735055234471418,-1.735055234471418,0.5103103630798288,0.2,0.3,0.1154700538379251,-1,1,0.923459259644032,0.9,1.0,189.0,132.0,24.0,0.1269841269841269,0.1818181818181818,0.0808080808080808,4,1017.0,8741079.0,0.0736766948591831,0.363561074525272,0.9958628512718186,0.6112964787481032,1.0327714642582064,-0.4217214466709413,True,False,False,False,True,True,False,False,False,True,False,True,False,False,False,False,False,False,True,False,False,Major,,False,True,"jar,java"
Closure,73,Closure-73,1.0,1.0,0.2,0.1,1.0,1.0,1.0,5.0,10.0,1.0,1.0,1.0,0.0,0.0,1.0,1.0,1.0,1.0,0.0,1.0,-1.0231586669890729,-0.1531279935599871,0.9592447272179088,-0.2451651244082628,-1.081014456579866,-1.1489306991219146,1.5882268573455445,-0.2020454871191189,-0.2073567129463963,-0.5251530779927517,-0.4635308650875505,-0.2192296649910203,-0.1809757993128989,0.7656967030906834,1.2650324516769105,1.8,9.23,42.61,15.6,38.0,12.0,0.8541666666666666,0.7083333333333333,2,4,5,4,1,1,1,3,1,-0.2257330591932402,1.0157987663695809,1.636564679150991,1.0157987663695809,-0.8464989719746506,-0.8464989719746506,1.0157987663695809,0.3950328535881702,-1.467264884756061,-0.8464989719746506,-0.8464989719746506,0.1,0.65,0.3415650255319866,1,5,0.8844381702642228,0.8,1.0,443.0,114.0,32.0,0.0722347629796839,0.2807017543859649,0.0609523809523809,0,583.0,7681077.0,-0.7977119766339881,-0.70287777031615,-0.6450552541976357,-0.6028194775205034,-0.9942554810346128,1.4462904983191245,False,False,False,False,True,True,False,False,False,True,False,False,False,False,True,False,False,False,True,False,True,Medium,,False,False,
Closure,120,Closure-120,0.0,0.0,0.0053191489361702,0.0051282051282051,0.0036231884057971,0.0,0.0,188.0,195.0,276.0,0.0,0.0,0.0,0.0,0.0,0.0,0.0,0.0,0.0,0.0,-1.0231586669890729,-0.1531279935599871,-0.2968406743794085,0.2204781983887288,0.7530246939098532,-0.6767489475448246,1.5882268573455445,-0.2020454871191189,-0.2073567129463963,-0.5251530779927517,0.4023489388231981,-0.2192296649910203,-0.0494572680454745,-0.9212604132172866,-0.673136533919824,-5.55,9.29,49.96,16.3,45.3,12.2,0.8125,0.509090909090909,5,5,4,4,5,3,1,5,4,0.9370425713316364,0.9370425713316364,0.0780868809443029,0.0780868809443029,0.9370425713316364,-0.7808688094430304,0.0780868809443029,0.9370425713316364,-0.7808688094430304,-2.498780190217697,0.0780868809443029,0.8,0.9,0.1154700538379251,0,20,0.818304905851396,0.4,1.0,322.0,88.0,16.0,0.0496894409937888,0.1818181818181818,0.0406091370558375,0,958.0,12776933.0,-0.7977119766339881,-0.70287777031615,-0.6450552541976357,-0.6028194775205034,-0.9942554810346128,1.4462904983191245,False,False,False,False,True,False,False,False,True,True,False,False,False,False,True,False,False,False,True,False,True,Medium,,False,False,
Mockito,5,Mockito-5,0.0,0.5,0.1666666666666666,0.0769230769230769,0.0,0.0,2.0,6.0,13.0,0.0,0.0,0.0,0.0,0.0,0.0,0.0,1.0,0.0,0.0,0.0,2.013366546468694,-0.1531279935599871,0.5531042386772431,0.2740230474780277,0.7530246939098532,1.4883526789995472,-0.989048839743788,4.828238372234174,2.1644632228103284,5.5651638681731885,0.4023489388231981,3.1090752489635607,0.7396539195590717,1.398305621706172,-0.673136533919824,-36.65,8.64,44.07,20.0,33.7,10.5,0.9375,0.6326530612244897,5,5,5,5,5,5,0,5,4,0.5188745216627711,0.5188745216627711,0.5188745216627711,0.5188745216627711,0.5188745216627711,0.5188745216627711,0.5188745216627711,0.5188745216627711,-1.1118739749916515,-2.742622471646074,-0.2964997266644402,1.0,1.0,0.0,0,25,0.887999580796207,1.0,1.0,102.0,131.0,19.0,0.1862745098039215,0.1450381679389313,0.0887850467289719,0,916.0,3221043.0,-0.7977119766339881,-0.70287777031615,-0.6450552541976357,-0.2810787491093226,-0.9310297343826558,-1.796454682110695,True,True,False,False,True,False,False,False,True,True,True,False,False,False,False,False,False,False,True,False,True,,,False,False,
Chart,1,Chart-1,0.1666666666666666,0.2,1.0,0.0714285714285714,0.5,6.0,5.0,1.0,14.0,2.0,0.0,0.0,1.0,0.0,0.0,0.0,1.0,1.0,0.0,1.0,-0.4741782382414859,0.7536938122739794,0.4444167384822197,-0.689667797450703,-1.6988993040710567,1.3174549351656004,0.1845320580379615,-0.2020454871191189,-0.2073567129463963,-0.5251530779927517,-0.4635308650875505,-0.2192296649910203,-0.3124943305803233,0.1330877844751946,0.2959479588785432,44.0,7.62,42.33,9.7,16.2,10.4,0.9791666666666666,0.9390862944162436,5,5,4,3,5,4,2,4,3,1.059625885652035,1.059625885652035,0.331133089266261,-0.3973597071195131,1.059625885652035,0.331133089266261,-0.3973597071195131,0.331133089266261,-0.3973597071195131,-2.5828380962768356,-0.3973597071195131,0.9,0.8,0.1632993161855452,1,20,0.9490113211036574,0.1999999999999999,,,,,,,,0,,,-0.100601039439451,-0.4895900013478655,0.8948832755506215,-0.5117607808003578,-0.1738493090936139,-0.761201716263731,False,False,False,False,True,True,False,False,False,True,False,False,False,True,False,False,False,False,True,False,False,,,False,False,
JacksonDatabind,18,JacksonDatabind-18,0.5,0.3333333333333333,1.0,0.2,0.25,2.0,3.0,1.0,5.0,4.0,0.0,0.0,1.0,0.0,0.0,1.0,1.0,1.0,1.0,1.0,-0.1883876299160491,0.1491459417180017,0.212522035145115,-0.9308365439713632,-2.581591943344183,0.0993837310125116,0.4146459595637947,-0.2020454871191189,-0.2073567129463963,0.6929103112404362,-0.4635308650875505,-0.2192296649910203,-0.3124943305803233,-0.4995211341402941,1.2650324516769105,23.66,16.58,57.58,15.4,20.8,16.3,0.875,0.7512953367875648,3,3,0,0,4,2,4,1,3,0.939618477299634,0.939618477299634,-1.275196504906646,-1.275196504906646,1.6778901380350604,0.2013468165642072,-0.5369248441712194,-0.5369248441712194,0.2013468165642072,-1.275196504906646,0.939618477299634,0.5333333333333333,0.25,0.3785938897200182,0,0,0.7452093006138236,0.9,1.0,167.0,82.0,19.0,0.1137724550898203,0.2317073170731707,0.0826086956521739,0,704.0,4828858.0,-0.7977119766339881,-0.70287777031615,-0.6450552541976357,-0.5906783179578173,1.2276779013055927,0.0282833465905541,True,False,False,False,True,True,False,False,False,True,False,True,False,False,False,False,False,False,True,False,False,,,False,False,
JacksonDatabind,24,JacksonDatabind-24,0.0,0.0,0.1666666666666666,0.0625,0.0434782608695652,0.0,0.0,6.0,16.0,23.0,0.0,0.0,0.0,0.0,0.0,0.0,0.0,0.0,0.0,0.0,0.9525876303627996,0.7536938122739794,0.9303159279281458,0.4449204205740114,1.8463416241570776,-0.2646197897861749,-1.5873449837109543,-0.2020454871191189,0.0891207790231942,0.6929103112404362,-0.4635308650875505,-0.2192296649910203,0.4766168570242229,1.398305621706172,-0.673136533919824,-64.57,16.09,52.65,24.5,44.1,12.5,0.9583333333333334,0.8102766798418974,5,5,5,5,5,4,1,5,4,0.6862435664967211,0.6862435664967211,0.6862435664967211,0.6862435664967211,0.6862435664967211,-0.1524985703326045,-0.1524985703326045,0.6862435664967211,-0.99124070716193,-2.6687249808205813,-0.1524985703326045,0.9,1.0,0.0,0,25,0.988758292370457,0.8,1.0,169.0,102.0,23.0,0.136094674556213,0.2254901960784313,0.0927419354838709,0,715.0,4929389.0,-0.7977119766339881,-0.70287777031615,-0.6450552541976357,-0.4024903447361833,-0.4675749755910086,-1.2503264919172414,True,True,False,False,True,False,False,False,True,True,False,False,False,False,False,True,False,False,True,False,True,,,False,False,
JacksonCore,8,JacksonCore-8,0.5,1.0,0.5,1.0,1.0,2.0,1.0,2.0,1.0,1.0,0.0,1.0,0.0,1.0,1.0,1.0,1.0,1.0,1.0,1.0,-0.3050368578039825,0.1491459417180017,0.2295608233996027,0.156372397195048,0.7530246939098532,1.4226941945746363,0.1845320580379615,-0.2020454871191189,-0.2073567129463963,-0.5251530779927517,-0.4635308650875505,-0.2192296649910203,-0.1809757993128989,-0.2886514946017978,1.2650324516769105,9.85,13.45,57.37,14.5,28.7,13.6,0.8333333333333334,0.6515426497277678,5,5,5,3,1,3,3,2,3,1.3720532498711293,1.3720532498711293,1.3720532498711293,0.1646463899845356,-1.042760469902058,0.1646463899845356,-0.4390570399587612,-0.4390570399587612,-1.646463899845355,-1.042760469902058,0.1646463899845356,0.3,0.55,0.3415650255319866,2,5,0.8013489313966567,0.4,1.0,261.0,51.0,18.0,0.0689655172413793,0.3529411764705882,0.0612244897959183,0,153.0,1426782.0,-0.7977119766339881,-0.70287777031615,-0.6450552541976357,-0.554254839269759,-0.0561058307131926,-0.3312827525977617,False,False,False,False,True,True,False,False,False,True,False,False,False,False,False,True,False,False,True,False,True,,,False,False,
JacksonDatabind,30,JacksonDatabind-30,0.5,1.0,0.125,0.0384615384615384,0.1111111111111111,2.0,1.0,8.0,26.0,9.0,0.0,1.0,0.0,0.0,0.0,1.0,1.0,0.0,0.0,0.0,0.9358193038539092,-0.4554019288379759,0.9623950261145714,-0.6465493471010613,-0.2730111944760022,0.0495736870405464,0.4146459595637947,-0.2020454871191189,-0.2073567129463963,-0.5251530779927517,-0.4635308650875505,-0.2192296649910203,-0.1809757993128989,0.9765663426291796,0.2959479588785432,-13.4,11.98,49.34,17.3,31.7,13.0,0.7916666666666666,0.4642857142857141,5,5,4,4,1,3,1,4,3,1.177621523593293,1.177621523593293,0.5607721540920443,0.5607721540920443,-1.2897759544117016,-0.0560772154092043,0.5607721540920443,0.5607721540920443,-1.9066253239129505,-1.2897759544117016,-0.0560772154092043,0.3,0.65,0.3,0,4,0.8609376624043791,0.6,2.0,1072.0,92.0,66.0,0.0615671641791044,0.717391304347826,0.0601092896174863,0,719.0,4968412.0,-0.7977119766339881,-0.70287777031615,-0.6450552541976357,-0.1900200523891771,-0.7790056846204054,-1.0434315322948282,True,True,False,False,True,True,False,False,False,True,False,False,False,False,False,True,False,False,True,False,True,,,False,False,
JacksonDatabind,31,JacksonDatabind-31,0.0,0.25,0.1666666666666666,0.0192307692307692,0.0333333333333333,0.0,4.0,6.0,52.0,30.0,0.0,0.0,0.0,0.0,0.0,0.0,1.0,0.0,0.0,0.0,-0.2773326661805984,0.1491459417180017,0.0650281282395152,-0.8158920114931892,0.4038501769199036,-0.5188105012950199,0.4146459595637947,-0.2020454871191189,-0.2073567129463963,-0.5251530779927517,-0.4635308650875505,-0.2192296649910203,-0.3124943305803233,-0.4995211341402941,-0.673136533919824,25.9,14.87,55.87,14.6,19.6,15.2,0.7916666666666666,0.4444444444444443,0,0,0,0,2,0,4,0,0,-0.565685424949238,-0.565685424949238,-0.565685424949238,-0.565685424949238,2.5455844122715705,-0.565685424949238,0.9899494936611664,-0.565685424949238,0.9899494936611664,-0.565685424949238,-0.565685424949238,0.1666666666666666,0.1,0.2,0,0,0.6005935882410718,0.5,1.0,421.0,66.0,24.0,0.0570071258907363,0.3636363636363636,0.0518358531317494,0,719.0,4972662.0,-0.7977119766339881,-0.70287777031615,-0.6450552541976357,-0.5785371583951312,1.3387745704226028,-0.4935432852455597,True,False,False,False,True,False,False,False,True,True,False,False,False,False,False,True,False,False,True,False,False,,,False,False,
JacksonCore,9,JacksonCore-9,0.2,0.25,0.2,0.1428571428571428,0.25,5.0,4.0,5.0,7.0,4.0,0.0,1.0,0.0,0.0,0.0,1.0,1.0,1.0,0.0,1.0,-0.2846232429235942,0.1491459417180017,0.8165685734494251,-0.6036261027715085,0.4038501769199036,-1.0242516865791795,0.4146459595637947,-0.2020454871191189,-0.2073567129463963,-0.5251530779927517,-0.4635308650875505,-0.2192296649910203,-0.0494572680454745,-0.7103907736787903,1.2650324516769105,36.86,10.52,41.13,10.4,17.0,11.2,0.7083333333333334,0.4216867469879519,4,5,3,3,1,3,2,4,1,0.970142500145332,1.6371154689952476,0.3031695312954162,0.3031695312954162,-1.0307764064044151,0.3031695312954162,0.3031695312954162,0.970142500145332,-1.697749375254331,-1.0307764064044151,-1.0307764064044151,0.3,0.55,0.2516611478423583,0,3,0.8033462753129306,0.4,3.0,788.0,66.0,38.0,0.0482233502538071,0.5757575757575758,0.0465686274509803,0,157.0,1459775.0,-0.7977119766339881,-0.70287777031615,-0.6450552541976357,-0.5846077381764743,-0.2289228715618755,-0.0816845549720695,False,False,False,False,True,True,False,False,False,True,False,False,False,False,False,True,False,False,True,False,True,,,False,False,
JacksonDatabind,25,JacksonDatabind-25,1.0,0.5,0.0076335877862595,0.0045662100456621,0.0033670033670033,1.0,2.0,131.0,219.0,297.0,1.0,0.0,0.0,0.0,0.0,1.0,1.0,0.0,0.0,0.0,1.2536884498485277,0.1491459417180017,0.3415565750881529,0.2665752979396426,0.7530246939098532,-0.3018482890421251,0.4146459595637947,3.0869862670734185,4.832760650536644,1.910973700473624,-0.4635308650875505,-0.2192296649910203,-0.0494572680454745,0.1330877844751946,-0.673136533919824,-171.5,12.71,43.43,38.7,61.7,11.1,0.875,0.7114228456913828,5,5,5,5,2,4,1,4,3,0.924678098474716,0.924678098474716,0.924678098474716,0.924678098474716,-0.8702852691526738,0.3263569759322526,0.3263569759322526,0.3263569759322526,-2.0669275142376,-1.468606391695137,-0.2719641466102105,0.4,0.8,0.282842712474619,0,10,0.8300947981882207,0.8,4.0,784.0,79.0,49.0,0.0625,0.620253164556962,0.0601965601965601,0,715.0,4929605.0,-0.7977119766339881,-0.70287777031615,-0.6450552541976357,-0.366066866048125,-1.0660755499587409,-1.5827777908552794,True,True,False,False,True,False,False,False,True,True,False,True,False,False,False,False,False,False,True,False,True,,,False,False,
JacksonDatabind,19,JacksonDatabind-19,1.0,0.0,0.125,0.25,0.0714285714285714,1.0,0.0,8.0,4.0,14.0,1.0,0.0,0.0,0.0,0.0,1.0,0.0,0.0,1.0,0.0,-0.3932528363942322,0.7536938122739794,0.0370886214739435,0.3175990513659843,0.9303979192957068,0.0407897567540159,0.4146459595637947,-0.2020454871191189,-0.2073567129463963,-0.5251530779927517,-0.4635308650875505,-0.2192296649910203,-0.3124943305803233,-0.9212604132172866,0.2959479588785432,15.68,12.49,55.75,14.4,20.4,13.6,0.7916666666666666,0.0,1,1,0,1,1,1,4,0,1,0.7559289460184545,0.7559289460184545,-1.3228756555322954,0.7559289460184545,0.7559289460184545,0.7559289460184545,0.7559289460184545,-1.3228756555322954,-1.3228756555322954,-1.3228756555322954,0.7559289460184545,0.1,0.1,0.1154700538379251,-1,0,0.9996274777092542,0.8,1.0,486.0,62.0,31.0,0.0637860082304526,0.5,0.0599613152804642,0,704.0,4836285.0,-0.7977119766339881,-0.70287777031615,-0.6450552541976357,-0.5906783179578173,0.0056145410184796,0.050098841232532,False,False,False,False,True,True,False,False,False,True,False,False,False,False,False,True,False,False,True,False,False,,,False,False,
Closure,72,Closure-72,0.0,0.0,0.0126582278481012,0.0526315789473684,0.3333333333333333,0.0,0.0,79.0,19.0,3.0,0.0,0.0,0.0,0.0,0.0,0.0,0.0,0.0,0.0,1.0,-1.0231586669890729,1.6605156181079457,0.5689444571633294,-0.0051058798789755,1.290866087015343,-0.5059480437663402,1.5882268573455445,-0.2020454871191189,-0.2073567129463963,1.910973700473624,0.4023489388231981,-0.2192296649910203,-0.1809757993128989,2.030914540321661,1.2650324516769105,-77.43,6.72,55.61,25.3,60.6,9.9,0.7916666666666666,0.5238095238095237,5,5,5,5,3,5,0,4,3,0.7440916048338275,0.7440916048338275,0.7440916048338275,0.7440916048338275,-0.425195202762187,0.7440916048338275,0.7440916048338275,0.1594482010358202,-2.179125414156209,-1.5944820103582016,-0.425195202762187,0.5,0.8500000000000001,0.1914854215512676,0,15,0.652381529854978,0.5,2.0,362.0,174.0,57.0,0.1574585635359116,0.3275862068965517,0.1189979123173277,0,594.0,7749832.0,-0.7977119766339881,-0.70287777031615,-0.6450552541976357,-0.6028194775205034,-0.9942554810346128,1.4462904983191245,True,False,False,False,True,True,False,False,False,True,False,False,False,False,True,False,False,False,True,False,True,Medium,,False,False,
Math,29,Math-29,1.0,1.0,1.0,1.0,0.5,1.0,1.0,1.0,1.0,2.0,1.0,1.0,1.0,1.0,0.0,1.0,1.0,1.0,1.0,1.0,0.3124749923277649,-0.1531279935599871,0.9643756004903716,-0.8465637799303516,-0.6011343465993985,0.1945648699519359,-0.3447299154714549,-0.2020454871191189,-0.2073567129463963,-0.5251530779927517,-0.4635308650875505,-0.2192296649910203,-0.0494572680454745,0.3439574240136908,0.2959479588785432,34.83,9.95,45.56,11.2,17.2,11.7,0.9166666666666666,0.7782909930715934,5,5,2,2,5,3,3,4,4,1.2751965049066458,1.2751965049066458,-0.939618477299634,-0.939618477299634,1.2751965049066458,-0.2013468165642074,-0.939618477299634,0.5369248441712192,-0.2013468165642074,-1.6778901380350608,0.5369248441712192,0.8,0.65,0.3,0,10,0.7619459169222278,0.9,1.0,220.0,86.0,30.0,0.1363636363636363,0.3488372093023256,0.108695652173913,0,995.0,8598659.0,0.9450653663523544,0.1502733055569876,0.4671225728427722,0.4291790853078123,-0.0091983481971217,-0.2729513333103336,False,True,False,False,True,True,False,False,False,True,False,False,False,False,False,True,False,False,True,False,True,Major,,False,False,
Lang,49,Lang-49,0.25,0.25,1.0,0.5,1.0,4.0,4.0,1.0,2.0,1.0,0.0,1.0,1.0,0.0,1.0,1.0,1.0,1.0,1.0,1.0,-0.3677358177937467,-0.4554019288379759,-1.308185887646232,-0.7657737220021343,0.2319908443389094,0.3592955046688908,-0.3447299154714549,-0.2020454871191189,-0.2073567129463963,-0.5251530779927517,-0.4635308650875505,-0.2192296649910203,-0.0494572680454745,-0.7103907736787903,-0.673136533919824,41.36,11.97,54.79,10.7,15.2,12.0,0.9166666666666666,0.8192090395480225,3,4,2,1,1,2,3,1,1,1.2570787221094175,2.1213203435596424,0.3928371006591931,-0.4714045207910316,-0.4714045207910316,0.3928371006591931,0.3928371006591931,-0.4714045207910316,-1.3356461422412562,-1.3356461422412562,-0.4714045207910316,0.2,0.25,0.1,1,2,0.9973329013411574,0.6,1.0,335.0,48.0,8.0,0.0238805970149253,0.1666666666666666,0.0213333333333333,0,237.0,3575414.0,0.9450653663523544,0.1502733055569876,1.158476357219242,0.3441909683690098,1.1165812321885824,0.4845117345380075,False,False,False,False,True,False,False,False,True,True,False,False,False,False,False,True,False,False,True,False,False,Major,,False,False,
Mockito,4,Mockito-4,1.0,0.0,0.0769230769230769,0.0140845070422535,0.0,1.0,0.0,13.0,71.0,0.0,1.0,0.0,0.0,0.0,0.0,1.0,0.0,0.0,0.0,0.0,-0.6046795619411115,-0.4554019288379759,-0.3350160664334928,0.4595843040129099,-0.7627101412056181,0.3878289692139742,-0.989048839743788,-0.2020454871191189,-0.2073567129463963,1.910973700473624,-0.4635308650875505,-0.2192296649910203,0.0820612632219498,-0.9212604132172866,-0.673136533919824,-3.12,12.35,56.8,15.4,30.3,10.4,0.875,0.6674364896073902,2,1,1,0,1,1,4,0,1,2.06418738616856,0.4423258684646913,0.4423258684646913,-1.179535649239177,0.4423258684646913,0.4423258684646913,0.4423258684646913,-1.179535649239177,-1.179535649239177,-1.179535649239177,0.4423258684646913,0.1,0.1,0.1154700538379251,1,1,0.8503787004495554,0.7,1.0,411.0,37.0,14.0,0.0340632603406326,0.3783783783783784,0.032258064516129,0,918.0,3242162.0,-0.7977119766339881,-0.70287777031615,-0.6450552541976357,-0.5906783179578173,-0.923717913341273,-0.0921501375288585,True,False,False,False,True,False,False,False,True,True,False,True,False,False,False,False,False,False,True,False,False,,,False,False,
Closure,121,Closure-121,0.0,1.0,0.0030581039755351,0.0188679245283018,0.0075757575757575,0.0,1.0,327.0,53.0,132.0,0.0,1.0,0.0,0.0,0.0,0.0,1.0,0.0,0.0,0.0,-1.0231586669890729,-0.1531279935599871,-0.2968406743794085,0.2204781983887288,0.7530246939098532,-0.6767489475448246,1.5882268573455445,-0.2020454871191189,-0.2073567129463963,-0.5251530779927517,0.4023489388231981,-0.2192296649910203,-0.0494572680454745,-0.9212604132172866,-0.673136533919824,-5.55,9.29,49.96,16.3,45.3,12.2,0.7708333333333334,0.3160621761658032,5,5,4,4,3,3,1,5,4,0.9914601339836674,0.9914601339836674,0.3499271061118826,0.3499271061118826,-0.2916059217599022,-0.2916059217599022,0.3499271061118826,0.9914601339836674,-2.2162050053752567,-1.5746719775034717,0.3499271061118826,0.3,0.8,0.1632993161855452,0,12,0.976920345300014,0.4,1.0,372.0,88.0,20.0,0.053763440860215,0.2272727272727272,0.0454545454545454,0,958.0,12776933.0,-0.7977119766339881,-0.70287777031615,-0.6450552541976357,-0.6028194775205034,-0.9942554810346128,1.4462904983191245,False,False,False,False,True,False,False,False,True,True,False,False,False,False,True,False,False,False,True,False,True,Medium,,False,False,
Closure,135,Closure-135,0.125,0.3333333333333333,0.0526315789473684,0.0123456790123456,0.008695652173913,8.0,3.0,19.0,81.0,115.0,0.0,0.0,0.0,0.0,0.0,0.0,1.0,0.0,0.0,0.0,-1.0231586669890729,-0.1531279935599871,0.8579706545729643,-0.1243017759701006,0.7530246939098532,0.353286178973982,1.5882268573455445,-0.2020454871191189,-0.2073567129463963,-0.5251530779927517,-0.4635308650875505,-0.2192296649910203,-0.3124943305803233,0.3439574240136908,-0.673136533919824,-24.71,11.57,50.69,19.5,46.6,13.5,0.7916666666666666,0.5161290322580645,5,5,4,4,1,3,1,4,3,1.177621523593293,1.177621523593293,0.5607721540920443,0.5607721540920443,-1.2897759544117016,-0.0560772154092043,0.5607721540920443,0.5607721540920443,-1.9066253239129505,-1.2897759544117016,-0.0560772154092043,0.3,0.65,0.3,0,4,0.810558673191381,0.9,2.0,492.0,108.0,34.0,0.0691056910569105,0.3148148148148148,0.0600706713780918,0,471.0,5445697.0,-0.7977119766339881,-0.70287777031615,-0.6450552541976357,-0.6028194775205034,-0.9942554810346128,1.4462904983191245,True,False,False,False,True,False,False,False,True,True,False,False,False,False,True,False,False,False,True,False,True,Medium,,False,False,
Closure,66,Closure-66,0.1,1.0,0.0344827586206896,0.0222222222222222,0.0625,10.0,1.0,29.0,45.0,16.0,0.0,1.0,0.0,0.0,0.0,0.0,1.0,0.0,0.0,0.0,-1.0231586669890729,-0.7576758641159647,0.3958783431177128,0.1765474710958459,0.0619124374841446,0.0978562088981203,1.5882268573455445,-0.2020454871191189,-0.2073567129463963,-0.5251530779927517,-0.4635308650875505,-0.2192296649910203,-0.3124943305803233,0.1330877844751946,0.2959479588785432,10.67,8.74,45.88,14.2,34.0,11.8,0.8125,0.625,4,5,4,4,1,3,1,2,2,0.8249579113843055,1.473139127471974,0.8249579113843055,0.8249579113843055,-1.1195857368787,0.176776695296637,0.8249579113843055,-0.4714045207910315,-1.7677669529663689,-1.1195857368787,-0.4714045207910315,0.3,0.55,0.3,0,4,0.9396816878728774,0.4,1.0,630.0,84.0,31.0,0.0492063492063492,0.369047619047619,0.0453879941434846,0,607.0,8006634.0,-0.7977119766339881,-0.70287777031615,-0.6450552541976357,-0.6028194775205034,-0.9942554810346128,1.4462904983191245,False,False,False,False,True,True,False,False,False,True,False,False,False,False,True,False,False,False,True,False,True,Medium,,False,False,
Math,15,Math-15,1.0,1.0,0.3333333333333333,0.0769230769230769,1.0,1.0,1.0,3.0,13.0,1.0,1.0,1.0,0.0,0.0,1.0,1.0,1.0,1.0,0.0,1.0,-0.0032069806439548,0.7536938122739794,0.4560282436791955,-0.3539323686893234,-1.237791208928377,0.6598149091353566,-0.3447299154714549,-0.2020454871191189,-0.2073567129463963,-0.5251530779927517,-0.4635308650875505,-0.2192296649910203,0.4766168570242229,-0.4995211341402941,-0.673136533919824,51.58,12.8,50.52,10.9,18.2,13.3,0.9583333333333334,0.8740157480314962,5,5,4,4,5,3,1,5,3,0.99124070716193,0.99124070716193,0.1524985703326045,0.1524985703326045,0.99124070716193,-0.6862435664967211,0.1524985703326045,0.99124070716193,-0.6862435664967211,-2.3637278401553723,-0.6862435664967211,0.8,0.9,0.1154700538379251,0,20,0.9604088508520082,0.4,1.0,728.0,69.0,24.0,0.0329670329670329,0.3478260869565217,0.0310478654592496,0,1079.0,9654575.0,2.862120443637332,0.5057529205041282,1.7766222724226075,0.5141672022466147,0.2933264277061215,-0.333681636877002,False,False,False,False,True,False,False,False,True,True,False,False,False,False,False,True,False,False,True,False,True,Major,,False,False,
Lang,61,Lang-61,0.5,1.0,0.0588235294117647,0.5,0.5,2.0,1.0,17.0,2.0,2.0,0.0,1.0,0.0,0.0,0.0,1.0,1.0,0.0,1.0,1.0,2.666602222641121,-0.7576758641159647,0.927939875261958,0.2347745609827878,1.1096681845252594,0.3708305950725575,0.1845320580379615,8.310742582555685,8.09401306220214,0.6929103112404362,-0.4635308650875505,-0.2192296649910203,0.0820612632219498,-0.2886514946017978,-0.673136533919824,-118.51,6.22,50.83,30.7,69.4,9.3,0.9375,0.8577075098814229,5,5,4,4,3,3,1,5,3,1.0533703247651751,1.0533703247651751,0.4096440151864569,0.4096440151864569,-0.2340822943922612,-0.2340822943922612,0.4096440151864569,1.0533703247651751,-2.1652612231284154,-1.5215349135496974,-0.2340822943922612,0.3,0.8,0.1632993161855452,0,12,0.9127344050460494,0.6,1.0,443.0,104.0,30.0,0.0677200902934537,0.2884615384615384,0.058027079303675,1,221.0,3391431.0,0.9450653663523544,-0.4895900013478655,0.264908422471789,0.738778654156307,-1.0954580447595228,-2.28771713153746,True,True,False,False,True,False,False,False,True,True,False,True,False,False,False,False,False,False,True,False,True,Major,,True,False,patch
Closure,109,Closure-109,0.0,0.5,0.1111111111111111,0.0714285714285714,0.0526315789473684,0.0,2.0,9.0,14.0,19.0,0.0,1.0,0.0,0.0,0.0,0.0,1.0,0.0,0.0,0.0,-1.0231586669890729,0.1491459417180017,0.160739842495373,0.304936615431302,-0.4379098193951574,-0.1750816978791616,1.5882268573455445,-0.2020454871191189,-0.2073567129463963,-0.5251530779927517,-0.4635308650875505,-0.2192296649910203,-0.3124943305803233,0.1330877844751946,-0.673136533919824,8.74,7.9,41.94,15.0,36.5,12.1,0.75,0.5126903553299492,4,4,4,4,1,1,3,2,1,1.2403473458920846,1.2403473458920846,1.2403473458920846,1.2403473458920846,-0.8062257748298548,-0.8062257748298548,-0.1240347345892083,-0.1240347345892083,-1.4884168150705013,-0.8062257748298548,-0.8062257748298548,0.1,0.55,0.3,0,4,0.8407713805753573,0.7,1.0,579.0,80.0,31.0,0.0535405872193437,0.3875,0.0493630573248407,0,1076.0,13270070.0,-0.7977119766339881,-0.70287777031615,-0.6450552541976357,-0.6028194775205034,-0.9942554810346128,1.4462904983191245,True,False,False,False,True,False,False,False,True,True,False,False,False,False,True,False,False,False,True,False,True,Medium,,False,False,
Codec,9,Codec-9,1.0,1.0,1.0,1.0,1.0,1.0,1.0,1.0,1.0,1.0,1.0,1.0,1.0,1.0,1.0,1.0,1.0,1.0,1.0,1.0,-0.3196180112899742,-0.1531279935599871,-0.4070525961736438,-0.0641428133931191,0.9303979192957068,0.7058252510727744,-1.1731399609644546,-0.2020454871191189,-0.2073567129463963,-0.5251530779927517,-0.4635308650875505,-0.2192296649910203,-0.0494572680454745,-0.7103907736787903,-0.673136533919824,39.13,10.48,60.85,11.6,18.5,13.0,0.875,0.7288135593220338,3,2,1,2,1,2,3,1,1,1.8565582432658283,0.7219948723811555,-0.4125684985035172,0.7219948723811555,-0.4125684985035172,0.7219948723811555,0.7219948723811555,-0.4125684985035172,-1.54713186938819,-1.54713186938819,-0.4125684985035172,0.2,0.25,0.1,-1,1,0.956759915842745,0.6,1.0,454.0,52.0,18.0,0.039647577092511,0.3461538461538461,0.0368852459016393,0,69.0,880351.0,2.862120443637332,1.3233560348825515,0.704987194810952,0.2895557503369225,0.6845386300668758,0.5559139146756038,False,False,False,False,True,False,False,False,True,True,False,True,False,False,False,False,False,False,True,False,False,Minor,,False,False,
Compress,10,Compress-10,0.5,1.0,1.0,1.0,1.0,2.0,1.0,1.0,1.0,1.0,0.0,1.0,1.0,1.0,1.0,1.0,1.0,1.0,1.0,1.0,0.5814972741443113,0.7536938122739794,0.9579775256536418,-0.1857186728168879,0.9303979192957068,-0.6990252552616729,-1.1731399609644546,-0.2020454871191189,-0.2073567129463963,-0.5251530779927517,-0.4635308650875505,-0.2192296649910203,-0.0494572680454745,0.5548270635521871,-0.673136533919824,48.91,10.34,50.41,9.9,15.3,11.5,0.875,0.4999999999999998,5,5,5,4,5,4,1,5,4,0.7808688094430304,0.7808688094430304,0.7808688094430304,-0.0780868809443029,0.7808688094430304,-0.0780868809443029,-0.0780868809443029,0.7808688094430304,-0.9370425713316364,-2.654953952106303,-0.0780868809443029,0.9,0.95,0.0999999999999999,1,25,0.995470833805158,0.1999999999999999,1.0,394.0,124.0,40.0,0.1015228426395939,0.3225806451612903,0.0836820083682008,2,156.0,1204346.0,0.9450653663523544,1.429999919366694,0.6219827766078924,0.4231085055264692,0.0865368061777833,-0.445065803338983,False,False,True,False,True,False,False,False,True,True,False,False,False,False,True,False,False,False,True,False,True,Major,Archivers,True,True,patch
Compress,38,Compress-38,1.0,1.0,0.3333333333333333,1.0,1.0,1.0,1.0,3.0,1.0,1.0,1.0,1.0,0.0,1.0,1.0,1.0,1.0,1.0,1.0,1.0,0.3948585095236179,1.6605156181079457,1.144315437557988,-0.5624086129859178,-0.1064125837329401,0.460174200231574,-1.1731399609644546,-0.2020454871191189,-0.2073567129463963,-0.5251530779927517,0.4023489388231981,-0.2192296649910203,-0.0494572680454745,1.187435982167676,-0.673136533919824,61.67,10.53,43.58,9.1,12.4,10.9,0.8125,0.4881516587677725,4,5,4,4,5,2,1,5,4,0.2248595066987586,1.0493443645942062,0.2248595066987586,0.2248595066987586,1.0493443645942062,-1.4241102090921365,0.2248595066987586,1.0493443645942062,-0.599625351196689,-2.2485950669875843,0.2248595066987586,0.7,0.9,0.1154700538379251,0,20,0.8981381244143768,0.6,1.0,357.0,108.0,32.0,0.0896358543417367,0.2962962962962963,0.0739030023094688,0,264.0,2083597.0,0.9450653663523544,1.429999919366694,0.6548928553301138,0.392755606619754,1.1486758254890517,-0.6190206814504268,False,False,False,False,True,False,False,False,True,True,False,False,False,False,False,True,False,False,True,False,True,Major,Archivers,False,False,
Closure,99,Closure-99,0.25,0.25,0.0185185185185185,0.0196078431372549,0.1111111111111111,4.0,4.0,54.0,51.0,9.0,0.0,0.0,0.0,0.0,0.0,1.0,1.0,0.0,0.0,0.0,-1.0231586669890729,-0.7576758641159647,-0.003555525903934,0.1275276886125768,0.5775185551070113,-1.058838359875736,1.5882268573455445,-0.2020454871191189,-0.2073567129463963,-0.5251530779927517,-0.4635308650875505,-0.2192296649910203,-0.3124943305803233,0.9765663426291796,-0.673136533919824,-49.17,11.79,61.78,22.7,52.5,14.4,0.75,0.3885350318471337,5,5,4,4,5,3,1,5,4,0.9370425713316364,0.9370425713316364,0.0780868809443029,0.0780868809443029,0.9370425713316364,-0.7808688094430304,0.0780868809443029,0.9370425713316364,-0.7808688094430304,-2.498780190217697,0.0780868809443029,0.8,0.9,0.1154700538379251,0,20,0.7175469274253998,0.4,1.0,154.0,65.0,16.0,0.1038961038961039,0.2461538461538461,0.0788177339901477,0,509.0,6192552.0,-0.7977119766339881,-0.70287777031615,-0.6450552541976357,-0.6028194775205034,-0.9942554810346128,1.4462904983191245,False,False,False,False,True,False,False,False,True,True,False,False,False,False,True,False,False,False,True,False,True,Medium,,False,False,
Jsoup,59,Jsoup-59,0.125,0.0,0.0093457943925233,0.0217391304347826,0.024390243902439,8.0,0.0,107.0,46.0,41.0,0.0,0.0,0.0,0.0,0.0,0.0,0.0,0.0,0.0,0.0,-0.4289766624349118,-0.4554019288379759,-0.7091429056597329,-0.9796801363487816,-1.6988993040710567,-0.5586642077698009,-0.5748438169972881,-0.2020454871191189,-0.2073567129463963,0.6929103112404362,0.4023489388231981,-0.2192296649910203,-0.3124943305803233,-0.2886514946017978,-0.673136533919824,31.48,11.7,51.54,12.4,20.5,12.8,0.8541666666666666,0.7083333333333333,5,5,3,2,1,3,3,1,1,1.7779719374968537,1.7779719374968537,0.516185401208764,-0.1147078669352807,-0.7456011350793256,0.516185401208764,-0.1147078669352807,-0.7456011350793256,-1.3764944032233704,-0.7456011350793256,-0.7456011350793256,0.3,0.35,0.1914854215512676,1,3,0.9516334656264416,0.9,1.0,111.0,44.0,6.0,0.054054054054054,0.1363636363636363,0.0402684563758389,0,87.0,890497.0,-0.7977119766339881,-0.70287777031615,-0.6450552541976357,-0.5846077381764743,0.355363314164623,-0.5207065782071125,True,False,False,False,True,False,False,False,True,True,False,True,False,False,False,False,False,False,True,False,True,,,False,False,
Jsoup,65,Jsoup-65,0.5,1.0,0.0,0.0232558139534883,0.2,2.0,1.0,0.0,43.0,5.0,0.0,1.0,0.0,0.0,0.0,1.0,1.0,0.0,0.0,1.0,0.187806130022536,1.3582416828299568,0.3696884498148936,-0.4382587558060286,1.1096681845252594,0.4153137176835927,-0.5748438169972881,-0.2020454871191189,-0.2073567129463963,-0.5251530779927517,-0.4635308650875505,-0.2192296649910203,-0.3124943305803233,0.1330877844751946,-0.673136533919824,11.01,13.37,59.11,16.2,28.4,13.9,0.7916666666666666,0.5833333333333333,3,4,4,4,1,2,2,2,3,0.4180398085749705,1.1844461242957498,1.1844461242957498,1.1844461242957498,-1.1147728228665883,-0.3483665071458088,0.4180398085749705,-0.3483665071458088,-1.8811791385873675,-1.1147728228665883,0.4180398085749705,0.2,0.55,0.3,0,4,0.5878309157172426,0.9,2.0,480.0,81.0,37.0,0.0770833333333333,0.4567901234567901,0.0706106870229007,0,93.0,946702.0,-0.7977119766339881,-0.70287777031615,-0.6450552541976357,-0.4935490414563288,1.1906456782665893,-0.9024086713045356,True,False,False,False,True,False,False,False,True,True,False,False,False,False,False,True,False,False,True,False,True,,,False,False,
Jsoup,71,Jsoup-71,0.1666666666666666,0.5,0.0,0.0,0.0,6.0,2.0,0.0,0.0,0.0,0.0,0.0,0.0,0.0,0.0,0.0,1.0,0.0,0.0,0.0,-0.530315679162554,-0.7576758641159647,-1.3466315298298386,0.1397063452694028,-1.39301571620413,1.5821465486330877,-0.5748438169972881,-0.2020454871191189,-0.2073567129463963,-0.5251530779927517,-0.4635308650875505,-0.2192296649910203,-0.3124943305803233,-0.7103907736787903,-0.673136533919824,9.38,16.52,65.28,16.8,26.2,17.1,0.9166666666666666,0.670103092783505,0,0,0,0,1,0,4,0,0,-0.4714045207910317,-0.4714045207910317,-0.4714045207910317,-0.4714045207910317,2.1213203435596424,-0.4714045207910317,2.1213203435596424,-0.4714045207910317,-0.4714045207910317,-0.4714045207910317,-0.4714045207910317,0.0,0.05,0.1,0,0,0.5201672987207322,1.0,3.0,180.0,42.0,8.0,0.0444444444444444,0.1904761904761904,0.0373831775700934,0,108.0,1035232.0,-0.7977119766339881,-0.70287777031615,-0.6450552541976357,-0.5967488977391603,0.9314201169935652,-0.0213469037199456,False,False,False,False,True,False,False,False,True,True,False,False,False,False,True,False,False,False,True,False,False,,,False,False,
Jsoup,7,Jsoup-7,0.2,0.0,0.1111111111111111,0.1428571428571428,0.0666666666666666,5.0,0.0,9.0,7.0,15.0,0.0,0.0,0.0,0.0,0.0,1.0,0.0,0.0,0.0,0.0,-0.6134282540327065,-0.4554019288379759,-1.318549786153992,-0.6062587704810355,0.4038501769199036,-0.1357473173967393,-0.5748438169972881,-0.2020454871191189,-0.2073567129463963,-0.5251530779927517,-0.4635308650875505,-0.2192296649910203,-0.3124943305803233,-0.4995211341402941,-0.673136533919824,19.87,16.14,57.5,14.8,22.7,14.6,0.9166666666666666,0.7272727272727272,0,1,0,1,1,0,4,0,1,-0.9128709291752768,1.095445115010332,-0.9128709291752768,1.095445115010332,1.095445115010332,-0.9128709291752768,1.095445115010332,-0.9128709291752768,-0.9128709291752768,-0.9128709291752768,1.095445115010332,0.0,0.1,0.1154700538379251,-1,0,0.7415254926919486,1.0,1.0,154.0,44.0,9.0,0.0584415584415584,0.2045454545454545,0.0476190476190476,0,55.0,414779.0,-0.7977119766339881,-0.70287777031615,-0.6450552541976357,-0.5967488977391603,0.8129170032687542,0.2372528215821332,False,False,False,False,True,False,False,False,True,True,False,False,False,False,False,True,False,False,True,False,False,,,False,False,
JacksonDatabind,112,JacksonDatabind-112,0.1111111111111111,1.0,0.3333333333333333,1.0,1.0,9.0,1.0,3.0,1.0,1.0,0.0,1.0,0.0,1.0,1.0,0.0,1.0,1.0,1.0,1.0,-0.0316402299416386,-0.1531279935599871,0.5660659003917514,-0.2880632244720701,-0.6011343465993985,-1.0290914314645532,0.4146459595637947,-0.2020454871191189,-0.2073567129463963,-0.5251530779927517,-0.4635308650875505,-0.2192296649910203,0.0820612632219498,0.3439574240136908,0.2959479588785432,21.29,12.77,53.95,14.3,18.9,13.6,0.8333333333333334,0.6666666666666667,4,3,4,2,4,4,3,1,3,1.0502100630210074,0.280056016805602,1.0502100630210074,-0.4900980294098033,1.0502100630210074,1.0502100630210074,-0.4900980294098033,-1.2602520756252087,-0.4900980294098033,-2.030406121840614,0.280056016805602,0.7333333333333334,0.55,0.3,2,16,0.7994436572365009,0.1999999999999999,1.0,176.0,85.0,25.0,0.1420454545454545,0.2941176470588235,0.1059322033898305,0,923.0,6402455.0,-0.7977119766339881,-0.70287777031615,-0.6450552541976357,-0.554254839269759,0.1994891204579681,-0.2643691932342784,False,False,False,False,True,True,False,False,False,True,False,False,False,False,False,True,False,False,True,False,False,,,False,False,
Collections,28,Collections-28,0.1,0.0,0.5,0.1666666666666666,0.1428571428571428,10.0,0.0,2.0,6.0,7.0,0.0,0.0,0.0,0.0,0.0,0.0,0.0,1.0,0.0,0.0,1.4950065400416896,-0.4554019288379759,-0.03767806121252,0.8071528585534513,1.290866087015343,0.1916203741134457,0.1845320580379615,0.5718443373967723,0.0891207790231942,0.6929103112404362,-0.4635308650875505,-0.2192296649910203,-0.1809757993128989,0.5548270635521871,-0.673136533919824,-3.52,6.9,51.69,15.5,32.6,11.1,0.9791666666666666,0.9506172839506172,5,5,4,4,2,3,1,5,3,1.079127485069423,1.079127485069423,0.4543694673976517,0.4543694673976517,-0.7951465679458909,-0.1703885502741196,0.4543694673976517,1.079127485069423,-2.0446626032894337,-1.4199045856176622,-0.1703885502741196,0.3,0.75,0.2516611478423583,0,8,0.9433758934820142,0.6,1.0,455.0,94.0,38.0,0.0835164835164835,0.4042553191489361,0.0743639921722113,0,525.0,4159714.0,0.4222321634564516,0.7901366124618407,0.5325447979627962,0.8116256115324233,-0.5749753964574216,-1.5067918374318865,True,True,False,False,True,False,False,False,True,True,False,False,False,True,False,False,False,False,True,False,True,Major,,False,False,
Time,8,Time-8,1.0,1.0,1.0,1.0,0.2,1.0,1.0,1.0,1.0,5.0,1.0,1.0,1.0,1.0,0.0,1.0,1.0,1.0,1.0,1.0,-0.5259413331167564,-0.4554019288379759,-0.6479877979547268,-0.6101916400612093,0.7530246939098532,0.808848531855982,-1.5873449837109543,-0.2020454871191189,-0.2073567129463963,-0.5251530779927517,-0.4635308650875505,-0.2192296649910203,-0.3124943305803233,-0.2886514946017978,0.2959479588785432,-14.52,15.06,51.95,17.7,28.1,13.0,0.7291666666666666,0.4675767918088735,4,5,2,3,1,2,3,3,2,1.2403473458920846,1.9225383861327312,-0.1240347345892083,0.5581563056514381,-0.8062257748298548,-0.1240347345892083,-0.1240347345892083,0.5581563056514381,-1.4884168150705013,-1.4884168150705013,-0.1240347345892083,0.2,0.4499999999999999,0.1914854215512676,-1,2,0.9415293590013536,0.6,1.0,546.0,48.0,19.0,0.0347985347985348,0.3958333333333333,0.0330434782608695,0,316.0,5568041.0,-0.7977119766339881,-0.70287777031615,-0.6450552541976357,-0.5967488977391603,0.1272918452894908,0.2045761276162686,False,False,False,False,True,True,False,False,False,True,False,False,True,False,False,False,False,False,True,False,False,,,False,False,
JacksonDatabind,106,JacksonDatabind-106,0.0,1.0,0.0049261083743842,0.0833333333333333,0.0625,0.0,1.0,203.0,12.0,16.0,0.0,1.0,0.0,0.0,0.0,0.0,1.0,0.0,0.0,0.0,2.514229168712508,1.3582416828299568,0.6719916173345409,-0.987627346535057,0.7530246939098532,-0.4033538053588345,0.4146459595637947,-0.2020454871191189,-0.2073567129463963,4.347100478940001,1.2682287427339467,-0.2192296649910203,0.8711724508264961,2.6635234589371493,3.203201437273645,13.14,10.94,50.83,15.4,23.9,14.1,0.875,0.3333333333333337,5,5,5,5,5,5,2,5,4,0.6461623427559644,0.6461623427559644,0.6461623427559644,0.6461623427559644,0.6461623427559644,0.6461623427559644,-0.9333456062030594,0.6461623427559644,-0.9333456062030594,-2.512853555162083,-0.1435916317235475,1.0,1.0,0.0,0,25,0.881320109987668,1.0,1.0,150.0,154.0,25.0,0.1666666666666666,0.1623376623376623,0.089605734767025,0,926.0,6434263.0,-0.7977119766339881,-0.70287777031615,-0.6450552541976357,0.7084257552495918,0.3798763696041524,-1.437891812371777,True,True,False,False,True,True,False,False,False,True,False,False,False,False,False,True,False,False,True,False,True,,,False,False,
Collections,14,Collections-14,0.0,0.0,0.0,0.0,0.0,0.0,0.0,0.0,0.0,0.0,0.0,0.0,0.0,0.0,0.0,0.0,0.0,0.0,0.0,0.0,-0.1256886699262849,-0.7576758641159647,-0.1509348475503469,-0.3086535843103423,0.4038501769199036,-0.2845748796046612,-0.5748438169972881,-0.2020454871191189,-0.2073567129463963,-0.5251530779927517,-0.4635308650875505,-0.2192296649910203,0.2135797944893742,-0.9212604132172866,-0.673136533919824,14.76,13.68,60.71,14.7,24.0,12.7,0.9166666666666666,0.7894736842105262,2,1,0,0,1,2,4,1,1,1.6510016510024763,0.2540002540003809,-1.1430011430017146,-1.1430011430017146,0.2540002540003809,1.6510016510024763,0.2540002540003809,0.2540002540003809,-1.1430011430017146,-1.1430011430017146,0.2540002540003809,0.2,0.1,0.1154700538379251,0,0,0.8313873136472757,0.6,1.0,149.0,60.0,9.0,0.0604026845637583,0.15,0.045,2,469.0,3752938.0,0.4222321634564516,0.7901366124618407,0.8948832755506215,0.3502615481503528,0.3389045483695104,0.2173509668210304,False,False,False,False,True,False,False,False,True,True,False,False,False,False,False,True,False,False,True,False,False,Major,Map,True,False,patch
Collections,19,Collections-19,0.0,0.0,0.0,0.0,0.0,0.0,0.0,0.0,0.0,0.0,0.0,0.0,0.0,0.0,0.0,0.0,0.0,0.0,0.0,0.0,0.3824645290605249,-0.4554019288379759,0.6537634102177685,-0.5266484202180829,0.4038501769199036,0.6177619907390323,0.1845320580379615,-0.2020454871191189,-0.2073567129463963,-0.5251530779927517,-0.4635308650875505,-0.2192296649910203,0.2135797944893742,-0.0777818550633016,-0.673136533919824,29.14,12.91,55.68,13.3,19.8,14.7,0.8958333333333334,0.7560975609756099,5,5,4,4,2,3,1,5,3,1.079127485069423,1.079127485069423,0.4543694673976517,0.4543694673976517,-0.7951465679458909,-0.1703885502741196,0.4543694673976517,1.079127485069423,-2.0446626032894337,-1.4199045856176622,-0.1703885502741196,0.3,0.75,0.2516611478423583,0,8,0.9433758934820142,0.9,1.0,198.0,78.0,22.0,0.1111111111111111,0.282051282051282,0.0866141732283464,0,485.0,3702170.0,0.2479544291578174,0.5768488434935564,0.8715508735847388,0.6173670585294463,0.1985719136953921,-0.7901093524070778,False,True,False,False,True,False,False,False,True,True,False,False,False,False,False,True,False,False,True,False,True,Major,List,False,False,
Gson,17,Gson-17,0.25,1.0,0.3333333333333333,0.5,0.0,4.0,1.0,3.0,2.0,0.0,0.0,1.0,0.0,0.0,0.0,1.0,1.0,1.0,1.0,0.0,4.697756903239761,4.078707100331856,0.3822810912936539,-0.4529385909834112,-1.6988993040710567,1.445647781767592,-0.989048839743788,-0.2020454871191189,-0.2073567129463963,-0.5251530779927517,0.4023489388231981,-0.2192296649910203,1.3972465758961936,-0.7103907736787903,-0.673136533919824,60.82,5.83,40.21,7.4,11.6,10.2,0.6875,0.3814432989690722,3,3,2,2,5,3,3,1,3,0.5188745216627707,0.5188745216627707,-0.2964997266644406,-0.2964997266644406,2.1496230183171936,0.5188745216627707,-0.2964997266644406,-1.111873974991652,-0.2964997266644406,-1.9272482233188633,0.5188745216627707,0.6333333333333333,0.5,0.3464101615137754,0,10,0.8582705030528656,0.9,1.0,107.0,186.0,17.0,0.1588785046728972,0.0913978494623656,0.0615942028985507,0,195.0,1257220.0,0.4222321634564516,0.7901366124618407,1.0026156006770426,7.823145258983627,-0.1534476741300018,-2.134372127187356,True,False,True,True,True,False,False,False,True,True,False,False,False,True,False,False,False,False,True,False,False,,,False,False,
Collections,25,Collections-25,1.0,1.0,0.3333333333333333,0.5,0.2,1.0,1.0,3.0,2.0,5.0,1.0,1.0,0.0,0.0,0.0,1.0,1.0,1.0,1.0,1.0,-0.2642096280432058,-0.4554019288379759,-0.2336948467287782,-0.6204272487987764,-1.237791208928377,-0.2451166500960723,-0.5748438169972881,-0.2020454871191189,-0.2073567129463963,-0.5251530779927517,0.4023489388231981,-0.2192296649910203,-0.0494572680454745,-0.7103907736787903,0.2959479588785432,35.47,14.75,57.75,13.0,16.7,14.6,0.8541666666666666,0.7113402061855669,4,5,2,3,1,2,3,4,2,1.1430011430017144,1.8415018415027624,-0.2540002540003811,0.4445004445006666,-0.9525009525014289,-0.2540002540003811,-0.2540002540003811,1.1430011430017144,-1.6510016510024768,-0.9525009525014289,-0.2540002540003811,0.2,0.5,0.2581988897471611,-1,2,0.9171501627227578,0.9,1.0,383.0,56.0,20.0,0.052219321148825,0.3571428571428571,0.0477326968973747,0,506.0,3977398.0,1.6421763035468917,0.5768488434935564,0.2104661512180627,0.3502615481503528,1.3461810150304037,0.3601573608249006,True,False,False,False,True,True,False,False,False,True,False,True,False,False,False,False,False,False,True,False,True,Major,,False,False,
Time,5,Time-5,0.5,0.2,1.0,0.3333333333333333,1.0,2.0,5.0,1.0,3.0,1.0,0.0,1.0,1.0,0.0,1.0,1.0,1.0,1.0,1.0,1.0,0.2687315318697899,-0.7576758641159647,0.8366977818453409,0.6949387770404812,0.5775185551070113,0.2053704501013792,-1.5873449837109543,-0.2020454871191189,0.6820757629623755,0.6929103112404362,-0.4635308650875505,-0.2192296649910203,0.2135797944893742,0.5548270635521871,-0.673136533919824,-53.47,9.44,53.73,22.3,43.2,12.3,0.875,0.7267552182163188,5,5,4,4,1,3,2,3,4,1.2535663410560176,1.2535663410560176,0.6267831705280088,0.6267831705280088,-1.2535663410560176,0.0,0.0,0.0,-1.8803495115840263,-1.2535663410560176,0.6267831705280088,0.3,0.6,0.282842712474619,0,4,0.917351587176658,0.9,1.0,384.0,62.0,30.0,0.078125,0.4838709677419355,0.0721153846153846,0,317.0,5605485.0,-0.7977119766339881,-0.70287777031615,-0.6450552541976357,-0.5056902010190149,-0.7751481613871759,-1.5453748227231057,True,False,False,False,True,False,False,False,True,True,False,True,False,False,False,False,False,False,True,False,True,,,False,False,
Csv,12,Csv-12,0.5,0.0,1.0,0.25,0.3333333333333333,2.0,0.0,1.0,4.0,3.0,0.0,0.0,1.0,0.0,0.0,1.0,0.0,1.0,1.0,1.0,0.6471124648312738,-0.4554019288379759,0.7385507329662864,-0.3809193756595645,-0.4379098193951574,1.072056051509093,0.1845320580379615,0.3783718812677994,-0.2073567129463963,0.6929103112404362,0.4023489388231981,-0.2192296649910203,1.2657280446287693,0.7656967030906834,0.2959479588785432,44.51,8.19,48.11,9.5,19.5,10.2,0.9375,0.8032786885245902,5,5,4,4,5,3,1,5,3,0.99124070716193,0.99124070716193,0.1524985703326045,0.1524985703326045,0.99124070716193,-0.6862435664967211,0.1524985703326045,0.99124070716193,-0.6862435664967211,-2.3637278401553723,-0.6862435664967211,0.8,0.9,0.1154700538379251,0,20,0.7588928940000157,0.6,1.0,313.0,97.0,33.0,0.1054313099041533,0.3402061855670103,0.0875331564986737,0,25.0,251558.0,0.7707876320537201,0.0436294210728453,0.8056114767246355,0.6295082180921323,-0.4807419882270987,-1.114893553050417,True,True,False,False,True,True,False,False,False,True,False,True,False,False,False,False,False,False,True,False,True,Major,Parser,False,False,
Jsoup,83,Jsoup-83,0.3333333333333333,0.0,0.0,0.01,0.0263157894736842,3.0,0.0,0.0,100.0,38.0,0.0,0.0,0.0,0.0,0.0,1.0,0.0,0.0,0.0,0.0,-0.0360145759874361,0.1491459417180017,0.818233441564238,-0.7424599407783298,-0.6011343465993985,-1.1427337355901572,-0.5748438169972881,-0.2020454871191189,-0.2073567129463963,-0.5251530779927517,-0.4635308650875505,3.1090752489635607,-0.3124943305803233,-0.0777818550633016,0.2959479588785432,41.5,13.3,49.99,12.7,18.4,13.9,0.5833333333333334,0.2052980132450331,3,4,3,4,1,3,2,2,2,0.5188745216627707,1.334248769989982,0.5188745216627707,1.334248769989982,-1.111873974991652,0.5188745216627707,0.5188745216627707,-0.2964997266644406,-1.9272482233188633,-1.111873974991652,-0.2964997266644406,0.3,0.5,0.2581988897471611,-1,3,0.7898300138817244,0.4,2.0,269.0,88.0,9.0,0.0334572490706319,0.1022727272727272,0.0258620689655172,0,114.0,1073945.0,-0.7977119766339881,-0.70287777031615,-0.6450552541976357,-0.5663959988324452,1.0918930834959133,-0.1972143760745743,False,False,False,False,True,True,False,False,False,True,False,False,False,False,False,True,False,False,True,False,True,,,False,False,
Jsoup,68,Jsoup-68,0.0,0.25,0.1111111111111111,0.0192307692307692,0.0333333333333333,0.0,4.0,9.0,52.0,30.0,0.0,0.0,0.0,0.0,0.0,0.0,1.0,0.0,0.0,0.0,-0.5033405452134694,-0.7576758641159647,-1.285294895998083,1.772638229000192,0.5775185551070113,-0.3259256986184379,-0.989048839743788,-0.2020454871191189,-0.2073567129463963,0.6929103112404362,-0.4635308650875505,-0.2192296649910203,0.2135797944893742,-0.9212604132172866,-0.673136533919824,-5.65,12.34,58.53,16.4,32.6,12.8,0.8333333333333334,0.5000000000000001,0,0,1,2,1,0,4,0,0,-0.6933752452815364,-0.6933752452815364,0.8320502943378436,2.3574758339572237,0.8320502943378436,-0.6933752452815364,0.8320502943378436,-0.6933752452815364,-0.6933752452815364,-0.6933752452815364,-0.6933752452815364,0.0,0.2,0.1632993161855452,-1,1,0.7350456402576986,0.5,1.0,306.0,45.0,8.0,0.0261437908496732,0.1777777777777777,0.0233236151603498,0,106.0,1027277.0,-0.7977119766339881,-0.70287777031615,-0.6450552541976357,-0.5603254190511021,-0.9757393695151112,-0.9529776024056164,True,False,False,False,True,False,False,False,True,True,False,True,False,False,False,False,False,False,True,False,False,,,False,False,
Jsoup,54,Jsoup-54,0.25,1.0,0.0625,1.0,1.0,4.0,1.0,16.0,1.0,1.0,0.0,1.0,0.0,1.0,1.0,1.0,1.0,0.0,1.0,1.0,0.1076097858495818,-0.1531279935599871,0.9630435468523284,0.0226007577793582,0.7530246939098532,-0.6116496001657826,-0.5748438169972881,1.1522617057836908,1.2750307469015567,0.6929103112404362,-0.4635308650875505,-0.2192296649910203,-0.3124943305803233,-0.2886514946017978,-0.673136533919824,-5.86,13.03,52.56,16.4,29.8,12.8,0.8958333333333334,0.6449704142011837,5,5,4,4,5,4,2,5,3,0.99124070716193,0.99124070716193,0.1524985703326045,0.1524985703326045,0.99124070716193,0.1524985703326045,-0.6862435664967211,0.99124070716193,-0.6862435664967211,-2.3637278401553723,-0.6862435664967211,0.9,0.9,0.1154700538379251,0,20,0.8092718832130138,0.7,1.0,111.0,90.0,27.0,0.2432432432432432,0.3,0.1551724137931034,0,84.0,832571.0,-0.7977119766339881,-0.70287777031615,-0.6450552541976357,-0.5178313605817009,-0.8068270868780241,-0.6298348051686388,True,False,False,False,True,False,False,False,True,True,False,True,False,False,False,False,False,False,True,False,True,,,False,False,
Jsoup,40,Jsoup-40,0.1666666666666666,0.0,0.5,0.3333333333333333,0.5,6.0,0.0,2.0,3.0,2.0,0.0,0.0,0.0,0.0,0.0,0.0,0.0,1.0,1.0,1.0,-0.4034596438344263,-0.4554019288379759,-1.3340149169557105,0.8067853377086119,-0.4379098193951574,-0.9490876806935364,-0.5748438169972881,-0.2020454871191189,-0.2073567129463963,0.6929103112404362,-0.4635308650875505,-0.2192296649910203,-0.3124943305803233,-0.9212604132172866,-0.673136533919824,26.17,11.97,53.05,12.4,20.3,12.7,0.625,0.3076923076923076,4,5,2,4,1,2,1,4,2,0.8778086039709794,1.5215349135496974,-0.4096440151864569,0.8778086039709794,-1.0533703247651751,-0.4096440151864569,0.8778086039709794,0.8778086039709794,-1.6970966343438931,-1.0533703247651751,-0.4096440151864569,0.2,0.55,0.3,-2,2,0.9003386006788001,0.9,1.0,34.0,54.0,8.0,0.2352941176470588,0.1481481481481481,0.1,0,80.0,707741.0,-0.7977119766339881,-0.70287777031615,-0.6450552541976357,-0.5967488977391603,-0.3819893934564228,0.0627395951372296,True,False,False,False,True,False,False,False,True,True,False,True,False,False,False,False,False,False,True,False,True,,,False,False,
Closure,80,Closure-80,0.0,0.25,0.0175438596491228,0.05,0.05,0.0,4.0,57.0,20.0,20.0,0.0,1.0,0.0,0.0,0.0,0.0,1.0,0.0,0.0,0.0,-1.0231586669890729,-0.4554019288379759,0.7684600717396101,0.6357989232701315,0.0619124374841446,0.0522405001500148,1.5882268573455445,-0.2020454871191189,-0.2073567129463963,1.910973700473624,-0.4635308650875505,-0.2192296649910203,-0.3124943305803233,0.7656967030906834,-0.673136533919824,-161.62,7.77,69.03,36.9,78.9,11.1,0.8125,0.5764705882352942,5,5,5,5,3,3,1,4,3,1.0119288512538815,1.0119288512538815,1.0119288512538815,1.0119288512538815,-0.3794733192202055,-0.3794733192202055,0.316227766016838,0.316227766016838,-1.7708754896942926,-1.7708754896942926,-0.3794733192202055,0.4666666666666667,0.8500000000000001,0.1914854215512676,0,15,0.9873452317303716,0.9,1.0,663.0,92.0,38.0,0.057315233785822,0.4130434782608695,0.0529986052998605,0,562.0,7429188.0,-0.7977119766339881,-0.70287777031615,-0.6450552541976357,-0.6028194775205034,-0.9942554810346128,1.4462904983191245,True,False,False,False,True,False,False,False,True,True,False,False,False,False,True,False,False,False,True,False,True,High,,False,False,
Compress,35,Compress-35,1.0,1.0,1.0,1.0,1.0,1.0,1.0,1.0,1.0,1.0,1.0,1.0,1.0,1.0,1.0,1.0,1.0,1.0,1.0,1.0,-0.078299921096812,0.1491459417180017,0.059762378568218,-0.4970455985049617,0.7530246939098532,0.6458439832654216,-1.1731399609644546,-0.2020454871191189,-0.2073567129463963,-0.5251530779927517,0.4023489388231981,-0.2192296649910203,0.0820612632219498,-0.4995211341402941,0.2959479588785432,59.23,11.24,50.96,10.1,14.5,10.9,0.7916666666666666,0.581151832460733,1,3,2,3,3,1,4,2,1,-1.0101525445522108,1.212183053462653,0.1010152544552209,1.212183053462653,1.212183053462653,-1.0101525445522108,-1.0101525445522108,0.1010152544552209,1.212183053462653,-1.0101525445522108,-1.0101525445522108,0.6,0.5,0.1154700538379251,-1,6,0.8228271480425581,0.8,1.0,302.0,75.0,21.0,0.0695364238410596,0.28,0.0589887640449438,0,262.0,2045758.0,0.9450653663523544,1.429999919366694,0.6895581382508539,0.4716731437772135,1.0466314775593537,-0.0074016015986416,False,False,False,False,True,True,False,False,False,True,False,False,False,False,False,True,False,False,True,False,True,Major,Archivers,False,False,
Compress,21,Compress-21,1.0,1.0,0.5,1.0,0.1428571428571428,1.0,1.0,2.0,1.0,7.0,1.0,1.0,0.0,1.0,0.0,1.0,1.0,1.0,1.0,0.0,0.6376347150653793,-0.4554019288379759,1.076568892391374,0.1741750780797705,0.7530246939098532,-0.7788892904008792,-1.1731399609644546,-0.2020454871191189,-0.2073567129463963,-0.5251530779927517,-0.4635308650875505,-0.2192296649910203,0.4766168570242229,1.6091752612446684,-0.673136533919824,55.84,8.9,51.96,9.3,14.3,10.3,0.7708333333333334,0.5463917525773196,2,4,4,4,0,1,4,2,1,0.1240347345892085,1.4884168150705013,1.4884168150705013,1.4884168150705013,-1.2403473458920844,-0.558156305651438,-0.558156305651438,0.1240347345892085,-1.2403473458920844,-0.558156305651438,-0.558156305651438,0.1,0.5,0.3829708431025352,0,0,0.8691757638243153,0.8,1.0,197.0,99.0,24.0,0.1218274111675127,0.2424242424242424,0.088235294117647,5,215.0,1729249.0,1.1193431006509886,1.6432876883349783,0.8715508735847388,0.4716731437772135,0.544996920064834,-1.222141141751912,False,False,False,False,True,False,False,False,True,True,False,False,False,False,False,True,False,False,True,False,True,Blocker,Archivers,False,True,"java,jpg,zip"
Closure,94,Closure-94,0.0,0.2,0.0384615384615384,0.0175438596491228,0.0131578947368421,0.0,5.0,26.0,57.0,76.0,0.0,0.0,0.0,0.0,0.0,0.0,1.0,0.0,0.0,0.0,-1.0231586669890729,-0.1531279935599871,0.6641315857794743,-0.4129355061473575,-1.081014456579866,-0.0955596046585018,1.5882268573455445,-0.2020454871191189,-0.2073567129463963,-0.5251530779927517,-0.4635308650875505,-0.2192296649910203,-0.3124943305803233,0.7656967030906834,0.2959479588785432,26.27,10.33,41.85,12.4,32.0,10.8,0.8333333333333334,0.6712328767123288,4,5,3,4,1,3,2,2,2,1.0119288512538815,1.707629936490925,0.316227766016838,1.0119288512538815,-1.075174404457249,0.316227766016838,0.316227766016838,-0.3794733192202055,-1.7708754896942926,-1.075174404457249,-0.3794733192202055,0.3,0.5,0.2581988897471611,-1,3,0.8463255981837896,0.9,1.0,592.0,66.0,28.0,0.0472972972972973,0.4242424242424242,0.0444444444444444,0,545.0,6929636.0,-0.7977119766339881,-0.70287777031615,-0.6450552541976357,-0.6028194775205034,-0.9942554810346128,1.4462904983191245,True,False,False,False,True,True,False,False,False,True,False,False,False,False,True,False,False,False,True,False,True,Medium,,False,False,
Codec,4,Codec-4,1.0,0.0,0.5,1.0,1.0,1.0,0.0,2.0,1.0,1.0,1.0,0.0,0.0,1.0,1.0,1.0,0.0,1.0,1.0,1.0,1.3411753707644776,-0.7576758641159647,0.9456349426311264,-0.420192916297733,-0.7627101412056181,0.9817593692026848,-1.1731399609644546,-0.2020454871191189,-0.2073567129463963,-0.5251530779927517,-0.4635308650875505,-0.2192296649910203,0.7396539195590717,2.030914540321661,-0.673136533919824,11.38,7.55,46.22,14.0,30.5,10.8,0.875,0.7030927835051546,5,5,5,5,2,5,0,5,3,0.7017565899639199,0.7017565899639199,0.7017565899639199,0.7017565899639199,-0.9523839435224624,0.7017565899639199,0.7017565899639199,0.7017565899639199,-2.0551442991800504,-1.5037641213512565,-0.4010037656936683,0.5,0.85,0.3,0,10,0.9675486534322504,1.0,1.0,460.0,98.0,32.0,0.0695652173913043,0.3265306122448979,0.0608365019011406,2,56.0,754474.0,1.8164540378455256,0.6834927279776986,1.317611499403084,0.8723314093458536,-0.4728417806454447,-1.090463400110637,True,True,False,True,True,False,False,False,True,True,False,False,False,False,False,True,False,False,True,False,True,Major,,True,False,patch
Math,18,Math-18,0.0,0.0,0.0666666666666666,1.0,0.5,0.0,0.0,15.0,1.0,2.0,0.0,0.0,0.0,1.0,0.0,0.0,0.0,0.0,1.0,1.0,0.1134422472439785,0.1491459417180017,0.9982037153413258,-0.8415296095350875,0.4038501769199036,0.235038804261515,-0.3447299154714549,-0.2020454871191189,-0.2073567129463963,-0.5251530779927517,-0.4635308650875505,-0.2192296649910203,-0.1809757993128989,0.1330877844751946,-0.673136533919824,45.35,11.04,47.78,11.3,16.0,11.2,0.5625,0.0,3,4,1,1,3,1,2,1,2,0.82915619758885,1.6583123951777,-0.82915619758885,-0.82915619758885,0.82915619758885,-0.82915619758885,0.82915619758885,-0.82915619758885,0.82915619758885,-1.6583123951777,0.0,0.6,0.3,0.1999999999999999,0,3,0.8866649573548586,0.8,1.0,596.0,84.0,24.0,0.0402684563758389,0.2857142857142857,0.0365853658536585,2,1057.0,9367355.0,1.8164540378455256,0.6834927279776986,0.2732567130834351,0.3381203885876668,1.5609679086566235,-0.0347391934862708,False,False,False,False,True,False,False,False,True,True,False,False,False,False,False,True,False,False,True,False,False,Major,,True,True,java
Closure,43,Closure-43,1.0,0.0,0.0196078431372549,1.0,0.5,1.0,0.0,51.0,1.0,2.0,1.0,0.0,0.0,1.0,0.0,1.0,0.0,0.0,1.0,1.0,-1.0231586669890729,0.7536938122739794,0.8250705609617754,-0.4244260751017929,0.5775185551070113,0.2806600694708833,1.5882268573455445,-0.2020454871191189,-0.2073567129463963,-0.5251530779927517,2.134108546644695,3.1090752489635607,-0.3124943305803233,-0.4995211341402941,-0.673136533919824,26.67,7.74,42.06,12.2,26.0,11.0,0.6041666666666666,0.2083333333333332,3,4,4,4,1,3,3,2,1,0.5369248441712192,1.2751965049066458,1.2751965049066458,1.2751965049066458,-0.939618477299634,0.5369248441712192,-0.2013468165642074,-0.2013468165642074,-1.6778901380350608,-0.939618477299634,-0.939618477299634,0.3,0.55,0.3,0,4,0.7177812850710644,0.9,1.0,575.0,205.0,81.0,0.1408695652173913,0.3951219512195122,0.1158798283261802,0,957.0,12285995.0,-0.7977119766339881,-0.70287777031615,-0.6450552541976357,-0.6028194775205034,-0.9942554810346128,1.4462904983191245,True,False,False,False,True,False,False,False,True,True,False,False,False,False,True,False,False,False,True,False,True,Medium,,False,False,
Closure,110,Closure-110,0.3333333333333333,0.25,0.0178571428571428,0.03125,0.0227272727272727,3.0,4.0,56.0,32.0,44.0,0.0,0.0,0.0,0.0,0.0,1.0,1.0,0.0,0.0,0.0,-1.0231586669890729,0.1491459417180017,0.5076544730594892,-0.9276279013429136,-0.2730111944760022,-0.3518130456443331,1.5882268573455445,-0.2020454871191189,-0.2073567129463963,-0.5251530779927517,-0.4635308650875505,-0.2192296649910203,-0.3124943305803233,0.1330877844751946,0.2959479588785432,-5.05,6.67,40.28,16.1,52.2,9.7,0.8333333333333334,0.6041237113402063,5,5,4,4,2,3,1,4,2,1.2206002068101025,1.2206002068101025,0.5812381937190965,0.5812381937190965,-0.6974858324629156,-0.0581238193719095,0.5812381937190965,0.5812381937190965,-1.9762098586449277,-1.3368478455539217,-0.6974858324629156,0.3,0.7,0.2,0,8,0.8588947043031805,0.9,2.0,733.0,66.0,29.0,0.0395634379263301,0.4393939393939394,0.0376623376623376,0,1069.0,13206293.0,-0.7977119766339881,-0.70287777031615,-0.6450552541976357,-0.6028194775205034,-0.9942554810346128,1.4462904983191245,True,False,False,False,True,True,False,False,False,True,False,False,False,False,True,False,False,False,True,False,True,Medium,,False,False,
Closure,104,Closure-104,0.0,0.25,0.25,0.0032051282051282,0.0096153846153846,0.0,4.0,4.0,312.0,104.0,0.0,0.0,0.0,0.0,0.0,0.0,1.0,1.0,0.0,0.0,-1.0231586669890729,-0.4554019288379759,-1.365015401816947,0.2181140966717526,-0.4379098193951574,-0.0642800320982518,1.5882268573455445,-0.2020454871191189,-0.2073567129463963,-0.5251530779927517,-0.4635308650875505,-0.2192296649910203,-0.3124943305803233,-0.7103907736787903,0.2959479588785432,-148.15,15.2,45.5,35.9,76.8,11.2,0.8333333333333334,0.6152304609218437,5,5,3,4,5,3,1,4,3,1.1858541225631425,1.1858541225631425,-0.5533985905294663,0.316227766016838,1.1858541225631425,-0.5533985905294663,0.316227766016838,0.316227766016838,-0.5533985905294663,-2.292651303622075,-0.5533985905294663,0.8,0.8,0.1632993161855452,-1,15,0.7264573247664803,0.4,1.0,241.0,44.0,2.0,0.0082987551867219,0.0454545454545454,0.0070671378091872,0,478.0,5529375.0,-0.7977119766339881,-0.70287777031615,-0.6450552541976357,-0.6028194775205034,-0.9942554810346128,1.4462904983191245,False,False,False,False,True,True,False,False,False,True,False,False,False,False,True,False,False,False,True,False,True,Medium,,False,False,
Closure,57,Closure-57,0.0,0.3333333333333333,0.0416666666666666,0.0048543689320388,0.0084033613445378,0.0,3.0,24.0,206.0,119.0,0.0,0.0,0.0,0.0,0.0,0.0,1.0,0.0,0.0,0.0,-1.0231586669890729,-0.4554019288379759,0.6365352379932372,-0.5344951434641935,-0.6011343465993985,-0.7838622286291592,1.5882268573455445,-0.2020454871191189,-0.2073567129463963,0.6929103112404362,-0.4635308650875505,-0.2192296649910203,-0.3124943305803233,0.5548270635521871,0.2959479588785432,-27.89,8.41,43.24,18.7,48.2,10.7,0.8541666666666666,0.631578947368421,5,5,4,4,3,3,1,5,3,1.0533703247651751,1.0533703247651751,0.4096440151864569,0.4096440151864569,-0.2340822943922612,-0.2340822943922612,0.4096440151864569,1.0533703247651751,-2.1652612231284154,-1.5215349135496974,-0.2340822943922612,0.3,0.8,0.1632993161855452,0,12,0.9631133942590476,0.9,1.0,222.0,66.0,19.0,0.0855855855855855,0.2878787878787879,0.070631970260223,0,933.0,12117099.0,-0.7977119766339881,-0.70287777031615,-0.6450552541976357,-0.6028194775205034,-0.9942554810346128,1.4462904983191245,True,False,False,False,True,True,False,False,False,True,False,False,False,False,True,False,False,False,True,False,True,Medium,,False,False,
Math,24,Math-24,1.0,1.0,0.2,0.2,0.25,1.0,1.0,5.0,5.0,4.0,1.0,1.0,0.0,0.0,0.0,1.0,1.0,1.0,1.0,1.0,-0.139540765737977,-0.4554019288379759,0.1057247938611862,-0.4019915320737343,1.474022885748566,0.2904743047324198,-0.5748438169972881,-0.2020454871191189,-0.2073567129463963,-0.5251530779927517,-0.4635308650875505,-0.2192296649910203,-0.0494572680454745,-0.4995211341402941,-0.673136533919824,39.74,12.11,50.52,11.3,17.8,11.8,0.7708333333333334,0.5416666666666667,3,4,1,3,1,2,2,3,2,0.7817359599705715,1.563471919941143,-0.7817359599705715,0.7817359599705715,-0.7817359599705715,0.0,0.7817359599705715,0.7817359599705715,-1.563471919941143,-1.563471919941143,0.0,0.2,0.4,0.2309401076758502,-2,1,0.945610994811234,0.6,1.0,156.0,63.0,12.0,0.0769230769230769,0.1904761904761904,0.0579710144927536,1,1035.0,9174988.0,0.7707876320537201,1.2167121503984095,0.7075934543650226,0.3441909683690098,0.1234443415971268,0.3901196542730171,False,False,False,False,True,False,False,False,True,True,False,False,False,False,False,True,False,False,True,False,False,Minor,,True,False,patch
Lang,44,Lang-44,0.1666666666666666,0.25,0.25,0.5,0.25,6.0,4.0,4.0,2.0,4.0,0.0,0.0,0.0,0.0,0.0,0.0,1.0,1.0,1.0,1.0,-0.113294689463192,-0.1531279935599871,-0.6816022590411559,0.0309396417252403,0.0619124374841446,-0.0534189956022998,-0.5748438169972881,-0.2020454871191189,-0.2073567129463963,1.910973700473624,-0.4635308650875505,-0.2192296649910203,-0.1809757993128989,-0.7103907736787903,0.2959479588785432,38.72,11.74,51.96,11.7,18.9,12.0,0.875,0.7512953367875648,4,5,3,3,1,2,2,1,1,1.2403473458920846,1.9225383861327312,0.5581563056514381,0.5581563056514381,-0.8062257748298548,-0.1240347345892083,0.5581563056514381,-0.8062257748298548,-1.4884168150705013,-0.8062257748298548,-0.8062257748298548,0.2,0.3999999999999999,0.2309401076758502,0,3,0.8911503697883554,0.9,1.0,290.0,71.0,20.0,0.0689655172413793,0.2816901408450704,0.0586510263929618,1,246.0,3825017.0,1.6421763035468917,0.5768488434935564,0.2104661512180627,0.4473908246518414,1.0372264685335753,0.4864087340720923,True,False,False,False,True,True,False,False,False,True,False,True,False,False,False,False,False,False,True,False,True,Major,lang.math.*,True,False,patch
Mockito,9,Mockito-9,0.125,0.0,0.04,0.0092592592592592,0.0,8.0,0.0,25.0,108.0,0.0,0.0,0.0,0.0,0.0,0.0,0.0,0.0,0.0,0.0,0.0,-0.6673785219308757,-0.4554019288379759,-2.4305524800327354,0.079826042440397,0.7530246939098532,-0.054077351498885,-0.989048839743788,-0.2020454871191189,-0.2073567129463963,-0.5251530779927517,-0.4635308650875505,-0.2192296649910203,-0.3124943305803233,-0.9212604132172866,-0.673136533919824,-15.16,19.69,80.7,22.1,32.9,0.0,0.9375,0.7352941176470588,0,0,0,0,1,0,4,0,0,-0.4714045207910317,-0.4714045207910317,-0.4714045207910317,-0.4714045207910317,2.1213203435596424,-0.4714045207910317,2.1213203435596424,-0.4714045207910317,-0.4714045207910317,-0.4714045207910317,-0.4714045207910317,0.0,0.05,0.1,0,0,0.5705462879337302,1.0,1.0,91.0,32.0,5.0,0.0549450549450549,0.15625,0.0423728813559322,0,879.0,3188562.0,-0.7977119766339881,-0.70287777031615,-0.6450552541976357,-0.6028194775205034,2.560837930709716,0.2173509668210304,False,False,False,False,True,False,False,False,True,True,False,False,False,False,False,True,False,False,True,False,False,,,False,False,
Closure,138,Closure-138,0.0,0.5,0.0133333333333333,0.04,0.0093457943925233,0.0,2.0,75.0,25.0,107.0,0.0,0.0,0.0,0.0,0.0,0.0,1.0,0.0,0.0,0.0,-1.0231586669890729,-0.4554019288379759,-0.8265014861975027,0.4220503139748126,0.4038501769199036,-0.929145262602426,1.5882268573455445,-0.2020454871191189,-0.2073567129463963,-0.5251530779927517,-0.4635308650875505,-0.2192296649910203,-0.3124943305803233,-0.4995211341402941,0.2959479588785432,-37.67,11.19,52.08,20.4,50.8,11.9,0.7083333333333334,0.4473684210526316,3,5,4,4,1,1,1,1,1,0.4390570399587612,1.646463899845355,1.042760469902058,1.042760469902058,-0.7683498199278325,-0.7683498199278325,1.042760469902058,-0.7683498199278325,-1.3720532498711293,-0.7683498199278325,-0.7683498199278325,0.1,0.5,0.3464101615137754,0,4,0.9478420181516906,0.8,2.0,463.0,60.0,19.0,0.0410367170626349,0.3166666666666666,0.0376984126984126,0,478.0,5576887.0,-0.7977119766339881,-0.70287777031615,-0.6450552541976357,-0.6028194775205034,-0.9942554810346128,1.4462904983191245,False,False,False,False,True,True,False,False,False,True,False,False,False,False,True,False,False,False,True,False,True,Medium,,False,False,
Lang,50,Lang-50,1.0,1.0,1.0,1.0,1.0,1.0,1.0,1.0,1.0,1.0,1.0,1.0,1.0,1.0,1.0,1.0,1.0,1.0,1.0,1.0,0.0208519226079313,-0.1531279935599871,0.3726801993164663,-0.358646152472669,0.2319908443389094,0.6327485009683391,-0.5748438169972881,-0.2020454871191189,-0.2073567129463963,-0.5251530779927517,2.134108546644695,-0.2192296649910203,-0.1809757993128989,-0.0777818550633016,-0.673136533919824,31.89,11.0,51.01,12.3,18.3,11.9,0.875,0.7288135593220338,4,5,2,3,4,2,2,4,3,0.8391813582966892,1.762280852423047,-1.007017629956027,-0.0839181358296688,0.8391813582966892,-1.007017629956027,-0.0839181358296688,0.8391813582966892,-0.0839181358296688,-1.930117124082385,-0.0839181358296688,0.7,0.65,0.1914854215512676,-1,8,0.8346151080238873,0.9,1.0,351.0,71.0,22.0,0.0626780626780626,0.3098591549295774,0.055,2,237.0,3525543.0,1.2936208349496228,0.363561074525272,0.1890781160826703,0.3563321279316959,1.079549009149579,-0.2052707725176807,True,False,False,False,True,False,False,False,True,True,False,False,False,False,False,True,False,False,True,False,True,Major,,True,True,patch
Math,30,Math-30,1.0,1.0,1.0,0.5,0.5,1.0,1.0,1.0,2.0,2.0,1.0,1.0,1.0,0.0,0.0,1.0,1.0,1.0,1.0,1.0,0.2308205328062115,-0.4554019288379759,-0.8513767324771723,-0.124311869725525,-0.1064125837329401,0.0942570726810923,-0.3447299154714549,-0.2020454871191189,-0.2073567129463963,-0.5251530779927517,-0.4635308650875505,-0.2192296649910203,-0.0494572680454745,-0.7103907736787903,-0.673136533919824,17.07,18.43,68.18,18.0,23.2,16.6,0.8541666666666666,0.6056338028169013,5,5,4,4,5,3,1,5,3,0.99124070716193,0.99124070716193,0.1524985703326045,0.1524985703326045,0.99124070716193,-0.6862435664967211,0.1524985703326045,0.99124070716193,-0.6862435664967211,-2.3637278401553723,-0.6862435664967211,0.8,0.9,0.1154700538379251,0,20,0.7588928940000157,0.4,1.0,184.0,91.0,14.0,0.0760869565217391,0.1538461538461538,0.053639846743295,1,995.0,8590195.0,1.6421763035468917,2.283150995239831,0.4429447939940677,0.738778654156307,2.9755988287465542,0.5897761113689816,False,False,False,False,True,False,False,False,True,True,False,False,False,False,False,True,False,False,True,False,True,Minor,,True,False,diff
JacksonDatabind,14,JacksonDatabind-14,0.125,0.5,0.1666666666666666,0.5,1.0,8.0,2.0,6.0,2.0,1.0,0.0,0.0,0.0,0.0,1.0,0.0,1.0,0.0,1.0,1.0,4.389365507011037,-0.1531279935599871,0.331679962331048,0.1513431835546802,0.2319908443389094,-0.8189702441505382,0.4146459595637947,7.9237976702977395,6.908103094323778,3.1290370897068125,-0.4635308650875505,-0.2192296649910203,-0.3124943305803233,0.1330877844751946,-0.673136533919824,-170.39,10.39,46.88,38.2,66.3,11.0,0.875,0.7236084452975048,5,5,4,4,3,4,1,4,3,1.095445115010332,1.095445115010332,0.4260064336151291,0.4260064336151291,-0.2434322477800739,0.4260064336151291,0.4260064336151291,0.4260064336151291,-2.2517482919656833,-1.58230961057048,-0.2434322477800739,0.4,0.75,0.1,0,12,0.9849492909633188,0.8,1.0,468.0,139.0,68.0,0.1452991452991453,0.4892086330935252,0.1261595547309833,0,683.0,4686334.0,-0.7977119766339881,-0.70287777031615,-0.6450552541976357,0.1742147344914048,-1.0924485710190526,-2.148744360536,True,True,False,False,True,False,False,False,True,True,False,True,False,False,False,False,False,False,True,False,True,,,False,False,
Collections,6,Collections-6,0.0,0.0,0.0,0.0,0.0,0.0,0.0,0.0,0.0,0.0,0.0,0.0,0.0,0.0,0.0,0.0,0.0,0.0,0.0,0.0,-0.0950682476057024,-0.1531279935599871,-1.372961869648258,0.2759197722697127,-1.546710917989482,-0.2357731247334582,-0.5748438169972881,-0.2020454871191189,-0.2073567129463963,-0.5251530779927517,-0.4635308650875505,-0.2192296649910203,0.2135797944893742,-0.7103907736787903,0.2959479588785432,49.01,10.25,47.41,9.9,16.8,11.7,0.9791666666666666,0.9550561797752808,5,5,4,4,1,3,1,5,2,1.1037354955780372,1.1037354955780372,0.5255883312276368,0.5255883312276368,-1.2088531618235645,-0.0525588331227636,0.5255883312276368,1.1037354955780372,-1.7870003261739649,-1.2088531618235645,-0.630705997473164,0.3,0.7,0.3464101615137754,0,4,0.8240458052894037,0.9,1.0,271.0,63.0,11.0,0.040590405904059,0.1746031746031746,0.0340557275541795,1,467.0,3709917.0,1.4678985692482571,0.4702049590094141,1.111014999024061,0.4291790853078123,-0.014325886771753,-0.1464151345024059,False,True,False,False,True,True,False,False,False,True,False,False,False,False,False,True,False,False,True,False,True,Major,Map,True,False,patch
JacksonCore,4,JacksonCore-4,1.0,1.0,0.0588235294117647,1.0,1.0,1.0,1.0,17.0,1.0,1.0,1.0,1.0,0.0,1.0,1.0,1.0,1.0,0.0,1.0,1.0,0.3817354713862254,0.4514198769959905,0.9579799128465408,-0.3375712923740105,1.6591705192506263,0.5802004530940393,0.4146459595637947,1.3457341619126637,2.1644632228103284,0.6929103112404362,-0.4635308650875505,-0.2192296649910203,-0.1809757993128989,0.3439574240136908,-0.673136533919824,-3.83,9.59,41.03,15.7,32.6,10.5,0.8333333333333334,0.5294117647058824,5,5,4,4,5,3,3,5,3,1.0502100630210074,1.0502100630210074,0.280056016805602,0.280056016805602,1.0502100630210074,-0.4900980294098033,-1.2602520756252087,1.0502100630210074,-0.4900980294098033,-2.030406121840614,-0.4900980294098033,0.8,0.9,0.1154700538379251,0,20,0.9002016356624972,0.9,1.0,252.0,89.0,31.0,0.123015873015873,0.348314606741573,0.1,0,148.0,1318796.0,-0.7977119766339881,-0.70287777031615,-0.6450552541976357,-0.4692667223309566,-0.9522189035308792,-1.0536035913949475,True,False,False,False,True,False,False,False,True,True,False,False,False,False,False,False,False,True,True,False,True,,,False,False,
JacksonDatabind,28,JacksonDatabind-28,0.3333333333333333,0.3333333333333333,0.0303030303030303,0.25,0.3333333333333333,3.0,3.0,33.0,4.0,3.0,0.0,0.0,0.0,0.0,0.0,1.0,1.0,0.0,1.0,1.0,1.406061503777141,-0.4554019288379759,0.9201313672869764,0.8406702549150393,-1.8496029254103703,-0.5004951078943712,0.4146459595637947,2.1196239864285547,3.0538956987191,1.910973700473624,-0.4635308650875505,-0.2192296649910203,0.0820612632219498,-0.0777818550633016,-0.673136533919824,-79.66,9.84,47.68,26.2,41.9,12.0,0.9375,0.8518518518518519,5,5,5,5,1,5,0,5,3,0.7102705857155676,0.7102705857155676,0.7102705857155676,0.7102705857155676,-1.3731897990500972,0.7102705857155676,0.7102705857155676,0.7102705857155676,-1.8940548952415133,-1.3731897990500972,-0.3314596066672647,0.5,0.8,0.4,0,5,0.8470353549646464,1.0,1.0,172.0,82.0,36.0,0.2093023255813953,0.4390243902439024,0.1651376146788991,0,718.0,4947000.0,-0.7977119766339881,-0.70287777031615,-0.6450552541976357,-0.2203729512958922,-0.937697176756862,-1.655028369009813,True,True,False,False,True,False,False,False,True,True,False,True,False,False,False,False,False,False,True,False,True,,,False,False,
JacksonDatabind,29,JacksonDatabind-29,0.5,0.5,0.0769230769230769,0.1428571428571428,0.0357142857142857,2.0,2.0,13.0,7.0,28.0,0.0,0.0,0.0,0.0,0.0,1.0,1.0,0.0,0.0,0.0,3.8491337703550457,5.892350711999789,0.4060909532754531,-0.6713784533580026,-0.1064125837329401,0.7414781952463575,-0.989048839743788,-0.2020454871191189,-0.2073567129463963,-0.5251530779927517,0.4023489388231981,-0.2192296649910203,0.3450983257567985,-0.9212604132172866,0.2959479588785432,67.86,6.96,35.09,6.8,8.4,10.0,0.6875,0.0,1,3,0,3,1,1,3,2,1,-0.259160527674408,1.641350008604584,-1.209415795813904,1.641350008604584,-0.259160527674408,-0.259160527674408,0.691094740465088,0.691094740465088,-1.209415795813904,-1.209415795813904,-0.259160527674408,0.1,0.3,0.2581988897471611,-3,0,0.456806578720932,0.7,1.0,168.0,209.0,31.0,0.1845238095238095,0.1483253588516746,0.0895953757225433,0,719.0,4967145.0,1.1193431006509886,1.6432876883349783,0.7261228887288945,6.074818281956833,0.0193455900104696,-1.9452718125275652,True,False,False,False,True,True,False,False,False,True,False,False,True,False,False,False,False,False,True,False,False,,,False,False,
JacksonCore,5,JacksonCore-5,0.5,0.5,1.0,1.0,1.0,2.0,2.0,1.0,1.0,1.0,0.0,1.0,1.0,1.0,1.0,1.0,1.0,1.0,1.0,1.0,0.000438307727543,1.3582416828299568,0.8229013983468972,-1.094774723316082,-0.4379098193951574,0.8745291346565105,0.4146459595637947,-0.2020454871191189,-0.2073567129463963,-0.5251530779927517,0.4023489388231981,-0.2192296649910203,-0.3124943305803233,-0.0777818550633016,1.2650324516769105,44.24,13.02,44.24,11.7,16.0,13.7,0.875,0.6220472440944882,5,5,4,4,5,3,1,4,3,1.12089707663561,1.12089707663561,0.2401922307076309,0.2401922307076309,1.12089707663561,-0.6405126152203484,0.2401922307076309,0.2401922307076309,-0.6405126152203484,-2.401922307076307,-0.6405126152203484,0.8,0.8500000000000001,0.0999999999999999,0,20,0.9604425656342755,0.6,1.0,184.0,73.0,26.0,0.1413043478260869,0.3561643835616438,0.1125541125541125,0,148.0,1322779.0,-0.7977119766339881,-0.70287777031615,-0.6450552541976357,-0.4874784616749857,1.2142116383823187,-0.3676069749580312,True,True,False,False,True,True,False,False,False,True,False,False,False,False,False,True,False,False,True,False,True,,,False,False,
Collections,7,Collections-7,0.0,0.0,0.0,0.0,0.0,0.0,0.0,0.0,0.0,0.0,0.0,0.0,0.0,0.0,0.0,0.0,0.0,0.0,0.0,0.0,0.1571857077019535,-0.4554019288379759,-0.2763844205562315,-0.4643244372253148,2.226888400983462,0.6487931863305175,-0.5748438169972881,-0.2020454871191189,-0.2073567129463963,-0.5251530779927517,-0.4635308650875505,-0.2192296649910203,-0.1809757993128989,-0.4995211341402941,-0.673136533919824,34.15,13.71,58.13,13.5,21.8,13.9,0.8541666666666666,0.6934306569343065,4,5,2,3,4,2,2,4,3,0.8864052604279183,1.772810520855837,-0.8864052604279183,0.0,0.8864052604279183,-0.8864052604279183,0.0,0.8864052604279183,-0.8864052604279183,-1.772810520855837,0.0,0.5333333333333333,0.65,0.1914854215512676,-1,8,0.7763654684556843,0.6,1.0,538.0,81.0,31.0,0.0576208178438661,0.382716049382716,0.0527210884353741,4,467.0,3725137.0,1.1193431006509886,1.6432876883349783,0.638226853925912,0.4473908246518414,2.010644902701665,0.1622545744225787,False,False,False,False,True,False,False,False,True,True,False,False,False,False,False,True,False,False,True,False,True,Major,,True,True,patch
JacksonDatabind,15,JacksonDatabind-15,1.0,1.0,0.3333333333333333,0.0555555555555555,0.0555555555555555,1.0,1.0,3.0,18.0,18.0,1.0,1.0,0.0,0.0,0.0,1.0,1.0,1.0,0.0,0.0,2.896984447719789,0.7536938122739794,0.8731911975688318,0.5019212994224821,1.1096681845252594,-0.4088899781755006,0.4146459595637947,1.5392066180416364,2.4609407147799187,3.1290370897068125,-0.4635308650875505,-0.2192296649910203,-0.3124943305803233,1.398305621706172,0.2959479588785432,-56.92,11.19,47.87,23.6,40.2,13.2,0.9166666666666666,0.6666666666666664,5,5,5,4,5,4,1,5,4,0.7808688094430304,0.7808688094430304,0.7808688094430304,-0.0780868809443029,0.7808688094430304,-0.0780868809443029,-0.0780868809443029,0.7808688094430304,-0.9370425713316364,-2.654953952106303,-0.0780868809443029,0.9,0.95,0.0999999999999999,1,25,0.995470833805158,0.8,5.0,795.0,136.0,84.0,0.1056603773584905,0.6176470588235294,0.0991735537190082,0,683.0,4689591.0,-0.7977119766339881,-0.70287777031615,-0.6450552541976357,-0.0321849780742582,-0.7171522948462079,-1.752131296659442,True,True,False,False,True,True,False,False,False,True,True,False,False,False,False,False,False,False,True,False,True,,,False,False,
Lang,51,Lang-51,1.0,1.0,0.0357142857142857,0.5,0.5,1.0,1.0,28.0,2.0,2.0,1.0,1.0,0.0,0.0,0.0,1.0,1.0,0.0,1.0,1.0,-0.0294530569187398,-0.7576758641159647,-0.2841286732556621,-0.2000959656999773,-0.2730111944760022,-0.642801378501782,-0.5748438169972881,-0.2020454871191189,-0.2073567129463963,0.6929103112404362,-0.4635308650875505,-0.2192296649910203,0.0820612632219498,-0.4995211341402941,0.2959479588785432,30.46,10.97,52.67,12.8,22.4,12.0,0.875,0.7,5,5,3,4,5,3,1,4,3,1.1858541225631425,1.1858541225631425,-0.5533985905294663,0.316227766016838,1.1858541225631425,-0.5533985905294663,0.316227766016838,0.316227766016838,-0.5533985905294663,-2.292651303622075,-0.5533985905294663,0.8,0.8,0.1632993161855452,-1,15,0.6760783355534821,0.9,1.0,192.0,66.0,11.0,0.0572916666666666,0.1666666666666666,0.0445344129554655,2,222.0,3454951.0,1.2936208349496228,0.363561074525272,0.1687333997343701,0.3563321279316959,0.3981561052319159,-0.1592595347670956,True,False,False,False,True,True,False,False,False,True,False,False,False,False,False,True,False,False,True,False,True,Major,,True,True,patch
Closure,139,Closure-139,0.25,0.0,0.0119047619047619,0.0120481927710843,0.0285714285714285,4.0,0.0,84.0,83.0,35.0,0.0,0.0,0.0,0.0,0.0,1.0,0.0,0.0,0.0,0.0,-1.0231586669890729,0.4514198769959905,0.802798846938362,-0.0796688116926688,-0.7627101412056181,-1.2704374170436723,1.5882268573455445,-0.2020454871191189,-0.2073567129463963,-0.5251530779927517,1.2682287427339467,-0.2192296649910203,-0.3124943305803233,0.3439574240136908,-0.673136533919824,9.14,9.4,44.92,14.8,36.8,11.8,0.8333333333333334,0.6706689536878218,3,5,5,4,1,2,2,3,2,0.2340822943922612,1.5215349135496974,1.5215349135496974,0.8778086039709794,-1.0533703247651751,-0.4096440151864569,0.2340822943922612,0.2340822943922612,-1.6970966343438931,-1.0533703247651751,-0.4096440151864569,0.2,0.65,0.3415650255319866,1,5,0.7492016330398057,0.9,1.0,329.0,98.0,22.0,0.0668693009118541,0.2244897959183673,0.0543209876543209,0,478.0,5583104.0,-0.7977119766339881,-0.70287777031615,-0.6450552541976357,-0.6028194775205034,-0.9942554810346128,1.4462904983191245,True,False,False,False,True,False,False,False,True,True,False,False,False,False,True,False,False,False,True,False,True,Medium,,False,False,
Math,31,Math-31,0.0,0.0,0.0050251256281407,0.0188679245283018,0.0,0.0,0.0,199.0,53.0,0.0,0.0,0.0,0.0,0.0,0.0,0.0,0.0,0.0,0.0,0.0,0.1549985346790548,-0.7576758641159647,0.8382233970410036,-0.5093676405625084,-1.39301571620413,0.3307494919832261,-0.3447299154714549,-0.2020454871191189,-0.2073567129463963,-0.5251530779927517,-0.4635308650875505,-0.2192296649910203,0.3450983257567985,0.3439574240136908,2.2341169444752773,7.93,11.08,53.31,15.3,20.1,11.9,0.9375,0.7857142857142857,5,5,4,4,5,3,1,5,4,0.9370425713316364,0.9370425713316364,0.0780868809443029,0.0780868809443029,0.9370425713316364,-0.7808688094430304,0.0780868809443029,0.9370425713316364,-0.7808688094430304,-2.498780190217697,0.0780868809443029,0.8,0.9,0.1154700538379251,0,20,0.7175469274253998,0.4,1.0,153.0,80.0,12.0,0.0784313725490196,0.15,0.0542986425339366,1,991.0,8555619.0,1.1193431006509886,0.2569171900411298,0.2486590711026921,0.4656025639958704,0.1216488398740236,0.1862385736185469,False,False,False,False,True,True,False,False,False,True,False,False,False,False,False,True,False,False,True,False,True,Major,,True,False,diff
Math,25,Math-25,0.25,0.5,1.0,1.0,1.0,4.0,2.0,1.0,1.0,1.0,0.0,1.0,1.0,1.0,1.0,1.0,1.0,1.0,1.0,1.0,-0.1927619759618466,-0.7576758641159647,0.1633985785874348,-0.8435590852351705,-0.4379098193951574,-0.6708176005592654,-0.5748438169972881,-0.2020454871191189,-0.2073567129463963,-0.5251530779927517,-0.4635308650875505,-0.2192296649910203,-0.0494572680454745,-0.7103907736787903,-0.673136533919824,14.97,13.22,58.71,14.7,22.6,12.7,0.9375,0.8524590163934426,2,2,0,0,1,2,4,1,2,1.1726039399558574,1.1726039399558574,-1.1726039399558574,-1.1726039399558574,0.0,1.1726039399558574,0.0,0.0,-1.1726039399558574,-1.1726039399558574,1.1726039399558574,0.2,0.1,0.1154700538379251,0,0,0.8737206893140059,0.6,1.0,233.0,62.0,15.0,0.0643776824034334,0.2419354838709677,0.0535714285714285,1,1032.0,8987274.0,0.9450653663523544,0.1502733055569876,0.3868623172831552,0.3441909683690098,-0.1054821280985306,0.5181403626422424,False,False,False,False,True,False,False,False,True,True,False,False,False,False,False,True,False,False,True,False,False,Minor,,True,True,patch
Mockito,8,Mockito-8,1.0,1.0,1.0,1.0,0.0,1.0,1.0,1.0,1.0,0.0,1.0,1.0,1.0,1.0,0.0,1.0,1.0,1.0,1.0,0.0,0.305184415584769,-0.4554019288379759,0.6016525806788319,-0.4520812526320236,-1.39301571620413,0.5048297061156569,-0.989048839743788,0.958789249654718,0.6820757629623755,0.6929103112404362,-0.4635308650875505,-0.2192296649910203,0.0820612632219498,-0.0777818550633016,-0.673136533919824,-64.37,13.22,48.95,24.4,41.8,12.3,0.875,0.5555555555555557,5,5,4,4,5,3,1,5,4,0.9370425713316364,0.9370425713316364,0.0780868809443029,0.0780868809443029,0.9370425713316364,-0.7808688094430304,0.0780868809443029,0.9370425713316364,-0.7808688094430304,-2.498780190217697,0.0780868809443029,0.8,0.9,0.1154700538379251,0,20,0.7679259166383979,0.6,1.0,232.0,80.0,31.0,0.1336206896551724,0.3875,0.1103202846975089,0,911.0,3217097.0,-0.7977119766339881,-0.70287777031615,-0.6450552541976357,-0.4753373021122996,-0.8796652059705268,-0.6211639289011311,True,True,False,False,True,False,False,False,True,True,False,True,False,False,False,False,False,False,True,False,True,,,False,False,
Lang,45,Lang-45,0.5,1.0,1.0,1.0,1.0,2.0,1.0,1.0,1.0,1.0,0.0,1.0,1.0,1.0,1.0,1.0,1.0,1.0,1.0,1.0,-0.0374726913360353,-0.1531279935599871,-0.2706903686921763,-0.1683583147145271,0.7530246939098532,0.2378507574887564,-0.5748438169972881,-0.2020454871191189,-0.2073567129463963,0.6929103112404362,1.2682287427339467,-0.2192296649910203,-0.0494572680454745,-0.2886514946017978,-0.673136533919824,34.63,9.36,44.9,11.2,17.6,10.4,0.8958333333333334,0.7628458498023716,5,5,3,2,4,3,2,3,2,1.6398244998303635,1.6398244998303635,-0.0780868809443029,-0.9370425713316364,0.7808688094430304,-0.0780868809443029,-0.0780868809443029,-0.0780868809443029,-0.0780868809443029,-1.7959982617189696,-0.9370425713316364,0.8,0.6,0.1632993161855452,1,12,0.8443338661661638,0.9,1.0,266.0,65.0,18.0,0.0676691729323308,0.2769230769230769,0.0575079872204472,2,245.0,3818883.0,1.2936208349496228,-0.1341103864007248,0.5465638462028013,0.3684732874943819,0.4331683888324283,-0.1696255652334334,True,False,False,False,True,False,False,False,True,True,False,True,False,False,False,False,False,False,True,False,True,Minor,lang.*,True,False,patch
Closure,105,Closure-105,0.5,1.0,0.5,0.0172413793103448,0.04,2.0,1.0,2.0,58.0,25.0,0.0,1.0,0.0,0.0,0.0,1.0,1.0,1.0,0.0,0.0,-1.0231586669890729,-0.7576758641159647,0.6591389707624532,-0.0693120778900054,-0.9226620584791106,-0.2459926183288816,1.5882268573455445,-0.2020454871191189,-0.2073567129463963,-0.5251530779927517,0.4023489388231981,-0.2192296649910203,-0.3124943305803233,-0.0777818550633016,-0.673136533919824,-38.17,9.11,54.74,20.6,66.4,11.2,0.7083333333333334,0.4094903339191564,5,5,3,3,4,3,3,3,3,1.4488638132020375,1.4488638132020375,0.0629940788348711,0.0629940788348711,0.7559289460184544,0.0629940788348711,-0.6299407883487121,0.0629940788348711,-1.3228756555322954,-2.0158105227158787,0.0629940788348711,0.4666666666666667,0.65,0.1,0,12,0.7477325316442636,0.4,1.0,544.0,49.0,16.0,0.0294117647058823,0.3265306122448979,0.0277296360485268,0,471.0,5458220.0,-0.7977119766339881,-0.70287777031615,-0.6450552541976357,-0.6028194775205034,-0.9942554810346128,1.4462904983191245,False,False,False,False,True,False,False,False,True,True,False,False,False,False,True,False,False,False,True,False,False,Medium,,False,False,
Closure,56,Closure-56,0.0,0.0,0.0128205128205128,0.0217391304347826,0.0052631578947368,0.0,0.0,78.0,46.0,190.0,0.0,0.0,0.0,0.0,0.0,0.0,0.0,0.0,0.0,0.0,-1.0231586669890729,-0.4554019288379759,0.8184675854011522,0.2951599120742949,-0.2730111944760022,-0.7045444524821713,1.5882268573455445,-0.2020454871191189,0.0891207790231942,-0.5251530779927517,0.4023489388231981,6.437380162918141,1.0026909820939205,1.187435982167676,-0.673136533919824,11.78,5.43,46.94,13.8,32.6,10.7,0.875,0.7495652173913043,3,4,4,4,1,2,1,2,2,0.3973597071195131,1.125852503505287,1.125852503505287,1.125852503505287,-1.059625885652035,-0.331133089266261,1.125852503505287,-0.331133089266261,-1.7881186820378092,-1.059625885652035,-0.331133089266261,0.2,0.55,0.3,0,4,0.8992960071976568,0.9,1.0,247.0,138.0,18.0,0.0728744939271255,0.1304347826086956,0.0490463215258855,0,933.0,12130465.0,-0.7977119766339881,-0.70287777031615,-0.6450552541976357,-0.6028194775205034,-0.9942554810346128,1.4462904983191245,True,False,False,False,True,False,False,False,True,True,False,False,False,False,True,False,False,False,True,False,True,Medium,,False,False,
Closure,42,Closure-42,0.0,1.0,0.0048780487804878,0.1428571428571428,0.2,0.0,1.0,205.0,7.0,5.0,0.0,1.0,0.0,0.0,0.0,0.0,1.0,0.0,0.0,1.0,-1.0231586669890729,0.7536938122739794,0.0818331705225717,-0.5315226226144287,0.2319908443389094,-0.5795688016983449,1.5882268573455445,-0.2020454871191189,-0.2073567129463963,-0.5251530779927517,-0.4635308650875505,-0.2192296649910203,-0.3124943305803233,-0.2886514946017978,0.2959479588785432,-54.38,10.26,49.18,22.7,52.5,11.2,0.7916666666666666,0.5939086294416244,3,4,3,3,1,1,2,2,2,0.7808688094430304,1.6398244998303635,0.7808688094430304,0.7808688094430304,-0.9370425713316364,-0.9370425713316364,0.7808688094430304,-0.0780868809443029,-1.7959982617189696,-0.9370425713316364,-0.0780868809443029,0.1,0.4499999999999999,0.1914854215512676,0,3,0.7182106027323973,0.7,1.0,407.0,82.0,27.0,0.0663390663390663,0.3292682926829268,0.0584415584415584,0,957.0,12288219.0,-0.7977119766339881,-0.70287777031615,-0.6450552541976357,-0.6028194775205034,-0.9942554810346128,1.4462904983191245,True,False,False,False,True,True,False,False,False,True,False,False,False,False,True,False,False,False,True,False,True,Medium,,False,False,
Math,19,Math-19,0.1428571428571428,1.0,0.0909090909090909,1.0,0.5,7.0,1.0,11.0,1.0,2.0,0.0,1.0,0.0,1.0,0.0,0.0,1.0,0.0,1.0,1.0,0.0099160574934376,0.4514198769959905,0.6708499423302503,-1.0822574752384464,-0.9226620584791106,-0.237143057683381,-0.3447299154714549,-0.2020454871191189,-0.2073567129463963,-0.5251530779927517,-0.4635308650875505,-0.2192296649910203,-0.0494572680454745,-0.4995211341402941,-0.673136533919824,32.6,11.34,50.61,12.0,16.3,12.2,0.375,0.0,3,4,3,3,3,2,2,4,3,0.1767766952966367,1.1490485194281397,0.1767766952966367,0.1767766952966367,0.1767766952966367,-0.7954951288348661,0.1767766952966367,1.1490485194281397,0.1767766952966367,-2.7400387770978716,0.1767766952966367,0.7,0.6499999999999999,0.1,0,9,0.954226136383441,0.6,1.0,587.0,78.0,30.0,0.0511073253833049,0.3846153846153846,0.0472440944881889,1,1056.0,9340885.0,1.6421763035468917,2.283150995239831,0.3267506140900994,0.3563321279316959,0.6647881111127405,0.0442608919621439,False,False,False,False,True,False,False,False,True,True,False,False,False,False,False,True,False,False,True,False,False,Major,,False,True,java
Closure,111,Closure-111,0.0,0.0,0.0232558139534883,0.0047169811320754,0.0025510204081632,0.0,0.0,43.0,212.0,392.0,0.0,0.0,0.0,0.0,0.0,0.0,0.0,0.0,0.0,0.0,-1.0231586669890729,-0.4554019288379759,0.8259721241469027,-0.1536571204296833,-1.081014456579866,-1.048456695814607,1.5882268573455445,-0.2020454871191189,-0.2073567129463963,-0.5251530779927517,-0.4635308650875505,-0.2192296649910203,-0.3124943305803233,-0.9212604132172866,-0.673136533919824,-37.57,8.34,49.88,20.3,53.0,11.8,0.875,0.6862745098039216,5,5,5,5,1,5,0,4,3,0.7752025329784148,0.7752025329784148,0.7752025329784148,0.7752025329784148,-1.3566044327122255,0.7752025329784148,0.7752025329784148,0.2422507915557546,-1.889556174134886,-1.3566044327122255,-0.2907009498669055,0.5,0.75,0.3785938897200182,0,5,0.849799582687625,0.5,1.0,127.0,68.0,14.0,0.1102362204724409,0.2058823529411764,0.0773480662983425,0,963.0,12837001.0,-0.7977119766339881,-0.70287777031615,-0.6450552541976357,-0.6028194775205034,-0.9942554810346128,1.4462904983191245,True,False,False,False,True,False,False,False,True,True,False,False,False,False,True,False,False,False,True,False,True,Medium,,False,False,
Codec,5,Codec-5,1.0,0.5,1.0,1.0,0.5,1.0,2.0,1.0,1.0,2.0,1.0,0.0,1.0,1.0,0.0,1.0,1.0,1.0,1.0,1.0,1.4833416172528964,0.7536938122739794,0.954260268443295,-3.486511778423626e-06,-0.6011343465993985,0.727922883532668,-1.1731399609644546,-0.2020454871191189,-0.2073567129463963,0.6929103112404362,2.999988350555444,3.1090752489635607,-0.0494572680454745,0.5548270635521871,-0.673136533919824,14.56,12.17,45.65,14.8,31.5,12.5,0.9583333333333334,0.8500000000000001,5,5,4,4,5,3,1,5,4,0.9370425713316364,0.9370425713316364,0.0780868809443029,0.0780868809443029,0.9370425713316364,-0.7808688094430304,0.0780868809443029,0.9370425713316364,-0.7808688094430304,-2.498780190217697,0.0780868809443029,0.8,0.9,0.1154700538379251,0,20,0.9694418734903903,0.9,1.0,463.0,223.0,42.0,0.0907127429805615,0.1883408071748878,0.0652173913043478,2,56.0,763608.0,0.5965098977550859,1.0034243814301251,1.0026156006770426,0.5445201011533299,0.7832912248375515,-0.3736908546820668,True,False,False,False,True,False,False,False,True,True,False,False,False,True,False,False,False,False,True,False,True,Critical,,True,True,patch
Compress,20,Compress-20,1.0,0.5,0.3333333333333333,0.2,0.0625,1.0,2.0,3.0,5.0,16.0,1.0,1.0,0.0,0.0,0.0,1.0,1.0,1.0,1.0,0.0,-0.1388117080636774,-0.4554019288379759,-0.1834382692746984,-0.4033079560513138,0.7530246939098532,-0.2206962554010287,-1.1731399609644546,-0.2020454871191189,-0.2073567129463963,0.6929103112404362,-0.4635308650875505,-0.2192296649910203,0.2135797944893742,-0.4995211341402941,-0.673136533919824,43.29,8.84,55.65,10.0,18.3,10.0,0.75,0.4893617021276595,2,3,2,2,3,1,4,2,2,0.2182178902359924,1.4184162865339505,0.2182178902359924,0.2182178902359924,1.4184162865339505,-0.9819805060619656,-0.9819805060619656,0.2182178902359924,0.2182178902359924,-2.1821789023599236,0.2182178902359924,0.4333333333333333,0.4499999999999999,0.0999999999999999,0,6,0.6876969641046788,0.7,1.0,225.0,67.0,19.0,0.0844444444444444,0.2835820895522388,0.0695970695970696,2,190.0,1541188.0,0.7707876320537201,1.2167121503984095,0.492399341639145,0.3502615481503528,0.1638431303669488,0.1593596379268086,True,False,False,False,True,False,False,False,True,True,False,True,False,False,False,False,False,False,True,False,False,Major,Archivers,True,False,"cpio,patch"
Closure,95,Closure-95,0.0,0.0,0.0357142857142857,0.0666666666666666,0.0344827586206896,0.0,0.0,28.0,15.0,29.0,0.0,0.0,0.0,0.0,0.0,0.0,0.0,0.0,0.0,0.0,-1.0231586669890729,3.4741592297758785,0.5739563686562899,-0.1064783668376306,-1.8496029254103703,-0.8832912180817405,1.5882268573455445,-0.2020454871191189,-0.2073567129463963,-0.5251530779927517,7.329387370109188,-0.2192296649910203,-0.3124943305803233,1.187435982167676,2.2341169444752773,26.57,7.25,48.89,12.3,25.9,11.8,0.8958333333333334,0.673913043478261,5,5,4,4,5,3,1,5,3,0.99124070716193,0.99124070716193,0.1524985703326045,0.1524985703326045,0.99124070716193,-0.6862435664967211,0.1524985703326045,0.99124070716193,-0.6862435664967211,-2.3637278401553723,-0.6862435664967211,0.8,0.9,0.1154700538379251,0,20,0.6652067845269884,0.4,1.0,442.0,303.0,70.0,0.1583710407239819,0.231023102310231,0.1037037037037037,0,534.0,6719434.0,-0.7977119766339881,-0.70287777031615,-0.6450552541976357,-0.6028194775205034,-0.9942554810346128,1.4462904983191245,False,False,False,False,True,True,False,False,False,True,False,False,False,False,True,False,False,False,True,False,True,Medium,,False,False,
Closure,81,Closure-81,0.0,0.5,0.0080645161290322,0.3333333333333333,0.2,0.0,2.0,124.0,3.0,5.0,0.0,0.0,0.0,0.0,0.0,0.0,1.0,0.0,1.0,1.0,-1.0231586669890729,-0.7576758641159647,-2.430552480033038,4.163331944642799,-1.39301571620413,0.0407153632463239,1.5882268573455445,-0.2020454871191189,-0.2073567129463963,-0.5251530779927517,-0.4635308650875505,-0.2192296649910203,-0.3124943305803233,-0.7103907736787903,0.2959479588785432,-113.97,25.18,88.62,39.3,84.2,0.0,0.9166666666666666,0.8297872340425531,2,4,3,4,1,0,2,2,1,0.0659380473395786,1.51657508881031,0.7912565680749444,1.51657508881031,-0.6593804733957871,-1.3846989941311527,0.7912565680749444,0.0659380473395786,-1.3846989941311527,-0.6593804733957871,-0.6593804733957871,0.0,0.5,0.2581988897471611,-1,3,0.9836174348799704,0.5,1.0,404.0,34.0,15.0,0.0371287128712871,0.4411764705882353,0.0354609929078014,0,559.0,7387283.0,-0.7977119766339881,-0.70287777031615,-0.6450552541976357,-0.6028194775205034,-0.9942554810346128,1.4462904983191245,True,False,False,False,True,True,False,False,False,True,False,False,False,False,True,False,False,False,True,False,True,Medium,,False,False,
Compress,34,Compress-34,0.2,1.0,0.1,0.2,1.0,5.0,1.0,10.0,5.0,1.0,0.0,1.0,0.0,0.0,1.0,1.0,1.0,0.0,1.0,1.0,1.741428033954949,-0.1531279935599871,0.7425494800060577,0.3164644051088662,-0.2730111944760022,-1.3239684536629908,-1.1731399609644546,2.700041354815473,0.0891207790231942,0.6929103112404362,1.2682287427339467,-0.2192296649910203,0.3450983257567985,1.8200449007831645,1.2650324516769105,18.82,7.52,35.89,13.2,24.5,9.4,0.9166666666666666,0.6999999999999997,5,5,4,4,5,4,2,5,4,0.8426648406178135,0.8426648406178135,0.1296407447104327,0.1296407447104327,0.8426648406178135,0.1296407447104327,-0.5833833511969481,0.8426648406178135,-0.5833833511969481,-2.7224556389190906,0.1296407447104327,0.9,0.9,0.1154700538379251,0,20,0.8340345276370332,0.8,1.0,307.0,136.0,47.0,0.1530944625407166,0.3455882352941176,0.1186868686868686,0,254.0,1982088.0,1.4678985692482571,0.4702049590094141,1.717092343056328,0.6720022765615336,-0.8837115316644534,-1.46203652044529,True,True,False,False,True,True,False,False,False,True,False,True,False,False,False,False,False,False,True,False,False,Major,,False,False,
Jsoup,41,Jsoup-41,0.3333333333333333,1.0,0.5,0.1,0.25,3.0,1.0,2.0,10.0,4.0,0.0,1.0,0.0,0.0,0.0,1.0,1.0,1.0,0.0,1.0,-0.0287239992444402,-0.1531279935599871,0.2747513796549951,-0.1514146845147019,-0.7627101412056181,-0.0206333394793311,-0.5748438169972881,-0.2020454871191189,-0.2073567129463963,-0.5251530779927517,0.4023489388231981,-0.2192296649910203,-0.3124943305803233,0.7656967030906834,0.2959479588785432,33.41,9.66,53.33,11.7,18.7,13.0,0.7291666666666666,0.3333333333333332,5,5,4,4,2,3,1,4,3,1.1909826683508271,1.1909826683508271,0.5359422007578724,0.5359422007578724,-0.7741387344280377,-0.1190982668350826,0.5359422007578724,0.5359422007578724,-2.084219669613948,-1.4291792020209926,-0.1190982668350826,0.3,0.7,0.2,0,8,0.8964982098553249,0.4,1.0,352.0,72.0,30.0,0.0852272727272727,0.4166666666666667,0.0761421319796954,0,82.0,761923.0,-0.7977119766339881,-0.70287777031615,-0.6450552541976357,-0.4146315042988693,0.4080313647089835,-0.9559804410798652,False,False,False,False,True,True,False,False,False,True,False,False,False,False,False,True,False,False,True,False,True,,,False,False,
Jsoup,55,Jsoup-55,0.0,0.0,0.0,0.0151515151515151,0.0178571428571428,0.0,0.0,0.0,66.0,56.0,0.0,0.0,0.0,0.0,0.0,0.0,0.0,0.0,0.0,0.0,-0.5376062559055498,-0.1531279935599871,-2.430552480032949,0.4532702995034808,-0.1064125837329401,0.4558714166681361,-0.5748438169972881,-0.2020454871191189,-0.2073567129463963,-0.5251530779927517,-0.4635308650875505,-0.2192296649910203,-0.3124943305803233,-0.9212604132172866,-0.673136533919824,31.55,17.99,62.18,16.6,24.8,16.3,0.8958333333333334,0.7530864197530865,1,4,3,2,1,0,4,0,0,-0.1435916317235476,2.225670291714988,1.435916317235476,0.6461623427559643,-0.1435916317235476,-0.9333456062030596,-0.1435916317235476,-0.9333456062030596,-0.9333456062030596,-0.1435916317235476,-0.9333456062030596,0.0,0.3,0.2581988897471611,1,3,0.9984106063605934,0.5,1.0,140.0,43.0,2.0,0.0142857142857142,0.0465116279069767,0.011049723756906,0,87.0,857135.0,-0.7977119766339881,-0.70287777031615,-0.6450552541976357,-0.5724665786137881,3.350858688875123,-0.2904027967876194,True,False,False,False,True,False,False,False,True,True,False,False,False,False,False,True,False,False,True,False,True,,,False,False,
Jsoup,69,Jsoup-69,1.0,0.0,0.2,1.0,1.0,1.0,0.0,5.0,1.0,1.0,1.0,0.0,0.0,1.0,1.0,1.0,0.0,1.0,1.0,1.0,-0.0994425936514999,-0.7576758641159647,0.5687343841881541,-0.6720187759677585,0.2319908443389094,-0.0858453776774653,-0.5748438169972881,-0.2020454871191189,-0.2073567129463963,-0.5251530779927517,1.2682287427339467,-0.2192296649910203,-0.1809757993128989,-0.2886514946017978,1.2650324516769105,4.34,9.84,54.31,14.6,26.3,12.0,0.8541666666666666,0.6923076923076923,4,5,5,4,1,4,1,4,3,0.4984638980595403,1.1076975512434226,1.1076975512434226,0.4984638980595403,-1.329237061492107,0.4984638980595403,0.4984638980595403,0.4984638980595403,-1.9384707146759896,-1.329237061492107,-0.1107697551243421,0.4,0.7,0.3464101615137754,1,5,0.9047398004373096,0.1999999999999999,1.0,105.0,75.0,20.0,0.1904761904761904,0.2666666666666666,0.125,0,108.0,1034831.0,-0.7977119766339881,-0.70287777031615,-0.6450552541976357,-0.4510549829869275,-0.6378203342842049,-0.7077689206072815,False,False,False,False,True,True,False,False,False,True,False,False,False,False,False,True,False,False,True,False,True,,,False,False,
Jsoup,82,Jsoup-82,0.0,1.0,0.25,0.1428571428571428,0.2,0.0,1.0,4.0,7.0,5.0,0.0,1.0,0.0,0.0,0.0,0.0,1.0,1.0,0.0,1.0,0.0434527105112185,-0.7576758641159647,0.4355954639195324,1.0751817191190134,-2.581591943344183,0.4452757306943062,-0.5748438169972881,1.732679074170609,1.867985730840738,3.1290370897068125,-0.4635308650875505,-0.2192296649910203,-0.3124943305803233,-0.7103907736787903,-0.673136533919824,-79.26,12.83,55.84,26.0,49.2,12.3,1.0,1.0,0,0,0,0,0,0,4,0,0,-0.3162277660168379,-0.3162277660168379,-0.3162277660168379,-0.3162277660168379,-0.3162277660168379,-0.3162277660168379,3.1622776601683795,-0.3162277660168379,-0.3162277660168379,-0.3162277660168379,-0.3162277660168379,0.0,0.0,0.0,0,0,0.9264253169834789,0.0,1.0,183.0,70.0,26.0,0.1420765027322404,0.3714285714285714,0.1145374449339207,0,114.0,1073260.0,-0.7977119766339881,-0.70287777031615,-0.6450552541976357,-0.4692667223309566,-0.973823909702749,-0.9939284023478436,True,True,False,False,True,False,False,False,True,True,False,True,False,False,False,False,False,False,True,False,False,,,False,False,
JacksonXml,1,JacksonXml-1,0.5,0.5,0.5,0.1,0.0,2.0,2.0,2.0,10.0,0.0,0.0,1.0,0.0,0.0,0.0,1.0,1.0,1.0,0.0,0.0,-0.2897266466436913,-0.7576758641159647,-1.3036502211367655,-0.8133347765808984,-0.4379098193951574,-0.1134333655325218,-0.989048839743788,-0.2020454871191189,-0.2073567129463963,-0.5251530779927517,1.2682287427339467,3.1090752489635607,-0.0494572680454745,-0.9212604132172866,-0.673136533919824,26.34,16.59,61.61,16.5,22.9,15.6,0.8958333333333334,0.6491228070175439,0,0,1,0,1,0,4,0,0,-0.6123724356957945,-0.6123724356957945,1.632993161855452,-0.6123724356957945,1.632993161855452,-0.6123724356957945,1.632993161855452,-0.6123724356957945,-0.6123724356957945,-0.6123724356957945,-0.6123724356957945,0.0,0.1,0.1154700538379251,1,1,0.6015551623380972,1.0,1.0,405.0,70.0,22.0,0.0543209876543209,0.3142857142857143,0.0485651214128035,0,97.0,465704.0,-0.7977119766339881,-0.70287777031615,-0.6450552541976357,-0.5663959988324452,1.6932258480816356,-0.0368683333537315,False,False,False,False,True,False,False,False,True,True,False,False,False,False,False,True,False,False,True,False,False,,,False,False,
Csv,13,Csv-13,1.0,0.0,0.5,0.25,0.5,1.0,0.0,2.0,4.0,2.0,1.0,0.0,0.0,0.0,0.0,1.0,0.0,1.0,1.0,1.0,0.2949776081445749,0.4514198769959905,1.108005835687776,-0.5249388805158368,0.0619124374841446,1.2669860221002738,0.1845320580379615,-0.2020454871191189,-0.2073567129463963,-0.5251530779927517,-0.4635308650875505,-0.2192296649910203,0.0820612632219498,0.1330877844751946,2.2341169444752773,47.38,10.76,45.16,10.5,14.2,11.4,0.8958333333333334,0.7156398104265403,4,5,4,3,5,3,2,5,3,0.3928371006591931,1.2570787221094175,0.3928371006591931,-0.4714045207910316,1.2570787221094175,-0.4714045207910316,-0.4714045207910316,1.2570787221094175,-0.4714045207910316,-2.199887763691481,-0.4714045207910316,0.8,0.85,0.1914854215512676,1,20,0.8657235258144288,0.4,2.0,438.0,99.0,42.0,0.0958904109589041,0.4242424242424242,0.0848484848484848,1,28.0,287432.0,0.5965098977550859,-0.0630144634112968,0.943770213002947,0.5930847394040741,0.4458865260377424,-0.3147629250503315,False,False,False,False,True,True,False,False,False,True,False,False,False,False,False,True,False,False,True,False,True,Minor,Parser,True,False,diff
Time,4,Time-4,0.1666666666666666,1.0,0.5,0.1111111111111111,0.5,6.0,1.0,2.0,9.0,2.0,0.0,1.0,0.0,0.0,0.0,0.0,1.0,1.0,0.0,1.0,-0.0360145759874361,-0.7576758641159647,0.957635759203498,-0.0961430822652451,-0.2730111944760022,0.8714783254974872,-1.5873449837109543,-0.2020454871191189,-0.2073567129463963,-0.5251530779927517,-0.4635308650875505,-0.2192296649910203,-0.3124943305803233,0.1330877844751946,0.2959479588785432,18.45,13.12,60.62,15.4,26.2,16.2,0.8125,0.4679802955665025,5,5,4,4,1,3,2,5,4,1.072112534837795,1.072112534837795,0.4824506406770077,0.4824506406770077,-1.2865350418053536,-0.1072112534837793,-0.1072112534837793,1.072112534837795,-1.8761969359661408,-1.2865350418053536,0.4824506406770077,0.3,0.7,0.3464101615137754,0,4,0.9118568037184352,0.4,1.0,328.0,64.0,23.0,0.0701219512195122,0.359375,0.062330623306233,0,317.0,5613511.0,-0.7977119766339881,-0.70287777031615,-0.6450552541976357,-0.5481842594884161,1.1388005660119842,-0.9007558217833368,False,False,False,False,True,True,False,False,False,True,False,False,False,False,False,True,False,False,True,False,True,,,False,False,
Collections,24,Collections-24,0.0,0.0,0.0,0.0,0.5,0.0,0.0,0.0,0.0,2.0,0.0,0.0,0.0,0.0,0.0,0.0,0.0,0.0,0.0,1.0,-0.3276376457072696,-0.7576758641159647,-1.2824061936566813,-0.502114736552947,-0.4379098193951574,0.182994455752726,-0.5748438169972881,-0.2020454871191189,-0.2073567129463963,-0.5251530779927517,-0.4635308650875505,-0.2192296649910203,-0.0494572680454745,-0.7103907736787903,-0.673136533919824,3.66,14.48,65.33,16.9,22.3,14.9,0.875,0.7096774193548387,3,3,0,0,1,2,4,2,1,1.632993161855452,1.632993161855452,-1.061445555206044,-1.061445555206044,-0.1632993161855452,0.7348469228349535,-0.1632993161855452,0.7348469228349535,-1.061445555206044,-1.061445555206044,-0.1632993161855452,0.2,0.15,0.1914854215512676,0,0,0.9009372420115968,0.6,1.0,127.0,44.0,7.0,0.0551181102362204,0.1590909090909091,0.0426829268292682,0,464.0,3547008.0,0.7707876320537201,1.2167121503984095,0.2904214227522401,0.3441909683690098,1.2276779013055927,0.2409844193498395,False,False,False,False,True,False,False,False,True,True,False,False,False,False,True,False,False,False,True,False,False,Major,,False,False,
Gson,16,Gson-16,1.0,0.0,1.0,0.5,0.0,1.0,0.0,1.0,2.0,0.0,1.0,0.0,1.0,0.0,0.0,1.0,0.0,1.0,1.0,0.0,4.532989868848055,3.1718852944978897,0.4960736035047265,-0.55823448462653,0.4038501769199036,1.4525278163910116,-0.989048839743788,-0.2020454871191189,-0.2073567129463963,1.910973700473624,2.134108546644695,-0.2192296649910203,-0.1809757993128989,11.520048319553991,-0.673136533919824,54.02,8.87,50.03,10.0,16.1,12.4,0.5,0.0,4,5,3,1,1,2,4,1,2,1.4488638132020375,2.141798680385621,0.7559289460184544,-0.6299407883487121,-0.6299407883487121,0.0629940788348711,-0.6299407883487121,-0.6299407883487121,-1.3228756555322954,-0.6299407883487121,0.0629940788348711,0.2,0.3,0.1999999999999999,2,3,0.395009868608548,0.4,1.0,206.0,193.0,27.0,0.1310679611650485,0.1398963730569948,0.0725806451612903,0,195.0,1254626.0,0.4222321634564516,0.7901366124618407,1.134429269067017,7.015758148065004,0.5781896818523017,-2.01460831267942,True,True,True,True,True,False,False,False,True,True,False,True,False,False,False,False,False,False,True,False,True,,,False,False,
Collections,18,Collections-18,0.0,0.0,0.0,0.0,0.0,0.0,0.0,0.0,0.0,0.0,0.0,0.0,0.0,0.0,0.0,0.0,0.0,0.0,0.0,0.0,1.326594217278486,1.9627895533859343,0.8563002163413846,-0.0275206860102663,0.2319908443389094,0.8436876026758489,0.1845320580379615,-0.2020454871191189,-0.2073567129463963,-0.5251530779927517,0.4023489388231981,-0.2192296649910203,0.7396539195590717,1.6091752612446684,-0.673136533919824,36.05,8.02,43.61,10.7,15.7,11.1,0.875,0.4999999999999998,5,5,5,5,5,5,1,5,4,0.5996253511966894,0.5996253511966894,0.5996253511966894,0.5996253511966894,0.5996253511966894,0.5996253511966894,-0.2248595066987582,0.5996253511966894,-1.0493443645942058,-2.698314080385101,-0.2248595066987582,1.0,1.0,0.0,0,25,0.7728059663017925,0.5,1.0,185.0,118.0,25.0,0.1351351351351351,0.211864406779661,0.0899280575539568,2,482.0,3608992.0,0.4222321634564516,-0.169658347895439,0.638226853925912,0.7327080743749639,-0.3885141184680568,-1.241136657752856,False,True,False,False,True,False,False,False,True,True,False,False,False,False,False,False,True,False,False,True,True,Major,,True,True,"diff,java"
Gson,14,Gson-14,0.5,0.0,1.0,1.0,0.0,2.0,0.0,1.0,1.0,0.0,0.0,0.0,1.0,1.0,0.0,1.0,0.0,1.0,1.0,0.0,0.3496569337170437,-0.1531279935599871,0.876615426850737,0.0684640787448103,1.8463416241570776,1.3579868120943124,-0.989048839743788,-0.2020454871191189,-0.2073567129463963,0.6929103112404362,-0.4635308650875505,-0.2192296649910203,-0.3124943305803233,-0.0777818550633016,-0.673136533919824,-29.92,9.69,47.15,19.5,34.5,12.2,0.9375,0.7857142857142857,5,5,4,4,5,3,1,5,4,0.9370425713316364,0.9370425713316364,0.0780868809443029,0.0780868809443029,0.9370425713316364,-0.7808688094430304,0.0780868809443029,0.9370425713316364,-0.7808688094430304,-2.498780190217697,0.0780868809443029,0.8,0.9,0.1154700538379251,0,20,0.818304905851396,0.6,1.0,206.0,68.0,19.0,0.0922330097087378,0.2794117647058823,0.0745098039215686,0,194.0,1245680.0,-0.7977119766339881,-0.70287777031615,-0.6450552541976357,-0.4874784616749857,-0.7822779284665242,-1.5927691871754144,True,True,False,False,True,False,False,False,True,True,False,True,False,False,False,False,False,False,True,False,True,,,False,False,
Time,6,Time-6,0.0,1.0,0.032258064516129,0.5,0.0192307692307692,0.0,1.0,31.0,2.0,52.0,0.0,1.0,0.0,0.0,0.0,0.0,1.0,0.0,1.0,0.0,-0.286810415946493,-0.1531279935599871,-0.1983775213738827,-0.204246121390232,0.4038501769199036,-0.4821544928124318,-1.5873449837109543,-0.2020454871191189,-0.2073567129463963,0.6929103112404362,-0.4635308650875505,-0.2192296649910203,-0.3124943305803233,-0.4995211341402941,0.2959479588785432,4.47,14.61,54.79,16.6,25.5,16.3,0.875,0.6981132075471698,5,5,4,4,2,3,1,5,3,1.079127485069423,1.079127485069423,0.4543694673976517,0.4543694673976517,-0.7951465679458909,-0.1703885502741196,0.4543694673976517,1.079127485069423,-2.0446626032894337,-1.4199045856176622,-0.1703885502741196,0.3,0.75,0.2516611478423583,0,8,0.892996904269016,0.9,1.0,322.0,65.0,22.0,0.0683229813664596,0.3384615384615385,0.0602739726027397,0,316.0,5591640.0,-0.7977119766339881,-0.70287777031615,-0.6450552541976357,-0.53604309992573,0.5018463297411254,-0.4631481395810264,True,False,False,False,True,True,False,False,False,True,False,False,False,False,False,True,False,False,True,False,True,,,False,False,
JacksonDatabind,108,JacksonDatabind-108,0.125,0.5,0.5,0.5,0.0,8.0,2.0,2.0,2.0,0.0,0.0,1.0,0.0,0.0,0.0,0.0,1.0,1.0,1.0,0.0,0.3773611253404278,0.4514198769959905,1.144362385685016,-0.7663718671338656,-1.546710917989482,-0.5194755461267657,0.4146459595637947,-0.2020454871191189,-0.2073567129463963,-0.5251530779927517,-0.4635308650875505,-0.2192296649910203,1.2657280446287693,1.6091752612446684,0.2959479588785432,50.33,10.07,42.36,9.3,13.4,11.7,0.8541666666666666,0.540983606557377,4,5,4,4,5,3,1,5,4,0.163299316185545,1.0614455552060438,0.163299316185545,0.163299316185545,1.0614455552060438,-0.7348469228349536,0.163299316185545,1.0614455552060438,-0.7348469228349536,-2.531139400875951,0.163299316185545,0.8,0.9,0.1154700538379251,0,20,0.8983290536316578,0.9,1.0,528.0,116.0,57.0,0.1079545454545454,0.4913793103448275,0.0971039182282793,0,927.0,6438523.0,-0.7977119766339881,-0.70287777031615,-0.6450552541976357,-0.4996196212376718,0.0044199531785117,-0.7511510480681962,True,False,False,False,True,True,False,False,False,True,False,False,True,False,False,False,False,False,True,False,True,,,False,False,
Collections,26,Collections-26,1.0,0.3333333333333333,0.1666666666666666,1.0,1.0,1.0,3.0,6.0,1.0,1.0,1.0,0.0,0.0,1.0,1.0,1.0,1.0,0.0,1.0,1.0,1.535104712128167,0.1491459417180017,0.8248690420944911,0.1272373128984834,0.9303979192957068,1.1441944375178483,0.1845320580379615,-0.2020454871191189,-0.2073567129463963,1.910973700473624,-0.4635308650875505,-0.2192296649910203,-0.0494572680454745,-0.0777818550633016,1.2650324516769105,-0.34,10.43,55.17,16.4,26.5,14.4,0.9375,0.763157894736842,5,5,4,4,5,4,1,5,4,0.8864052604279183,0.8864052604279183,0.0,0.0,0.8864052604279183,0.0,0.0,0.8864052604279183,-0.8864052604279183,-2.6592157812837547,0.0,0.9,0.9,0.1154700538379251,0,20,0.8771234468816805,0.8,1.0,187.0,112.0,45.0,0.2406417112299465,0.4017857142857143,0.1771653543307086,0,517.0,4109764.0,2.5135649750400626,3.349589840081254,0.5682296480282638,0.8844725689085398,-0.3373360462557694,-1.0165640283673394,True,True,True,True,True,True,False,False,False,True,False,False,False,False,False,True,False,False,True,False,True,Major,KeyValue,False,False,
Csv,11,Csv-11,0.3333333333333333,0.3333333333333333,0.5,0.2,0.0909090909090909,3.0,3.0,2.0,5.0,11.0,0.0,0.0,0.0,0.0,0.0,1.0,1.0,1.0,1.0,0.0,-0.2146337061908341,-0.1531279935599871,-1.2819191068387676,-0.8634221539459646,0.0619124374841446,-0.0035556301816723,-0.5748438169972881,-0.2020454871191189,-0.2073567129463963,1.910973700473624,-0.4635308650875505,-0.2192296649910203,-0.1809757993128989,-0.7103907736787903,-0.673136533919824,40.38,13.41,56.0,13.2,21.5,12.6,0.9166666666666666,0.764705882352941,1,2,1,2,1,0,4,0,0,0.3638034375544994,1.697749375254331,0.3638034375544994,1.697749375254331,0.3638034375544994,-0.970142500145332,0.3638034375544994,-0.970142500145332,-0.970142500145332,-0.970142500145332,-0.970142500145332,0.0,0.2,0.1632993161855452,-1,1,0.9138447614809188,0.5,1.0,292.0,58.0,15.0,0.0513698630136986,0.2586206896551724,0.044776119402985,1,25.0,248584.0,1.2936208349496228,1.856575457303263,0.4429447939940677,0.3563321279316959,2.042386808163668,0.4687706745743226,True,False,False,False,True,False,False,False,True,True,False,False,False,True,False,False,False,False,True,False,False,Major,Parser,True,False,patch
JacksonXml,3,JacksonXml-3,1.0,1.0,1.0,1.0,0.0,1.0,1.0,1.0,1.0,0.0,1.0,1.0,1.0,1.0,0.0,1.0,1.0,1.0,1.0,0.0,-0.5558326977630393,-0.7576758641159647,-0.6347909977395958,-1.14859012109989,-0.9226620584791106,0.3180761246283742,-0.989048839743788,-0.2020454871191189,-0.2073567129463963,-0.5251530779927517,-0.4635308650875505,-0.2192296649910203,-0.3124943305803233,-0.4995211341402941,0.2959479588785432,16.79,14.74,54.67,13.9,23.5,14.6,0.9375,0.8705035971223022,3,3,2,3,4,2,3,4,3,0.3405026123034996,0.3405026123034996,-0.5958795715311239,0.3405026123034996,1.2768847961381231,-0.5958795715311239,-0.5958795715311239,1.2768847961381231,0.3405026123034996,-2.468643939200371,0.3405026123034996,0.7,0.65,0.1914854215512676,-1,8,0.6609065566243186,0.6,1.0,410.0,41.0,17.0,0.0414634146341463,0.4146341463414634,0.0391705069124423,0,98.0,469938.0,-0.7977119766339881,-0.70287777031615,-0.6450552541976357,-0.6028194775205034,0.0056145410184796,0.39914675550418,False,False,False,False,True,True,False,False,False,True,False,False,False,False,False,True,False,False,True,False,False,,,False,False,
Jsoup,80,Jsoup-80,0.1428571428571428,1.0,0.1428571428571428,1.0,0.3333333333333333,7.0,1.0,7.0,1.0,3.0,0.0,1.0,0.0,1.0,0.0,0.0,1.0,0.0,1.0,1.0,-0.2015106680534416,-0.7576758641159647,-0.2030508493405663,0.6177083901101722,-0.2730111944760022,0.5454267890177588,-0.5748438169972881,1.5392066180416364,1.867985730840738,0.6929103112404362,-0.4635308650875505,-0.2192296649910203,-0.1809757993128989,-0.7103907736787903,-0.673136533919824,-60.61,12.18,51.15,23.0,51.9,11.4,0.9583333333333334,0.9111111111111112,5,5,4,3,3,3,2,1,3,1.4291792020209926,1.4291792020209926,0.7741387344280377,0.1190982668350826,0.1190982668350826,0.1190982668350826,0.1190982668350826,-1.1909826683508271,-1.8460231359437824,-1.1909826683508271,0.1190982668350826,0.3,0.55,0.2516611478423583,1,12,0.8538709781748255,0.6,1.0,117.0,58.0,21.0,0.1794871794871795,0.3620689655172414,0.1363636363636363,0,112.0,1068434.0,-0.7977119766339881,-0.70287777031615,-0.6450552541976357,-0.4996196212376718,-1.0233003618495176,-0.981179087297337,True,True,False,False,True,False,False,False,True,True,False,True,False,False,False,False,False,False,True,False,True,,,False,False,
Jsoup,9,Jsoup-9,1.0,0.0,0.25,0.0833333333333333,0.125,1.0,0.0,4.0,12.0,8.0,1.0,0.0,0.0,0.0,0.0,1.0,0.0,1.0,0.0,0.0,-0.4800106996358826,-0.4554019288379759,-0.2026541774537296,-1.0764938507681134,-0.6011343465993985,0.8686356409398586,-0.5748438169972881,-0.2020454871191189,-0.2073567129463963,-0.5251530779927517,-0.4635308650875505,-0.2192296649910203,-0.3124943305803233,-0.7103907736787903,-0.673136533919824,33.51,12.78,56.22,11.7,22.1,13.5,0.8541666666666666,0.6744186046511627,5,5,2,2,5,3,3,3,3,1.4560880150912263,1.4560880150912263,-0.8320502943378436,-0.8320502943378436,1.4560880150912263,-0.0693375245281535,-0.8320502943378436,-0.0693375245281535,-0.0693375245281535,-1.5947630641475337,-0.0693375245281535,0.8,0.6,0.282842712474619,0,10,0.6814183426784663,0.4,1.0,1530.0,42.0,7.0,0.0045751633986928,0.1666666666666666,0.0044728434504792,0,55.0,416952.0,-0.7977119766339881,-0.70287777031615,-0.6450552541976357,-0.5906783179578173,0.1743168904183841,0.3003092083507288,False,False,False,False,True,False,False,False,True,True,False,False,False,False,False,True,False,False,True,False,True,,,False,False,
Jsoup,43,Jsoup-43,1.0,1.0,0.5,0.2,0.3333333333333333,1.0,1.0,2.0,5.0,3.0,1.0,1.0,0.0,0.0,0.0,1.0,1.0,1.0,1.0,1.0,-0.3210761266385734,0.1491459417180017,0.04230702515273,0.8152129025057255,1.1096681845252594,1.2607554355269557,-0.5748438169972881,-0.2020454871191189,0.0891207790231942,-0.5251530779927517,2.134108546644695,-0.2192296649910203,-0.3124943305803233,0.5548270635521871,-0.673136533919824,-1.36,12.84,52.65,16.8,24.1,14.7,0.75,0.4866310160427807,4,5,3,3,1,2,2,4,3,0.9525009525014289,1.6510016510024768,0.2540002540003811,0.2540002540003811,-1.1430011430017144,-0.4445004445006666,0.2540002540003811,0.9525009525014289,-1.8415018415027624,-1.1430011430017144,0.2540002540003811,0.2,0.55,0.2516611478423583,0,3,0.784642152546714,0.9,1.0,360.0,51.0,16.0,0.0444444444444444,0.3137254901960784,0.040506329113924,0,82.0,784770.0,-0.7977119766339881,-0.70287777031615,-0.6450552541976357,-0.5239019403630439,-0.3233187342103155,-0.3483748030873472,True,False,False,False,True,False,False,False,True,True,False,False,False,False,False,True,False,False,True,False,True,,,False,False,
Jsoup,57,Jsoup-57,0.3333333333333333,1.0,1.0,1.0,1.0,3.0,1.0,1.0,1.0,1.0,0.0,1.0,1.0,1.0,1.0,1.0,1.0,1.0,1.0,1.0,-0.2605643396717079,-0.1531279935599871,0.0577943369551411,-0.4363543705749592,-1.237791208928377,1.3869243251899814,0.4146459595637947,-0.2020454871191189,-0.2073567129463963,0.6929103112404362,1.2682287427339467,-0.2192296649910203,-0.3124943305803233,-0.2886514946017978,-0.673136533919824,-7.89,13.3,56.4,17.2,31.5,13.6,0.875,0.6842105263157895,5,5,3,2,5,3,3,4,3,1.34350288425444,1.34350288425444,-0.2121320343559644,-0.9899494936611666,1.34350288425444,-0.2121320343559644,-0.9899494936611666,0.5656854249492378,-0.2121320343559644,-1.7677669529663689,-0.2121320343559644,0.8,0.7,0.2581988897471611,1,15,0.7505615203642622,0.6,1.0,134.0,63.0,19.0,0.1417910447761194,0.3015873015873015,0.1067415730337078,0,87.0,866579.0,-0.7977119766339881,-0.70287777031615,-0.6450552541976357,-0.5481842594884161,-0.3924818566508072,0.1813779240338155,True,True,False,False,True,False,False,False,True,True,False,False,False,False,False,False,False,True,True,False,True,,,False,False,
Closure,97,Closure-97,0.5,1.0,1.0,0.0625,0.0294117647058823,2.0,1.0,1.0,16.0,34.0,0.0,1.0,1.0,0.0,0.0,1.0,1.0,1.0,0.0,0.0,-1.0231586669890729,-0.7576758641159647,-0.7375485118389744,-0.082633491857416,0.4038501769199036,0.1964276548515664,1.5882268573455445,-0.2020454871191189,-0.2073567129463963,-0.5251530779927517,-0.4635308650875505,-0.2192296649910203,-0.1809757993128989,-0.7103907736787903,0.2959479588785432,-4.84,8.93,47.89,16.0,43.1,11.2,0.8958333333333334,0.7916666666666667,2,4,5,5,1,1,1,3,1,-0.2635231383473649,0.8959786703810408,1.4757295747452437,1.4757295747452437,-0.8432740427115679,-0.8432740427115679,0.8959786703810408,0.3162277660168379,-1.4230249470757708,-0.8432740427115679,-0.8432740427115679,0.1,0.7000000000000001,0.3829708431025352,0,5,0.9857336369007328,0.8,1.0,338.0,54.0,15.0,0.044378698224852,0.2777777777777778,0.039787798408488,0,516.0,6354716.0,-0.7977119766339881,-0.70287777031615,-0.6450552541976357,-0.6028194775205034,-0.9942554810346128,1.4462904983191245,False,False,False,False,True,True,False,False,False,True,False,False,False,False,True,False,False,False,True,False,True,High,,False,False,
Compress,22,Compress-22,1.0,1.0,1.0,0.1111111111111111,0.0833333333333333,1.0,1.0,1.0,9.0,12.0,1.0,1.0,1.0,0.0,0.0,1.0,1.0,1.0,0.0,0.0,0.0303296723738259,-0.7576758641159647,0.141947263190559,-0.2023553447044223,1.6591705192506263,-0.0632692584820406,-1.1731399609644546,-0.2020454871191189,-0.2073567129463963,-0.5251530779927517,-0.4635308650875505,-0.2192296649910203,0.2135797944893742,-0.2886514946017978,-0.673136533919824,31.78,11.31,54.73,12.3,19.9,11.9,0.8541666666666666,0.7093425605536331,4,5,3,3,1,3,3,3,2,1.095445115010332,1.7648837964055353,0.4260064336151291,0.4260064336151291,-0.912870929175277,0.4260064336151291,-0.2434322477800739,0.4260064336151291,-1.58230961057048,-1.58230961057048,-0.2434322477800739,0.3,0.5,0.1999999999999999,0,3,0.974134155823448,0.4,1.0,292.0,75.0,19.0,0.0650684931506849,0.2533333333333333,0.0545977011494252,2,215.0,1734819.0,1.6421763035468917,2.283150995239831,0.7003211494802771,0.3502615481503528,0.2895282509841724,0.1336210207189624,False,False,False,False,True,False,False,False,True,True,False,False,False,False,False,True,False,False,True,False,False,Minor,Compressors,True,True,"java,patch"
Compress,36,Compress-36,0.25,1.0,1.0,1.0,0.2,4.0,1.0,1.0,1.0,5.0,0.0,1.0,1.0,1.0,0.0,1.0,1.0,1.0,1.0,1.0,-0.057157248542124,0.1491459417180017,0.5462730872619547,-0.434891136529639,-0.7627101412056181,-0.9379254676950072,-1.1731399609644546,-0.2020454871191189,-0.2073567129463963,0.6929103112404362,2.134108546644695,-0.2192296649910203,0.0820612632219498,0.1330877844751946,0.2959479588785432,43.39,8.7,51.65,9.9,16.0,10.6,0.9166666666666666,0.7473684210526315,5,5,3,3,5,3,2,5,3,1.179535649239177,1.179535649239177,-0.4423258684646913,-0.4423258684646913,1.179535649239177,-0.4423258684646913,-0.4423258684646913,1.179535649239177,-0.4423258684646913,-2.06418738616856,-0.4423258684646913,0.8,0.8,0.2309401076758503,0,15,0.8282683820798041,0.9,1.0,361.0,72.0,28.0,0.077562326869806,0.3888888888888889,0.0691358024691358,0,264.0,2080415.0,0.9450653663523544,0.1502733055569876,0.2817596016693708,0.3502615481503528,-0.0525789523285256,0.2772464342986235,True,False,False,False,True,True,False,False,False,True,False,True,False,False,False,False,False,False,True,False,True,Minor,,False,False,
Closure,83,Closure-83,1.0,0.0,1.0,0.5,0.125,1.0,0.0,1.0,2.0,8.0,1.0,0.0,1.0,0.0,0.0,1.0,0.0,1.0,1.0,0.0,-1.0231586669890729,-0.1531279935599871,0.4925292188468684,-0.0963126934055066,-0.6011343465993985,0.2973480832450336,1.5882268573455445,-0.2020454871191189,-0.2073567129463963,-0.5251530779927517,1.2682287427339467,-0.2192296649910203,-0.1809757993128989,1.398305621706172,0.2959479588785432,-3.42,7.22,53.19,15.5,36.5,11.1,0.8541666666666666,0.704225352112676,5,5,5,5,1,3,0,4,2,0.9271050693011064,0.9271050693011064,0.9271050693011064,0.9271050693011064,-1.2198750911856666,-0.14638501094228,0.9271050693011064,0.3903600291794131,-1.7566201313073595,-1.2198750911856666,-0.6831300510639733,0.3,0.75,0.3785938897200182,0,5,0.8222088170623868,0.9,1.0,406.0,76.0,27.0,0.0665024630541872,0.3552631578947368,0.0593406593406593,0,552.0,7248783.0,-0.7977119766339881,-0.70287777031615,-0.6450552541976357,-0.6028194775205034,-0.9942554810346128,1.4462904983191245,True,False,False,False,True,True,False,False,False,True,False,False,False,False,True,False,False,False,True,False,True,Medium,,False,False,
Codec,7,Codec-7,1.0,1.0,1.0,1.0,1.0,1.0,1.0,1.0,1.0,1.0,1.0,1.0,1.0,1.0,1.0,1.0,1.0,1.0,1.0,1.0,0.4531831234675846,-0.7576758641159647,0.2604039524621991,-0.1970635131773784,0.5775185551070113,0.4635220649368462,-1.1731399609644546,-0.2020454871191189,-0.2073567129463963,-0.5251530779927517,-0.4635308650875505,-0.2192296649910203,0.0820612632219498,-0.7103907736787903,1.2650324516769105,-11.58,7.89,56.39,16.6,42.3,11.1,0.9583333333333334,0.8823529411764707,5,5,4,4,5,3,1,4,3,1.12089707663561,1.12089707663561,0.2401922307076309,0.2401922307076309,1.12089707663561,-0.6405126152203484,0.2401922307076309,0.2401922307076309,-0.6405126152203484,-2.401922307076307,-0.6405126152203484,0.8,0.8500000000000001,0.0999999999999999,0,20,0.6869045098747375,0.9,1.0,463.0,73.0,18.0,0.038876889848812,0.2465753424657534,0.0347490347490347,4,58.0,786839.0,0.4222321634564516,-0.169658347895439,2.4348218052988786,0.4109673459637831,-0.2782991689472133,-0.6445157913572566,False,True,False,False,True,True,False,False,False,True,False,False,False,False,False,True,False,False,True,False,True,Major,,True,True,patch
Closure,54,Closure-54,0.2,1.0,0.0151515151515151,0.0909090909090909,0.0625,5.0,1.0,66.0,11.0,16.0,0.0,1.0,0.0,0.0,0.0,1.0,1.0,0.0,0.0,0.0,-1.0231586669890729,1.6605156181079457,0.8584198447035937,-0.2445796865936292,0.7530246939098532,0.0255018283873322,1.5882268573455445,-0.2020454871191189,-0.2073567129463963,-0.5251530779927517,-0.4635308650875505,3.1090752489635607,-0.1809757993128989,-0.0777818550633016,-0.673136533919824,-13.4,7.15,44.55,17.3,38.9,11.4,0.7916666666666666,0.575221238938053,5,5,3,2,4,3,4,2,3,1.5947630641475337,1.5947630641475337,0.0693375245281535,-0.6933752452815364,0.8320502943378436,0.0693375245281535,-1.4560880150912263,-0.6933752452815364,0.0693375245281535,-1.4560880150912263,0.0693375245281535,0.8,0.55,0.1914854215512676,1,12,0.8619224460383164,0.9,2.0,737.0,139.0,59.0,0.0800542740841248,0.4244604316546763,0.0722154222766217,0,933.0,12173581.0,-0.7977119766339881,-0.70287777031615,-0.6450552541976357,-0.6028194775205034,-0.9942554810346128,1.4462904983191245,True,False,False,False,True,False,False,False,True,True,False,False,False,False,True,False,False,False,True,False,True,Medium,,False,False,
Closure,107,Closure-107,0.1,0.0,0.5,0.5,0.1666666666666666,10.0,0.0,2.0,2.0,6.0,0.0,0.0,0.0,0.0,0.0,0.0,0.0,1.0,1.0,0.0,-1.0231586669890729,0.1491459417180017,0.7740767387671653,-0.2612129338141445,-1.081014456579866,-0.4087423066211125,1.5882268573455445,-0.2020454871191189,-0.2073567129463963,-0.5251530779927517,0.4023489388231981,-0.2192296649910203,-0.3124943305803233,-0.2886514946017978,-0.673136533919824,8.53,10.47,43.15,15.1,32.9,12.3,0.7708333333333334,0.5302491103202848,5,5,4,4,1,3,1,3,3,1.2535663410560176,1.2535663410560176,0.6267831705280088,0.6267831705280088,-1.2535663410560176,0.0,0.6267831705280088,0.0,-1.8803495115840263,-1.2535663410560176,0.0,0.3,0.6,0.282842712474619,0,4,0.7662146195376635,0.9,1.0,569.0,119.0,37.0,0.0650263620386643,0.3109243697478991,0.0568356374807987,0,1077.0,13307608.0,-0.7977119766339881,-0.70287777031615,-0.6450552541976357,-0.6028194775205034,-0.9942554810346128,1.4462904983191245,True,False,False,False,True,False,False,False,True,True,False,False,False,False,True,False,False,False,True,False,True,Medium,,False,False,
Closure,113,Closure-113,1.0,1.0,1.0,0.5,0.5,1.0,1.0,1.0,2.0,2.0,1.0,1.0,1.0,0.0,0.0,1.0,1.0,1.0,1.0,1.0,-1.0231586669890729,0.7536938122739794,0.3859440398655314,0.0198451625484088,-1.39301571620413,-0.0017021412765841,1.5882268573455445,-0.2020454871191189,-0.2073567129463963,-0.5251530779927517,0.4023489388231981,-0.2192296649910203,-0.3124943305803233,0.1330877844751946,1.2650324516769105,2.71,8.26,40.17,15.2,36.3,11.0,0.8333333333333334,0.6546762589928059,4,5,2,3,4,2,2,4,3,0.7817359599705715,1.563471919941143,-0.7817359599705715,0.0,0.7817359599705715,-0.7817359599705715,0.0,0.7817359599705715,0.0,-2.345207879911715,0.0,0.7,0.65,0.1914854215512676,-1,8,0.9953263087172346,0.9,1.0,424.0,79.0,36.0,0.0849056603773584,0.4556962025316455,0.0770877944325481,0,958.0,12799824.0,-0.7977119766339881,-0.70287777031615,-0.6450552541976357,-0.6028194775205034,-0.9942554810346128,1.4462904983191245,True,False,True,False,True,True,False,False,False,True,False,False,False,False,True,False,False,False,True,False,False,Medium,,False,False,
Closure,40,Closure-40,0.2,0.0,0.03125,0.2,0.125,5.0,0.0,32.0,5.0,8.0,0.0,0.0,0.0,0.0,0.0,1.0,0.0,0.0,1.0,0.0,-1.0231586669890729,-0.4554019288379759,0.6359714626034202,-0.2782657928673158,-1.081014456579866,-1.2912537287567254,1.5882268573455445,-0.2020454871191189,-0.2073567129463963,-0.5251530779927517,-0.4635308650875505,-0.2192296649910203,-0.3124943305803233,0.1330877844751946,-0.673136533919824,-20.44,9.06,47.68,17.9,41.8,11.4,0.75,0.3885350318471337,5,5,4,4,5,3,1,5,3,0.99124070716193,0.99124070716193,0.1524985703326045,0.1524985703326045,0.99124070716193,-0.6862435664967211,0.1524985703326045,0.99124070716193,-0.6862435664967211,-2.3637278401553723,-0.6862435664967211,0.8,0.9,0.1154700538379251,0,20,0.7588928940000157,0.9,1.0,618.0,76.0,32.0,0.0517799352750809,0.4210526315789473,0.0483383685800604,0,958.0,12365286.0,-0.7977119766339881,-0.70287777031615,-0.6450552541976357,-0.6028194775205034,-0.9942554810346128,1.4462904983191245,True,False,False,False,True,False,False,False,True,True,False,False,False,False,True,False,False,False,True,False,True,Medium,,False,False,
Math,33,Math-33,0.0,1.0,0.0144927536231884,0.0714285714285714,0.0294117647058823,0.0,1.0,69.0,14.0,34.0,0.0,1.0,0.0,0.0,0.0,0.0,1.0,0.0,0.0,0.0,-0.0520538448220269,-0.7576758641159647,0.0846409072381251,0.1163890492557625,0.0619124374841446,0.2278567323533716,-0.5748438169972881,-0.2020454871191189,-0.2073567129463963,-0.5251530779927517,-0.4635308650875505,-0.2192296649910203,0.3450983257567985,-0.2886514946017978,-0.673136533919824,28.8,8.9,55.09,11.4,21.0,10.2,0.9166666666666666,0.8128654970760233,2,2,1,0,1,3,4,1,1,1.0101525445522108,1.0101525445522108,-0.1010152544552209,-1.212183053462653,-0.1010152544552209,2.121320343559643,-0.1010152544552209,-0.1010152544552209,-1.212183053462653,-1.212183053462653,-0.1010152544552209,0.3,0.15,0.1,1,1,0.8905565650565427,0.4,1.0,245.0,67.0,12.0,0.0489795918367346,0.1791044776119403,0.04,2,982.0,8459079.0,0.2479544291578174,0.5768488434935564,1.243548603040793,0.5080966224652717,-0.4683979138807642,0.0044694860271735,False,False,False,False,True,False,False,False,True,True,False,False,False,False,False,True,False,False,True,False,False,Major,,False,False,java
Closure,68,Closure-68,0.0,1.0,0.1428571428571428,1.0,0.1666666666666666,0.0,1.0,7.0,1.0,6.0,0.0,1.0,0.0,1.0,0.0,0.0,1.0,0.0,1.0,0.0,-1.0231586669890729,1.3582416828299568,0.6401749114343424,0.1548359834228992,-1.081014456579866,-0.8723329038672939,1.5882268573455445,-0.2020454871191189,0.3855982709927849,-0.5251530779927517,0.4023489388231981,-0.2192296649910203,-0.3124943305803233,-0.0777818550633016,0.2959479588785432,34.32,7.84,47.82,11.4,23.6,11.3,0.75,0.4754098360655737,4,4,5,5,1,3,2,2,2,0.7951465679458909,0.7951465679458909,1.4199045856176622,1.4199045856176622,-1.079127485069423,0.1703885502741196,0.1703885502741196,-0.4543694673976517,-1.7038855027411943,-1.079127485069423,-0.4543694673976517,0.3,0.65,0.412310562561766,0,5,0.5937718053501033,0.9,1.0,530.0,182.0,70.0,0.1320754716981132,0.3846153846153846,0.1090342679127725,0,607.0,8000184.0,-0.7977119766339881,-0.70287777031615,-0.6450552541976357,-0.6028194775205034,-0.9942554810346128,1.4462904983191245,True,False,False,False,True,True,False,False,False,True,False,False,False,False,True,False,False,False,True,False,True,Medium,,False,False,
Lang,53,Lang-53,0.25,1.0,1.0,0.5,1.0,4.0,1.0,1.0,2.0,1.0,0.0,1.0,1.0,0.0,1.0,1.0,1.0,1.0,1.0,1.0,0.2672734165211907,1.0559677475519682,-0.291299004995452,0.7136727871087669,-0.7627101412056181,-0.0431228406334725,-1.5873449837109543,-0.2020454871191189,-0.2073567129463963,-0.5251530779927517,-0.4635308650875505,-0.2192296649910203,0.4766168570242229,-0.0777818550633016,0.2959479588785432,42.98,9.06,50.0,10.1,18.1,10.8,0.875,0.7114228456913828,5,5,5,5,1,5,1,5,3,0.7752025329784148,0.7752025329784148,0.7752025329784148,0.7752025329784148,-1.3566044327122255,0.7752025329784148,0.2422507915557546,0.7752025329784148,-1.889556174134886,-1.3566044327122255,-0.2907009498669055,0.5,0.8,0.4,0,5,0.5979046366226344,0.5,1.0,335.0,78.0,21.0,0.0626865671641791,0.2692307692307692,0.0535714285714285,2,222.0,3444554.0,0.9450653663523544,0.1502733055569876,0.6219827766078924,0.5505906809346729,-0.1119225147140094,-0.5857275171676425,False,True,False,False,True,True,False,False,False,True,False,False,False,False,False,True,False,False,True,False,True,Major,lang.time.*,True,False,patch
Lang,47,Lang-47,0.5,1.0,1.0,1.0,1.0,2.0,1.0,1.0,1.0,1.0,0.0,1.0,1.0,1.0,1.0,1.0,1.0,1.0,1.0,1.0,-0.1424569964351753,-0.4554019288379759,0.197160448835422,-0.5423364593413262,0.5775185551070113,-0.245410782938936,-0.5748438169972881,-0.2020454871191189,-0.2073567129463963,-0.5251530779927517,-0.4635308650875505,-0.2192296649910203,0.0820612632219498,-0.7103907736787903,-0.673136533919824,40.75,12.6,56.31,11.0,18.6,12.3,0.875,0.7534246575342466,4,5,3,2,1,2,3,3,2,1.2751965049066458,2.0134681656420725,0.5369248441712192,-0.2013468165642074,-0.939618477299634,-0.2013468165642074,-0.2013468165642074,0.5369248441712192,-1.6778901380350608,-0.939618477299634,-0.2013468165642074,0.2,0.4499999999999999,0.1914854215512676,1,3,0.919297241923057,0.9,1.0,450.0,68.0,20.0,0.0444444444444444,0.2941176470588235,0.0401606425702811,1,240.0,3692089.0,0.5965098977550859,1.0034243814301251,0.7647476251493602,0.5020260426839287,0.8890975763775611,0.4253253490745541,True,False,False,False,True,False,False,False,True,True,False,False,False,True,False,False,False,False,True,False,True,Major,,True,False,patch
Math,27,Math-27,1.0,0.5,1.0,1.0,0.3333333333333333,1.0,2.0,1.0,1.0,3.0,1.0,1.0,1.0,1.0,0.0,1.0,1.0,1.0,1.0,1.0,0.0777184212032989,-0.1531279935599871,1.0140025558171506,-0.6770053615160206,1.1096681845252594,0.3068786830373415,-0.3447299154714549,-0.2020454871191189,-0.2073567129463963,-0.5251530779927517,2.999988350555444,-0.2192296649910203,-0.0494572680454745,-0.2886514946017978,0.2959479588785432,45.86,11.23,48.07,11.1,15.7,11.2,0.9166666666666666,0.8124999999999999,4,5,2,3,5,2,2,4,3,0.6862435664967211,1.5249857033260468,-0.99124070716193,-0.1524985703326045,1.5249857033260468,-0.99124070716193,-0.1524985703326045,0.6862435664967211,-0.1524985703326045,-1.829982843991256,-0.1524985703326045,0.7,0.7,0.2581988897471611,-1,10,0.7203143838523276,0.6,1.0,263.0,76.0,22.0,0.0836501901140684,0.2894736842105263,0.0694006309148265,1,1017.0,8744346.0,0.2479544291578174,0.5768488434935564,1.0232114863629762,0.3441909683690098,1.2770541986909305,-0.379071435178744,False,False,False,False,True,True,False,False,False,True,False,False,False,False,False,True,False,False,True,False,True,Minor,,True,False,patch
JacksonDatabind,17,JacksonDatabind-17,1.0,0.0,0.25,1.0,0.3333333333333333,1.0,0.0,4.0,1.0,3.0,1.0,0.0,0.0,1.0,0.0,1.0,0.0,1.0,1.0,1.0,1.8085013399905108,0.4514198769959905,0.685989320767528,0.5650768456411779,0.5775185551070113,-1.179746280856785,0.4146459595637947,2.1196239864285547,3.0538956987191,3.1290370897068125,-0.4635308650875505,-0.2192296649910203,-0.1809757993128989,1.8200449007831645,0.2959479588785432,-54.79,10.39,42.38,22.8,40.2,11.3,0.7708333333333334,0.3623188405797102,5,5,5,5,1,4,1,4,4,0.8697956671643065,0.8697956671643065,0.8697956671643065,0.8697956671643065,-1.3814401772609572,0.3069867060579905,0.3069867060579905,0.3069867060579905,-1.9442491383672733,-1.3814401772609572,0.3069867060579905,0.4,0.75,0.3785938897200182,0,5,0.6945233242905087,0.8,1.0,817.0,113.0,76.0,0.0930232558139534,0.672566371681416,0.0889929742388758,0,656.0,4347807.0,-0.7977119766339881,-0.70287777031615,-0.6450552541976357,-0.2203729512958922,-0.9641842021758732,-1.5734655769112955,True,True,False,False,True,True,False,False,False,True,False,False,False,False,False,True,False,False,True,False,True,,,False,False,
Collections,5,Collections-5,0.0,0.0,0.0,0.0,0.0,0.0,0.0,0.0,0.0,0.0,0.0,0.0,0.0,0.0,0.0,0.0,0.0,0.0,0.0,0.0,-0.1300630159720824,-0.4554019288379759,-0.7969324218787599,-0.2063299411485392,1.474022885748566,-0.2635239531210532,-0.5748438169972881,-0.2020454871191189,-0.2073567129463963,-0.5251530779927517,-0.4635308650875505,-0.2192296649910203,0.2135797944893742,-0.9212604132172866,1.2650324516769105,31.17,12.09,51.24,12.6,19.3,12.5,0.875,0.7534246575342466,4,5,1,3,1,2,2,4,2,1.079127485069423,1.7038855027411943,-0.7951465679458909,0.4543694673976517,-0.7951465679458909,-0.1703885502741196,0.4543694673976517,1.079127485069423,-1.4199045856176622,-1.4199045856176622,-0.1703885502741196,0.2,0.45,0.3,-2,1,0.9433758934820142,0.6,1.0,193.0,62.0,14.0,0.0725388601036269,0.2258064516129032,0.0580912863070539,2,467.0,3708058.0,2.3392872407414287,1.0034243814301251,0.1431022610278502,0.3502615481503528,0.2500272130759022,0.1476944751571706,False,False,False,False,True,True,False,False,False,True,False,False,False,False,False,True,False,False,True,False,False,Minor,List,True,True,patch
JacksonCore,7,JacksonCore-7,0.0,0.0,0.1666666666666666,0.0588235294117647,0.1111111111111111,0.0,0.0,6.0,17.0,9.0,0.0,0.0,0.0,0.0,0.0,0.0,0.0,0.0,0.0,0.0,-0.4683457768470893,-0.1531279935599871,-0.8309858280596251,-0.6411381028424306,-0.1064125837329401,-0.1890528298839285,0.4146459595637947,-0.2020454871191189,-0.2073567129463963,-0.5251530779927517,-0.4635308650875505,-0.2192296649910203,-0.3124943305803233,-0.4995211341402941,2.2341169444752773,34.42,12.43,56.07,11.3,20.3,12.6,0.8333333333333334,0.4947368421052633,1,1,0,1,1,0,4,0,0,1.095445115010332,1.095445115010332,-0.9128709291752768,1.095445115010332,1.095445115010332,-0.9128709291752768,1.095445115010332,-0.9128709291752768,-0.9128709291752768,-0.9128709291752768,-0.9128709291752768,0.0,0.1,0.1154700538379251,-1,0,0.7919044819049468,0.5,1.0,112.0,58.0,11.0,0.0982142857142857,0.1896551724137931,0.0691823899371069,0,151.0,1364410.0,-0.7977119766339881,-0.70287777031615,-0.6450552541976357,-0.6028194775205034,-0.0920158651752565,0.3742770916123256,True,False,False,False,True,True,False,False,False,True,False,True,False,False,False,False,False,False,True,False,False,,,False,False,
JacksonCore,6,JacksonCore-6,1.0,0.5,1.0,1.0,1.0,1.0,2.0,1.0,1.0,1.0,1.0,0.0,1.0,1.0,1.0,1.0,1.0,1.0,1.0,1.0,-0.547813063345744,-0.7576758641159647,-0.812075480571758,-0.9392692457690056,0.2319908443389094,0.525115260989239,0.4146459595637947,-0.2020454871191189,-0.2073567129463963,-0.5251530779927517,-0.4635308650875505,-0.2192296649910203,-0.3124943305803233,-0.7103907736787903,1.2650324516769105,28.23,14.77,49.42,13.7,19.4,14.8,0.7916666666666666,0.5890410958904109,3,5,2,3,1,2,3,3,2,0.6593804733957871,2.1100175148665183,-0.0659380473395786,0.6593804733957871,-0.7912565680749444,-0.0659380473395786,-0.0659380473395786,0.6593804733957871,-1.51657508881031,-1.51657508881031,-0.0659380473395786,0.2,0.4499999999999999,0.1914854215512676,-1,2,0.9944032160068368,0.6,1.0,184.0,42.0,13.0,0.0706521739130434,0.3095238095238095,0.0610328638497652,0,148.0,1322939.0,-0.7977119766339881,-0.70287777031615,-0.6450552541976357,-0.6028194775205034,0.508194710833526,-0.0518648837245387,False,False,False,False,True,True,False,False,False,True,False,False,False,False,False,True,False,False,True,False,False,,,False,False,
Collections,4,Collections-4,0.0,0.0,0.0,0.0,0.0,0.0,0.0,0.0,0.0,0.0,0.0,0.0,0.0,0.0,0.0,0.0,0.0,0.0,0.0,0.0,-0.0542410178449257,0.7536938122739794,0.4454949539419262,-0.4882953039027058,0.5775185551070113,1.6383348360262282,0.1845320580379615,-0.2020454871191189,-0.2073567129463963,-0.5251530779927517,1.2682287427339467,-0.2192296649910203,0.2135797944893742,0.3439574240136908,1.2650324516769105,56.86,9.76,47.99,8.9,13.0,11.0,0.625,0.2906403940886699,4,4,1,3,1,2,3,3,2,1.4832396974191326,1.4832396974191326,-0.7416198487095663,0.7416198487095663,-0.7416198487095663,0.0,0.0,0.7416198487095663,-1.4832396974191326,-1.4832396974191326,0.0,0.2,0.4,0.2309401076758502,-2,1,0.7507810565027424,0.6,1.0,207.0,58.0,16.0,0.0772946859903381,0.2758620689655172,0.0642570281124498,0,467.0,3620851.0,1.2936208349496228,1.856575457303263,0.4671225728427722,0.380614447057068,0.252496027945169,-0.3795230897459835,False,False,False,False,True,True,False,False,False,True,False,False,False,False,False,True,False,False,True,False,False,Minor,Map,False,False,
JacksonDatabind,16,JacksonDatabind-16,0.0,0.0,0.0047169811320754,0.0034364261168384,0.0033003300330033,0.0,0.0,212.0,291.0,303.0,0.0,0.0,0.0,0.0,0.0,0.0,0.0,0.0,0.0,0.0,0.3255980304651574,0.1491459417180017,1.089051921929489,-1.0278486187093543,0.7530246939098532,-0.0841122890752099,0.4146459595637947,-0.2020454871191189,-0.2073567129463963,0.6929103112404362,-0.4635308650875505,-0.2192296649910203,-0.0494572680454745,0.5548270635521871,0.2959479588785432,17.6,11.81,47.89,13.6,21.0,12.3,0.8541666666666666,0.6989247311827956,5,5,5,4,1,4,1,2,3,1.1037354955780372,1.1037354955780372,1.1037354955780372,0.5255883312276368,-1.2088531618235645,0.5255883312276368,0.5255883312276368,-0.630705997473164,-1.7870003261739649,-1.2088531618235645,-0.0525588331227636,0.4,0.6,0.3651483716701107,1,5,0.7736668160764056,0.8,1.0,60.0,93.0,10.0,0.1666666666666666,0.1075268817204301,0.0699300699300699,0,686.0,4702483.0,-0.7977119766339881,-0.70287777031615,-0.6450552541976357,-0.3782080256108111,-0.1232575951572521,-0.5082599000094452,True,True,False,False,True,True,False,False,False,True,False,False,False,False,False,True,False,False,True,False,True,,,False,False,
Lang,46,Lang-46,1.0,1.0,1.0,1.0,1.0,1.0,1.0,1.0,1.0,1.0,1.0,1.0,1.0,1.0,1.0,1.0,1.0,1.0,1.0,1.0,0.8388546331720644,-0.4554019288379759,0.9355072767540676,-0.0536739668069886,0.7530246939098532,0.9788890088663104,0.1845320580379615,-0.2020454871191189,-0.2073567129463963,-0.5251530779927517,-0.4635308650875505,-0.2192296649910203,0.3450983257567985,-0.0777818550633016,2.2341169444752773,42.58,9.9,50.61,10.3,18.6,12.0,0.9583333333333334,0.8947368421052633,5,5,5,4,4,3,1,4,3,1.059625885652035,1.059625885652035,1.059625885652035,0.331133089266261,0.331133089266261,-0.3973597071195131,0.331133089266261,0.331133089266261,-1.8543452998910612,-1.8543452998910612,-0.3973597071195131,0.4666666666666667,0.8500000000000001,0.0999999999999999,1,20,0.8689108303159605,0.9,1.0,312.0,107.0,31.0,0.0993589743589743,0.2897196261682243,0.0798969072164948,1,228.0,3640097.0,0.4222321634564516,-0.169658347895439,0.5906978869583731,0.738778654156307,-0.0363553117590575,-0.6208044341302703,False,True,False,True,True,True,False,False,False,True,False,False,False,False,False,True,False,False,True,False,True,Blocker,lang.*,False,True,java
Math,26,Math-26,1.0,1.0,0.5,0.5,0.25,1.0,1.0,2.0,2.0,4.0,1.0,1.0,0.0,0.0,0.0,1.0,1.0,1.0,1.0,1.0,1.382731658199554,0.4514198769959905,0.8827155004404864,-0.2334632174496225,1.8463416241570776,-0.1318746608217994,-0.3447299154714549,-0.2020454871191189,-0.2073567129463963,0.6929103112404362,-0.4635308650875505,-0.2192296649910203,0.3450983257567985,1.6091752612446684,0.2959479588785432,32.43,14.03,56.48,14.2,19.0,14.5,0.75,0.3999999999999999,5,5,3,4,2,4,1,5,4,1.0157987663695809,1.0157987663695809,-0.2257330591932402,0.3950328535881702,-0.8464989719746506,0.3950328535881702,0.3950328535881702,1.0157987663695809,-2.0880307975374715,-1.467264884756061,0.3950328535881702,0.4,0.7,0.2581988897471611,-1,6,0.7836801918382265,0.8,1.0,263.0,176.0,57.0,0.2167300380228136,0.3238636363636363,0.1492146596858638,2,1017.0,8744808.0,0.5965098977550859,1.0034243814301251,0.7261228887288945,0.4291790853078123,0.9259338617285278,-0.685655288966522,True,True,False,False,True,True,False,False,False,True,False,False,False,False,False,True,False,False,True,False,True,Minor,,False,True,java
Closure,69,Closure-69,0.0,0.0,0.0303030303030303,0.05,0.0769230769230769,0.0,0.0,33.0,20.0,13.0,0.0,0.0,0.0,0.0,0.0,0.0,0.0,0.0,0.0,0.0,-1.0231586669890729,1.0559677475519682,0.977634467720896,-0.0892544546791365,-0.7627101412056181,-0.9403202024702662,1.5882268573455445,-0.2020454871191189,-0.2073567129463963,-0.5251530779927517,-0.4635308650875505,-0.2192296649910203,-0.3124943305803233,0.7656967030906834,1.2650324516769105,35.74,7.63,44.29,10.8,23.0,10.4,0.8541666666666666,0.6216216216216215,4,5,3,4,5,4,1,5,3,0.2401922307076309,1.12089707663561,-0.6405126152203484,0.2401922307076309,1.12089707663561,0.2401922307076309,0.2401922307076309,1.12089707663561,-0.6405126152203484,-2.401922307076307,-0.6405126152203484,0.9,0.85,0.1914854215512676,-1,15,0.9891784451527263,0.7,1.0,628.0,93.0,36.0,0.0573248407643312,0.3870967741935484,0.0525547445255474,0,606.0,7995446.0,-0.7977119766339881,-0.70287777031615,-0.6450552541976357,-0.6028194775205034,-0.9942554810346128,1.4462904983191245,True,False,False,False,True,True,False,False,False,True,False,False,False,False,True,False,False,False,True,False,True,Medium,,False,False,
Math,32,Math-32,0.25,0.0,0.25,0.05,0.0714285714285714,4.0,0.0,4.0,20.0,14.0,0.0,0.0,0.0,0.0,0.0,1.0,0.0,1.0,0.0,0.0,0.2636281281496928,-0.7576758641159647,1.0346704740774362,-0.3885463794795543,0.5775185551070113,0.5058632282979858,-0.3447299154714549,-0.2020454871191189,-0.2073567129463963,-0.5251530779927517,-0.4635308650875505,-0.2192296649910203,-0.0494572680454745,-0.2886514946017978,-0.673136533919824,59.9,8.49,45.1,7.7,14.0,10.1,0.8333333333333334,0.559633027522936,1,2,1,0,1,1,4,0,2,0.2540002540003809,1.6510016510024763,0.2540002540003809,-1.1430011430017146,0.2540002540003809,0.2540002540003809,0.2540002540003809,-1.1430011430017146,-1.1430011430017146,-1.1430011430017146,1.6510016510024763,0.1,0.1,0.1154700538379251,1,1,0.8313873136472757,0.8,1.0,301.0,87.0,21.0,0.0697674418604651,0.2413793103448276,0.0572207084468664,5,988.0,8520824.0,1.1193431006509886,1.6432876883349783,1.2346819182650255,0.4291790853078123,0.3998987980808102,-0.416607996747983,False,False,False,False,True,False,False,False,True,True,False,False,False,False,False,True,False,False,True,False,False,Major,,False,False,java
Lang,52,Lang-52,0.2,1.0,1.0,1.0,0.5,5.0,1.0,1.0,1.0,2.0,0.0,1.0,1.0,1.0,0.0,1.0,1.0,1.0,1.0,1.0,0.3846517020834237,-0.4554019288379759,-0.083903664522682,-0.2858571981748704,-0.7627101412056181,1.573498804563645,-0.5748438169972881,-0.2020454871191189,-0.2073567129463963,-0.5251530779927517,-0.4635308650875505,-0.2192296649910203,0.2135797944893742,-0.0777818550633016,0.2959479588785432,26.17,10.09,48.87,12.4,25.1,11.6,0.8541666666666666,0.58,5,5,4,4,3,4,1,4,3,1.095445115010332,1.095445115010332,0.4260064336151291,0.4260064336151291,-0.2434322477800739,0.4260064336151291,0.4260064336151291,0.4260064336151291,-2.2517482919656833,-1.58230961057048,-0.2434322477800739,0.4,0.75,0.1,0,12,0.964671719823683,0.1999999999999999,1.0,287.0,101.0,19.0,0.0662020905923344,0.1881188118811881,0.051490514905149,1,222.0,3454537.0,1.99073177214416,0.7901366124618407,0.0963966304959696,0.5505906809346729,-0.4686368314487577,-0.2637003920412402,False,False,False,False,True,True,False,False,False,True,False,False,False,False,False,True,False,False,True,False,True,Minor,,True,False,txt
Closure,112,Closure-112,1.0,1.0,0.25,0.037037037037037,0.125,1.0,1.0,4.0,27.0,8.0,1.0,1.0,0.0,0.0,0.0,1.0,1.0,1.0,0.0,0.0,-1.0231586669890729,-0.1531279935599871,0.5006693477021692,-0.4938431743508357,1.1096681845252594,0.1360340909081787,1.5882268573455445,-0.2020454871191189,-0.2073567129463963,-0.5251530779927517,-0.4635308650875505,-0.2192296649910203,-0.3124943305803233,-0.2886514946017978,-0.673136533919824,6.5,10.24,49.59,15.8,40.2,12.4,0.7708333333333334,0.4961832061068702,5,5,3,4,2,3,1,4,3,1.2686563959933717,1.2686563959933717,-0.0604122093330176,0.6041220933301771,-0.7249465119962123,-0.0604122093330176,0.6041220933301771,0.6041220933301771,-2.0540151173226016,-1.389480814659407,-0.0604122093330176,0.3,0.6499999999999999,0.1914854215512676,-1,6,0.9046969135939624,0.4,1.0,570.0,52.0,21.0,0.0368421052631578,0.4038461538461538,0.0349417637271214,0,958.0,12800899.0,-0.7977119766339881,-0.70287777031615,-0.6450552541976357,-0.6028194775205034,-0.9942554810346128,1.4462904983191245,False,False,False,False,True,False,False,False,True,True,False,False,False,False,True,False,False,False,True,False,True,Medium,,False,False,
Closure,41,Closure-41,0.0,0.0,0.0151515151515151,0.1,0.0625,0.0,0.0,66.0,10.0,16.0,0.0,0.0,0.0,0.0,0.0,0.0,0.0,0.0,0.0,0.0,-1.0231586669890729,1.3582416828299568,0.9636296027092104,-0.1094590888636778,-0.6011343465993985,-0.1210411807644314,1.5882268573455445,-0.2020454871191189,-0.2073567129463963,-0.5251530779927517,0.4023489388231981,-0.2192296649910203,-0.3124943305803233,0.1330877844751946,0.2959479588785432,23.22,9.66,50.37,13.5,26.7,13.4,0.7708333333333334,0.3773584905660379,5,5,5,5,2,4,1,4,4,0.8702852691526738,0.8702852691526738,0.8702852691526738,0.8702852691526738,-0.924678098474716,0.2719641466102105,0.2719641466102105,0.2719641466102105,-2.1213203435596424,-1.5229992210171792,0.2719641466102105,0.4,0.8,0.282842712474619,0,10,0.6195133697825546,0.1999999999999999,1.0,330.0,146.0,46.0,0.1393939393939394,0.3150684931506849,0.1069767441860465,0,958.0,12356133.0,-0.7977119766339881,-0.70287777031615,-0.6450552541976357,-0.6028194775205034,-0.9942554810346128,1.4462904983191245,False,False,False,False,True,True,False,False,False,True,False,False,False,False,True,False,False,False,True,False,True,Medium,,False,False,
Closure,55,Closure-55,0.0,0.0,0.0048076923076923,0.0101010101010101,0.003610108303249,0.0,0.0,208.0,99.0,277.0,0.0,0.0,0.0,0.0,0.0,0.0,0.0,0.0,0.0,0.0,-1.0231586669890729,-0.1531279935599871,0.8780169080156138,-0.0401622134515688,0.5775185551070113,-0.7378724467697579,1.5882268573455445,-0.2020454871191189,-0.2073567129463963,1.910973700473624,-0.4635308650875505,3.1090752489635607,-0.3124943305803233,-0.4995211341402941,1.2650324516769105,-517.72,21.73,76.2,88.9,174.7,18.4,0.625,0.2216216216216217,5,5,3,2,0,3,4,1,4,1.54713186938819,1.54713186938819,0.4125684985035172,-0.1547131869388191,-1.289276557823492,0.4125684985035172,-0.7219948723811555,-0.7219948723811555,-1.289276557823492,-0.7219948723811555,0.9798501839458535,0.3,0.3,0.2581988897471611,1,0,0.8106419059560825,0.9,1.0,225.0,99.0,33.0,0.1466666666666666,0.3333333333333333,0.1134020618556701,0,933.0,12148616.0,-0.7977119766339881,-0.70287777031615,-0.6450552541976357,-0.6028194775205034,-0.9942554810346128,1.4462904983191245,True,False,False,False,True,True,False,False,False,True,False,False,False,False,True,False,False,False,True,False,True,Medium,,False,False,
Closure,106,Closure-106,0.0,0.0,0.0031948881789137,0.0054945054945054,0.00390625,0.0,0.0,313.0,182.0,256.0,0.0,0.0,0.0,0.0,0.0,0.0,0.0,0.0,0.0,0.0,-1.0231586669890729,-0.1531279935599871,0.8558820597184509,0.4766164348183346,2.226888400983462,-0.2158002716585854,1.5882268573455445,-0.2020454871191189,-0.2073567129463963,1.910973700473624,-0.4635308650875505,-0.2192296649910203,-0.3124943305803233,-0.2886514946017978,0.2959479588785432,-237.46,10.49,62.63,47.4,100.1,10.2,0.75,0.4884547069271758,5,5,2,3,3,3,3,3,4,1.4884168150705013,1.4884168150705013,-0.5581563056514381,0.1240347345892083,0.1240347345892083,0.1240347345892083,-0.5581563056514381,0.1240347345892083,-1.2403473458920846,-1.9225383861327312,0.8062257748298548,0.4666666666666667,0.55,0.0999999999999999,-1,6,0.953806211975134,0.9,2.0,486.0,127.0,40.0,0.0823045267489712,0.3149606299212598,0.0698080279232111,0,420.0,4377991.0,-0.7977119766339881,-0.70287777031615,-0.6450552541976357,-0.6028194775205034,-0.9942554810346128,1.4462904983191245,True,False,False,False,True,True,False,False,False,True,False,False,False,False,True,False,False,False,True,False,False,Medium,,False,False,
Codec,6,Codec-6,1.0,1.0,1.0,1.0,0.5,1.0,1.0,1.0,1.0,2.0,1.0,1.0,1.0,1.0,0.0,1.0,1.0,1.0,1.0,1.0,-0.0345564606388369,-0.7576758641159647,0.0382470068285322,0.0949668558231139,0.7530246939098532,0.1168868060661108,-1.1731399609644546,-0.2020454871191189,-0.2073567129463963,0.6929103112404362,-0.4635308650875505,-0.2192296649910203,0.0820612632219498,-0.4995211341402941,-0.673136533919824,42.27,9.8,51.44,10.4,20.3,11.4,0.6458333333333334,0.3419354838709679,4,5,3,2,4,3,3,4,3,0.8391813582966892,1.762280852423047,-0.0839181358296688,-1.007017629956027,0.8391813582966892,-0.0839181358296688,-1.007017629956027,0.8391813582966892,-0.0839181358296688,-1.930117124082385,-0.0839181358296688,0.8,0.65,0.1914854215512676,1,12,0.7338571295978911,0.9,1.0,178.0,70.0,12.0,0.0674157303370786,0.1714285714285714,0.0508474576271186,3,58.0,783485.0,2.687842709338697,3.5628776090495378,1.1515396971753311,0.3563321279316959,0.3142163996768415,0.2240082773925258,True,False,False,False,True,False,False,False,True,True,False,False,False,False,False,True,False,False,True,False,True,Major,,True,False,patch
Compress,37,Compress-37,0.25,1.0,1.0,1.0,0.5,4.0,1.0,1.0,1.0,2.0,0.0,1.0,1.0,1.0,0.0,1.0,1.0,1.0,1.0,1.0,-0.0695512290052169,0.1491459417180017,0.1471996843681657,-1.1122589101680278,1.1096681845252594,0.4811130113993871,-1.1731399609644546,-0.2020454871191189,-0.2073567129463963,0.6929103112404362,-0.4635308650875505,-0.2192296649910203,0.0820612632219498,-0.0777818550633016,-0.673136533919824,54.93,10.33,44.0,9.6,12.7,10.5,0.8958333333333334,0.6491228070175439,5,5,5,4,5,4,2,5,3,0.8798826901281197,0.8798826901281197,0.8798826901281197,0.0733235575106765,0.8798826901281197,0.0733235575106765,-0.7332355751067665,0.8798826901281197,-0.7332355751067665,-2.346353840341653,-0.7332355751067665,0.9,0.95,0.0999999999999999,1,25,0.878210541931647,0.7,1.0,350.0,79.0,27.0,0.0771428571428571,0.3417721518987341,0.0671641791044776,0,264.0,2082974.0,0.5965098977550859,1.0034243814301251,0.5609207028341319,0.3684732874943819,0.886981449346761,-0.2444798125317569,True,False,False,False,True,False,False,False,True,True,False,True,False,False,False,False,False,False,True,False,True,Major,Archivers,False,False,
Closure,82,Closure-82,0.0,0.0,0.0128205128205128,0.0416666666666666,0.0052356020942408,0.0,0.0,78.0,24.0,191.0,0.0,0.0,0.0,0.0,0.0,0.0,0.0,0.0,0.0,0.0,-1.0231586669890729,-0.4554019288379759,-2.430552480032887,0.1401254163651614,-1.39301571620413,-0.4284152951235154,1.5882268573455445,-0.2020454871191189,0.0891207790231942,-0.5251530779927517,-0.4635308650875505,-0.2192296649910203,-0.3124943305803233,-0.7103907736787903,-0.673136533919824,-6.77,10.54,49.76,16.8,41.3,12.3,0.7708333333333334,0.5416666666666667,3,4,4,4,1,1,2,1,1,0.6299407883487121,1.3228756555322954,1.3228756555322954,1.3228756555322954,-0.7559289460184544,-0.7559289460184544,0.6299407883487121,-0.7559289460184544,-1.4488638132020375,-0.7559289460184544,-0.7559289460184544,0.1,0.5,0.3464101615137754,0,4,0.9499121638032536,0.7,1.0,487.0,56.0,18.0,0.0369609856262833,0.3214285714285714,0.0342857142857142,0,553.0,7311761.0,-0.7977119766339881,-0.70287777031615,-0.6450552541976357,-0.6028194775205034,-0.9942554810346128,1.4462904983191245,True,False,False,False,True,False,False,False,True,True,False,False,False,False,True,False,False,False,True,False,True,Medium,,False,False,
Closure,96,Closure-96,0.125,0.0,0.027027027027027,0.1,0.1,8.0,0.0,37.0,10.0,10.0,0.0,0.0,0.0,0.0,0.0,0.0,0.0,0.0,0.0,0.0,-1.0231586669890729,-0.4554019288379759,0.0845474088495524,0.0668137497328685,-1.081014456579866,-1.318635544764789,1.5882268573455445,-0.2020454871191189,-0.2073567129463963,-0.5251530779927517,1.2682287427339467,-0.2192296649910203,-0.3124943305803233,0.1330877844751946,0.2959479588785432,-21.15,11.45,53.59,18.2,50.8,12.0,0.8125,0.4098360655737705,5,5,5,5,4,5,1,5,3,0.7332355751067665,0.7332355751067665,0.7332355751067665,0.7332355751067665,-0.0733235575106765,0.7332355751067665,-0.0733235575106765,0.7332355751067665,-0.8798826901281197,-2.493000955363006,-0.8798826901281197,1.0,0.95,0.0999999999999999,0,20,0.9363202714454502,0.5,1.0,590.0,81.0,32.0,0.0542372881355932,0.3950617283950617,0.0500782472613458,0,536.0,6734332.0,-0.7977119766339881,-0.70287777031615,-0.6450552541976357,-0.6028194775205034,-0.9942554810346128,1.4462904983191245,True,False,False,False,True,True,False,False,False,True,False,False,False,False,True,False,False,False,True,False,True,Medium,,False,False,
Compress,23,Compress-23,0.125,0.3333333333333333,0.0357142857142857,0.5,0.3333333333333333,8.0,3.0,28.0,2.0,3.0,0.0,0.0,0.0,0.0,0.0,0.0,1.0,0.0,1.0,1.0,0.678461944826156,-0.4554019288379759,0.95495335011518,0.0654993985800635,0.2319908443389094,-0.5787364755907677,-1.1731399609644546,1.5392066180416364,0.6820757629623755,1.910973700473624,-0.4635308650875505,-0.2192296649910203,0.6081353882916473,0.5548270635521871,-0.673136533919824,2.51,9.47,44.65,15.3,25.4,10.8,0.8541666666666666,0.6806083650190113,5,5,4,3,3,4,2,4,3,1.2403473458920846,1.2403473458920846,0.5581563056514381,-0.1240347345892083,-0.1240347345892083,0.5581563056514381,-0.1240347345892083,0.5581563056514381,-2.1706078553111476,-1.4884168150705013,-0.1240347345892083,0.4,0.7,0.1154700538379251,1,12,0.944772134291872,0.7,1.0,157.0,102.0,30.0,0.1910828025477707,0.2941176470588235,0.131004366812227,1,216.0,1739341.0,0.7707876320537201,1.2167121503984095,2.867085252245757,0.4656025639958704,-0.8698272116235614,-0.8934213020330166,True,False,False,False,True,False,False,False,True,True,False,True,False,False,False,False,False,False,True,False,True,Minor,Archivers,False,False,7z
Jsoup,56,Jsoup-56,0.3333333333333333,1.0,0.0625,0.2,0.1428571428571428,3.0,1.0,16.0,5.0,7.0,0.0,1.0,0.0,0.0,0.0,1.0,1.0,0.0,1.0,0.0,-0.3371153954731642,-0.1531279935599871,-0.3031561921283572,-0.1120432704980395,1.290866087015343,-0.1504699937486436,-0.5748438169972881,-0.2020454871191189,-0.2073567129463963,-0.5251530779927517,-0.4635308650875505,-0.2192296649910203,-0.1809757993128989,-0.0777818550633016,-0.673136533919824,28.2,9.79,47.9,11.6,19.2,11.9,0.875,0.7512953367875647,4,4,4,4,1,3,1,2,2,0.9525009525014289,0.9525009525014289,0.9525009525014289,0.9525009525014289,-1.1430011430017144,0.2540002540003811,0.9525009525014289,-0.4445004445006666,-1.8415018415027624,-1.1430011430017144,-0.4445004445006666,0.3,0.55,0.3,0,4,0.8350211417597121,0.4,5.0,542.0,57.0,22.0,0.040590405904059,0.3859649122807017,0.0381282495667244,0,87.0,864120.0,-0.7977119766339881,-0.70287777031615,-0.6450552541976357,-0.529972520144387,-0.1449831660068011,-0.5021162750483765,False,False,False,False,True,False,False,False,True,True,False,False,False,False,False,True,False,False,True,False,True,,,False,False,
Jsoup,42,Jsoup-42,0.25,1.0,1.0,0.5,1.0,4.0,1.0,1.0,2.0,1.0,0.0,1.0,1.0,0.0,1.0,1.0,1.0,1.0,1.0,1.0,2.324674173394616,3.7764331650538674,0.7686755158988093,0.3841821485339038,-0.4379098193951574,0.5611104297786207,-0.5748438169972881,-0.2020454871191189,-0.2073567129463963,-0.5251530779927517,0.4023489388231981,3.1090752489635607,-0.3124943305803233,3.085262738014142,7.079539408467114,39.43,8.65,49.5,11.5,21.9,12.3,0.9583333333333334,0.8327526132404183,5,5,4,4,5,3,1,5,4,0.9370425713316364,0.9370425713316364,0.0780868809443029,0.0780868809443029,0.9370425713316364,-0.7808688094430304,0.0780868809443029,0.9370425713316364,-0.7808688094430304,-2.498780190217697,0.0780868809443029,0.8,0.9,0.1154700538379251,0,20,0.6561737618886061,0.9,1.0,103.0,126.0,34.0,0.3300970873786408,0.2698412698412698,0.1743589743589743,0,82.0,766722.0,-0.7977119766339881,-0.70287777031615,-0.6450552541976357,-0.0868201961063455,-0.0446434759630249,-1.8277723142488531,False,True,False,False,True,True,False,False,False,True,False,False,False,False,False,True,False,False,True,False,True,,,False,False,
Jsoup,8,Jsoup-8,0.0,1.0,0.125,0.0555555555555555,0.0909090909090909,0.0,1.0,8.0,18.0,11.0,0.0,1.0,0.0,0.0,0.0,0.0,1.0,0.0,0.0,0.0,-0.6046795619411115,-0.1531279935599871,-0.6266809077282832,-1.359744049452749,-0.6011343465993985,0.1919562612828755,-0.989048839743788,-0.2020454871191189,-0.2073567129463963,-0.5251530779927517,0.4023489388231981,-0.2192296649910203,-0.3124943305803233,-0.4995211341402941,-0.673136533919824,27.52,16.09,63.51,14.0,22.2,15.6,0.9583333333333334,0.8102766798418974,0,0,0,0,1,0,4,0,0,-0.4714045207910317,-0.4714045207910317,-0.4714045207910317,-0.4714045207910317,2.1213203435596424,-0.4714045207910317,2.1213203435596424,-0.4714045207910317,-0.4714045207910317,-0.4714045207910317,-0.4714045207910317,0.0,0.05,0.1,0,0,0.6209252771467284,0.5,1.0,175.0,41.0,7.0,0.04,0.1707317073170731,0.0334928229665071,0,55.0,416379.0,-0.7977119766339881,-0.70287777031615,-0.6450552541976357,-0.6028194775205034,1.3387745704226028,0.8337114087723821,True,False,False,False,True,False,False,False,True,True,False,False,False,True,False,False,False,False,True,False,False,,,False,False,
Jsoup,81,Jsoup-81,0.1,1.0,0.3333333333333333,0.0303030303030303,0.0555555555555555,10.0,1.0,3.0,33.0,18.0,0.0,1.0,0.0,0.0,0.0,0.0,1.0,1.0,0.0,0.0,0.1484370156103585,-0.1531279935599871,0.180665741629329,0.7529173082000896,0.7530246939098532,0.2661136401743849,-0.5748438169972881,-0.2020454871191189,-0.2073567129463963,-0.5251530779927517,-0.4635308650875505,-0.2192296649910203,0.4766168570242229,-0.4995211341402941,-0.673136533919824,4.95,8.42,62.83,14.4,35.5,11.6,0.7916666666666666,0.5767195767195766,3,4,4,4,1,3,1,2,2,0.331133089266261,1.059625885652035,1.059625885652035,1.059625885652035,-1.125852503505287,0.331133089266261,1.059625885652035,-0.3973597071195131,-1.8543452998910612,-1.125852503505287,-0.3973597071195131,0.3,0.55,0.3,0,4,0.83787924834245,0.4,1.0,183.0,65.0,18.0,0.0983606557377049,0.2769230769230769,0.0782608695652174,0,112.0,1070117.0,-0.7977119766339881,-0.70287777031615,-0.6450552541976357,-0.4449844032055844,-0.6521482777219145,-1.8043160306658312,False,False,False,False,True,False,False,False,True,True,False,False,False,False,False,True,False,False,True,False,True,,,False,False,
JacksonXml,2,JacksonXml-2,0.1,1.0,0.2,0.1111111111111111,0.0,10.0,1.0,5.0,9.0,0.0,0.0,1.0,0.0,0.0,0.0,0.0,1.0,1.0,0.0,0.0,0.0150194612135347,0.4514198769959905,0.1678876948353575,-0.6233527255384365,-0.4379098193951574,0.5292574896742676,0.4146459595637947,-0.2020454871191189,-0.2073567129463963,-0.5251530779927517,-0.4635308650875505,-0.2192296649910203,-0.3124943305803233,-0.4995211341402941,-0.673136533919824,24.34,11.35,55.78,13.1,24.3,13.2,0.75,0.5,4,5,2,1,2,3,3,3,3,1.1973421894279308,1.929051305189444,-0.2660760420950958,-0.9977851578566092,-0.2660760420950958,0.4656330736664174,-0.2660760420950958,0.4656330736664174,-1.7294942736181225,-0.9977851578566092,0.4656330736664174,0.3,0.4,0.1632993161855452,1,4,0.8804173468181523,0.9,1.0,232.0,69.0,21.0,0.0905172413793103,0.3043478260869565,0.075,0,98.0,470779.0,-0.7977119766339881,-0.70287777031615,-0.6450552541976357,-0.4389138234242414,0.2648401022915035,-0.5512500110724264,False,True,False,False,True,False,False,False,True,True,False,False,False,False,False,True,False,False,True,False,True,,,False,False,
Csv,10,Csv-10,0.5,1.0,1.0,1.0,0.3333333333333333,2.0,1.0,1.0,1.0,3.0,0.0,1.0,1.0,1.0,0.0,1.0,1.0,1.0,1.0,1.0,-0.0272658838958411,-0.1531279935599871,0.1522390485794729,0.2457288090574683,1.474022885748566,1.6249064927300647,0.1845320580379615,-0.2020454871191189,-0.2073567129463963,-0.5251530779927517,-0.4635308650875505,-0.2192296649910203,-0.1809757993128989,0.3439574240136908,1.2650324516769105,36.28,12.76,60.73,12.7,20.8,13.6,0.8333333333333334,0.6666666666666667,4,5,4,4,1,2,1,4,3,0.6974858324629156,1.3368478455539217,0.6974858324629156,0.6974858324629156,-1.2206002068101025,-0.5812381937190965,0.6974858324629156,0.6974858324629156,-1.8599622199011083,-1.2206002068101025,0.0581238193719095,0.2,0.65,0.3,0,4,0.8220879644583141,0.6,1.0,219.0,69.0,17.0,0.0776255707762557,0.2463768115942029,0.062730627306273,0,25.0,242803.0,0.7707876320537201,1.2167121503984095,0.7848876662828888,0.4352496650891553,-0.0029313566059058,0.3118847769362683,False,False,False,False,True,True,False,False,False,True,False,False,False,False,False,True,False,False,True,False,True,Minor,,False,False,
Collections,27,Collections-27,0.0,0.0,0.037037037037037,0.05,0.0384615384615384,0.0,0.0,27.0,20.0,26.0,0.0,0.0,0.0,0.0,0.0,0.0,0.0,0.0,0.0,0.0,0.8089632685257815,-0.4554019288379759,1.210599827073524,-0.6416286413315093,-0.7627101412056181,0.8630558062437794,0.1845320580379615,-0.2020454871191189,-0.2073567129463963,-0.5251530779927517,-0.4635308650875505,-0.2192296649910203,0.4766168570242229,0.5548270635521871,-0.673136533919824,-2.07,13.94,58.29,17.0,24.1,14.2,0.7083333333333334,0.3672316384180791,5,5,2,2,4,2,2,5,4,1.1909826683508271,1.1909826683508271,-0.7741387344280377,-0.7741387344280377,0.5359422007578724,-0.7741387344280377,-0.1190982668350826,1.1909826683508271,-0.1190982668350826,-2.084219669613948,0.5359422007578724,0.7,0.65,0.3,0,8,0.834775978400692,0.6,1.0,239.0,135.0,18.0,0.0753138075313807,0.1333333333333333,0.0505617977528089,1,517.0,4111960.0,0.5965098977550859,1.0034243814301251,0.5465638462028013,0.94517836672197,0.1789253448410156,0.0064678519485762,False,False,False,False,True,False,False,False,True,True,False,False,False,False,False,False,True,False,False,True,False,Major,,True,False,patch
JacksonDatabind,109,JacksonDatabind-109,0.0,0.5,0.002932551319648,0.0136986301369863,0.25,0.0,2.0,341.0,73.0,4.0,0.0,0.0,0.0,0.0,0.0,0.0,1.0,0.0,0.0,1.0,-0.20442689875064,0.4514198769959905,-0.0696803713606718,0.0170821772465238,-0.2730111944760022,-0.1973038969407902,0.4146459595637947,-0.2020454871191189,-0.2073567129463963,-0.5251530779927517,0.4023489388231981,-0.2192296649910203,0.0820612632219498,-0.4995211341402941,-0.673136533919824,0.28,13.4,55.94,16.2,29.6,13.7,0.8541666666666666,0.6266666666666666,5,5,5,5,1,5,1,3,3,0.8977584024968696,0.8977584024968696,0.8977584024968696,0.8977584024968696,-1.296762136939923,0.8977584024968696,0.3491282676376714,-0.1995018672215266,-1.845392271799121,-1.296762136939923,-0.1995018672215266,0.5,0.7000000000000001,0.3829708431025352,0,5,0.7086363310106811,0.0,2.0,159.0,63.0,17.0,0.1069182389937107,0.2698412698412698,0.0829268292682926,0,929.0,6449488.0,-0.7977119766339881,-0.70287777031615,-0.6450552541976357,-0.5178313605817009,-0.2536110202545443,-0.109086096233151,False,False,False,False,True,False,False,False,True,True,False,False,False,False,False,True,False,False,True,False,True,,,False,False,
Time,7,Time-7,0.0,1.0,1.0,0.1666666666666666,0.125,0.0,1.0,1.0,6.0,8.0,0.0,1.0,1.0,0.0,0.0,0.0,1.0,1.0,0.0,0.0,-0.2124465331679354,-0.4554019288379759,-1.402600361493834,0.8266065894326466,0.0619124374841446,-0.78115106063079,-1.5873449837109543,-0.2020454871191189,-0.2073567129463963,-0.5251530779927517,-0.4635308650875505,-0.2192296649910203,-0.0494572680454745,-0.0777818550633016,-0.673136533919824,0.79,13.02,50.09,16.0,25.5,13.2,0.8958333333333334,0.7309417040358746,2,1,0,0,1,2,4,0,1,1.697749375254331,0.3638034375544994,-0.970142500145332,-0.970142500145332,0.3638034375544994,1.697749375254331,0.3638034375544994,-0.970142500145332,-0.970142500145332,-0.970142500145332,0.3638034375544994,0.2,0.05,0.1,0,0,0.8634657722679208,0.9,1.0,297.0,61.0,24.0,0.0808080808080808,0.3934426229508196,0.0718562874251497,0,316.0,5571706.0,-0.7977119766339881,-0.70287777031615,-0.6450552541976357,-0.5603254190511021,-0.0659810901902602,-0.2430762953949134,False,True,False,False,True,False,False,False,True,True,False,False,False,False,False,True,False,False,True,False,False,,,False,False,
Gson,15,Gson-15,1.0,1.0,1.0,0.25,0.25,1.0,1.0,1.0,4.0,4.0,1.0,1.0,1.0,0.0,0.0,1.0,1.0,1.0,1.0,1.0,-0.1205852662061878,0.4514198769959905,0.6166033708770319,-0.5110155362584107,-1.237791208928377,0.8240118108459016,0.4146459595637947,-0.2020454871191189,-0.2073567129463963,0.6929103112404362,-0.4635308650875505,-0.2192296649910203,-0.3124943305803233,-0.0777818550633016,0.2959479588785432,-19.29,12.72,56.92,19.5,31.2,15.2,0.9166666666666666,0.764705882352941,5,5,3,3,5,3,1,5,3,1.111873974991652,1.111873974991652,-0.5188745216627707,-0.5188745216627707,1.111873974991652,-0.5188745216627707,0.2964997266644406,1.111873974991652,-0.5188745216627707,-2.1496230183171936,-0.5188745216627707,0.8,0.8,0.2309401076758503,0,15,0.889924317000723,0.6,1.0,274.0,59.0,24.0,0.0875912408759124,0.4067796610169492,0.0776699029126213,0,195.0,1250404.0,-0.7977119766339881,-0.70287777031615,-0.6450552541976357,-0.542113679707073,-0.2832367986857471,-0.8116131971255989,True,True,False,False,True,True,False,False,False,True,False,False,False,False,False,True,False,False,True,False,True,,,False,False,
Time,3,Time-3,1.0,1.0,0.0588235294117647,1.0,0.1,1.0,1.0,17.0,1.0,10.0,1.0,1.0,0.0,1.0,0.0,1.0,1.0,0.0,1.0,0.0,0.1571857077019535,-0.4554019288379759,0.1193572567805159,-0.2744020474872379,-0.1064125837329401,-0.6146274458144896,-1.5873449837109543,-0.2020454871191189,-0.2073567129463963,-0.5251530779927517,-0.4635308650875505,-0.2192296649910203,0.4766168570242229,-0.0777818550633016,-0.673136533919824,26.98,9.01,43.48,12.1,26.7,12.0,0.9375,0.8454935622317596,5,5,5,5,1,5,0,5,4,0.6659120918162919,0.6659120918162919,0.6659120918162919,0.6659120918162919,-1.426954482463482,0.6659120918162919,0.6659120918162919,0.6659120918162919,-1.9501711260334256,-1.426954482463482,0.1426954482463483,0.5,0.8,0.4,0,5,0.838074574395749,0.5,1.0,307.0,73.0,31.0,0.1009771986970684,0.4246575342465753,0.0888252148997134,0,317.0,5614236.0,-0.7977119766339881,-0.70287777031615,-0.6450552541976357,-0.4996196212376718,-0.3785947730111809,-1.1618519135065255,True,False,False,False,True,False,False,False,True,True,False,False,False,False,False,True,False,False,True,False,True,,,False,False,
Collections,23,Collections-23,0.0,0.0,0.0,0.0,0.037037037037037,0.0,0.0,0.0,0.0,27.0,0.0,0.0,0.0,0.0,0.0,0.0,0.0,0.0,0.0,0.0,-0.23942166711702,-0.7576758641159647,0.1061182828241566,-0.1307729546711432,-0.2730111944760022,-0.8137564969089252,-0.5748438169972881,-0.2020454871191189,-0.2073567129463963,-0.5251530779927517,-0.4635308650875505,-0.2192296649910203,-0.0494572680454745,-0.7103907736787903,0.2959479588785432,38.82,12.22,54.86,11.7,15.9,12.5,0.7291666666666666,0.4468085106382978,2,3,1,2,1,2,2,4,1,0.2248595066987584,1.049344364594206,-0.5996253511966891,0.2248595066987584,-0.5996253511966891,0.2248595066987584,1.049344364594206,1.8738292224896531,-1.4241102090921367,-1.4241102090921367,-0.5996253511966891,0.2,0.4,0.282842712474619,-1,1,0.9736582478467876,0.6,1.0,111.0,50.0,8.0,0.072072072072072,0.16,0.0522875816993464,0,464.0,3546734.0,0.9450653663523544,1.429999919366694,0.4197958567984995,0.3563321279316959,0.9561082656862344,0.0779866900532049,False,False,False,False,True,True,False,False,False,True,False,False,False,False,True,False,False,False,True,False,False,Minor,,False,False,
Gson,11,Gson-11,0.2,0.0,0.1111111111111111,0.037037037037037,0.024390243902439,5.0,0.0,9.0,27.0,41.0,0.0,0.0,0.0,0.0,0.0,1.0,0.0,0.0,0.0,0.0,1.6605026321076952,1.9627895533859343,0.5827480022404723,-0.5898097342970212,0.0619124374841446,1.9967318679128296,0.4146459595637947,-0.2020454871191189,-0.2073567129463963,-0.5251530779927517,1.2682287427339467,-0.2192296649910203,-0.3124943305803233,6.880916249707074,-0.673136533919824,59.09,7.01,40.52,8.0,10.3,10.2,0.7916666666666666,0.5890410958904109,4,4,2,3,1,2,2,3,1,1.4359163172354763,1.4359163172354763,-0.1435916317235475,0.6461623427559644,-0.9333456062030594,-0.1435916317235475,0.6461623427559644,0.6461623427559644,-1.7230995806825713,-0.9333456062030594,-0.9333456062030594,0.2,0.4499999999999999,0.1914854215512676,-1,2,0.5173108067351677,0.9,1.0,201.0,124.0,12.0,0.0597014925373134,0.0967741935483871,0.0383386581469648,0,193.0,1242396.0,0.5965098977550859,1.0034243814301251,0.9693964302158596,3.10630476888009,0.2154638049061656,-1.6122511534689814,True,False,True,False,True,False,False,False,True,True,False,False,False,False,False,True,False,False,True,False,True,,,False,False,
JacksonXml,6,JacksonXml-6,0.5,0.0,1.0,1.0,0.0,2.0,0.0,1.0,1.0,0.0,0.0,0.0,1.0,1.0,0.0,1.0,0.0,1.0,1.0,0.0,-0.2022397257277412,-0.4554019288379759,0.1393068289107275,-0.9969309952293466,0.2319908443389094,1.298897448070741,-1.1731399609644546,-0.2020454871191189,-0.2073567129463963,-0.5251530779927517,0.4023489388231981,-0.2192296649910203,-0.3124943305803233,-0.2886514946017978,-0.673136533919824,20.28,15.31,65.28,14.7,22.3,15.9,0.7916666666666666,0.5480225988700564,4,5,2,2,2,2,2,4,3,1.059625885652035,1.7881186820378092,-0.3973597071195131,-0.3973597071195131,-0.3973597071195131,-0.3973597071195131,0.331133089266261,1.059625885652035,-1.125852503505287,-1.8543452998910612,0.331133089266261,0.3666666666666667,0.5,0.2,0,4,0.9903262963802562,0.6,1.0,398.0,79.0,34.0,0.0854271356783919,0.430379746835443,0.0767494356659142,0,117.0,530676.0,-0.7977119766339881,-0.70287777031615,-0.6450552541976357,-0.5724665786137881,0.7092267787595447,0.1436797906622588,False,False,False,False,True,False,False,False,True,True,False,False,True,False,False,False,False,False,True,False,False,,,False,False,
Csv,14,Csv-14,1.0,1.0,1.0,1.0,0.3333333333333333,1.0,1.0,1.0,1.0,3.0,1.0,1.0,1.0,1.0,0.0,1.0,1.0,1.0,1.0,1.0,0.1484370156103585,0.4514198769959905,0.1481249205495486,-0.4005445201353474,-0.4379098193951574,1.0670633433441843,0.1845320580379615,-0.2020454871191189,-0.2073567129463963,-0.5251530779927517,1.2682287427339467,-0.2192296649910203,0.2135797944893742,-0.4995211341402941,0.2959479588785432,68.81,10.25,39.68,8.5,13.2,10.5,0.9166666666666666,0.7473684210526315,5,5,5,3,5,3,1,5,3,0.9333456062030594,0.9333456062030594,0.9333456062030594,-0.6461623427559644,0.9333456062030594,-0.6461623427559644,0.1435916317235475,0.9333456062030594,-0.6461623427559644,-2.225670291714988,-0.6461623427559644,0.8,0.9,0.2,2,25,0.9196790451321551,0.9,1.0,417.0,71.0,26.0,0.0623501199040767,0.3661971830985915,0.0562770562770562,0,28.0,321318.0,1.8164540378455256,2.496438764208116,0.3763325461455961,0.5323789415906438,0.4552915350635213,-0.2933428565389429,False,True,False,False,True,True,False,False,False,True,False,False,False,False,False,True,False,False,True,False,True,Minor,,False,False,
Jsoup,85,Jsoup-85,1.0,1.0,0.1,0.0833333333333333,1.0,1.0,1.0,10.0,12.0,1.0,1.0,1.0,0.0,0.0,1.0,1.0,1.0,0.0,0.0,1.0,-0.3553418373306538,-0.4554019288379759,-0.7515772487796578,-0.204648970379058,1.1096681845252594,-0.2484959349941033,-0.989048839743788,-0.2020454871191189,-0.2073567129463963,-0.5251530779927517,-0.4635308650875505,-0.2192296649910203,-0.3124943305803233,-0.7103907736787903,1.2650324516769105,35.34,9.52,43.62,11.0,21.4,11.6,0.8125,0.5555555555555556,5,5,2,3,5,3,2,4,3,1.334248769989982,1.334248769989982,-1.111873974991652,-0.2964997266644406,1.334248769989982,-0.2964997266644406,-0.2964997266644406,0.5188745216627707,-0.2964997266644406,-1.9272482233188633,-0.2964997266644406,0.8,0.7,0.2581988897471611,-1,10,0.7017248835286736,0.9,1.0,126.0,48.0,7.0,0.0555555555555555,0.1458333333333333,0.0419161676646706,0,114.0,1082168.0,-0.7977119766339881,-0.70287777031615,-0.6450552541976357,-0.5724665786137881,0.1660875075208278,-0.9097829230145,True,False,False,False,True,True,False,False,False,True,False,False,False,False,True,False,False,False,True,False,True,,,False,False,
Jsoup,91,Jsoup-91,0.0,0.0,0.0303030303030303,0.0303030303030303,0.0138888888888888,0.0,0.0,33.0,33.0,72.0,0.0,0.0,0.0,0.0,0.0,0.0,0.0,0.0,0.0,0.0,-0.1431860541094749,-0.4554019288379759,0.7019192579200951,0.0033406107095587,-0.2730111944760022,-0.1864302071397636,-0.5748438169972881,-0.2020454871191189,-0.2073567129463963,-0.5251530779927517,-0.4635308650875505,-0.2192296649910203,-0.1809757993128989,0.5548270635521871,0.2959479588785432,49.82,9.93,44.21,9.5,14.8,11.7,0.8541666666666666,0.6853932584269663,2,3,2,3,1,0,3,1,1,0.5958795715311241,1.5322617553657478,0.5958795715311241,1.5322617553657478,-0.3405026123034994,-1.276884796138123,0.5958795715311241,-0.3405026123034994,-1.276884796138123,-1.276884796138123,-0.3405026123034994,0.0,0.35,0.1914854215512676,-1,2,0.9808501139109206,0.5,2.0,179.0,79.0,10.0,0.0558659217877094,0.1265822784810126,0.0403225806451612,0,115.0,1089510.0,-0.7977119766339881,-0.70287777031615,-0.6450552541976357,-0.6028194775205034,0.3290292888924429,-0.4074171748902914,True,False,False,False,True,True,False,False,False,True,False,False,False,False,False,False,True,False,False,True,False,,,False,False,
Jsoup,46,Jsoup-46,1.0,1.0,0.0526315789473684,0.3333333333333333,0.3333333333333333,1.0,1.0,19.0,3.0,3.0,1.0,1.0,0.0,0.0,0.0,1.0,1.0,0.0,1.0,1.0,1.2099449893905525,2.567337423941912,0.8138306621261889,-0.407450901916265,1.8463416241570776,0.1976144189932033,-0.5748438169972881,-0.2020454871191189,-0.2073567129463963,-0.5251530779927517,-0.4635308650875505,-0.2192296649910203,0.2135797944893742,0.5548270635521871,5.14137042287038,36.76,8.74,42.44,10.4,18.3,11.6,0.875,0.4999999999999998,5,5,5,5,5,5,1,5,4,0.5996253511966894,0.5996253511966894,0.5996253511966894,0.5996253511966894,0.5996253511966894,0.5996253511966894,-0.2248595066987582,0.5996253511966894,-1.0493443645942058,-2.698314080385101,-0.2248595066987582,1.0,1.0,0.0,0,25,0.6720479878757962,1.0,1.0,166.0,134.0,34.0,0.2048192771084337,0.2537313432835821,0.1278195488721804,0,83.0,796047.0,-0.7977119766339881,-0.70287777031615,-0.6450552541976357,-0.3175022277973808,-0.5701604336290393,-1.2492483302938773,True,True,False,False,True,True,False,False,False,True,False,False,False,False,False,True,False,False,True,False,True,,,False,False,
Jsoup,52,Jsoup-52,0.3333333333333333,0.2,0.0555555555555555,0.0526315789473684,0.0555555555555555,3.0,5.0,18.0,19.0,18.0,0.0,0.0,0.0,0.0,0.0,1.0,1.0,0.0,0.0,0.0,-0.4129373936003209,-0.4554019288379759,0.2722915763045758,-0.1812163171605634,-0.6011343465993985,-0.1672287427573693,-0.5748438169972881,-0.2020454871191189,-0.2073567129463963,-0.5251530779927517,-0.4635308650875505,-0.2192296649910203,-0.3124943305803233,-0.7103907736787903,0.2959479588785432,11.38,11.39,50.77,14.0,27.5,12.5,0.7916666666666666,0.581151832460733,4,5,4,4,1,2,1,3,1,0.8464989719746506,1.467264884756061,0.8464989719746506,0.8464989719746506,-1.0157987663695809,-0.3950328535881702,0.8464989719746506,0.2257330591932402,-1.636564679150991,-1.0157987663695809,-1.0157987663695809,0.2,0.6,0.282842712474619,0,4,0.906600527078066,0.6,3.0,249.0,57.0,17.0,0.0682730923694779,0.2982456140350877,0.0588235294117647,0,84.0,826390.0,-0.7977119766339881,-0.70287777031615,-0.6450552541976357,-0.5603254190511021,-0.6979976967225855,0.1932878151553332,False,False,False,False,True,True,False,False,False,True,False,False,False,False,False,True,False,False,True,False,True,,,False,False,
Codec,2,Codec-2,1.0,1.0,1.0,0.3333333333333333,1.0,1.0,1.0,1.0,3.0,1.0,1.0,1.0,1.0,0.0,1.0,1.0,1.0,1.0,1.0,1.0,-0.3072240308268813,-0.7576758641159647,0.184584119841476,-0.7819668093878789,-1.081014456579866,0.8181561165572163,-0.5748438169972881,-0.2020454871191189,-0.2073567129463963,-0.5251530779927517,-0.4635308650875505,-0.2192296649910203,-0.1809757993128989,-0.4995211341402941,-0.673136533919824,50.02,9.28,53.83,9.5,18.2,10.1,0.9583333333333334,0.9162303664921468,4,5,4,4,1,2,1,4,1,0.7683498199278325,1.3720532498711293,0.7683498199278325,0.7683498199278325,-1.042760469902058,-0.4390570399587612,0.7683498199278325,0.7683498199278325,-1.646463899845355,-1.042760469902058,-1.042760469902058,0.2,0.65,0.3,0,4,0.9524858990356512,0.6,1.0,425.0,55.0,13.0,0.0305882352941176,0.2363636363636363,0.0278372591006423,1,48.0,520801.0,0.9450653663523544,1.429999919366694,2.002987191136669,0.2834851705555795,0.7339149274522135,0.3441122122028265,False,False,False,False,True,False,False,False,True,True,False,False,False,False,False,True,False,False,True,False,True,Major,,True,False,patch
Compress,27,Compress-27,0.25,1.0,0.25,0.3333333333333333,0.2,4.0,1.0,4.0,3.0,5.0,0.0,1.0,0.0,0.0,0.0,1.0,1.0,1.0,1.0,1.0,2.3166545389773208,0.4514198769959905,0.6236998985696717,-0.3975371217556777,1.6591705192506263,-1.159044427600904,-1.1731399609644546,1.3457341619126637,0.0891207790231942,3.1290370897068125,0.4023489388231981,3.1090752489635607,1.7918021696984667,1.398305621706172,-0.673136533919824,4.14,7.76,42.34,14.7,28.9,10.4,0.875,0.4308300395256917,5,5,5,5,5,5,1,5,4,0.5996253511966894,0.5996253511966894,0.5996253511966894,0.5996253511966894,0.5996253511966894,0.5996253511966894,-0.2248595066987582,0.5996253511966894,-1.0493443645942058,-2.698314080385101,-0.2248595066987582,1.0,1.0,0.0,0,25,0.9752990876332168,1.0,1.0,324.0,158.0,40.0,0.1234567901234567,0.2531645569620253,0.090497737556561,1,224.0,1790796.0,1.2936208349496228,0.363561074525272,0.5325447979627962,0.8723314093458536,-0.843082844519229,-1.493115127274273,True,True,False,True,True,False,False,False,True,True,False,True,False,False,False,False,False,False,True,False,True,Major,Archivers,False,False,gz
Closure,92,Closure-92,0.25,0.3333333333333333,0.1428571428571428,0.0833333333333333,0.0714285714285714,4.0,3.0,7.0,12.0,14.0,0.0,0.0,0.0,0.0,0.0,1.0,1.0,0.0,0.0,0.0,-1.0231586669890729,0.7536938122739794,0.1287578234868684,0.5021590434118611,-0.7627101412056181,-0.4421919279456843,1.5882268573455445,-0.2020454871191189,-0.2073567129463963,-0.5251530779927517,0.4023489388231981,-0.2192296649910203,-0.3124943305803233,-0.7103907736787903,-0.673136533919824,-5.76,6.96,42.73,16.4,41.1,10.6,0.5625,0.1515151515151515,4,5,4,4,3,3,1,5,4,0.4180398085749705,1.1844461242957498,0.4180398085749705,0.4180398085749705,-0.3483665071458088,-0.3483665071458088,0.4180398085749705,1.1844461242957498,-1.8811791385873675,-1.8811791385873675,0.4180398085749705,0.4666666666666667,0.8,0.1632993161855452,0,12,0.816323280096702,0.9,1.0,369.0,86.0,26.0,0.070460704607046,0.3023255813953488,0.0606060606060606,0,545.0,6951043.0,-0.7977119766339881,-0.70287777031615,-0.6450552541976357,-0.6028194775205034,-0.9942554810346128,1.4462904983191245,True,False,False,False,True,False,False,False,True,True,False,False,False,False,True,False,False,False,True,False,True,Medium,,False,False,
Closure,86,Closure-86,0.125,0.3333333333333333,0.0714285714285714,0.0238095238095238,0.1,8.0,3.0,14.0,42.0,10.0,0.0,0.0,0.0,0.0,0.0,0.0,1.0,0.0,0.0,0.0,-1.0231586669890729,-0.7576758641159647,-0.9181521874654548,-0.425626691260437,-0.6011343465993985,-0.4852134059509917,1.5882268573455445,-0.2020454871191189,-0.2073567129463963,-0.5251530779927517,-0.4635308650875505,-0.2192296649910203,-0.3124943305803233,-0.4995211341402941,-0.673136533919824,-96.38,14.23,55.0,28.4,70.2,12.5,0.6458333333333334,0.2388059701492538,3,5,4,4,3,4,2,4,3,-0.2591605276744081,1.6413500086045838,0.6910947404650878,0.6910947404650878,-0.2591605276744081,0.6910947404650878,-0.2591605276744081,0.6910947404650878,-1.2094157958139042,-2.1596710639534,-0.2591605276744081,0.7333333333333334,0.75,0.1,0,12,0.916914110593074,0.1999999999999999,1.0,606.0,45.0,16.0,0.0264026402640264,0.3555555555555555,0.0251968503937007,0,550.0,7151831.0,-0.7977119766339881,-0.70287777031615,-0.6450552541976357,-0.6028194775205034,-0.9942554810346128,1.4462904983191245,False,False,False,False,True,False,False,False,True,True,False,False,False,False,True,False,False,False,True,False,True,Critical,,False,False,
Compress,33,Compress-33,0.1428571428571428,1.0,0.5,0.0555555555555555,0.1111111111111111,7.0,1.0,2.0,18.0,9.0,0.0,1.0,0.0,0.0,0.0,0.0,1.0,1.0,0.0,0.0,-0.0440342104047315,-0.1531279935599871,-0.6519921151112641,-0.5947921741957339,-0.1064125837329401,0.1597146666847216,-1.1731399609644546,-0.2020454871191189,-0.2073567129463963,0.6929103112404362,-0.4635308650875505,-0.2192296649910203,-0.0494572680454745,-0.7103907736787903,-0.673136533919824,35.98,13.26,52.92,12.8,20.1,12.8,0.75,0.4545454545454546,5,5,3,3,1,3,2,5,3,1.2897759544117016,1.2897759544117016,0.0560772154092043,0.0560772154092043,-1.177621523593293,0.0560772154092043,0.0560772154092043,1.2897759544117016,-1.7944708930945417,-1.177621523593293,0.0560772154092043,0.3,0.6,0.3265986323710904,0,3,0.8292510783277823,0.9,2.0,185.0,79.0,20.0,0.1081081081081081,0.2531645569620253,0.081967213114754,1,254.0,1967185.0,1.2936208349496228,1.856575457303263,0.3660154976572806,0.3563321279316959,1.209161789786091,0.0183672126623825,True,False,False,False,True,False,False,False,True,True,False,False,True,False,False,False,False,False,True,False,True,Major,Compressors,True,False,patch
Lang,56,Lang-56,1.0,0.0,1.0,0.5,1.0,1.0,0.0,1.0,2.0,1.0,1.0,0.0,1.0,0.0,1.0,1.0,0.0,1.0,1.0,1.0,-0.2838941852492946,-0.7576758641159647,-0.2310520252560474,-0.6845868533137834,-1.6988993040710567,-0.2921928095349084,-0.5748438169972881,-0.2020454871191189,-0.2073567129463963,-0.5251530779927517,-0.4635308650875505,-0.2192296649910203,-0.0494572680454745,-0.7103907736787903,0.2959479588785432,37.91,12.41,57.36,12.0,16.4,12.3,0.8125,0.6,5,5,2,3,4,2,2,4,3,1.5249857033260468,1.5249857033260468,-0.99124070716193,-0.1524985703326045,0.6862435664967211,-0.99124070716193,-0.1524985703326045,0.6862435664967211,-0.1524985703326045,-1.829982843991256,-0.1524985703326045,0.7,0.65,0.1914854215512676,-1,8,0.7593467615645524,0.6,1.0,342.0,54.0,15.0,0.043859649122807,0.2777777777777778,0.0393700787401574,0,221.0,3403923.0,0.7707876320537201,0.0436294210728453,0.6719974357186368,0.3502615481503528,1.1388005660119842,0.3901196542730171,False,False,False,False,True,True,False,False,False,True,False,False,False,False,True,False,False,False,True,False,True,Major,,False,False,
Math,36,Math-36,1.0,1.0,1.0,1.0,1.0,1.0,1.0,1.0,1.0,1.0,1.0,1.0,1.0,1.0,1.0,1.0,1.0,1.0,1.0,1.0,-0.0265368262215415,-0.1531279935599871,0.724620666665458,-0.6581959186504985,0.4038501769199036,0.4743607329697271,-0.3447299154714549,-0.2020454871191189,-0.2073567129463963,-0.5251530779927517,-0.4635308650875505,-0.2192296649910203,-0.0494572680454745,-0.2886514946017978,-0.673136533919824,23.53,11.32,50.91,13.4,17.6,12.1,0.8958333333333334,0.7424892703862661,4,5,3,3,5,3,2,5,3,0.4714045207910316,1.3356461422412562,-0.3928371006591931,-0.3928371006591931,1.3356461422412562,-0.3928371006591931,-0.3928371006591931,1.3356461422412562,-0.3928371006591931,-2.1213203435596424,-0.3928371006591931,0.8,0.8,0.2309401076758503,0,15,0.7518709773664595,0.4,1.0,285.0,75.0,23.0,0.0807017543859649,0.3066666666666666,0.0682492581602373,1,977.0,8437795.0,1.2936208349496228,-0.1341103864007248,0.3267506140900994,0.3502615481503528,0.2648401022915035,0.1145968253914234,False,False,False,False,True,False,False,False,True,True,False,False,False,False,False,True,False,False,True,False,True,Major,,True,False,patch
Closure,79,Closure-79,0.0,0.2,0.1428571428571428,0.0089285714285714,0.3333333333333333,0.0,5.0,7.0,112.0,3.0,0.0,1.0,0.0,0.0,0.0,0.0,1.0,0.0,0.0,1.0,-1.0231586669890729,-0.1531279935599871,0.6771399966882686,0.8922484439072108,1.474022885748566,0.1518251278787666,1.5882268573455445,-0.2020454871191189,-0.2073567129463963,1.910973700473624,0.4023489388231981,-0.2192296649910203,0.7396539195590717,-0.2886514946017978,-0.673136533919824,-193.94,6.22,74.3,41.1,95.0,9.9,0.7916666666666666,0.5454545454545454,5,5,5,5,0,4,0,4,3,0.8320502943378436,0.8320502943378436,0.8320502943378436,0.8320502943378436,-1.7103256050277895,0.3235751144647169,0.8320502943378436,0.3235751144647169,-1.7103256050277895,-1.2018504251546631,-0.1849000654084097,0.4,0.7,0.4760952285695233,0,0,0.7404670647553662,0.7,2.0,494.0,126.0,62.0,0.1255060728744939,0.492063492063492,0.1111111111111111,0,562.0,7432219.0,-0.7977119766339881,-0.70287777031615,-0.6450552541976357,-0.6028194775205034,-0.9942554810346128,1.4462904983191245,True,False,False,False,True,False,False,False,True,True,False,False,False,False,True,False,False,False,True,False,True,High,,False,False,
Math,22,Math-22,0.0,1.0,0.1428571428571428,0.0588235294117647,0.1428571428571428,0.0,1.0,7.0,17.0,7.0,0.0,1.0,0.0,0.0,0.0,0.0,1.0,0.0,0.0,0.0,0.000438307727543,0.1491459417180017,-0.2444803831824511,-0.1880624067773821,0.0619124374841446,0.5156424000511776,-0.3447299154714549,-0.2020454871191189,-0.2073567129463963,-0.5251530779927517,0.4023489388231981,-0.2192296649910203,0.0820612632219498,0.1330877844751946,0.2959479588785432,36.49,12.47,52.07,12.6,16.2,13.0,0.8333333333333334,0.6625659050966609,3,3,1,1,1,2,3,3,2,1.276884796138123,1.276884796138123,-0.5958795715311241,-0.5958795715311241,-0.5958795715311241,0.3405026123034994,0.3405026123034994,1.276884796138123,-1.5322617553657478,-1.5322617553657478,0.3405026123034994,0.2,0.3,0.1999999999999999,0,1,0.8758290811251457,0.6,2.0,152.0,77.0,15.0,0.0986842105263157,0.1948051948051948,0.0700934579439252,0,1035.0,9203375.0,0.9450653663523544,1.429999919366694,0.3976114586527468,0.392755606619754,0.7981041140531528,0.0940187774653885,False,False,False,False,True,True,False,False,False,True,False,False,False,False,False,False,True,False,False,True,False,Major,,False,False,
Lang,42,Lang-42,1.0,0.25,0.0833333333333333,0.0092592592592592,0.05,1.0,4.0,12.0,108.0,20.0,1.0,0.0,0.0,0.0,0.0,1.0,1.0,0.0,0.0,0.0,0.2373820518749078,-0.4554019288379759,0.6319534190877091,-0.6399373965609702,-0.7627101412056181,1.0976815322572482,0.1845320580379615,-0.2020454871191189,-0.2073567129463963,-0.5251530779927517,-0.4635308650875505,-0.2192296649910203,-0.0494572680454745,-0.2886514946017978,1.2650324516769105,36.28,12.14,55.99,12.7,21.3,13.2,0.8333333333333334,0.6000000000000001,5,5,4,4,2,3,1,5,3,1.079127485069423,1.079127485069423,0.4543694673976517,0.4543694673976517,-0.7951465679458909,-0.1703885502741196,0.4543694673976517,1.079127485069423,-2.0446626032894337,-1.4199045856176622,-0.1703885502741196,0.3,0.75,0.2516611478423583,0,8,0.9433758934820142,0.6,1.0,620.0,95.0,20.0,0.032258064516129,0.2105263157894736,0.0287769784172661,1,247.0,3856588.0,1.6421763035468917,0.5768488434935564,0.982522053666376,0.5020260426839287,0.5293559811415282,0.2661426107514756,True,True,False,False,True,True,False,False,False,True,False,False,False,False,False,True,False,False,True,False,True,Minor,lang.*,True,False,patch
Closure,102,Closure-102,0.0,0.0,0.0052631578947368,0.0058823529411764,0.0222222222222222,0.0,0.0,190.0,170.0,45.0,0.0,0.0,0.0,0.0,0.0,0.0,0.0,0.0,0.0,0.0,-1.0231586669890729,-0.7576758641159647,-2.4305524800325577,0.434599195160967,-1.39301571620413,-0.5945595962698408,1.5882268573455445,-0.2020454871191189,-0.2073567129463963,-0.5251530779927517,-0.4635308650875505,-0.2192296649910203,-0.3124943305803233,-0.4995211341402941,-0.673136533919824,-198.71,14.4,56.52,42.9,123.1,13.0,0.6458333333333334,0.3177257525083612,4,5,4,4,3,2,2,3,2,0.8426648406178135,1.5556889365251945,0.8426648406178135,0.8426648406178135,0.1296407447104327,-0.5833833511969481,0.1296407447104327,0.1296407447104327,-2.0094315430117096,-1.2964074471043288,-0.5833833511969481,0.2,0.7000000000000001,0.1154700538379251,0,12,0.8521138985289338,0.6,1.0,310.0,47.0,10.0,0.032258064516129,0.2127659574468085,0.0288184438040345,0,477.0,5533505.0,-0.7977119766339881,-0.70287777031615,-0.6450552541976357,-0.6028194775205034,-0.9942554810346128,1.4462904983191245,False,False,False,False,True,False,False,False,True,True,False,False,False,False,True,False,False,False,True,False,True,Medium,,False,False,
Closure,51,Closure-51,0.0,0.0,0.0030487804878048,0.0012658227848101,0.0040650406504065,0.0,0.0,328.0,790.0,246.0,0.0,0.0,0.0,0.0,0.0,0.0,0.0,0.0,0.0,0.0,-1.0231586669890729,-0.7576758641159647,-2.4305524800329605,-0.9492112343710924,-1.39301571620413,0.8872854978568949,1.5882268573455445,-0.2020454871191189,-0.2073567129463963,-0.5251530779927517,-0.4635308650875505,-0.2192296649910203,-0.1809757993128989,-0.9212604132172866,-0.673136533919824,-137.97,10.52,42.3,34.1,95.7,10.7,0.8958333333333334,0.6428571428571429,0,0,0,1,1,0,4,0,0,-0.6123724356957945,-0.6123724356957945,-0.6123724356957945,1.632993161855452,1.632993161855452,-0.6123724356957945,1.632993161855452,-0.6123724356957945,-0.6123724356957945,-0.6123724356957945,-0.6123724356957945,0.0,0.1,0.1154700538379251,-1,0,0.6015551623380972,1.0,1.0,183.0,31.0,3.0,0.0163934426229508,0.0967741935483871,0.0142180094786729,0,938.0,12296739.0,-0.7977119766339881,-0.70287777031615,-0.6450552541976357,-0.6028194775205034,-0.9942554810346128,1.4462904983191245,False,False,False,False,True,False,False,False,True,True,False,False,False,False,True,False,False,False,True,False,False,Medium,,False,False,
Closure,45,Closure-45,0.3333333333333333,0.0,0.0769230769230769,0.005813953488372,0.0125,3.0,0.0,13.0,172.0,80.0,0.0,0.0,0.0,0.0,0.0,1.0,0.0,0.0,0.0,0.0,-1.0231586669890729,-0.4554019288379759,0.7605025631411371,-0.3399242188617664,1.1096681845252594,-0.6100088686583147,1.5882268573455445,-0.2020454871191189,-0.2073567129463963,-0.5251530779927517,-0.4635308650875505,-0.2192296649910203,-0.3124943305803233,0.3439574240136908,-0.673136533919824,-11.07,7.99,42.76,16.4,47.2,9.9,0.8541666666666666,0.7083333333333333,4,5,4,4,1,2,1,2,2,0.8778086039709794,1.5215349135496974,0.8778086039709794,0.8778086039709794,-1.0533703247651751,-0.4096440151864569,0.8778086039709794,-0.4096440151864569,-1.6970966343438931,-1.0533703247651751,-0.4096440151864569,0.2,0.55,0.3,0,4,0.9003386006788001,0.6,1.0,452.0,63.0,23.0,0.0508849557522123,0.365079365079365,0.0467479674796747,0,921.0,11898880.0,-0.7977119766339881,-0.70287777031615,-0.6450552541976357,-0.6028194775205034,-0.9942554810346128,1.4462904983191245,False,False,False,False,True,False,False,False,True,True,False,False,False,False,True,False,False,False,True,False,True,High,,False,False,
Closure,116,Closure-116,0.0,1.0,0.04,0.0588235294117647,0.1111111111111111,0.0,1.0,25.0,17.0,9.0,0.0,1.0,0.0,0.0,0.0,0.0,1.0,0.0,0.0,0.0,-1.0231586669890729,2.869611359219901,0.5682121857413406,-0.2142751686328568,-0.9226620584791106,-0.7111042606514855,1.5882268573455445,-0.2020454871191189,-0.2073567129463963,-0.5251530779927517,1.2682287427339467,-0.2192296649910203,-0.3124943305803233,1.187435982167676,-0.673136533919824,1.29,9.48,47.77,15.8,38.0,12.4,0.7916666666666666,0.4117647058823527,5,5,5,5,5,4,1,4,3,0.82915619758885,0.82915619758885,0.82915619758885,0.82915619758885,0.82915619758885,0.0,0.0,0.0,-0.82915619758885,-2.48746859276655,-0.82915619758885,0.9,0.95,0.0999999999999999,0,25,0.6599241397281581,0.1999999999999999,1.0,458.0,263.0,71.0,0.1550218340611353,0.2699619771863117,0.1092307692307692,0,958.0,12796656.0,-0.7977119766339881,-0.70287777031615,-0.6450552541976357,-0.6028194775205034,-0.9942554810346128,1.4462904983191245,False,False,True,False,True,False,False,False,True,True,False,False,False,False,True,False,False,False,True,False,True,Medium,,False,False,
JacksonCore,2,JacksonCore-2,1.0,1.0,0.5,1.0,0.0625,1.0,1.0,2.0,1.0,16.0,1.0,1.0,0.0,1.0,0.0,1.0,1.0,1.0,1.0,0.0,-0.5419806019513472,-0.4554019288379759,-0.664642447085101,-1.100221836455597,-0.1064125837329401,0.7844427044092016,0.4146459595637947,-0.2020454871191189,-0.2073567129463963,-0.5251530779927517,1.2682287427339467,-0.2192296649910203,-0.3124943305803233,-0.2886514946017978,0.2959479588785432,22.0,14.47,59.56,14.0,23.9,14.3,0.9375,0.8571428571428571,1,3,2,3,1,0,3,1,0,-0.259160527674408,1.641350008604584,0.691094740465088,1.641350008604584,-0.259160527674408,-1.209415795813904,0.691094740465088,-0.259160527674408,-1.209415795813904,-0.259160527674408,-1.209415795813904,0.0,0.35,0.1914854215512676,-1,2,0.967293099806072,0.5,2.0,698.0,49.0,27.0,0.0386819484240687,0.5510204081632653,0.0375,0,137.0,1241676.0,-0.7977119766339881,-0.70287777031615,-0.6450552541976357,-0.5724665786137881,0.3600658186775123,0.6054956695294783,True,False,False,False,True,True,False,False,False,True,False,False,True,False,False,False,False,False,True,False,True,,,False,False,
JacksonDatabind,12,JacksonDatabind-12,0.2,0.0,0.25,0.0666666666666666,0.009009009009009,5.0,0.0,4.0,15.0,111.0,0.0,0.0,0.0,0.0,0.0,1.0,0.0,1.0,0.0,0.0,1.1662015289325776,-0.4554019288379759,0.7467292558407242,-0.1509307249912126,1.8463416241570776,-0.7728997419797681,0.4146459595637947,-0.2020454871191189,-0.2073567129463963,1.910973700473624,0.4023489388231981,-0.2192296649910203,0.4766168570242229,0.7656967030906834,0.2959479588785432,-4.94,8.83,43.29,16.1,25.7,11.5,0.7916666666666666,0.5238095238095237,5,5,5,5,3,4,1,4,3,0.900070320740819,0.900070320740819,0.900070320740819,0.900070320740819,-0.3375263702778071,0.281271975231506,0.281271975231506,0.281271975231506,-2.1939214068057464,-1.575123061296433,-0.3375263702778071,0.4,0.8500000000000001,0.1914854215512676,0,15,0.9803540735733052,0.8,1.0,302.0,90.0,42.0,0.1390728476821192,0.4666666666666667,0.12,0,655.0,4338469.0,-0.7977119766339881,-0.70287777031615,-0.6450552541976357,-0.183949472607834,-0.7276234751537882,-1.4180839481725875,True,True,False,False,True,True,False,False,False,True,False,False,False,False,False,True,False,False,True,False,True,,,False,False,
JacksonDatabind,13,JacksonDatabind-13,0.0,0.25,1.0,0.0089285714285714,0.0454545454545454,0.0,4.0,1.0,112.0,22.0,0.0,0.0,1.0,0.0,0.0,0.0,1.0,1.0,0.0,0.0,-0.383046028954038,-0.7576758641159647,-0.2863730324468815,-0.3018417413637146,-3.004289826939766,-0.1605494424701795,0.4146459595637947,-0.2020454871191189,-0.2073567129463963,-0.5251530779927517,-0.4635308650875505,-0.2192296649910203,-0.3124943305803233,-0.7103907736787903,-0.673136533919824,5.5,23.33,70.0,22.4,29.7,19.6,0.9375,0.7857142857142857,0,1,0,0,1,1,4,0,0,-0.7559289460184545,1.3228756555322954,-0.7559289460184545,-0.7559289460184545,1.3228756555322954,1.3228756555322954,1.3228756555322954,-0.7559289460184545,-0.7559289460184545,-0.7559289460184545,-0.7559289460184545,0.1,0.05,0.1,0,0,0.6532414133919566,0.7,2.0,203.0,58.0,20.0,0.0985221674876847,0.3448275862068966,0.0829875518672199,0,683.0,4684801.0,-0.7977119766339881,-0.70287777031615,-0.6450552541976357,-0.5967488977391603,4.733395015664583,-0.1872537404721882,True,False,False,False,True,False,False,False,True,True,False,False,True,False,False,False,False,False,True,False,False,,,False,False,
Collections,1,Collections-1,0.0,0.0,0.0,0.0,0.0,0.0,0.0,0.0,0.0,0.0,0.0,0.0,0.0,0.0,0.0,0.0,0.0,0.0,0.0,0.0,0.3117459346534653,0.1491459417180017,-0.805959094497194,-0.5786282866024681,-1.081014456579866,0.8363758455363293,0.1845320580379615,-0.2020454871191189,0.0891207790231942,0.6929103112404362,1.2682287427339467,-0.2192296649910203,0.2135797944893742,-0.2886514946017978,1.2650324516769105,50.53,9.92,41.95,9.3,14.9,10.9,0.9791666666666666,0.9428571428571428,5,5,3,3,5,3,2,4,3,1.3356461422412562,1.3356461422412562,-0.3928371006591931,-0.3928371006591931,1.3356461422412562,-0.3928371006591931,-0.3928371006591931,0.4714045207910316,-0.3928371006591931,-2.1213203435596424,-0.3928371006591931,0.8,0.75,0.1914854215512676,0,15,0.8022499665794576,0.6,1.0,261.0,79.0,24.0,0.0919540229885057,0.3037974683544304,0.0759493670886076,0,467.0,3611782.0,0.7707876320537201,-0.3473981553690093,0.943770213002947,0.5384495213719869,0.3487798078465779,-0.0766961883992958,True,True,False,False,True,True,False,False,False,True,False,False,False,False,False,True,False,False,True,False,True,Critical,Map,False,False,
JacksonCore,3,JacksonCore-3,1.0,1.0,1.0,1.0,1.0,1.0,1.0,1.0,1.0,1.0,1.0,1.0,1.0,1.0,1.0,1.0,1.0,1.0,1.0,1.0,-0.2685839740890033,-0.4554019288379759,0.7702900540299861,-0.6071786540669295,-1.546710917989482,0.4671210483526428,0.4146459595637947,-0.2020454871191189,-0.2073567129463963,-0.5251530779927517,-0.4635308650875505,-0.2192296649910203,-0.3124943305803233,0.3439574240136908,-0.673136533919824,1.9,14.79,51.58,15.5,23.6,13.7,0.2083333333333333,-3.505967446184705e-17,5,5,3,3,5,3,3,4,3,1.334248769989982,1.334248769989982,-0.2964997266644406,-0.2964997266644406,1.334248769989982,-0.2964997266644406,-1.111873974991652,0.5188745216627707,-0.2964997266644406,-1.9272482233188633,-0.2964997266644406,0.8,0.75,0.1914854215512676,0,15,0.7017248835286736,0.9,1.0,653.0,67.0,43.0,0.0658499234303215,0.6417910447761194,0.0635155096011816,0,143.0,1268535.0,-0.7977119766339881,-0.70287777031615,-0.6450552541976357,-0.5724665786137881,-0.1583853038685356,-0.0725006327885012,True,False,False,False,True,False,False,False,True,True,False,False,False,False,False,False,False,True,True,False,True,,,False,False,
Closure,44,Closure-44,1.0,0.0,0.0,0.0010917030567685,0.0036231884057971,1.0,0.0,0.0,916.0,276.0,1.0,0.0,0.0,0.0,0.0,1.0,0.0,0.0,0.0,0.0,-1.0231586669890729,-0.7576758641159647,-1.6176500867999974,0.1960334659432732,-0.4379098193951574,1.419071401647719,1.5882268573455445,-0.2020454871191189,-0.2073567129463963,-0.5251530779927517,-0.4635308650875505,-0.2192296649910203,-0.3124943305803233,-1.1321300527557827,0.2959479588785432,-84.53,11.47,39.27,28.0,94.5,0.0,0.8125,0.5662650602409638,1,2,3,3,1,0,3,2,0,-0.3405026123034994,0.5958795715311241,1.5322617553657478,1.5322617553657478,-0.3405026123034994,-1.276884796138123,0.5958795715311241,0.5958795715311241,-1.276884796138123,-0.3405026123034994,-1.276884796138123,0.0,0.4499999999999999,0.1914854215512676,0,3,0.9304711246979224,1.0,1.0,186.0,26.0,0.0,0.0,0.0,0.0,0,922.0,11905687.0,-0.7977119766339881,-0.70287777031615,-0.6450552541976357,-0.6028194775205034,-0.9942554810346128,1.4462904983191245,False,False,False,False,False,True,False,True,False,True,False,False,False,False,True,False,False,False,True,False,True,Medium,,False,False,
Closure,117,Closure-117,0.125,0.2,0.25,0.0666666666666666,0.0344827586206896,8.0,5.0,4.0,15.0,29.0,0.0,0.0,0.0,0.0,0.0,0.0,1.0,1.0,0.0,0.0,-1.0231586669890729,-0.4554019288379759,-0.6707540587738654,-0.6119891396321566,-0.6011343465993985,0.0714408048351406,1.5882268573455445,-0.2020454871191189,-0.2073567129463963,-0.5251530779927517,-0.4635308650875505,-0.2192296649910203,-0.3124943305803233,-0.4995211341402941,0.2959479588785432,-74.04,10.0,49.06,26.1,73.2,13.6,0.8541666666666666,0.6978417266187049,4,5,4,4,1,3,1,4,3,0.6504436355879909,1.3008872711759818,0.6504436355879909,0.6504436355879909,-1.3008872711759818,0.0,0.6504436355879909,0.6504436355879909,-1.9513309067639728,-1.3008872711759818,0.0,0.3,0.65,0.3,0,4,0.859085776276999,0.9,1.0,415.0,41.0,13.0,0.0313253012048192,0.3170731707317073,0.0293453724604966,0,958.0,12785344.0,-0.7977119766339881,-0.70287777031615,-0.6450552541976357,-0.6028194775205034,-0.9942554810346128,1.4462904983191245,True,False,False,False,True,True,False,False,False,True,False,False,False,False,True,False,False,False,True,False,True,Medium,,False,False,
Closure,103,Closure-103,0.125,0.3333333333333333,0.0147058823529411,0.0066225165562913,0.0038610038610038,8.0,3.0,68.0,151.0,259.0,0.0,0.0,0.0,0.0,0.0,0.0,1.0,0.0,0.0,0.0,-1.0231586669890729,1.0559677475519682,0.4614398110501173,0.4836665624912381,-0.9226620584791106,-1.3437963962214752,1.5882268573455445,-0.2020454871191189,-0.2073567129463963,0.6929103112404362,2.134108546644695,-0.2192296649910203,0.0820612632219498,1.398305621706172,-0.673136533919824,3.36,11.04,52.89,17.0,33.8,15.6,0.6458333333333334,0.1604938271604941,5,5,5,5,1,5,0,5,4,0.6659120918162919,0.6659120918162919,0.6659120918162919,0.6659120918162919,-1.426954482463482,0.6659120918162919,0.6659120918162919,0.6659120918162919,-1.9501711260334256,-1.426954482463482,0.1426954482463483,0.5,0.8,0.4,0,5,0.5861796283307583,0.5,2.0,617.0,91.0,27.0,0.0437601296596434,0.2967032967032967,0.039647577092511,0,478.0,5529639.0,-0.7977119766339881,-0.70287777031615,-0.6450552541976357,-0.6028194775205034,-0.9942554810346128,1.4462904983191245,True,False,False,False,True,False,False,False,True,True,False,False,False,False,True,False,False,False,True,False,True,Medium,,False,False,
Closure,50,Closure-50,0.0,0.0,0.1666666666666666,0.0085470085470085,0.0053763440860215,0.0,0.0,6.0,117.0,186.0,0.0,0.0,0.0,0.0,0.0,0.0,0.0,0.0,0.0,0.0,-1.0231586669890729,-0.7576758641159647,0.8602565907071867,-0.6372407416518758,0.5775185551070113,-0.8460823022784449,1.5882268573455445,-0.2020454871191189,-0.2073567129463963,-0.5251530779927517,-0.4635308650875505,-0.2192296649910203,-0.1809757993128989,-0.9212604132172866,-0.673136533919824,-19.73,7.54,48.36,17.6,45.7,11.0,0.6458333333333334,0.1968503937007874,4,4,5,5,1,4,0,3,2,0.5255883312276368,0.5255883312276368,1.1037354955780372,1.1037354955780372,-1.2088531618235645,0.5255883312276368,1.1037354955780372,-0.0525588331227636,-1.7870003261739649,-1.2088531618235645,-0.630705997473164,0.4,0.7000000000000001,0.3829708431025352,0,5,0.9248037837154,0.1999999999999999,1.0,229.0,105.0,26.0,0.1135371179039301,0.2476190476190476,0.0844155844155844,0,940.0,12311704.0,-0.7977119766339881,-0.70287777031615,-0.6450552541976357,-0.6028194775205034,-0.9942554810346128,1.4462904983191245,False,False,False,False,True,False,False,False,True,True,False,False,False,False,True,False,False,False,True,False,True,Low,,False,False,
Math,23,Math-23,0.1428571428571428,1.0,1.0,0.3333333333333333,0.25,7.0,1.0,1.0,3.0,4.0,0.0,1.0,1.0,0.0,0.0,0.0,1.0,1.0,1.0,1.0,-0.139540765737977,-0.4554019288379759,0.1057247938611862,-0.4019915320737343,1.474022885748566,0.2904743047324198,-0.5748438169972881,-0.2020454871191189,-0.2073567129463963,-0.5251530779927517,-0.4635308650875505,-0.2192296649910203,-0.0494572680454745,-0.4995211341402941,-0.673136533919824,39.74,12.11,50.52,11.3,17.8,11.8,0.7916666666666666,0.5869191049913941,3,4,0,3,1,2,3,3,2,0.8845379626717033,1.6329931618554518,-1.3608276348795434,0.8845379626717033,-0.6123724356957945,0.1360827634879543,0.1360827634879543,0.8845379626717033,-1.3608276348795434,-1.3608276348795434,0.1360827634879543,0.2,0.35,0.3,-3,0,0.9738382488570304,0.6,1.0,163.0,63.0,13.0,0.0797546012269938,0.2063492063492063,0.0610328638497652,1,1035.0,9191206.0,0.7707876320537201,1.2167121503984095,0.7075934543650226,0.3441909683690098,0.1234443415971268,0.3901196542730171,False,False,False,False,True,False,False,False,True,True,False,False,False,False,False,True,False,False,True,False,False,Minor,,True,False,patch
Closure,78,Closure-78,0.3333333333333333,1.0,1.0,0.0476190476190476,0.0263157894736842,3.0,1.0,1.0,21.0,38.0,0.0,1.0,1.0,0.0,0.0,1.0,1.0,1.0,0.0,0.0,-1.0231586669890729,-0.4554019288379759,1.0100477729132826,-0.3779224315265847,1.1096681845252594,0.0176449786390057,1.5882268573455445,-0.2020454871191189,-0.2073567129463963,-0.5251530779927517,-0.4635308650875505,-0.2192296649910203,-0.0494572680454745,-0.0777818550633016,1.2650324516769105,11.48,9.77,39.16,13.9,35.0,10.9,0.6458333333333334,0.3523809523809524,3,4,4,4,1,0,2,2,1,0.6041220933301771,1.2686563959933717,1.2686563959933717,1.2686563959933717,-0.7249465119962123,-1.389480814659407,0.6041220933301771,-0.0604122093330176,-1.389480814659407,-0.7249465119962123,-0.7249465119962123,0.0,0.55,0.3,0,4,0.9550759028069606,0.5,1.0,395.0,88.0,26.0,0.0658227848101265,0.2954545454545454,0.0568927789934354,0,565.0,7466037.0,-0.7977119766339881,-0.70287777031615,-0.6450552541976357,-0.6028194775205034,-0.9942554810346128,1.4462904983191245,True,False,False,False,True,True,False,False,False,True,False,False,False,False,True,False,False,False,True,False,True,Medium,,False,False,
Lang,43,Lang-43,1.0,1.0,1.0,1.0,1.0,1.0,1.0,1.0,1.0,1.0,1.0,1.0,1.0,1.0,1.0,1.0,1.0,1.0,1.0,1.0,0.5866006778644084,0.1491459417180017,1.016712019758332,-0.3779464041957181,0.7530246939098532,0.0062741777465924,0.1845320580379615,-0.2020454871191189,-0.2073567129463963,0.6929103112404362,0.4023489388231981,-0.2192296649910203,0.4766168570242229,-0.0777818550633016,-0.673136533919824,1.29,10.22,54.0,15.8,24.5,12.2,0.9166666666666666,0.6999999999999997,5,5,4,4,5,3,1,5,3,0.99124070716193,0.99124070716193,0.1524985703326045,0.1524985703326045,0.99124070716193,-0.6862435664967211,0.1524985703326045,0.99124070716193,-0.6862435664967211,-2.3637278401553723,-0.6862435664967211,0.8,0.9,0.1154700538379251,0,20,0.8596508724260119,0.6,1.0,238.0,94.0,33.0,0.1386554621848739,0.351063829787234,0.1103678929765886,3,247.0,3856213.0,1.6421763035468917,2.283150995239831,0.1687333997343701,0.6537905372175045,-0.1232575951572521,-0.3472969260294453,True,True,False,False,True,False,False,False,True,True,False,False,False,False,False,False,True,False,False,True,True,Major,lang.text.*,False,True,java
Lang,57,Lang-57,1.0,1.0,0.3333333333333333,0.25,0.5,1.0,1.0,3.0,4.0,2.0,1.0,1.0,0.0,0.0,0.0,1.0,1.0,1.0,1.0,1.0,-0.2029687834020408,-0.1531279935599871,-0.7119705356494502,-0.3001584274010095,-0.9226620584791106,0.0234508606707498,-0.5748438169972881,-0.2020454871191189,-0.2073567129463963,0.6929103112404362,-0.4635308650875505,-0.2192296649910203,-0.0494572680454745,-0.4995211341402941,-0.673136533919824,20.58,14.34,57.5,14.6,21.6,13.3,0.8125,0.5662650602409638,5,5,1,2,4,3,3,4,3,1.389480814659407,1.389480814659407,-1.2686563959933717,-0.6041220933301771,0.7249465119962123,0.0604122093330176,-0.6041220933301771,0.7249465119962123,0.0604122093330176,-1.9331906986565663,0.0604122093330176,0.8,0.55,0.3,-1,4,0.8536542490739668,0.9,1.0,174.0,58.0,15.0,0.0862068965517241,0.2586206896551724,0.0691244239631336,0,221.0,3403666.0,0.2479544291578174,0.5768488434935564,0.7647476251493602,0.3563321279316959,0.1743168904183841,0.4565793842555102,True,False,False,False,True,False,False,False,True,True,False,False,False,True,False,False,False,False,True,False,False,Major,,False,False,
Math,37,Math-37,1.0,1.0,1.0,1.0,1.0,1.0,1.0,1.0,1.0,1.0,1.0,1.0,1.0,1.0,1.0,1.0,1.0,1.0,1.0,1.0,0.3292433188366553,0.1491459417180017,0.5832702006872859,-0.7299741455635799,1.1096681845252594,-0.195022654809716,-0.3447299154714549,-0.2020454871191189,-0.2073567129463963,-0.5251530779927517,0.4023489388231981,-0.2192296649910203,1.0026909820939205,-0.4995211341402941,0.2959479588785432,49.52,10.07,50.65,9.7,14.3,11.4,0.9166666666666666,0.764705882352941,5,5,3,3,5,4,3,4,3,1.2532566273166257,1.2532566273166257,-0.3686048903872428,-0.3686048903872428,1.2532566273166257,0.4423258684646913,-1.179535649239177,0.4423258684646913,-0.3686048903872428,-1.9904664080911112,-0.3686048903872428,0.9,0.75,0.1914854215512676,0,15,0.8159815524002294,0.7,1.0,293.0,83.0,24.0,0.0819112627986348,0.2891566265060241,0.0681818181818181,0,984.0,8501651.0,0.5965098977550859,1.0034243814301251,1.0514871938301054,0.8176961913137664,0.2953372271471534,-0.3493768495984618,False,True,False,False,True,True,False,False,False,True,False,False,False,False,False,True,False,False,True,False,True,Minor,,False,False,
Closure,87,Closure-87,0.1666666666666666,0.3333333333333333,0.0077519379844961,0.0666666666666666,0.1666666666666666,6.0,3.0,129.0,15.0,6.0,0.0,0.0,0.0,0.0,0.0,0.0,1.0,0.0,0.0,0.0,-1.0231586669890729,3.1718852944978897,0.6456809718575443,-0.2031851955968402,-1.081014456579866,-0.656065303299211,1.5882268573455445,-0.2020454871191189,-0.2073567129463963,0.6929103112404362,0.4023489388231981,3.1090752489635607,0.2135797944893742,-0.0777818550633016,-0.673136533919824,10.97,7.06,50.09,14.1,36.0,11.3,0.6875,0.2913385826771653,5,5,5,5,1,4,0,3,3,0.8977584024968696,0.8977584024968696,0.8977584024968696,0.8977584024968696,-1.296762136939923,0.3491282676376714,0.8977584024968696,-0.1995018672215266,-1.845392271799121,-1.296762136939923,-0.1995018672215266,0.4,0.7000000000000001,0.3829708431025352,0,5,0.2838729771766796,0.7,1.0,434.0,276.0,76.0,0.1751152073732718,0.2753623188405797,0.1198738170347003,0,547.0,7083520.0,-0.7977119766339881,-0.70287777031615,-0.6450552541976357,-0.6028194775205034,-0.9942554810346128,1.4462904983191245,True,False,False,False,True,False,False,False,True,True,False,False,False,False,True,False,False,False,True,False,True,Medium,,False,False,
Compress,32,Compress-32,1.0,1.0,1.0,1.0,1.0,1.0,1.0,1.0,1.0,1.0,1.0,1.0,1.0,1.0,1.0,1.0,1.0,1.0,1.0,1.0,1.0925667038283196,0.4514198769959905,1.0944071913345257,-0.3859796816715531,0.2319908443389094,-0.685748153974561,-1.1731399609644546,0.958789249654718,-0.2073567129463963,0.6929103112404362,-0.4635308650875505,-0.2192296649910203,-0.0494572680454745,0.5548270635521871,0.2959479588785432,25.25,8.75,43.36,12.8,22.4,10.7,0.9583333333333334,0.873684210526316,5,5,3,3,5,3,1,5,4,1.0493443645942062,1.0493443645942062,-0.599625351196689,-0.599625351196689,1.0493443645942062,-0.599625351196689,0.2248595066987586,1.0493443645942062,-0.599625351196689,-2.2485950669875843,0.2248595066987586,0.8,0.8,0.2309401076758503,0,15,0.9003459187336307,0.6,1.0,333.0,128.0,48.0,0.1441441441441441,0.375,0.1162227602905569,0,254.0,1966353.0,0.5965098977550859,1.0034243814301251,4.3597449674842,0.5930847394040741,-0.5692955445214588,-0.7496401299443377,True,True,False,False,True,True,False,False,False,True,False,True,False,False,False,False,False,False,True,False,True,Minor,Archivers,False,False,
Compress,26,Compress-26,0.2,0.5,1.0,1.0,1.0,5.0,2.0,1.0,1.0,1.0,0.0,0.0,1.0,1.0,1.0,1.0,1.0,1.0,1.0,1.0,0.2927904351216761,0.7536938122739794,0.8028284879168665,0.1081096463686335,2.226888400983462,-0.2021779105812154,-1.1731399609644546,-0.2020454871191189,-0.2073567129463963,-0.5251530779927517,1.2682287427339467,-0.2192296649910203,-0.0494572680454745,0.7656967030906834,-0.673136533919824,62.88,9.71,43.94,8.7,12.9,10.5,0.9375,0.8043478260869565,5,5,3,3,5,3,2,5,4,1.0119288512538815,1.0119288512538815,-0.3794733192202055,-0.3794733192202055,1.0119288512538815,-0.3794733192202055,-0.3794733192202055,1.0119288512538815,-0.3794733192202055,-2.466576574931336,0.316227766016838,0.8,0.8,0.2309401076758503,0,15,0.9569608268366828,0.9,1.0,135.0,80.0,25.0,0.1851851851851851,0.3125,0.131578947368421,0,222.0,1784269.0,0.7707876320537201,0.0436294210728453,0.8715508735847388,0.4656025639958704,1.022576358320343,-0.5861864191584929,False,True,False,False,True,False,False,False,True,True,False,False,False,False,False,True,False,False,True,False,False,Major,,False,False,
Codec,3,Codec-3,1.0,1.0,1.0,1.0,1.0,1.0,1.0,1.0,1.0,1.0,1.0,1.0,1.0,1.0,1.0,1.0,1.0,1.0,1.0,1.0,1.0575719354619395,2.265063488663923,0.3997740429973129,-0.4063277012568159,-0.4379098193951574,0.5186335150842991,0.1845320580379615,-0.2020454871191189,-0.2073567129463963,-0.5251530779927517,1.2682287427339467,-0.2192296649910203,-0.0494572680454745,0.5548270635521871,2.2341169444752773,37.13,13.57,53.68,14.4,20.0,14.9,0.9583333333333334,0.8636363636363638,5,5,4,4,5,3,1,5,4,0.9370425713316364,0.9370425713316364,0.0780868809443029,0.0780868809443029,0.9370425713316364,-0.7808688094430304,0.0780868809443029,0.9370425713316364,-0.7808688094430304,-2.498780190217697,0.0780868809443029,0.8,0.9,0.1154700538379251,0,20,0.7786631804446189,0.9,1.0,326.0,105.0,27.0,0.0828220858895705,0.2571428571428571,0.0668316831683168,1,56.0,651756.0,0.5965098977550859,1.0034243814301251,0.35092488942064,0.6720022765615336,2.708966822865729,-1.386607305903448,False,True,False,True,True,True,False,False,False,True,False,False,False,False,False,True,False,False,True,False,True,Minor,,True,False,patch
Jsoup,53,Jsoup-53,0.0,0.0,0.0833333333333333,0.1428571428571428,0.037037037037037,0.0,0.0,12.0,7.0,27.0,0.0,0.0,0.0,0.0,0.0,0.0,0.0,0.0,0.0,0.0,-0.4515774503381989,-0.1531279935599871,-0.8677679946576108,-0.1456635871158331,-0.1064125837329401,0.1441699214613331,-0.5748438169972881,-0.2020454871191189,-0.2073567129463963,0.6929103112404362,-0.4635308650875505,-0.2192296649910203,-0.3124943305803233,-0.9212604132172866,-0.673136533919824,-9.61,13.89,49.56,17.9,28.6,14.1,0.9791666666666666,0.877551020408163,0,0,0,0,0,0,4,0,0,-0.3162277660168379,-0.3162277660168379,-0.3162277660168379,-0.3162277660168379,-0.3162277660168379,-0.3162277660168379,3.1622776601683795,-0.3162277660168379,-0.3162277660168379,-0.3162277660168379,-0.3162277660168379,0.0,0.0,0.0,0,0,0.9728167045905248,0.5,1.0,180.0,42.0,8.0,0.0444444444444444,0.1904761904761904,0.0373831775700934,0,84.0,828659.0,-0.7977119766339881,-0.70287777031615,-0.6450552541976357,-0.6028194775205034,-0.2536110202545443,-0.6807202292737308,True,False,False,False,True,False,False,False,True,True,False,True,False,False,False,False,False,False,True,False,False,,,False,False,
Jsoup,47,Jsoup-47,0.1111111111111111,1.0,0.0526315789473684,0.05,0.0357142857142857,9.0,1.0,19.0,20.0,28.0,0.0,1.0,0.0,0.0,0.0,0.0,1.0,0.0,0.0,0.0,-0.5871821777579215,-0.1531279935599871,-0.6120478131184879,-1.1632409817918348,1.6591705192506263,0.1321690301536255,-0.5748438169972881,-0.2020454871191189,-0.2073567129463963,-0.5251530779927517,-0.4635308650875505,-0.2192296649910203,-0.3124943305803233,-0.2886514946017978,-0.673136533919824,11.96,18.54,65.04,17.9,25.6,18.6,0.8958333333333334,0.6449704142011837,1,1,0,0,1,0,4,0,0,1.3228756555322954,1.3228756555322954,-0.7559289460184545,-0.7559289460184545,1.3228756555322954,-0.7559289460184545,1.3228756555322954,-0.7559289460184545,-0.7559289460184545,-0.7559289460184545,-0.7559289460184545,0.0,0.05,0.1,0,0,0.753999391817953,1.0,1.0,166.0,43.0,4.0,0.0240963855421686,0.0930232558139534,0.0195121951219512,0,83.0,800703.0,-0.7977119766339881,-0.70287777031615,-0.6450552541976357,-0.554254839269759,1.4498712395396132,0.1373608198004443,False,False,False,False,True,False,False,False,True,True,False,False,False,False,False,True,False,False,True,False,False,,,False,False,
Jsoup,90,Jsoup-90,0.3333333333333333,1.0,0.1111111111111111,1.0,0.3333333333333333,3.0,1.0,9.0,1.0,3.0,0.0,1.0,0.0,1.0,0.0,1.0,1.0,0.0,1.0,1.0,0.3751739523175291,-0.1531279935599871,0.2639855375427445,1.3250526346580294,1.474022885748566,0.1854200057786929,-0.5748438169972881,1.3457341619126637,2.1644632228103284,3.1290370897068125,-0.4635308650875505,-0.2192296649910203,0.3450983257567985,0.1330877844751946,-0.673136533919824,-104.03,14.29,52.15,29.3,58.1,11.9,0.9166666666666666,0.826086956521739,5,5,4,3,2,3,2,1,3,1.473139127471974,1.473139127471974,0.8249579113843055,0.176776695296637,-0.4714045207910315,0.176776695296637,0.176776695296637,-1.1195857368787,-1.7677669529663689,-1.1195857368787,0.176776695296637,0.3,0.4999999999999999,0.2581988897471611,1,8,0.9469539121281592,0.6,1.0,373.0,88.0,48.0,0.128686327077748,0.5454545454545454,0.1162227602905569,0,115.0,1089247.0,-0.7977119766339881,-0.70287777031615,-0.6450552541976357,-0.4631961425496136,-0.9441195483048852,-0.9296883052223875,True,True,False,False,True,False,False,False,True,True,False,True,False,False,False,False,False,False,True,False,True,,,False,False,
Jsoup,84,Jsoup-84,0.5,1.0,0.0555555555555555,1.0,1.0,2.0,1.0,18.0,1.0,1.0,0.0,1.0,0.0,1.0,1.0,1.0,1.0,0.0,1.0,1.0,0.3241399151165582,1.3582416828299568,0.8269281949032402,-0.2740646276630401,0.0619124374841446,0.3687883427505848,-0.5748438169972881,-0.2020454871191189,-0.2073567129463963,-0.5251530779927517,0.4023489388231981,-0.2192296649910203,-0.3124943305803233,-0.0777818550633016,-0.673136533919824,38.15,13.65,54.79,14.0,18.8,14.0,0.8958333333333334,0.7540983606557379,5,5,3,2,5,3,4,2,3,1.414213562373095,1.414213562373095,0.0,-0.7071067811865475,1.414213562373095,0.0,-1.414213562373095,-0.7071067811865475,0.0,-1.414213562373095,0.0,0.8,0.6,0.282842712474619,1,15,0.990671353409477,0.9,1.0,113.0,108.0,22.0,0.1946902654867256,0.2037037037037037,0.1105527638190954,0,114.0,1075066.0,-0.7977119766339881,-0.70287777031615,-0.6450552541976357,-0.5056902010190149,1.385682052938674,-0.7491415533781167,True,False,False,False,True,False,False,False,True,True,False,True,False,False,False,False,False,False,True,False,True,,,False,False,
Csv,15,Csv-15,1.0,1.0,1.0,1.0,0.5,1.0,1.0,1.0,1.0,2.0,1.0,1.0,1.0,1.0,0.0,1.0,1.0,1.0,1.0,1.0,-0.0294530569187398,0.4514198769959905,-0.900970963367951,0.632145344297647,-1.39301571620413,1.5822768446546929,0.1845320580379615,-0.2020454871191189,-0.2073567129463963,-0.5251530779927517,1.2682287427339467,-0.2192296649910203,-0.0494572680454745,-0.4995211341402941,-0.673136533919824,46.4,14.74,59.6,12.9,19.1,14.1,0.6666666666666666,0.3333333333333332,3,5,3,3,1,2,3,3,1,0.6123724356957946,2.109282834063292,0.6123724356957946,0.6123724356957946,-0.884537962671703,-0.1360827634879542,-0.1360827634879542,0.6123724356957946,-1.6329931618554518,-0.884537962671703,-0.884537962671703,0.2,0.5,0.1999999999999999,0,3,0.7773403600553844,0.6,1.0,427.0,75.0,26.0,0.0608899297423887,0.3466666666666667,0.0546218487394958,1,31.0,375881.0,3.0363981779359657,3.9894531469861065,0.155712781271458,0.4898848831212426,1.2461940128250943,0.3549139594714802,False,False,False,False,True,False,False,False,True,True,False,False,False,False,False,True,False,False,True,False,True,Major,Printer,True,False,patch
Gson,10,Gson-10,0.3333333333333333,0.3333333333333333,0.5,0.0476190476190476,0.1666666666666666,3.0,3.0,2.0,21.0,6.0,0.0,0.0,0.0,0.0,0.0,1.0,1.0,1.0,0.0,0.0,1.620404460021218,0.4514198769959905,0.9747121457461558,-0.0659851040037637,-0.9226620584791106,-0.3151557390231839,0.4146459595637947,-0.2020454871191189,-0.2073567129463963,1.910973700473624,-0.4635308650875505,-0.2192296649910203,-0.1809757993128989,0.5548270635521871,-0.673136533919824,-8.09,10.84,45.99,17.3,32.6,12.8,0.9791666666666666,0.9285714285714284,5,5,4,4,5,3,1,5,4,0.9370425713316364,0.9370425713316364,0.0780868809443029,0.0780868809443029,0.9370425713316364,-0.7808688094430304,0.0780868809443029,0.9370425713316364,-0.7808688094430304,-2.498780190217697,0.0780868809443029,0.8,0.9,0.1154700538379251,0,20,0.9190628842773924,0.6,1.0,148.0,114.0,37.0,0.25,0.3245614035087719,0.1644444444444444,0,190.0,1222484.0,-0.7977119766339881,-0.70287777031615,-0.6450552541976357,-0.2143023715145492,0.0996194148867191,-1.351910281091921,True,True,True,False,True,False,False,False,True,True,False,False,False,False,False,True,False,False,True,False,True,,,False,False,
Collections,22,Collections-22,0.0,0.0,0.0,0.0,0.2,0.0,0.0,0.0,0.0,5.0,0.0,0.0,0.0,0.0,0.0,0.0,0.0,0.0,0.0,1.0,0.3204946267450603,-0.1531279935599871,0.9595697833177538,-0.3225085253502026,-0.1064125837329401,0.9024996545841544,0.1845320580379615,0.5718443373967723,0.3855982709927849,0.6929103112404362,-0.4635308650875505,-0.2192296649910203,0.3450983257567985,-0.2886514946017978,-0.673136533919824,26.77,9.99,46.5,12.2,21.5,11.6,0.8541666666666666,0.4683544303797467,5,5,5,4,5,4,3,5,4,0.8320502943378436,0.8320502943378436,0.8320502943378436,0.0693375245281535,0.8320502943378436,0.0693375245281535,-1.4560880150912263,0.8320502943378436,-0.6933752452815364,-2.2188007849009166,0.0693375245281535,0.9,0.95,0.0999999999999999,1,25,0.8358036186836949,0.7,1.0,267.0,97.0,24.0,0.0898876404494382,0.2474226804123711,0.0705882352941176,1,462.0,3540482.0,1.1193431006509886,1.6432876883349783,0.4549008384796908,0.4534614044331844,-0.6083407356807876,-0.3272170379273127,True,False,False,False,True,False,False,False,True,True,False,True,False,False,False,False,False,False,True,False,True,Major,Map,False,True,java
Time,2,Time-2,0.0,1.0,0.0064102564102564,0.0039525691699604,0.0035714285714285,0.0,1.0,156.0,253.0,280.0,0.0,1.0,0.0,0.0,0.0,0.0,1.0,0.0,0.0,0.0,-0.587911235432221,-0.4554019288379759,-1.3467965445390315,-0.6240923634917463,0.7530246939098532,0.5849260700094104,-0.989048839743788,-0.2020454871191189,-0.2073567129463963,0.6929103112404362,-0.4635308650875505,-0.2192296649910203,-0.3124943305803233,-0.4995211341402941,-0.673136533919824,-4.44,13.77,58.95,15.9,29.8,12.8,0.8541666666666666,0.6626506024096385,5,5,4,3,4,3,3,3,3,1.5212174611483278,1.5212174611483278,0.6405126152203484,-0.2401922307076309,0.6405126152203484,-0.2401922307076309,-1.12089707663561,-0.2401922307076309,-0.2401922307076309,-2.0016019225635895,-0.2401922307076309,0.8,0.7000000000000001,0.1154700538379251,1,16,0.8173475759902793,0.9,2.0,365.0,44.0,13.0,0.0356164383561643,0.2954545454545454,0.0328282828282828,0,317.0,5623553.0,-0.7977119766339881,-0.70287777031615,-0.6450552541976357,-0.5785371583951312,-0.5229362787200238,0.1700840617634112,True,False,False,False,True,False,False,False,True,True,False,False,False,True,False,False,False,False,True,False,True,,,False,False,
Collections,20,Collections-20,0.0,0.0,0.0,0.0,0.0,0.0,0.0,0.0,0.0,0.0,0.0,0.0,0.0,0.0,0.0,0.0,0.0,0.0,0.0,0.0,0.3584056258086387,0.4514198769959905,1.0254706305074015,-0.1398677888000841,-0.2730111944760022,0.8595681417648018,0.1845320580379615,-0.2020454871191189,-0.2073567129463963,-0.5251530779927517,2.134108546644695,-0.2192296649910203,0.2135797944893742,-0.4995211341402941,-0.673136533919824,31.89,10.91,52.07,12.3,15.8,12.7,0.8541666666666666,0.6557377049180327,5,5,2,2,5,2,2,4,3,1.3608276348795434,1.3608276348795434,-0.884537962671703,-0.884537962671703,1.3608276348795434,-0.884537962671703,-0.1360827634879542,0.6123724356957946,-0.1360827634879542,-1.6329931618554518,-0.1360827634879542,0.7,0.65,0.3,0,10,0.8484320403527412,0.6,1.0,262.0,98.0,19.0,0.0725190839694656,0.1938775510204081,0.0557184750733137,2,489.0,3727553.0,1.1193431006509886,1.6432876883349783,0.3660154976572806,0.5141672022466147,0.2687382310324514,-0.3951763233777039,False,False,True,False,True,False,False,False,True,True,False,False,False,False,False,True,False,False,True,False,True,Major,Collection,True,True,patch
Gson,12,Gson-12,1.0,1.0,0.1,1.0,1.0,1.0,1.0,10.0,1.0,1.0,1.0,1.0,0.0,1.0,1.0,1.0,1.0,0.0,1.0,1.0,-0.1147528048117911,0.7536938122739794,0.7105362285571147,-0.1383836462613846,-1.9988434047949355,0.1016042335228682,0.4146459595637947,-0.0085730309901461,-0.2073567129463963,1.910973700473624,0.4023489388231981,-0.2192296649910203,-0.3124943305803233,-0.0777818550633016,-0.673136533919824,3.87,13.26,52.26,16.8,26.5,15.1,1.0,1.0,5,5,4,4,5,3,1,5,3,0.99124070716193,0.99124070716193,0.1524985703326045,0.1524985703326045,0.99124070716193,-0.6862435664967211,0.1524985703326045,0.99124070716193,-0.6862435664967211,-2.3637278401553723,-0.6862435664967211,0.8,0.9,0.1154700538379251,0,20,0.9604088508520082,0.6,1.0,136.0,58.0,22.0,0.1617647058823529,0.3793103448275862,0.127906976744186,0,193.0,1243324.0,-0.7977119766339881,-0.70287777031615,-0.6450552541976357,-0.4935490414563288,0.0228962451033479,-0.6922175845580169,True,True,False,False,True,False,False,False,True,True,False,True,False,False,False,False,False,False,True,False,True,,,False,False,
JxPath,8,JxPath-8,0.0,0.3333333333333333,0.04,0.0119047619047619,0.0065359477124183,0.0,3.0,25.0,84.0,153.0,0.0,0.0,0.0,0.0,0.0,0.0,1.0,0.0,0.0,0.0,-0.4122083359260213,-0.7576758641159647,-1.3201350811721473,0.2133642637618898,0.0619124374841446,1.1306761651135293,-0.5748438169972881,-0.2020454871191189,-0.2073567129463963,-0.5251530779927517,-0.4635308650875505,-0.2192296649910203,-0.1809757993128989,-0.9212604132172866,0.2959479588785432,30.54,17.8,72.91,17.0,24.3,0.0,0.9375,0.8571428571428571,1,4,2,3,1,0,3,1,0,-0.2964997266644404,2.1496230183171936,0.5188745216627709,1.3342487699899823,-0.2964997266644404,-1.1118739749916515,0.5188745216627709,-0.2964997266644404,-1.1118739749916515,-0.2964997266644404,-1.1118739749916515,0.0,0.35,0.1914854215512676,-1,2,0.923137310424746,1.0,1.0,99.0,40.0,3.0,0.0303030303030303,0.075,0.0220588235294117,0,209.0,1190161.0,0.4222321634564516,0.7901366124618407,0.5906978869583731,0.2834851705555795,3.597740175801812,0.3202259954758481,False,False,False,False,True,True,False,False,False,True,False,False,False,False,False,True,False,False,True,False,True,Major,,False,False,
JacksonXml,5,JacksonXml-5,0.125,0.0,0.0833333333333333,0.0212765957446808,0.0,8.0,0.0,12.0,47.0,0.0,0.0,0.0,0.0,0.0,0.0,0.0,0.0,0.0,0.0,0.0,0.0368911914425222,0.1491459417180017,0.0663886292596135,0.7340120647808488,-0.9226620584791106,-0.2614389834459978,0.4146459595637947,-0.2020454871191189,-0.2073567129463963,-0.5251530779927517,0.4023489388231981,-0.2192296649910203,-0.1809757993128989,0.1330877844751946,0.2959479588785432,-1.96,13.6,57.54,17.0,28.1,14.3,0.8541666666666666,0.6056338028169013,5,5,5,4,4,3,1,5,3,0.99124070716193,0.99124070716193,0.99124070716193,0.1524985703326045,0.1524985703326045,-0.6862435664967211,0.1524985703326045,0.99124070716193,-0.6862435664967211,-2.3637278401553723,-0.6862435664967211,0.8,0.9,0.1154700538379251,1,20,0.9994412285642328,0.6,1.0,127.0,74.0,20.0,0.1574803149606299,0.2702702702702703,0.1104972375690607,0,115.0,514840.0,-0.7977119766339881,-0.70287777031615,-0.6450552541976357,-0.4692667223309566,-0.2818260473318803,-0.2656937458409785,True,True,False,False,True,True,False,False,False,True,False,False,False,False,False,True,False,False,True,False,True,,,False,False,
Jsoup,92,Jsoup-92,0.1111111111111111,1.0,0.0238095238095238,0.0285714285714285,0.037037037037037,9.0,1.0,42.0,35.0,27.0,0.0,1.0,0.0,0.0,0.0,0.0,1.0,0.0,0.0,0.0,-0.5864531200836219,-0.7576758641159647,-2.4305524800326803,-0.3731407852625709,-0.6011343465993985,0.19448544220796,-0.5748438169972881,-0.2020454871191189,-0.2073567129463963,-0.5251530779927517,0.4023489388231981,-0.2192296649910203,-0.3124943305803233,-0.7103907736787903,-0.673136533919824,21.74,15.71,68.44,16.2,27.2,15.0,0.9375,0.8378378378378378,1,2,1,2,1,0,4,0,0,0.3638034375544994,1.697749375254331,0.3638034375544994,1.697749375254331,0.3638034375544994,-0.970142500145332,0.3638034375544994,-0.970142500145332,-0.970142500145332,-0.970142500145332,-0.970142500145332,0.0,0.2,0.1632993161855452,-1,1,0.8130867830549227,1.0,5.0,536.0,36.0,13.0,0.0242537313432835,0.3611111111111111,0.0232558139534883,0,117.0,1101126.0,-0.7977119766339881,-0.70287777031615,-0.6450552541976357,-0.6028194775205034,1.264710124344596,-0.2320083771514024,False,False,False,False,True,False,False,False,True,True,False,False,False,False,False,True,False,False,True,False,False,,,False,False,
Jsoup,86,Jsoup-86,0.0,0.0,0.25,0.0285714285714285,0.0138888888888888,0.0,0.0,4.0,35.0,72.0,0.0,0.0,0.0,0.0,0.0,0.0,0.0,1.0,0.0,0.0,-0.3626324140736496,-0.4554019288379759,0.3840927717717992,-0.6742767130071428,-0.1064125837329401,-0.3813911898100356,-0.5748438169972881,-0.2020454871191189,-0.2073567129463963,0.6929103112404362,-0.4635308650875505,-0.2192296649910203,0.0820612632219498,-0.7103907736787903,-0.673136533919824,19.43,10.09,45.68,12.9,24.7,12.0,0.875,0.7288135593220338,3,1,1,2,1,2,4,0,1,2.121320343559643,-0.1010152544552209,-0.1010152544552209,1.0101525445522108,-0.1010152544552209,1.0101525445522108,-0.1010152544552209,-1.212183053462653,-1.212183053462653,-1.212183053462653,-0.1010152544552209,0.2,0.2,0.1632993161855452,-1,1,0.9409355542695408,0.9,1.0,66.0,48.0,9.0,0.1363636363636363,0.1875,0.0857142857142857,0,115.0,1083167.0,-0.7977119766339881,-0.70287777031615,-0.6450552541976357,-0.5785371583951312,-0.3407456626992582,-0.7009774742984245,True,False,False,False,True,False,False,False,True,True,False,True,False,False,False,False,False,False,True,False,False,,,False,False,
Lang,8,Lang-8,0.3333333333333333,1.0,0.25,0.5,0.3333333333333333,3.0,1.0,4.0,2.0,3.0,0.0,1.0,0.0,0.0,0.0,1.0,1.0,1.0,1.0,1.0,0.8082342108514818,0.1491459417180017,1.0379791234364468,0.0203548971973573,-0.1064125837329401,-0.0713806266148679,-1.5873449837109543,-0.2020454871191189,-0.2073567129463963,-0.5251530779927517,0.4023489388231981,-0.2192296649910203,-0.1809757993128989,0.9765663426291796,0.2959479588785432,41.7,12.07,55.56,12.7,18.5,13.1,0.9375,0.7857142857142857,5,5,4,4,5,3,1,5,4,0.9370425713316364,0.9370425713316364,0.0780868809443029,0.0780868809443029,0.9370425713316364,-0.7808688094430304,0.0780868809443029,0.9370425713316364,-0.7808688094430304,-2.498780190217697,0.0780868809443029,0.8,0.9,0.1154700538379251,0,20,0.8686838950643943,0.4,1.0,327.0,125.0,36.0,0.110091743119266,0.288,0.0865384615384615,1,232.0,4137985.0,1.99073177214416,2.7097265331764,0.2104661512180627,0.4109673459637831,0.8538287925308914,-0.6584684247389131,False,False,False,False,True,True,False,False,False,True,False,False,False,False,False,True,False,False,True,False,True,Major,lang.time.*,True,False,patch
Jsoup,51,Jsoup-51,0.3333333333333333,0.3333333333333333,0.0140845070422535,0.0212765957446808,0.0147058823529411,3.0,3.0,71.0,47.0,68.0,0.0,0.0,0.0,0.0,0.0,1.0,1.0,0.0,0.0,0.0,-0.0921520169085041,-0.7576758641159647,0.0433536103065145,0.1220020785000714,-0.1064125837329401,-0.4958783370178654,-0.5748438169972881,-0.2020454871191189,-0.2073567129463963,-0.5251530779927517,-0.4635308650875505,-0.2192296649910203,-0.1809757993128989,-0.4995211341402941,-0.673136533919824,26.67,12.07,52.64,12.2,25.8,12.5,0.7708333333333334,0.5448275862068966,5,5,4,3,1,4,4,1,2,1.4757295747452437,1.4757295747452437,0.8959786703810408,0.3162277660168379,-0.8432740427115679,0.8959786703810408,-0.8432740427115679,-0.8432740427115679,-1.4230249470757708,-0.8432740427115679,-0.2635231383473649,0.4,0.4499999999999999,0.3,1,4,0.9857336369007328,0.7,1.0,138.0,64.0,9.0,0.0652173913043478,0.140625,0.0466321243523316,0,83.0,816655.0,-0.7977119766339881,-0.70287777031615,-0.6450552541976357,-0.4692667223309566,-0.2536110202545443,-0.1993441172395581,False,True,False,False,True,False,False,False,True,True,False,False,False,False,False,True,False,False,True,False,True,,,False,False,
Jsoup,79,Jsoup-79,0.3333333333333333,1.0,1.0,0.5,1.0,3.0,1.0,1.0,2.0,1.0,0.0,1.0,1.0,0.0,1.0,1.0,1.0,1.0,1.0,1.0,-0.1242305545776857,0.7536938122739794,0.4463008304783227,0.31871188790156,-0.1064125837329401,0.9394918258354504,-0.989048839743788,-0.2020454871191189,-0.2073567129463963,0.6929103112404362,-0.4635308650875505,-0.2192296649910203,-0.3124943305803233,0.3439574240136908,2.2341169444752773,44.3,7.72,41.02,9.6,18.2,9.7,1.0,1.0,5,5,3,3,5,3,1,5,3,1.111873974991652,1.111873974991652,-0.5188745216627707,-0.5188745216627707,1.111873974991652,-0.5188745216627707,0.2964997266644406,1.111873974991652,-0.5188745216627707,-2.1496230183171936,-0.5188745216627707,0.8,0.8,0.2309401076758503,0,15,0.9403033062137212,0.9,1.0,38.0,57.0,10.0,0.2631578947368421,0.175438596491228,0.1176470588235294,0,112.0,1067042.0,-0.7977119766339881,-0.70287777031615,-0.6450552541976357,-0.5663959988324452,-0.0357744141427594,-0.995147902048327,True,False,False,False,True,True,False,False,False,True,False,True,False,False,False,False,False,False,True,False,True,,,False,False,
Codec,1,Codec-1,0.2,0.0,0.0769230769230769,0.0416666666666666,0.0416666666666666,5.0,0.0,13.0,24.0,24.0,0.0,0.0,0.0,0.0,0.0,1.0,0.0,0.0,0.0,0.0,-0.3130564922212779,-0.7576758641159647,-0.1651131819127461,-0.5516613770202605,0.5775185551070113,-0.4577992354608227,-0.5748438169972881,-0.2020454871191189,-0.2073567129463963,-0.5251530779927517,-0.4635308650875505,-0.2192296649910203,-0.0494572680454745,-0.9212604132172866,-0.673136533919824,31.28,11.32,59.19,12.5,20.4,11.2,0.9791666666666666,0.877551020408163,0,0,0,0,0,0,4,0,0,-0.3162277660168379,-0.3162277660168379,-0.3162277660168379,-0.3162277660168379,-0.3162277660168379,-0.3162277660168379,3.1622776601683795,-0.3162277660168379,-0.3162277660168379,-0.3162277660168379,-0.3162277660168379,0.0,0.0,0.0,0,0,0.9264253169834789,1.0,3.0,308.0,54.0,11.0,0.0357142857142857,0.2037037037037037,0.0313390313390313,1,43.0,452548.0,0.4222321634564516,0.7901366124618407,0.5054735323958898,0.2834851705555795,1.079549009149579,0.1850982551346549,False,False,False,False,True,False,False,False,True,True,False,False,False,False,False,True,False,False,True,False,False,Major,,True,False,patch
Compress,18,Compress-18,1.0,1.0,1.0,1.0,0.5,1.0,1.0,1.0,1.0,2.0,1.0,1.0,1.0,1.0,0.0,1.0,1.0,1.0,1.0,1.0,1.49427748236739,0.1491459417180017,0.9875822983995084,-0.1903625212947908,0.4038501769199036,-0.246455150976862,-1.1731399609644546,3.667403635460337,4.536283158567053,0.6929103112404362,-0.4635308650875505,-0.2192296649910203,0.2135797944893742,-0.2886514946017978,0.2959479588785432,-63.55,7.83,43.16,24.1,40.2,10.3,0.9375,0.7857142857142857,5,5,4,4,5,4,1,5,4,0.8864052604279183,0.8864052604279183,0.0,0.0,0.8864052604279183,0.0,0.0,0.8864052604279183,-0.8864052604279183,-2.6592157812837547,0.0,0.9,0.9,0.1154700538379251,0,20,0.8771234468816805,0.7,1.0,293.0,114.0,36.0,0.1228668941979522,0.3157894736842105,0.0970350404312668,0,165.0,1316421.0,2.687842709338697,3.5628776090495378,0.1687333997343701,0.6902140159055626,-1.0561321068719352,-1.6191073149764612,True,False,False,False,True,True,False,False,False,True,False,False,False,False,False,True,False,False,True,False,True,Major,Archivers,False,False,
Compress,30,Compress-30,0.0,1.0,0.04,0.0625,0.0357142857142857,0.0,1.0,25.0,16.0,28.0,0.0,1.0,0.0,0.0,0.0,0.0,1.0,0.0,0.0,0.0,0.7557420583019119,0.4514198769959905,0.9591392928648378,-0.1712076376744203,-0.1064125837329401,-0.3063432708099871,-1.1731399609644546,-0.2020454871191189,-0.2073567129463963,-0.5251530779927517,-0.4635308650875505,-0.2192296649910203,0.0820612632219498,0.1330877844751946,1.2650324516769105,39.23,10.17,45.14,11.5,20.2,12.2,0.875,0.6981132075471698,5,5,4,4,1,4,1,5,4,0.951329560647042,0.951329560647042,0.3699614958071829,0.3699614958071829,-1.374142698712394,0.3699614958071829,0.3699614958071829,0.951329560647042,-1.955510763552253,-1.374142698712394,0.3699614958071829,0.4,0.7,0.3464101615137754,0,4,0.6957395707152693,0.8,1.0,291.0,108.0,24.0,0.0824742268041237,0.2222222222222222,0.064,0,252.0,1952487.0,1.6421763035468917,0.5768488434935564,0.602246981735532,0.562731840497359,0.2204014346446993,-0.8326495669589348,True,True,False,False,True,True,False,False,False,True,False,False,False,False,False,True,False,False,True,False,True,Major,Compressors,False,False,
Closure,85,Closure-85,0.0,0.2,0.0166666666666666,0.0028653295128939,0.002932551319648,0.0,5.0,60.0,349.0,341.0,0.0,0.0,0.0,0.0,0.0,0.0,1.0,0.0,0.0,0.0,-1.0231586669890729,-0.1531279935599871,-0.7516516496250324,-0.8263638321322576,-0.6011343465993985,-0.5243169533511735,1.5882268573455445,-0.2020454871191189,-0.2073567129463963,0.6929103112404362,-0.4635308650875505,3.1090752489635607,0.0820612632219498,0.1330877844751946,-0.673136533919824,11.99,7.47,49.06,13.7,34.7,10.7,0.8125,0.6210526315789473,4,4,5,5,2,3,0,1,3,0.5863019699779287,0.5863019699779287,1.1726039399558574,1.1726039399558574,-0.5863019699779287,0.0,1.1726039399558574,-1.1726039399558574,-1.758905909933786,-1.1726039399558574,0.0,0.3,0.65,0.412310562561766,0,10,0.9278043372636764,0.9,1.0,231.0,70.0,12.0,0.0519480519480519,0.1714285714285714,0.0415224913494809,0,552.0,7202266.0,-0.7977119766339881,-0.70287777031615,-0.6450552541976357,-0.6028194775205034,-0.9942554810346128,1.4462904983191245,True,False,False,False,True,False,False,False,True,True,False,False,False,False,True,False,False,False,True,False,True,High,,False,False,
Closure,91,Closure-91,0.0,0.0,0.0526315789473684,0.0094339622641509,0.3333333333333333,0.0,0.0,19.0,106.0,3.0,0.0,0.0,0.0,0.0,0.0,0.0,0.0,0.0,0.0,1.0,-1.0231586669890729,0.4514198769959905,0.8805330093319181,-0.2805756406488844,-0.6011343465993985,0.6492558766430011,1.5882268573455445,-0.2020454871191189,-0.2073567129463963,-0.5251530779927517,-0.4635308650875505,-0.2192296649910203,-0.3124943305803233,-0.7103907736787903,-0.673136533919824,33.92,8.87,43.76,11.5,25.9,11.5,0.75,0.4973821989528796,1,4,3,3,3,4,3,2,3,-1.6712580435934667,1.392715036327889,0.3713906763541039,0.3713906763541039,0.3713906763541039,1.392715036327889,-0.6499336836196814,-0.6499336836196814,0.3713906763541039,-1.6712580435934667,0.3713906763541039,0.9,0.5499999999999999,0.0999999999999999,0,9,0.9866617998930188,0.7,1.0,156.0,104.0,25.0,0.1602564102564102,0.2403846153846154,0.1063829787234042,0,544.0,6958246.0,-0.7977119766339881,-0.70287777031615,-0.6450552541976357,-0.6028194775205034,-0.9942554810346128,1.4462904983191245,True,False,False,False,True,False,False,False,True,True,False,False,False,False,True,False,False,False,True,False,True,Medium,,False,False,
Compress,24,Compress-24,1.0,1.0,0.5,0.5,0.5,1.0,1.0,2.0,2.0,2.0,1.0,1.0,0.0,0.0,0.0,1.0,1.0,1.0,1.0,1.0,0.4014200285923141,-0.7576758641159647,-2.430552480032989,-0.9989134268193256,-0.2730111944760022,-1.2110694352859177,-1.1731399609644546,0.958789249654718,-0.2073567129463963,0.6929103112404362,-0.4635308650875505,-0.2192296649910203,0.3450983257567985,-0.7103907736787903,-0.673136533919824,-22.98,11.3,53.13,18.9,39.0,11.2,0.875,0.75,5,4,3,2,3,3,3,1,3,1.7648837964055353,1.095445115010332,0.4260064336151291,-0.2434322477800739,0.4260064336151291,0.4260064336151291,-0.2434322477800739,-0.912870929175277,-1.58230961057048,-1.58230961057048,0.4260064336151291,0.3,0.45,0.1914854215512676,1,9,0.8027196170448178,0.9,1.0,315.0,71.0,30.0,0.0952380952380952,0.4225352112676056,0.0842696629213483,0,216.0,1742712.0,1.2936208349496228,1.856575457303263,0.4671225728427722,0.7144963350309348,-1.0146870523664766,-0.8601066761791523,True,False,False,False,True,False,False,False,True,True,False,True,False,False,False,False,False,False,True,False,False,Critical,Compressors,False,False,
Lang,41,Lang-41,1.0,1.0,0.1666666666666666,0.5,1.0,1.0,1.0,6.0,2.0,1.0,1.0,1.0,0.0,0.0,1.0,1.0,1.0,0.0,1.0,1.0,-0.0965263629543015,-0.7576758641159647,0.9876757967880808,-0.8373246591725272,0.2319908443389094,0.3954404203121657,0.1845320580379615,-0.2020454871191189,-0.2073567129463963,-0.5251530779927517,-0.4635308650875505,-0.2192296649910203,0.0820612632219498,-0.9212604132172866,-0.673136533919824,43.39,9.85,51.87,9.9,19.9,10.6,0.875,0.7446808510638298,5,5,4,4,1,3,2,4,2,1.2897759544117016,1.2897759544117016,0.672926584910453,0.672926584910453,-1.177621523593293,0.0560772154092043,0.0560772154092043,0.672926584910453,-1.7944708930945417,-1.177621523593293,-0.5607721540920443,0.3,0.65,0.3,0,4,0.9300090567537788,0.4,1.0,309.0,64.0,15.0,0.0485436893203883,0.234375,0.0418994413407821,1,184.0,3385616.0,2.5135649750400626,0.363561074525272,0.1754037985370914,0.4413202448704983,0.3537174375851117,0.0118766522730338,False,False,False,False,True,False,False,False,True,True,False,False,False,False,False,True,False,False,True,False,True,Minor,lang.*,True,False,patch
Closure,129,Closure-129,0.0,0.0,0.0031055900621118,0.0054644808743169,0.0092592592592592,0.0,0.0,322.0,183.0,108.0,0.0,0.0,0.0,0.0,0.0,0.0,0.0,0.0,0.0,0.0,-1.0231586669890729,-0.4554019288379759,1.0020916568440026,-0.3516288295048952,-0.7627101412056181,-1.5216680458862168,1.5882268573455445,-0.2020454871191189,-0.2073567129463963,-0.5251530779927517,1.2682287427339467,-0.2192296649910203,-0.3124943305803233,0.3439574240136908,-0.673136533919824,18.01,8.04,42.86,13.5,32.6,11.0,0.7083333333333334,0.3225806451612904,5,5,5,4,4,4,1,4,3,0.933138949631687,0.933138949631687,0.933138949631687,0.2916059217599022,0.2916059217599022,0.2916059217599022,0.2916059217599022,0.2916059217599022,-2.274526189727237,-1.632993161855452,-0.3499271061118826,0.4,0.8500000000000001,0.0999999999999999,1,20,0.8754986915670203,0.1999999999999999,1.0,188.0,103.0,20.0,0.1063829787234042,0.1941747572815534,0.07380073800738,0,934.0,12436952.0,-0.7977119766339881,-0.70287777031615,-0.6450552541976357,-0.6028194775205034,-0.9942554810346128,1.4462904983191245,False,False,False,False,True,False,False,False,True,True,False,False,False,False,True,False,False,False,True,False,True,Medium,,False,False,
Math,21,Math-21,0.0,1.0,0.1,0.3333333333333333,0.5,0.0,1.0,10.0,3.0,2.0,0.0,1.0,0.0,0.0,0.0,0.0,1.0,0.0,1.0,1.0,2.294053751074033,-0.1531279935599871,0.4437966651265173,-0.540654407098049,0.5775185551070113,0.6734137935043895,-0.3447299154714549,-0.2020454871191189,-0.2073567129463963,-0.5251530779927517,2.134108546644695,-0.2192296649910203,23.62387836009092,-0.2886514946017978,0.2959479588785432,44.41,7.65,54.11,9.6,35.4,9.8,0.9375,0.8181818181818182,5,5,3,3,5,3,1,5,3,1.111873974991652,1.111873974991652,-0.5188745216627707,-0.5188745216627707,1.111873974991652,-0.5188745216627707,0.2964997266644406,1.111873974991652,-0.5188745216627707,-2.1496230183171936,-0.5188745216627707,0.8,0.8,0.2309401076758503,0,15,0.7891663385747268,0.4,1.0,169.0,120.0,23.0,0.136094674556213,0.1916666666666666,0.0864661654135338,1,1044.0,9242610.0,1.99073177214416,2.7097265331764,0.1890781160826703,0.8784019891271967,-0.954345105945946,-1.8544526149279816,False,False,False,False,True,True,False,False,False,True,False,False,False,False,False,True,False,False,True,False,True,Major,,False,True,java
Math,35,Math-35,0.25,1.0,1.0,1.0,1.0,4.0,1.0,1.0,1.0,1.0,0.0,1.0,1.0,1.0,1.0,1.0,1.0,1.0,1.0,1.0,-0.0024779229696552,-0.7576758641159647,-0.2422754126740772,-0.8059375859424537,1.8463416241570776,-0.3852369492599721,-0.5748438169972881,-0.2020454871191189,-0.2073567129463963,-0.5251530779927517,-0.4635308650875505,-0.2192296649910203,-0.0494572680454745,-0.7103907736787903,-0.673136533919824,30.36,12.65,59.12,12.9,20.8,12.5,0.8125,0.625,4,4,1,1,4,2,3,1,2,1.4560880150912263,1.4560880150912263,-0.8320502943378436,-0.8320502943378436,1.4560880150912263,-0.0693375245281535,-0.0693375245281535,-0.8320502943378436,-0.0693375245281535,-1.5947630641475337,-0.0693375245281535,0.5333333333333333,0.35,0.3,0,4,0.6310393534654681,0.6,1.0,105.0,65.0,11.0,0.1047619047619047,0.1692307692307692,0.0691823899371069,1,975.0,8404829.0,0.9450653663523544,0.1502733055569876,0.3976114586527468,0.6659316967801906,1.5831872424800253,0.3452496510945875,False,False,False,False,True,False,False,False,True,True,False,False,True,False,False,False,False,False,True,False,False,Major,,False,False,txt
Lang,55,Lang-55,1.0,0.5,1.0,1.0,1.0,1.0,2.0,1.0,1.0,1.0,1.0,1.0,1.0,1.0,1.0,1.0,1.0,1.0,1.0,1.0,0.4065234323124112,-0.1531279935599871,-0.0319591427557591,-0.1129338641686387,-0.1064125837329401,0.9756939095354324,0.1845320580379615,-0.2020454871191189,-0.2073567129463963,-0.5251530779927517,-0.4635308650875505,-0.2192296649910203,0.2135797944893742,-0.9212604132172866,1.2650324516769105,50.12,7.97,53.95,9.4,20.2,10.9,0.6458333333333334,0.2916666666666667,5,5,4,4,1,3,1,3,3,1.2535663410560176,1.2535663410560176,0.6267831705280088,0.6267831705280088,-1.2535663410560176,0.0,0.6267831705280088,0.0,-1.8803495115840263,-1.2535663410560176,0.0,0.3,0.6,0.282842712474619,0,4,0.8165936087506616,0.6,1.0,174.0,71.0,16.0,0.0919540229885057,0.2253521126760563,0.0698689956331877,1,221.0,3422514.0,1.1193431006509886,1.6432876883349783,0.5906978869583731,0.4777437235585565,-0.5408912959510558,-0.9529776024056164,True,True,False,False,True,True,False,False,False,True,False,False,False,False,False,True,False,False,True,False,True,Major,,True,False,patch
Closure,115,Closure-115,0.0,0.0,0.0526315789473684,0.0714285714285714,0.0909090909090909,0.0,0.0,19.0,14.0,11.0,0.0,0.0,0.0,0.0,0.0,0.0,0.0,0.0,0.0,0.0,-1.0231586669890729,2.869611359219901,0.5682121857413406,-0.2142751686328568,-0.9226620584791106,-0.7111042606514855,1.5882268573455445,-0.2020454871191189,-0.2073567129463963,-0.5251530779927517,1.2682287427339467,-0.2192296649910203,-0.3124943305803233,1.187435982167676,-0.673136533919824,1.29,9.48,47.77,15.8,38.0,12.4,0.6875,0.3258426966292134,5,5,5,5,2,5,0,4,3,0.7694837640638656,0.7694837640638656,0.7694837640638656,0.7694837640638656,-0.9233805168766386,0.7694837640638656,0.7694837640638656,0.2051956704170308,-2.051956704170308,-1.487668610523473,-0.3590924232298038,0.5,0.8,0.282842712474619,0,10,0.3678346873172434,0.0,1.0,460.0,263.0,72.0,0.1565217391304348,0.2737642585551331,0.1105990783410138,0,958.0,12798227.0,-0.7977119766339881,-0.70287777031615,-0.6450552541976357,-0.6028194775205034,-0.9942554810346128,1.4462904983191245,False,False,True,False,True,False,False,False,True,True,False,False,False,False,True,False,False,False,True,False,True,Medium,,False,False,
Cli,40,Cli-40,1.0,1.0,1.0,1.0,1.0,1.0,1.0,1.0,1.0,1.0,1.0,1.0,1.0,1.0,1.0,1.0,1.0,1.0,1.0,1.0,-0.1796389378244541,-0.1531279935599871,-1.3088383870388218,-0.8664506410646468,0.7530246939098532,0.1785109277382335,-0.5748438169972881,-0.2020454871191189,-0.2073567129463963,0.6929103112404362,-0.4635308650875505,-0.2192296649910203,-0.0494572680454745,-0.7103907736787903,0.2959479588785432,42.72,12.8,59.22,12.3,18.3,13.3,0.8333333333333334,0.6502732240437159,4,5,2,3,1,2,3,4,2,1.1195857368787,1.7677669529663689,-0.176776695296637,0.4714045207910315,-0.8249579113843055,-0.176776695296637,-0.176776695296637,1.1195857368787,-1.473139127471974,-1.473139127471974,-0.176776695296637,0.2,0.5,0.2581988897471611,-1,2,0.8880283470292802,0.9,1.0,139.0,60.0,19.0,0.1366906474820144,0.3166666666666666,0.1055555555555555,0,52.0,421558.0,0.9450653663523544,1.429999919366694,0.5325447979627962,0.4838143033398995,1.1536134552275858,0.3280905729560234,True,False,False,False,True,True,False,False,False,True,False,True,False,False,False,False,False,False,True,False,False,Minor,,False,False,
Closure,46,Closure-46,0.1666666666666666,1.0,0.1,0.1,1.0,6.0,1.0,10.0,10.0,1.0,0.0,1.0,0.0,0.0,1.0,0.0,1.0,0.0,0.0,1.0,-1.0231586669890729,-0.7576758641159647,0.2529471575744429,-0.8484544664933448,0.0619124374841446,0.0939788149693299,1.5882268573455445,-0.2020454871191189,-0.2073567129463963,0.6929103112404362,-0.4635308650875505,-0.2192296649910203,-0.3124943305803233,-0.2886514946017978,-0.673136533919824,-46.03,11.77,48.08,21.5,54.7,11.2,0.7708333333333334,0.4883720930232559,1,1,0,0,1,1,4,0,2,0.565685424949238,0.565685424949238,-0.9899494936611664,-0.9899494936611664,0.565685424949238,0.565685424949238,0.565685424949238,-0.9899494936611664,-0.9899494936611664,-0.9899494936611664,2.121320343559643,0.1,0.05,0.1,0,0,0.7794397851557996,0.7,1.0,189.0,52.0,7.0,0.037037037037037,0.1346153846153846,0.0299145299145299,0,926.0,11936146.0,-0.7977119766339881,-0.70287777031615,-0.6450552541976357,-0.6028194775205034,-0.9942554810346128,1.4462904983191245,True,False,True,False,True,False,False,False,True,True,False,False,False,False,True,False,False,False,True,False,False,Medium,,False,False,
Closure,52,Closure-52,0.5,0.0,0.0172413793103448,0.0080645161290322,0.0142857142857142,2.0,0.0,58.0,124.0,70.0,0.0,0.0,0.0,0.0,0.0,1.0,0.0,0.0,0.0,0.0,-1.0231586669890729,-0.7576758641159647,0.293400130587601,-0.3517559026758675,-0.6011343465993985,0.1331273161196799,1.5882268573455445,-0.2020454871191189,-0.2073567129463963,-0.5251530779927517,-0.4635308650875505,-0.2192296649910203,-0.3124943305803233,-0.4995211341402941,0.2959479588785432,-55.6,11.4,48.5,23.1,69.0,12.5,0.9791666666666666,0.9583333333333331,3,4,5,4,1,1,2,2,1,0.4714045207910315,1.1195857368787,1.7677669529663689,1.1195857368787,-0.8249579113843055,-0.8249579113843055,0.4714045207910315,-0.176776695296637,-1.473139127471974,-0.8249579113843055,-0.8249579113843055,0.1,0.6,0.3651483716701107,1,5,0.9887863254552766,0.8,1.0,453.0,61.0,18.0,0.0397350993377483,0.2950819672131147,0.0362903225806451,0,938.0,12271887.0,-0.7977119766339881,-0.70287777031615,-0.6450552541976357,-0.6028194775205034,-0.9942554810346128,1.4462904983191245,False,False,False,False,True,True,False,False,False,True,False,False,False,False,True,False,False,False,True,False,True,Medium,,False,False,
Closure,101,Closure-101,1.0,0.5,0.5,1.0,0.0714285714285714,1.0,2.0,2.0,1.0,14.0,1.0,0.0,0.0,1.0,0.0,1.0,1.0,1.0,1.0,0.0,-1.0231586669890729,-0.4554019288379759,0.0486838141861045,0.1220788631395519,-0.1064125837329401,-0.538078745894702,1.5882268573455445,-0.2020454871191189,-0.2073567129463963,-0.5251530779927517,-0.4635308650875505,-0.2192296649910203,-0.3124943305803233,1.187435982167676,0.2959479588785432,-3.42,8.45,45.42,15.5,39.7,10.8,0.9375,0.8385650224215246,4,5,5,4,4,2,1,4,3,0.3928371006591931,1.2570787221094175,1.2570787221094175,0.3928371006591931,0.3928371006591931,-1.3356461422412562,0.3928371006591931,0.3928371006591931,-0.4714045207910316,-2.199887763691481,-0.4714045207910316,0.7,0.8500000000000001,0.0999999999999999,1,20,0.8586268284171386,0.6,1.0,331.0,66.0,21.0,0.0634441087613293,0.3181818181818182,0.0558510638297872,0,478.0,5590019.0,-0.7977119766339881,-0.70287777031615,-0.6450552541976357,-0.6028194775205034,-0.9942554810346128,1.4462904983191245,False,False,False,False,True,True,False,False,False,True,False,False,False,False,True,False,False,False,True,False,True,Medium,,False,False,
JacksonDatabind,39,JacksonDatabind-39,0.0,0.0,0.0039370078740157,0.002092050209205,0.0015015015015015,0.0,0.0,254.0,478.0,666.0,0.0,0.0,0.0,0.0,0.0,0.0,0.0,0.0,0.0,0.0,1.2988900256551017,0.7536938122739794,0.8471371753285546,-0.3288811096902215,1.290866087015343,-0.9665247864512652,0.4146459595637947,-0.2020454871191189,-0.2073567129463963,0.6929103112404362,-0.4635308650875505,-0.2192296649910203,0.4766168570242229,0.9765663426291796,0.2959479588785432,-37.77,9.21,47.45,20.4,40.7,11.7,0.875,0.7236084452975048,5,5,4,4,1,3,2,5,3,1.138884903547945,1.138884903547945,0.5423261445466404,0.5423261445466404,-1.2473501324572729,-0.0542326144546639,-0.0542326144546639,1.138884903547945,-1.8439088914585773,-1.2473501324572729,-0.0542326144546639,0.3,0.7,0.3464101615137754,0,4,0.6664926758781247,0.6,1.0,44.0,76.0,8.0,0.1818181818181818,0.1052631578947368,0.0714285714285714,0,722.0,4992178.0,-0.7977119766339881,-0.70287777031615,-0.6450552541976357,-0.2264435310772353,-0.574108077828465,-1.8615093621617276,True,True,False,False,True,True,False,False,False,True,False,False,False,False,False,True,False,False,True,False,True,,,False,False,
JacksonCore,1,JacksonCore-1,0.3333333333333333,0.0,0.0833333333333333,0.0333333333333333,0.0147058823529411,3.0,0.0,12.0,30.0,68.0,0.0,0.0,0.0,0.0,0.0,1.0,0.0,0.0,0.0,0.0,0.0281424993509272,0.7536938122739794,0.8333549160547675,-0.8979988538902506,0.4038501769199036,0.7146386865052222,0.4146459595637947,-0.2020454871191189,-0.2073567129463963,3.1290370897068125,1.2682287427339467,-0.2192296649910203,-0.3124943305803233,-0.0777818550633016,1.2650324516769105,-10.53,14.43,47.43,18.2,30.1,14.6,0.8125,0.52,5,5,3,3,5,3,2,5,4,1.1147728228665883,1.1147728228665883,-0.4180398085749705,-0.4180398085749705,1.1147728228665883,-0.4180398085749705,-0.4180398085749705,1.1147728228665883,-1.1844461242957498,-1.9508524400165292,0.3483665071458088,0.6333333333333333,0.8,0.2309401076758503,0,15,0.939820164901232,0.9,2.0,337.0,79.0,31.0,0.0919881305637982,0.3924050632911392,0.0805194805194805,0,134.0,1224049.0,-0.7977119766339881,-0.70287777031615,-0.6450552541976357,-0.542113679707073,-0.7377395946181013,-0.5272246097567206,True,False,False,False,True,True,False,False,False,True,False,False,False,True,False,False,False,False,True,False,True,,,False,False,
Collections,3,Collections-3,0.0,0.0,0.0,0.0,0.0,0.0,0.0,0.0,0.0,0.0,0.0,0.0,0.0,0.0,0.0,0.0,0.0,0.0,0.0,0.0,0.2767511662870853,-0.7576758641159647,-0.1680581822200326,0.3129497955191042,-0.2730111944760022,0.9820619338362416,-0.5748438169972881,-0.2020454871191189,-0.2073567129463963,-0.5251530779927517,-0.4635308650875505,-0.2192296649910203,0.2135797944893742,-0.0777818550633016,2.2341169444752773,13.71,6.85,55.1,13.1,22.4,11.3,0.8958333333333334,0.7802197802197803,4,5,1,3,4,2,2,4,2,0.8426648406178135,1.5556889365251945,-1.2964074471043288,0.1296407447104327,0.8426648406178135,-0.5833833511969481,0.1296407447104327,0.8426648406178135,0.1296407447104327,-2.0094315430117096,-0.5833833511969481,0.7,0.6000000000000001,0.282842712474619,-2,4,0.7332765492110369,0.6,1.0,344.0,63.0,15.0,0.0436046511627907,0.238095238095238,0.0382653061224489,0,467.0,3618530.0,2.1650095064427943,-0.3189597861732381,0.0452620177584795,0.9512489465033132,-0.3478748607174622,-0.72798713433135,False,False,False,False,True,True,False,False,False,True,False,False,False,False,False,True,False,False,True,False,False,Major,Core,False,False,
JacksonDatabind,11,JacksonDatabind-11,0.2,1.0,0.0454545454545454,0.0098039215686274,0.0084033613445378,5.0,1.0,22.0,102.0,119.0,0.0,1.0,0.0,0.0,0.0,1.0,1.0,0.0,0.0,0.0,-0.5981180428724152,-0.7576758641159647,-1.2770061643847748,-0.6933837414120615,-0.1064125837329401,-0.4561899724479274,-0.989048839743788,-0.2020454871191189,-0.2073567129463963,-0.5251530779927517,-0.4635308650875505,-0.2192296649910203,-0.3124943305803233,-0.9212604132172866,-0.673136533919824,-17.23,19.89,78.51,20.8,30.2,18.2,0.8958333333333334,0.6449704142011837,1,1,0,0,1,1,4,0,0,1.095445115010332,1.095445115010332,-0.9128709291752768,-0.9128709291752768,1.095445115010332,1.095445115010332,1.095445115010332,-0.9128709291752768,-0.9128709291752768,-0.9128709291752768,-0.9128709291752768,0.1,0.05,0.1,0,0,0.6911465034789506,0.7,1.0,465.0,38.0,12.0,0.0258064516129032,0.3157894736842105,0.0244399185336048,0,681.0,4671244.0,-0.7977119766339881,-0.70287777031615,-0.6450552541976357,-0.5663959988324452,1.005484563071572,0.3634486733627616,False,True,False,False,True,False,False,False,True,True,False,False,False,False,False,True,False,False,True,False,False,,,False,False,
JacksonDatabind,10,JacksonDatabind-10,0.125,1.0,0.1111111111111111,0.0294117647058823,0.0555555555555555,8.0,1.0,9.0,34.0,18.0,0.0,1.0,0.0,0.0,0.0,0.0,1.0,0.0,0.0,0.0,-0.1584962652697662,-0.1531279935599871,0.9460558843124436,-0.9819733114093352,1.8463416241570776,-0.7979167560106959,0.4146459595637947,-0.2020454871191189,-0.2073567129463963,-0.5251530779927517,0.4023489388231981,-0.2192296649910203,-0.0494572680454745,0.1330877844751946,-0.673136533919824,0.48,12.14,57.12,16.1,23.4,13.7,0.8125,0.625,4,5,3,3,1,3,3,2,3,1.125852503505287,1.8543452998910612,0.3973597071195131,0.3973597071195131,-1.059625885652035,0.3973597071195131,-0.331133089266261,-0.331133089266261,-1.7881186820378092,-1.059625885652035,0.3973597071195131,0.3,0.4499999999999999,0.1914854215512676,0,3,0.8489170179846587,0.9,2.0,481.0,58.0,28.0,0.0582120582120582,0.4827586206896552,0.0547945205479452,0,681.0,4665810.0,-0.7977119766339881,-0.70287777031615,-0.6450552541976357,-0.4935490414563288,0.042646764057483,-0.4254789419625884,False,True,False,False,True,False,False,False,True,True,False,False,False,False,True,False,False,False,True,False,True,,,False,False,
Collections,2,Collections-2,0.0,0.0,0.0,0.0,0.0,0.0,0.0,0.0,0.0,0.0,0.0,0.0,0.0,0.0,0.0,0.0,0.0,0.0,0.0,0.0,0.0011673654018426,-0.4554019288379759,0.0948919114150022,-0.0501005971410037,-0.6011343465993985,0.6188967874588903,-0.5748438169972881,-0.2020454871191189,-0.2073567129463963,-0.5251530779927517,-0.4635308650875505,-0.2192296649910203,-0.1809757993128989,-0.4995211341402941,1.2650324516769105,36.42,15.37,62.5,14.7,20.0,15.6,0.8333333333333334,0.6619718309859156,4,4,0,1,4,2,3,4,2,1.095445115010332,1.095445115010332,-1.58230961057048,-0.912870929175277,1.095445115010332,-0.2434322477800739,-0.2434322477800739,1.095445115010332,0.4260064336151291,-1.58230961057048,-0.2434322477800739,0.7,0.45,0.4123105625617661,-1,0,0.7415254926919486,0.6,1.0,513.0,66.0,15.0,0.0292397660818713,0.2272727272727272,0.026595744680851,0,467.0,3616223.0,1.1193431006509886,1.6432876883349783,0.3976114586527468,0.4656025639958704,2.5904637091409186,0.1325485783353021,False,False,False,False,True,True,False,False,False,True,False,False,False,False,True,False,False,False,True,False,False,Major,,False,False,
JacksonDatabind,38,JacksonDatabind-38,0.0,1.0,1.0,1.0,1.0,0.0,1.0,1.0,1.0,1.0,0.0,1.0,1.0,1.0,1.0,0.0,1.0,1.0,1.0,1.0,0.7426190201645193,1.0559677475519682,1.1540277318704957,-0.111461257350425,1.6591705192506263,0.2773281907675285,0.4146459595637947,-0.2020454871191189,-0.2073567129463963,-0.5251530779927517,2.134108546644695,-0.2192296649910203,0.0820612632219498,0.7656967030906834,6.110454915668747,36.49,13.37,52.31,12.6,16.9,14.4,0.8333333333333334,0.6613756613756615,3,4,1,1,4,2,3,2,4,0.4900980294098033,1.2602520756252087,-1.0502100630210074,-1.0502100630210074,1.2602520756252087,-0.280056016805602,-0.280056016805602,-0.280056016805602,0.4900980294098033,-1.820364109236413,1.2602520756252087,0.7,0.4,0.282842712474619,0,4,0.9659526119877933,0.9,3.0,178.0,157.0,45.0,0.2528089887640449,0.286624203821656,0.1551724137931034,0,736.0,5184776.0,-0.7977119766339881,-0.70287777031615,-0.6450552541976357,-0.542113679707073,1.264710124344596,-0.6655689199812885,True,False,False,False,True,True,False,False,False,True,False,False,False,False,False,False,True,False,False,True,False,,,False,False,
Chart,9,Chart-9,1.0,1.0,1.0,1.0,1.0,1.0,1.0,1.0,1.0,1.0,1.0,1.0,1.0,1.0,1.0,1.0,1.0,1.0,1.0,1.0,-0.4399125275494056,-0.7576758641159647,-0.6380552850972199,0.1828877914676322,-1.546710917989482,0.4050570907612501,-1.5873449837109543,-0.2020454871191189,-0.2073567129463963,1.910973700473624,-0.4635308650875505,-0.2192296649910203,-0.1809757993128989,-0.0777818550633016,0.2959479588785432,73.74,6.4,44.34,4.5,20.9,8.0,0.9583333333333334,0.8636363636363638,5,5,5,5,3,4,1,5,3,0.8798826901281197,0.8798826901281197,0.8798826901281197,0.8798826901281197,-0.7332355751067665,0.0733235575106765,0.0733235575106765,0.8798826901281197,-0.7332355751067665,-2.346353840341653,-0.7332355751067665,0.9,0.9,0.2,0,15,0.995926618498467,0.8,,,,,,,,0,,,-0.100601039439451,0.1502733055569876,1.6298539374759258,-0.4874784616749857,-0.2536110202545443,-1.139706754701663,True,True,False,False,True,True,False,False,False,True,False,False,False,False,False,True,False,False,True,False,True,,,False,False,
Closure,53,Closure-53,0.0,0.0,0.0041493775933609,0.0476190476190476,1.0,0.0,0.0,241.0,21.0,1.0,0.0,0.0,0.0,0.0,1.0,0.0,0.0,0.0,0.0,1.0,-1.0231586669890729,-0.7576758641159647,0.408560305397471,-0.1748228243271644,-0.4379098193951574,0.1038431048008272,1.5882268573455445,-0.2020454871191189,-0.2073567129463963,-0.5251530779927517,-0.4635308650875505,-0.2192296649910203,-0.3124943305803233,0.1330877844751946,-0.673136533919824,-140.81,13.02,52.07,35.2,79.6,13.1,0.7916666666666666,0.5744680851063828,2,3,5,4,1,1,2,1,0,0.0581238193719095,0.6974858324629156,1.9762098586449277,1.3368478455539217,-0.5812381937190965,-0.5812381937190965,0.6974858324629156,-0.5812381937190965,-1.2206002068101025,-0.5812381937190965,-1.2206002068101025,0.1,0.55,0.412310562561766,1,5,0.970593721600522,0.7,1.0,316.0,111.0,41.0,0.1297468354430379,0.3693693693693693,0.1062176165803108,0,937.0,12219398.0,-0.7977119766339881,-0.70287777031615,-0.6450552541976357,-0.6028194775205034,-0.9942554810346128,1.4462904983191245,True,False,False,False,True,False,False,False,True,True,False,False,False,False,True,False,False,False,True,False,True,Medium,,False,False,
Closure,100,Closure-100,0.0,1.0,0.0303030303030303,0.0526315789473684,0.2,0.0,1.0,33.0,19.0,5.0,0.0,1.0,0.0,0.0,0.0,0.0,1.0,0.0,0.0,1.0,-1.0231586669890729,-0.1531279935599871,0.8346103805872778,0.0936178975088528,-1.39301571620413,-1.6706387227456776,1.5882268573455445,-0.2020454871191189,-0.2073567129463963,-0.5251530779927517,-0.4635308650875505,-0.2192296649910203,-0.3124943305803233,0.9765663426291796,0.2959479588785432,3.42,8.32,51.92,14.9,35.0,11.8,0.6875,0.2372881355932205,5,5,5,5,3,4,1,5,3,0.8183170883849715,0.8183170883849715,0.8183170883849715,0.8183170883849715,-0.3818813079129866,0.2182178902359924,0.2182178902359924,0.8183170883849715,-2.1821789023599236,-1.582079704210945,-0.3818813079129866,0.4,0.9,0.2,0,15,0.9618744476078336,0.1999999999999999,1.0,144.0,144.0,28.0,0.1944444444444444,0.1944444444444444,0.1076923076923077,0,505.0,6163516.0,-0.7977119766339881,-0.70287777031615,-0.6450552541976357,-0.6028194775205034,-0.9942554810346128,1.4462904983191245,False,False,False,False,True,True,False,False,False,True,False,False,False,False,True,False,False,False,True,False,True,Medium,,False,False,
Closure,114,Closure-114,0.0,0.0,0.0238095238095238,0.0384615384615384,0.0714285714285714,0.0,0.0,42.0,26.0,14.0,0.0,0.0,0.0,0.0,0.0,0.0,0.0,0.0,0.0,0.0,-1.0231586669890729,-0.7576758641159647,0.6423263690352143,0.195623767620409,-0.4379098193951574,-0.8386955636216376,1.5882268573455445,-0.2020454871191189,4.536283158567053,1.910973700473624,-0.4635308650875505,9.76568507687272,-0.3124943305803233,0.1330877844751946,-0.673136533919824,-454.74,19.4,70.1,79.2,196.5,16.2,0.9375,0.6326530612244897,5,5,5,4,5,5,1,5,4,0.6862435664967211,0.6862435664967211,0.6862435664967211,-0.1524985703326045,0.6862435664967211,0.6862435664967211,-0.1524985703326045,0.6862435664967211,-0.99124070716193,-2.6687249808205813,-0.1524985703326045,1.0,0.95,0.0999999999999999,1,25,0.7593467615645524,0.5,1.0,631.0,189.0,62.0,0.098256735340729,0.328042328042328,0.0817941952506596,0,958.0,12799001.0,-0.7977119766339881,-0.70287777031615,-0.6450552541976357,-0.6028194775205034,-0.9942554810346128,1.4462904983191245,True,False,False,False,True,False,False,False,True,True,False,False,False,False,True,False,False,False,True,False,True,Medium,,False,False,
Closure,47,Closure-47,0.1428571428571428,0.0,0.009090909090909,0.0153846153846153,0.0476190476190476,7.0,0.0,110.0,65.0,21.0,0.0,0.0,0.0,0.0,0.0,0.0,0.0,0.0,0.0,0.0,-1.0231586669890729,-0.7576758641159647,0.826184385382236,0.459083401399958,-1.081014456579866,1.3584792303704925,1.5882268573455445,-0.2020454871191189,-0.2073567129463963,-0.5251530779927517,-0.4635308650875505,-0.2192296649910203,-0.3124943305803233,-0.4995211341402941,0.2959479588785432,2.31,8.67,38.61,15.4,37.6,10.9,0.8541666666666666,0.6315789473684209,1,3,2,3,1,0,3,2,0,-0.2401922307076307,1.5212174611483278,0.6405126152203486,1.5212174611483278,-0.2401922307076307,-1.12089707663561,0.6405126152203486,0.6405126152203486,-1.12089707663561,-1.12089707663561,-1.12089707663561,0.0,0.4,0.1632993161855452,-1,2,0.9137527277652776,1.0,2.0,293.0,63.0,19.0,0.0648464163822525,0.3015873015873015,0.0563798219584569,0,926.0,11918196.0,-0.7977119766339881,-0.70287777031615,-0.6450552541976357,-0.6028194775205034,-0.9942554810346128,1.4462904983191245,False,False,False,False,True,True,False,False,False,True,False,False,False,False,True,False,False,False,True,False,False,Medium,,False,False,
Math,34,Math-34,1.0,1.0,1.0,1.0,0.5,1.0,1.0,1.0,1.0,2.0,1.0,1.0,1.0,1.0,0.0,1.0,1.0,1.0,1.0,1.0,0.0259553263280284,-0.4554019288379759,0.3576096516077978,-0.8184870078655055,0.7530246939098532,-0.3909197947343557,-0.5748438169972881,-0.2020454871191189,-0.2073567129463963,-0.5251530779927517,-0.4635308650875505,-0.2192296649910203,-0.0494572680454745,-0.4995211341402941,0.2959479588785432,22.71,13.65,58.93,13.7,18.5,13.7,0.9166666666666666,0.8060606060606059,4,5,3,4,4,2,1,4,2,0.6405126152203484,1.5212174611483278,-0.2401922307076309,0.6405126152203484,0.6405126152203484,-1.12089707663561,0.6405126152203484,0.6405126152203484,-0.2401922307076309,-2.0016019225635895,-1.12089707663561,0.7,0.75,0.1,-1,12,0.8173475759902793,0.6,1.0,115.0,65.0,11.0,0.0956521739130434,0.1692307692307692,0.0650887573964497,1,975.0,8415114.0,1.2936208349496228,0.363561074525272,0.3660154976572806,0.6659316967801906,1.2523660499982618,0.3222921688755605,False,False,False,False,True,True,False,False,False,True,False,False,False,False,True,False,False,False,True,False,True,Major,,False,False,txt
Lang,54,Lang-54,0.5,1.0,1.0,1.0,1.0,2.0,1.0,1.0,1.0,1.0,0.0,1.0,1.0,1.0,1.0,1.0,1.0,1.0,1.0,1.0,0.1200037663126747,-0.4554019288379759,0.4008196334873898,-0.270700523176486,-1.39301571620413,0.3443261940279002,0.1845320580379615,-0.2020454871191189,-0.2073567129463963,-0.5251530779927517,-0.4635308650875505,-0.2192296649910203,-0.0494572680454745,0.1330877844751946,-0.673136533919824,38.62,11.38,53.59,11.8,16.5,12.0,0.8333333333333334,0.6540540540540541,4,5,3,4,1,3,1,5,3,0.6267831705280088,1.2535663410560176,0.0,0.6267831705280088,-1.2535663410560176,0.0,0.6267831705280088,1.2535663410560176,-1.8803495115840263,-1.2535663410560176,0.0,0.3,0.6499999999999999,0.3415650255319866,-1,3,0.8669725979636598,0.9,1.0,174.0,81.0,16.0,0.0919540229885057,0.1975308641975308,0.0669456066945606,1,221.0,3423054.0,0.9450653663523544,0.1502733055569876,0.5054735323958898,0.3563321279316959,0.6845386300668758,-0.126708132784429,True,False,False,False,True,False,False,False,True,True,False,False,True,False,False,False,False,False,True,False,True,Major,,True,False,patch
Closure,128,Closure-128,0.0,0.0,0.0238095238095238,0.0087719298245614,0.0109890109890109,0.0,0.0,42.0,114.0,91.0,0.0,0.0,0.0,0.0,0.0,0.0,0.0,0.0,0.0,0.0,-1.0231586669890729,-0.4554019288379759,-0.3664945866728982,-0.1864466849268961,-0.4379098193951574,-1.201430590348985,1.5882268573455445,-0.2020454871191189,-0.2073567129463963,-0.5251530779927517,-0.4635308650875505,-0.2192296649910203,-0.3124943305803233,-0.4995211341402941,-0.673136533919824,-29.31,9.6,45.3,19.2,52.3,11.5,0.9583333333333334,0.915492957746479,2,4,5,4,1,0,2,2,0,0.0,1.1726039399558574,1.758905909933786,1.1726039399558574,-0.5863019699779287,-1.1726039399558574,0.5863019699779287,0.0,-1.1726039399558574,-0.5863019699779287,-1.1726039399558574,0.0,0.6,0.3651483716701107,1,5,0.9781833264766744,1.0,1.0,471.0,47.0,12.0,0.0254777070063694,0.2553191489361702,0.0237154150197628,0,934.0,12437591.0,-0.7977119766339881,-0.70287777031615,-0.6450552541976357,-0.6028194775205034,-0.9942554810346128,1.4462904983191245,False,False,False,False,True,False,False,False,True,True,False,False,False,False,True,False,False,False,True,False,True,Medium,,False,False,
Lang,40,Lang-40,1.0,1.0,1.0,1.0,1.0,1.0,1.0,1.0,1.0,1.0,1.0,1.0,1.0,1.0,1.0,1.0,1.0,1.0,1.0,1.0,-0.248170359208615,-0.7576758641159647,0.1260646720305023,-0.2990780350792993,-0.9226620584791106,-0.4088632038938291,-0.5748438169972881,-0.2020454871191189,-0.2073567129463963,-0.5251530779927517,-0.4635308650875505,-0.2192296649910203,-0.0494572680454745,-0.7103907736787903,-0.673136533919824,27.38,10.95,56.44,11.9,18.9,11.2,0.9375,0.763157894736842,0,1,0,0,2,0,4,0,0,-0.6933752452815364,0.8320502943378436,-0.6933752452815364,-0.6933752452815364,2.3574758339572237,-0.6933752452815364,0.8320502943378436,-0.6933752452815364,0.8320502943378436,-0.6933752452815364,-0.6933752452815364,0.1666666666666666,0.1,0.2,0,0,0.4808080503211352,1.0,1.0,859.0,58.0,17.0,0.019790454016298,0.293103448275862,0.0188888888888888,1,184.0,3402742.0,0.4222321634564516,0.7901366124618407,1.0807379256926524,0.3502615481503528,0.3574206598890121,0.3937491073453402,False,False,False,False,True,False,False,False,True,True,False,False,False,False,False,True,False,False,True,False,False,Major,lang.*,True,False,patch
Math,20,Math-20,0.3333333333333333,0.5,1.0,1.0,1.0,3.0,2.0,1.0,1.0,1.0,0.0,0.0,1.0,1.0,1.0,1.0,1.0,1.0,1.0,1.0,0.1010482667808856,0.1491459417180017,1.025096239087629,-0.7757902421732948,0.0619124374841446,0.5907397815332565,-0.3447299154714549,-0.2020454871191189,-0.2073567129463963,-0.5251530779927517,0.4023489388231981,-0.2192296649910203,-0.0494572680454745,-0.0777818550633016,-0.673136533919824,46.06,11.75,54.45,11.0,16.4,12.3,0.8958333333333334,0.781021897810219,3,4,3,3,4,2,3,4,3,0.163299316185545,1.0614455552060438,0.163299316185545,0.163299316185545,1.0614455552060438,-0.7348469228349536,-0.7348469228349536,1.0614455552060438,0.163299316185545,-2.531139400875951,0.163299316185545,0.7,0.7,0.1154700538379251,0,12,0.8479500644186596,0.6,1.0,582.0,83.0,26.0,0.0446735395189003,0.3132530120481928,0.0406885758998435,1,1056.0,9339510.0,0.4222321634564516,0.7901366124618407,1.0232114863629762,0.3563321279316959,1.2605954328958178,0.1078300892484983,False,False,False,False,True,False,False,False,True,True,False,False,False,False,False,True,False,False,True,False,False,Major,,False,True,java
Closure,90,Closure-90,0.25,1.0,0.03125,0.0625,0.0833333333333333,4.0,1.0,32.0,16.0,12.0,0.0,1.0,0.0,0.0,0.0,1.0,1.0,0.0,0.0,0.0,-1.0231586669890729,-0.1531279935599871,0.8735021294440203,-0.0394035595840214,-1.9988434047949355,-1.7467159076339795,1.5882268573455445,-0.2020454871191189,-0.2073567129463963,-0.5251530779927517,-0.4635308650875505,-0.2192296649910203,-0.3124943305803233,-0.0777818550633016,-0.673136533919824,-19.83,7.39,47.25,17.7,44.7,10.5,0.7916666666666666,0.4771241830065358,5,5,5,5,1,4,1,5,3,0.8457816116784908,0.8457816116784908,0.8457816116784908,0.8457816116784908,-1.3433002067834854,0.2985111570629967,0.2985111570629967,0.8457816116784908,-1.8905706613989792,-1.3433002067834854,-0.2487592975524973,0.4,0.8,0.4,0,5,0.8016379644627503,0.7,2.0,561.0,79.0,29.0,0.0516934046345811,0.3670886075949367,0.0474631751227495,0,544.0,6971345.0,-0.7977119766339881,-0.70287777031615,-0.6450552541976357,-0.6028194775205034,-0.9942554810346128,1.4462904983191245,True,False,False,False,True,False,False,False,True,True,False,False,False,False,True,False,False,False,True,False,True,Medium,,False,False,
Compress,25,Compress-25,0.1111111111111111,1.0,0.25,1.0,0.5,9.0,1.0,4.0,1.0,2.0,0.0,1.0,0.0,1.0,0.0,0.0,1.0,1.0,1.0,1.0,2.165010542723007,0.1491459417180017,1.0247958506477477,0.0146573327513667,2.226888400983462,-1.191694982435899,-1.1731399609644546,-0.2020454871191189,-0.2073567129463963,0.6929103112404362,1.2682287427339467,-0.2192296649910203,0.4766168570242229,-0.7103907736787903,-0.673136533919824,63.8,8.64,80.22,8.3,32.6,10.5,0.9166666666666666,0.8128654970760233,5,5,4,4,1,4,1,4,3,1.1076975512434226,1.1076975512434226,0.4984638980595403,0.4984638980595403,-1.329237061492107,0.4984638980595403,0.4984638980595403,0.4984638980595403,-1.9384707146759896,-1.329237061492107,-0.1107697551243421,0.4,0.65,0.3,0,4,0.7536028327983152,0.8,1.0,444.0,98.0,38.0,0.0855855855855855,0.3877551020408163,0.0753968253968253,0,216.0,1743808.0,1.99073177214416,0.1502733055569876,1.81344310031274,0.9755312656286852,0.6541532162912831,-1.9631031035139244,True,True,True,False,True,False,False,False,True,True,False,False,False,False,False,True,False,False,True,False,True,Minor,Archivers,False,False,
Compress,31,Compress-31,0.2,0.5,0.1666666666666666,0.3333333333333333,0.3333333333333333,5.0,2.0,6.0,3.0,3.0,0.0,0.0,0.0,0.0,0.0,1.0,1.0,0.0,1.0,1.0,6.125251829518346,1.0559677475519682,0.2810181588822409,-0.0863434877128998,1.8463416241570776,-1.0703208802876285,-1.1731399609644546,13.341026441908978,14.023562901593952,1.910973700473624,-0.4635308650875505,6.437380162918141,0.3450983257567985,0.5548270635521871,-0.673136533919824,-194.65,10.38,46.4,41.4,83.1,9.4,0.6875,0.2622950819672132,5,5,4,4,3,5,2,3,3,1.072112534837795,1.072112534837795,0.4824506406770077,0.4824506406770077,-0.1072112534837793,1.072112534837795,-0.1072112534837793,-0.1072112534837793,-1.8761969359661408,-1.8761969359661408,-0.1072112534837793,0.5,0.7000000000000001,0.1154700538379251,0,12,0.8061368331607087,1.0,1.0,326.0,197.0,44.0,0.1349693251533742,0.2233502538071066,0.0918580375782881,1,252.0,1953772.0,0.7707876320537201,0.0436294210728453,0.6219827766078924,1.08480170169286,-1.128247590951671,-1.9855676023594075,True,True,False,False,True,False,False,False,True,True,False,True,False,False,False,False,False,False,True,False,False,Major,Compressors,False,False,tgz
Closure,84,Closure-84,0.0,0.0,0.0083333333333333,0.027027027027027,0.0909090909090909,0.0,0.0,120.0,37.0,11.0,0.0,0.0,0.0,0.0,0.0,0.0,0.0,0.0,0.0,0.0,-1.0231586669890729,-0.4554019288379759,-0.5305492464548165,-0.1071899765950736,-0.2730111944760022,-0.4693899138021459,1.5882268573455445,-0.2020454871191189,-0.2073567129463963,-0.5251530779927517,-0.4635308650875505,-0.2192296649910203,-0.3124943305803233,-0.4995211341402941,0.2959479588785432,-41.02,11.09,47.72,21.7,64.2,11.5,0.8541666666666666,0.7103448275862068,2,4,4,4,3,0,2,2,1,-0.1240347345892083,1.2403473458920846,1.2403473458920846,1.2403473458920846,0.5581563056514381,-1.4884168150705013,0.5581563056514381,-0.1240347345892083,-1.4884168150705013,-0.8062257748298548,-0.8062257748298548,0.0,0.65,0.1914854215512676,0,12,0.8310736275850976,0.5,1.0,391.0,43.0,14.0,0.0358056265984654,0.3255813953488372,0.0333333333333333,0,552.0,7218724.0,-0.7977119766339881,-0.70287777031615,-0.6450552541976357,-0.6028194775205034,-0.9942554810346128,1.4462904983191245,True,False,False,False,True,True,False,False,False,True,False,False,False,False,True,False,False,False,True,False,True,Medium,,False,False,
Compress,19,Compress-19,0.125,1.0,0.25,0.3333333333333333,0.1666666666666666,8.0,1.0,4.0,3.0,6.0,0.0,1.0,0.0,0.0,0.0,0.0,1.0,1.0,1.0,0.0,0.1491660732846581,-0.7576758641159647,0.1500360673985154,-0.6444259634264018,1.474022885748566,-0.7425821003187635,-1.1731399609644546,-0.2020454871191189,-0.2073567129463963,0.6929103112404362,-0.4635308650875505,-0.2192296649910203,0.2135797944893742,0.3439574240136908,0.2959479588785432,34.83,9.72,57.68,11.2,19.7,11.4,0.8958333333333334,0.7894736842105263,5,4,3,3,1,4,2,2,2,1.707629936490925,1.0119288512538815,0.316227766016838,0.316227766016838,-1.075174404457249,1.0119288512538815,0.316227766016838,-0.3794733192202055,-1.7708754896942926,-1.075174404457249,-0.3794733192202055,0.4,0.4499999999999999,0.1914854215512676,0,3,0.947083576609786,0.7,1.0,192.0,93.0,30.0,0.15625,0.3225806451612903,0.1176470588235294,1,188.0,1522893.0,0.5965098977550859,1.0034243814301251,1.882621625439655,0.4473908246518414,0.0114617341299011,-0.0906462854899062,True,False,False,False,True,True,False,False,False,True,False,True,False,False,False,False,False,False,True,False,True,Major,Archivers,False,True,zip
Jsoup,78,Jsoup-78,0.125,0.3333333333333333,0.3333333333333333,0.3333333333333333,0.1428571428571428,8.0,3.0,3.0,3.0,7.0,0.0,0.0,0.0,0.0,0.0,0.0,1.0,1.0,1.0,0.0,0.5122367950858508,0.1491459417180017,0.935111002732715,-0.5079823627532817,-0.1064125837329401,-0.2636279632382956,-0.5748438169972881,1.732679074170609,2.757418206749509,1.910973700473624,0.4023489388231981,-0.2192296649910203,-0.1809757993128989,1.8200449007831645,-0.673136533919824,4.34,9.11,41.13,14.6,29.0,10.8,0.875,0.7504332755632582,4,2,3,1,2,4,4,1,3,1.51657508881031,0.0659380473395786,0.7912565680749444,-0.6593804733957871,0.0659380473395786,1.51657508881031,-0.6593804733957871,-0.6593804733957871,-1.3846989941311527,-1.3846989941311527,0.7912565680749444,0.4,0.35,0.1914854215512676,2,6,0.986132017603596,0.7,1.0,177.0,100.0,28.0,0.1581920903954802,0.28,0.1124497991967871,0,111.0,1064535.0,-0.7977119766339881,-0.70287777031615,-0.6450552541976357,-0.3903491851734972,-0.8721492320951961,-0.9708354733906364,True,False,False,False,True,False,False,False,True,True,False,False,False,False,False,False,True,False,False,True,False,,,False,False,
Jsoup,44,Jsoup-44,0.0,0.0,0.03125,0.0204081632653061,0.0526315789473684,0.0,0.0,32.0,49.0,19.0,0.0,0.0,0.0,0.0,0.0,0.0,0.0,0.0,0.0,0.0,0.4597446425362808,1.0559677475519682,0.3721681464394769,-0.3136400797357879,-0.9226620584791106,-0.4597031270700074,-0.5748438169972881,-0.2020454871191189,-0.2073567129463963,0.6929103112404362,-0.4635308650875505,-0.2192296649910203,-0.3124943305803233,0.7656967030906834,-0.673136533919824,32.09,11.52,52.06,12.2,18.5,13.5,0.9166666666666666,0.8306878306878306,4,4,4,4,1,3,2,3,3,0.939618477299634,0.939618477299634,0.939618477299634,0.939618477299634,-1.2751965049066458,0.2013468165642074,0.2013468165642074,0.2013468165642074,-2.0134681656420725,-1.2751965049066458,0.2013468165642074,0.3,0.6,0.282842712474619,0,4,0.6114726245902309,0.6,1.0,51.0,92.0,10.0,0.196078431372549,0.108695652173913,0.075187969924812,0,82.0,785833.0,-0.7977119766339881,-0.70287777031615,-0.6450552541976357,-0.3903491851734972,0.6525892611704806,-0.6807202292737308,True,True,True,False,True,False,False,False,True,True,False,False,False,False,False,True,False,False,True,False,True,,,False,False,
Jsoup,50,Jsoup-50,1.0,1.0,1.0,1.0,1.0,1.0,1.0,1.0,1.0,1.0,1.0,1.0,1.0,1.0,1.0,1.0,1.0,1.0,1.0,1.0,-0.3145146075698771,0.1491459417180017,-0.1724460417024581,1.1666758441838845,-0.2730111944760022,0.6527108751916256,-0.5748438169972881,-0.2020454871191189,-0.2073567129463963,-0.5251530779927517,-0.4635308650875505,-0.2192296649910203,-0.3124943305803233,-0.7103907736787903,-0.673136533919824,43.73,13.31,48.32,11.9,19.0,13.0,0.7916666666666666,0.5238095238095237,3,5,2,3,5,2,2,5,3,-0.1435916317235475,1.4359163172354763,-0.9333456062030594,-0.1435916317235475,1.4359163172354763,-0.9333456062030594,-0.1435916317235475,1.4359163172354763,-0.1435916317235475,-1.7230995806825713,-0.1435916317235475,0.7,0.75,0.3,-1,10,0.7855382707470876,0.6,1.0,162.0,63.0,19.0,0.1172839506172839,0.3015873015873015,0.0922330097087378,0,83.0,814965.0,-0.7977119766339881,-0.70287777031615,-0.6450552541976357,-0.6028194775205034,0.2363537768768856,-0.3942249067816318,False,False,False,False,True,False,False,False,True,True,False,False,False,False,False,True,False,False,True,False,True,,,False,False,
Lang,9,Lang-9,0.5,1.0,1.0,0.2,1.0,2.0,1.0,1.0,5.0,1.0,0.0,1.0,1.0,0.0,1.0,1.0,1.0,1.0,1.0,1.0,-0.1898457452646483,-0.7576758641159647,-1.3149348798392213,0.4877981528813366,-0.6011343465993985,0.771479563024638,-0.5748438169972881,-0.2020454871191189,-0.2073567129463963,-0.5251530779927517,-0.4635308650875505,-0.2192296649910203,-0.1809757993128989,-0.0777818550633016,0.2959479588785432,30.54,18.22,65.67,17.0,23.0,15.5,0.75,0.4251497005988024,5,5,4,4,5,3,1,5,3,0.99124070716193,0.99124070716193,0.1524985703326045,0.1524985703326045,0.99124070716193,-0.6862435664967211,0.1524985703326045,0.99124070716193,-0.6862435664967211,-2.3637278401553723,-0.6862435664967211,0.8,0.9,0.1154700538379251,0,20,0.7085139047870175,0.4,1.0,318.0,58.0,18.0,0.0566037735849056,0.3103448275862069,0.0502793296089385,0,232.0,4139281.0,0.7707876320537201,1.2167121503984095,0.575627726700373,0.386685026838411,3.548363878416473,0.2838054273970888,False,False,False,False,True,True,False,False,False,True,False,False,False,False,False,True,False,False,True,False,True,Major,,False,False,
Jsoup,87,Jsoup-87,0.5,0.5,0.125,0.25,0.0454545454545454,2.0,2.0,8.0,4.0,22.0,0.0,0.0,0.0,0.0,0.0,1.0,1.0,0.0,1.0,0.0,2.1854241576033955,-0.1531279935599871,-0.6391736849707387,0.9352244100842944,-1.237791208928377,0.095690934606817,-0.5748438169972881,-0.2020454871191189,-0.2073567129463963,-0.5251530779927517,-0.4635308650875505,-0.2192296649910203,-0.1809757993128989,-0.2886514946017978,-0.673136533919824,-4.13,7.44,63.06,15.8,44.5,13.2,0.9166666666666666,0.8064516129032258,5,5,5,5,1,3,1,5,3,0.8977584024968696,0.8977584024968696,0.8977584024968696,0.8977584024968696,-1.296762136939923,-0.1995018672215266,0.3491282676376714,0.8977584024968696,-1.845392271799121,-1.296762136939923,-0.1995018672215266,0.3,0.8,0.4,0,5,0.8093943094366773,0.9,4.0,839.0,72.0,33.0,0.0393325387365911,0.4583333333333333,0.0375854214123006,0,115.0,1083550.0,-0.7977119766339881,-0.70287777031615,-0.6450552541976357,-0.1535965737011189,-0.2536110202545443,-2.701380420486944,False,True,False,False,True,False,False,False,True,True,False,False,False,False,False,True,False,False,True,False,True,,,False,False,
Jsoup,93,Jsoup-93,0.3333333333333333,1.0,0.3333333333333333,1.0,0.5,3.0,1.0,3.0,1.0,2.0,0.0,1.0,0.0,1.0,0.0,1.0,1.0,1.0,1.0,1.0,-0.3276376457072696,-0.4554019288379759,-0.5015305295658301,-0.4164353355952472,-0.2730111944760022,0.3992709989572418,-0.5748438169972881,-0.2020454871191189,-0.2073567129463963,-0.5251530779927517,-0.4635308650875505,-0.2192296649910203,-0.3124943305803233,-0.2886514946017978,0.2959479588785432,16.18,11.0,53.92,14.2,24.8,13.6,0.8541666666666666,0.6956521739130433,5,5,4,4,1,3,2,3,3,1.3368478455539217,1.3368478455539217,0.6974858324629156,0.6974858324629156,-1.2206002068101025,0.0581238193719095,0.0581238193719095,0.0581238193719095,-1.8599622199011083,-1.2206002068101025,0.0581238193719095,0.3,0.6,0.282842712474619,0,4,0.8724669536713122,0.9,1.0,108.0,55.0,12.0,0.1111111111111111,0.2181818181818181,0.0794701986754966,0,117.0,1105120.0,-0.7977119766339881,-0.70287777031615,-0.6450552541976357,-0.529972520144387,-0.2350949087350426,-0.5171040194588957,False,True,False,False,True,True,False,False,False,True,False,False,False,False,False,True,False,False,True,False,True,,,False,False,
Csv,16,Csv-16,1.0,1.0,1.0,1.0,1.0,1.0,1.0,1.0,1.0,1.0,1.0,1.0,1.0,1.0,1.0,1.0,1.0,1.0,1.0,1.0,2.166468658071606,2.869611359219901,0.9220530575712504,0.0281525035085883,-1.39301571620413,0.8801839947813993,0.1845320580379615,-0.2020454871191189,-0.2073567129463963,-0.5251530779927517,2.999988350555444,-0.2192296649910203,-0.0494572680454745,1.8200449007831645,-0.673136533919824,34.22,7.62,41.91,11.4,18.4,12.1,0.9583333333333334,0.8500000000000001,5,5,4,4,5,3,1,5,4,0.9370425713316364,0.9370425713316364,0.0780868809443029,0.0780868809443029,0.9370425713316364,-0.7808688094430304,0.0780868809443029,0.9370425713316364,-0.7808688094430304,-2.498780190217697,0.0780868809443029,0.8,0.9,0.1154700538379251,0,20,0.6779052020186226,0.6,1.0,298.0,121.0,40.0,0.1342281879194631,0.3305785123966942,0.1055408970976253,0,31.0,378968.0,1.1193431006509886,1.6432876883349783,0.4429447939940677,1.4186835896667267,-0.168248607825655,-1.7618806228248818,True,True,False,False,True,False,False,False,True,True,False,False,False,False,False,True,False,False,True,False,True,Minor,Parser,False,False,
JacksonXml,4,JacksonXml-4,1.0,1.0,1.0,1.0,0.0,1.0,1.0,1.0,1.0,0.0,1.0,1.0,1.0,1.0,0.0,1.0,1.0,1.0,1.0,0.0,-0.3218051843128729,-0.1531279935599871,-0.8603468087306085,-0.4266449889617222,3.013781736115982,0.2180358541235182,0.4146459595637947,-0.2020454871191189,-0.2073567129463963,-0.5251530779927517,-0.4635308650875505,-0.2192296649910203,-0.3124943305803233,-0.4995211341402941,0.2959479588785432,-26.84,15.28,56.71,20.4,36.3,15.0,0.8958333333333334,0.7435897435897437,5,5,3,3,5,3,2,4,3,1.1973421894279308,1.1973421894279308,-0.2660760420950958,-0.2660760420950958,1.1973421894279308,-0.2660760420950958,-0.2660760420950958,0.4656330736664174,-0.2660760420950958,-2.4612033893796355,-0.2660760420950958,0.8,0.75,0.1914854215512676,0,15,0.7749216361686804,0.6,1.0,127.0,53.0,19.0,0.1496062992125984,0.3584905660377358,0.1180124223602484,0,101.0,476111.0,-0.7977119766339881,-0.70287777031615,-0.6450552541976357,-0.4631961425496136,0.6536784442010396,-0.2252011177007475,True,True,False,False,True,True,False,False,False,True,False,False,False,False,False,True,False,False,True,False,False,,,False,False,
Gson,13,Gson-13,1.0,1.0,0.5,1.0,0.3333333333333333,1.0,1.0,2.0,1.0,3.0,1.0,1.0,0.0,1.0,0.0,1.0,1.0,1.0,1.0,1.0,0.8279187680575707,1.6605156181079457,0.980666202703538,-0.0354457259837345,2.4203330125368723,0.5473030506212322,0.4146459595637947,-0.2020454871191189,-0.2073567129463963,-0.5251530779927517,-0.4635308650875505,3.1090752489635607,0.0820612632219498,0.1330877844751946,0.2959479588785432,41.9,12.06,48.79,12.6,18.1,13.5,0.9375,0.8032786885245902,5,5,3,3,5,3,1,5,4,1.0493443645942062,1.0493443645942062,-0.599625351196689,-0.599625351196689,1.0493443645942062,-0.599625351196689,0.2248595066987586,1.0493443645942062,-0.599625351196689,-2.2485950669875843,0.2248595066987586,0.8,0.8,0.2309401076758503,0,15,0.8981381244143768,0.9,1.0,509.0,126.0,47.0,0.0923379174852652,0.373015873015873,0.0799319727891156,0,194.0,1245729.0,-0.7977119766339881,-0.70287777031615,-0.6450552541976357,-0.4935490414563288,0.431485105967019,-1.2956579841817644,False,True,False,False,True,True,False,False,False,True,False,False,False,False,False,True,False,False,True,False,True,,,False,False,
JxPath,9,JxPath-9,0.1666666666666666,0.5,0.0,0.0294117647058823,0.0057803468208092,6.0,2.0,0.0,34.0,173.0,0.0,0.0,0.0,0.0,0.0,0.0,1.0,0.0,0.0,0.0,-0.4122083359260213,-0.7576758641159647,-1.3201350811721473,0.2133642637618898,0.0619124374841446,1.1306761651135293,-0.5748438169972881,-0.2020454871191189,-0.2073567129463963,-0.5251530779927517,-0.4635308650875505,-0.2192296649910203,-0.1809757993128989,-0.9212604132172866,0.2959479588785432,30.54,17.8,72.91,17.0,24.3,0.0,0.9583333333333334,0.903225806451613,1,4,2,3,1,0,3,1,0,-0.2121320343559642,2.121320343559643,0.565685424949238,1.3435028842544403,-0.2121320343559642,-0.9899494936611664,0.565685424949238,-0.2121320343559642,-0.9899494936611664,-0.9899494936611664,-0.9899494936611664,0.0,0.35,0.1914854215512676,-1,2,0.9090760283733332,1.0,3.0,105.0,40.0,3.0,0.0285714285714285,0.075,0.0211267605633802,0,209.0,1192083.0,0.4222321634564516,0.7901366124618407,0.5906978869583731,0.2834851705555795,3.597740175801812,0.3202259954758481,False,False,False,False,True,True,False,False,False,True,False,False,False,False,False,True,False,False,True,False,False,Major,,False,False,
Time,1,Time-1,0.0,1.0,0.0064102564102564,0.0039525691699604,0.0035714285714285,0.0,1.0,156.0,253.0,280.0,0.0,1.0,0.0,0.0,0.0,0.0,1.0,0.0,0.0,0.0,-0.587911235432221,-0.4554019288379759,-1.3467965445390315,-0.6240923634917463,0.7530246939098532,0.5849260700094104,-0.989048839743788,-0.2020454871191189,-0.2073567129463963,0.6929103112404362,-0.4635308650875505,-0.2192296649910203,-0.3124943305803233,-0.4995211341402941,-0.673136533919824,-4.44,13.77,58.95,15.9,29.8,12.8,0.7916666666666666,0.5348837209302324,5,5,4,3,4,3,3,3,3,1.5212174611483278,1.5212174611483278,0.6405126152203484,-0.2401922307076309,0.6405126152203484,-0.2401922307076309,-1.12089707663561,-0.2401922307076309,-0.2401922307076309,-2.0016019225635895,-0.2401922307076309,0.8,0.7000000000000001,0.1154700538379251,1,16,0.8173475759902793,0.9,2.0,365.0,44.0,13.0,0.0356164383561643,0.2954545454545454,0.0328282828282828,0,317.0,5624964.0,-0.7977119766339881,-0.70287777031615,-0.6450552541976357,-0.5785371583951312,-0.5229362787200238,0.1700840617634112,True,False,False,False,True,False,False,False,True,True,False,False,False,True,False,False,False,False,True,False,True,,,False,False,
Collections,21,Collections-21,0.0,0.0,0.0,0.0,0.0,0.0,0.0,0.0,0.0,0.0,0.0,0.0,0.0,0.0,0.0,0.0,0.0,0.0,0.0,0.0,2.056380949252369,0.4514198769959905,0.7774225885488637,0.2790270267298341,1.1096681845252594,1.2790242397794864,0.1845320580379615,-0.2020454871191189,-0.2073567129463963,-0.5251530779927517,-0.4635308650875505,-0.2192296649910203,0.0820612632219498,0.9765663426291796,6.110454915668747,36.15,7.03,52.59,10.7,21.0,11.0,0.875,0.6538461538461539,5,5,4,4,3,3,1,5,4,0.9914601339836674,0.9914601339836674,0.3499271061118826,0.3499271061118826,-0.2916059217599022,-0.2916059217599022,0.3499271061118826,0.9914601339836674,-2.2162050053752567,-1.5746719775034717,0.3499271061118826,0.3,0.8,0.1632993161855452,0,12,0.8761623668740179,0.9,1.0,197.0,122.0,28.0,0.1421319796954314,0.2295081967213114,0.0962199312714776,5,465.0,3572664.0,1.1193431006509886,0.2569171900411298,0.3763325461455961,0.7812727126257082,0.1151353708572344,-1.6911581854649007,False,True,False,False,True,True,False,False,False,True,False,False,False,False,True,False,False,False,True,False,True,Minor,List,True,True,"java,patch"
JxPath,21,JxPath-21,0.0,0.0,0.03125,0.0128205128205128,0.0526315789473684,0.0,0.0,32.0,78.0,19.0,0.0,0.0,0.0,0.0,0.0,0.0,0.0,0.0,0.0,0.0,0.2512341476865998,-0.7576758641159647,0.2829402470319981,-0.3872337406602587,0.4038501769199036,-0.2518789045399403,0.1845320580379615,-0.2020454871191189,-0.2073567129463963,-0.5251530779927517,-0.4635308650875505,-0.2192296649910203,0.2135797944893742,-1.1321300527557827,9.017708394063847,45.32,7.78,41.44,9.2,17.3,9.7,0.875,0.7272727272727273,5,5,5,4,1,4,1,5,3,0.9233805168766386,0.9233805168766386,0.9233805168766386,0.3590924232298038,-1.3337718577107005,0.3590924232298038,0.3590924232298038,0.9233805168766386,-1.8980599513575351,-1.3337718577107005,-0.2051956704170308,0.4,0.75,0.3785938897200182,1,5,0.903984001067544,0.7,1.0,127.0,59.0,9.0,0.0708661417322834,0.1525423728813559,0.0508474576271186,0,223.0,1279707.0,0.2479544291578174,0.5768488434935564,1.243548603040793,0.4656025639958704,-0.5359817209269455,-1.485711981562719,False,True,False,False,False,True,False,True,False,True,False,False,False,False,False,True,False,False,True,False,True,Blocker,,False,False,
Mockito,22,Mockito-22,0.0,1.0,0.0,0.0037037037037037,0.0035971223021582,0.0,1.0,0.0,270.0,278.0,0.0,1.0,0.0,0.0,0.0,0.0,1.0,0.0,0.0,0.0,-1.0231586669890729,-0.7576758641159647,-2.430552480033038,4.163331944642799,0.9303979192957068,-4.097795444638771,-1.8864930556945376,-0.2020454871191189,-0.2073567129463963,-0.5251530779927517,-0.4635308650875505,-0.2192296649910203,-0.3124943305803233,0.3439574240136908,-0.673136533919824,40.67038321167885,11.505526590198125,39.71272158498436,10.017669447340982,10.561941649899396,10.914260884657429,0.9375,0.7352941176470588,0,0,1,0,1,0,4,0,0,-0.6123724356957945,-0.6123724356957945,1.632993161855452,-0.6123724356957945,1.632993161855452,-0.6123724356957945,1.632993161855452,-0.6123724356957945,-0.6123724356957945,-0.6123724356957945,-0.6123724356957945,0.0,0.1,0.1154700538379251,1,1,0.6015551623380972,1.0,1.0,30.0,45.0,8.0,0.2666666666666666,0.1777777777777777,0.1194029850746268,0,823.0,3112865.0,-0.9719897109326224,-0.9161655392844344,-0.6450552541976357,-0.6028194775205034,-0.9942554810346128,1.4462904983191245,True,True,False,True,True,False,False,False,True,True,False,False,False,False,True,False,False,False,True,False,False,Medium,,False,False,
Mockito,36,Mockito-36,0.0,0.0,0.0303030303030303,0.010204081632653,0.0,0.0,0.0,33.0,98.0,0.0,0.0,0.0,0.0,0.0,0.0,0.0,0.0,0.0,0.0,0.0,-1.0231586669890729,-0.7576758641159647,-2.430552480033038,4.163331944642799,0.9303979192957068,-4.097795444638771,-1.8864930556945376,-0.2020454871191189,-0.2073567129463963,-0.5251530779927517,-0.4635308650875505,-0.2192296649910203,-0.3124943305803233,-0.9212604132172866,0.2959479588785432,15.56617647058826,21.835294117647063,54.58823529411765,19.53470588235294,26.046470588235294,18.243605946275583,0.9791666666666666,0.8974358974358972,0,0,0,0,1,0,4,0,0,-0.4714045207910317,-0.4714045207910317,-0.4714045207910317,-0.4714045207910317,2.1213203435596424,-0.4714045207910317,2.1213203435596424,-0.4714045207910317,-0.4714045207910317,-0.4714045207910317,-0.4714045207910317,0.0,0.05,0.1,0,0,0.5201672987207322,1.0,1.0,99.0,12.0,4.0,0.0404040404040404,0.3333333333333333,0.0373831775700934,0,579.0,2376844.0,-0.9719897109326224,-0.9161655392844344,-0.6450552541976357,-0.6028194775205034,-0.9942554810346128,1.4462904983191245,False,False,False,False,True,True,False,False,False,True,False,False,False,False,True,False,False,False,True,False,False,Medium,,False,False,
Math,5,Math-5,0.1111111111111111,1.0,1.0,0.3333333333333333,0.25,9.0,1.0,1.0,3.0,4.0,0.0,1.0,1.0,0.0,0.0,0.0,1.0,1.0,1.0,1.0,-0.0177881341299465,-0.7576758641159647,0.1071704380947079,-0.5893105440175791,-0.9226620584791106,0.4156739126922524,-0.3447299154714549,-0.2020454871191189,-0.2073567129463963,-0.5251530779927517,-0.4635308650875505,-0.2192296649910203,-0.0494572680454745,-0.7103907736787903,1.2650324516769105,33.31,10.49,59.27,11.7,19.1,11.8,0.9166666666666666,0.8285714285714285,4,5,4,4,2,2,1,4,3,0.67700320038633,1.35400640077266,0.67700320038633,0.67700320038633,-0.67700320038633,-0.67700320038633,0.67700320038633,0.67700320038633,-2.03100960115899,-1.35400640077266,0.0,0.2,0.7,0.2,0,8,0.9865545560450608,0.6,1.0,293.0,56.0,15.0,0.0511945392491467,0.2678571428571428,0.0449101796407185,0,1231.0,11396235.0,1.1193431006509886,-0.4362680591057944,0.575627726700373,0.74484923393765,-0.1548584254838686,0.562762965319015,False,False,False,False,True,True,False,False,False,True,False,False,False,False,False,True,False,False,True,False,True,Minor,,False,False,
Jsoup,37,Jsoup-37,0.3333333333333333,1.0,0.1428571428571428,0.2,0.125,3.0,1.0,7.0,5.0,8.0,0.0,1.0,0.0,0.0,0.0,1.0,1.0,0.0,1.0,0.0,-0.5470840056714443,-0.7576758641159647,-0.7064931215410446,-0.669098075737362,0.7530246939098532,0.3094146291999576,-0.5748438169972881,-0.2020454871191189,-0.2073567129463963,-0.5251530779927517,-0.4635308650875505,-0.2192296649910203,-0.3124943305803233,-0.7103907736787903,0.2959479588785432,35.54,11.39,51.36,10.9,18.0,11.9,0.7291666666666666,0.4487632508833921,3,2,1,0,2,2,4,1,1,1.942571724714528,0.8741572761215377,-0.1942571724714529,-1.2626716210644435,0.8741572761215377,0.8741572761215377,-0.1942571724714529,-0.1942571724714529,-1.2626716210644435,-1.2626716210644435,-0.1942571724714529,0.2,0.2,0.1632993161855452,1,2,0.7280278099604163,0.6,1.0,338.0,47.0,14.0,0.0414201183431952,0.2978723404255319,0.0377358490566037,0,80.0,699887.0,-0.7977119766339881,-0.70287777031615,-0.6450552541976357,-0.5846077381764743,0.2092917677329984,0.2991386452353373,False,False,False,False,True,True,False,False,False,True,False,False,False,False,False,True,False,False,True,False,False,,,False,False,
Jsoup,23,Jsoup-23,1.0,1.0,0.3333333333333333,1.0,1.0,1.0,1.0,3.0,1.0,1.0,1.0,1.0,0.0,1.0,1.0,1.0,1.0,1.0,1.0,1.0,-0.0032069806439548,-0.4554019288379759,-1.3108404461507197,0.9939008523332692,0.5775185551070113,0.5068642688269234,0.4146459595637947,-0.2020454871191189,-0.2073567129463963,-0.5251530779927517,-0.4635308650875505,-0.2192296649910203,-0.3124943305803233,-0.4995211341402941,-0.673136533919824,28.54,13.59,47.66,13.6,24.2,14.2,0.9583333333333334,0.8500000000000001,5,5,4,4,5,3,1,5,4,0.9370425713316364,0.9370425713316364,0.0780868809443029,0.0780868809443029,0.9370425713316364,-0.7808688094430304,0.0780868809443029,0.9370425713316364,-0.7808688094430304,-2.498780190217697,0.0780868809443029,0.8,0.9,0.1154700538379251,0,20,0.7679259166383979,0.9,2.0,195.0,72.0,21.0,0.1076923076923077,0.2916666666666667,0.0853658536585365,0,75.0,681247.0,-0.7977119766339881,-0.70287777031615,-0.6450552541976357,-0.4996196212376718,0.985285168686661,-0.482199228031731,False,True,False,False,True,False,False,False,True,True,False,False,False,False,False,True,False,False,True,False,True,,,False,False,
Compress,42,Compress-42,1.0,1.0,0.5,1.0,0.3333333333333333,1.0,1.0,2.0,1.0,3.0,1.0,1.0,0.0,1.0,0.0,1.0,1.0,1.0,1.0,1.0,1.172033990326974,-0.4554019288379759,1.0897231209997933,0.0692522928961016,-0.4379098193951574,-0.3369958993579735,-1.1731399609644546,-0.2020454871191189,-0.2073567129463963,0.6929103112404362,1.2682287427339467,-0.2192296649910203,0.3450983257567985,0.1330877844751946,-0.673136533919824,45.35,10.96,51.49,11.3,19.1,12.4,0.9375,0.763157894736842,5,5,4,4,5,3,1,5,3,0.99124070716193,0.99124070716193,0.1524985703326045,0.1524985703326045,0.99124070716193,-0.6862435664967211,0.1524985703326045,0.99124070716193,-0.6862435664967211,-2.3637278401553723,-0.6862435664967211,0.8,0.9,0.1154700538379251,0,20,0.7588928940000157,0.6,2.0,354.0,130.0,46.0,0.1299435028248587,0.3538461538461538,0.1050228310502283,1,290.0,2244732.0,1.2936208349496228,1.856575457303263,2.450697460244737,0.6780728563428766,0.717456161657101,-1.0346807931021602,True,True,False,False,True,False,False,False,True,True,False,False,False,False,False,True,False,False,True,False,True,Major,Archivers,False,False,jar
Math,84,Math-84,1.0,1.0,1.0,1.0,0.0,1.0,1.0,1.0,1.0,0.0,1.0,1.0,1.0,1.0,0.0,1.0,1.0,1.0,1.0,0.0,0.1149003625925777,-0.1531279935599871,0.4858806876884088,-1.2093963457434815,0.5775185551070113,0.2745676207395481,-0.5748438169972881,-0.2020454871191189,-0.2073567129463963,-0.5251530779927517,-0.4635308650875505,-0.2192296649910203,-0.0494572680454745,-0.7103907736787903,-0.673136533919824,21.8,14.31,61.05,14.1,21.0,13.5,0.8541666666666666,0.7052631578947368,4,5,1,2,1,2,3,1,2,1.4884168150705013,2.1706078553111476,-0.558156305651438,0.1240347345892085,-0.558156305651438,0.1240347345892085,0.1240347345892085,-0.558156305651438,-1.2403473458920844,-1.2403473458920844,0.1240347345892085,0.2,0.25,0.1,-1,1,0.9324952813180916,0.6,1.0,123.0,72.0,13.0,0.1056910569105691,0.1805555555555555,0.0714285714285714,1,779.0,6199941.0,1.2936208349496228,1.856575457303263,0.3763325461455961,0.74484923393765,1.0160651982255733,0.3461125357710956,False,False,False,False,True,False,False,False,True,True,False,False,False,False,False,True,False,False,True,False,False,Blocker,,False,True,java
Math,90,Math-90,0.3333333333333333,1.0,1.0,1.0,0.5,3.0,1.0,1.0,1.0,2.0,0.0,1.0,1.0,1.0,0.0,1.0,1.0,1.0,1.0,1.0,1.0539266470904416,0.1491459417180017,1.0085219587848786,-0.3449231512358601,2.035569554392177,0.6186718213194691,0.1845320580379615,-0.2020454871191189,-0.2073567129463963,0.6929103112404362,2.999988350555444,-0.2192296649910203,-0.1809757993128989,1.187435982167676,2.2341169444752773,49.75,11.71,49.11,11.6,15.2,13.1,0.8333333333333334,0.4960629921259843,5,5,4,4,5,3,2,5,4,0.99124070716193,0.99124070716193,0.1524985703326045,0.1524985703326045,0.99124070716193,-0.6862435664967211,-0.6862435664967211,0.99124070716193,-0.6862435664967211,-2.3637278401553723,0.1524985703326045,0.8,0.9,0.1154700538379251,0,20,0.8596508724260119,0.6,1.0,164.0,127.0,29.0,0.1768292682926829,0.2283464566929134,0.1106870229007633,0,688.0,5255495.0,0.2479544291578174,0.5768488434935564,1.682758802398567,0.5445201011533299,1.1924091174589229,-1.0582218651092457,True,True,False,False,True,True,False,False,False,True,False,False,False,False,False,True,False,False,True,False,True,Major,,False,False,
Cli,26,Cli-26,0.3333333333333333,0.25,1.0,1.0,1.0,3.0,4.0,1.0,1.0,1.0,0.0,1.0,1.0,1.0,1.0,1.0,1.0,1.0,1.0,1.0,-0.1730774187557578,-0.4554019288379759,0.1283348924781349,-0.7007437113273781,1.8463416241570776,-0.0241518556441827,-0.5748438169972881,-0.2020454871191189,-0.2073567129463963,0.6929103112404362,0.4023489388231981,-0.2192296649910203,0.2135797944893742,-0.7103907736787903,-0.673136533919824,40.85,11.7,52.95,10.9,15.9,11.9,0.8541666666666666,0.713310580204778,3,3,2,3,3,3,3,2,2,0.7219948723811552,0.7219948723811552,-0.4125684985035175,0.7219948723811552,0.7219948723811552,0.7219948723811552,-0.4125684985035175,-0.4125684985035175,0.7219948723811552,-2.681695240272863,-0.4125684985035175,0.8,0.5,0.1154700538379251,-1,6,0.8037671997968114,0.9,1.0,135.0,69.0,18.0,0.1333333333333333,0.2608695652173913,0.0967741935483871,1,44.0,286250.0,1.4678985692482571,2.069863226271547,0.6548928553301138,0.3502615481503528,0.3092787699383078,0.2349759144696337,True,False,False,False,True,False,False,False,True,True,False,True,False,False,False,False,False,False,True,False,False,Minor,Options definition,True,False,diff
Closure,173,Closure-173,1.0,1.0,1.0,0.5,0.1428571428571428,1.0,1.0,1.0,2.0,7.0,1.0,1.0,1.0,0.0,0.0,1.0,1.0,1.0,1.0,0.0,-1.0231586669890729,-0.7576758641159647,0.6674547572286247,-0.4319970225300488,-0.2730111944760022,0.1924026526218361,1.5882268573455445,-0.2020454871191189,-0.2073567129463963,-0.5251530779927517,-0.4635308650875505,-0.2192296649910203,-0.3124943305803233,-0.0777818550633016,1.2650324516769105,1.39,9.91,43.55,15.7,36.3,11.4,0.8541666666666666,0.7103448275862068,2,4,5,4,1,0,2,3,2,-0.1703885502741196,1.079127485069423,1.7038855027411943,1.079127485069423,-0.7951465679458909,-1.4199045856176622,0.4543694673976517,0.4543694673976517,-1.4199045856176622,-0.7951465679458909,-0.1703885502741196,0.0,0.65,0.3415650255319866,1,5,0.9937548826950124,1.0,2.0,686.0,71.0,26.0,0.0379008746355685,0.3661971830985915,0.0355677154582763,0,958.0,12780669.0,-0.7977119766339881,-0.70287777031615,-0.6450552541976357,-0.6028194775205034,-0.9942554810346128,1.4462904983191245,False,False,False,False,True,True,False,False,False,True,False,False,False,False,True,False,False,False,True,False,True,Medium,,False,False,
Closure,20,Closure-20,1.0,1.0,1.0,0.0555555555555555,0.0384615384615384,1.0,1.0,1.0,18.0,26.0,1.0,1.0,1.0,0.0,0.0,1.0,1.0,1.0,0.0,0.0,-1.0231586669890729,1.0559677475519682,0.851742269364855,0.0530287439984506,-1.6988993040710567,-0.6347869724399131,1.5882268573455445,-0.2020454871191189,-0.2073567129463963,-0.5251530779927517,-0.4635308650875505,-0.2192296649910203,0.7396539195590717,-0.0777818550633016,-0.673136533919824,-7.28,8.82,53.17,17.0,37.0,12.9,0.8125,0.4881516587677725,4,5,4,4,4,3,1,5,3,0.3405026123034996,1.2768847961381231,0.3405026123034996,0.3405026123034996,0.3405026123034996,-0.5958795715311239,0.3405026123034996,1.2768847961381231,-0.5958795715311239,-2.468643939200371,-0.5958795715311239,0.8,0.8500000000000001,0.0999999999999999,0,16,0.8807558107919219,0.4,1.0,565.0,141.0,59.0,0.1044247787610619,0.4184397163120567,0.0911901081916537,0,981.0,12663633.0,-0.7977119766339881,-0.70287777031615,-0.6450552541976357,-0.6028194775205034,-0.9942554810346128,1.4462904983191245,False,False,False,False,True,False,False,False,True,True,False,False,False,False,True,False,False,False,True,False,True,Medium,,False,False,
Closure,34,Closure-34,0.0,0.3333333333333333,0.1,0.1428571428571428,0.5,0.0,3.0,10.0,7.0,2.0,0.0,0.0,0.0,0.0,0.0,0.0,1.0,0.0,0.0,1.0,-1.0231586669890729,-0.1531279935599871,0.710036111644624,1.1215071898864115,-0.7627101412056181,-1.0119579318585563,1.5882268573455445,-0.2020454871191189,-0.2073567129463963,1.910973700473624,1.2682287427339467,6.437380162918141,1.0026909820939205,0.7656967030906834,-0.673136533919824,-102.3,5.74,43.41,28.6,60.6,9.6,0.8958333333333334,0.7692307692307693,5,5,5,5,1,4,0,4,3,0.8457816116784908,0.8457816116784908,0.8457816116784908,0.8457816116784908,-1.3433002067834854,0.2985111570629967,0.8457816116784908,0.2985111570629967,-1.8905706613989792,-1.3433002067834854,-0.2487592975524973,0.4,0.75,0.3785938897200182,0,5,0.8016379644627503,0.7,2.0,613.0,119.0,40.0,0.065252854812398,0.3361344537815126,0.0578034682080924,0,974.0,12501074.0,-0.7977119766339881,-0.70287777031615,-0.6450552541976357,-0.6028194775205034,-0.9942554810346128,1.4462904983191245,True,False,False,False,True,False,False,False,True,True,False,False,False,False,True,False,False,False,True,False,True,Medium,,False,False,
Compress,5,Compress-5,1.0,1.0,1.0,0.5,1.0,1.0,1.0,1.0,2.0,1.0,1.0,1.0,1.0,0.0,1.0,1.0,1.0,1.0,1.0,1.0,0.4386019699815929,1.0559677475519682,1.0484402005884996,0.0403421551490023,1.290866087015343,-1.0490533047423298,-1.1731399609644546,-0.2020454871191189,0.0891207790231942,0.6929103112404362,0.4023489388231981,-0.2192296649910203,0.2135797944893742,-0.0777818550633016,-0.673136533919824,58.08,8.5,42.09,8.4,14.2,10.0,0.9583333333333334,0.8740157480314962,5,5,3,3,5,3,2,5,3,1.179535649239177,1.179535649239177,-0.4423258684646913,-0.4423258684646913,1.179535649239177,-0.4423258684646913,-0.4423258684646913,1.179535649239177,-0.4423258684646913,-2.06418738616856,-0.4423258684646913,0.8,0.8,0.2309401076758503,0,15,0.9794053497187986,0.6,1.0,190.0,98.0,22.0,0.1157894736842105,0.2244897959183673,0.0827067669172932,2,94.0,698797.0,1.2936208349496228,1.856575457303263,0.0802781112634999,0.5263083618093007,0.2330981968295007,-0.5568689717176911,True,True,False,False,True,False,False,False,True,True,False,True,False,False,False,False,False,False,True,False,True,Major,,True,False,"001,patch"
Closure,167,Closure-167,0.0,0.0,0.002415458937198,0.0015673981191222,0.0013966480446927,0.0,0.0,414.0,638.0,716.0,0.0,0.0,0.0,0.0,0.0,0.0,0.0,0.0,0.0,0.0,-1.0231586669890729,-0.4554019288379759,0.9543402394054356,0.3160157737293638,-1.081014456579866,-0.3866868906371868,1.5882268573455445,-0.2020454871191189,-0.2073567129463963,-0.5251530779927517,-0.4635308650875505,-0.2192296649910203,-0.3124943305803233,0.7656967030906834,0.2959479588785432,-4.74,8.6,44.56,16.0,36.7,11.1,0.875,0.7192982456140351,5,5,5,4,1,3,1,4,3,1.072112534837795,1.072112534837795,1.072112534837795,0.4824506406770077,-1.2865350418053536,-0.1072112534837793,0.4824506406770077,0.4824506406770077,-1.8761969359661408,-1.2865350418053536,-0.1072112534837793,0.3,0.7,0.3464101615137754,1,5,0.861477814505437,0.9,2.0,590.0,86.0,26.0,0.0440677966101694,0.3023255813953488,0.04,0,981.0,12686359.0,-0.7977119766339881,-0.70287777031615,-0.6450552541976357,-0.6028194775205034,-0.9942554810346128,1.4462904983191245,True,False,False,False,True,True,False,False,False,True,False,False,False,False,True,False,False,False,True,False,True,Medium,,False,False,
Cli,32,Cli-32,1.0,1.0,1.0,0.5,1.0,1.0,1.0,1.0,2.0,1.0,1.0,1.0,1.0,0.0,1.0,1.0,1.0,1.0,1.0,1.0,0.261440955126794,-0.1531279935599871,-0.8505633959629639,0.1413532496143255,0.9303979192957068,0.0451812937862465,0.1845320580379615,-0.2020454871191189,-0.2073567129463963,0.6929103112404362,0.4023489388231981,-0.2192296649910203,-0.0494572680454745,-0.4995211341402941,0.2959479588785432,12.39,10.24,49.73,13.6,26.1,10.3,0.9166666666666666,0.7782909930715934,5,5,4,3,5,4,2,4,3,1.059625885652035,1.059625885652035,0.331133089266261,-0.3973597071195131,1.059625885652035,0.331133089266261,-0.3973597071195131,0.331133089266261,-0.3973597071195131,-2.5828380962768356,-0.3973597071195131,0.9,0.8,0.1632993161855452,1,20,0.797874353464663,0.7,1.0,264.0,89.0,31.0,0.1174242424242424,0.348314606741573,0.0962732919254658,3,46.0,342831.0,0.2479544291578174,-0.2763022323795812,0.5906978869583731,0.6902140159055626,0.1259692658952407,0.0870173706266487,True,False,False,False,True,True,False,False,False,True,False,True,False,False,False,False,False,False,True,False,False,Critical,CLI-1.x,True,False,patch
Closure,3,Closure-3,0.125,0.0,0.0476190476190476,0.024390243902439,0.0117647058823529,8.0,0.0,21.0,41.0,85.0,0.0,0.0,0.0,0.0,0.0,0.0,0.0,0.0,0.0,0.0,-1.0231586669890729,-0.7576758641159647,0.6716739217461366,-0.5089747952062906,0.5775185551070113,-0.8002373492020244,1.5882268573455445,-0.2020454871191189,-0.2073567129463963,-0.5251530779927517,-0.4635308650875505,-0.2192296649910203,-0.3124943305803233,0.7656967030906834,-0.673136533919824,-1.15,10.66,45.72,16.7,39.5,12.5,0.9166666666666666,0.7499999999999999,5,5,4,4,5,3,2,5,3,1.0493443645942062,1.0493443645942062,0.2248595066987586,0.2248595066987586,1.0493443645942062,-0.599625351196689,-0.599625351196689,1.0493443645942062,-0.599625351196689,-2.2485950669875843,-0.599625351196689,0.8,0.9,0.1154700538379251,0,20,0.6988299618816383,0.9,1.0,333.0,60.0,17.0,0.051051051051051,0.2833333333333333,0.0452127659574468,0,994.0,12629873.0,-0.7977119766339881,-0.70287777031615,-0.6450552541976357,-0.6028194775205034,-0.9942554810346128,1.4462904983191245,True,False,False,False,True,False,False,False,True,True,False,False,False,False,True,False,False,False,True,False,True,High,,False,False,
Lang,27,Lang-27,1.0,1.0,1.0,1.0,0.0,1.0,1.0,1.0,1.0,0.0,1.0,1.0,1.0,1.0,0.0,1.0,1.0,1.0,1.0,0.0,-0.1475604001552724,-0.1531279935599871,-0.6251773740669434,-0.8618727624882697,-0.2730111944760022,-0.3727647174650781,-0.5748438169972881,-0.2020454871191189,-0.2073567129463963,1.910973700473624,-0.4635308650875505,-0.2192296649910203,0.2135797944893742,-0.4995211341402941,0.2959479588785432,24.54,12.15,57.13,13.0,21.7,12.6,0.9583333333333334,0.9165217391304348,4,5,3,4,1,2,1,4,1,0.8464989719746506,1.467264884756061,0.2257330591932402,0.8464989719746506,-1.0157987663695809,-0.3950328535881702,0.8464989719746506,0.8464989719746506,-1.636564679150991,-1.0157987663695809,-1.0157987663695809,0.2,0.6,0.282842712474619,-1,3,0.8562215378650677,0.9,1.0,285.0,64.0,22.0,0.0771929824561403,0.34375,0.0672782874617737,2,200.0,3701517.0,1.99073177214416,2.7097265331764,0.0855725153909535,0.3563321279316959,-0.1510602487619196,0.1362024749521978,True,False,False,False,True,True,False,False,False,True,False,True,False,False,False,False,False,False,True,False,True,Major,lang.math.*,True,True,patch
Math,47,Math-47,1.0,1.0,0.5,0.1428571428571428,1.0,1.0,1.0,2.0,7.0,1.0,1.0,1.0,0.0,0.0,1.0,1.0,1.0,1.0,0.0,1.0,-0.1417279387608757,-0.4554019288379759,-0.1877089573722956,-0.709262570537395,-0.9226620584791106,1.2144158300950412,-0.3447299154714549,-0.2020454871191189,-0.2073567129463963,-0.5251530779927517,-0.4635308650875505,-0.2192296649910203,-0.1809757993128989,-0.4995211341402941,0.2959479588785432,37.64,14.8,59.65,14.2,17.8,14.6,0.8333333333333334,0.6712328767123288,3,5,3,3,1,2,3,4,2,0.4905114715879725,1.8394180184548976,0.4905114715879725,0.4905114715879725,-0.8583950752789523,-0.1839418018454899,-0.1839418018454899,1.164964745021435,-1.5328483487124147,-1.5328483487124147,-0.1839418018454899,0.2,0.55,0.2516611478423583,0,3,0.9328344755931706,0.6,1.0,290.0,56.0,15.0,0.0517241379310344,0.2678571428571428,0.0453172205438066,0,902.0,7590098.0,0.0736766948591831,0.363561074525272,1.9890501256349091,0.4534614044331844,1.7905676914984447,0.4627919600560062,False,False,False,False,True,True,False,False,False,True,False,False,False,False,False,True,False,False,True,False,False,Minor,,False,False,
Math,102,Math-102,0.5,1.0,1.0,1.0,1.0,2.0,1.0,1.0,1.0,1.0,0.0,1.0,1.0,1.0,1.0,1.0,1.0,1.0,1.0,1.0,0.883327151304339,0.7536938122739794,0.9597850285442118,0.1272845372542206,-2.581591943344183,-0.1082872462222522,-0.3447299154714549,-0.2020454871191189,-0.2073567129463963,-0.5251530779927517,0.4023489388231981,-0.2192296649910203,1.9233207009658917,0.7656967030906834,6.110454915668747,57.77,8.96,48.18,8.6,17.4,11.5,0.9791666666666666,0.9210526315789472,5,5,4,4,5,4,1,5,4,0.8864052604279183,0.8864052604279183,0.0,0.0,0.8864052604279183,0.0,0.0,0.8864052604279183,-0.8864052604279183,-2.6592157812837547,0.0,0.9,0.9,0.1154700538379251,0,20,0.9778814253076769,0.8,1.0,177.0,87.0,23.0,0.1299435028248587,0.264367816091954,0.0954356846473029,1,542.0,3292909.0,1.2936208349496228,1.856575457303263,0.3082400261227139,0.574873000060045,0.042646764057483,-1.0460656013073275,True,True,False,False,True,True,False,False,False,True,False,False,False,False,False,True,False,False,True,False,True,Major,,False,False,xls
Math,53,Math-53,1.0,1.0,1.0,1.0,1.0,1.0,1.0,1.0,1.0,1.0,1.0,1.0,1.0,1.0,1.0,1.0,1.0,1.0,1.0,1.0,0.126565285381371,0.1491459417180017,0.1427065894654109,-0.3511929955653066,0.7530246939098532,0.2749055851303131,-0.3447299154714549,-0.2020454871191189,-0.2073567129463963,-0.5251530779927517,-0.4635308650875505,-0.2192296649910203,0.4766168570242229,-0.2886514946017978,-0.673136533919824,48.74,12.53,53.26,12.0,16.4,12.0,0.8541666666666666,0.6216216216216215,4,5,3,4,5,2,1,5,3,0.3686048903872428,1.179535649239177,-0.4423258684646913,0.3686048903872428,1.179535649239177,-1.2532566273166257,0.3686048903872428,1.179535649239177,-0.4423258684646913,-2.06418738616856,-0.4423258684646913,0.7,0.85,0.1914854215512676,-1,15,0.8282683820798041,0.6,1.0,283.0,80.0,29.0,0.1024734982332155,0.3625,0.0868263473053892,0,881.0,7157351.0,1.99073177214416,2.7097265331764,0.225344784355727,0.392755606619754,0.5734419609498655,-0.213560817937386,False,False,False,True,True,False,False,False,True,True,False,False,False,False,False,True,False,False,True,False,True,Major,,False,False,
Lang,33,Lang-33,0.0,1.0,0.1428571428571428,0.1666666666666666,1.0,0.0,1.0,7.0,6.0,1.0,0.0,1.0,0.0,0.0,1.0,0.0,1.0,0.0,0.0,1.0,-0.4202279703433167,-0.7576758641159647,-1.3014692220237596,-0.340285611355098,-0.1064125837329401,1.179271468112463,-0.5748438169972881,-0.2020454871191189,-0.2073567129463963,-0.5251530779927517,-0.4635308650875505,-0.2192296649910203,-0.0494572680454745,-0.7103907736787903,-0.673136533919824,38.82,12.65,58.36,11.7,17.8,12.2,0.875,0.7313432835820897,3,3,0,1,1,2,4,1,1,1.7677669529663689,1.7677669529663689,-1.1490485194281397,-0.1767766952966369,-0.1767766952966369,0.7954951288348658,-0.1767766952966369,-0.1767766952966369,-1.1490485194281397,-1.1490485194281397,-0.1767766952966369,0.2,0.15,0.1,-1,0,0.9031834718634454,0.6,1.0,316.0,47.0,12.0,0.0379746835443038,0.2553191489361702,0.0341880341880341,0,182.0,3468198.0,1.1193431006509886,0.2569171900411298,0.5609207028341319,0.3502615481503528,1.005484563071572,0.5181403626422424,False,False,False,False,True,False,False,False,True,True,False,False,False,True,False,False,False,False,True,False,False,Major,lang.*,False,False,
Gson,4,Gson-4,1.0,1.0,0.5,1.0,1.0,1.0,1.0,2.0,1.0,1.0,1.0,1.0,0.0,1.0,1.0,1.0,1.0,1.0,1.0,1.0,2.6950354719388048,3.1718852944978897,0.3871380341808746,-0.5817974554373824,-0.2730111944760022,1.621453200568624,-0.989048839743788,-0.2020454871191189,-0.2073567129463963,-0.5251530779927517,0.4023489388231981,-0.2192296649910203,-0.3124943305803233,-0.7103907736787903,-0.673136533919824,55.95,8.24,43.24,9.3,11.8,10.8,0.9375,0.763157894736842,0,1,0,0,1,0,4,0,0,-0.6123724356957945,1.632993161855452,-0.6123724356957945,-0.6123724356957945,1.632993161855452,-0.6123724356957945,1.632993161855452,-0.6123724356957945,-0.6123724356957945,-0.6123724356957945,-0.6123724356957945,0.0,0.05,0.1,0,0,0.7721655269759087,0.5,2.0,584.0,165.0,45.0,0.0770547945205479,0.2727272727272727,0.0639204545454545,0,187.0,1211335.0,0.2479544291578174,-0.2763022323795812,4.786510877860171,3.877268401110655,0.6792858324726907,-1.850576129449801,True,False,True,True,True,False,False,False,True,True,False,False,False,False,True,False,False,False,True,False,False,,,False,False,
JacksonCore,12,JacksonCore-12,1.0,0.5,0.5,0.3333333333333333,0.0,1.0,2.0,2.0,3.0,0.0,1.0,1.0,0.0,0.0,0.0,1.0,1.0,1.0,1.0,0.0,0.4254789318442004,0.7536938122739794,0.9442058098151612,0.1596335814253965,0.4038501769199036,0.5619428661071106,0.4146459595637947,-0.2020454871191189,-0.2073567129463963,-0.5251530779927517,1.2682287427339467,-0.2192296649910203,-0.3124943305803233,0.7656967030906834,-0.673136533919824,-8.5,12.26,49.85,17.4,27.0,13.7,0.9166666666666666,0.7009345794392522,5,5,4,4,5,4,2,5,4,0.9370425713316364,0.9370425713316364,0.0780868809443029,0.0780868809443029,0.9370425713316364,0.0780868809443029,-0.7808688094430304,0.9370425713316364,-0.7808688094430304,-2.498780190217697,0.0780868809443029,0.9,0.9,0.1154700538379251,0,20,0.9694418734903903,0.8,2.0,732.0,88.0,55.0,0.0751366120218579,0.625,0.0718954248366013,0,171.0,1579745.0,-0.7977119766339881,-0.70287777031615,-0.6450552541976357,-0.4571255627682705,-0.2634862797316119,-0.5270034876157597,True,True,False,False,True,False,False,False,True,True,False,False,False,False,False,True,False,False,True,False,True,,,False,False,
Time,10,Time-10,0.0,0.5,0.0158730158730158,0.1666666666666666,0.125,0.0,2.0,63.0,6.0,8.0,0.0,0.0,0.0,0.0,0.0,0.0,1.0,0.0,0.0,0.0,-0.0207043648271448,-0.7576758641159647,0.8485501945924467,-0.5383821405308744,1.474022885748566,-0.3339556780622562,-1.5873449837109543,0.7653167935257451,1.2750307469015567,0.6929103112404362,-0.4635308650875505,-0.2192296649910203,-0.3124943305803233,-0.0777818550633016,-0.673136533919824,-41.63,12.98,54.73,21.9,37.5,14.8,0.8333333333333334,0.6649214659685865,4,5,3,3,1,2,1,4,3,0.8583950752789523,1.5328483487124147,0.1839418018454899,0.1839418018454899,-1.164964745021435,-0.4905114715879725,0.8583950752789523,0.8583950752789523,-1.8394180184548976,-1.164964745021435,0.1839418018454899,0.2,0.55,0.2516611478423583,0,3,0.9321185198490882,0.9,1.0,199.0,65.0,26.0,0.1306532663316583,0.4,0.1092436974789916,0,316.0,5555541.0,-0.7977119766339881,-0.70287777031615,-0.6450552541976357,-0.5117607808003578,-0.7942814766239944,-0.8127415847794942,True,False,False,False,True,False,False,False,True,True,False,True,False,False,False,False,False,False,True,False,True,,,False,False,
JacksonDatabind,88,JacksonDatabind-88,0.1111111111111111,0.0,0.0909090909090909,0.0032051282051282,0.0061728395061728,9.0,0.0,11.0,312.0,162.0,0.0,0.0,0.0,0.0,0.0,0.0,0.0,0.0,0.0,0.0,-0.1796389378244541,0.4514198769959905,-0.1748831667203298,0.1638583588075408,0.7530246939098532,0.5356277536402756,-0.989048839743788,-0.2020454871191189,-0.2073567129463963,-0.5251530779927517,0.4023489388231981,-0.2192296649910203,-0.3124943305803233,-0.7103907736787903,0.2959479588785432,7.39,19.44,69.4,19.6,26.4,19.3,0.8541666666666666,0.6216216216216215,0,0,0,0,2,1,4,0,1,-0.8320502943378436,-0.8320502943378436,-0.8320502943378436,-0.8320502943378436,2.2188007849009166,0.6933752452815364,0.6933752452815364,-0.8320502943378436,0.6933752452815364,-0.8320502943378436,0.6933752452815364,0.2666666666666666,0.1,0.2,0,0,0.7054365153491791,0.8,1.0,175.0,74.0,11.0,0.0628571428571428,0.1486486486486486,0.0462184873949579,0,800.0,5659083.0,-0.7977119766339881,-0.70287777031615,-0.6450552541976357,-0.5906783179578173,2.412709038553702,-0.1898715998292257,False,False,False,False,True,True,False,False,False,True,False,False,False,False,False,False,True,False,False,True,False,,,False,False,
JacksonDatabind,63,JacksonDatabind-63,0.3333333333333333,0.0,0.125,1.0,0.1666666666666666,3.0,0.0,8.0,1.0,6.0,0.0,0.0,0.0,1.0,0.0,1.0,0.0,0.0,1.0,0.0,0.261440955126794,-0.7576758641159647,0.5793082562047183,0.4399687125556545,0.5775185551070113,-0.0359911390209709,0.4146459595637947,-0.2020454871191189,-0.2073567129463963,4.347100478940001,-0.4635308650875505,-0.2192296649910203,-0.3124943305803233,-0.7103907736787903,-0.673136533919824,-63.96,13.87,52.52,24.3,43.7,13.5,0.8541666666666666,0.6111111111111109,5,5,4,4,3,3,1,5,3,1.0533703247651751,1.0533703247651751,0.4096440151864569,0.4096440151864569,-0.2340822943922612,-0.2340822943922612,0.4096440151864569,1.0533703247651751,-2.1652612231284154,-1.5215349135496974,-0.2340822943922612,0.3,0.8,0.1632993161855452,0,12,0.9127344050460494,0.6,1.0,277.0,70.0,26.0,0.0938628158844765,0.3714285714285714,0.0809968847352024,0,774.0,5514364.0,-0.7977119766339881,-0.70287777031615,-0.6450552541976357,-0.4024903447361833,-0.8360268916861436,-1.1203816645862208,True,True,False,False,True,False,False,False,True,True,False,False,False,False,False,True,False,False,True,False,True,,,False,False,
JacksonDatabind,2,JacksonDatabind-2,0.3333333333333333,0.0,0.5,0.5,0.125,3.0,0.0,2.0,2.0,8.0,0.0,0.0,0.0,0.0,0.0,1.0,0.0,1.0,1.0,0.0,0.5552511978695263,-0.4554019288379759,1.0862978970541797,-0.6637415360282208,-1.6988993040710567,-0.069895454862253,0.4146459595637947,-0.2020454871191189,-0.2073567129463963,0.6929103112404362,1.2682287427339467,-0.2192296649910203,-0.3124943305803233,0.9765663426291796,-0.673136533919824,6.5,13.1,49.9,15.8,24.7,14.1,0.8541666666666666,0.6018957345971563,5,5,3,2,5,3,3,5,4,1.125852503505287,1.125852503505287,-0.331133089266261,-1.059625885652035,1.125852503505287,-0.331133089266261,-1.059625885652035,1.125852503505287,-0.331133089266261,-1.7881186820378092,0.3973597071195131,0.8,0.75,0.3,1,15,0.736457594609456,0.6,1.0,392.0,100.0,50.0,0.1275510204081632,0.5,0.1131221719457013,0,650.0,4295091.0,-0.7977119766339881,-0.70287777031615,-0.6450552541976357,-0.3782080256108111,0.042646764057483,-0.4974700742811156,True,True,False,False,True,False,False,False,True,True,False,False,False,False,False,True,False,False,True,False,True,,,False,False,
JacksonDatabind,77,JacksonDatabind-77,0.0,0.0,0.0666666666666666,0.0256410256410256,0.0099009900990099,0.0,0.0,15.0,39.0,101.0,0.0,0.0,0.0,0.0,0.0,0.0,0.0,0.0,0.0,0.0,-0.4100211629031226,-0.7576758641159647,-2.4305524800328806,1.2201204767014662,0.0619124374841446,0.4727518513558688,0.4146459595637947,-0.2020454871191189,-0.2073567129463963,-0.5251530779927517,0.4023489388231981,3.1090752489635607,0.0820612632219498,-1.1321300527557827,-0.673136533919824,-13.88,14.32,69.12,19.5,29.9,17.8,0.9791666666666666,0.877551020408163,0,0,0,0,0,0,4,0,0,-0.3162277660168379,-0.3162277660168379,-0.3162277660168379,-0.3162277660168379,-0.3162277660168379,-0.3162277660168379,3.1622776601683795,-0.3162277660168379,-0.3162277660168379,-0.3162277660168379,-0.3162277660168379,0.0,0.0,0.0,0,0,0.9264253169834789,1.0,1.0,447.0,46.0,15.0,0.0335570469798657,0.3260869565217391,0.0313807531380753,0,757.0,5310872.0,-0.7977119766339881,-0.70287777031615,-0.6450552541976357,-0.5603254190511021,-0.0067295333278549,-0.5780369527692484,False,False,False,False,False,False,False,True,True,True,False,False,False,False,False,False,True,False,False,True,False,,,False,False,
JacksonDatabind,76,JacksonDatabind-76,1.0,1.0,0.5,0.1666666666666666,0.1428571428571428,1.0,1.0,2.0,6.0,7.0,1.0,1.0,0.0,0.0,0.0,1.0,1.0,1.0,0.0,0.0,1.762570706509637,1.3582416828299568,-0.3565204968723881,0.9864747322707949,-1.39301571620413,-0.5243539627591989,0.4146459595637947,-0.2020454871191189,-0.2073567129463963,-0.5251530779927517,3.8658681544661926,-0.2192296649910203,-0.3124943305803233,1.398305621706172,-0.673136533919824,20.38,10.69,51.46,14.6,23.5,14.7,0.9166666666666666,0.7272727272727272,4,5,4,4,5,3,2,5,4,0.2401922307076309,1.12089707663561,0.2401922307076309,0.2401922307076309,1.12089707663561,-0.6405126152203484,-0.6405126152203484,1.12089707663561,-0.6405126152203484,-2.401922307076307,0.2401922307076309,0.8,0.9,0.1154700538379251,0,20,0.9604425656342755,0.9,1.0,261.0,92.0,40.0,0.1532567049808429,0.4347826086956521,0.1277955271565495,0,788.0,5587469.0,-0.7977119766339881,-0.70287777031615,-0.6450552541976357,0.0042385006137999,-0.0159875890876058,-1.920015416760588,False,True,False,False,True,False,False,False,True,True,False,False,False,False,False,True,False,False,True,False,True,,,False,False,
JacksonDatabind,3,JacksonDatabind-3,0.0,1.0,0.0125,0.0036764705882352,0.0040485829959514,0.0,1.0,80.0,272.0,247.0,0.0,1.0,0.0,0.0,0.0,0.0,1.0,0.0,0.0,0.0,-0.0476794987762294,-0.7576758641159647,0.6624418510719556,-0.6246726643058516,0.2319908443389094,-0.1912896634959527,0.4146459595637947,-0.2020454871191189,-0.2073567129463963,-0.5251530779927517,0.4023489388231981,-0.2192296649910203,0.7396539195590717,0.7656967030906834,-0.673136533919824,38.48,9.51,45.29,9.8,15.1,10.8,0.6875,0.375,4,3,2,2,1,3,3,1,2,1.930117124082385,1.007017629956027,0.0839181358296688,0.0839181358296688,-0.8391813582966892,1.007017629956027,0.0839181358296688,-0.8391813582966892,-1.762280852423047,-0.8391813582966892,0.0839181358296688,0.3,0.3,0.1154700538379251,0,2,0.9864157509698792,0.9,1.0,107.0,93.0,12.0,0.1121495327102803,0.1290322580645161,0.0638297872340425,0,650.0,4300472.0,-0.7977119766339881,-0.70287777031615,-0.6450552541976357,-0.5239019403630439,-0.5237284118331575,-0.5713311061403843,True,False,False,False,True,False,False,False,True,True,True,False,False,False,False,False,False,False,True,False,True,,,False,False,
JacksonDatabind,62,JacksonDatabind-62,0.0,0.5,0.0555555555555555,0.5,1.0,0.0,2.0,18.0,2.0,1.0,0.0,0.0,0.0,0.0,1.0,0.0,1.0,0.0,1.0,1.0,2.7898129695977505,-0.4554019288379759,0.4100200738556489,-0.0639780688849374,0.9303979192957068,-0.752715477884382,0.4146459595637947,6.376018021265957,4.536283158567053,0.6929103112404362,0.4023489388231981,-0.2192296649910203,0.6081353882916473,-0.0777818550633016,0.2959479588785432,-178.44,11.46,45.72,39.3,65.3,10.0,0.8541666666666666,0.641025641025641,5,5,5,5,2,4,1,5,4,0.792774633872535,0.792774633872535,0.792774633872535,0.792774633872535,-0.951329560647042,0.211406569032676,0.211406569032676,0.792774633872535,-2.11406569032676,-1.532697625486901,0.211406569032676,0.4,0.85,0.3,0,10,0.917345394698489,0.8,1.0,238.0,143.0,49.0,0.2058823529411764,0.3426573426573426,0.1475903614457831,0,752.0,5295713.0,-0.7977119766339881,-0.70287777031615,-0.6450552541976357,-0.183949472607834,-1.095430309261928,-1.729676008288579,True,True,False,False,True,True,False,False,False,True,True,False,False,False,False,False,False,False,True,False,True,,,False,False,
Time,11,Time-11,0.5,0.0,1.0,0.5,1.0,2.0,0.0,1.0,2.0,1.0,0.0,0.0,1.0,0.0,1.0,1.0,0.0,1.0,1.0,1.0,0.4407891430044917,-0.4554019288379759,0.5436256903361661,-0.5484695873584571,1.1096681845252594,0.6066206716151743,-1.5873449837109543,-0.2020454871191189,-0.2073567129463963,-0.5251530779927517,2.134108546644695,-0.2192296649910203,-0.3124943305803233,1.398305621706172,-0.673136533919824,24.95,12.2,48.44,12.9,23.2,12.8,0.9583333333333334,0.8500000000000001,5,5,4,4,5,3,2,5,4,0.99124070716193,0.99124070716193,0.1524985703326045,0.1524985703326045,0.99124070716193,-0.6862435664967211,-0.6862435664967211,0.99124070716193,-0.6862435664967211,-2.3637278401553723,0.1524985703326045,0.8,0.9,0.1154700538379251,0,20,0.7588928940000157,0.6,1.0,281.0,81.0,29.0,0.1032028469750889,0.3580246913580246,0.087087087087087,0,316.0,5552700.0,-0.7977119766339881,-0.70287777031615,-0.6450552541976357,-0.3903491851734972,-0.0346378753282633,-0.7548728968411881,True,True,False,False,True,False,False,False,True,True,False,False,False,True,False,False,False,False,True,False,True,,,False,False,
Gson,5,Gson-5,0.2,1.0,0.5,0.25,0.25,5.0,1.0,2.0,4.0,4.0,0.0,1.0,0.0,0.0,0.0,1.0,1.0,1.0,1.0,1.0,0.913218515950622,-0.4554019288379759,0.8864870662893007,0.4821393412463513,-0.2730111944760022,0.9481006284120376,0.4146459595637947,3.280458723202391,0.0891207790231942,3.1290370897068125,-0.4635308650875505,-0.2192296649910203,0.0820612632219498,-0.2886514946017978,-0.673136533919824,-95.16,10.0,44.76,28.0,55.6,10.5,0.7291666666666666,0.3953488372093022,5,5,3,3,5,3,2,5,3,1.179535649239177,1.179535649239177,-0.4423258684646913,-0.4423258684646913,1.179535649239177,-0.4423258684646913,-0.4423258684646913,1.179535649239177,-0.4423258684646913,-2.06418738616856,-0.4423258684646913,0.8,0.8,0.2309401076758503,0,15,0.7275104036538078,0.9,1.0,221.0,77.0,25.0,0.1131221719457013,0.3246753246753247,0.0915750915750915,0,187.0,1211936.0,-0.7977119766339881,-0.70287777031615,-0.6450552541976357,-0.4389138234242414,-1.037610278738812,-1.7576391742351587,True,False,False,False,True,False,False,False,True,True,False,False,False,False,False,True,False,False,True,False,True,,,False,False,
JacksonCore,13,JacksonCore-13,1.0,0.0,0.0833333333333333,0.0222222222222222,0.0333333333333333,1.0,0.0,12.0,45.0,30.0,1.0,0.0,0.0,0.0,0.0,1.0,0.0,0.0,0.0,0.0,1.6583154590847964,2.265063488663923,0.5035795347796685,-0.5188103487623369,0.2319908443389094,1.6514875608024586,-0.5748438169972881,-0.2020454871191189,-0.2073567129463963,-0.5251530779927517,0.4023489388231981,-0.2192296649910203,0.3450983257567985,7.935264447399555,-0.673136533919824,69.79,6.46,38.03,6.0,8.1,9.5,0.8958333333333334,0.7435897435897437,3,1,0,0,1,2,4,1,1,2.3233508524700848,0.1010152544552211,-1.0101525445522108,-1.0101525445522108,0.1010152544552211,1.212183053462653,0.1010152544552211,0.1010152544552211,-1.0101525445522108,-1.0101525445522108,0.1010152544552211,0.2,0.1,0.1154700538379251,0,0,0.6393252942985497,0.9,1.0,117.0,140.0,11.0,0.094017094017094,0.0785714285714285,0.0447154471544715,0,171.0,1584223.0,0.4222321634564516,-0.169658347895439,1.317611499403084,3.015246072159945,-0.0998923585832093,-1.5697130218918722,True,False,False,False,True,False,False,False,True,True,False,False,False,False,False,True,False,False,True,False,False,,,False,False,
Math,52,Math-52,1.0,1.0,1.0,1.0,0.0044052863436123,1.0,1.0,1.0,1.0,227.0,1.0,1.0,1.0,1.0,0.0,1.0,1.0,1.0,1.0,0.0,0.7732394424851019,0.7536938122739794,1.137665513870337,-0.848125608336695,-2.293019349735661,0.2938273966964225,-0.3447299154714549,-0.2020454871191189,-0.2073567129463963,-0.5251530779927517,1.2682287427339467,-0.2192296649910203,0.8711724508264961,0.3439574240136908,0.2959479588785432,58.32,12.56,52.83,10.4,17.5,12.8,0.8125,0.5135135135135135,4,5,4,4,5,2,2,5,3,0.3686048903872428,1.179535649239177,0.3686048903872428,0.3686048903872428,1.179535649239177,-1.2532566273166257,-0.4423258684646913,1.179535649239177,-0.4423258684646913,-2.06418738616856,-0.4423258684646913,0.7,0.9,0.1154700538379251,0,20,0.9290263605058005,0.6,1.0,509.0,105.0,45.0,0.0884086444007858,0.4285714285714285,0.0790861159929701,0,893.0,7385054.0,0.4222321634564516,0.7901366124618407,0.9958628512718186,0.5505906809346729,0.4438291803133535,-0.5789026665758432,False,False,False,False,True,True,False,False,False,True,False,False,False,False,False,True,False,False,True,False,True,Major,,False,False,
Lang,32,Lang-32,0.125,1.0,0.0909090909090909,0.1111111111111111,1.0,8.0,1.0,11.0,9.0,1.0,0.0,1.0,0.0,0.0,1.0,0.0,1.0,0.0,0.0,1.0,-0.1322501889949812,-0.4554019288379759,-0.2120630993352311,-0.7304714432638804,-0.7627101412056181,1.6112222338099853,0.1845320580379615,-0.2020454871191189,-0.2073567129463963,-0.5251530779927517,-0.4635308650875505,-0.2192296649910203,-0.1809757993128989,-0.2886514946017978,-0.673136533919824,46.17,12.16,52.5,10.9,16.9,12.8,0.8541666666666666,0.7083333333333333,3,4,1,2,4,2,4,2,3,0.599625351196689,1.4241102090921365,-1.0493443645942062,-0.2248595066987586,1.4241102090921365,-0.2248595066987586,-1.0493443645942062,-0.2248595066987586,0.599625351196689,-1.8738292224896536,0.599625351196689,0.7,0.45,0.2516611478423583,-1,4,0.686747977011648,0.6,1.0,301.0,76.0,18.0,0.0598006644518272,0.2368421052631578,0.0501392757660167,0,182.0,3468441.0,1.8164540378455256,2.496438764208116,0.155712781271458,0.3502615481503528,-0.0257204169376002,0.3759238095949777,False,False,False,False,True,False,False,False,True,True,False,False,False,False,False,False,True,False,False,True,False,Major,lang.builder.*,False,False,
Lang,26,Lang-26,0.25,1.0,1.0,0.5,0.0,4.0,1.0,1.0,2.0,0.0,0.0,1.0,1.0,0.0,0.0,1.0,1.0,1.0,1.0,0.0,0.8979083047903307,0.1491459417180017,0.9382414083552127,0.0143911099520397,-0.9226620584791106,-0.3423611198756904,-1.5873449837109543,-0.2020454871191189,-0.2073567129463963,-0.5251530779927517,-0.4635308650875505,3.1090752489635607,0.4766168570242229,-0.0777818550633016,0.2959479588785432,27.79,7.37,46.23,11.8,19.5,10.8,0.9166666666666666,0.748031496062992,5,5,4,4,5,3,1,5,3,0.99124070716193,0.99124070716193,0.1524985703326045,0.1524985703326045,0.99124070716193,-0.6862435664967211,0.1524985703326045,0.99124070716193,-0.6862435664967211,-2.3637278401553723,-0.6862435664967211,0.8,0.9,0.1154700538379251,0,20,0.8596508724260119,0.9,1.0,353.0,118.0,37.0,0.1048158640226629,0.3135593220338983,0.0852534562211981,1,200.0,3714578.0,1.6421763035468917,0.5768488434935564,0.2904214227522401,0.5930847394040741,-0.3604016169251589,-0.7880900998678751,False,True,False,False,True,True,False,False,False,True,False,False,False,False,False,True,False,False,True,False,True,Major,lang.time.*,True,False,patch
Math,103,Math-103,0.5,1.0,1.0,1.0,1.0,2.0,1.0,1.0,1.0,1.0,0.0,1.0,1.0,1.0,1.0,1.0,1.0,1.0,1.0,1.0,-0.1453732271323737,-0.1531279935599871,-0.6886267730813213,-1.0212446890999132,-0.7627101412056181,0.7755809174444239,-0.3447299154714549,-0.2020454871191189,-0.2073567129463963,0.6929103112404362,-0.4635308650875505,-0.2192296649910203,-0.1809757993128989,-0.0777818550633016,0.2959479588785432,34.86,13.95,53.07,13.2,18.1,13.0,0.8333333333333334,0.6546762589928059,4,5,4,4,1,2,1,5,2,0.6507913734559684,1.2473501324572729,0.6507913734559684,0.6507913734559684,-1.138884903547945,-0.5423261445466404,0.6507913734559684,1.2473501324572729,-1.7354436625492493,-1.138884903547945,-0.5423261445466404,0.2,0.7,0.3464101615137754,0,4,0.8357071816686736,0.9,1.0,118.0,62.0,16.0,0.135593220338983,0.2580645161290322,0.0975609756097561,0,532.0,3165109.0,0.2479544291578174,0.5768488434935564,1.1423733964030198,0.3563321279316959,1.760941913067242,0.5954862072819825,True,False,False,False,True,True,False,False,False,True,False,True,False,False,False,False,False,False,True,False,True,Minor,,False,False,
Math,46,Math-46,0.0,1.0,1.0,0.1666666666666666,1.0,0.0,1.0,1.0,6.0,1.0,0.0,1.0,1.0,0.0,1.0,0.0,1.0,1.0,0.0,1.0,-0.1417279387608757,-0.4554019288379759,-0.1877089573722956,-0.709262570537395,-0.9226620584791106,1.2144158300950412,-0.3447299154714549,-0.2020454871191189,-0.2073567129463963,-0.5251530779927517,-0.4635308650875505,-0.2192296649910203,-0.1809757993128989,-0.4995211341402941,0.2959479588785432,37.64,14.8,59.65,14.2,17.8,14.6,0.8333333333333334,0.6683937823834197,4,5,2,3,1,2,3,3,2,1.2403473458920846,1.9225383861327312,-0.1240347345892083,0.5581563056514381,-0.8062257748298548,-0.1240347345892083,-0.1240347345892083,0.5581563056514381,-1.4884168150705013,-1.4884168150705013,-0.1240347345892083,0.2,0.4499999999999999,0.1914854215512676,-1,2,0.9415293590013536,0.6,1.0,290.0,56.0,15.0,0.0517241379310344,0.2678571428571428,0.0453172205438066,0,902.0,7590748.0,0.0736766948591831,0.363561074525272,1.9890501256349091,0.4534614044331844,1.7905676914984447,0.4627919600560062,False,False,False,False,True,True,False,False,False,True,False,False,False,False,False,True,False,False,True,False,False,Minor,,False,False,
Closure,35,Closure-35,0.1666666666666666,0.0,0.5,0.0256410256410256,0.0833333333333333,6.0,0.0,2.0,39.0,12.0,0.0,0.0,0.0,0.0,0.0,0.0,0.0,1.0,0.0,0.0,-1.0231586669890729,0.1491459417180017,-2.4305524800329565,0.3430108016302549,-0.1064125837329401,-0.3309941013353981,1.5882268573455445,-0.2020454871191189,-0.2073567129463963,-0.5251530779927517,0.4023489388231981,-0.2192296649910203,-0.3124943305803233,1.187435982167676,-0.673136533919824,6.34,12.85,59.19,18.0,35.6,15.5,0.7916666666666666,0.5121951219512195,5,5,4,4,5,3,1,5,3,0.9899494936611666,0.9899494936611666,0.2121320343559644,0.2121320343559644,0.9899494936611666,-0.5656854249492378,0.2121320343559644,0.9899494936611666,-1.34350288425444,-2.1213203435596424,-0.5656854249492378,0.6333333333333333,0.9,0.1154700538379251,0,20,0.8598660746761392,0.9,1.0,504.0,56.0,19.0,0.0376984126984126,0.3392857142857143,0.0351201478743068,0,961.0,12405359.0,-0.7977119766339881,-0.70287777031615,-0.6450552541976357,-0.6028194775205034,-0.9942554810346128,1.4462904983191245,True,False,False,False,True,False,False,False,True,True,False,False,False,False,True,False,False,False,True,False,True,Medium,,False,False,
Compress,4,Compress-4,0.5,1.0,0.2,0.0833333333333333,0.5,2.0,1.0,5.0,12.0,2.0,0.0,1.0,0.0,0.0,0.0,1.0,1.0,1.0,0.0,1.0,-0.1635996689898633,-0.4554019288379759,-0.3098586340598021,0.1900673355047316,0.0619124374841446,0.8235976271505039,-1.1731399609644546,-0.2020454871191189,-0.2073567129463963,-0.5251530779927517,-0.4635308650875505,-0.2192296649910203,-0.0494572680454745,-0.4995211341402941,0.2959479588785432,48.4,9.93,50.61,10.1,13.8,10.7,0.7916666666666666,0.4642857142857139,2,1,0,0,1,0,4,0,1,2.2188007849009166,0.6933752452815364,-0.8320502943378436,-0.8320502943378436,0.6933752452815364,-0.8320502943378436,0.6933752452815364,-0.8320502943378436,-0.8320502943378436,-0.8320502943378436,0.6933752452815364,0.0,0.05,0.1,0,0,0.808537137646748,1.0,4.0,514.0,57.0,20.0,0.0389105058365758,0.3508771929824561,0.0362976406533575,0,92.0,649478.0,1.2936208349496228,0.363561074525272,-0.0492457039974171,0.3563321279316959,1.0160651982255733,0.2140911802653322,False,False,False,False,True,True,False,False,False,True,False,False,False,False,True,False,False,False,True,False,False,Major,,False,False,
Closure,2,Closure-2,1.0,1.0,0.037037037037037,0.0666666666666666,0.125,1.0,1.0,27.0,15.0,8.0,1.0,1.0,0.0,0.0,0.0,1.0,1.0,0.0,0.0,0.0,-1.0231586669890729,-0.7576758641159647,0.6687506051076885,0.530220043983856,-0.4379098193951574,-1.2244623708538056,1.5882268573455445,-0.2020454871191189,4.239805666597462,0.6929103112404362,0.4023489388231981,13.093989990827302,-0.3124943305803233,-0.4995211341402941,-0.673136533919824,-633.38,28.76,87.42,106.4,241.6,22.9,0.9375,0.8032786885245902,5,5,4,3,5,3,1,5,3,1.0493443645942062,1.0493443645942062,0.2248595066987586,-0.599625351196689,1.0493443645942062,-0.599625351196689,0.2248595066987586,1.0493443645942062,-0.599625351196689,-2.2485950669875843,-0.599625351196689,0.8,0.85,0.1914854215512676,1,20,0.6988299618816383,0.9,1.0,679.0,166.0,62.0,0.0913107511045655,0.3734939759036144,0.0791826309067688,0,992.0,12619041.0,-0.7977119766339881,-0.70287777031615,-0.6450552541976357,-0.6028194775205034,-0.9942554810346128,1.4462904983191245,True,False,False,False,True,False,False,False,True,True,False,False,False,False,True,False,False,False,True,False,True,Medium,,False,False,
Cli,33,Cli-33,1.0,1.0,0.3333333333333333,1.0,0.5,1.0,1.0,3.0,1.0,2.0,1.0,1.0,0.0,1.0,0.0,1.0,1.0,1.0,1.0,1.0,-0.0921520169085041,-0.1531279935599871,0.1573619645422703,-0.4512375228258964,-1.546710917989482,1.016835799022291,0.1845320580379615,-0.2020454871191189,-0.2073567129463963,-0.5251530779927517,-0.4635308650875505,-0.2192296649910203,-0.0494572680454745,0.3439574240136908,-0.673136533919824,40.35,10.6,57.86,11.1,19.5,11.2,0.75,0.5,4,4,4,4,1,2,1,2,3,0.9525009525014289,0.9525009525014289,0.9525009525014289,0.9525009525014289,-1.1430011430017144,-0.4445004445006666,0.9525009525014289,-0.4445004445006666,-1.8415018415027624,-1.1430011430017144,0.2540002540003811,0.2,0.55,0.3,0,4,0.8350211417597121,0.9,1.0,266.0,74.0,20.0,0.075187969924812,0.2702702702702703,0.0625,0,46.0,343352.0,0.7707876320537201,1.2167121503984095,0.6895581382508539,0.4048967661824401,-0.0857316091443955,0.3284454444017117,False,True,False,False,True,False,False,False,True,True,False,False,False,False,False,True,False,False,True,False,True,Major,Help formatter,False,False,
Closure,166,Closure-166,0.25,0.5,0.1428571428571428,0.0222222222222222,0.0526315789473684,4.0,2.0,7.0,45.0,19.0,0.0,0.0,0.0,0.0,0.0,1.0,1.0,0.0,0.0,0.0,-1.0231586669890729,-0.1531279935599871,-1.4692956465872342,0.4194490090053557,-0.6011343465993985,-0.2407671870277772,1.5882268573455445,-0.2020454871191189,-0.2073567129463963,-0.5251530779927517,-0.4635308650875505,-0.2192296649910203,-0.3124943305803233,-0.2886514946017978,-0.673136533919824,-23.55,12.6,56.1,21.2,53.1,15.9,0.875,0.75,5,4,4,4,1,2,2,2,2,1.6371154689952476,0.970142500145332,0.970142500145332,0.970142500145332,-1.0307764064044151,-0.3638034375544994,0.3031695312954162,-0.3638034375544994,-1.697749375254331,-1.0307764064044151,-0.3638034375544994,0.2,0.55,0.3,0,4,0.8537252645259287,0.9,1.0,281.0,52.0,15.0,0.0533807829181494,0.2884615384615384,0.0471698113207547,0,981.0,12683940.0,-0.7977119766339881,-0.70287777031615,-0.6450552541976357,-0.6028194775205034,-0.9942554810346128,1.4462904983191245,True,False,False,False,True,False,False,False,True,True,False,False,False,False,True,False,False,False,True,False,True,Medium,,False,False,
Closure,172,Closure-172,0.2,0.0,0.0263157894736842,0.5,0.1666666666666666,5.0,0.0,38.0,2.0,6.0,0.0,0.0,0.0,0.0,0.0,1.0,0.0,0.0,1.0,0.0,-1.0231586669890729,-0.7576758641159647,-0.0102742803201933,-0.1434411584660682,-0.9226620584791106,-1.1213704020577218,1.5882268573455445,-0.2020454871191189,-0.2073567129463963,-0.5251530779927517,-0.4635308650875505,-0.2192296649910203,-0.3124943305803233,-0.0777818550633016,0.2959479588785432,-14.32,8.71,53.94,17.6,47.4,13.2,0.8541666666666666,0.7083333333333333,5,5,4,4,1,3,1,2,3,1.2897759544117016,1.2897759544117016,0.672926584910453,0.672926584910453,-1.177621523593293,0.0560772154092043,0.672926584910453,-0.5607721540920443,-1.7944708930945417,-1.177621523593293,0.0560772154092043,0.3,0.55,0.3,0,4,0.9300090567537788,0.9,1.0,616.0,59.0,27.0,0.0438311688311688,0.4576271186440678,0.0416666666666666,0,958.0,12764813.0,-0.7977119766339881,-0.70287777031615,-0.6450552541976357,-0.6028194775205034,-0.9942554810346128,1.4462904983191245,True,False,False,False,True,True,False,False,False,True,False,False,False,False,True,False,False,False,True,False,True,Medium,,False,False,
Cli,27,Cli-27,0.5,1.0,0.5,1.0,0.5,2.0,1.0,2.0,1.0,2.0,0.0,1.0,0.0,1.0,0.0,1.0,1.0,1.0,1.0,1.0,-0.2190080522366316,-0.4554019288379759,-0.2739636080231746,-0.3829938226449776,-0.9226620584791106,0.3387604422116527,-0.5748438169972881,-0.2020454871191189,-0.2073567129463963,-0.5251530779927517,-0.4635308650875505,-0.2192296649910203,0.2135797944893742,-0.4995211341402941,1.2650324516769105,47.49,10.9,49.71,10.4,13.9,10.9,0.9166666666666666,0.8128654970760233,3,2,1,2,1,1,4,1,1,2.1821789023599236,0.9819805060619656,-0.2182178902359924,0.9819805060619656,-0.2182178902359924,-0.2182178902359924,-0.2182178902359924,-0.2182178902359924,-1.4184162865339505,-1.4184162865339505,-0.2182178902359924,0.1,0.25,0.1,-1,1,0.9604693268996696,0.8,1.0,103.0,50.0,9.0,0.087378640776699,0.18,0.0625,0,44.0,301439.0,1.2936208349496228,1.856575457303263,0.8489149612297778,0.3624027077130389,0.3944528829280155,0.054065294803801,False,False,False,False,True,True,False,False,False,True,False,False,False,False,False,True,False,False,True,False,False,Major,Options definition,False,False,
Closure,21,Closure-21,0.0,1.0,0.5,0.0769230769230769,0.2,0.0,1.0,2.0,13.0,5.0,0.0,1.0,0.0,0.0,0.0,0.0,1.0,1.0,0.0,1.0,-1.0231586669890729,-0.1531279935599871,0.3398240698411817,-0.2481984781590247,0.2319908443389094,-0.2442600336109847,1.5882268573455445,-0.2020454871191189,-0.2073567129463963,-0.5251530779927517,1.2682287427339467,-0.2192296649910203,-0.3124943305803233,2.030914540321661,-0.673136533919824,-4.3,11.15,52.35,17.9,40.2,14.7,0.8333333333333334,0.6660869565217392,1,4,4,2,4,0,4,2,2,-0.884537962671703,1.3608276348795434,1.3608276348795434,-0.1360827634879542,1.3608276348795434,-1.6329931618554518,-0.884537962671703,-0.1360827634879542,0.6123724356957946,-0.884537962671703,-0.1360827634879542,0.5,0.6,0.2309401076758503,2,16,0.7476740619267449,1.0,1.0,229.0,65.0,15.0,0.0655021834061135,0.2307692307692307,0.053763440860215,0,981.0,12663791.0,-0.7977119766339881,-0.70287777031615,-0.6450552541976357,-0.6028194775205034,-0.9942554810346128,1.4462904983191245,False,False,True,False,True,False,False,False,True,True,False,False,False,False,True,False,False,False,True,False,True,Medium,,False,False,
Math,91,Math-91,0.5,1.0,0.2,1.0,1.0,2.0,1.0,5.0,1.0,1.0,0.0,1.0,0.0,1.0,1.0,1.0,1.0,1.0,1.0,1.0,-0.0090394420383515,0.4514198769959905,-0.7208723779725031,0.0124040820984296,0.9303979192957068,-0.3069917458303842,-0.3447299154714549,-0.2020454871191189,-0.2073567129463963,-0.5251530779927517,-0.4635308650875505,-0.2192296649910203,0.0820612632219498,-0.2886514946017978,-0.673136533919824,32.49,10.98,57.67,12.1,17.5,12.1,0.9375,0.817258883248731,5,5,4,4,5,3,1,4,2,1.111873974991652,1.111873974991652,0.2964997266644406,0.2964997266644406,1.111873974991652,-0.5188745216627707,0.2964997266644406,0.2964997266644406,-0.5188745216627707,-2.1496230183171936,-1.334248769989982,0.8,0.8500000000000001,0.0999999999999999,0,20,0.889924317000723,0.4,1.0,251.0,62.0,16.0,0.0637450199203187,0.2580645161290322,0.0538720538720538,0,686.0,5198359.0,0.9450653663523544,0.1502733055569876,1.0443287868764015,0.4291790853078123,0.0532273992114839,-0.2191136458386858,False,False,False,False,True,False,False,False,True,True,False,False,False,False,False,True,False,False,True,False,True,Major,,False,False,
Math,85,Math-85,0.1428571428571428,0.5,0.0294117647058823,0.1,0.02,7.0,2.0,34.0,10.0,50.0,0.0,0.0,0.0,0.0,0.0,0.0,1.0,0.0,0.0,0.0,0.8563520173552545,-0.7576758641159647,0.5722047658661206,-0.515285375048701,-0.1064125837329401,0.760725845876053,-0.3447299154714549,0.1848994251388267,-0.2073567129463963,0.6929103112404362,-0.4635308650875505,-0.2192296649910203,1.1342095133613448,-0.2886514946017978,2.2341169444752773,-31.85,9.87,53.58,20.2,44.4,11.1,0.8958333333333334,0.7540983606557379,5,5,4,4,3,4,1,4,3,1.095445115010332,1.095445115010332,0.4260064336151291,0.4260064336151291,-0.2434322477800739,0.4260064336151291,0.4260064336151291,0.4260064336151291,-2.2517482919656833,-1.58230961057048,-0.2434322477800739,0.4,0.75,0.1,0,12,0.9142927306106848,0.8,1.0,167.0,76.0,20.0,0.1197604790419161,0.2631578947368421,0.0896860986547085,0,767.0,6098500.0,0.5965098977550859,1.0034243814301251,0.5609207028341319,0.5384495213719869,-0.1951390891403283,-1.4341754399884414,True,True,False,False,True,True,False,False,False,True,False,False,False,False,False,True,False,False,True,False,True,Major,,False,False,
Compress,43,Compress-43,1.0,1.0,1.0,1.0,1.0,1.0,1.0,1.0,1.0,1.0,1.0,1.0,1.0,1.0,1.0,1.0,1.0,1.0,1.0,1.0,0.9321740154824112,1.0559677475519682,1.0982505719030735,0.0193269563547288,-1.237791208928377,-0.841631070883829,-1.1731399609644546,-0.2020454871191189,-0.2073567129463963,-0.5251530779927517,0.4023489388231981,-0.2192296649910203,-0.0494572680454745,0.3439574240136908,0.2959479588785432,30.6,13.54,55.92,14.9,20.9,13.9,0.9375,0.7869822485207102,5,5,3,3,5,3,2,5,4,1.111873974991652,1.111873974991652,-0.5188745216627707,-0.5188745216627707,1.111873974991652,-0.5188745216627707,-0.5188745216627707,1.111873974991652,-0.5188745216627707,-2.1496230183171936,0.2964997266644406,0.8,0.8,0.2309401076758503,0,15,0.9906822954267194,0.9,1.0,493.0,125.0,59.0,0.1196754563894523,0.472,0.1055456171735241,0,314.0,2465665.0,1.4678985692482571,2.069863226271547,0.3763325461455961,0.5930847394040741,1.9911114224173556,-0.4531795467870533,False,True,False,False,True,True,False,False,False,True,False,False,False,False,False,True,False,False,True,False,True,Minor,Archivers,False,False,
Csv,1,Csv-1,1.0,0.3333333333333333,1.0,1.0,1.0,1.0,3.0,1.0,1.0,1.0,1.0,1.0,1.0,1.0,1.0,1.0,1.0,1.0,1.0,1.0,0.0806346519004972,0.4514198769959905,0.3303055360190347,-0.6963162477313923,0.7530246939098532,0.6242451696571062,-0.5748438169972881,-0.2020454871191189,-0.2073567129463963,-0.5251530779927517,-0.4635308650875505,-0.2192296649910203,-0.3124943305803233,-0.2886514946017978,1.2650324516769105,43.12,13.1,51.48,12.1,17.3,12.8,0.875,0.7096774193548387,4,5,2,2,4,3,2,5,3,0.6593804733957871,1.3846989941311527,-0.7912565680749444,-0.7912565680749444,0.6593804733957871,-0.0659380473395786,-0.0659380473395786,1.3846989941311527,-0.0659380473395786,-2.241893609545676,-0.0659380473395786,0.8,0.65,0.3,0,8,0.965339900600034,0.4,1.0,119.0,74.0,19.0,0.1596638655462184,0.2567567567567567,0.1091954022988505,1,15.0,125408.0,0.5965098977550859,1.0034243814301251,0.2690635077533845,0.3502615481503528,1.650903307465632,-0.1271146974344946,False,False,False,False,True,True,False,False,False,True,False,False,False,False,False,True,False,False,True,False,False,Major,,True,False,patch
Jsoup,22,Jsoup-22,1.0,1.0,0.5,0.5,0.3333333333333333,1.0,1.0,2.0,2.0,3.0,1.0,1.0,0.0,0.0,0.0,1.0,1.0,1.0,1.0,1.0,-0.4537646233610976,-0.1531279935599871,-0.7064990895232939,0.8527258038048101,0.2319908443389094,1.671817604360043,-0.989048839743788,-0.2020454871191189,-0.2073567129463963,-0.5251530779927517,-0.4635308650875505,-0.2192296649910203,-0.1809757993128989,-0.4995211341402941,-0.673136533919824,20.38,14.25,58.18,14.6,20.0,15.0,0.9166666666666666,0.7782909930715934,4,5,4,4,4,3,2,4,3,0.552344770738994,1.5649768504271495,0.552344770738994,0.552344770738994,0.552344770738994,-0.4602873089491617,-0.4602873089491617,0.552344770738994,-0.4602873089491617,-2.485551468325473,-0.4602873089491617,0.8,0.8,0.0,0,16,0.8824212059501698,0.9,3.0,454.0,46.0,16.0,0.0352422907488986,0.3478260869565217,0.0330578512396694,0,75.0,678824.0,-0.7977119766339881,-0.70287777031615,-0.6450552541976357,-0.5785371583951312,0.5055495520450258,-0.1094659195773641,True,False,False,False,True,False,False,False,True,True,False,False,False,True,False,False,False,False,True,False,True,,,False,False,
Jsoup,36,Jsoup-36,0.3333333333333333,1.0,1.0,0.3333333333333333,0.25,3.0,1.0,1.0,3.0,4.0,0.0,1.0,1.0,0.0,0.0,1.0,1.0,1.0,1.0,1.0,-0.3713811061652446,-0.7576758641159647,-1.396601146804098,-1.163579843581093,-0.7627101412056181,-0.2799247865077932,-0.5748438169972881,-0.2020454871191189,-0.2073567129463963,0.6929103112404362,-0.4635308650875505,-0.2192296649910203,-0.3124943305803233,0.1330877844751946,-0.673136533919824,27.83,13.13,54.04,13.9,22.8,14.8,0.75,0.5,4,4,4,3,1,2,3,2,2,1.34350288425444,1.34350288425444,1.34350288425444,0.5656854249492378,-0.9899494936611666,-0.2121320343559644,-0.2121320343559644,-0.2121320343559644,-1.7677669529663689,-0.9899494936611666,-0.2121320343559644,0.2,0.5,0.2581988897471611,1,4,0.961287728409133,0.9,1.0,136.0,61.0,17.0,0.125,0.2786885245901639,0.0944444444444444,0,80.0,693549.0,-0.7977119766339881,-0.70287777031615,-0.6450552541976357,-0.5239019403630439,0.4574076620943215,-0.148967547375517,True,False,False,False,True,False,False,False,True,True,False,True,False,False,False,False,False,False,True,False,True,,,False,False,
Math,4,Math-4,1.0,0.5,0.5,1.0,0.3333333333333333,1.0,2.0,2.0,1.0,3.0,1.0,0.0,0.0,1.0,0.0,1.0,1.0,1.0,1.0,1.0,-0.0090394420383515,-0.1531279935599871,0.1500072221509772,-0.5719758709178621,2.035569554392177,-0.1138565909947285,-0.5748438169972881,-0.2020454871191189,-0.2073567129463963,0.6929103112404362,0.4023489388231981,-0.2192296649910203,0.3450983257567985,-0.4995211341402941,-0.673136533919824,34.12,10.38,49.18,11.4,17.9,11.0,0.8541666666666666,0.7083333333333333,5,5,3,2,2,3,3,3,3,1.6510016510024768,1.6510016510024768,0.2540002540003811,-0.4445004445006666,-0.4445004445006666,0.2540002540003811,-0.4445004445006666,0.2540002540003811,-1.8415018415027624,-1.1430011430017144,0.2540002540003811,0.3,0.5,0.1154700538379251,1,6,0.95143792484322,0.9,2.0,172.0,68.0,16.0,0.0930232558139534,0.2352941176470588,0.0714285714285714,1,1267.0,11618004.0,1.1193431006509886,0.2569171900411298,0.4796189529218779,0.3502615481503528,-0.0712985376009891,0.1275438472115543,True,False,False,False,True,False,False,False,True,True,False,False,False,True,False,False,False,False,True,False,True,Major,,True,False,patch
Mockito,37,Mockito-37,0.0,0.25,0.0,0.002415458937198,0.0,0.0,4.0,0.0,414.0,0.0,0.0,0.0,0.0,0.0,0.0,0.0,1.0,0.0,0.0,0.0,-1.0231586669890729,-0.7576758641159647,-2.430552480033038,4.163331944642799,0.9303979192957068,-4.097795444638771,-1.8864930556945376,-0.2020454871191189,-0.2073567129463963,-0.5251530779927517,-0.4635308650875505,-0.2192296649910203,-0.3124943305803233,-0.9212604132172866,0.2959479588785432,15.56617647058826,21.835294117647063,54.58823529411765,19.53470588235294,26.046470588235294,18.243605946275583,0.9583333333333334,0.8095238095238096,0,0,0,0,1,0,4,0,0,-0.4714045207910317,-0.4714045207910317,-0.4714045207910317,-0.4714045207910317,2.1213203435596424,-0.4714045207910317,2.1213203435596424,-0.4714045207910317,-0.4714045207910317,-0.4714045207910317,-0.4714045207910317,0.0,0.05,0.1,0,0,0.5201672987207322,1.0,1.0,39.0,12.0,1.0,0.0256410256410256,0.0833333333333333,0.02,0,578.0,2373564.0,-0.9719897109326224,-0.9161655392844344,-0.6450552541976357,-0.6028194775205034,-0.9942554810346128,1.4462904983191245,False,False,False,False,True,True,False,False,False,True,False,False,False,False,True,False,False,False,True,False,False,Medium,,False,False,
Mockito,23,Mockito-23,0.0,0.0,0.0172413793103448,0.0095238095238095,0.0014265335235378,0.0,0.0,58.0,105.0,701.0,0.0,0.0,0.0,0.0,0.0,0.0,0.0,0.0,0.0,0.0,-1.0231586669890729,-0.7576758641159647,-2.430552480033038,4.163331944642799,0.9303979192957068,-4.097795444638771,-1.8864930556945376,-0.2020454871191189,-0.2073567129463963,-0.5251530779927517,-0.4635308650875505,-0.2192296649910203,-0.3124943305803233,0.3439574240136908,1.2650324516769105,-51.59593749999996,14.975684931506851,47.028253424657535,21.589375000000008,36.134875,10.125756701596842,0.9583333333333334,0.8102766798418974,0,0,0,0,1,0,4,0,0,-0.4714045207910317,-0.4714045207910317,-0.4714045207910317,-0.4714045207910317,2.1213203435596424,-0.4714045207910317,2.1213203435596424,-0.4714045207910317,-0.4714045207910317,-0.4714045207910317,-0.4714045207910317,0.0,0.05,0.1,0,0,0.5201672987207322,1.0,1.0,99.0,41.0,18.0,0.1818181818181818,0.4390243902439024,0.1475409836065573,0,821.0,3101586.0,-0.9719897109326224,-0.9161655392844344,-0.6450552541976357,-0.6028194775205034,-0.9942554810346128,1.4462904983191245,True,True,False,False,True,True,False,False,False,True,False,False,False,False,True,False,False,False,True,False,False,High,,False,False,
JxPath,20,JxPath-20,0.1111111111111111,1.0,0.1666666666666666,0.0833333333333333,0.1428571428571428,9.0,1.0,6.0,12.0,7.0,0.0,1.0,0.0,0.0,0.0,0.0,1.0,0.0,0.0,0.0,-0.1329792466692808,-0.1531279935599871,-0.1609865211200978,-0.945514035955522,0.4038501769199036,0.1283982936450272,-0.5748438169972881,-0.2020454871191189,-0.2073567129463963,-0.5251530779927517,-0.4635308650875505,-0.2192296649910203,-0.0494572680454745,-0.4995211341402941,-0.673136533919824,20.58,13.06,64.42,14.6,22.4,13.6,0.75,0.4820143884892086,2,4,3,3,1,0,3,1,1,0.2964997266644404,1.9272482233188628,1.1118739749916515,1.1118739749916515,-0.5188745216627709,-1.3342487699899823,0.2964997266644404,-0.5188745216627709,-1.3342487699899823,-0.5188745216627709,-0.5188745216627709,0.0,0.3999999999999999,0.2309401076758502,0,3,0.9390422453162028,1.0,1.0,124.0,63.0,12.0,0.0967741935483871,0.1904761904761904,0.0685714285714285,2,222.0,1277839.0,2.3392872407414287,3.136302071112969,0.1687333997343701,0.2774145907742364,0.8256137654535556,-0.0803863603643457,False,False,False,False,True,False,False,False,True,True,False,False,False,False,False,True,False,False,True,False,True,Minor,,False,True,java
JxPath,22,JxPath-22,1.0,1.0,1.0,1.0,1.0,1.0,1.0,1.0,1.0,1.0,1.0,1.0,1.0,1.0,1.0,1.0,1.0,1.0,1.0,1.0,0.9146766312992212,1.3582416828299568,1.0419092386803512,-0.3335747059627176,0.0619124374841446,0.9354213440000017,0.1845320580379615,-0.2020454871191189,-0.2073567129463963,-0.5251530779927517,-0.4635308650875505,-0.2192296649910203,-0.0494572680454745,0.7656967030906834,1.2650324516769105,36.96,7.24,38.44,10.3,21.6,9.5,0.9166666666666666,0.7264957264957264,5,5,3,4,5,3,1,5,4,0.99124070716193,0.99124070716193,-0.6862435664967211,0.1524985703326045,0.99124070716193,-0.6862435664967211,0.1524985703326045,0.99124070716193,-0.6862435664967211,-2.3637278401553723,0.1524985703326045,0.8,0.85,0.1914854215512676,-1,15,0.9388331707219956,0.9,1.0,199.0,91.0,32.0,0.1608040201005025,0.3516483516483517,0.1240310077519379,0,224.0,1282835.0,2.1650095064427943,0.2213692285464156,0.1754037985370914,0.5991553191854172,-0.6633292326009652,-0.8571064847326504,False,True,False,False,True,True,False,False,False,True,False,False,False,False,False,True,False,False,True,False,True,Major,,False,False,
Mockito,35,Mockito-35,0.0,0.0,0.0476190476190476,0.0434782608695652,0.0,0.0,0.0,21.0,23.0,0.0,0.0,0.0,0.0,0.0,0.0,0.0,0.0,0.0,0.0,0.0,-1.0231586669890729,-0.7576758641159647,-2.430552480033038,4.163331944642799,0.9303979192957068,-4.097795444638771,-1.8864930556945376,-0.2020454871191189,-0.2073567129463963,-0.5251530779927517,-0.4635308650875505,-0.2192296649910203,-0.3124943305803233,-0.9212604132172866,-0.673136533919824,-34.775798226164056,10.82059620596206,36.647450110864746,19.30957625030796,35.44548841769825,9.114032605525557,0.9791666666666666,0.877551020408163,0,0,0,0,1,0,4,0,0,-0.4714045207910317,-0.4714045207910317,-0.4714045207910317,-0.4714045207910317,2.1213203435596424,-0.4714045207910317,2.1213203435596424,-0.4714045207910317,-0.4714045207910317,-0.4714045207910317,-0.4714045207910317,0.0,0.05,0.1,0,0,0.5201672987207322,1.0,1.0,202.0,88.0,23.0,0.1138613861386138,0.2613636363636363,0.0861423220973782,0,580.0,2383826.0,-0.9719897109326224,-0.9161655392844344,-0.6450552541976357,-0.6028194775205034,-0.9942554810346128,1.4462904983191245,True,False,False,True,True,False,False,False,True,True,False,False,False,False,True,False,False,False,True,False,False,Low,,False,False,
Mockito,21,Mockito-21,0.0,0.5,0.0056179775280898,0.0028571428571428,0.0,0.0,2.0,178.0,350.0,0.0,0.0,0.0,0.0,0.0,0.0,0.0,1.0,0.0,0.0,0.0,1.6386309018787075,2.869611359219901,0.7727729335784357,-0.1990597335582499,-1.081014456579866,1.807826996616664,-0.989048839743788,-0.2020454871191189,-0.2073567129463963,-0.5251530779927517,-0.4635308650875505,-0.2192296649910203,-0.3124943305803233,2.241784179860157,1.2650324516769105,22.0,11.27,55.62,14.0,22.2,14.2,0.7708333333333334,0.5416666666666667,1,3,1,1,3,2,3,3,4,-0.8864052604279183,0.8864052604279183,-0.8864052604279183,-0.8864052604279183,0.8864052604279183,0.0,0.0,0.8864052604279183,0.0,-1.772810520855837,1.772810520855837,0.5333333333333333,0.4,0.2309401076758502,0,3,0.6694656502013363,0.9,1.0,28.0,142.0,5.0,0.1785714285714285,0.0352112676056338,0.0303030303030303,0,849.0,3166962.0,-0.7977119766339881,-0.70287777031615,-0.6450552541976357,-0.1293142545757467,0.4870334405255241,-1.2812359398914226,False,True,False,False,True,True,False,False,False,True,False,False,False,False,True,False,False,False,True,False,False,,,False,False,
Math,6,Math-6,0.1,1.0,0.0123456790123456,0.0037174721189591,0.005181347150259,10.0,1.0,81.0,269.0,193.0,0.0,1.0,0.0,0.0,0.0,0.0,1.0,0.0,0.0,0.0,0.8388546331720644,-0.7576758641159647,1.0713926624538164,-0.5213669528149133,0.5775185551070113,0.3939738630887017,-0.3447299154714549,-0.2020454871191189,-0.2073567129463963,0.6929103112404362,-0.4635308650875505,-0.2192296649910203,0.0820612632219498,0.7656967030906834,-0.673136533919824,7.72,11.59,47.67,15.4,24.0,12.6,1.0,1.0,5,5,4,4,5,3,1,4,3,1.12089707663561,1.12089707663561,0.2401922307076309,0.2401922307076309,1.12089707663561,-0.6405126152203484,0.2401922307076309,0.2401922307076309,-0.6405126152203484,-2.401922307076307,-0.6405126152203484,0.8,0.8500000000000001,0.0999999999999999,0,20,0.6869045098747375,0.6,7.0,1135.0,90.0,43.0,0.037885462555066,0.4777777777777778,0.0363790186125211,0,1227.0,11352870.0,0.2479544291578174,0.5768488434935564,1.2615353064430634,0.5505906809346729,0.6351623326815379,-0.481041671173177,True,True,False,False,True,False,False,False,True,True,False,False,False,False,False,True,False,False,True,False,True,Major,,False,False,
Jsoup,20,Jsoup-20,0.0,1.0,1.0,0.0833333333333333,0.0714285714285714,0.0,1.0,1.0,12.0,14.0,0.0,1.0,1.0,0.0,0.0,0.0,1.0,1.0,0.0,0.0,-0.5784334856663265,-0.4554019288379759,-0.2892310991460699,-1.1490955298536565,-0.6011343465993985,-0.30819382730779,-0.5748438169972881,-0.2020454871191189,-0.2073567129463963,-0.5251530779927517,-0.4635308650875505,-0.2192296649910203,-0.3124943305803233,-0.4995211341402941,-0.673136533919824,33.2,11.92,46.47,11.8,20.0,13.0,0.9166666666666666,0.7037037037037037,0,1,0,0,1,0,4,0,0,-0.6123724356957945,1.632993161855452,-0.6123724356957945,-0.6123724356957945,1.632993161855452,-0.6123724356957945,1.632993161855452,-0.6123724356957945,-0.6123724356957945,-0.6123724356957945,-0.6123724356957945,0.0,0.05,0.1,0,0,0.6519341515510952,1.0,1.0,104.0,46.0,9.0,0.0865384615384615,0.1956521739130435,0.0638297872340425,0,74.0,673836.0,-0.7977119766339881,-0.70287777031615,-0.6450552541976357,-0.5724665786137881,0.172259544693995,0.0967388642602092,False,False,False,False,True,False,False,False,True,True,False,False,False,False,False,True,False,False,True,False,False,,,False,False,
Jsoup,34,Jsoup-34,0.0,1.0,0.0384615384615384,0.25,0.1428571428571428,0.0,1.0,26.0,4.0,7.0,0.0,1.0,0.0,0.0,0.0,0.0,1.0,0.0,1.0,0.0,-0.0819452094683099,-0.1531279935599871,0.8933402992389112,0.6023765163569156,-1.081014456579866,-0.3663049918882586,-0.5748438169972881,1.5392066180416364,2.4609407147799187,0.6929103112404362,0.4023489388231981,-0.2192296649910203,-0.3124943305803233,-0.0777818550633016,0.2959479588785432,-29.11,11.42,40.73,19.2,35.7,11.2,0.75,0.3793103448275864,5,5,4,4,1,3,3,4,3,1.2897759544117016,1.2897759544117016,0.672926584910453,0.672926584910453,-1.177621523593293,0.0560772154092043,-0.5607721540920443,0.672926584910453,-1.7944708930945417,-1.177621523593293,0.0560772154092043,0.3,0.65,0.3,0,4,0.8292510783277823,0.9,1.0,76.0,63.0,9.0,0.1184210526315789,0.1428571428571428,0.0692307692307692,0,80.0,687129.0,-0.7977119766339881,-0.70287777031615,-0.6450552541976357,-0.4874784616749857,-0.9523322096697032,-0.8714177427820556,True,False,False,False,True,True,False,False,False,True,False,True,False,False,False,False,False,False,True,False,True,,,False,False,
Compress,41,Compress-41,0.1,1.0,0.0666666666666666,0.5,0.5,10.0,1.0,15.0,2.0,2.0,0.0,1.0,0.0,0.0,0.0,0.0,1.0,0.0,1.0,1.0,-0.0564281908678244,0.1491459417180017,0.6619051305350021,-0.5495184366944653,0.5775185551070113,-0.0235591737212103,-1.1731399609644546,-0.2020454871191189,-0.2073567129463963,0.6929103112404362,-0.4635308650875505,-0.2192296649910203,-0.0494572680454745,-0.0777818550633016,1.2650324516769105,33.81,10.46,57.18,11.5,20.2,11.6,0.8125,0.6236933797909407,4,5,2,3,1,2,2,4,2,1.0533703247651751,1.6970966343438931,-0.2340822943922612,0.4096440151864569,-0.8778086039709794,-0.2340822943922612,0.4096440151864569,1.0533703247651751,-1.5215349135496974,-1.5215349135496974,-0.2340822943922612,0.2,0.5,0.2581988897471611,-1,2,0.8288409090518365,0.9,1.0,465.0,70.0,21.0,0.0451612903225806,0.3,0.0408560311284046,1,282.0,2173375.0,1.6421763035468917,0.5768488434935564,0.0500558877026192,0.3624027077130389,0.5759107758191323,0.0199421280509743,True,False,False,False,True,True,False,False,False,True,False,True,False,False,False,False,False,False,True,False,False,Minor,Archivers,True,False,patch
Csv,3,Csv-3,0.5,1.0,1.0,0.5,0.0,2.0,1.0,1.0,2.0,0.0,0.0,1.0,1.0,0.0,0.0,1.0,1.0,1.0,1.0,0.0,0.1695796881650464,0.4514198769959905,0.2655982852792464,0.3631545127909824,-0.2730111944760022,1.210790846225977,0.1845320580379615,-0.2020454871191189,-0.2073567129463963,-0.5251530779927517,-0.4635308650875505,-0.2192296649910203,-0.3124943305803233,-0.0777818550633016,-0.673136533919824,45.09,15.02,58.61,13.4,18.2,14.6,0.875,0.6974789915966387,1,2,0,0,3,0,4,0,1,0.0912870929175277,1.095445115010332,-0.9128709291752768,-0.9128709291752768,2.0996031371031365,-0.9128709291752768,0.0912870929175277,-0.9128709291752768,1.095445115010332,-0.9128709291752768,0.0912870929175277,0.3333333333333333,0.15,0.3,0,0,0.7253027899821423,0.5,1.0,150.0,93.0,17.0,0.1133333333333333,0.1827956989247312,0.0752212389380531,1,28.0,238037.0,0.2479544291578174,0.5768488434935564,0.5906978869583731,0.4473908246518414,2.645483011941724,-0.3258510819758556,True,False,False,False,True,False,False,False,True,True,False,False,False,False,False,True,False,False,True,False,False,Major,Parser,True,False,diff
Math,93,Math-93,1.0,1.0,0.2,0.5,0.5,1.0,1.0,5.0,2.0,2.0,1.0,1.0,0.0,0.0,0.0,1.0,1.0,1.0,1.0,1.0,-0.0600734792393224,-0.4554019288379759,0.0686666080841705,-0.7527480911177946,2.813742840527519,-0.1562873432928488,-0.3447299154714549,-0.2020454871191189,-0.2073567129463963,-0.5251530779927517,0.4023489388231981,-0.2192296649910203,-0.0494572680454745,-0.2886514946017978,0.2959479588785432,46.88,11.08,44.58,10.7,13.6,11.5,0.9375,0.8524590163934427,4,5,3,4,4,2,1,5,3,0.4714045207910316,1.3356461422412562,-0.3928371006591931,0.4714045207910316,0.4714045207910316,-1.2570787221094175,0.4714045207910316,1.3356461422412562,-0.3928371006591931,-2.1213203435596424,-0.3928371006591931,0.7,0.8,0.1632993161855452,-1,12,0.8455322583951654,0.4,1.0,323.0,68.0,17.0,0.0526315789473684,0.25,0.0454545454545454,0,630.0,4394163.0,0.7707876320537201,0.0436294210728453,2.04569755315819,0.380614447057068,1.0610328976300771,0.047190108613602,True,True,False,False,True,True,False,False,False,True,False,False,False,False,False,True,False,False,True,False,True,Minor,,False,False,
Math,87,Math-87,1.0,1.0,0.5,1.0,1.0,1.0,1.0,2.0,1.0,1.0,1.0,1.0,0.0,1.0,1.0,1.0,1.0,1.0,1.0,1.0,0.0040835960990409,-0.7576758641159647,0.6264911238676687,-0.6990704009972812,0.4038501769199036,-1.0102961633474954,-0.5748438169972881,-0.2020454871191189,-0.2073567129463963,-0.5251530779927517,-0.4635308650875505,-0.2192296649910203,0.0820612632219498,-0.7103907736787903,0.2959479588785432,43.43,13.05,55.07,12.0,17.6,12.3,0.8958333333333334,0.7894736842105263,3,5,1,2,3,2,2,4,2,0.3483665071458088,1.8811791385873675,-1.1844461242957498,-0.4180398085749705,0.3483665071458088,-0.4180398085749705,0.3483665071458088,1.1147728228665883,0.3483665071458088,-1.9508524400165292,-0.4180398085749705,0.7,0.5,0.2581988897471611,-1,3,0.8156596047897045,0.6,1.0,239.0,72.0,15.0,0.0627615062761506,0.2083333333333333,0.0506756756756756,2,732.0,5857145.0,1.1193431006509886,1.6432876883349783,0.638226853925912,0.3624027077130389,1.2832262358640978,-0.0816845549720695,False,False,False,False,True,True,False,False,False,True,False,False,False,False,False,True,False,False,True,False,False,Major,,True,True,patch
Closure,164,Closure-164,0.0,0.25,0.3333333333333333,0.001953125,0.0081967213114754,0.0,4.0,3.0,512.0,122.0,0.0,0.0,0.0,0.0,0.0,0.0,1.0,1.0,0.0,0.0,-1.0231586669890729,-0.4554019288379759,-0.3474447873331391,-0.0837420024978097,-0.4379098193951574,-0.977217499982744,1.5882268573455445,-0.2020454871191189,-0.2073567129463963,-0.5251530779927517,2.134108546644695,-0.2192296649910203,-0.3124943305803233,-0.4995211341402941,1.2650324516769105,-28.16,9.7,56.69,20.9,53.4,13.7,0.8958333333333334,0.7923875432525952,4,5,3,4,1,2,2,2,2,1.075174404457249,1.7708754896942926,0.3794733192202055,1.075174404457249,-1.0119288512538815,-0.316227766016838,0.3794733192202055,-0.316227766016838,-1.707629936490925,-1.0119288512538815,-0.316227766016838,0.2,0.5,0.2581988897471611,-1,3,0.9072455129306825,0.6,1.0,195.0,47.0,9.0,0.0461538461538461,0.1914893617021276,0.03862660944206,0,958.0,12373098.0,-0.7977119766339881,-0.70287777031615,-0.6450552541976357,-0.6028194775205034,-0.9942554810346128,1.4462904983191245,False,False,False,False,True,True,False,False,False,True,False,False,False,False,True,False,False,False,True,False,True,Medium,,False,False,
Cli,31,Cli-31,1.0,1.0,0.1666666666666666,0.25,1.0,1.0,1.0,6.0,4.0,1.0,1.0,1.0,0.0,0.0,1.0,1.0,1.0,0.0,1.0,1.0,-0.3188889536156746,-0.4554019288379759,-0.723304529671834,-0.1985198978886598,1.290866087015343,0.1635077270760422,-0.5748438169972881,-0.2020454871191189,-0.2073567129463963,-0.5251530779927517,-0.4635308650875505,-0.2192296649910203,-0.0494572680454745,-0.7103907736787903,0.2959479588785432,34.26,14.0,60.74,13.5,18.9,13.4,0.8333333333333334,0.6660869565217392,3,4,1,2,3,2,4,1,3,0.7808688094430304,1.6398244998303635,-0.9370425713316364,-0.0780868809443029,0.7808688094430304,-0.0780868809443029,-0.9370425713316364,-0.9370425713316364,0.7808688094430304,-1.7959982617189696,0.7808688094430304,0.7,0.35,0.1914854215512676,-1,3,0.7939548769531656,0.6,3.0,423.0,49.0,18.0,0.0425531914893617,0.3673469387755102,0.039647577092511,0,46.0,341059.0,0.4222321634564516,-0.169658347895439,0.9958628512718186,0.3502615481503528,1.783161246890644,0.5661481282807015,False,False,False,False,True,True,False,False,False,True,False,False,False,False,False,True,False,False,True,False,False,Minor,Help formatter,False,False,
Compress,6,Compress-6,1.0,1.0,0.1666666666666666,1.0,1.0,1.0,1.0,6.0,1.0,1.0,1.0,1.0,0.0,1.0,1.0,1.0,1.0,0.0,1.0,1.0,0.7440771355131185,1.0559677475519682,1.0201448031481282,-0.2372673015253152,1.8463416241570776,-0.5732808890531743,-1.1731399609644546,-0.2020454871191189,-0.2073567129463963,-0.5251530779927517,0.4023489388231981,3.1090752489635607,0.0820612632219498,0.9765663426291796,0.2959479588785432,50.57,11.99,49.95,11.3,14.7,12.1,0.875,0.6220472440944882,5,5,3,3,5,3,2,5,4,1.111873974991652,1.111873974991652,-0.5188745216627707,-0.5188745216627707,1.111873974991652,-0.5188745216627707,-0.5188745216627707,1.111873974991652,-0.5188745216627707,-2.1496230183171936,0.2964997266644406,0.8,0.8,0.2309401076758503,0,15,0.9906822954267194,0.4,1.0,227.0,138.0,31.0,0.1365638766519823,0.2246376811594203,0.092814371257485,1,95.0,709545.0,1.4678985692482571,2.069863226271547,-0.0034142001358618,0.4352496650891553,1.6918150967277688,-0.5344463054203423,False,False,False,False,True,True,False,False,False,True,False,False,False,False,True,False,False,False,True,False,True,Major,,True,False,patch
Closure,37,Closure-37,0.1428571428571428,0.3333333333333333,0.032258064516129,1.0,1.0,7.0,3.0,31.0,1.0,1.0,0.0,0.0,0.0,1.0,1.0,0.0,1.0,0.0,1.0,1.0,-1.0231586669890729,-0.1531279935599871,0.7669772270834008,0.2634026143148933,-0.2730111944760022,-0.2094471107422099,1.5882268573455445,-0.2020454871191189,-0.2073567129463963,0.6929103112404362,-0.4635308650875505,-0.2192296649910203,-0.3124943305803233,-0.0777818550633016,0.2959479588785432,-155.77,15.23,58.51,38.8,77.1,16.5,0.875,0.6697247706422019,5,5,3,2,5,4,2,3,3,1.334248769989982,1.334248769989982,-0.2964997266644406,-1.111873974991652,1.334248769989982,0.5188745216627707,-0.2964997266644406,-0.2964997266644406,-0.2964997266644406,-1.9272482233188633,-0.2964997266644406,0.9,0.65,0.2516611478423583,1,15,0.7521038727416718,0.7,2.0,557.0,68.0,39.0,0.0700179533213644,0.5735294117647058,0.0665529010238907,0,961.0,12397986.0,-0.7977119766339881,-0.70287777031615,-0.6450552541976357,-0.6028194775205034,-0.9942554810346128,1.4462904983191245,True,False,False,False,True,True,False,False,False,True,False,False,False,False,True,False,False,False,True,False,True,Medium,,False,False,
Closure,23,Closure-23,0.0,1.0,1.0,0.0357142857142857,1.0,0.0,1.0,1.0,28.0,1.0,0.0,1.0,1.0,0.0,1.0,0.0,1.0,1.0,0.0,1.0,-1.0231586669890729,-0.7576758641159647,0.8075911366845479,-0.6920370361682081,-0.9226620584791106,-1.1454181640481702,1.5882268573455445,-0.2020454871191189,-0.2073567129463963,-0.5251530779927517,-0.4635308650875505,-0.2192296649910203,-0.1809757993128989,0.5548270635521871,0.2959479588785432,-37.57,9.11,46.82,20.3,49.6,10.6,0.9583333333333334,0.8333333333333334,5,5,5,5,5,4,0,5,3,0.6461623427559644,0.6461623427559644,0.6461623427559644,0.6461623427559644,0.6461623427559644,-0.1435916317235475,0.6461623427559644,0.6461623427559644,-0.9333456062030594,-2.512853555162083,-0.9333456062030594,0.9,1.0,0.0,0,25,0.7660269655213452,0.1999999999999999,1.0,377.0,76.0,25.0,0.0663129973474801,0.3289473684210526,0.058411214953271,0,980.0,12629292.0,-0.7977119766339881,-0.70287777031615,-0.6450552541976357,-0.6028194775205034,-0.9942554810346128,1.4462904983191245,False,False,False,False,True,True,False,False,False,True,False,False,False,False,True,False,False,False,True,False,True,Medium,,False,False,
Math,78,Math-78,1.0,1.0,1.0,0.5,0.5,1.0,1.0,1.0,2.0,2.0,1.0,1.0,1.0,0.0,0.0,1.0,1.0,1.0,1.0,1.0,0.4393310276558925,1.6605156181079457,1.023466184202604,-0.4345945423412219,-0.6011343465993985,1.0044145034196983,-0.3447299154714549,-0.2020454871191189,-0.2073567129463963,-0.5251530779927517,5.59762776228769,-0.2192296649910203,1.3972465758961936,0.7656967030906834,-0.673136533919824,76.32,8.27,37.18,5.6,8.5,9.5,0.8125,0.5862068965517241,4,5,4,4,5,1,2,3,2,0.6123724356957946,1.3608276348795434,0.6123724356957946,0.6123724356957946,1.3608276348795434,-1.6329931618554518,-0.1360827634879542,-0.1360827634879542,-0.1360827634879542,-1.6329931618554518,-0.884537962671703,0.6,0.8,0.1632993161855452,0,20,0.9500520027952662,0.8,1.0,211.0,97.0,28.0,0.1327014218009478,0.2886597938144329,0.1,0,785.0,6280062.0,2.5135649750400626,3.349589840081254,0.264908422471789,0.4231085055264692,0.1167112101354898,-0.834986941384861,False,False,False,False,True,False,False,False,True,True,False,False,False,False,False,True,False,False,True,False,True,Major,,False,False,
Cli,25,Cli-25,1.0,1.0,1.0,1.0,1.0,1.0,1.0,1.0,1.0,1.0,1.0,1.0,1.0,1.0,1.0,1.0,1.0,1.0,1.0,1.0,0.1375011504958648,-0.1531279935599871,-0.2277479513500944,-0.490613893597455,-0.1064125837329401,1.2493115711987897,-0.5748438169972881,-0.2020454871191189,-0.2073567129463963,1.910973700473624,-0.4635308650875505,-0.2192296649910203,-0.0494572680454745,-0.2886514946017978,0.2959479588785432,29.45,12.78,57.58,13.2,20.6,14.1,0.9583333333333334,0.911275415896488,4,5,4,4,1,3,1,5,3,0.5607721540920443,1.177621523593293,0.5607721540920443,0.5607721540920443,-1.2897759544117016,-0.0560772154092043,0.5607721540920443,1.177621523593293,-1.9066253239129505,-1.2897759544117016,-0.0560772154092043,0.3,0.7,0.3464101615137754,0,4,0.810558673191381,0.9,1.0,252.0,85.0,25.0,0.0992063492063492,0.2941176470588235,0.0801282051282051,2,44.0,287005.0,0.9450653663523544,1.429999919366694,0.7451670296028742,0.5202377820279578,1.079549009149579,0.034956321422218,True,False,False,False,True,True,False,False,False,True,False,True,False,False,False,False,False,False,True,False,True,Major,Help formatter,True,False,patch
Closure,170,Closure-170,0.0,0.0,0.0019607843137254,0.0015822784810126,0.0025062656641604,0.0,0.0,510.0,632.0,399.0,0.0,0.0,0.0,0.0,0.0,0.0,0.0,0.0,0.0,0.0,-1.0231586669890729,-0.4554019288379759,-1.4072414623563714,-0.3588707385308691,-1.546710917989482,-1.1008427610174467,1.5882268573455445,-0.2020454871191189,-0.2073567129463963,-0.5251530779927517,-0.4635308650875505,-0.2192296649910203,-0.3124943305803233,-0.2886514946017978,-0.673136533919824,-41.22,10.46,55.12,21.7,57.0,13.6,0.6875,0.3979933110367893,4,4,4,4,3,2,2,3,2,0.9899494936611666,0.9899494936611666,0.9899494936611666,0.9899494936611666,0.2121320343559644,-0.5656854249492378,0.2121320343559644,0.2121320343559644,-2.1213203435596424,-1.34350288425444,-0.5656854249492378,0.2,0.7000000000000001,0.1154700538379251,0,12,0.8887443394676766,0.6,1.0,341.0,52.0,10.0,0.0293255131964809,0.1923076923076923,0.0261096605744125,0,941.0,12516430.0,-0.7977119766339881,-0.70287777031615,-0.6450552541976357,-0.6028194775205034,-0.9942554810346128,1.4462904983191245,False,False,False,False,True,False,False,False,True,True,False,False,False,False,True,False,False,False,True,False,True,Medium,,False,False,
Lang,30,Lang-30,1.0,1.0,1.0,0.1666666666666666,1.0,1.0,1.0,1.0,6.0,1.0,1.0,1.0,1.0,0.0,1.0,1.0,1.0,1.0,0.0,1.0,1.1858860861386662,-0.4554019288379759,1.1205409856042017,-0.6875615371111389,0.2319908443389094,0.5529726624028708,0.1845320580379615,-0.2020454871191189,-0.2073567129463963,-0.5251530779927517,-0.4635308650875505,3.1090752489635607,2.3178762947681646,-0.2886514946017978,-0.673136533919824,47.04,6.9,58.3,8.5,21.5,9.8,0.8333333333333334,0.5923566878980893,5,5,4,4,5,3,1,5,3,0.99124070716193,0.99124070716193,0.1524985703326045,0.1524985703326045,0.99124070716193,-0.6862435664967211,0.1524985703326045,0.99124070716193,-0.6862435664967211,-2.3637278401553723,-0.6862435664967211,0.8,0.9,0.1154700538379251,0,20,0.7588928940000157,0.4,1.0,920.0,113.0,42.0,0.0456521739130434,0.3716814159292035,0.0423814328960645,1,189.0,3549080.0,1.4678985692482571,-0.0630144634112968,0.9590473809567988,0.7144963350309348,-0.3080257153322637,-1.3108613753092613,False,False,False,False,True,False,False,False,True,True,False,False,False,False,False,True,False,False,True,False,True,Minor,lang.*,True,False,diff
Closure,158,Closure-158,0.3333333333333333,0.5,1.0,0.125,0.0121951219512195,3.0,2.0,1.0,8.0,82.0,0.0,1.0,1.0,0.0,0.0,1.0,1.0,1.0,0.0,0.0,-1.0231586669890729,-0.4554019288379759,-2.430552480033038,4.163331944642799,0.2319908443389094,-0.3821522756686065,1.5882268573455445,-0.2020454871191189,-0.2073567129463963,-0.5251530779927517,-0.4635308650875505,-0.2192296649910203,-0.3124943305803233,-0.7103907736787903,0.2959479588785432,-43.42,16.97,58.71,24.7,63.9,0.0,0.9166666666666666,0.7894736842105262,1,3,0,3,1,0,3,2,0,-0.0780868809443029,1.6398244998303635,-0.9370425713316364,1.6398244998303635,-0.0780868809443029,-0.9370425713316364,0.7808688094430304,0.7808688094430304,-0.9370425713316364,-0.9370425713316364,-0.9370425713316364,0.0,0.3,0.2581988897471611,-3,0,0.937114158684388,0.5,3.0,741.0,34.0,12.0,0.0161943319838056,0.3529411764705882,0.0157273918741808,0,581.0,7640695.0,-0.7977119766339881,-0.70287777031615,-0.6450552541976357,-0.6028194775205034,-0.9942554810346128,1.4462904983191245,True,False,False,False,True,True,False,False,False,True,False,False,False,False,True,False,False,False,True,False,False,Medium,,False,False,
Math,50,Math-50,0.3333333333333333,1.0,0.05,0.0714285714285714,0.25,3.0,1.0,20.0,14.0,4.0,0.0,1.0,0.0,0.0,0.0,1.0,1.0,0.0,0.0,1.0,0.1899933030454348,-0.4554019288379759,-0.2055172174714591,-0.3882978207522207,0.0619124374841446,0.1288959031368986,-0.3447299154714549,-0.2020454871191189,-0.2073567129463963,-0.5251530779927517,-0.4635308650875505,-0.2192296649910203,-0.0494572680454745,-0.0777818550633016,-0.673136533919824,8.37,15.68,60.8,17.2,24.8,16.1,0.9583333333333334,0.911275415896488,5,5,4,4,1,3,1,4,3,1.177621523593293,1.177621523593293,0.5607721540920443,0.5607721540920443,-1.2897759544117016,-0.0560772154092043,0.5607721540920443,0.5607721540920443,-1.9066253239129505,-1.2897759544117016,-0.0560772154092043,0.3,0.65,0.3,0,4,0.8609376624043791,0.9,1.0,168.0,81.0,19.0,0.1130952380952381,0.2345679012345679,0.0826086956521739,1,896.0,7549143.0,-0.100601039439451,0.1502733055569876,1.3977203464888277,0.568802420278702,0.980796414378903,0.1961290910808745,False,True,False,False,True,False,False,False,True,True,False,False,False,False,False,True,False,False,True,False,True,Major,,True,False,patch
Math,44,Math-44,0.125,0.3333333333333333,1.0,1.0,0.5,8.0,3.0,1.0,1.0,2.0,0.0,0.0,1.0,1.0,0.0,0.0,1.0,1.0,1.0,1.0,-0.0039360383182544,-0.4554019288379759,-0.2015103141892808,-0.4575982109541652,1.290866087015343,-0.1980694169202179,-0.5748438169972881,-0.2020454871191189,-0.2073567129463963,-0.5251530779927517,1.2682287427339467,-0.2192296649910203,-0.0494572680454745,-0.7103907736787903,-0.673136533919824,51.78,11.88,47.87,10.9,17.0,11.8,0.875,0.5514018691588786,0,0,0,0,1,0,4,0,0,-0.4714045207910317,-0.4714045207910317,-0.4714045207910317,-0.4714045207910317,2.1213203435596424,-0.4714045207910317,2.1213203435596424,-0.4714045207910317,-0.4714045207910317,-0.4714045207910317,-0.4714045207910317,0.0,0.05,0.1,0,0,0.5705462879337302,1.0,1.0,252.0,78.0,16.0,0.0634920634920634,0.2051282051282051,0.0509554140127388,2,980.0,8276581.0,0.5965098977550859,1.0034243814301251,0.6895581382508539,0.3624027077130389,1.7990321996216456,0.178425280302991,False,False,False,False,True,False,False,False,True,True,False,False,False,False,False,True,False,False,True,False,False,Major,,True,True,patch
Math,101,Math-101,1.0,1.0,1.0,1.0,1.0,1.0,1.0,1.0,1.0,1.0,1.0,1.0,1.0,1.0,1.0,1.0,1.0,1.0,1.0,1.0,0.3897551058035208,0.7536938122739794,0.5603827898284869,-0.0343793928213652,0.5775185551070113,0.5632225292624821,0.1845320580379615,-0.2020454871191189,-0.2073567129463963,0.6929103112404362,0.4023489388231981,-0.2192296649910203,0.0820612632219498,0.3439574240136908,-0.673136533919824,33.61,9.57,48.13,11.6,18.6,12.3,0.8958333333333334,0.7142857142857144,5,5,3,3,5,3,2,4,3,1.3356461422412562,1.3356461422412562,-0.3928371006591931,-0.3928371006591931,1.3356461422412562,-0.3928371006591931,-0.3928371006591931,0.4714045207910316,-0.3928371006591931,-2.1213203435596424,-0.3928371006591931,0.8,0.75,0.1914854215512676,0,15,0.903007945005454,0.6,1.0,178.0,80.0,27.0,0.1516853932584269,0.3375,0.1168831168831168,0,551.0,3427304.0,1.2936208349496228,-0.3829461168637234,0.1890781160826703,0.5020260426839287,-0.0462305712361251,-0.4001358354210562,True,True,False,False,True,False,False,False,True,True,False,True,False,False,False,False,False,False,True,False,True,Major,,False,False,
Lang,24,Lang-24,0.1666666666666666,1.0,1.0,1.0,1.0,6.0,1.0,1.0,1.0,1.0,0.0,1.0,1.0,1.0,1.0,0.0,1.0,1.0,1.0,1.0,-0.0418470373818328,0.1491459417180017,-0.7670511326220084,0.380942954270731,1.1096681845252594,1.1632231821925123,0.1845320580379615,-0.2020454871191189,-0.2073567129463963,-0.5251530779927517,-0.4635308650875505,-0.2192296649910203,-0.1809757993128989,0.3439574240136908,-0.673136533919824,43.09,9.62,45.75,10.1,15.4,11.2,0.9166666666666666,0.764705882352941,5,5,3,4,5,3,1,5,3,1.0493443645942062,1.0493443645942062,-0.599625351196689,0.2248595066987586,1.0493443645942062,-0.599625351196689,0.2248595066987586,1.0493443645942062,-0.599625351196689,-2.2485950669875843,-0.599625351196689,0.8,0.85,0.1914854215512676,-1,15,0.8499669295206326,0.9,1.0,285.0,52.0,19.0,0.0666666666666666,0.3653846153846153,0.0597484276729559,0,206.0,3775361.0,1.6421763035468917,0.0080814595781312,1.2085744575363777,0.4534614044331844,0.0561130269807571,-0.1633392414808742,False,True,False,False,True,False,False,False,True,True,False,False,False,False,False,True,False,False,True,False,True,Major,lang.math.*,False,False,
Cli,19,Cli-19,1.0,1.0,1.0,0.5,1.0,1.0,1.0,1.0,2.0,1.0,1.0,1.0,1.0,0.0,1.0,1.0,1.0,1.0,1.0,1.0,-0.2372344940941212,-0.1531279935599871,-0.7254018775669786,-0.183645848042168,-0.4379098193951574,0.8736434684978394,-0.5748438169972881,-0.2020454871191189,-0.2073567129463963,-0.5251530779927517,-0.4635308650875505,-0.2192296649910203,-0.0494572680454745,-0.7103907736787903,-0.673136533919824,30.2,15.02,65.41,15.0,20.1,14.6,0.8333333333333334,0.6689655172413794,4,5,2,3,1,2,3,1,2,1.3846989941311527,2.1100175148665183,-0.0659380473395786,0.6593804733957871,-0.7912565680749444,-0.0659380473395786,-0.0659380473395786,-0.7912565680749444,-1.51657508881031,-0.7912565680749444,-0.0659380473395786,0.2,0.35,0.1914854215512676,-1,2,0.8936452375808405,0.6,1.0,160.0,61.0,15.0,0.09375,0.2459016393442623,0.0728155339805825,0,46.0,287157.0,0.5965098977550859,1.0034243814301251,0.638226853925912,0.4109673459637831,2.338644592475696,0.1951077173821506,False,False,False,False,True,False,False,False,True,True,False,False,False,False,False,True,False,False,True,False,True,Major,Parser,False,False,
JacksonCore,11,JacksonCore-11,0.2,1.0,0.04,0.25,0.0526315789473684,5.0,1.0,25.0,4.0,19.0,0.0,1.0,0.0,0.0,0.0,1.0,1.0,0.0,1.0,0.0,4.7305644985832425,2.567337423941912,0.4927337217052777,-0.4385137132533191,-0.9226620584791106,0.2559949357717727,0.4146459595637947,7.536852758039794,5.722193126445416,1.910973700473624,-0.4635308650875505,3.1090752489635607,-0.3124943305803233,0.3439574240136908,0.2959479588785432,-95.06,9.09,40.29,27.9,55.3,11.4,0.9583333333333334,0.911275415896488,5,5,4,3,3,3,2,2,3,1.4488638132020375,1.4488638132020375,0.7559289460184544,0.0629940788348711,0.0629940788348711,0.0629940788348711,0.0629940788348711,-0.6299407883487121,-2.0158105227158787,-1.3228756555322954,0.0629940788348711,0.3,0.6,0.1632993161855452,1,12,0.58260944248216,0.6,1.0,556.0,144.0,49.0,0.0881294964028776,0.3402777777777778,0.075268817204301,0,169.0,1600555.0,-0.7977119766339881,-0.70287777031615,-0.6450552541976357,0.392755606619754,-1.0546764765193026,-2.051940343001105,True,True,False,False,True,True,False,False,False,True,False,True,False,False,False,False,False,False,True,False,True,,,False,False,
Gson,7,Gson-7,0.0,1.0,0.3333333333333333,0.25,0.0714285714285714,0.0,1.0,3.0,4.0,14.0,0.0,1.0,0.0,0.0,0.0,0.0,1.0,1.0,1.0,0.0,-0.2911847619922905,-0.1531279935599871,-0.1759267678829903,-0.7361457560232676,-0.2730111944760022,0.3766401318726223,0.4146459595637947,-0.2020454871191189,-0.2073567129463963,-0.5251530779927517,-0.4635308650875505,-0.2192296649910203,-0.0494572680454745,-0.9212604132172866,1.2650324516769105,10.77,12.81,54.63,14.2,22.1,13.5,0.875,0.7272727272727273,5,5,5,5,1,3,1,4,3,0.9798501839458535,0.9798501839458535,0.9798501839458535,0.9798501839458535,-1.289276557823492,-0.1547131869388191,0.4125684985035172,0.4125684985035172,-1.8565582432658283,-1.289276557823492,-0.1547131869388191,0.3,0.75,0.3785938897200182,0,5,0.8106419059560825,0.9,1.0,502.0,60.0,23.0,0.045816733067729,0.3833333333333333,0.0426716141001855,0,188.0,1214661.0,-0.7977119766339881,-0.70287777031615,-0.6450552541976357,-0.5239019403630439,-0.1054821280985306,-0.0527456335082209,False,True,False,False,True,True,False,False,False,True,False,False,False,False,False,True,False,False,True,False,True,,,False,False,
Time,13,Time-13,0.0,0.0,0.0212765957446808,0.0153846153846153,0.0082644628099173,0.0,0.0,47.0,65.0,121.0,0.0,0.0,0.0,0.0,0.0,0.0,0.0,0.0,0.0,0.0,-0.122043381554787,-0.7576758641159647,-0.4312794211819273,1.5911456571296356,-0.9226620584791106,0.5844594474452092,-1.5873449837109543,-0.2020454871191189,-0.2073567129463963,-0.5251530779927517,-0.4635308650875505,-0.2192296649910203,-0.3124943305803233,2.874393098475646,0.2959479588785432,-25.65,4.36,42.21,17.8,43.3,10.5,0.9583333333333334,0.90625,5,5,4,4,1,3,1,4,4,1.1076975512434226,1.1076975512434226,0.4984638980595403,0.4984638980595403,-1.329237061492107,-0.1107697551243421,0.4984638980595403,0.4984638980595403,-1.9384707146759896,-1.329237061492107,0.4984638980595403,0.3,0.65,0.3,0,4,0.9047398004373096,0.9,1.0,392.0,21.0,14.0,0.0357142857142857,0.6666666666666666,0.0350877192982456,0,315.0,5530296.0,0.2479544291578174,-0.2763022323795812,1.0514871938301054,-0.4571255627682705,-0.950688159812256,-2.443100546422097,False,True,False,False,True,True,False,False,False,True,False,False,False,False,False,True,False,False,True,False,True,,,False,False,
JacksonDatabind,74,JacksonDatabind-74,0.1428571428571428,0.0,0.0192307692307692,1.0,0.25,7.0,0.0,52.0,1.0,4.0,0.0,0.0,0.0,1.0,0.0,0.0,0.0,0.0,1.0,1.0,-0.4734491805671864,-0.4554019288379759,0.2329480511915622,0.6106975559851718,-0.9226620584791106,0.665877223969992,0.4146459595637947,-0.2020454871191189,-0.2073567129463963,-0.5251530779927517,-0.4635308650875505,-0.2192296649910203,-0.3124943305803233,-0.4995211341402941,0.2959479588785432,-115.13,17.1,69.18,31.5,48.2,14.1,0.875,0.75,4,5,2,3,1,2,2,4,3,0.9914601339836674,1.632993161855452,-0.2916059217599022,0.3499271061118826,-0.933138949631687,-0.2916059217599022,0.3499271061118826,0.9914601339836674,-1.5746719775034717,-1.5746719775034717,0.3499271061118826,0.2,0.5,0.2581988897471611,-1,2,0.920377163201048,0.6,1.0,179.0,39.0,13.0,0.0726256983240223,0.3333333333333333,0.0634146341463414,0,785.0,5577160.0,-0.7977119766339881,-0.70287777031615,-0.6450552541976357,-0.6028194775205034,-0.4675749755910086,0.6675882658444519,False,False,False,False,True,True,False,False,False,True,False,False,False,False,False,True,False,False,True,False,False,,,False,False,
JacksonDatabind,60,JacksonDatabind-60,0.0,1.0,0.0111111111111111,0.0053763440860215,0.0555555555555555,0.0,1.0,90.0,186.0,18.0,0.0,1.0,0.0,0.0,0.0,0.0,1.0,0.0,0.0,0.0,0.3540312797628412,0.1491459417180017,1.0728389034855628,-0.3825314925973985,1.8463416241570776,-0.9267022501058126,0.4146459595637947,-0.2020454871191189,-0.2073567129463963,-0.5251530779927517,-0.4635308650875505,-0.2192296649910203,-0.0494572680454745,0.1330877844751946,1.2650324516769105,-7.18,13.45,50.8,16.9,27.4,13.0,1.0,1.0,0,0,0,0,0,0,4,0,0,-0.3162277660168379,-0.3162277660168379,-0.3162277660168379,-0.3162277660168379,-0.3162277660168379,-0.3162277660168379,3.1622776601683795,-0.3162277660168379,-0.3162277660168379,-0.3162277660168379,-0.3162277660168379,0.0,0.0,0.0,0,0,0.9224377153775268,0.5,1.0,236.0,103.0,25.0,0.1059322033898305,0.2427184466019417,0.0796178343949044,0,771.0,5503100.0,-0.7977119766339881,-0.70287777031615,-0.6450552541976357,-0.4267726638615554,-0.5058304852769461,-0.394075865126024,False,True,False,False,True,True,False,False,False,True,False,False,False,False,False,True,False,False,True,False,False,,,False,False,
JacksonDatabind,1,JacksonDatabind-1,1.0,1.0,1.0,1.0,1.0,1.0,1.0,1.0,1.0,1.0,1.0,1.0,1.0,1.0,1.0,1.0,1.0,1.0,1.0,1.0,0.6208663885564889,1.0559677475519682,0.6485573403689643,-0.1150510293689743,-0.9226620584791106,0.2305065271418787,0.4146459595637947,-0.2020454871191189,-0.2073567129463963,-0.5251530779927517,2.134108546644695,-0.2192296649910203,-0.1809757993128989,0.7656967030906834,0.2959479588785432,25.25,11.09,47.65,12.8,20.9,13.1,0.9166666666666666,0.6190476190476188,5,5,5,5,5,5,0,5,4,0.5188745216627711,0.5188745216627711,0.5188745216627711,0.5188745216627711,0.5188745216627711,0.5188745216627711,0.5188745216627711,0.5188745216627711,-1.1118739749916515,-2.742622471646074,-0.2964997266644402,1.0,1.0,0.0,0,25,0.9104844623518004,1.0,1.0,331.0,92.0,48.0,0.1450151057401812,0.5217391304347826,0.128,0,590.0,3874562.0,-0.7977119766339881,-0.70287777031615,-0.6450552541976357,-0.3235728075787238,-0.1104197578370644,-1.058679756332982,True,True,False,False,True,True,False,False,False,True,False,False,False,False,False,True,False,False,True,False,True,,,False,False,
JacksonDatabind,48,JacksonDatabind-48,0.0,0.0,0.1666666666666666,0.032258064516129,0.0476190476190476,0.0,0.0,6.0,31.0,21.0,0.0,0.0,0.0,0.0,0.0,0.0,0.0,0.0,0.0,0.0,1.018202821049762,-0.4554019288379759,0.4639710312547861,0.5805424616538121,-0.9226620584791106,0.3318985993987882,0.4146459595637947,-0.2020454871191189,-0.2073567129463963,-0.5251530779927517,-0.4635308650875505,-0.2192296649910203,-0.1809757993128989,0.1330877844751946,2.2341169444752773,-71.41,13.12,52.52,25.1,44.5,12.1,0.8958333333333334,0.761904761904762,5,5,5,5,1,4,1,5,3,0.8457816116784908,0.8457816116784908,0.8457816116784908,0.8457816116784908,-1.3433002067834854,0.2985111570629967,0.2985111570629967,0.8457816116784908,-1.8905706613989792,-1.3433002067834854,-0.2487592975524973,0.4,0.8,0.4,0,5,0.8520169536757485,0.7,2.0,323.0,90.0,43.0,0.1331269349845201,0.4777777777777778,0.1162162162162162,0,748.0,5256303.0,-0.7977119766339881,-0.70287777031615,-0.6450552541976357,-0.3357139671414099,-0.9419746955677843,-1.330018240854708,False,True,False,False,True,True,False,False,False,True,False,False,False,False,False,True,False,False,True,False,True,,,False,False,
JacksonDatabind,49,JacksonDatabind-49,0.0,0.0,0.0588235294117647,0.5,1.0,0.0,0.0,17.0,2.0,1.0,0.0,0.0,0.0,0.0,1.0,0.0,0.0,0.0,1.0,1.0,0.5771229280985138,1.3582416828299568,1.0840984966625715,-0.195689500720188,-0.2730111944760022,-1.1562757278056728,0.4146459595637947,-0.2020454871191189,-0.2073567129463963,-0.5251530779927517,0.4023489388231981,-0.2192296649910203,-0.1809757993128989,-0.2886514946017978,-0.673136533919824,0.18,11.3,45.67,16.2,25.7,12.4,0.9166666666666666,0.6666666666666664,5,5,5,5,5,4,1,5,4,0.6862435664967211,0.6862435664967211,0.6862435664967211,0.6862435664967211,0.6862435664967211,-0.1524985703326045,-0.1524985703326045,0.6862435664967211,-0.99124070716193,-2.6687249808205813,-0.1524985703326045,0.9,1.0,0.0,0,25,0.8880003139444608,0.8,1.0,52.0,106.0,22.0,0.4230769230769231,0.2075471698113207,0.1617647058823529,0,723.0,5001073.0,-0.7977119766339881,-0.70287777031615,-0.6450552541976357,-0.3782080256108111,-0.3666567537420285,-0.7255808191647801,True,True,False,False,True,False,False,False,True,True,False,False,False,False,False,True,False,False,True,False,True,,,False,False,
JacksonDatabind,61,JacksonDatabind-61,1.0,0.0,0.037037037037037,0.2,1.0,1.0,0.0,27.0,5.0,1.0,1.0,0.0,0.0,0.0,1.0,1.0,0.0,0.0,1.0,1.0,1.8391217623110927,1.0559677475519682,0.7474889799810599,0.5971776915762855,0.7530246939098532,-0.8696706019034944,0.4146459595637947,1.1522617057836908,1.867985730840738,3.1290370897068125,0.4023489388231981,-0.2192296649910203,-0.1809757993128989,-0.2886514946017978,-0.673136533919824,-38.38,10.59,42.01,20.6,33.8,11.7,0.6666666666666666,0.1111111111111112,5,5,5,5,3,5,1,5,4,0.6968731476445665,0.6968731476445665,0.6968731476445665,0.6968731476445665,-0.4824506406770077,0.6968731476445665,0.1072112534837793,0.6968731476445665,-2.251436323159369,-1.661774428998582,0.1072112534837793,0.5,0.9,0.2,0,15,0.7435969352951707,1.0,2.0,963.0,136.0,100.0,0.1038421599169262,0.7352941176470589,0.1001001001001001,0,771.0,5507610.0,-0.7977119766339881,-0.70287777031615,-0.6450552541976357,-0.2021612119518631,-0.9140654040779738,-1.436689647106096,True,True,False,False,True,False,False,False,True,True,False,False,False,False,False,True,False,False,True,False,True,,,False,False,
JacksonDatabind,75,JacksonDatabind-75,0.3333333333333333,1.0,0.0769230769230769,0.5,0.0769230769230769,3.0,1.0,13.0,2.0,13.0,0.0,1.0,0.0,0.0,0.0,1.0,1.0,0.0,1.0,0.0,-0.1759936494529562,0.4514198769959905,0.4869155358104371,-0.5551708496094937,-0.1064125837329401,-0.1519486947663763,0.4146459595637947,-0.2020454871191189,-0.2073567129463963,0.6929103112404362,-0.4635308650875505,-0.2192296649910203,0.0820612632219498,-0.0777818550633016,-0.673136533919824,27.99,10.25,38.91,11.7,19.6,11.5,0.875,0.7446808510638298,4,5,4,4,1,3,1,4,3,0.6504436355879909,1.3008872711759818,0.6504436355879909,0.6504436355879909,-1.3008872711759818,0.0,0.6504436355879909,0.6504436355879909,-1.9513309067639728,-1.3008872711759818,0.0,0.3,0.65,0.3,0,4,0.7079488086380046,0.6,1.0,143.0,61.0,14.0,0.0979020979020979,0.2295081967213114,0.0736842105263157,0,786.0,5580552.0,-0.7977119766339881,-0.70287777031615,-0.6450552541976357,-0.4753373021122996,-0.4158474259492259,-0.4900227157654058,True,True,False,False,True,False,False,False,True,True,False,False,False,False,False,True,False,False,True,False,True,,,False,False,
Time,12,Time-12,0.0,1.0,1.0,1.0,1.0,0.0,1.0,1.0,1.0,1.0,0.0,1.0,1.0,1.0,1.0,0.0,1.0,1.0,1.0,1.0,1.2347329503167384,1.6605156181079457,0.5938245772951694,-0.4050326363866972,-0.7627101412056181,1.0134502065340265,-1.5873449837109543,-0.2020454871191189,-0.2073567129463963,-0.5251530779927517,0.4023489388231981,-0.2192296649910203,-0.3124943305803233,-0.9212604132172866,-0.673136533919824,61.63,6.63,40.04,7.1,10.2,9.7,0.9791666666666666,0.9428571428571428,2,1,0,0,0,2,4,1,1,1.697749375254331,0.3638034375544994,-0.970142500145332,-0.970142500145332,-0.970142500145332,1.697749375254331,0.3638034375544994,0.3638034375544994,-0.970142500145332,-0.970142500145332,0.3638034375544994,0.2,0.05,0.1,0,0,0.5615569802911204,0.9,2.0,481.0,120.0,33.0,0.0686070686070686,0.275,0.0580985915492957,0,315.0,5535481.0,0.0736766948591831,-0.6317818473267218,-0.0155206351181595,2.268564759054751,0.0241306525379813,-1.371056369216526,True,False,False,False,True,False,False,False,True,True,False,False,False,False,False,True,False,False,True,False,False,,,False,False,
JacksonCore,10,JacksonCore-10,1.0,0.5,0.2,1.0,0.3333333333333333,1.0,2.0,5.0,1.0,3.0,1.0,1.0,0.0,1.0,0.0,1.0,1.0,1.0,1.0,1.0,1.270456776357418,-0.4554019288379759,0.8460697022368965,-0.5249704235015392,0.4038501769199036,0.091095551007478,0.4146459595637947,-0.2020454871191189,-0.2073567129463963,1.910973700473624,-0.4635308650875505,-0.2192296649910203,-0.1809757993128989,0.3439574240136908,0.2959479588785432,-63.45,11.57,50.22,24.1,43.0,12.4,0.75,0.2152588555858309,5,5,4,5,5,5,1,5,4,0.6862435664967211,0.6862435664967211,-0.1524985703326045,0.6862435664967211,0.6862435664967211,0.6862435664967211,-0.1524985703326045,0.6862435664967211,-0.99124070716193,-2.6687249808205813,-0.1524985703326045,1.0,0.95,0.0999999999999999,-1,20,0.8097257507775505,1.0,1.0,559.0,117.0,51.0,0.0912343470483005,0.4358974358974359,0.0816,0,168.0,1595243.0,-0.7977119766339881,-0.70287777031615,-0.6450552541976357,-0.3114316480160378,-0.9700421044321876,-1.191461407023991,True,True,False,True,True,True,False,False,False,True,False,True,False,False,False,False,False,False,True,False,True,,,False,False,
Gson,6,Gson-6,0.0,1.0,0.25,0.009090909090909,0.0476190476190476,0.0,1.0,4.0,110.0,21.0,0.0,1.0,0.0,0.0,0.0,0.0,1.0,1.0,0.0,0.0,7.083962671222299,8.00826825894571,0.3551520365175369,-0.6141971486313149,0.7530246939098532,1.5017671848681005,-0.989048839743788,-0.2020454871191189,-0.2073567129463963,-0.5251530779927517,0.4023489388231981,3.1090752489635607,0.6081353882916473,-0.9212604132172866,-0.673136533919824,68.77,6.18,37.92,6.4,9.7,9.4,0.7708333333333334,0.5234657039711191,2,1,1,1,1,2,4,0,1,1.6329931618554518,0.1360827634879543,0.1360827634879543,0.1360827634879543,0.1360827634879543,1.6329931618554518,0.1360827634879543,-1.3608276348795434,-1.3608276348795434,-1.3608276348795434,0.1360827634879543,0.2,0.15,0.1,0,1,0.5226804605813258,0.4,1.0,78.0,244.0,16.0,0.2051282051282051,0.0655737704918032,0.0522875816993464,0,187.0,1212251.0,1.4678985692482571,0.4702049590094141,1.57930039988318,13.317019961099072,-0.033628561007927,-2.292964237899189,True,True,True,True,True,False,False,False,True,True,False,False,False,True,False,False,False,False,True,False,False,,,False,False,
Math,100,Math-100,1.0,1.0,1.0,1.0,0.3333333333333333,1.0,1.0,1.0,1.0,3.0,1.0,1.0,1.0,1.0,0.0,1.0,1.0,1.0,1.0,1.0,0.2599828397781948,-0.1531279935599871,0.8755970901462647,-0.5315202794212048,-0.1064125837329401,0.008135507274545,-0.3447299154714549,-0.2020454871191189,-0.2073567129463963,-0.5251530779927517,-0.4635308650875505,-0.2192296649910203,-0.1809757993128989,0.1330877844751946,0.2959479588785432,26.51,13.47,50.94,14.4,19.0,14.1,0.9375,0.8043478260869565,5,5,3,3,5,3,2,5,4,1.111873974991652,1.111873974991652,-0.5188745216627707,-0.5188745216627707,1.111873974991652,-0.5188745216627707,-0.5188745216627707,1.111873974991652,-0.5188745216627707,-2.1496230183171936,0.2964997266644406,0.8,0.8,0.2309401076758503,0,15,0.7891663385747268,0.9,1.0,197.0,86.0,25.0,0.1269035532994923,0.2906976744186046,0.0968992248062015,0,551.0,3430559.0,1.1193431006509886,1.6432876883349783,0.1890781160826703,0.374543867275725,0.3784055862777808,-0.1073521200965265,True,False,False,False,True,True,False,False,False,True,False,False,False,False,False,True,False,False,True,False,True,Critical,,False,False,
Math,45,Math-45,1.0,1.0,1.0,1.0,1.0,1.0,1.0,1.0,1.0,1.0,1.0,1.0,1.0,1.0,1.0,1.0,1.0,1.0,1.0,1.0,-0.0104975573869507,0.1491459417180017,0.6126211352548162,-0.4958141603431457,1.474022885748566,0.3737062114115848,-0.3447299154714549,-0.2020454871191189,-0.2073567129463963,-0.5251530779927517,-0.4635308650875505,-0.2192296649910203,0.0820612632219498,-0.4995211341402941,-0.673136533919824,38.52,12.67,55.17,11.8,17.5,12.6,0.7083333333333334,0.4371859296482412,4,5,2,2,3,2,3,3,3,1.2094157958139042,2.1596710639534,-0.6910947404650878,-0.6910947404650878,0.2591605276744081,-0.6910947404650878,-0.6910947404650878,0.2591605276744081,0.2591605276744081,-1.6413500086045838,0.2591605276744081,0.7,0.5,0.1154700538379251,0,6,0.9816642356739322,0.6,1.0,125.0,80.0,16.0,0.128,0.2,0.0846560846560846,1,970.0,8136581.0,0.2479544291578174,0.5768488434935564,1.0514871938301054,0.3502615481503528,0.8326675222228895,0.373537261794032,False,False,False,False,True,False,False,False,True,True,False,False,False,False,False,False,True,False,False,True,True,Minor,,False,False,java
Cli,18,Cli-18,1.0,1.0,1.0,0.5,1.0,1.0,1.0,1.0,2.0,1.0,1.0,1.0,1.0,0.0,1.0,1.0,1.0,1.0,1.0,1.0,-0.2372344940941212,-0.1531279935599871,-0.7254018775669786,-0.183645848042168,-0.4379098193951574,0.8736434684978394,-0.5748438169972881,-0.2020454871191189,-0.2073567129463963,-0.5251530779927517,-0.4635308650875505,-0.2192296649910203,-0.0494572680454745,-0.7103907736787903,-0.673136533919824,30.2,15.02,65.41,15.0,20.1,14.6,0.8333333333333334,0.6751269035532996,4,5,3,3,1,2,3,4,1,1.095445115010332,1.7648837964055353,0.4260064336151291,0.4260064336151291,-0.912870929175277,-0.2434322477800739,-0.2434322477800739,1.095445115010332,-1.58230961057048,-0.912870929175277,-0.912870929175277,0.2,0.55,0.2516611478423583,0,3,0.8733761773974517,0.6,1.0,160.0,61.0,15.0,0.09375,0.2459016393442623,0.0728155339805825,0,46.0,287090.0,0.5965098977550859,1.0034243814301251,0.638226853925912,0.4109673459637831,2.338644592475696,0.1951077173821506,False,False,False,False,True,False,False,False,True,True,False,False,False,False,False,True,False,False,True,False,True,Major,Parser,False,False,
Closure,159,Closure-159,0.0,0.0,0.0357142857142857,0.0666666666666666,0.0232558139534883,0.0,0.0,28.0,15.0,43.0,0.0,0.0,0.0,0.0,0.0,0.0,0.0,0.0,0.0,0.0,-1.0231586669890729,0.7536938122739794,0.6666377404586957,-0.1751699774155218,-1.237791208928377,-0.8582034653897069,1.5882268573455445,-0.2020454871191189,-0.2073567129463963,-0.5251530779927517,0.4023489388231981,-0.2192296649910203,-0.3124943305803233,-0.0777818550633016,0.2959479588785432,26.06,7.04,43.08,12.5,30.2,10.7,0.8541666666666666,0.702127659574468,3,3,4,3,1,1,3,2,2,0.8864052604279183,0.8864052604279183,1.772810520855837,0.8864052604279183,-0.8864052604279183,-0.8864052604279183,0.0,0.0,-1.772810520855837,-0.8864052604279183,0.0,0.1,0.5,0.2581988897471611,1,4,0.7266501545496837,0.7,1.0,408.0,156.0,43.0,0.1053921568627451,0.2756410256410256,0.0825335892514395,0,583.0,7679708.0,-0.7977119766339881,-0.70287777031615,-0.6450552541976357,-0.6028194775205034,-0.9942554810346128,1.4462904983191245,True,False,False,False,True,True,False,False,False,True,False,False,False,False,True,False,False,False,True,False,True,Medium,,False,False,
Lang,31,Lang-31,1.0,1.0,1.0,0.2,1.0,1.0,1.0,1.0,5.0,1.0,1.0,1.0,1.0,0.0,1.0,1.0,1.0,1.0,1.0,1.0,1.1858860861386662,-0.4554019288379759,1.1205409856042017,-0.6875615371111389,0.2319908443389094,0.5529726624028708,0.1845320580379615,-0.2020454871191189,-0.2073567129463963,-0.5251530779927517,-0.4635308650875505,3.1090752489635607,2.3178762947681646,-0.2886514946017978,-0.673136533919824,47.04,6.9,58.3,8.5,21.5,9.8,0.7916666666666666,0.5209580838323353,5,5,4,4,5,3,1,5,3,0.99124070716193,0.99124070716193,0.1524985703326045,0.1524985703326045,0.99124070716193,-0.6862435664967211,0.1524985703326045,0.99124070716193,-0.6862435664967211,-2.3637278401553723,-0.6862435664967211,0.8,0.9,0.1154700538379251,0,20,0.7588928940000157,0.4,1.0,915.0,113.0,42.0,0.0459016393442622,0.3716814159292035,0.0425963488843813,1,189.0,3539740.0,1.4678985692482571,-0.0630144634112968,0.9590473809567988,0.7144963350309348,-0.3080257153322637,-1.3108613753092613,False,False,False,False,True,False,False,False,True,True,False,False,False,False,False,True,False,False,True,False,True,Minor,lang.*,True,False,diff
Math,51,Math-51,0.0,0.25,0.0256410256410256,0.0714285714285714,0.25,0.0,4.0,39.0,14.0,4.0,0.0,0.0,0.0,0.0,0.0,0.0,1.0,0.0,0.0,1.0,0.1899933030454348,-0.4554019288379759,-0.2055172174714591,-0.3882978207522207,0.0619124374841446,0.1288959031368986,-0.3447299154714549,-0.2020454871191189,-0.2073567129463963,-0.5251530779927517,-0.4635308650875505,-0.2192296649910203,-0.0494572680454745,-0.0777818550633016,-0.673136533919824,8.37,15.68,60.8,17.2,24.8,16.1,0.9166666666666666,0.826086956521739,5,5,4,4,1,3,1,3,3,1.2535663410560176,1.2535663410560176,0.6267831705280088,0.6267831705280088,-1.2535663410560176,0.0,0.6267831705280088,0.0,-1.8803495115840263,-1.2535663410560176,0.0,0.3,0.6,0.282842712474619,0,4,0.8669725979636598,0.9,1.0,161.0,81.0,19.0,0.1180124223602484,0.2345679012345679,0.085201793721973,1,896.0,7539389.0,-0.100601039439451,0.1502733055569876,1.3977203464888277,0.568802420278702,0.980796414378903,0.1961290910808745,False,True,False,False,True,False,False,False,True,True,False,False,False,False,False,True,False,False,True,False,True,Major,,True,False,patch
Math,79,Math-79,0.0,0.0,0.0909090909090909,0.0169491525423728,0.0232558139534883,0.0,0.0,11.0,59.0,43.0,0.0,0.0,0.0,0.0,0.0,0.0,0.0,0.0,0.0,0.0,0.8505195559608577,-0.4554019288379759,0.8533104561672284,-0.2636264228344485,0.4038501769199036,0.4142485798932178,-0.3447299154714549,-0.0085730309901461,-0.2073567129463963,0.6929103112404362,-0.4635308650875505,-0.2192296649910203,-0.0494572680454745,-0.7103907736787903,-0.673136533919824,-29.61,9.29,47.66,19.4,36.2,11.1,0.9583333333333334,0.912885662431942,5,5,4,4,1,3,1,3,3,1.2535663410560176,1.2535663410560176,0.6267831705280088,0.6267831705280088,-1.2535663410560176,0.0,0.6267831705280088,0.0,-1.8803495115840263,-1.2535663410560176,0.0,0.3,0.6,0.282842712474619,0,4,0.8669725979636598,0.6,1.0,406.0,90.0,20.0,0.0492610837438423,0.2222222222222222,0.042016806722689,0,785.0,6272050.0,0.2479544291578174,0.5768488434935564,0.9693964302158596,0.9148254678152548,-0.9002053907768265,-0.8943501276782533,True,True,False,False,True,False,False,False,True,True,False,False,False,True,False,False,False,False,True,False,True,Major,,False,False,
Closure,22,Closure-22,0.0,1.0,0.5,0.0769230769230769,0.2,0.0,1.0,2.0,13.0,5.0,0.0,1.0,0.0,0.0,0.0,0.0,1.0,1.0,0.0,1.0,-1.0231586669890729,-0.1531279935599871,0.3398240698411817,-0.2481984781590247,0.2319908443389094,-0.2442600336109847,1.5882268573455445,-0.2020454871191189,-0.2073567129463963,-0.5251530779927517,1.2682287427339467,-0.2192296649910203,-0.3124943305803233,2.030914540321661,-0.673136533919824,-4.3,11.15,52.35,17.9,40.2,14.7,0.8958333333333334,0.7909407665505227,1,4,3,3,4,0,3,2,2,-0.99124070716193,1.5249857033260468,0.6862435664967211,0.6862435664967211,1.5249857033260468,-1.829982843991256,-0.1524985703326045,-0.1524985703326045,-0.1524985703326045,-0.99124070716193,-0.1524985703326045,0.3333333333333333,0.6,0.1632993161855452,0,12,0.7203143838523276,1.0,1.0,229.0,65.0,15.0,0.0655021834061135,0.2307692307692307,0.053763440860215,0,981.0,12663733.0,-0.7977119766339881,-0.70287777031615,-0.6450552541976357,-0.6028194775205034,-0.9942554810346128,1.4462904983191245,False,False,True,False,True,False,False,False,True,True,False,False,False,False,True,False,False,False,True,False,True,Medium,,False,False,
Closure,171,Closure-171,0.25,0.0,0.05,0.0064935064935064,0.05,4.0,0.0,20.0,154.0,20.0,0.0,0.0,0.0,0.0,0.0,1.0,0.0,0.0,0.0,0.0,-1.0231586669890729,0.1491459417180017,0.3409737021551381,0.2755358490723077,1.1096681845252594,0.4146148723275029,1.5882268573455445,-0.2020454871191189,-0.2073567129463963,-0.5251530779927517,-0.4635308650875505,-0.2192296649910203,-0.3124943305803233,-0.9212604132172866,-0.673136533919824,-22.98,10.24,41.18,18.9,50.7,11.7,0.8333333333333334,0.6625659050966608,5,5,4,4,1,3,1,4,3,1.177621523593293,1.177621523593293,0.5607721540920443,0.5607721540920443,-1.2897759544117016,-0.0560772154092043,0.5607721540920443,0.5607721540920443,-1.9066253239129505,-1.2897759544117016,-0.0560772154092043,0.3,0.65,0.3,0,4,0.7601796839783828,0.4,2.0,878.0,72.0,31.0,0.0353075170842824,0.4305555555555556,0.0337323177366702,0,951.0,12721549.0,-0.7977119766339881,-0.70287777031615,-0.6450552541976357,-0.6028194775205034,-0.9942554810346128,1.4462904983191245,False,False,False,False,True,False,False,False,True,True,False,False,False,False,True,False,False,False,True,False,True,Medium,,False,False,
Lang,19,Lang-19,0.0,1.0,0.25,0.0,0.0,0.0,1.0,4.0,0.0,0.0,0.0,1.0,0.0,0.0,0.0,0.0,1.0,1.0,0.0,0.0,0.2927904351216761,-0.1531279935599871,0.110640620839933,-0.055972459113704,-1.39301571620413,0.5260797098871659,0.1845320580379615,0.958789249654718,-0.2073567129463963,0.6929103112404362,-0.4635308650875505,3.1090752489635607,0.3450983257567985,-0.7103907736787903,-0.673136533919824,,,,,,,0.8958333333333334,0.7802197802197803,5,5,4,3,3,3,2,2,4,1.35400640077266,1.35400640077266,0.67700320038633,0.0,0.0,0.0,0.0,-0.67700320038633,-2.03100960115899,-1.35400640077266,0.67700320038633,0.3,0.6,0.1632993161855452,1,12,0.974478667740002,0.9,1.0,87.0,73.0,17.0,0.1954022988505747,0.2328767123287671,0.1188811188811188,0,213.0,3807212.0,0.2479544291578174,0.5768488434935564,0.92507814868294,0.4898848831212426,-0.9048191687894724,-0.7185832474612475,True,False,False,False,True,False,False,False,True,True,False,True,False,False,False,False,False,False,True,False,True,Minor,lang.*,False,False,
Cli,24,Cli-24,1.0,1.0,1.0,1.0,1.0,1.0,1.0,1.0,1.0,1.0,1.0,1.0,1.0,1.0,1.0,1.0,1.0,1.0,1.0,1.0,0.1375011504958648,-0.1531279935599871,-0.2277479513500944,-0.490613893597455,-0.1064125837329401,1.2493115711987897,-0.5748438169972881,-0.2020454871191189,-0.2073567129463963,1.910973700473624,-0.4635308650875505,-0.2192296649910203,-0.0494572680454745,-0.2886514946017978,0.2959479588785432,29.45,12.78,57.58,13.2,20.6,14.1,0.8958333333333334,0.7752808988764046,4,5,4,4,1,2,1,5,3,0.6055300708194983,1.2110601416389966,0.6055300708194983,0.6055300708194983,-1.2110601416389966,-0.6055300708194983,0.6055300708194983,1.2110601416389966,-1.816590212458495,-1.2110601416389966,0.0,0.2,0.7,0.3464101615137754,0,4,0.8236779753201651,0.9,1.0,254.0,85.0,25.0,0.0984251968503937,0.2941176470588235,0.0796178343949044,2,44.0,285353.0,0.9450653663523544,1.429999919366694,0.7451670296028742,0.5202377820279578,1.079549009149579,0.034956321422218,True,False,False,False,True,True,False,False,False,True,False,True,False,False,False,False,False,False,True,False,True,Major,Help formatter,True,False,patch
Closure,1,Closure-1,0.0,1.0,0.025,0.0588235294117647,0.25,0.0,1.0,40.0,17.0,4.0,0.0,1.0,0.0,0.0,0.0,0.0,1.0,0.0,0.0,1.0,-1.0231586669890729,-0.4554019288379759,1.071844637642829,0.0186066948069222,-0.4379098193951574,-1.2923161471177065,1.5882268573455445,-0.2020454871191189,-0.2073567129463963,-0.5251530779927517,0.4023489388231981,-0.2192296649910203,-0.0494572680454745,-0.7103907736787903,1.2650324516769105,1.5,9.58,50.55,15.7,33.9,12.6,0.7083333333333334,0.3672316384180791,3,4,5,5,1,4,1,4,2,0.0,0.6055300708194983,1.2110601416389966,1.2110601416389966,-1.2110601416389966,0.6055300708194983,0.6055300708194983,0.6055300708194983,-1.816590212458495,-1.2110601416389966,-0.6055300708194983,0.4,0.75,0.3785938897200182,0,5,0.8740569645331633,0.1999999999999999,1.0,455.0,179.0,59.0,0.1296703296703296,0.329608938547486,0.1026086956521739,0,992.0,12633448.0,-0.7977119766339881,-0.70287777031615,-0.6450552541976357,-0.6028194775205034,-0.9942554810346128,1.4462904983191245,False,False,False,False,True,True,False,False,False,True,False,False,False,False,True,False,False,False,True,False,True,Medium,,False,False,
Cli,30,Cli-30,1.0,0.5,0.3333333333333333,0.5,0.0769230769230769,1.0,2.0,3.0,2.0,13.0,1.0,1.0,0.0,0.0,0.0,1.0,1.0,1.0,1.0,0.0,-0.1497475731781712,-0.1531279935599871,-0.6645982840164562,-0.8400349226268817,-1.8496029254103703,0.4615506982971855,-0.5748438169972881,-0.2020454871191189,-0.2073567129463963,-0.5251530779927517,-0.4635308650875505,-0.2192296649910203,-0.0494572680454745,-0.4995211341402941,1.2650324516769105,45.09,15.02,63.4,13.4,17.8,13.7,0.6666666666666666,0.2941176470588234,4,4,4,4,1,2,3,5,3,0.8249579113843055,0.8249579113843055,0.8249579113843055,0.8249579113843055,-1.1195857368787,-0.4714045207910315,-0.4714045207910315,1.473139127471974,-1.7677669529663689,-1.1195857368787,0.176776695296637,0.2,0.7,0.3464101615137754,0,4,0.8389237094468811,0.6,2.0,258.0,63.0,19.0,0.0736434108527131,0.3015873015873015,0.0629139072847682,0,46.0,338391.0,1.8164540378455256,2.496438764208116,0.4796189529218779,0.3502615481503528,2.3534574816912968,0.010558257193947,False,False,False,False,True,True,False,False,False,True,False,False,False,False,False,True,False,False,True,False,True,Minor,Parser,False,False,
Closure,165,Closure-165,0.2,1.0,0.3333333333333333,0.0555555555555555,0.0416666666666666,5.0,1.0,3.0,18.0,24.0,0.0,1.0,0.0,0.0,0.0,1.0,1.0,1.0,0.0,0.0,-1.0231586669890729,-0.7576758641159647,-0.8254427661464773,-0.6183193662485189,0.2319908443389094,-0.2235234599300833,1.5882268573455445,-0.2020454871191189,-0.2073567129463963,-0.5251530779927517,-0.4635308650875505,-0.2192296649910203,-0.3124943305803233,-0.0777818550633016,0.2959479588785432,-52.32,13.44,70.89,23.9,57.3,15.2,0.7083333333333334,0.4031971580817052,4,5,4,4,1,2,1,2,2,0.8778086039709794,1.5215349135496974,0.8778086039709794,0.8778086039709794,-1.0533703247651751,-0.4096440151864569,0.8778086039709794,-0.4096440151864569,-1.6970966343438931,-1.0533703247651751,-0.4096440151864569,0.2,0.55,0.3,0,4,0.9507175898917982,0.9,4.0,677.0,69.0,25.0,0.0369276218611521,0.3623188405797101,0.0346740638002773,0,979.0,12600200.0,-0.7977119766339881,-0.70287777031615,-0.6450552541976357,-0.6028194775205034,-0.9942554810346128,1.4462904983191245,True,False,False,False,True,True,False,False,False,True,False,False,False,False,True,False,False,False,True,False,True,Medium,,False,False,
Compress,7,Compress-7,0.2,1.0,0.25,0.5,1.0,5.0,1.0,4.0,2.0,1.0,0.0,1.0,0.0,0.0,1.0,1.0,1.0,1.0,1.0,1.0,0.1601019383991519,-0.4554019288379759,-0.6695174928518108,-0.3828853147741619,0.0619124374841446,-0.0290658979848409,-1.1731399609644546,-0.2020454871191189,-0.2073567129463963,-0.5251530779927517,-0.4635308650875505,-0.2192296649910203,-0.0494572680454745,0.1330877844751946,-0.673136533919824,11.38,10.01,58.39,14.0,26.4,11.7,0.9583333333333334,0.8823529411764707,5,5,3,3,5,3,2,4,3,1.3356461422412562,1.3356461422412562,-0.3928371006591931,-0.3928371006591931,1.3356461422412562,-0.3928371006591931,-0.3928371006591931,0.4714045207910316,-0.3928371006591931,-2.1213203435596424,-0.3928371006591931,0.8,0.75,0.1914854215512676,0,15,0.7014919881534614,0.4,1.0,155.0,88.0,17.0,0.1096774193548387,0.1931818181818181,0.0752212389380531,4,104.0,800253.0,1.6421763035468917,0.5768488434935564,1.6006884350185726,0.4595319842145274,0.3600658186775123,-0.1452139990327061,False,False,False,False,True,False,False,False,True,True,False,False,False,False,False,True,False,False,True,False,True,Major,,False,False,"java,tar"
Closure,36,Closure-36,0.0,0.0,0.0016155088852988,0.009009009009009,0.0181818181818181,0.0,0.0,619.0,111.0,55.0,0.0,0.0,0.0,0.0,0.0,0.0,0.0,0.0,0.0,0.0,-1.0231586669890729,-0.4554019288379759,-0.6782255746845032,-0.6822772759006634,0.0619124374841446,-1.3652565514688595,1.5882268573455445,-0.2020454871191189,-0.2073567129463963,-0.5251530779927517,-0.4635308650875505,-0.2192296649910203,-0.3124943305803233,-0.4995211341402941,0.2959479588785432,-45.52,10.94,55.79,21.3,49.1,11.6,0.8125,0.5862068965517241,4,5,5,5,2,4,1,4,3,0.3950328535881702,1.0157987663695809,1.0157987663695809,1.0157987663695809,-0.8464989719746506,0.3950328535881702,0.3950328535881702,0.3950328535881702,-2.0880307975374715,-1.467264884756061,-0.2257330591932402,0.4,0.8,0.282842712474619,0,10,0.9348171594772208,0.1999999999999999,1.0,367.0,95.0,25.0,0.0681198910081744,0.2631578947368421,0.05720823798627,0,961.0,12404301.0,-0.7977119766339881,-0.70287777031615,-0.6450552541976357,-0.6028194775205034,-0.9942554810346128,1.4462904983191245,False,False,False,False,True,True,False,False,False,True,False,False,False,False,True,False,False,False,True,False,True,Medium,,False,False,
Math,86,Math-86,0.2,1.0,1.0,1.0,0.2,5.0,1.0,1.0,1.0,5.0,0.0,1.0,1.0,1.0,0.0,1.0,1.0,1.0,1.0,1.0,0.4976556415998592,-0.1531279935599871,1.0309571955219228,-1.0050233932726695,0.4038501769199036,0.7627933913276698,-0.3447299154714549,-0.2020454871191189,-0.2073567129463963,-0.5251530779927517,-0.4635308650875505,-0.2192296649910203,4.159135732512106,-0.0777818550633016,1.2650324516769105,58.62,12.21,62.36,10.3,19.1,13.0,0.7916666666666666,0.5588235294117646,4,5,4,4,4,3,1,3,2,0.6461623427559644,1.4359163172354763,0.6461623427559644,0.6461623427559644,0.6461623427559644,-0.1435916317235475,0.6461623427559644,-0.1435916317235475,-1.7230995806825713,-1.7230995806825713,-0.9333456062030594,0.4666666666666667,0.7500000000000001,0.1,0,16,0.8667849439473414,0.6,1.0,167.0,78.0,13.0,0.0778443113772455,0.1666666666666666,0.0560344827586206,0,732.0,5857777.0,0.9450653663523544,1.429999919366694,0.4312458687446945,0.568802420278702,-0.5276494707431696,-1.0023657539341138,True,True,False,False,True,True,False,False,False,True,False,False,False,False,False,True,False,False,True,False,True,Minor,,False,False,
Math,92,Math-92,0.5,1.0,1.0,0.5,0.5,2.0,1.0,1.0,2.0,2.0,0.0,1.0,1.0,0.0,0.0,1.0,1.0,1.0,1.0,1.0,0.7798009615537981,0.1491459417180017,0.9903510442977004,-0.4887935929539853,-1.6988993040710567,0.0459938088777606,-0.3447299154714549,-0.2020454871191189,-0.2073567129463963,0.6929103112404362,-0.4635308650875505,-0.2192296649910203,-0.0494572680454745,0.3439574240136908,1.2650324516769105,-7.79,11.61,46.05,17.2,25.2,12.8,0.875,0.625,5,5,4,4,5,3,1,5,4,0.9370425713316364,0.9370425713316364,0.0780868809443029,0.0780868809443029,0.9370425713316364,-0.7808688094430304,0.0780868809443029,0.9370425713316364,-0.7808688094430304,-2.498780190217697,0.0780868809443029,0.8,0.9,0.1154700538379251,0,20,0.8686838950643943,0.6,1.0,324.0,96.0,27.0,0.0833333333333333,0.28125,0.0687022900763358,2,630.0,4399964.0,0.9450653663523544,0.1502733055569876,0.6061448012228232,0.5991553191854172,0.0544970754299641,-0.8427781894712816,True,True,False,True,True,True,False,False,False,True,False,False,False,False,False,True,False,False,True,False,True,Major,,True,False,txt
Csv,2,Csv-2,0.3333333333333333,1.0,1.0,1.0,0.5,3.0,1.0,1.0,1.0,2.0,0.0,1.0,1.0,1.0,0.0,1.0,1.0,1.0,1.0,1.0,-0.1380826503893778,-0.7576758641159647,-0.8548175726430048,0.0994805669542906,0.0619124374841446,1.270817216006671,0.1845320580379615,-0.2020454871191189,-0.2073567129463963,0.6929103112404362,0.4023489388231981,-0.2192296649910203,-0.0494572680454745,-0.2886514946017978,-0.673136533919824,38.62,11.73,53.09,11.8,19.3,11.8,0.8125,0.5609756097560976,5,5,4,4,1,3,1,5,3,1.072112534837795,1.072112534837795,0.4824506406770077,0.4824506406770077,-1.2865350418053536,-0.1072112534837793,0.4824506406770077,1.072112534837795,-1.8761969359661408,-1.2865350418053536,-0.1072112534837793,0.3,0.7,0.3464101615137754,0,4,0.9118568037184352,0.6,1.0,114.0,63.0,16.0,0.1403508771929824,0.2539682539682539,0.0993788819875776,0,27.0,231787.0,2.3392872407414287,3.136302071112969,-0.0492457039974171,0.4048967661824401,0.2648401022915035,0.2033764035866035,True,True,False,False,True,False,False,False,True,True,False,True,False,False,False,False,False,False,True,False,True,Major,Parser,False,False,
Compress,40,Compress-40,1.0,1.0,1.0,1.0,1.0,1.0,1.0,1.0,1.0,1.0,1.0,1.0,1.0,1.0,1.0,1.0,1.0,1.0,1.0,1.0,0.8971792471160311,0.7536938122739794,-2.4305524800327203,1.6814923384974745,-0.1064125837329401,-0.3045111084505297,-1.1731399609644546,-0.2020454871191189,-0.2073567129463963,1.910973700473624,-0.4635308650875505,-0.2192296649910203,-0.0494572680454745,-0.2886514946017978,-0.673136533919824,33.1,8.87,46.81,11.8,23.1,11.5,0.8333333333333334,0.5000000000000001,5,5,4,4,5,3,1,5,4,0.9370425713316364,0.9370425713316364,0.0780868809443029,0.0780868809443029,0.9370425713316364,-0.7808688094430304,0.0780868809443029,0.9370425713316364,-0.7808688094430304,-2.498780190217697,0.0780868809443029,0.8,0.9,0.1154700538379251,0,20,0.9694418734903903,0.6,1.0,107.0,80.0,27.0,0.2523364485981308,0.3375,0.16875,0,266.0,2082835.0,0.0736766948591831,0.363561074525272,1.2798679079876858,0.6841434361242197,0.8326675222228895,-0.7288091674627867,True,True,False,False,True,False,False,False,True,True,False,False,False,False,False,True,False,False,True,False,True,Major,Compressors,False,False,
Jsoup,35,Jsoup-35,1.0,0.0,0.0,0.0131578947368421,0.25,1.0,0.0,0.0,76.0,4.0,1.0,0.0,0.0,0.0,0.0,1.0,0.0,0.0,0.0,1.0,-0.2933719350151892,-0.7576758641159647,-1.0178885100174977,1.4155193596171691,0.0619124374841446,-0.7908935243685873,-0.5748438169972881,-0.2020454871191189,-0.2073567129463963,-0.5251530779927517,-0.4635308650875505,-0.2192296649910203,-0.1809757993128989,-0.0777818550633016,0.2959479588785432,27.28,10.75,59.71,12.0,26.1,11.8,0.8541666666666666,0.6769230769230768,5,5,5,4,1,5,1,3,3,0.9798501839458535,0.9798501839458535,0.9798501839458535,0.4125684985035172,-1.289276557823492,0.9798501839458535,0.4125684985035172,-0.1547131869388191,-1.8565582432658283,-1.289276557823492,-0.1547131869388191,0.5,0.65,0.3415650255319866,1,5,0.9113998843820788,0.5,1.0,336.0,53.0,19.0,0.056547619047619,0.3584905660377358,0.0513513513513513,0,80.0,687598.0,-0.7977119766339881,-0.70287777031615,-0.6450552541976357,-0.4692667223309566,-0.02648005228199,-1.1239714158630112,True,False,False,False,True,True,False,False,False,True,False,False,False,False,False,True,False,False,True,False,True,,,False,False,
Jsoup,21,Jsoup-21,0.5,0.3333333333333333,0.0175438596491228,0.0769230769230769,0.0555555555555555,2.0,3.0,57.0,13.0,18.0,0.0,0.0,0.0,0.0,0.0,1.0,1.0,0.0,0.0,0.0,-0.1898457452646483,0.1491459417180017,0.8597061438110598,-0.5320647113544261,1.474022885748566,0.9087210252961254,-0.5748438169972881,-0.2020454871191189,-0.2073567129463963,0.6929103112404362,0.4023489388231981,-0.2192296649910203,-0.3124943305803233,-0.2886514946017978,1.2650324516769105,30.16,13.41,52.41,13.0,16.9,13.8,0.9583333333333334,0.873684210526316,5,5,3,3,5,3,1,5,4,1.0493443645942062,1.0493443645942062,-0.599625351196689,-0.599625351196689,1.0493443645942062,-0.599625351196689,0.2248595066987586,1.0493443645942062,-0.599625351196689,-2.2485950669875843,0.2248595066987586,0.8,0.8,0.2309401076758503,0,15,0.8499669295206326,0.9,2.0,125.0,83.0,14.0,0.112,0.1686746987951807,0.0721649484536082,0,74.0,675062.0,-0.7977119766339881,-0.70287777031615,-0.6450552541976357,-0.5906783179578173,0.4984279706913713,-0.2052707725176807,True,False,False,False,True,True,False,False,False,True,False,False,False,False,False,True,False,False,True,False,True,,,False,False,
Math,7,Math-7,0.1111111111111111,0.5,1.0,0.5,0.2,9.0,2.0,1.0,2.0,5.0,0.0,0.0,1.0,0.0,0.0,0.0,1.0,1.0,1.0,1.0,0.3226817997679591,1.9627895533859343,0.9604717443683644,-0.58879377978896,-0.9226620584791106,0.9183636435164853,-0.3447299154714549,-0.2020454871191189,-0.2073567129463963,-0.5251530779927517,0.4023489388231981,-0.2192296649910203,-0.0494572680454745,0.1330877844751946,1.2650324516769105,49.35,12.57,53.31,11.8,16.1,12.7,0.8541666666666666,0.7073170731707316,2,3,3,3,3,1,4,2,2,-0.0912870929175276,0.9128709291752768,0.9128709291752768,0.9128709291752768,0.9128709291752768,-1.095445115010332,-1.095445115010332,-0.0912870929175276,0.9128709291752768,-2.0996031371031365,-0.0912870929175276,0.6,0.5499999999999999,0.0999999999999999,0,9,0.8250135626315571,0.8,1.0,254.0,100.0,27.0,0.1062992125984252,0.27,0.0825688073394495,1,1223.0,11308688.0,1.99073177214416,2.7097265331764,0.2407500947726007,0.374543867275725,1.3264304960762685,-0.4224403552088843,False,False,False,False,True,True,False,False,False,True,False,False,False,False,False,True,False,False,True,False,False,Critical,,True,False,patch
Mockito,20,Mockito-20,0.0,0.0,0.0285714285714285,0.0070921985815602,0.0,0.0,0.0,35.0,141.0,0.0,0.0,0.0,0.0,0.0,0.0,0.0,0.0,0.0,0.0,0.0,1.6386309018787075,2.869611359219901,0.7727729335784357,-0.1990597335582499,-1.081014456579866,1.807826996616664,-0.989048839743788,-0.2020454871191189,-0.2073567129463963,-0.5251530779927517,-0.4635308650875505,-0.2192296649910203,-0.3124943305803233,2.241784179860157,1.2650324516769105,22.0,11.27,55.62,14.0,22.2,14.2,0.7291666666666666,0.4675767918088735,1,3,2,1,3,2,4,3,3,-0.7954951288348658,1.1490485194281397,0.1767766952966369,-0.7954951288348658,1.1490485194281397,0.1767766952966369,-0.7954951288348658,1.1490485194281397,-0.7954951288348658,-1.7677669529663689,1.1490485194281397,0.3666666666666667,0.45,0.1914854215512676,1,6,0.7132395267013731,0.9,1.0,100.0,142.0,11.0,0.11,0.0774647887323943,0.0476190476190476,0,926.0,3290966.0,-0.7977119766339881,-0.70287777031615,-0.6450552541976357,-0.1293142545757467,0.4870334405255241,-1.2812359398914226,False,True,False,False,True,True,False,False,False,True,False,False,False,False,True,False,False,False,True,False,False,,,False,False,
Mockito,34,Mockito-34,0.0,0.0,0.0,0.0023980815347721,0.0333333333333333,0.0,0.0,0.0,417.0,30.0,0.0,0.0,0.0,0.0,0.0,0.0,0.0,0.0,0.0,0.0,-1.0231586669890729,-0.7576758641159647,-2.430552480033038,4.163331944642799,0.9303979192957068,-4.097795444638771,-1.8864930556945376,-0.2020454871191189,-0.2073567129463963,-0.5251530779927517,-0.4635308650875505,-0.2192296649910203,-0.3124943305803233,-0.4995211341402941,0.2959479588785432,49.30569828230023,9.382823002240478,35.1075429424944,8.350485436893205,13.574720279720282,9.466822959209589,0.9791666666666666,0.877551020408163,0,0,0,0,0,0,4,0,0,-0.3162277660168379,-0.3162277660168379,-0.3162277660168379,-0.3162277660168379,-0.3162277660168379,-0.3162277660168379,3.1622776601683795,-0.3162277660168379,-0.3162277660168379,-0.3162277660168379,-0.3162277660168379,0.0,0.0,0.0,0,0,0.9264253169834789,1.0,1.0,65.0,41.0,7.0,0.1076923076923077,0.1707317073170731,0.0707070707070707,0,598.0,2418037.0,-0.9719897109326224,-0.9161655392844344,-0.6450552541976357,-0.6028194775205034,-0.9942554810346128,1.4462904983191245,True,True,False,True,True,True,False,False,False,True,False,False,False,False,True,False,False,False,True,False,False,Medium,,False,False,
Mockito,30,Mockito-30,0.3333333333333333,0.0,0.1428571428571428,0.0079365079365079,0.0,3.0,0.0,7.0,126.0,0.0,0.0,0.0,0.0,0.0,0.0,1.0,0.0,0.0,0.0,0.0,-1.0231586669890729,-0.7576758641159647,-2.430552480033038,4.163331944642799,0.9303979192957068,-4.097795444638771,-1.8864930556945376,-0.2020454871191189,-0.2073567129463963,-0.5251530779927517,-0.4635308650875505,-0.2192296649910203,-0.3124943305803233,1.187435982167676,0.2959479588785432,60.23823529411766,13.187301587301588,46.6937441643324,10.287226890756305,12.525238095238096,12.031772070788634,0.9375,0.7333333333333335,0,0,1,0,1,0,4,0,0,-0.6123724356957945,-0.6123724356957945,1.632993161855452,-0.6123724356957945,1.632993161855452,-0.6123724356957945,1.632993161855452,-0.6123724356957945,-0.6123724356957945,-0.6123724356957945,-0.6123724356957945,0.0,0.1,0.1154700538379251,1,1,0.6015551623380972,1.0,2.0,338.0,55.0,25.0,0.0739644970414201,0.4545454545454545,0.0679347826086956,0,680.0,2602552.0,-0.9719897109326224,-0.9161655392844344,-0.6450552541976357,-0.6028194775205034,-0.9942554810346128,1.4462904983191245,False,False,False,False,True,True,False,False,False,True,False,False,False,False,True,False,False,False,True,False,False,High,,False,False,
Mockito,24,Mockito-24,0.0,0.0,0.0112359550561797,0.0084745762711864,0.0025252525252525,0.0,0.0,89.0,118.0,396.0,0.0,0.0,0.0,0.0,0.0,0.0,0.0,0.0,0.0,0.0,-1.0231586669890729,-0.7576758641159647,-2.430552480033038,4.163331944642799,0.9303979192957068,-4.097795444638771,-1.8864930556945376,-0.2020454871191189,-0.2073567129463963,-0.5251530779927517,-0.4635308650875505,-0.2192296649910203,-0.3124943305803233,-0.2886514946017978,-0.673136533919824,33.640576923076935,10.6,44.96153846153846,10.18192307692308,14.85826086956522,9.642632912329528,0.9375,0.6949152542372882,0,0,0,0,1,0,4,0,0,-0.4714045207910317,-0.4714045207910317,-0.4714045207910317,-0.4714045207910317,2.1213203435596424,-0.4714045207910317,2.1213203435596424,-0.4714045207910317,-0.4714045207910317,-0.4714045207910317,-0.4714045207910317,0.0,0.05,0.1,0,0,0.5201672987207322,1.0,1.0,88.0,39.0,11.0,0.125,0.282051282051282,0.0948275862068965,0,821.0,3100769.0,-0.9719897109326224,-0.9161655392844344,-0.6450552541976357,-0.6028194775205034,-0.9942554810346128,1.4462904983191245,False,True,False,False,True,False,False,False,True,True,False,False,False,False,True,False,False,False,True,False,False,Medium,,False,False,
Mockito,18,Mockito-18,1.0,1.0,0.0555555555555555,0.0303030303030303,0.0,1.0,1.0,18.0,33.0,0.0,1.0,1.0,0.0,0.0,0.0,1.0,1.0,0.0,0.0,0.0,-0.5157345256765623,-0.7576758641159647,-0.2892915746995299,-0.3777841831263924,-0.4379098193951574,0.9424035121953146,-0.989048839743788,-0.2020454871191189,-0.2073567129463963,-0.5251530779927517,-0.4635308650875505,-0.2192296649910203,-0.3124943305803233,-0.4995211341402941,1.2650324516769105,9.14,13.06,47.99,14.8,22.4,13.3,0.9166666666666666,0.7798165137614679,0,1,1,3,1,0,3,1,0,-0.8741572761215378,0.1942571724714527,0.1942571724714527,2.331086069657434,0.1942571724714527,-0.8741572761215378,1.2626716210644433,0.1942571724714527,-0.8741572761215378,-0.8741572761215378,-0.8741572761215378,0.0,0.3,0.1999999999999999,-2,1,0.8413444939020971,1.0,1.0,92.0,45.0,8.0,0.0869565217391304,0.1777777777777777,0.0620155038759689,0,931.0,3283180.0,-0.7977119766339881,-0.70287777031615,-0.6450552541976357,-0.5785371583951312,0.042646764057483,0.3686050630054109,False,False,False,False,True,True,False,False,False,True,False,False,True,False,False,False,False,False,True,False,False,,,False,False,
Math,3,Math-3,0.25,1.0,1.0,0.3333333333333333,1.0,4.0,1.0,1.0,3.0,1.0,0.0,1.0,1.0,0.0,1.0,1.0,1.0,1.0,1.0,1.0,-0.1803679954987537,-0.1531279935599871,-0.8968848848545979,-0.0502599342802083,0.9303979192957068,0.61219867865856,-0.3447299154714549,-0.2020454871191189,-0.2073567129463963,1.910973700473624,-0.4635308650875505,-0.2192296649910203,-0.0494572680454745,-0.4995211341402941,0.2959479588785432,32.6,11.77,48.72,12.0,18.4,12.0,0.9166666666666666,0.7894736842105262,5,5,3,3,5,3,3,4,2,1.34350288425444,1.34350288425444,-0.2121320343559644,-0.2121320343559644,1.34350288425444,-0.2121320343559644,-0.9899494936611666,0.5656854249492378,-0.2121320343559644,-1.7677669529663689,-0.9899494936611666,0.8,0.75,0.1914854215512676,0,15,0.7505615203642622,0.9,1.0,521.0,58.0,19.0,0.036468330134357,0.3275862068965517,0.0339285714285714,0,1274.0,11663924.0,0.2479544291578174,-0.2763022323795812,0.92507814868294,0.3563321279316959,1.104237157842248,0.3063779530460602,True,False,False,False,True,True,False,False,False,True,False,True,False,False,False,False,False,False,True,False,True,Major,,False,False,
Jsoup,25,Jsoup-25,0.5,0.0,0.5,1.0,1.0,2.0,0.0,2.0,1.0,1.0,0.0,0.0,0.0,1.0,1.0,1.0,0.0,1.0,1.0,1.0,-0.4683457768470893,-0.7576758641159647,-1.3200430747791372,0.8149535290404363,0.5775185551070113,-0.1381014050989424,-0.5748438169972881,-0.2020454871191189,-0.2073567129463963,-0.5251530779927517,0.4023489388231981,-0.2192296649910203,-0.3124943305803233,-0.9212604132172866,0.2959479588785432,-0.6,25.79,89.16,24.8,37.4,0.0,0.8541666666666666,0.7073170731707316,5,3,1,1,5,3,4,1,3,1.636564679150991,0.3950328535881702,-0.8464989719746506,-0.8464989719746506,1.636564679150991,0.3950328535881702,-0.8464989719746506,-0.8464989719746506,0.3950328535881702,-1.467264884756061,0.3950328535881702,0.8,0.3999999999999999,0.4,0,5,0.6009599094555074,0.4,1.0,167.0,45.0,15.0,0.0898203592814371,0.3333333333333333,0.0761421319796954,0,75.0,613830.0,-0.7977119766339881,-0.70287777031615,-0.6450552541976357,-0.5846077381764743,5.30122243559597,0.156059815207854,False,False,False,False,True,True,False,False,False,True,False,False,False,False,False,True,False,False,True,False,False,,,False,False,
Jsoup,31,Jsoup-31,0.0,0.5,0.0,0.0144927536231884,0.0256410256410256,0.0,2.0,0.0,69.0,39.0,0.0,0.0,0.0,0.0,0.0,0.0,1.0,0.0,0.0,0.0,-0.383046028954038,-0.4554019288379759,-2.430552480032933,0.9658789650635454,0.2319908443389094,-0.655313526331831,-0.5748438169972881,-0.2020454871191189,-0.2073567129463963,-0.5251530779927517,-0.4635308650875505,-0.2192296649910203,0.2135797944893742,-0.0777818550633016,0.2959479588785432,10.26,10.95,65.98,14.4,28.9,13.6,0.9166666666666666,0.8128654970760233,4,5,5,5,1,4,1,4,3,0.425195202762187,1.0098386065601943,1.0098386065601943,1.0098386065601943,-1.3287350086318348,0.425195202762187,0.425195202762187,0.425195202762187,-1.913378412429842,-1.3287350086318348,-0.1594482010358202,0.4,0.75,0.3785938897200182,0,5,0.8544444867010235,0.1999999999999999,3.0,208.0,44.0,10.0,0.048076923076923,0.2272727272727272,0.0413223140495867,0,77.0,636212.0,-0.7977119766339881,-0.70287777031615,-0.6450552541976357,-0.4389138234242414,-0.5063014833442148,-0.8914334415399393,False,False,False,False,True,True,False,False,False,True,False,False,False,False,False,True,False,False,True,False,True,,,False,False,
Jsoup,19,Jsoup-19,1.0,1.0,1.0,0.3333333333333333,0.0,1.0,1.0,1.0,3.0,0.0,1.0,1.0,1.0,0.0,0.0,1.0,1.0,1.0,1.0,0.0,-0.3356572801245651,0.1491459417180017,0.7048411820293518,-0.9979978691286134,-0.7627101412056181,0.5773417428045355,-0.5748438169972881,-0.2020454871191189,-0.2073567129463963,-0.5251530779927517,-0.4635308650875505,-0.2192296649910203,-0.3124943305803233,0.9765663426291796,-0.673136533919824,35.57,14.2,54.31,12.9,18.3,15.0,0.7291666666666666,0.2972972972972971,0,1,0,0,1,0,4,0,1,-0.7559289460184545,1.3228756555322954,-0.7559289460184545,-0.7559289460184545,1.3228756555322954,-0.7559289460184545,1.3228756555322954,-0.7559289460184545,-0.7559289460184545,-0.7559289460184545,1.3228756555322954,0.0,0.05,0.1,0,0,0.804378381030951,1.0,1.0,226.0,76.0,15.0,0.0663716814159292,0.1973684210526315,0.0522648083623693,0,69.0,641322.0,-0.7977119766339881,-0.70287777031615,-0.6450552541976357,-0.554254839269759,1.41812933407761,0.3496983009823636,False,False,False,False,True,False,False,False,True,True,False,False,False,False,False,True,False,False,True,False,False,,,False,False,
Math,96,Math-96,1.0,0.5,0.3333333333333333,0.25,0.5,1.0,2.0,3.0,4.0,2.0,1.0,1.0,0.0,0.0,0.0,1.0,1.0,1.0,1.0,1.0,0.8651007094468495,-0.4554019288379759,0.7887191832158178,0.0519249197445044,-0.7627101412056181,-0.1669369438301365,-0.3447299154714549,-0.2020454871191189,-0.2073567129463963,-0.5251530779927517,-0.4635308650875505,-0.2192296649910203,0.3450983257567985,0.1330877844751946,0.2959479588785432,49.41,7.75,50.84,9.7,23.9,10.8,0.9375,0.7857142857142857,5,5,4,4,5,3,2,5,3,1.0493443645942062,1.0493443645942062,0.2248595066987586,0.2248595066987586,1.0493443645942062,-0.599625351196689,-0.599625351196689,1.0493443645942062,-0.599625351196689,-2.2485950669875843,-0.599625351196689,0.8,0.9,0.1154700538379251,0,20,0.7492089510946363,0.9,1.0,232.0,93.0,18.0,0.0775862068965517,0.1935483870967742,0.0586319218241042,0,585.0,3734945.0,1.2936208349496228,1.856575457303263,0.5609207028341319,0.7205669148122779,-0.5257547988667556,-0.8845922008996122,False,True,False,False,True,True,False,False,False,True,False,False,False,False,False,True,False,False,True,False,True,Minor,,False,False,
Math,82,Math-82,0.0,1.0,0.25,0.2,0.0,0.0,1.0,4.0,5.0,0.0,0.0,1.0,0.0,0.0,0.0,0.0,1.0,1.0,1.0,0.0,1.1734921056755734,-0.7576758641159647,0.7068136001627447,-0.2725797641418103,0.0619124374841446,1.363283292492914,-0.3447299154714549,-0.2020454871191189,-0.2073567129463963,-0.5251530779927517,-0.4635308650875505,-0.2192296649910203,0.4766168570242229,2.241784179860157,0.2959479588785432,45.12,8.59,44.9,9.3,18.6,10.9,0.875,0.7272727272727273,5,5,4,4,1,3,1,5,3,1.072112534837795,1.072112534837795,0.4824506406770077,0.4824506406770077,-1.2865350418053536,-0.1072112534837793,0.4824506406770077,1.072112534837795,-1.8761969359661408,-1.2865350418053536,-0.1072112534837793,0.3,0.7,0.3464101615137754,0,4,0.9118568037184352,0.4,1.0,153.0,103.0,25.0,0.1633986928104575,0.2427184466019417,0.1082251082251082,3,779.0,6204018.0,0.5965098977550859,1.0034243814301251,1.5428355530949702,1.0362370634421156,0.074068044211789,-1.5075404230857905,False,False,False,False,True,True,False,False,False,True,False,False,False,False,False,True,False,False,True,False,True,Major,,True,True,patch
Compress,44,Compress-44,0.125,1.0,0.3333333333333333,1.0,1.0,8.0,1.0,3.0,1.0,1.0,0.0,1.0,0.0,1.0,1.0,0.0,1.0,1.0,1.0,1.0,0.2023872835085277,-0.7576758641159647,-1.412435397307935,0.6686901463041218,-0.2730111944760022,0.3145821941683426,0.1845320580379615,-0.2020454871191189,-0.2073567129463963,1.910973700473624,-0.4635308650875505,-0.2192296649910203,-0.1809757993128989,-0.9212604132172866,0.2959479588785432,-4.3,12.48,59.16,17.9,29.4,14.1,0.9791666666666666,0.9581881533101044,5,5,4,2,1,3,2,1,1,1.582079704210945,1.582079704210945,0.9819805060619656,-0.2182178902359924,-0.8183170883849715,0.3818813079129866,0.3818813079129866,-0.8183170883849715,-1.4184162865339505,-0.8183170883849715,-0.8183170883849715,0.3,0.4,0.282842712474619,2,4,0.9898931292884988,0.6,1.0,85.0,68.0,12.0,0.1411764705882353,0.1764705882352941,0.0851063829787234,0,323.0,2513335.0,0.4222321634564516,0.7901366124618407,0.3763325461455961,0.7144963350309348,1.52393568561762,-0.4133245949477721,True,True,False,False,True,True,False,False,False,True,False,False,False,True,False,False,False,False,True,False,True,Minor,,False,False,
Csv,6,Csv-6,1.0,1.0,1.0,0.5,0.5,1.0,1.0,1.0,2.0,2.0,1.0,1.0,1.0,0.0,0.0,1.0,1.0,1.0,1.0,1.0,-0.104545997371597,-0.1531279935599871,-0.7694202226422381,0.3421640076483737,0.4038501769199036,1.3329785291384737,0.1845320580379615,-0.2020454871191189,-0.2073567129463963,0.6929103112404362,0.4023489388231981,-0.2192296649910203,-0.1809757993128989,-0.4995211341402941,-0.673136533919824,39.63,11.71,50.81,11.4,19.6,11.2,0.9375,0.8686131386861313,5,5,4,3,2,3,2,3,3,1.4488638132020375,1.4488638132020375,0.7559289460184544,0.0629940788348711,-0.6299407883487121,0.0629940788348711,0.0629940788348711,0.0629940788348711,-2.0158105227158787,-1.3228756555322954,0.0629940788348711,0.3,0.6,0.1632993161855452,1,8,0.9205312008685458,0.6,1.0,132.0,62.0,16.0,0.1212121212121212,0.2580645161290322,0.0898876404494382,0,25.0,238395.0,1.2936208349496228,0.363561074525272,0.5325447979627962,0.3988261864010971,0.2648401022915035,0.336545770879374,True,True,False,False,True,False,False,False,True,True,False,True,False,False,False,False,False,False,True,False,True,Major,Parser,False,False,
Math,55,Math-55,0.5,1.0,1.0,1.0,0.5,2.0,1.0,1.0,1.0,2.0,0.0,1.0,1.0,1.0,0.0,1.0,1.0,1.0,1.0,1.0,-0.0316402299416386,-0.4554019288379759,-0.7486634809128085,0.1262553346921636,0.0619124374841446,0.3938757609069089,-0.3447299154714549,-0.2020454871191189,-0.2073567129463963,-0.5251530779927517,-0.4635308650875505,-0.2192296649910203,0.6081353882916473,-0.2886514946017978,0.2959479588785432,39.74,11.31,53.49,11.3,17.3,12.2,0.9791666666666666,0.9344262295081966,5,5,4,4,5,3,1,5,3,0.99124070716193,0.99124070716193,0.1524985703326045,0.1524985703326045,0.99124070716193,-0.6862435664967211,0.1524985703326045,0.99124070716193,-0.6862435664967211,-2.3637278401553723,-0.6862435664967211,0.8,0.9,0.1154700538379251,0,20,0.7588928940000157,0.4,1.0,219.0,66.0,11.0,0.0502283105022831,0.1666666666666666,0.0401459854014598,0,798.0,6536409.0,0.7707876320537201,0.0436294210728453,0.982522053666376,0.4716731437772135,-0.0956068686214631,-0.0926643222333534,False,False,False,False,True,True,False,False,False,True,False,False,False,False,False,True,False,False,True,False,True,Major,,False,False,
Lang,35,Lang-35,0.25,1.0,0.5,0.5,0.0,4.0,1.0,2.0,2.0,0.0,0.0,1.0,0.0,0.0,0.0,1.0,1.0,1.0,1.0,0.0,0.1207328239869743,0.4514198769959905,0.8096799304718025,-0.0653702861510185,0.5775185551070113,0.997524213838611,0.1845320580379615,-0.2020454871191189,-0.2073567129463963,1.910973700473624,-0.4635308650875505,-0.2192296649910203,-0.1809757993128989,0.1330877844751946,1.2650324516769105,38.32,11.65,53.65,11.9,16.0,13.3,0.8125,0.5481171548117155,4,5,4,4,5,2,1,5,3,0.2964997266644406,1.111873974991652,0.2964997266644406,0.2964997266644406,1.111873974991652,-1.334248769989982,0.2964997266644406,1.111873974991652,-0.5188745216627707,-2.1496230183171936,-0.5188745216627707,0.7,0.9,0.1154700538379251,0,20,0.889924317000723,0.9,1.0,363.0,82.0,33.0,0.0909090909090909,0.4024390243902439,0.0800970873786407,0,182.0,3413584.0,1.2936208349496228,0.363561074525272,0.3660154976572806,0.4959554629025856,1.079549009149579,0.034956321422218,True,False,False,False,True,True,False,False,False,True,False,True,False,False,False,False,False,False,True,False,True,Major,lang.*,False,False,
Closure,149,Closure-149,0.5,0.2,0.0833333333333333,0.125,0.1666666666666666,2.0,5.0,12.0,8.0,6.0,0.0,0.0,0.0,0.0,0.0,1.0,1.0,0.0,0.0,0.0,-1.0231586669890729,1.6605156181079457,0.4178530505578525,0.0427460911507796,-1.6988993040710567,-0.1985652619050586,1.5882268573455445,-0.2020454871191189,-0.2073567129463963,-0.5251530779927517,0.4023489388231981,3.1090752489635607,-0.3124943305803233,-0.0777818550633016,0.2959479588785432,34.83,7.56,44.71,11.2,25.7,10.7,0.7083333333333334,0.353846153846154,1,1,1,3,1,1,3,0,0,0.1010152544552211,0.1010152544552211,0.1010152544552211,2.3233508524700848,0.1010152544552211,0.1010152544552211,1.212183053462653,-1.0101525445522108,-1.0101525445522108,-1.0101525445522108,-1.0101525445522108,0.1,0.25,0.2516611478423583,-2,1,0.7400832727245459,0.8,4.0,1167.0,239.0,111.0,0.0951156812339331,0.4644351464435146,0.0857142857142857,0,526.0,6536345.0,-0.7977119766339881,-0.70287777031615,-0.6450552541976357,-0.6028194775205034,-0.9942554810346128,1.4462904983191245,False,False,False,False,True,True,False,False,False,True,False,False,False,False,True,False,False,False,True,False,False,Medium,,False,False,
Lang,21,Lang-21,1.0,1.0,1.0,1.0,1.0,1.0,1.0,1.0,1.0,1.0,1.0,1.0,1.0,1.0,1.0,1.0,1.0,1.0,1.0,1.0,0.0303296723738259,-0.4554019288379759,0.5691547290712463,0.0587338787610104,-0.6011343465993985,-0.5400582329852179,-1.5873449837109543,-0.2020454871191189,-0.2073567129463963,-0.5251530779927517,-0.4635308650875505,-0.2192296649910203,0.2135797944893742,-0.7103907736787903,-0.673136533919824,26.88,9.15,52.94,12.1,22.0,11.8,1.0,1.0,5,5,4,4,5,3,1,4,3,1.12089707663561,1.12089707663561,0.2401922307076309,0.2401922307076309,1.12089707663561,-0.6405126152203484,0.2401922307076309,0.2401922307076309,-0.6405126152203484,-2.401922307076307,-0.6405126152203484,0.8,0.8500000000000001,0.0999999999999999,0,20,0.7372834990877357,0.4,1.0,421.0,59.0,26.0,0.0617577197149643,0.4406779661016949,0.0572687224669603,0,206.0,3738028.0,0.5965098977550859,-0.0630144634112968,0.8056114767246355,0.4595319842145274,-0.5745569532592407,-0.1580833076366292,False,False,False,False,True,False,False,False,True,True,False,False,False,False,False,True,False,False,True,False,True,Major,lang.time.*,False,False,
Math,41,Math-41,1.0,1.0,0.25,0.5,0.5,1.0,1.0,4.0,2.0,2.0,1.0,1.0,0.0,0.0,0.0,1.0,1.0,1.0,1.0,1.0,0.0580338639972101,-0.7576758641159647,1.1736663721255205,-0.8213930180768466,1.474022885748566,0.7980519622550292,-0.3447299154714549,-0.2020454871191189,-0.2073567129463963,-0.5251530779927517,-0.4635308650875505,-0.2192296649910203,0.2135797944893742,-0.2886514946017978,-0.673136533919824,51.24,9.24,45.17,9.0,15.1,9.7,0.8125,0.625,4,5,1,3,1,2,2,4,3,1.0157987663695809,1.636564679150991,-0.8464989719746506,0.3950328535881702,-0.8464989719746506,-0.2257330591932402,0.3950328535881702,1.0157987663695809,-1.467264884756061,-1.467264884756061,0.3950328535881702,0.2,0.45,0.3,-2,1,0.985196148690219,0.6,1.0,263.0,89.0,29.0,0.1102661596958174,0.3258426966292135,0.0897832817337461,1,976.0,8384008.0,1.1193431006509886,0.2569171900411298,0.6061448012228232,0.4291790853078123,-0.2068334753631716,0.2185475973288183,False,False,False,False,True,False,False,False,True,True,False,False,False,False,False,True,False,False,True,False,False,Major,,True,False,patch
Math,104,Math-104,1.0,0.0,1.0,1.0,1.0,1.0,0.0,1.0,1.0,1.0,1.0,0.0,1.0,1.0,1.0,1.0,0.0,1.0,1.0,1.0,-0.0586153638907232,-0.7576758641159647,0.7422596350014831,-0.7365002090597447,0.9303979192957068,-0.0911361704104358,-0.5748438169972881,-0.2020454871191189,-0.2073567129463963,-0.5251530779927517,-0.4635308650875505,-0.2192296649910203,-0.0494572680454745,-0.7103907736787903,0.2959479588785432,47.18,10.4,52.9,10.6,15.2,11.0,0.875,0.7338262476894639,4,4,1,1,5,2,3,3,3,1.0119288512538815,1.0119288512538815,-1.075174404457249,-1.075174404457249,1.707629936490925,-0.3794733192202055,-0.3794733192202055,0.316227766016838,0.316227766016838,-1.7708754896942926,0.316227766016838,0.7,0.5,0.3829708431025352,0,5,0.5891156998988516,0.6,1.0,155.0,69.0,13.0,0.0838709677419354,0.1884057971014492,0.0616113744075829,1,532.0,3149368.0,0.4222321634564516,0.7901366124618407,1.111014999024061,0.3441909683690098,0.8820438196082272,0.1067262954095812,False,False,False,False,True,True,False,False,False,True,False,False,False,False,False,True,False,False,True,False,False,Minor,,True,False,patch
Math,69,Math-69,0.0,1.0,1.0,1.0,0.5,0.0,1.0,1.0,1.0,2.0,0.0,1.0,1.0,1.0,0.0,0.0,1.0,1.0,1.0,1.0,0.4116268360325083,0.1491459417180017,0.3583572408508932,-0.0668099080184696,0.0619124374841446,0.2178458951010043,-0.3447299154714549,-0.2020454871191189,-0.2073567129463963,-0.5251530779927517,-0.4635308650875505,-0.2192296649910203,0.8711724508264961,-0.0777818550633016,-0.673136533919824,16.39,10.33,46.72,14.1,18.8,11.5,0.9375,0.817258883248731,5,5,3,3,5,4,2,5,3,1.111873974991652,1.111873974991652,-0.5188745216627707,-0.5188745216627707,1.111873974991652,0.2964997266644406,-0.5188745216627707,1.111873974991652,-0.5188745216627707,-2.1496230183171936,-0.5188745216627707,0.9,0.8,0.2309401076758503,0,15,0.839545327787725,0.1999999999999999,1.0,183.0,83.0,15.0,0.081967213114754,0.180722891566265,0.0597609561752988,0,685.0,5986332.0,0.7707876320537201,0.0436294210728453,0.3362781226027242,0.4352496650891553,0.2426207684681015,-0.869996073755562,False,False,False,False,True,False,False,False,True,True,False,False,False,False,False,True,False,False,True,False,True,Major,,False,False,
Closure,32,Closure-32,0.0,1.0,1.0,0.1111111111111111,0.025,0.0,1.0,1.0,9.0,40.0,0.0,1.0,1.0,0.0,0.0,0.0,1.0,1.0,0.0,0.0,-1.0231586669890729,-0.7576758641159647,-0.7188086497106959,-0.2178780985825855,-1.237791208928377,0.2459296442146865,1.5882268573455445,-0.2020454871191189,-0.2073567129463963,-0.5251530779927517,-0.4635308650875505,-0.2192296649910203,-0.3124943305803233,-0.4995211341402941,-0.673136533919824,-54.89,9.57,50.66,22.9,59.5,11.7,0.875,0.7478108581436077,2,4,3,3,1,0,3,2,1,0.2248595066987584,1.8738292224896531,1.049344364594206,1.049344364594206,-0.5996253511966891,-1.4241102090921367,0.2248595066987584,0.2248595066987584,-1.4241102090921367,-0.5996253511966891,-0.5996253511966891,0.0,0.4499999999999999,0.1914854215512676,0,3,0.9736582478467876,1.0,1.0,538.0,49.0,18.0,0.0334572490706319,0.3673469387755102,0.031634446397188,0,974.0,12515766.0,-0.7977119766339881,-0.70287777031615,-0.6450552541976357,-0.6028194775205034,-0.9942554810346128,1.4462904983191245,False,False,False,False,True,False,False,False,True,True,False,False,False,False,True,False,False,False,True,False,True,Medium,,False,False,
Compress,3,Compress-3,0.5,0.3333333333333333,0.25,0.125,0.5,2.0,3.0,4.0,8.0,2.0,0.0,0.0,0.0,0.0,0.0,1.0,1.0,1.0,0.0,1.0,-0.1635996689898633,-0.4554019288379759,-0.3098586340598021,0.1900673355047316,0.0619124374841446,0.8235976271505039,-1.1731399609644546,-0.2020454871191189,-0.2073567129463963,-0.5251530779927517,-0.4635308650875505,-0.2192296649910203,-0.0494572680454745,-0.4995211341402941,0.2959479588785432,48.4,9.93,50.61,10.1,13.8,10.7,0.7708333333333334,0.4210526315789473,1,1,0,0,1,0,4,0,1,1.095445115010332,1.095445115010332,-0.9128709291752768,-0.9128709291752768,1.095445115010332,-0.9128709291752768,1.095445115010332,-0.9128709291752768,-0.9128709291752768,-0.9128709291752768,1.095445115010332,0.0,0.05,0.1,0,0,0.7415254926919486,1.0,1.0,200.0,57.0,13.0,0.065,0.2280701754385964,0.0532786885245901,0,91.0,646287.0,1.2936208349496228,0.363561074525272,-0.0492457039974171,0.3563321279316959,1.0160651982255733,0.2140911802653322,False,False,False,False,True,True,False,False,False,True,False,False,False,False,True,False,False,False,True,False,False,Major,,False,False,
Closure,161,Closure-161,0.125,1.0,1.0,0.0666666666666666,0.0555555555555555,8.0,1.0,1.0,15.0,18.0,0.0,1.0,1.0,0.0,0.0,0.0,1.0,1.0,0.0,0.0,-1.0231586669890729,-0.4554019288379759,-0.1661593692010476,0.1061233394975541,0.0619124374841446,0.0726942492907742,1.5882268573455445,-0.2020454871191189,-0.2073567129463963,-0.5251530779927517,-0.4635308650875505,-0.2192296649910203,-0.0494572680454745,-0.0777818550633016,0.2959479588785432,-21.76,10.63,48.5,18.4,55.3,11.9,0.7083333333333334,0.3879781420765028,2,4,4,3,4,2,3,2,2,-0.4714045207910316,1.2570787221094175,1.2570787221094175,0.3928371006591931,1.2570787221094175,-0.4714045207910316,-0.4714045207910316,-0.4714045207910316,0.3928371006591931,-2.199887763691481,-0.4714045207910316,0.7,0.65,0.1914854215512676,1,16,0.7145865581754345,0.9,1.0,354.0,63.0,22.0,0.0621468926553672,0.3492063492063492,0.0556962025316455,0,929.0,12070156.0,-0.7977119766339881,-0.70287777031615,-0.6450552541976357,-0.6028194775205034,-0.9942554810346128,1.4462904983191245,True,False,False,False,True,True,False,False,False,True,False,False,False,False,True,False,False,False,True,False,False,Medium,,False,False,
Cli,34,Cli-34,0.3333333333333333,1.0,0.2,0.5,0.3333333333333333,3.0,1.0,5.0,2.0,3.0,0.0,1.0,0.0,0.0,0.0,1.0,1.0,1.0,1.0,1.0,-0.2080721871221379,-0.1531279935599871,0.1470492912154834,-0.5618428219452354,2.035569554392177,0.1317258971513972,-0.5748438169972881,-0.2020454871191189,-0.2073567129463963,-0.5251530779927517,-0.4635308650875505,-0.2192296649910203,-0.0494572680454745,-0.7103907736787903,0.2959479588785432,43.39,10.06,47.0,9.9,13.5,10.5,0.9166666666666666,0.8139534883720929,4,5,3,3,4,2,3,4,3,0.7817359599705715,1.563471919941143,0.0,0.0,0.7817359599705715,-0.7817359599705715,-0.7817359599705715,0.7817359599705715,0.0,-2.345207879911715,0.0,0.7,0.7,0.1154700538379251,0,12,0.8441893410782402,0.6,2.0,291.0,58.0,20.0,0.0687285223367697,0.3448275862068966,0.060790273556231,0,46.0,345478.0,0.4222321634564516,0.7901366124618407,1.3568648344750984,0.3684732874943819,0.1907756562134967,0.2396953219391776,False,False,False,False,True,True,False,False,False,True,False,False,False,False,False,True,False,False,True,False,False,Minor,CLI-1.x,False,False,
Closure,5,Closure-5,0.1111111111111111,0.5,0.0038461538461538,0.0029673590504451,0.00418410041841,9.0,2.0,260.0,337.0,239.0,0.0,0.0,0.0,0.0,0.0,0.0,1.0,0.0,0.0,0.0,-1.0231586669890729,-0.1531279935599871,-0.2294096365410406,0.3320839508917272,-0.7627101412056181,-0.0894296299565605,1.5882268573455445,-0.2020454871191189,-0.2073567129463963,-0.5251530779927517,-0.4635308650875505,-0.2192296649910203,-0.3124943305803233,-0.0777818550633016,1.2650324516769105,-23.18,9.62,54.34,19.0,45.4,11.4,0.875,0.7192982456140351,4,4,4,4,4,2,2,3,3,0.8741572761215379,0.8741572761215379,0.8741572761215379,0.8741572761215379,0.8741572761215379,-1.2626716210644433,-0.1942571724714526,-0.1942571724714526,-0.1942571724714526,-2.331086069657434,-0.1942571724714526,0.7,0.7500000000000001,0.1,0,16,0.8287857883864125,0.6,1.0,334.0,61.0,16.0,0.0479041916167664,0.2622950819672131,0.0422163588390501,0,990.0,12558315.0,-0.7977119766339881,-0.70287777031615,-0.6450552541976357,-0.6028194775205034,-0.9942554810346128,1.4462904983191245,False,False,False,False,True,True,False,False,False,True,False,False,False,False,True,False,False,False,True,False,True,High,,False,False,
Cli,20,Cli-20,1.0,1.0,1.0,1.0,1.0,1.0,1.0,1.0,1.0,1.0,1.0,1.0,1.0,1.0,1.0,1.0,1.0,1.0,1.0,1.0,-0.130792073646382,0.4514198769959905,0.09045849633474,-0.1633067506157187,-0.9226620584791106,1.4455263496697115,0.1845320580379615,-0.2020454871191189,-0.2073567129463963,-0.5251530779927517,-0.4635308650875505,-0.2192296649910203,-0.0494572680454745,0.1330877844751946,1.2650324516769105,44.64,11.65,50.66,11.5,15.5,12.5,0.8958333333333334,0.7841726618705036,4,5,4,4,1,2,1,5,3,0.6055300708194983,1.2110601416389966,0.6055300708194983,0.6055300708194983,-1.2110601416389966,-0.6055300708194983,0.6055300708194983,1.2110601416389966,-1.816590212458495,-1.2110601416389966,0.0,0.2,0.7,0.3464101615137754,0,4,0.7229199968941689,0.6,1.0,160.0,71.0,17.0,0.10625,0.2394366197183098,0.0794392523364486,0,46.0,287518.0,1.2936208349496228,1.856575457303263,0.4312458687446945,0.4048967661824401,1.2700004419215964,0.1700840617634112,False,False,False,False,True,True,False,False,False,True,False,False,False,False,False,True,False,False,True,False,True,Major,Parser,False,False,
Closure,175,Closure-175,0.0,0.5,0.0434782608695652,0.0625,0.1111111111111111,0.0,2.0,23.0,16.0,9.0,0.0,0.0,0.0,0.0,0.0,0.0,1.0,0.0,0.0,0.0,-1.0231586669890729,2.869611359219901,0.5682121857413406,-0.2142751686328568,-0.9226620584791106,-0.7111042606514855,1.5882268573455445,-0.2020454871191189,-0.2073567129463963,-0.5251530779927517,1.2682287427339467,-0.2192296649910203,-0.3124943305803233,1.187435982167676,-0.673136533919824,1.29,9.48,47.77,15.8,38.0,12.4,0.8333333333333334,0.4074074074074078,5,5,5,5,5,5,0,5,4,0.5188745216627711,0.5188745216627711,0.5188745216627711,0.5188745216627711,0.5188745216627711,0.5188745216627711,0.5188745216627711,0.5188745216627711,-1.1118739749916515,-2.742622471646074,-0.2964997266644402,1.0,1.0,0.0,0,25,0.6082105270738116,0.0,1.0,458.0,263.0,71.0,0.1550218340611353,0.2699619771863117,0.1092307692307692,0,1076.0,13267742.0,-0.7977119766339881,-0.70287777031615,-0.6450552541976357,-0.6028194775205034,-0.9942554810346128,1.4462904983191245,False,False,True,False,True,False,False,False,True,True,False,False,False,False,True,False,False,False,True,False,True,Medium,,False,False,
Closure,26,Closure-26,0.3333333333333333,1.0,0.0303030303030303,0.2,0.5,3.0,1.0,33.0,5.0,2.0,0.0,1.0,0.0,0.0,0.0,1.0,1.0,0.0,1.0,1.0,-1.0231586669890729,0.1491459417180017,-0.210870895414563,-0.3611618407666483,0.2319908443389094,-0.7503563533332712,1.5882268573455445,-0.2020454871191189,-0.2073567129463963,-0.5251530779927517,-0.4635308650875505,-0.2192296649910203,-0.3124943305803233,0.5548270635521871,-0.673136533919824,-32.56,11.09,51.71,20.5,43.6,13.7,0.8958333333333334,0.6774193548387097,5,5,4,4,5,3,1,4,4,1.0614455552060438,1.0614455552060438,0.163299316185545,0.163299316185545,1.0614455552060438,-0.7348469228349536,0.163299316185545,0.163299316185545,-0.7348469228349536,-2.531139400875951,0.163299316185545,0.8,0.8500000000000001,0.0999999999999999,0,20,0.8479500644186596,0.9,1.0,188.0,90.0,17.0,0.0904255319148936,0.1888888888888888,0.0651340996168582,0,979.0,12600283.0,-0.7977119766339881,-0.70287777031615,-0.6450552541976357,-0.6028194775205034,-0.9942554810346128,1.4462904983191245,True,False,False,False,True,False,False,False,True,True,False,False,False,False,True,False,False,False,True,False,True,Medium,,False,False,
Time,16,Time-16,1.0,1.0,0.5,1.0,0.125,1.0,1.0,2.0,1.0,8.0,1.0,1.0,0.0,1.0,0.0,1.0,1.0,1.0,1.0,0.0,-0.7162253861089478,0.1491459417180017,-0.726690961732827,1.2772424806150338,-0.9226620584791106,-0.1925734030651664,-1.5873449837109543,-0.2020454871191189,-0.2073567129463963,-0.5251530779927517,-0.4635308650875505,-0.2192296649910203,-0.1809757993128989,-0.2886514946017978,0.2959479588785432,70.33,9.82,35.78,7.9,9.2,10.4,0.8541666666666666,0.623318385650224,4,5,2,3,5,3,2,5,3,0.5188745216627707,1.334248769989982,-1.111873974991652,-0.2964997266644406,1.334248769989982,-0.2964997266644406,-0.2964997266644406,1.334248769989982,-0.2964997266644406,-1.9272482233188633,-0.2964997266644406,0.8,0.75,0.3,-1,10,0.8024828619546699,0.4,1.0,296.0,28.0,15.0,0.0506756756756756,0.5357142857142857,0.0485436893203883,0,315.0,5506147.0,0.4222321634564516,-0.169658347895439,0.9693964302158596,-0.5967488977391603,1.1091747875807816,-0.4531795467870533,False,False,False,False,True,True,False,False,False,True,False,False,False,False,False,True,False,False,True,False,True,,,False,False,
Gson,2,Gson-2,0.1111111111111111,1.0,1.0,0.1,0.0303030303030303,9.0,1.0,1.0,10.0,33.0,0.0,1.0,1.0,0.0,0.0,0.0,1.0,1.0,0.0,0.0,2.1190799092421333,3.1718852944978897,0.5391359772900193,-0.5148829766739565,1.1096681845252594,0.8719386238555198,-0.989048839743788,-0.2020454871191189,-0.2073567129463963,-0.5251530779927517,0.4023489388231981,-0.2192296649910203,-0.3124943305803233,-0.4995211341402941,-0.673136533919824,66.74,7.24,41.62,7.2,9.6,10.2,0.8125,0.515695067264574,1,1,0,0,2,0,4,0,1,0.565685424949238,0.565685424949238,-0.9899494936611664,-0.9899494936611664,2.121320343559643,-0.9899494936611664,0.565685424949238,-0.9899494936611664,0.565685424949238,-0.9899494936611664,0.565685424949238,0.1666666666666666,0.1,0.2,0,0,0.8535533905932738,0.5,1.0,187.0,134.0,17.0,0.0909090909090909,0.126865671641791,0.0559210526315789,0,183.0,1174820.0,0.5965098977550859,-0.0630144634112968,1.1748720991412136,3.6040923109502185,0.3995027315242432,-1.835383195681281,True,False,True,False,True,False,False,False,True,True,False,True,False,False,False,False,False,False,True,False,False,,,False,False,
JacksonCore,14,JacksonCore-14,0.125,0.2,0.1,0.5,1.0,8.0,5.0,10.0,2.0,1.0,0.0,1.0,0.0,0.0,1.0,0.0,1.0,0.0,1.0,1.0,-0.517921698699461,-0.7576758641159647,-1.3506705607497926,-0.8362189423394387,-1.6988993040710567,0.3801819591816098,-0.989048839743788,-0.2020454871191189,-0.2073567129463963,-0.5251530779927517,0.4023489388231981,-0.2192296649910203,-0.3124943305803233,-0.4995211341402941,1.2650324516769105,19.97,16.62,62.23,14.8,21.9,15.6,0.6458333333333334,0.2359550561797755,2,1,0,1,3,1,3,3,1,0.552344770738994,-0.4602873089491617,-1.4729193886373173,-0.4602873089491617,1.5649768504271495,-0.4602873089491617,0.552344770738994,1.5649768504271495,0.552344770738994,-1.4729193886373173,-0.4602873089491617,0.4333333333333333,0.35,0.3,-1,0,0.6128912142428142,0.8,1.0,164.0,52.0,11.0,0.0670731707317073,0.2115384615384615,0.0536585365853658,0,171.0,1586606.0,-0.7977119766339881,-0.70287777031615,-0.6450552541976357,-0.6028194775205034,0.4870334405255241,0.2682537876523125,False,False,False,False,True,True,False,False,False,True,False,False,False,False,True,False,False,False,True,False,False,,,False,False,
JacksonDatabind,59,JacksonDatabind-59,0.0,0.0,0.02,0.0344827586206896,0.0052083333333333,0.0,0.0,50.0,29.0,192.0,0.0,0.0,0.0,0.0,0.0,0.0,0.0,0.0,0.0,0.0,2.606090435674256,-0.4554019288379759,0.6018127215358546,0.2346665938488701,0.4038501769199036,-0.7663036246236841,0.4146459595637947,-0.2020454871191189,-0.2073567129463963,3.1290370897068125,-0.4635308650875505,-0.2192296649910203,-0.0494572680454745,0.5548270635521871,-0.673136533919824,-95.47,10.41,50.45,28.1,47.7,12.0,0.75,0.3949579831932773,5,5,5,5,5,4,1,5,4,0.6507913734559684,0.6507913734559684,0.6507913734559684,0.6507913734559684,0.6507913734559684,0.0542326144546639,0.0542326144546639,0.6507913734559684,-2.3320024215505537,-1.7354436625492493,0.0542326144546639,0.4,1.0,0.0,0,25,0.815634449617676,0.8,4.0,700.0,106.0,56.0,0.08,0.5283018867924528,0.0746666666666666,0,771.0,5500806.0,-0.7977119766339881,-0.70287777031615,-0.6450552541976357,-0.0321849780742582,-0.9179121289234364,-1.815436236685412,True,True,False,False,True,False,False,False,True,True,False,False,False,False,False,True,False,False,True,False,True,,,False,False,
JacksonDatabind,71,JacksonDatabind-71,0.0,0.0,0.0212765957446808,0.125,0.0769230769230769,0.0,0.0,47.0,8.0,13.0,0.0,0.0,0.0,0.0,0.0,0.0,0.0,0.0,0.0,0.0,-0.6046795619411115,-0.7576758641159647,-1.2771438258419918,-0.9954066579145812,-0.9226620584791106,0.4807583721512604,-0.989048839743788,-0.2020454871191189,-0.2073567129463963,-0.5251530779927517,-0.4635308650875505,-0.2192296649910203,-0.0494572680454745,-0.9212604132172866,-0.673136533919824,3.97,15.69,61.28,16.8,25.4,15.2,0.9583333333333334,0.8632478632478634,0,1,1,0,1,1,4,0,0,-0.9128709291752768,1.095445115010332,1.095445115010332,-0.9128709291752768,1.095445115010332,1.095445115010332,1.095445115010332,-0.9128709291752768,-0.9128709291752768,-0.9128709291752768,-0.9128709291752768,0.1,0.1,0.1154700538379251,1,1,0.6911465034789506,0.8,1.0,168.0,41.0,9.0,0.0535714285714285,0.2195121951219512,0.045,0,755.0,5303393.0,-0.7977119766339881,-0.70287777031615,-0.6450552541976357,-0.5967488977391603,-0.2371522544594317,0.5372119407725888,False,False,False,False,True,False,False,False,True,True,False,False,True,False,False,False,False,False,True,False,False,,,False,False,
JacksonDatabind,4,JacksonDatabind-4,0.0,0.0,0.01,0.0029239766081871,0.0040160642570281,0.0,0.0,100.0,342.0,249.0,0.0,0.0,0.0,0.0,0.0,0.0,0.0,0.0,0.0,0.0,-0.4238732587148147,-0.7576758641159647,0.361668675268287,0.0552106173808843,-0.4379098193951574,0.7645739756750758,0.4146459595637947,-0.2020454871191189,-0.2073567129463963,1.910973700473624,-0.4635308650875505,-0.2192296649910203,-0.3124943305803233,-0.0777818550633016,0.2959479588785432,6.1,14.47,50.04,16.0,21.0,13.9,0.2916666666666667,7.83686840911875e-17,4,5,3,3,4,2,3,4,3,0.7817359599705715,1.563471919941143,0.0,0.0,0.7817359599705715,-0.7817359599705715,-0.7817359599705715,0.7817359599705715,0.0,-2.345207879911715,0.0,0.7,0.7,0.1154700538379251,0,12,0.743431362652244,0.9,1.0,110.0,52.0,13.0,0.1181818181818181,0.25,0.087248322147651,0,651.0,4305622.0,-0.7977119766339881,-0.70287777031615,-0.6450552541976357,-0.5846077381764743,0.7409686842215475,-0.1892361970726632,True,False,False,False,True,True,False,False,False,True,False,True,False,False,False,False,False,False,True,False,False,,,False,False,
JacksonDatabind,5,JacksonDatabind-5,1.0,1.0,0.5,0.3333333333333333,0.5,1.0,1.0,2.0,3.0,2.0,1.0,1.0,0.0,0.0,0.0,1.0,1.0,1.0,1.0,1.0,0.8505195559608577,0.7536938122739794,1.0375438585977317,0.3847077447985201,-0.4379098193951574,0.0987295214744017,0.4146459595637947,-0.2020454871191189,-0.2073567129463963,-0.5251530779927517,0.4023489388231981,-0.2192296649910203,-0.1809757993128989,1.398305621706172,-0.673136533919824,-0.81,14.68,58.26,18.6,24.9,17.2,0.8958333333333334,0.487179487179487,5,5,5,5,5,5,1,5,4,0.5996253511966894,0.5996253511966894,0.5996253511966894,0.5996253511966894,0.5996253511966894,0.5996253511966894,-0.2248595066987582,0.5996253511966894,-1.0493443645942058,-2.698314080385101,-0.2248595066987582,1.0,1.0,0.0,0,25,0.974321923153785,0.5,1.0,363.0,96.0,34.0,0.09366391184573,0.3541666666666667,0.08,0,651.0,4310243.0,-0.7977119766339881,-0.70287777031615,-0.6450552541976357,-0.3842786053921541,-0.0419983171745247,-1.3072215708556263,False,True,False,False,True,False,False,False,True,True,False,False,False,False,False,True,False,False,True,False,True,,,False,False,
JacksonDatabind,64,JacksonDatabind-64,0.1111111111111111,1.0,0.125,1.0,0.0714285714285714,9.0,1.0,8.0,1.0,14.0,0.0,1.0,0.0,1.0,0.0,0.0,1.0,0.0,1.0,0.0,-0.582807831712124,-0.7576758641159647,-2.430552480032819,-0.0097434197597382,-0.4379098193951574,-0.153664189393639,0.4146459595637947,-0.2020454871191189,-0.2073567129463963,-0.5251530779927517,-0.4635308650875505,-0.2192296649910203,-0.3124943305803233,-0.9212604132172866,-0.673136533919824,-9.37,17.9,65.05,19.9,31.3,17.9,0.9375,0.7647058823529411,0,1,0,0,1,0,4,0,0,-0.6123724356957945,1.632993161855452,-0.6123724356957945,-0.6123724356957945,1.632993161855452,-0.6123724356957945,1.632993161855452,-0.6123724356957945,-0.6123724356957945,-0.6123724356957945,-0.6123724356957945,0.0,0.05,0.1,0,0,0.6015551623380972,1.0,1.0,283.0,40.0,15.0,0.0530035335689045,0.375,0.0487012987012987,0,775.0,5516534.0,-0.7977119766339881,-0.70287777031615,-0.6450552541976357,-0.5785371583951312,1.1165812321885824,0.4845117345380075,False,False,False,False,True,False,False,False,True,True,False,False,False,False,False,True,False,False,True,False,False,,,False,False,
JacksonDatabind,70,JacksonDatabind-70,1.0,0.3333333333333333,0.04,1.0,0.5,1.0,3.0,25.0,1.0,2.0,1.0,1.0,0.0,1.0,0.0,1.0,1.0,0.0,1.0,1.0,-0.0972554206286011,-0.4554019288379759,-0.687895297390299,0.1962083042068803,0.4038501769199036,-0.7859677272253501,0.4146459595637947,0.3783718812677994,0.6820757629623755,0.6929103112404362,-0.4635308650875505,-0.2192296649910203,-0.3124943305803233,-0.2886514946017978,-0.673136533919824,-75.16,15.23,50.28,26.5,46.7,14.0,0.7708333333333334,0.5074626865671643,5,5,4,4,2,3,3,4,3,1.3008872711759818,1.3008872711759818,0.6504436355879909,0.6504436355879909,-0.6504436355879909,0.0,-0.6504436355879909,0.6504436355879909,-1.9513309067639728,-1.3008872711759818,0.0,0.3,0.7,0.2,0,8,0.9674930488749977,0.6,1.0,295.0,72.0,31.0,0.1050847457627118,0.4305555555555556,0.0922619047619047,0,782.0,5557598.0,-0.7977119766339881,-0.70287777031615,-0.6450552541976357,-0.4814078818936427,-0.8126781293594993,-0.3072755977116266,True,True,False,False,True,False,False,False,True,True,False,True,False,False,False,False,False,False,True,False,True,,,False,False,
JacksonDatabind,58,JacksonDatabind-58,0.5,0.5,0.5,1.0,1.0,2.0,2.0,2.0,1.0,1.0,0.0,0.0,0.0,1.0,1.0,1.0,1.0,1.0,1.0,1.0,0.4313113932385971,-0.4554019288379759,1.0834376420948328,-0.622251064232081,-0.6011343465993985,-0.3002887504022553,0.4146459595637947,0.958789249654718,1.5715082388711472,4.347100478940001,-0.4635308650875505,-0.2192296649910203,-0.3124943305803233,-0.0777818550633016,-0.673136533919824,-55.6,12.54,47.66,23.1,36.3,11.7,0.7708333333333334,0.5037593984962407,5,5,3,2,4,3,4,4,3,1.3764944032233704,1.3764944032233704,0.1147078669352807,-0.516185401208764,0.7456011350793256,0.1147078669352807,-1.1470786693528088,0.7456011350793256,-1.1470786693528088,-1.7779719374968537,0.1147078669352807,0.4666666666666667,0.65,0.1914854215512676,1,12,0.7998328226804498,0.6,1.0,440.0,90.0,49.0,0.1113636363636363,0.5444444444444444,0.1018711018711018,0,750.0,5293466.0,-0.7977119766339881,-0.70287777031615,-0.6450552541976357,-0.5239019403630439,-0.9136559367732524,-0.841349255174934,True,True,False,False,True,False,False,False,True,True,False,True,False,False,False,False,False,False,True,False,False,,,False,False,
Gson,3,Gson-3,0.0,0.3333333333333333,0.1,0.0135135135135135,0.032258064516129,0.0,3.0,10.0,74.0,31.0,0.0,0.0,0.0,0.0,0.0,0.0,1.0,0.0,0.0,0.0,-0.1767227071272558,-0.7576758641159647,1.128793909324014,-0.9228706783621146,-0.2730111944760022,-0.2708568870451933,0.4146459595637947,-0.2020454871191189,-0.2073567129463963,0.6929103112404362,-0.4635308650875505,-0.2192296649910203,-0.1809757993128989,1.187435982167676,0.2959479588785432,19.84,12.09,47.61,12.8,19.0,12.0,0.375,0.0,3,4,2,4,3,4,2,3,3,0.163299316185545,1.0614455552060438,-0.7348469228349536,1.0614455552060438,0.163299316185545,1.0614455552060438,0.163299316185545,0.163299316185545,-0.7348469228349536,-2.531139400875951,0.163299316185545,0.7333333333333334,0.6000000000000001,0.1632993161855452,-2,6,0.846504136616415,0.7,1.0,120.0,82.0,17.0,0.1416666666666666,0.2073170731707317,0.0918918918918919,0,183.0,1177609.0,-0.7977119766339881,-0.70287777031615,-0.6450552541976357,-0.4692667223309566,-0.380578642102556,0.1871001475841539,True,False,False,True,True,True,False,False,False,True,False,True,False,False,False,False,False,False,True,False,False,,,False,False,
JacksonCore,15,JacksonCore-15,0.1,0.3333333333333333,1.0,1.0,1.0,10.0,3.0,1.0,1.0,1.0,0.0,0.0,1.0,1.0,1.0,0.0,1.0,1.0,1.0,1.0,-0.4610552001040935,-0.4554019288379759,-0.6400708716355498,-0.6825261951192625,-0.7627101412056181,0.8202496270804537,-0.989048839743788,-0.2020454871191189,-0.2073567129463963,-0.5251530779927517,-0.4635308650875505,3.1090752489635607,-0.3124943305803233,-0.0777818550633016,-0.673136533919824,-12.45,16.4,58.5,19.0,29.2,15.6,0.8541666666666666,0.6781609195402298,2,2,1,0,2,2,4,1,1,1.1430011430017144,1.1430011430017144,-0.2540002540003811,-1.6510016510024768,1.1430011430017144,1.1430011430017144,-0.2540002540003811,-0.2540002540003811,-0.2540002540003811,-1.6510016510024768,-0.2540002540003811,0.3666666666666667,0.2,0.1632993161855452,1,2,0.7335994880267183,0.6,1.0,279.0,58.0,17.0,0.060931899641577,0.293103448275862,0.053125,0,171.0,1586530.0,-0.7977119766339881,-0.70287777031615,-0.6450552541976357,-0.6028194775205034,0.0261879982623704,0.5859266085062843,False,False,False,False,True,False,False,False,True,True,False,False,False,False,False,True,False,False,True,False,False,,,False,False,
Time,17,Time-17,0.3333333333333333,0.5,0.5,1.0,0.2,3.0,2.0,2.0,1.0,5.0,0.0,0.0,0.0,1.0,0.0,1.0,1.0,1.0,1.0,1.0,0.1958257644398315,0.4514198769959905,0.2395731082865082,0.3628459322679984,0.0619124374841446,-0.6555275248391222,-1.5873449837109543,-0.2020454871191189,-0.2073567129463963,-0.5251530779927517,6.463507566198439,-0.2192296649910203,0.2135797944893742,0.3439574240136908,1.2650324516769105,50.12,7.3,32.86,9.4,17.4,9.5,0.75,0.3333333333333335,5,5,5,5,4,4,1,5,4,0.7200034083082246,0.7200034083082246,0.7200034083082246,0.7200034083082246,0.1107697551243421,0.1107697551243421,0.1107697551243421,0.7200034083082246,-2.3261648576111877,-1.716931204427305,0.1107697551243421,0.4,0.95,0.0999999999999999,0,20,0.9432249796880586,0.7,1.0,531.0,54.0,28.0,0.0527306967984934,0.5185185185185185,0.0502692998204667,0,315.0,5497371.0,-0.2748787737380853,-0.0630144634112968,1.682758802398567,-0.4389138234242414,-0.0339716284370068,-1.802234976549964,False,True,False,False,True,True,False,False,False,True,False,False,False,False,False,True,False,False,True,False,True,,,False,False,
Closure,174,Closure-174,0.3333333333333333,1.0,0.0084033613445378,0.0034602076124567,0.0344827586206896,3.0,1.0,119.0,289.0,29.0,0.0,1.0,0.0,0.0,0.0,1.0,1.0,0.0,0.0,0.0,-1.0231586669890729,-0.7576758641159647,-1.314412482459666,-0.657171672843338,1.1096681845252594,-0.0336161409409937,1.5882268573455445,-0.2020454871191189,-0.2073567129463963,-0.5251530779927517,-0.4635308650875505,-0.2192296649910203,-0.3124943305803233,-0.7103907736787903,-0.673136533919824,-49.27,10.28,40.79,22.8,66.6,12.0,0.6458333333333334,0.3245033112582782,4,5,3,4,1,3,3,3,2,1.0119288512538815,1.707629936490925,0.316227766016838,1.0119288512538815,-1.075174404457249,0.316227766016838,-0.3794733192202055,0.316227766016838,-1.7708754896942926,-1.075174404457249,-0.3794733192202055,0.3,0.5499999999999999,0.2516611478423583,-1,3,0.947083576609786,0.9,3.0,876.0,43.0,14.0,0.0159817351598173,0.3255813953488372,0.0154696132596685,0,958.0,12794717.0,-0.7977119766339881,-0.70287777031615,-0.6450552541976357,-0.6028194775205034,-0.9942554810346128,1.4462904983191245,True,False,False,False,True,False,False,False,True,True,False,False,False,False,True,False,False,False,True,False,True,Medium,,False,False,
Cli,21,Cli-21,0.1428571428571428,0.0,0.5,0.0178571428571428,0.0,7.0,0.0,2.0,56.0,0.0,0.0,0.0,0.0,0.0,0.0,0.0,0.0,1.0,0.0,0.0,0.1236490546841727,-0.1531279935599871,-0.6622934492717772,-0.3651153484717535,-0.4379098193951574,0.4321373301086008,0.1845320580379615,-0.2020454871191189,-0.2073567129463963,-0.5251530779927517,0.4023489388231981,-0.2192296649910203,0.3450983257567985,-0.0777818550633016,0.2959479588785432,11.78,12.91,52.5,13.8,22.7,11.4,0.7708333333333334,0.4942528735632184,5,5,4,4,1,3,2,4,3,1.2535663410560176,1.2535663410560176,0.6267831705280088,0.6267831705280088,-1.2535663410560176,0.0,0.0,0.6267831705280088,-1.8803495115840263,-1.2535663410560176,0.0,0.3,0.65,0.3,0,4,0.8165936087506616,0.9,3.0,247.0,81.0,20.0,0.0809716599190283,0.2469135802469135,0.0649350649350649,2,102.0,668204.0,0.4222321634564516,0.7901366124618407,1.0807379256926524,0.4291790853078123,-0.3276754663325512,0.1530679759426685,True,False,False,False,True,True,False,False,False,True,False,False,False,False,False,True,False,False,True,False,True,Major,"CLI-2.x, Parser",True,True,"java,patch"
Closure,27,Closure-27,0.0,0.5,0.0151515151515151,0.0714285714285714,0.0181818181818181,0.0,2.0,66.0,14.0,55.0,0.0,1.0,0.0,0.0,0.0,0.0,1.0,0.0,0.0,0.0,-1.0231586669890729,-0.7576758641159647,0.685709223467294,0.1053371080482209,0.4038501769199036,-0.4096415646265971,1.5882268573455445,-0.2020454871191189,-0.2073567129463963,1.910973700473624,-0.4635308650875505,-0.2192296649910203,-0.3124943305803233,0.3439574240136908,-0.673136533919824,-61.32,9.18,60.09,23.3,62.5,12.5,0.8333333333333334,0.6097560975609757,5,5,4,4,4,3,1,4,3,1.2768847961381231,1.2768847961381231,0.3405026123034996,0.3405026123034996,0.3405026123034996,-0.5958795715311239,0.3405026123034996,0.3405026123034996,-0.5958795715311239,-2.468643939200371,-0.5958795715311239,0.8,0.8,0.0,0,16,0.8169702539300893,0.9,1.0,192.0,50.0,8.0,0.0416666666666666,0.16,0.0341880341880341,0,977.0,12589833.0,-0.7977119766339881,-0.70287777031615,-0.6450552541976357,-0.6028194775205034,-0.9942554810346128,1.4462904983191245,True,False,False,False,True,False,False,False,True,True,False,False,False,False,True,False,False,False,True,False,True,Medium,,False,False,
Closure,33,Closure-33,0.0,0.0,0.024390243902439,0.0041322314049586,0.0181818181818181,0.0,0.0,41.0,242.0,55.0,0.0,0.0,0.0,0.0,0.0,0.0,0.0,0.0,0.0,0.0,-1.0231586669890729,0.4514198769959905,1.0054122421675111,-0.7051718959058937,0.5775185551070113,-0.6181678342340255,1.5882268573455445,-0.2020454871191189,-0.2073567129463963,-0.5251530779927517,-0.4635308650875505,-0.2192296649910203,-0.3124943305803233,1.187435982167676,-0.673136533919824,5.59,10.29,50.13,16.2,31.4,13.4,0.7708333333333334,0.3333333333333334,5,5,4,4,4,4,1,5,4,1.007017629956027,1.007017629956027,0.0839181358296688,0.0839181358296688,0.0839181358296688,0.0839181358296688,0.0839181358296688,1.007017629956027,-0.8391813582966892,-2.6853803465494055,0.0839181358296688,0.9,0.8500000000000001,0.0999999999999999,0,16,0.938749709805613,0.7,1.0,281.0,115.0,30.0,0.1067615658362989,0.2608695652173913,0.081967213114754,0,974.0,12509404.0,-0.7977119766339881,-0.70287777031615,-0.6450552541976357,-0.6028194775205034,-0.9942554810346128,1.4462904983191245,True,False,False,False,True,False,False,False,True,True,False,False,False,False,True,False,False,False,True,False,True,Medium,,False,False,
Compress,2,Compress-2,0.5,0.5,0.25,0.0192307692307692,0.0,2.0,2.0,4.0,52.0,0.0,0.0,0.0,0.0,0.0,0.0,1.0,1.0,1.0,0.0,0.0,0.2402982825721061,-0.1531279935599871,0.5966372873292635,-0.2283966929633093,1.8463416241570776,0.4382384268751294,-1.1731399609644546,-0.2020454871191189,-0.2073567129463963,-0.5251530779927517,0.4023489388231981,-0.2192296649910203,-0.1809757993128989,1.398305621706172,-0.673136533919824,52.15,8.5,50.94,8.6,14.7,9.7,0.8541666666666666,0.6853932584269663,1,2,3,2,1,1,4,0,1,-0.1010152544552209,1.0101525445522108,2.121320343559643,1.0101525445522108,-0.1010152544552209,-0.1010152544552209,-0.1010152544552209,-1.212183053462653,-1.212183053462653,-1.212183053462653,-0.1010152544552209,0.1,0.3,0.2581988897471611,1,3,0.991314543482539,0.8,1.0,87.0,86.0,9.0,0.1034482758620689,0.1046511627906976,0.0548780487804878,1,81.0,569844.0,0.4222321634564516,0.7901366124618407,0.6895581382508539,0.4231085055264692,-0.1391477854067155,-0.2994012076430946,False,False,False,False,True,False,False,False,True,True,False,False,False,False,False,True,False,False,True,False,False,Major,,True,False,txt
Math,68,Math-68,0.1111111111111111,1.0,1.0,0.1428571428571428,0.5,9.0,1.0,1.0,7.0,2.0,0.0,1.0,1.0,0.0,0.0,0.0,1.0,1.0,0.0,1.0,-0.157038149921167,-0.7576758641159647,-0.8322116516136311,0.3611736132888805,0.0619124374841446,0.4348374694021509,-0.3447299154714549,-0.2020454871191189,-0.2073567129463963,-0.5251530779927517,-0.4635308650875505,-0.2192296649910203,0.0820612632219498,-0.7103907736787903,-0.673136533919824,10.7,15.19,63.85,16.3,21.9,15.1,0.7083333333333334,3.806478941571964e-16,2,2,1,0,1,2,4,1,1,1.35400640077266,1.35400640077266,0.0,-1.35400640077266,0.0,1.35400640077266,0.0,0.0,-1.35400640077266,-1.35400640077266,0.0,0.2,0.15,0.1,1,1,0.8737206893140059,0.6,1.0,510.0,57.0,10.0,0.0196078431372549,0.175438596491228,0.0179533213644524,0,685.0,5986842.0,0.9450653663523544,1.429999919366694,0.2486590711026921,0.4473908246518414,0.9314201169935652,0.3827851345226966,False,False,False,False,True,False,False,False,True,True,False,False,False,False,False,True,False,False,True,False,False,Major,,False,False,
Closure,4,Closure-4,0.0,0.25,0.1666666666666666,0.1428571428571428,0.03125,0.0,4.0,6.0,7.0,32.0,0.0,0.0,0.0,0.0,0.0,0.0,1.0,0.0,0.0,0.0,-1.0231586669890729,0.4514198769959905,-0.650289648708281,-0.0073933772021036,0.5775185551070113,-0.8259341461953036,1.5882268573455445,-0.2020454871191189,-0.2073567129463963,-0.5251530779927517,-0.4635308650875505,-0.2192296649910203,-0.3124943305803233,0.1330877844751946,-0.673136533919824,-36.41,14.08,56.8,22.0,44.6,15.7,0.8333333333333334,0.3402061855670104,5,5,5,5,5,5,1,5,4,0.5996253511966894,0.5996253511966894,0.5996253511966894,0.5996253511966894,0.5996253511966894,0.5996253511966894,-0.2248595066987582,0.5996253511966894,-1.0493443645942058,-2.698314080385101,-0.2248595066987582,1.0,1.0,0.0,0,25,0.9752990876332168,0.0,1.0,294.0,58.0,15.0,0.0510204081632653,0.2586206896551724,0.0445103857566765,0,994.0,12625365.0,-0.7977119766339881,-0.70287777031615,-0.6450552541976357,-0.6028194775205034,-0.9942554810346128,1.4462904983191245,False,False,False,False,True,False,False,False,True,True,False,False,False,False,True,False,False,False,True,False,True,Medium,,False,False,
Cli,35,Cli-35,0.5,0.0,0.0833333333333333,0.0909090909090909,0.5,2.0,0.0,12.0,11.0,2.0,0.0,0.0,0.0,0.0,0.0,1.0,0.0,0.0,0.0,1.0,-0.0250787108729423,-0.4554019288379759,0.1701175319364365,-0.4796410802226178,0.2319908443389094,-0.624642771641718,0.1845320580379615,-0.2020454871191189,-0.2073567129463963,0.6929103112404362,-0.4635308650875505,-0.2192296649910203,0.3450983257567985,-0.0777818550633016,-0.673136533919824,33.51,10.67,51.87,11.7,20.7,11.2,0.8958333333333334,0.673913043478261,5,5,5,4,5,3,1,5,3,0.8798826901281197,0.8798826901281197,0.8798826901281197,0.0733235575106765,0.8798826901281197,-0.7332355751067665,0.0733235575106765,0.8798826901281197,-0.7332355751067665,-2.346353840341653,-0.7332355751067665,0.8,0.95,0.0999999999999999,1,25,0.7774525635056507,0.9,1.0,162.0,69.0,19.0,0.1172839506172839,0.2753623188405797,0.0896226415094339,0,47.0,377736.0,0.4222321634564516,0.7901366124618407,1.0807379256926524,0.4413202448704983,-0.5176668714891774,-0.1601231980447103,True,False,False,False,True,False,False,False,True,True,False,False,False,False,False,True,False,False,True,False,True,Major,Parser,False,False,
Closure,160,Closure-160,0.0,0.0,0.5,0.0909090909090909,0.0285714285714285,0.0,0.0,2.0,11.0,35.0,0.0,0.0,0.0,0.0,0.0,0.0,0.0,1.0,0.0,0.0,-1.0231586669890729,-0.4554019288379759,-0.6275486523473311,0.0114514839302217,-0.7627101412056181,0.0689218790012345,1.5882268573455445,-0.2020454871191189,-0.2073567129463963,-0.5251530779927517,-0.4635308650875505,-0.2192296649910203,-0.3124943305803233,0.9765663426291796,-0.673136533919824,-27.38,6.83,53.88,18.5,47.1,10.8,0.9166666666666666,0.8128654970760233,5,5,5,5,1,3,1,4,3,0.9798501839458535,0.9798501839458535,0.9798501839458535,0.9798501839458535,-1.289276557823492,-0.1547131869388191,0.4125684985035172,0.4125684985035172,-1.8565582432658283,-1.289276557823492,-0.1547131869388191,0.3,0.75,0.3785938897200182,0,5,0.8610208951690806,0.9,1.0,684.0,68.0,28.0,0.0409356725146198,0.4117647058823529,0.0386740331491712,0,606.0,7997217.0,-0.7977119766339881,-0.70287777031615,-0.6450552541976357,-0.6028194775205034,-0.9942554810346128,1.4462904983191245,True,False,False,False,True,False,False,False,True,True,False,False,False,False,True,False,False,False,True,False,True,Medium,,False,False,
Lang,20,Lang-20,1.0,1.0,1.0,0.5,1.0,1.0,1.0,1.0,2.0,1.0,1.0,1.0,1.0,0.0,1.0,1.0,1.0,1.0,1.0,1.0,-0.0104975573869507,-0.4554019288379759,-0.7048045804299765,-0.4718404998584491,0.5775185551070113,-0.5684521844132098,-0.5748438169972881,-0.2020454871191189,-0.2073567129463963,-0.5251530779927517,-0.4635308650875505,-0.2192296649910203,-0.1809757993128989,-0.7103907736787903,0.2959479588785432,38.32,12.23,56.78,11.9,24.9,11.9,0.7291666666666666,0.3734939759036143,5,5,4,4,1,4,1,4,3,1.1076975512434226,1.1076975512434226,0.4984638980595403,0.4984638980595403,-1.329237061492107,0.4984638980595403,0.4984638980595403,0.4984638980595403,-1.9384707146759896,-1.329237061492107,-0.1107697551243421,0.4,0.65,0.3,0,4,0.8543608112243115,0.7,1.0,966.0,64.0,22.0,0.0227743271221532,0.34375,0.0218253968253968,2,213.0,3807107.0,1.99073177214416,0.7901366124618407,0.2732567130834351,0.4170379257451262,0.5240656635645276,0.1941634284908778,False,True,False,False,True,True,False,False,False,True,False,False,False,True,False,False,False,False,True,False,True,Major,,True,False,patch
Closure,148,Closure-148,0.0,0.0,0.0256410256410256,0.0169491525423728,0.0073529411764705,0.0,0.0,39.0,59.0,136.0,0.0,0.0,0.0,0.0,0.0,0.0,0.0,0.0,0.0,0.0,-1.0231586669890729,-0.1531279935599871,0.3169125881206435,-0.2783405948048383,0.2319908443389094,0.3181707598635475,1.5882268573455445,-0.2020454871191189,-0.2073567129463963,-0.5251530779927517,0.4023489388231981,-0.2192296649910203,-0.3124943305803233,0.1330877844751946,-0.673136533919824,-7.68,10.15,40.19,17.1,45.0,11.2,0.7708333333333334,0.4761904761904763,4,5,4,3,3,3,3,4,2,0.7817359599705715,1.563471919941143,0.7817359599705715,0.0,0.0,0.0,-0.7817359599705715,0.7817359599705715,0.0,-2.345207879911715,-0.7817359599705715,0.8,0.7,0.1154700538379251,1,12,0.974478667740002,0.4,2.0,509.0,92.0,25.0,0.0491159135559921,0.2717391304347826,0.0434027777777777,0,516.0,6334275.0,-0.7977119766339881,-0.70287777031615,-0.6450552541976357,-0.6028194775205034,-0.9942554810346128,1.4462904983191245,False,False,False,False,True,False,False,False,True,True,False,False,False,False,True,False,False,False,True,False,False,Medium,,False,False,
Math,105,Math-105,0.5,1.0,1.0,0.5,1.0,2.0,1.0,1.0,2.0,1.0,0.0,1.0,1.0,0.0,1.0,1.0,1.0,1.0,1.0,1.0,0.2796673969842836,-0.7576758641159647,-0.2319854176798376,-0.8116948116928302,0.5775185551070113,0.2188715792348429,-0.3447299154714549,-0.2020454871191189,-0.2073567129463963,-0.5251530779927517,-0.4635308650875505,-0.2192296649910203,0.8711724508264961,-0.9212604132172866,-0.673136533919824,35.64,9.28,49.23,10.8,22.6,10.7,0.9375,0.8681318681318682,5,5,4,4,1,3,1,4,3,1.177621523593293,1.177621523593293,0.5607721540920443,0.5607721540920443,-1.2897759544117016,-0.0560772154092043,0.5607721540920443,0.5607721540920443,-1.9066253239129505,-1.2897759544117016,-0.0560772154092043,0.3,0.65,0.3,0,4,0.9113166516173772,0.6,1.0,250.0,70.0,16.0,0.064,0.2285714285714285,0.0526315789473684,1,287.0,1830679.0,0.0736766948591831,0.363561074525272,0.3815704323012024,0.6477199574361615,-0.3344085977941882,-0.51470963590063,True,True,False,False,True,False,False,False,True,True,False,False,False,False,False,True,False,False,True,False,True,Major,,True,False,patch
Math,40,Math-40,1.0,1.0,0.5,1.0,1.0,1.0,1.0,2.0,1.0,1.0,1.0,1.0,0.0,1.0,1.0,1.0,1.0,1.0,1.0,1.0,0.144062669564561,-0.1531279935599871,0.8195058153797883,-0.4286610363621777,0.0619124374841446,-0.0393075204713099,-0.3447299154714549,-0.2020454871191189,-0.2073567129463963,-0.5251530779927517,-0.4635308650875505,-0.2192296649910203,0.2135797944893742,-0.0777818550633016,0.2959479588785432,55.95,10.27,46.35,9.3,12.4,11.0,0.8125,0.5609756097560976,5,5,3,2,4,3,3,4,4,1.4241102090921365,1.4241102090921365,-0.2248595066987586,-1.0493443645942062,0.599625351196689,-0.2248595066987586,-1.0493443645942062,0.599625351196689,-0.2248595066987586,-1.8738292224896536,0.599625351196689,0.8,0.65,0.1914854215512676,1,12,0.8745411092072206,0.4,1.0,242.0,94.0,32.0,0.1322314049586777,0.3404255319148936,0.1052631578947368,0,976.0,8385341.0,1.1193431006509886,1.6432876883349783,0.2104661512180627,0.3684732874943819,0.9314201169935652,-0.3084933519449812,False,False,False,False,True,True,False,False,False,True,False,False,False,False,False,True,False,False,True,False,True,Minor,,False,False,
Math,54,Math-54,1.0,1.0,0.5,0.1666666666666666,0.1666666666666666,1.0,1.0,2.0,6.0,6.0,1.0,1.0,0.0,0.0,0.0,1.0,1.0,1.0,0.0,0.0,0.2636281281496928,-0.1531279935599871,1.054980711268247,-0.2104795561018961,-0.1064125837329401,-0.193015248344412,-0.3447299154714549,-0.2020454871191189,-0.2073567129463963,-0.5251530779927517,-0.4635308650875505,-0.2192296649910203,0.2135797944893742,0.3439574240136908,-0.673136533919824,56.45,8.84,40.78,9.1,13.8,10.2,0.9583333333333334,0.8740157480314962,5,5,4,4,5,3,1,5,3,0.99124070716193,0.99124070716193,0.1524985703326045,0.1524985703326045,0.99124070716193,-0.6862435664967211,0.1524985703326045,0.99124070716193,-0.6862435664967211,-2.3637278401553723,-0.6862435664967211,0.8,0.9,0.1154700538379251,0,20,0.8092718832130138,0.9,1.0,577.0,73.0,24.0,0.0415944540727903,0.3287671232876712,0.0383386581469648,0,806.0,6595758.0,1.6421763035468917,2.283150995239831,0.906820783533166,0.4838143033398995,-0.0246845505588868,-0.8387267404663429,False,True,False,False,True,False,False,False,True,True,False,False,False,False,False,True,False,False,True,False,True,Minor,,False,False,
Lang,34,Lang-34,0.0,1.0,0.0769230769230769,1.0,0.0,0.0,1.0,13.0,1.0,0.0,0.0,1.0,0.0,1.0,0.0,0.0,1.0,0.0,1.0,0.0,-0.1322501889949812,-0.4554019288379759,-0.2120630993352311,-0.7304714432638804,-0.7627101412056181,1.6112222338099853,0.1845320580379615,-0.2020454871191189,-0.2073567129463963,-0.5251530779927517,-0.4635308650875505,-0.2192296649910203,-0.1809757993128989,-0.2886514946017978,-0.673136533919824,46.17,12.16,52.5,10.9,16.9,12.8,0.875,0.7464788732394366,3,4,1,3,4,2,4,3,3,0.4423258684646913,1.2532566273166257,-1.179535649239177,0.4423258684646913,1.2532566273166257,-0.3686048903872428,-1.179535649239177,0.4423258684646913,0.4423258684646913,-1.9904664080911112,0.4423258684646913,0.7,0.55,0.2516611478423583,-2,4,0.7152235739742332,0.6,1.0,287.0,76.0,21.0,0.073170731707317,0.2763157894736842,0.0614035087719298,0,182.0,3469155.0,1.8164540378455256,2.496438764208116,0.155712781271458,0.3502615481503528,-0.0257204169376002,0.3759238095949777,False,False,False,False,True,False,False,False,True,True,False,False,False,False,False,False,True,False,False,True,False,Major,lang.builder.*,False,False,
Csv,7,Csv-7,1.0,0.25,0.3333333333333333,0.3333333333333333,0.125,1.0,4.0,3.0,3.0,8.0,1.0,1.0,0.0,0.0,0.0,1.0,1.0,1.0,1.0,0.0,0.1571857077019535,0.7536938122739794,0.3191847978956929,-0.0742845141561098,-2.146641947180613,1.2273944117955893,0.1845320580379615,-0.2020454871191189,-0.2073567129463963,-0.5251530779927517,-0.4635308650875505,-0.2192296649910203,-0.0494572680454745,0.5548270635521871,1.2650324516769105,37.94,14.97,53.84,14.1,20.3,13.5,0.7708333333333334,0.5479452054794522,4,5,3,4,3,2,2,2,3,0.957427107756338,1.914854215512676,0.0,0.957427107756338,0.0,-0.957427107756338,0.0,-0.957427107756338,0.0,-1.914854215512676,0.0,0.7,0.6,0.1632993161855452,-1,9,0.8743843646210034,0.9,1.0,274.0,93.0,31.0,0.1131386861313868,0.3333333333333333,0.0922619047619047,0,25.0,238976.0,1.99073177214416,2.7097265331764,0.2904214227522401,0.5263083618093007,0.603420427219535,-0.0349024643154858,True,False,False,False,True,True,False,False,False,True,False,False,False,False,False,True,False,False,True,False,True,Major,Parser,False,False,
Compress,45,Compress-45,1.0,1.0,1.0,1.0,1.0,1.0,1.0,1.0,1.0,1.0,1.0,1.0,1.0,1.0,1.0,1.0,1.0,1.0,1.0,1.0,-0.2649386857175054,-0.1531279935599871,-0.1376630496916164,-0.967524911624191,0.7530246939098532,-0.5934995983213095,-1.1731399609644546,-0.2020454871191189,-0.2073567129463963,-0.5251530779927517,0.4023489388231981,-0.2192296649910203,-0.0494572680454745,-0.4995211341402941,-0.673136533919824,30.36,12.22,54.45,12.9,17.3,12.2,0.8541666666666666,0.6989247311827956,4,5,1,2,4,2,3,3,3,1.0493443645942062,1.8738292224896536,-1.4241102090921365,-0.599625351196689,1.0493443645942062,-0.599625351196689,-0.599625351196689,0.2248595066987586,0.2248595066987586,-1.4241102090921365,0.2248595066987586,0.7,0.5,0.2581988897471611,-1,4,0.7995879403076345,0.6,1.0,304.0,63.0,20.0,0.0657894736842105,0.3174603174603174,0.0576368876080691,0,323.0,2514689.0,0.7707876320537201,0.0436294210728453,0.3459942946502525,0.3624027077130389,0.980796414378903,0.5086694428904374,False,False,False,False,True,False,False,False,True,True,False,False,False,False,False,True,False,False,True,False,True,Minor,Archivers,False,False,
Math,83,Math-83,0.3333333333333333,0.5,1.0,0.3333333333333333,0.0,3.0,2.0,1.0,3.0,0.0,0.0,0.0,1.0,0.0,0.0,1.0,1.0,1.0,1.0,0.0,1.0852761270853235,-0.7576758641159647,0.7665157031227884,-0.2730428151719195,0.5775185551070113,0.9669917138991768,-0.3447299154714549,-0.2020454871191189,-0.2073567129463963,-0.5251530779927517,-0.4635308650875505,-0.2192296649910203,5.342802513918925,0.5548270635521871,0.2959479588785432,57.33,6.29,34.5,6.7,14.8,8.5,0.8958333333333334,0.7718631178707225,5,5,4,4,2,3,1,5,3,1.079127485069423,1.079127485069423,0.4543694673976517,0.4543694673976517,-0.7951465679458909,-0.1703885502741196,0.4543694673976517,1.079127485069423,-2.0446626032894337,-1.4199045856176622,-0.1703885502741196,0.3,0.75,0.2516611478423583,0,8,0.9937548826950124,0.4,1.0,235.0,101.0,28.0,0.1191489361702127,0.2772277227722772,0.0909090909090909,8,779.0,6202493.0,0.4222321634564516,-0.169658347895439,1.0232114863629762,0.5930847394040741,-0.5713367599515012,-1.5231007154491194,False,False,False,False,True,True,False,False,False,True,False,False,False,False,False,True,False,False,True,False,True,Major,,True,True,"patch,txt,zip"
Math,97,Math-97,1.0,1.0,1.0,1.0,1.0,1.0,1.0,1.0,1.0,1.0,1.0,1.0,1.0,1.0,1.0,1.0,1.0,1.0,1.0,1.0,0.7083533094724389,0.4514198769959905,1.1126007841542522,-0.2511164747049325,-0.6011343465993985,0.3339069692524416,-0.3447299154714549,0.1848994251388267,-0.2073567129463963,3.1290370897068125,0.4023489388231981,-0.2192296649910203,0.7396539195590717,0.3439574240136908,1.2650324516769105,40.85,9.36,42.44,10.9,19.9,11.1,0.9791666666666666,0.9428571428571428,5,5,3,3,5,3,2,4,3,1.3356461422412562,1.3356461422412562,-0.3928371006591931,-0.3928371006591931,1.3356461422412562,-0.3928371006591931,-0.3928371006591931,0.4714045207910316,-0.3928371006591931,-2.1213203435596424,-0.3928371006591931,0.8,0.75,0.1914854215512676,0,15,0.8526289557924557,0.6,1.0,188.0,86.0,41.0,0.2180851063829787,0.4767441860465116,0.1759656652360515,0,558.0,3395435.0,0.0736766948591831,0.363561074525272,0.8715508735847388,0.5870141596227312,-0.2952722711734232,-0.785779058733783,True,True,False,False,True,True,False,False,False,True,False,False,False,False,False,True,False,False,True,False,True,Minor,,False,False,
Jsoup,18,Jsoup-18,0.0,0.5,0.0238095238095238,0.0188679245283018,0.0212765957446808,0.0,2.0,42.0,53.0,47.0,0.0,1.0,0.0,0.0,0.0,0.0,1.0,0.0,0.0,0.0,-0.3283667033815692,-0.1531279935599871,-1.477240522956612,-0.0232063265487276,-0.9226620584791106,-1.0443298981730087,-0.5748438169972881,-0.2020454871191189,-0.2073567129463963,-0.5251530779927517,-0.4635308650875505,-0.2192296649910203,-0.1809757993128989,-0.2886514946017978,0.2959479588785432,17.13,15.6,64.01,15.9,29.3,15.4,0.75,0.4666666666666667,5,5,5,5,1,5,0,4,1,0.813157112614726,0.813157112614726,0.813157112614726,0.813157112614726,-1.1745602737768266,0.813157112614726,0.813157112614726,0.3162277660168378,-1.6714896203747147,-1.1745602737768266,-1.1745602737768266,0.5,0.75,0.3785938897200182,0,5,0.8297612866305267,0.0,1.0,54.0,58.0,3.0,0.0555555555555555,0.0517241379310344,0.0275229357798165,0,69.0,636665.0,-0.7977119766339881,-0.70287777031615,-0.6450552541976357,-0.5239019403630439,0.6536784442010396,-0.4059029140272204,False,False,False,False,True,True,False,False,False,True,False,False,False,False,False,True,False,False,True,False,True,,,False,False,
Jsoup,30,Jsoup-30,0.3333333333333333,1.0,1.0,1.0,1.0,3.0,1.0,1.0,1.0,1.0,0.0,1.0,1.0,1.0,1.0,1.0,1.0,1.0,1.0,1.0,1.3849188312224527,0.7536938122739794,0.8899099030420151,-0.2894723848276144,1.1096681845252594,0.4410471546985866,-0.5748438169972881,0.958789249654718,1.867985730840738,1.910973700473624,-0.4635308650875505,-0.2192296649910203,-0.3124943305803233,0.5548270635521871,-0.673136533919824,11.17,9.01,44.69,14.0,29.1,11.9,0.8333333333333334,0.5780219780219783,5,5,3,2,5,3,2,4,3,1.334248769989982,1.334248769989982,-0.2964997266644406,-1.111873974991652,1.334248769989982,-0.2964997266644406,-0.2964997266644406,0.5188745216627707,-0.2964997266644406,-1.9272482233188633,-0.2964997266644406,0.8,0.7,0.2581988897471611,1,15,0.9032408403806662,0.6,1.0,133.0,106.0,58.0,0.4360902255639097,0.5471698113207547,0.3204419889502762,0,77.0,635433.0,-0.7977119766339881,-0.70287777031615,-0.6450552541976357,-0.2385846906399213,-0.7023544288448211,-1.1212254095444407,True,True,False,True,True,False,False,False,True,True,False,True,False,False,False,False,False,False,True,False,True,,,False,False,
Jsoup,24,Jsoup-24,0.0,0.0,0.0,0.0138888888888888,0.05,0.0,0.0,0.0,72.0,20.0,0.0,0.0,0.0,0.0,0.0,0.0,0.0,0.0,0.0,0.0,-0.391794721045633,-0.4554019288379759,-1.2743422560414297,0.055954851597825,1.474022885748566,-0.233906348679689,-0.5748438169972881,-0.2020454871191189,-0.2073567129463963,-0.5251530779927517,-0.4635308650875505,-0.2192296649910203,-0.0494572680454745,-0.4995211341402941,-0.673136533919824,30.57,13.08,64.28,12.8,25.3,13.6,0.8333333333333334,0.6595744680851064,3,4,4,4,1,1,2,2,1,0.5833833511969481,1.2964074471043288,1.2964074471043288,1.2964074471043288,-0.8426648406178135,-0.8426648406178135,0.5833833511969481,-0.1296407447104327,-1.5556889365251945,-0.8426648406178135,-0.8426648406178135,0.1,0.55,0.3,0,4,0.9354561813700272,0.7,1.0,122.0,53.0,8.0,0.0655737704918032,0.1509433962264151,0.0479041916167664,0,75.0,682132.0,-0.7977119766339881,-0.70287777031615,-0.6450552541976357,-0.4631961425496136,-0.0112182876356128,-0.4800588398781786,False,True,False,False,True,False,False,False,True,True,False,False,False,False,False,True,False,False,True,False,True,,,False,False,
Math,2,Math-2,1.0,0.5,0.3333333333333333,1.0,1.0,1.0,2.0,3.0,1.0,1.0,1.0,1.0,0.0,1.0,1.0,1.0,1.0,1.0,1.0,1.0,0.4648480462563779,-0.4554019288379759,0.6208551603641733,-0.4047433421463992,0.0619124374841446,0.261835937670092,-0.3447299154714549,-0.2020454871191189,-0.2073567129463963,-0.5251530779927517,-0.4635308650875505,-0.2192296649910203,0.0820612632219498,-0.2886514946017978,0.2959479588785432,13.04,10.93,48.7,15.4,21.9,12.6,0.9791666666666666,0.9210526315789472,5,5,5,4,5,4,1,5,3,0.82915619758885,0.82915619758885,0.82915619758885,0.0,0.82915619758885,0.0,0.0,0.82915619758885,-0.82915619758885,-2.48746859276655,-0.82915619758885,0.9,0.95,0.0999999999999999,1,25,0.7859069789288623,0.7,1.0,148.0,90.0,27.0,0.1824324324324324,0.3,0.1279620853080568,0,1301.0,11932911.0,0.5965098977550859,-0.0630144634112968,0.906820783533166,0.4838143033398995,-0.0067295333278549,-0.2385534671829996,False,True,False,False,True,True,False,False,False,True,False,False,False,False,False,True,False,False,True,False,True,Major,,False,False,
Mockito,19,Mockito-19,0.1428571428571428,0.0,0.0714285714285714,0.05,0.0,7.0,0.0,14.0,20.0,0.0,0.0,0.0,0.0,0.0,0.0,0.0,0.0,0.0,0.0,0.0,-0.2970172233866871,0.4514198769959905,0.7482391553497967,-0.1828814263143778,-0.4379098193951574,0.4494194685070764,-0.989048839743788,-0.2020454871191189,-0.2073567129463963,-0.5251530779927517,0.4023489388231981,-0.2192296649910203,-0.1809757993128989,0.5548270635521871,-0.673136533919824,47.89,12.53,52.68,10.3,17.4,13.2,0.7291666666666666,0.4022988505747125,3,2,3,2,1,3,4,0,2,1.276884796138123,0.3405026123034994,1.276884796138123,0.3405026123034994,-0.5958795715311241,1.276884796138123,-0.5958795715311241,-1.5322617553657478,-1.5322617553657478,-0.5958795715311241,0.3405026123034994,0.3,0.3,0.2581988897471611,1,3,0.8254500919121476,0.4,5.0,127.0,69.0,16.0,0.1259842519685039,0.2318840579710145,0.0888888888888888,0,931.0,3278259.0,-0.7977119766339881,-0.70287777031615,-0.6450552541976357,-0.5663959988324452,0.3389045483695104,0.0637335253837683,False,False,False,False,True,False,False,False,True,True,False,False,False,False,False,False,True,False,False,True,True,,,False,False,
Mockito,25,Mockito-25,0.0,0.0,0.1111111111111111,0.0104166666666666,0.0014265335235378,0.0,0.0,9.0,96.0,701.0,0.0,0.0,0.0,0.0,0.0,0.0,0.0,0.0,0.0,0.0,-1.0231586669890729,-0.7576758641159647,-2.430552480033038,4.163331944642799,0.9303979192957068,-4.097795444638771,-1.8864930556945376,-0.2020454871191189,-0.2073567129463963,-0.5251530779927517,-0.4635308650875505,-0.2192296649910203,-0.3124943305803233,-0.4995211341402941,-0.673136533919824,48.015000000000015,10.133333333333336,42.0,9.543333333333337,11.090923076923085,10.793553405168565,0.9791666666666666,0.877551020408163,0,0,0,0,1,0,4,0,0,-0.4714045207910317,-0.4714045207910317,-0.4714045207910317,-0.4714045207910317,2.1213203435596424,-0.4714045207910317,2.1213203435596424,-0.4714045207910317,-0.4714045207910317,-0.4714045207910317,-0.4714045207910317,0.0,0.05,0.1,0,0,0.5201672987207322,1.0,1.0,53.0,23.0,7.0,0.1320754716981132,0.3043478260869565,0.1014492753623188,0,800.0,2980230.0,-0.9719897109326224,-0.9161655392844344,-0.6450552541976357,-0.6028194775205034,-0.9942554810346128,1.4462904983191245,True,True,False,False,True,False,False,False,True,True,False,False,False,False,True,False,False,False,True,False,False,Low,,False,False,
Mockito,31,Mockito-31,0.1111111111111111,0.0,0.0149253731343283,0.0111111111111111,0.0023809523809523,9.0,0.0,67.0,90.0,420.0,0.0,0.0,0.0,0.0,0.0,0.0,0.0,0.0,0.0,0.0,-1.0231586669890729,-0.7576758641159647,-2.430552480033038,4.163331944642799,0.9303979192957068,-4.097795444638771,-1.8864930556945376,-0.2020454871191189,-0.2073567129463963,-0.5251530779927517,-0.4635308650875505,-0.2192296649910203,-0.3124943305803233,1.187435982167676,0.2959479588785432,60.23823529411766,13.187301587301588,46.6937441643324,10.287226890756305,12.525238095238096,12.031772070788634,1.0,1.0,0,0,0,0,1,0,4,0,0,-0.4714045207910317,-0.4714045207910317,-0.4714045207910317,-0.4714045207910317,2.1213203435596424,-0.4714045207910317,2.1213203435596424,-0.4714045207910317,-0.4714045207910317,-0.4714045207910317,-0.4714045207910317,0.0,0.05,0.1,0,0,0.5201672987207322,1.0,1.0,88.0,55.0,13.0,0.1477272727272727,0.2363636363636363,0.1,0,680.0,2602031.0,-0.9719897109326224,-0.9161655392844344,-0.6450552541976357,-0.6028194775205034,-0.9942554810346128,1.4462904983191245,False,False,False,False,True,True,False,False,False,True,False,False,False,False,True,False,False,False,True,False,False,High,,False,False,
Mockito,27,Mockito-27,0.0,0.0,0.0238095238095238,0.0054347826086956,0.001199040767386,0.0,0.0,42.0,184.0,834.0,0.0,0.0,0.0,0.0,0.0,0.0,0.0,0.0,0.0,0.0,-1.0231586669890729,-0.7576758641159647,-2.430552480033038,4.163331944642799,0.9303979192957068,-4.097795444638771,-1.8864930556945376,-0.2020454871191189,-0.2073567129463963,-0.5251530779927517,-0.4635308650875505,-0.2192296649910203,-0.3124943305803233,0.5548270635521871,-0.673136533919824,50.69693965517246,7.727586206896553,36.560344827586206,7.989224137931036,10.130172413793105,8.472884824447931,0.9583333333333334,0.8102766798418974,0,0,0,0,1,0,4,0,0,-0.4714045207910317,-0.4714045207910317,-0.4714045207910317,-0.4714045207910317,2.1213203435596424,-0.4714045207910317,2.1213203435596424,-0.4714045207910317,-0.4714045207910317,-0.4714045207910317,-0.4714045207910317,0.0,0.05,0.1,0,0,0.5201672987207322,1.0,1.0,64.0,27.0,8.0,0.125,0.2962962962962963,0.0963855421686747,0,715.0,2733393.0,-0.9719897109326224,-0.9161655392844344,-0.6450552541976357,-0.6028194775205034,-0.9942554810346128,1.4462904983191245,False,False,False,True,True,False,False,False,True,True,False,False,False,False,True,False,False,False,True,False,False,Medium,,False,False,
JxPath,18,JxPath-18,0.1666666666666666,1.0,0.0555555555555555,0.1111111111111111,0.2,6.0,1.0,18.0,9.0,5.0,0.0,1.0,0.0,0.0,0.0,0.0,1.0,0.0,0.0,1.0,0.082821824923396,0.4514198769959905,-1.3081085028097328,-0.2515622221543136,1.1096681845252594,0.0405150720647259,0.1845320580379615,-0.2020454871191189,-0.2073567129463963,-0.5251530779927517,-0.4635308650875505,-0.2192296649910203,-0.1809757993128989,-0.4995211341402941,-0.673136533919824,34.46,12.96,57.21,13.4,23.7,14.1,0.7916666666666666,0.5918367346938774,4,2,1,0,4,3,4,3,3,1.2964074471043288,-0.1296407447104327,-0.8426648406178135,-1.5556889365251945,1.2964074471043288,0.5833833511969481,-0.8426648406178135,0.5833833511969481,0.5833833511969481,-1.5556889365251945,0.5833833511969481,0.8,0.4,0.3651483716701107,1,4,0.859168738315277,0.9,1.0,81.0,51.0,9.0,0.1111111111111111,0.1764705882352941,0.073170731707317,0,214.0,1259844.0,0.0736766948591831,0.363561074525272,1.530944842185771,0.4413202448704983,1.2911617122295982,-0.3740349615742958,False,True,False,False,True,False,False,False,True,True,False,False,True,False,False,False,False,False,True,False,False,Minor,,False,False,
Mockito,33,Mockito-33,0.0,0.0,0.0555555555555555,0.0069444444444444,0.0333333333333333,0.0,0.0,18.0,144.0,30.0,0.0,0.0,0.0,0.0,0.0,0.0,0.0,0.0,0.0,0.0,-1.0231586669890729,-0.7576758641159647,-2.430552480033038,4.163331944642799,0.9303979192957068,-4.097795444638771,-1.8864930556945376,-0.2020454871191189,-0.2073567129463963,-0.5251530779927517,-0.4635308650875505,-0.2192296649910203,-0.3124943305803233,0.7656967030906834,4.172285930072012,-72.2142857142857,22.64761904761905,69.31746031746032,25.56761904761905,29.1652,14.95560836045872,0.9375,0.7352941176470588,0,0,0,0,1,0,4,0,0,-0.4714045207910317,-0.4714045207910317,-0.4714045207910317,-0.4714045207910317,2.1213203435596424,-0.4714045207910317,2.1213203435596424,-0.4714045207910317,-0.4714045207910317,-0.4714045207910317,-0.4714045207910317,0.0,0.05,0.1,0,0,0.5201672987207322,1.0,1.0,70.0,25.0,4.0,0.0571428571428571,0.16,0.0439560439560439,0,662.0,2556660.0,-0.9719897109326224,-0.9161655392844344,-0.6450552541976357,-0.6028194775205034,-0.9942554810346128,1.4462904983191245,False,True,False,False,True,True,False,False,False,True,False,False,False,False,True,False,False,False,True,False,False,Low,,False,False,
Cli,9,Cli-9,1.0,1.0,1.0,1.0,1.0,1.0,1.0,1.0,1.0,1.0,1.0,1.0,1.0,1.0,1.0,1.0,1.0,1.0,1.0,1.0,0.1994710528113294,-0.1531279935599871,0.1532551970237864,-0.0546546832938796,-1.39301571620413,0.3498649688429917,0.1845320580379615,-0.2020454871191189,-0.2073567129463963,0.6929103112404362,1.2682287427339467,-0.2192296649910203,1.0026909820939205,0.9765663426291796,-0.673136533919824,44.0,8.27,51.65,9.7,17.2,10.1,0.9583333333333334,0.8820638820638822,5,5,4,3,5,3,2,4,3,1.125852503505287,1.125852503505287,0.3973597071195131,-0.331133089266261,1.125852503505287,-0.331133089266261,-0.331133089266261,0.3973597071195131,-0.331133089266261,-2.516611478423583,-0.331133089266261,0.8,0.8,0.1632993161855452,1,20,0.7868365838224542,0.6,1.0,184.0,73.0,20.0,0.108695652173913,0.273972602739726,0.0843881856540084,0,46.0,281368.0,1.1193431006509886,-0.4362680591057944,2.1688886455431557,0.4838143033398995,-0.2183422364078745,-0.6192459307883884,True,True,False,False,True,False,False,False,True,True,False,False,False,False,False,True,False,False,True,False,False,Major,CLI-1.x,False,False,
Jsoup,32,Jsoup-32,1.0,0.5,1.0,0.5,1.0,1.0,2.0,1.0,2.0,1.0,1.0,0.0,1.0,0.0,1.0,1.0,1.0,1.0,1.0,1.0,-0.4843850456816801,0.4514198769959905,-0.9009102888817494,0.4695805465504046,-0.2730111944760022,0.809687602663375,-0.989048839743788,-0.2020454871191189,-0.2073567129463963,-0.5251530779927517,-0.4635308650875505,-0.2192296649910203,-0.3124943305803233,-0.4995211341402941,-0.673136533919824,29.86,13.48,57.67,13.1,19.8,14.6,0.8125,0.5955056179775281,3,4,2,3,4,2,2,4,3,0.1010152544552209,1.212183053462653,-1.0101525445522108,0.1010152544552209,1.212183053462653,-1.0101525445522108,0.1010152544552209,1.212183053462653,0.1010152544552209,-2.121320343559643,0.1010152544552209,0.7,0.65,0.1914854215512676,-1,8,0.8732061372555563,0.6,1.0,331.0,44.0,11.0,0.0332326283987915,0.25,0.0302197802197802,0,77.0,648985.0,-0.7977119766339881,-0.70287777031615,-0.6450552541976357,-0.6028194775205034,1.05486086045691,-0.5754226685018075,False,False,False,False,True,False,False,False,True,True,False,False,False,False,True,False,False,False,True,False,True,,,False,False,
Codec,18,Codec-18,0.5,0.25,1.0,0.2,1.0,2.0,4.0,1.0,5.0,1.0,0.0,0.0,1.0,0.0,1.0,1.0,1.0,1.0,1.0,1.0,-0.3670067601194471,-0.4554019288379759,-1.287211016165591,-0.7473286456828815,1.474022885748566,0.5625979373280559,-0.5748438169972881,-0.2020454871191189,-0.2073567129463963,-0.5251530779927517,-0.4635308650875505,-0.2192296649910203,-0.0494572680454745,-0.7103907736787903,-0.673136533919824,47.79,9.2,54.47,10.3,18.1,10.8,0.7291666666666666,0.4545454545454546,4,5,2,3,1,2,3,3,2,1.2751965049066458,2.0134681656420725,-0.2013468165642074,0.5369248441712192,-0.939618477299634,-0.2013468165642074,-0.2013468165642074,0.5369248441712192,-1.6778901380350608,-0.939618477299634,-0.2013468165642074,0.2,0.4499999999999999,0.1914854215512676,-1,2,0.919297241923057,0.6,1.0,144.0,47.0,9.0,0.0625,0.1914893617021276,0.0494505494505494,0,122.0,1439389.0,1.6421763035468917,0.5768488434935564,0.8996361722473752,0.2834851705555795,0.8425427816999571,0.319251047854339,False,False,False,False,True,False,False,False,True,True,False,True,False,False,False,False,False,False,True,False,True,Major,,False,False,
Jsoup,26,Jsoup-26,0.5,0.5,0.25,0.5,1.0,2.0,2.0,4.0,2.0,1.0,0.0,0.0,0.0,0.0,1.0,1.0,1.0,1.0,1.0,1.0,-0.3750263945367426,0.1491459417180017,0.5822168518202852,-0.3374712560479259,-1.081014456579866,-0.3925419026614626,-0.5748438169972881,-0.2020454871191189,-0.2073567129463963,4.347100478940001,-0.4635308650875505,-0.2192296649910203,-0.3124943305803233,0.7656967030906834,0.2959479588785432,1.19,11.71,56.82,15.8,23.6,13.4,0.9791666666666666,0.9285714285714284,5,5,4,4,5,3,1,5,3,0.99124070716193,0.99124070716193,0.1524985703326045,0.1524985703326045,0.99124070716193,-0.6862435664967211,0.1524985703326045,0.99124070716193,-0.6862435664967211,-2.3637278401553723,-0.6862435664967211,0.8,0.9,0.1154700538379251,0,20,0.8596508724260119,0.9,1.0,129.0,61.0,15.0,0.1162790697674418,0.2459016393442623,0.0857142857142857,0,75.0,626129.0,-0.7977119766339881,-0.70287777031615,-0.6450552541976357,-0.542113679707073,0.0056145410184796,-0.25531808375516,True,False,False,False,True,True,False,False,False,True,False,False,False,True,False,False,False,False,True,False,True,,,False,False,
Math,81,Math-81,1.0,0.3333333333333333,0.5,1.0,1.0,1.0,3.0,2.0,1.0,1.0,1.0,1.0,0.0,1.0,1.0,1.0,1.0,1.0,1.0,1.0,2.077523621807057,-0.1531279935599871,0.9665937005596942,-0.5579324830691348,-0.7627101412056181,0.5514107025330122,-0.3447299154714549,1.1522617057836908,-0.2073567129463963,1.910973700473624,0.4023489388231981,-0.2192296649910203,5.211283982651501,0.7656967030906834,0.2959479588785432,-38.28,9.66,57.39,20.6,44.3,11.1,0.9791666666666666,0.9523809523809524,5,5,4,4,2,4,1,4,3,1.1195857368787,1.1195857368787,0.4714045207910315,0.4714045207910315,-0.8249579113843055,0.4714045207910315,0.4714045207910315,0.4714045207910315,-2.1213203435596424,-1.473139127471974,-0.176776695296637,0.4,0.7,0.2,0,8,0.8880283470292802,0.8,1.0,468.0,115.0,60.0,0.1282051282051282,0.5217391304347826,0.1147227533460803,0,785.0,6262381.0,0.0736766948591831,0.363561074525272,0.6548928553301138,0.7327080743749639,-0.9149007173796057,-0.9901036078326918,True,True,False,False,True,True,False,False,False,True,False,True,False,False,False,False,False,False,True,False,True,Major,,False,False,
Math,95,Math-95,1.0,1.0,0.1428571428571428,0.5,1.0,1.0,1.0,7.0,2.0,1.0,1.0,1.0,0.0,0.0,1.0,1.0,1.0,0.0,1.0,1.0,0.5661870629840201,-0.1531279935599871,0.9939250699340624,-0.4802108366672168,0.2319908443389094,-0.1830025916744808,-0.3447299154714549,-0.2020454871191189,-0.2073567129463963,0.6929103112404362,1.2682287427339467,-0.2192296649910203,0.3450983257567985,1.6091752612446684,-0.673136533919824,8.03,12.2,52.5,15.2,20.4,12.9,0.9166666666666666,0.764705882352941,5,5,3,3,5,3,2,5,3,1.179535649239177,1.179535649239177,-0.4423258684646913,-0.4423258684646913,1.179535649239177,-0.4423258684646913,-0.4423258684646913,1.179535649239177,-0.4423258684646913,-2.06418738616856,-0.4423258684646913,0.8,0.8,0.2309401076758503,0,15,0.7778893928668059,0.9,1.0,115.0,117.0,25.0,0.217391304347826,0.2136752136752136,0.1207729468599033,0,591.0,3808192.0,1.1193431006509886,0.2569171900411298,0.0855725153909535,0.5263083618093007,0.062846158442394,-0.1103379803497275,True,False,False,False,True,False,False,False,True,True,False,False,False,False,False,True,False,False,True,False,True,Minor,,False,False,
Csv,5,Csv-5,0.5,0.3333333333333333,0.3333333333333333,0.1666666666666666,0.3333333333333333,2.0,3.0,3.0,6.0,3.0,0.0,0.0,0.0,0.0,0.0,1.0,1.0,1.0,0.0,1.0,-0.2984753387352863,-0.4554019288379759,-1.439510043979213,-0.0978981339897187,-0.7627101412056181,0.9784089911250606,-0.5748438169972881,-0.2020454871191189,-0.2073567129463963,-0.5251530779927517,-0.4635308650875505,-0.2192296649910203,-0.1809757993128989,-0.4995211341402941,-0.673136533919824,31.07,12.95,52.13,12.6,19.4,11.6,1.0,1.0,4,5,4,4,1,2,1,4,1,0.7683498199278325,1.3720532498711293,0.7683498199278325,0.7683498199278325,-1.042760469902058,-0.4390570399587612,0.7683498199278325,0.7683498199278325,-1.646463899845355,-1.042760469902058,-1.042760469902058,0.2,0.65,0.3,0,4,0.902106909822653,0.6,1.0,217.0,52.0,11.0,0.0506912442396313,0.2115384615384615,0.0426356589147286,0,25.0,232492.0,0.4222321634564516,-0.169658347895439,1.111014999024061,0.386685026838411,0.2648401022915035,0.5030074799953362,False,False,False,False,True,False,False,False,True,True,False,False,False,False,False,True,False,False,True,False,True,Major,Parser,False,False,
Compress,47,Compress-47,0.2,0.3333333333333333,1.0,0.5,1.0,5.0,3.0,1.0,2.0,1.0,0.0,1.0,1.0,0.0,1.0,1.0,1.0,1.0,1.0,1.0,0.3671543179002337,0.7536938122739794,0.4978349539992363,-0.4262166352158854,-0.1064125837329401,-1.017893679550068,-1.1731399609644546,-0.2020454871191189,-0.2073567129463963,0.6929103112404362,0.4023489388231981,-0.2192296649910203,-0.0494572680454745,-0.2886514946017978,1.2650324516769105,-4.44,10.45,50.13,15.9,31.9,11.2,0.9583333333333334,0.8632478632478634,5,5,3,3,5,4,2,5,4,1.0493443645942062,1.0493443645942062,-0.599625351196689,-0.599625351196689,1.0493443645942062,0.2248595066987586,-0.599625351196689,1.0493443645942062,-0.599625351196689,-2.2485950669875843,0.2248595066987586,0.9,0.8,0.2309401076758503,0,15,0.9507249079466288,0.8,1.0,481.0,81.0,40.0,0.0831600831600831,0.4938271604938271,0.0766283524904214,0,341.0,2613214.0,1.6421763035468917,0.5768488434935564,0.4141617239360861,0.4413202448704983,-0.8060917531607577,-0.6537960428485048,True,True,False,False,True,True,False,False,False,True,False,False,False,True,False,False,False,False,True,False,True,Major,Archivers,False,False,
Math,42,Math-42,0.25,1.0,1.0,1.0,0.25,4.0,1.0,1.0,1.0,4.0,0.0,1.0,1.0,1.0,0.0,1.0,1.0,1.0,1.0,1.0,0.2577956667552961,-0.4554019288379759,0.390826446143682,-0.7352120836464812,0.0619124374841446,0.2218478743512511,-0.3447299154714549,-0.2020454871191189,-0.2073567129463963,-0.5251530779927517,-0.4635308650875505,-0.2192296649910203,0.2135797944893742,-0.2886514946017978,-0.673136533919824,30.77,13.39,55.92,12.7,18.7,13.2,0.8125,0.5263157894736843,5,5,5,4,3,3,1,5,3,1.0493443645942062,1.0493443645942062,1.0493443645942062,0.2248595066987586,-0.599625351196689,-0.599625351196689,0.2248595066987586,1.0493443645942062,-0.599625351196689,-2.2485950669875843,-0.599625351196689,0.8,0.85,0.1914854215512676,1,15,0.9759627629402144,0.4,1.0,241.0,85.0,24.0,0.0995850622406639,0.2823529411764706,0.0794701986754966,1,976.0,8377455.0,0.2479544291578174,0.5768488434935564,0.9958628512718186,0.7752021328443651,0.886981449346761,0.0806683241703355,False,False,False,False,True,False,False,False,True,True,False,False,False,False,False,True,False,False,True,False,True,Major,,True,False,patch
Closure,19,Closure-19,0.0,0.5,0.0294117647058823,0.0588235294117647,0.1428571428571428,0.0,2.0,34.0,17.0,7.0,0.0,0.0,0.0,0.0,0.0,0.0,1.0,0.0,0.0,0.0,-1.0231586669890729,-0.7576758641159647,1.0308095874276235,0.0103777606969168,-1.8496029254103703,-0.8009912436519591,1.5882268573455445,-0.2020454871191189,-0.2073567129463963,0.6929103112404362,-0.4635308650875505,-0.2192296649910203,-0.3124943305803233,-0.0777818550633016,0.2959479588785432,-376.68,16.69,67.75,67.8,141.0,14.2,0.875,0.7096774193548387,5,5,4,4,3,3,1,5,4,0.9914601339836674,0.9914601339836674,0.3499271061118826,0.3499271061118826,-0.2916059217599022,-0.2916059217599022,0.3499271061118826,0.9914601339836674,-2.2162050053752567,-1.5746719775034717,0.3499271061118826,0.3,0.8,0.1632993161855452,0,12,0.9223216762739896,0.9,1.0,203.0,117.0,36.0,0.1773399014778325,0.3076923076923077,0.1267605633802817,0,981.0,12672817.0,-0.7977119766339881,-0.70287777031615,-0.6450552541976357,-0.6028194775205034,-0.9942554810346128,1.4462904983191245,True,False,False,False,True,True,False,False,False,True,False,False,False,False,True,False,False,False,True,False,True,Medium,,False,False,
Lang,22,Lang-22,1.0,1.0,1.0,0.5,0.0,1.0,1.0,1.0,2.0,0.0,1.0,1.0,1.0,0.0,0.0,1.0,1.0,1.0,1.0,0.0,0.2381111095492073,-0.7576758641159647,1.064571656608352,0.4144219583125785,1.290866087015343,0.5056261068741298,-0.3447299154714549,-0.2020454871191189,-0.2073567129463963,-0.5251530779927517,-0.4635308650875505,-0.2192296649910203,-0.0494572680454745,-0.2886514946017978,-0.673136533919824,4.54,9.66,46.84,14.5,21.5,10.9,1.0,1.0,5,5,4,4,4,3,1,5,3,1.12089707663561,1.12089707663561,0.2401922307076309,0.2401922307076309,0.2401922307076309,-0.6405126152203484,0.2401922307076309,1.12089707663561,-0.6405126152203484,-2.401922307076307,-0.6405126152203484,0.8,0.8500000000000001,0.0999999999999999,0,16,0.833688650862734,0.9,1.0,338.0,74.0,33.0,0.0976331360946745,0.4459459459459459,0.0870712401055409,0,202.0,3737707.0,1.8164540378455256,-0.6114687264725995,1.0066939938821782,0.5505906809346729,-0.5243293404017418,-0.4644543340659657,False,True,False,False,True,False,False,False,True,True,False,False,False,False,False,True,False,False,True,False,True,Minor,lang.math.*,False,False,
Lang,36,Lang-36,1.0,1.0,1.0,1.0,0.0,1.0,1.0,1.0,1.0,0.0,1.0,1.0,1.0,1.0,0.0,1.0,1.0,1.0,1.0,0.0,-0.0170590764556469,1.0559677475519682,-0.7454602659068691,0.1543633793742634,-0.9226620584791106,1.1389290220353565,-0.3447299154714549,-0.2020454871191189,-0.2073567129463963,-0.5251530779927517,-0.4635308650875505,-0.2192296649910203,-0.0494572680454745,-0.4995211341402941,1.2650324516769105,45.15,11.58,47.47,11.3,16.2,12.4,0.9791666666666666,0.9390862944162436,5,5,3,3,5,4,1,5,3,1.0493443645942062,1.0493443645942062,-0.599625351196689,-0.599625351196689,1.0493443645942062,0.2248595066987586,0.2248595066987586,1.0493443645942062,-0.599625351196689,-2.2485950669875843,-0.599625351196689,0.9,0.8,0.2309401076758503,0,15,0.998896102840373,0.7,1.0,284.0,71.0,24.0,0.0845070422535211,0.3380281690140845,0.0725075528700906,0,180.0,3389683.0,1.8164540378455256,0.6834927279776986,0.264908422471789,0.4534614044331844,0.2477483070427328,0.1355919959105539,False,True,False,False,True,True,False,False,False,True,False,False,False,False,False,True,False,False,True,False,True,Minor,lang.math.*,False,False,
Math,56,Math-56,1.0,1.0,1.0,1.0,1.0,1.0,1.0,1.0,1.0,1.0,1.0,1.0,1.0,1.0,1.0,1.0,1.0,1.0,1.0,1.0,-0.0564281908678244,-0.7576758641159647,0.8320117221831925,-0.312336543320938,-0.6011343465993985,1.0318597335554258,-0.3447299154714549,-0.2020454871191189,-0.2073567129463963,-0.5251530779927517,-0.4635308650875505,-0.2192296649910203,0.0820612632219498,-0.7103907736787903,1.2650324516769105,26.51,11.86,49.77,14.4,19.9,12.5,0.9791666666666666,0.9550561797752808,5,5,4,4,1,3,1,5,2,1.1037354955780372,1.1037354955780372,0.5255883312276368,0.5255883312276368,-1.2088531618235645,-0.0525588331227636,0.5255883312276368,1.1037354955780372,-1.7870003261739649,-1.2088531618235645,-0.630705997473164,0.3,0.7,0.3464101615137754,0,4,0.9248037837154,0.9,1.0,138.0,60.0,11.0,0.0797101449275362,0.1833333333333333,0.0588235294117647,1,798.0,6536170.0,0.9450653663523544,0.1502733055569876,0.4549008384796908,0.4777437235585565,0.7339149274522135,-0.4873556176743804,False,True,False,False,True,True,False,False,False,True,False,False,False,False,False,True,False,False,True,False,True,Minor,,True,False,patch
Closure,25,Closure-25,0.1428571428571428,1.0,0.1666666666666666,0.037037037037037,0.0476190476190476,7.0,1.0,6.0,27.0,21.0,0.0,1.0,0.0,0.0,0.0,0.0,1.0,0.0,0.0,0.0,-1.0231586669890729,0.1491459417180017,-0.4488772104404326,-0.3597665593248129,-0.6011343465993985,0.0006570042892589,1.5882268573455445,-0.2020454871191189,-0.2073567129463963,-0.5251530779927517,-0.4635308650875505,-0.2192296649910203,-0.3124943305803233,-0.2886514946017978,-0.673136533919824,-72.52,12.0,65.64,25.5,63.2,13.3,0.8541666666666666,0.6888888888888888,5,5,4,4,1,3,1,4,3,1.177621523593293,1.177621523593293,0.5607721540920443,0.5607721540920443,-1.2897759544117016,-0.0560772154092043,0.5607721540920443,0.5607721540920443,-1.9066253239129505,-1.2897759544117016,-0.0560772154092043,0.3,0.65,0.3,0,4,0.7601796839783828,0.9,1.0,507.0,72.0,26.0,0.0512820512820512,0.3611111111111111,0.0470162748643761,0,979.0,12599614.0,-0.7977119766339881,-0.70287777031615,-0.6450552541976357,-0.6028194775205034,-0.9942554810346128,1.4462904983191245,True,False,False,False,True,False,False,False,True,True,False,False,False,False,True,False,False,False,True,False,True,Medium,,False,False,
Cli,23,Cli-23,1.0,1.0,1.0,1.0,1.0,1.0,1.0,1.0,1.0,1.0,1.0,1.0,1.0,1.0,1.0,1.0,1.0,1.0,1.0,1.0,0.1375011504958648,-0.1531279935599871,-0.2277479513500944,-0.490613893597455,-0.1064125837329401,1.2493115711987897,-0.5748438169972881,-0.2020454871191189,-0.2073567129463963,1.910973700473624,-0.4635308650875505,-0.2192296649910203,-0.0494572680454745,-0.2886514946017978,0.2959479588785432,29.45,12.78,57.58,13.2,20.6,14.1,0.9166666666666666,0.826086956521739,4,5,4,4,1,3,1,4,3,0.6504436355879909,1.3008872711759818,0.6504436355879909,0.6504436355879909,-1.3008872711759818,0.0,0.6504436355879909,0.6504436355879909,-1.9513309067639728,-1.3008872711759818,0.0,0.3,0.65,0.3,0,4,0.8087067870640009,0.9,1.0,252.0,85.0,26.0,0.1031746031746031,0.3058823529411765,0.0836012861736334,2,44.0,283049.0,0.9450653663523544,1.429999919366694,0.7451670296028742,0.5202377820279578,1.079549009149579,0.034956321422218,True,False,False,False,True,True,False,False,False,True,False,True,False,False,False,False,False,False,True,False,True,Major,Help formatter,True,False,patch
Closure,176,Closure-176,0.1428571428571428,0.5,0.0909090909090909,0.0227272727272727,0.0344827586206896,7.0,2.0,11.0,44.0,29.0,0.0,0.0,0.0,0.0,0.0,0.0,1.0,0.0,0.0,0.0,-1.0231586669890729,2.869611359219901,0.9317434692821772,-0.2177650845709547,-1.546710917989482,-1.4133881135989497,1.5882268573455445,-0.2020454871191189,-0.2073567129463963,-0.5251530779927517,0.4023489388231981,-0.2192296649910203,-0.1809757993128989,-0.0777818550633016,0.2959479588785432,28.94,10.23,44.63,13.4,26.5,12.4,0.6458333333333334,0.2635379061371842,5,5,5,4,4,4,2,4,3,1.111873974991652,1.111873974991652,1.111873974991652,0.2964997266644406,0.2964997266644406,0.2964997266644406,-0.5188745216627707,0.2964997266644406,-1.334248769989982,-2.1496230183171936,-0.5188745216627707,0.7333333333333334,0.8500000000000001,0.0999999999999999,1,20,0.5711480612407567,0.7,1.0,577.0,159.0,61.0,0.1057192374350086,0.3836477987421384,0.0903703703703703,0,1077.0,13298735.0,-0.7977119766339881,-0.70287777031615,-0.6450552541976357,-0.6028194775205034,-0.9942554810346128,1.4462904983191245,True,False,False,False,True,True,False,False,False,True,False,False,False,False,True,False,False,False,True,False,True,Medium,,False,False,
Closure,162,Closure-162,0.0,0.5,0.0050251256281407,0.0043668122270742,0.0135135135135135,0.0,2.0,199.0,229.0,74.0,0.0,0.0,0.0,0.0,0.0,0.0,1.0,0.0,0.0,0.0,-1.0231586669890729,0.1491459417180017,0.9121123884713364,0.2944086482776834,0.2319908443389094,0.024888881095045,1.5882268573455445,-0.2020454871191189,-0.2073567129463963,-0.5251530779927517,-0.4635308650875505,-0.2192296649910203,-0.3124943305803233,0.3439574240136908,0.2959479588785432,5.96,7.98,44.89,14.0,36.7,10.0,0.8125,0.5364806866952789,5,5,5,5,1,4,1,5,3,0.8457816116784908,0.8457816116784908,0.8457816116784908,0.8457816116784908,-1.3433002067834854,0.2985111570629967,0.2985111570629967,0.8457816116784908,-1.8905706613989792,-1.3433002067834854,-0.2487592975524973,0.4,0.8,0.4,0,5,0.7512589752497522,0.7,2.0,333.0,68.0,21.0,0.063063063063063,0.3088235294117647,0.0552631578947368,0,933.0,12181065.0,-0.7977119766339881,-0.70287777031615,-0.6450552541976357,-0.6028194775205034,-0.9942554810346128,1.4462904983191245,True,False,False,False,True,True,False,False,False,True,False,False,False,False,True,False,False,False,True,False,True,Medium,,False,False,
Cli,37,Cli-37,0.1666666666666666,1.0,0.0,0.5,0.125,6.0,1.0,0.0,2.0,8.0,0.0,1.0,0.0,0.0,0.0,0.0,1.0,0.0,1.0,0.0,-0.3167017805927758,-0.4554019288379759,-2.430552480032922,-1.3091595996944234,-1.39301571620413,0.0984645613761772,-0.5748438169972881,-0.2020454871191189,-0.2073567129463963,0.6929103112404362,0.4023489388231981,-0.2192296649910203,-0.0494572680454745,-0.2886514946017978,-0.673136533919824,38.52,13.41,60.8,11.8,17.1,13.3,0.9375,0.7352941176470588,0,0,0,0,1,0,4,0,0,-0.4714045207910317,-0.4714045207910317,-0.4714045207910317,-0.4714045207910317,2.1213203435596424,-0.4714045207910317,2.1213203435596424,-0.4714045207910317,-0.4714045207910317,-0.4714045207910317,-0.4714045207910317,0.0,0.05,0.1,0,0,0.5705462879337302,0.5,1.0,203.0,55.0,12.0,0.0591133004926108,0.2181818181818181,0.048780487804878,0,49.0,385705.0,1.2936208349496228,1.856575457303263,0.5325447979627962,0.4352496650891553,0.6598504813742067,0.6054956695294783,True,False,False,False,True,False,False,False,True,True,False,False,False,False,False,True,False,False,True,False,False,Major,CLI-1.x,False,False,
Closure,6,Closure-6,0.0,0.0,0.1428571428571428,0.0476190476190476,0.0108695652173913,0.0,0.0,7.0,21.0,92.0,0.0,0.0,0.0,0.0,0.0,0.0,0.0,0.0,0.0,0.0,-1.0231586669890729,-0.7576758641159647,-0.304640230381016,0.0904758556416426,-0.9226620584791106,-1.1110948066742927,1.5882268573455445,-0.2020454871191189,-0.2073567129463963,-0.5251530779927517,-0.4635308650875505,-0.2192296649910203,-0.3124943305803233,-1.1321300527557827,0.2959479588785432,-48.06,8.36,57.3,22.3,53.7,12.5,0.6458333333333334,0.2661870503597122,4,5,2,3,1,2,2,3,3,1.125852503505287,1.8543452998910612,-0.331133089266261,0.3973597071195131,-1.059625885652035,-0.331133089266261,0.3973597071195131,0.3973597071195131,-1.7881186820378092,-1.059625885652035,0.3973597071195131,0.2,0.4499999999999999,0.1914854215512676,-1,2,0.9496749964106548,0.6,1.0,413.0,66.0,23.0,0.0556900726392251,0.3484848484848485,0.050438596491228,0,990.0,12545046.0,-0.7977119766339881,-0.70287777031615,-0.6450552541976357,-0.6028194775205034,-0.9942554810346128,1.4462904983191245,False,False,False,False,False,True,False,True,False,True,False,False,False,False,True,False,False,False,True,False,True,Medium,,False,False,
Closure,31,Closure-31,0.1666666666666666,0.0,0.1,0.1428571428571428,0.5,6.0,0.0,10.0,7.0,2.0,0.0,0.0,0.0,0.0,0.0,0.0,0.0,0.0,0.0,1.0,-1.0231586669890729,0.1491459417180017,-0.2533480090739413,-0.7488727198944152,1.474022885748566,0.6934861272837697,1.5882268573455445,-0.2020454871191189,-0.2073567129463963,-0.5251530779927517,-0.4635308650875505,-0.2192296649910203,-0.3124943305803233,-0.4995211341402941,-0.673136533919824,-45.38,14.34,59.44,23.3,44.4,16.1,0.6666666666666666,0.3567839195979899,2,3,2,3,3,2,3,2,3,-0.1010152544552209,1.0101525445522108,-0.1010152544552209,1.0101525445522108,1.0101525445522108,-0.1010152544552209,-0.1010152544552209,-0.1010152544552209,-1.212183053462653,-2.3233508524700848,1.0101525445522108,0.3666666666666667,0.5,0.1154700538379251,-1,6,0.8564988995276318,0.6,1.0,784.0,69.0,37.0,0.0471938775510204,0.5362318840579711,0.0453431372549019,0,974.0,12517506.0,-0.7977119766339881,-0.70287777031615,-0.6450552541976357,-0.6028194775205034,-0.9942554810346128,1.4462904983191245,False,False,True,False,True,False,False,False,True,True,False,False,False,False,True,False,False,False,True,False,False,Medium,,False,False,
JacksonDatabind,99,JacksonDatabind-99,0.0,0.5,0.1111111111111111,1.0,0.1666666666666666,0.0,2.0,9.0,1.0,6.0,0.0,0.0,0.0,1.0,0.0,0.0,1.0,0.0,1.0,0.0,-0.517921698699461,-0.4554019288379759,-1.276747352887897,-0.2721639374674383,-1.237791208928377,-0.8949218465515175,-0.989048839743788,-0.2020454871191189,-0.2073567129463963,-0.5251530779927517,-0.4635308650875505,-0.2192296649910203,-0.3124943305803233,-0.7103907736787903,0.2959479588785432,-14.11,16.64,61.61,17.5,31.2,14.1,0.9375,0.8651685393258427,5,5,4,4,2,3,1,4,3,1.1909826683508271,1.1909826683508271,0.5359422007578724,0.5359422007578724,-0.7741387344280377,-0.1190982668350826,0.5359422007578724,0.5359422007578724,-2.084219669613948,-1.4291792020209926,-0.1190982668350826,0.3,0.7,0.2,0,8,0.946877199068323,0.4,1.0,123.0,39.0,10.0,0.08130081300813,0.2564102564102564,0.0657894736842105,0,816.0,5695628.0,-0.7977119766339881,-0.70287777031615,-0.6450552541976357,-0.5663959988324452,-0.4928961537373356,-0.1528115426663475,False,False,False,False,True,True,False,False,False,True,False,False,False,False,False,True,False,False,True,False,True,,,False,False,
Time,15,Time-15,0.25,1.0,1.0,1.0,1.0,4.0,1.0,1.0,1.0,1.0,0.0,1.0,1.0,1.0,1.0,1.0,1.0,1.0,1.0,1.0,-0.6761272140224707,0.1491459417180017,0.4106841113472544,-0.6332213541680616,0.4038501769199036,0.6826145164739882,-1.5873449837109543,-0.2020454871191189,-0.2073567129463963,-0.5251530779927517,-0.4635308650875505,-0.2192296649910203,-0.1809757993128989,-0.7103907736787903,-0.673136533919824,57.57,8.89,39.89,8.6,12.6,9.3,0.7708333333333334,0.5182481751824818,4,5,3,3,4,2,3,4,3,0.8391813582966892,1.762280852423047,-0.0839181358296688,-0.0839181358296688,0.8391813582966892,-1.007017629956027,-1.007017629956027,0.8391813582966892,-0.0839181358296688,-1.930117124082385,-0.0839181358296688,0.7,0.7,0.1154700538379251,0,12,0.8849940972368854,0.6,1.0,145.0,44.0,14.0,0.096551724137931,0.3181818181818182,0.08,0,315.0,5509005.0,0.7707876320537201,-0.738425731810864,0.8948832755506215,-0.5724665786137881,-0.3029873176398822,-0.0518648837245387,False,False,False,False,True,False,False,False,True,True,False,False,False,False,False,True,False,False,True,False,True,,,False,False,
JacksonCore,17,JacksonCore-17,0.0,1.0,0.1428571428571428,1.0,0.3333333333333333,0.0,1.0,7.0,1.0,3.0,0.0,1.0,0.0,1.0,0.0,0.0,1.0,0.0,1.0,1.0,0.4852616611367663,0.4514198769959905,0.8999687381904649,-0.1467306412607327,-0.4379098193951574,0.4993349407942611,0.4146459595637947,-0.2020454871191189,2.1644632228103284,3.1290370897068125,-0.4635308650875505,-0.2192296649910203,-0.1809757993128989,0.1330877844751946,-0.673136533919824,-3.49,11.73,49.44,17.6,27.2,13.5,1.0,1.0,0,0,0,0,0,0,4,0,0,-0.3162277660168379,-0.3162277660168379,-0.3162277660168379,-0.3162277660168379,-0.3162277660168379,-0.3162277660168379,3.1622776601683795,-0.3162277660168379,-0.3162277660168379,-0.3162277660168379,-0.3162277660168379,0.0,0.0,0.0,0,0,0.8720587261645286,0.5,1.0,413.0,103.0,47.0,0.1138014527845036,0.4563106796116505,0.1002132196162046,0,171.0,1591511.0,-0.7977119766339881,-0.70287777031615,-0.6450552541976357,-0.5906783179578173,-0.7080403334789254,-0.9745547009205788,True,False,False,False,True,False,False,False,True,True,False,True,False,False,False,False,False,False,True,False,False,,,False,False,
Gson,1,Gson-1,0.2,0.5,0.5,0.0138888888888888,0.0,5.0,2.0,2.0,72.0,0.0,0.0,0.0,0.0,0.0,0.0,1.0,1.0,1.0,0.0,0.0,0.0106451151677372,-0.1531279935599871,-1.303183723857612,1.7005201489468724,0.4038501769199036,0.2233342706625922,0.4146459595637947,-0.2020454871191189,-0.2073567129463963,-0.5251530779927517,-0.4635308650875505,-0.2192296649910203,-0.1809757993128989,-0.2886514946017978,-0.673136533919824,13.65,13.7,45.76,15.2,23.6,14.0,0.7083333333333334,0.4400000000000001,4,5,4,4,1,4,1,2,3,0.6974858324629156,1.3368478455539217,0.6974858324629156,0.6974858324629156,-1.2206002068101025,0.6974858324629156,0.6974858324629156,-0.5812381937190965,-1.8599622199011083,-1.2206002068101025,0.0581238193719095,0.4,0.55,0.3,0,4,0.8220879644583141,0.7,1.0,126.0,68.0,15.0,0.119047619047619,0.2205882352941176,0.0837988826815642,0,260.0,990140.0,-0.7977119766339881,-0.70287777031615,-0.6450552541976357,-0.3782080256108111,0.55051725144953,-0.5630558060451898,False,True,False,False,True,False,False,False,True,True,False,False,False,False,False,True,False,False,True,False,True,,,False,False,
JacksonDatabind,66,JacksonDatabind-66,0.0,0.0,0.0106382978723404,0.125,0.0555555555555555,0.0,0.0,94.0,8.0,18.0,0.0,0.0,0.0,0.0,0.0,0.0,0.0,0.0,0.0,0.0,1.6510248823418006,0.4514198769959905,0.8153109206567564,0.3113575056008542,1.290866087015343,-0.0637710126023009,0.4146459595637947,-0.2020454871191189,-0.2073567129463963,0.6929103112404362,-0.4635308650875505,-0.2192296649910203,-0.3124943305803233,1.398305621706172,1.2650324516769105,-56.01,10.54,50.4,23.3,36.9,12.9,0.9583333333333334,0.8500000000000001,5,5,4,4,5,3,1,5,4,0.9370425713316364,0.9370425713316364,0.0780868809443029,0.0780868809443029,0.9370425713316364,-0.7808688094430304,0.0780868809443029,0.9370425713316364,-0.7808688094430304,-2.498780190217697,0.0780868809443029,0.8,0.9,0.1154700538379251,0,20,0.9190628842773924,0.6,1.0,183.0,107.0,42.0,0.2295081967213114,0.3925233644859813,0.1693548387096774,0,776.0,5536150.0,-0.7977119766339881,-0.70287777031615,-0.6450552541976357,-0.1475259939197758,-0.646646347441834,-1.583506328616135,True,True,False,False,True,True,False,False,False,True,False,False,False,False,False,True,False,False,True,False,True,,,False,False,
JacksonDatabind,7,JacksonDatabind-7,1.0,1.0,0.1,0.3333333333333333,1.0,1.0,1.0,10.0,3.0,1.0,1.0,1.0,0.0,0.0,1.0,1.0,1.0,0.0,1.0,1.0,-0.1533928615496691,0.4514198769959905,-0.2573109482202168,0.0529609716405992,-0.1064125837329401,0.0882152222135541,0.4146459595637947,-0.2020454871191189,-0.2073567129463963,-0.5251530779927517,1.2682287427339467,-0.2192296649910203,-0.3124943305803233,-0.7103907736787903,0.2959479588785432,5.32,16.78,62.69,18.4,26.3,17.3,0.8541666666666666,0.6216216216216215,5,5,3,3,5,3,2,5,3,1.179535649239177,1.179535649239177,-0.4423258684646913,-0.4423258684646913,1.179535649239177,-0.4423258684646913,-0.4423258684646913,1.179535649239177,-0.4423258684646913,-2.06418738616856,-0.4423258684646913,0.8,0.8,0.2309401076758503,0,15,0.8786473712928022,0.4,1.0,393.0,70.0,26.0,0.0661577608142493,0.3714285714285714,0.0594965675057208,0,652.0,4320568.0,-0.7977119766339881,-0.70287777031615,-0.6450552541976357,-0.5239019403630439,1.7990321996216456,0.0783306578280329,False,False,False,False,True,True,False,False,False,True,False,False,False,False,False,True,False,False,True,False,True,,,False,False,
JacksonDatabind,72,JacksonDatabind-72,0.0,0.0,0.0097087378640776,0.0131578947368421,0.0051282051282051,0.0,0.0,103.0,76.0,195.0,0.0,0.0,0.0,0.0,0.0,0.0,0.0,0.0,0.0,0.0,0.2636281281496928,-0.4554019288379759,0.8354232197696325,-0.3673781521432173,0.9303979192957068,-0.1962349071588768,0.4146459595637947,1.1522617057836908,1.867985730840738,1.910973700473624,-0.4635308650875505,-0.2192296649910203,-0.3124943305803233,-0.4995211341402941,0.2959479588785432,-147.24,15.37,56.63,35.6,59.2,13.4,0.9583333333333334,0.8504672897196264,5,5,4,4,5,4,1,5,4,0.8864052604279183,0.8864052604279183,0.0,0.0,0.8864052604279183,0.0,0.0,0.8864052604279183,-0.8864052604279183,-2.6592157812837547,0.0,0.9,0.9,0.1154700538379251,0,20,0.7763654684556843,0.8,1.0,94.0,68.0,23.0,0.2446808510638297,0.3382352941176471,0.1654676258992805,0,755.0,5304002.0,-0.7977119766339881,-0.70287777031615,-0.6450552541976357,-0.4389138234242414,-0.9917015346181298,-1.1498780240456408,True,True,False,False,True,True,False,False,False,True,False,True,False,False,False,False,False,False,True,False,True,,,False,False,
JacksonDatabind,73,JacksonDatabind-73,0.5,0.25,0.25,0.0454545454545454,0.125,2.0,4.0,4.0,22.0,8.0,0.0,0.0,0.0,0.0,0.0,1.0,1.0,1.0,0.0,0.0,0.0310587300481255,-0.7576758641159647,0.6857008682921449,-1.1528726221458694,-0.6011343465993985,0.0519476927298458,0.4146459595637947,-0.2020454871191189,-0.2073567129463963,-0.5251530779927517,-0.4635308650875505,-0.2192296649910203,-0.3124943305803233,-0.7103907736787903,-0.673136533919824,17.5,11.31,48.49,13.7,21.8,12.9,0.7083333333333334,0.4314720812182742,4,5,3,4,1,3,1,4,3,0.7249465119962123,1.389480814659407,0.0604122093330176,0.7249465119962123,-1.2686563959933717,0.0604122093330176,0.7249465119962123,0.7249465119962123,-1.9331906986565663,-1.2686563959933717,0.0604122093330176,0.3,0.6,0.282842712474619,-1,3,0.9148365780204322,0.9,2.0,602.0,72.0,37.0,0.0614617940199335,0.5138888888888888,0.0580847723704866,0,784.0,5564460.0,-0.7977119766339881,-0.70287777031615,-0.6450552541976357,-0.3782080256108111,0.3177432780615085,-0.6140909775660031,False,True,False,False,True,False,False,False,True,True,False,False,False,False,False,True,False,False,True,False,True,,,False,False,
JacksonDatabind,6,JacksonDatabind-6,1.0,1.0,1.0,1.0,0.5,1.0,1.0,1.0,1.0,2.0,1.0,1.0,1.0,1.0,0.0,1.0,1.0,1.0,1.0,1.0,-0.4442868735952031,-0.7576758641159647,-1.295135203529838,0.4070801932061533,0.9303979192957068,1.2166387930366074,0.4146459595637947,-0.2020454871191189,-0.2073567129463963,-0.5251530779927517,-0.4635308650875505,-0.2192296649910203,0.0820612632219498,-0.4995211341402941,-0.673136533919824,31.38,12.24,62.78,12.5,25.9,13.0,0.6458333333333334,0.2688172043010753,4,5,2,3,1,1,3,2,2,1.3846989941311527,2.1100175148665183,-0.0659380473395786,0.6593804733957871,-0.7912565680749444,-0.7912565680749444,-0.0659380473395786,-0.0659380473395786,-1.51657508881031,-0.7912565680749444,-0.0659380473395786,0.1,0.4,0.1632993161855452,-1,2,0.9944032160068368,0.8,1.0,229.0,54.0,15.0,0.0655021834061135,0.2777777777777778,0.0559701492537313,0,652.0,4315739.0,-0.7977119766339881,-0.70287777031615,-0.6450552541976357,-0.5724665786137881,0.4277818836631186,-0.0527456335082209,False,False,False,False,True,False,False,False,True,True,False,False,True,False,False,False,False,False,True,False,True,,,False,False,
JacksonDatabind,67,JacksonDatabind-67,0.125,1.0,1.0,0.0769230769230769,1.0,8.0,1.0,1.0,13.0,1.0,0.0,1.0,1.0,0.0,1.0,0.0,1.0,1.0,0.0,1.0,1.4636570600468075,0.7536938122739794,1.0601187461194093,0.6039075227600869,1.474022885748566,0.1680561012057393,0.4146459595637947,-0.2020454871191189,-0.2073567129463963,1.910973700473624,-0.4635308650875505,-0.2192296649910203,-0.3124943305803233,0.5548270635521871,-0.673136533919824,-42.44,13.11,51.01,22.2,30.1,13.5,0.8958333333333334,0.673913043478261,5,5,2,3,5,4,2,5,4,1.0502100630210074,1.0502100630210074,-1.2602520756252087,-0.4900980294098033,1.0502100630210074,0.280056016805602,-0.4900980294098033,1.0502100630210074,-0.4900980294098033,-2.030406121840614,0.280056016805602,0.9,0.75,0.3,-1,10,0.9505806248754952,0.8,1.0,585.0,105.0,67.0,0.1145299145299145,0.638095238095238,0.1075441412520064,0,776.0,5537624.0,-0.7977119766339881,-0.70287777031615,-0.6450552541976357,-0.2385846906399213,-0.1471433790174095,-0.8042240779726711,True,True,False,False,True,False,False,False,True,True,False,False,False,False,False,True,False,False,True,False,True,,,False,False,
JacksonCore,16,JacksonCore-16,0.3333333333333333,1.0,1.0,1.0,1.0,3.0,1.0,1.0,1.0,1.0,0.0,1.0,1.0,1.0,1.0,1.0,1.0,1.0,1.0,1.0,-0.4377253545265068,-0.4554019288379759,0.1035309635863443,-0.4639630447319834,-0.2730111944760022,0.6537534050166205,0.4146459595637947,-0.2020454871191189,-0.2073567129463963,-0.5251530779927517,0.4023489388231981,-0.2192296649910203,-0.3124943305803233,0.1330877844751946,0.2959479588785432,41.87,12.6,48.14,10.5,19.5,12.6,0.7291666666666666,0.4901960784313725,4,5,2,2,4,2,4,3,3,1.0493443645942062,1.8738292224896536,-0.599625351196689,-0.599625351196689,1.0493443645942062,-0.599625351196689,-1.4241102090921365,0.2248595066987586,0.2248595066987586,-1.4241102090921365,0.2248595066987586,0.7,0.55,0.1914854215512676,0,8,0.7492089510946363,0.6,1.0,101.0,51.0,14.0,0.1386138613861386,0.2745098039215686,0.1014492753623188,0,179.0,1767335.0,-0.7977119766339881,-0.70287777031615,-0.6450552541976357,-0.5785371583951312,-0.2080328995911554,0.0755502516481733,False,False,False,False,True,True,False,False,False,True,False,False,False,False,False,True,False,False,True,False,True,,,False,False,
Time,14,Time-14,0.0,0.3333333333333333,0.1666666666666666,0.0909090909090909,0.0526315789473684,0.0,3.0,6.0,11.0,19.0,0.0,0.0,0.0,0.0,0.0,0.0,1.0,0.0,0.0,0.0,0.0850089979462947,-0.4554019288379759,0.8716890564366824,0.2079585169950533,1.1096681845252594,-0.6081347756192975,-1.5873449837109543,1.3457341619126637,2.1644632228103284,0.6929103112404362,-0.4635308650875505,-0.2192296649910203,-0.3124943305803233,0.3439574240136908,0.2959479588785432,-21.46,9.28,43.66,18.3,31.7,11.7,0.8958333333333334,0.7297297297297298,5,5,5,5,3,4,1,5,4,0.7683498199278325,0.7683498199278325,0.7683498199278325,0.7683498199278325,-0.4390570399587612,0.1646463899845356,0.1646463899845356,0.7683498199278325,-2.2501673297886517,-1.646463899845355,0.1646463899845356,0.4,0.9,0.2,0,15,0.9972758518534642,0.7,1.0,192.0,75.0,29.0,0.1510416666666666,0.3866666666666666,0.1218487394957983,0,315.0,5511109.0,1.2936208349496228,1.856575457303263,0.9693964302158596,-0.4389138234242414,-0.9561651944802092,-1.0613432015798208,True,False,False,False,True,True,False,False,False,True,False,False,False,False,False,True,False,False,True,False,True,,,False,False,
JacksonDatabind,98,JacksonDatabind-98,0.0,0.0,0.0185185185185185,0.3333333333333333,0.2,0.0,0.0,54.0,3.0,5.0,0.0,0.0,0.0,0.0,0.0,0.0,0.0,0.0,1.0,1.0,1.7720484562755314,-0.7576758641159647,0.6741186062081908,-0.0037817954620109,-0.1064125837329401,-0.0774834057485332,0.4146459595637947,5.021710828363147,5.129238142506234,4.347100478940001,-0.4635308650875505,3.1090752489635607,-0.0494572680454745,-0.2886514946017978,-0.673136533919824,-204.53,13.42,48.95,43.1,70.7,10.5,0.8125,0.5764705882352942,5,5,5,4,1,5,2,1,4,1.0150733134979468,1.0150733134979468,1.0150733134979468,0.4833682445228318,-1.1117469624025131,1.0150733134979468,-0.0483368244522831,-1.1117469624025131,-1.643452031377628,-1.1117469624025131,0.4833682445228318,0.5,0.55,0.412310562561766,1,5,0.9409881502855753,0.5,1.0,222.0,118.0,37.0,0.1666666666666666,0.3135593220338983,0.1221122112211221,0,916.0,6364439.0,-0.7977119766339881,-0.70287777031615,-0.6450552541976357,-0.359996286266782,-1.0789005622666206,-1.400400564868678,True,False,False,False,True,False,False,False,True,True,False,False,False,False,False,True,False,False,True,False,True,,,False,False,
Closure,7,Closure-7,0.0,0.5,0.010204081632653,0.0067567567567567,0.0014619883040935,0.0,2.0,98.0,148.0,684.0,0.0,1.0,0.0,0.0,0.0,0.0,1.0,0.0,0.0,0.0,-1.0231586669890729,0.7536938122739794,0.287260071516782,0.34932174196393,-0.4379098193951574,-0.5949889855662703,1.5882268573455445,-0.2020454871191189,-0.2073567129463963,-0.5251530779927517,-0.4635308650875505,-0.2192296649910203,-0.3124943305803233,-0.0777818550633016,-0.673136533919824,-27.38,8.77,40.22,18.5,43.5,10.7,0.7083333333333334,0.3170731707317075,5,5,4,3,5,4,1,4,3,1.12089707663561,1.12089707663561,0.2401922307076309,-0.6405126152203484,1.12089707663561,0.2401922307076309,0.2401922307076309,0.2401922307076309,-0.6405126152203484,-2.401922307076307,-0.6405126152203484,0.9,0.8,0.1632993161855452,1,20,0.9387994559397282,0.7,1.0,210.0,43.0,8.0,0.0380952380952381,0.1860465116279069,0.0326530612244898,0,988.0,12804226.0,-0.7977119766339881,-0.70287777031615,-0.6450552541976357,-0.6028194775205034,-0.9942554810346128,1.4462904983191245,True,False,False,False,True,False,False,False,True,True,False,False,False,False,True,False,False,False,True,False,True,Medium,,False,False,
Cli,36,Cli-36,0.5,0.0,0.125,0.3333333333333333,0.3333333333333333,2.0,0.0,8.0,3.0,3.0,0.0,0.0,0.0,0.0,0.0,1.0,0.0,0.0,1.0,1.0,0.2497760323380007,-0.4554019288379759,0.6832703080547479,-0.6760737619640085,-0.2730111944760022,1.0792843160015664,0.1845320580379615,-0.2020454871191189,-0.2073567129463963,-0.5251530779927517,-0.4635308650875505,-0.2192296649910203,-0.0494572680454745,2.030914540321661,-0.673136533919824,26.88,9.07,51.74,12.1,20.6,11.9,0.9166666666666666,0.7641277641277641,5,5,3,4,5,3,1,5,3,1.0493443645942062,1.0493443645942062,-0.599625351196689,0.2248595066987586,1.0493443645942062,-0.599625351196689,0.2248595066987586,1.0493443645942062,-0.599625351196689,-2.2485950669875843,-0.599625351196689,0.8,0.85,0.1914854215512676,-1,15,0.7492089510946363,0.4,2.0,185.0,72.0,16.0,0.0864864864864864,0.2222222222222222,0.0663900414937759,0,48.0,380110.0,1.4678985692482571,2.069863226271547,0.3082400261227139,0.6416493776548184,-0.4652237233345639,-0.5789936292584204,False,False,False,False,True,False,False,False,True,True,False,False,False,False,False,True,False,False,True,False,True,Major,"CLI-1.x, Help formatter",False,False,
Closure,163,Closure-163,0.0,0.0,0.0061728395061728,0.0098039215686274,0.0041322314049586,0.0,0.0,162.0,102.0,242.0,0.0,0.0,0.0,0.0,0.0,0.0,0.0,0.0,0.0,0.0,-1.0231586669890729,-0.4554019288379759,0.6388981610984755,-0.2180987192368683,0.7530246939098532,0.1013717880319111,1.5882268573455445,-0.2020454871191189,-0.2073567129463963,1.910973700473624,-0.4635308650875505,-0.2192296649910203,-0.3124943305803233,0.3439574240136908,-0.673136533919824,-93.94,6.92,56.27,27.5,68.6,9.6,0.8541666666666666,0.701067615658363,5,5,5,3,2,3,1,1,4,1.1726039399558574,1.1726039399558574,1.1726039399558574,0.0,-0.5863019699779287,0.0,0.5863019699779287,-1.1726039399558574,-1.758905909933786,-1.1726039399558574,0.5863019699779287,0.3,0.55,0.3415650255319866,2,10,0.9781833264766744,0.9,2.0,367.0,146.0,49.0,0.1335149863760218,0.3356164383561644,0.105603448275862,0,918.0,11879891.0,-0.7977119766339881,-0.70287777031615,-0.6450552541976357,-0.6028194775205034,-0.9942554810346128,1.4462904983191245,True,False,False,False,True,False,False,False,True,True,False,False,False,False,True,False,False,False,True,False,True,High,,False,False,
Compress,1,Compress-1,1.0,0.0,0.3333333333333333,0.0833333333333333,0.0,1.0,0.0,3.0,12.0,0.0,1.0,0.0,0.0,0.0,0.0,1.0,0.0,1.0,0.0,0.0,0.648570580179873,0.1491459417180017,1.0383714188029671,0.192001731633627,0.4038501769199036,-0.6358824406474003,-1.1731399609644546,0.3783718812677994,-0.2073567129463963,0.6929103112404362,0.4023489388231981,-0.2192296649910203,-0.1809757993128989,-0.4995211341402941,-0.673136533919824,2.41,10.85,49.82,15.3,29.6,10.7,0.7916666666666666,0.5675675675675675,5,5,4,4,2,3,3,2,3,1.4291792020209926,1.4291792020209926,0.7741387344280377,0.7741387344280377,-0.5359422007578724,0.1190982668350826,-0.5359422007578724,-0.5359422007578724,-1.8460231359437824,-1.1909826683508271,0.1190982668350826,0.3,0.6,0.2309401076758503,0,8,0.8858186429206877,0.6,1.0,207.0,92.0,23.0,0.1111111111111111,0.25,0.0833333333333333,2,80.0,515778.0,0.2479544291578174,0.5768488434935564,0.638226853925912,0.4656025639958704,-0.6654815984444361,-0.4859099009521422,True,True,False,False,True,False,False,False,True,True,False,True,False,False,False,False,False,False,True,False,True,Major,,True,True,txt
Closure,30,Closure-30,0.0,0.0,0.0036496350364963,0.0053475935828877,0.0048780487804878,0.0,0.0,274.0,187.0,205.0,0.0,0.0,0.0,0.0,0.0,0.0,0.0,0.0,0.0,0.0,-1.0231586669890729,3.1718852944978897,0.538382420064675,-0.1645796452730294,-0.4379098193951574,-0.992489540249226,1.5882268573455445,-0.2020454871191189,0.0891207790231942,-0.5251530779927517,0.4023489388231981,-0.2192296649910203,0.4766168570242229,1.398305621706172,0.2959479588785432,35.23,7.1,45.64,11.0,28.9,10.5,0.7916666666666666,0.5580110497237568,4,4,3,3,5,3,4,2,3,0.884537962671703,0.884537962671703,0.1360827634879542,0.1360827634879542,1.6329931618554518,0.1360827634879542,-1.3608276348795434,-0.6123724356957946,0.1360827634879542,-2.109282834063292,0.1360827634879542,0.8,0.65,0.2516611478423583,0,15,0.7721655269759087,0.9,2.0,409.0,249.0,62.0,0.1515892420537897,0.2489959839357429,0.1040268456375839,0,974.0,12521541.0,-0.7977119766339881,-0.70287777031615,-0.6450552541976357,-0.6028194775205034,-0.9942554810346128,1.4462904983191245,True,False,False,False,True,True,False,False,False,True,False,False,False,False,True,False,False,False,True,False,False,Medium,,False,False,
Closure,24,Closure-24,1.0,0.2,0.0277777777777777,0.0344827586206896,0.037037037037037,1.0,5.0,36.0,29.0,27.0,1.0,0.0,0.0,0.0,0.0,1.0,1.0,0.0,0.0,0.0,-1.0231586669890729,-0.4554019288379759,-1.2834991301392693,-0.942489333995124,-0.4379098193951574,0.1131340614960916,1.5882268573455445,-0.2020454871191189,-0.2073567129463963,-0.5251530779927517,-0.4635308650875505,-0.2192296649910203,-0.3124943305803233,-0.2886514946017978,0.2959479588785432,-30.22,8.89,49.68,19.6,47.7,11.9,0.7916666666666666,0.575221238938053,4,5,3,4,1,2,1,5,2,0.7200034083082246,1.329237061492107,0.1107697551243421,0.7200034083082246,-1.1076975512434226,-0.4984638980595403,0.7200034083082246,1.329237061492107,-1.716931204427305,-1.1076975512434226,-0.4984638980595403,0.2,0.6499999999999999,0.3415650255319866,-1,3,0.8912840629324256,0.9,1.0,234.0,36.0,10.0,0.0427350427350427,0.2777777777777778,0.0384615384615384,0,979.0,12603184.0,-0.7977119766339881,-0.70287777031615,-0.6450552541976357,-0.6028194775205034,-0.9942554810346128,1.4462904983191245,True,False,False,False,True,True,False,False,False,True,False,False,False,False,True,False,False,False,True,False,True,Medium,,False,False,
Cli,22,Cli-22,0.3333333333333333,1.0,1.0,0.25,0.3333333333333333,3.0,1.0,1.0,4.0,3.0,0.0,1.0,1.0,0.0,0.0,1.0,1.0,1.0,1.0,1.0,1.6495667669932017,0.4514198769959905,0.6743467820628556,-0.6796139664335973,-0.1064125837329401,1.2478804620372923,0.1845320580379615,-0.2020454871191189,0.0891207790231942,0.6929103112404362,2.134108546644695,-0.2192296649910203,-0.3124943305803233,2.452653819398653,0.2959479588785432,50.02,9.04,39.04,9.5,13.5,10.9,0.9583333333333334,0.8500000000000001,5,5,4,4,5,3,1,5,4,0.9370425713316364,0.9370425713316364,0.0780868809443029,0.0780868809443029,0.9370425713316364,-0.7808688094430304,0.0780868809443029,0.9370425713316364,-0.7808688094430304,-2.498780190217697,0.0780868809443029,0.8,0.9,0.1154700538379251,0,20,0.9190628842773924,0.9,1.0,164.0,140.0,27.0,0.1646341463414634,0.1928571428571428,0.0974729241877256,0,46.0,283871.0,0.9450653663523544,1.429999919366694,-0.1816478262641324,0.8844725689085398,0.3265604740231759,-1.100172694435399,True,False,False,False,True,True,False,False,False,True,False,False,False,False,False,True,False,False,True,False,True,Major,,False,False,
Lang,37,Lang-37,0.3333333333333333,1.0,0.125,1.0,0.04,3.0,1.0,8.0,1.0,25.0,0.0,1.0,0.0,1.0,0.0,1.0,1.0,0.0,1.0,0.0,-0.0702802866795165,-0.4554019288379759,0.7995508720655523,-0.565083908787551,1.290866087015343,0.5272259805891375,0.1845320580379615,0.1848994251388267,0.0891207790231942,1.910973700473624,-0.4635308650875505,-0.2192296649910203,-0.1809757993128989,0.1330877844751946,-0.673136533919824,45.72,8.44,43.74,9.0,16.2,9.7,0.7708333333333334,0.4634146341463416,5,5,4,4,3,3,1,4,3,1.164964745021435,1.164964745021435,0.4905114715879725,0.4905114715879725,-0.1839418018454899,-0.1839418018454899,0.4905114715879725,0.4905114715879725,-2.207301622145877,-1.5328483487124147,-0.1839418018454899,0.3,0.75,0.1,0,12,0.9547566455012524,0.9,1.0,313.0,66.0,21.0,0.0670926517571885,0.3181818181818182,0.0586592178770949,0,180.0,3415054.0,1.8164540378455256,0.0791773825675595,0.9905003738029642,0.4170379257451262,-0.4758043584885649,0.4645932394301144,True,False,False,False,True,False,False,False,True,True,False,True,False,False,False,False,False,False,True,False,True,Major,lang.*,False,False,
Math,57,Math-57,0.5,1.0,1.0,1.0,0.5,2.0,1.0,1.0,1.0,2.0,0.0,1.0,1.0,1.0,0.0,1.0,1.0,1.0,1.0,1.0,0.0645953830659064,0.1491459417180017,0.6920263326781763,-0.5825994583795667,-0.4379098193951574,-0.0848922721206239,-0.3447299154714549,-0.2020454871191189,-0.2073567129463963,-0.5251530779927517,-0.4635308650875505,-0.2192296649910203,0.0820612632219498,-0.0777818550633016,0.2959479588785432,41.36,10.51,46.1,10.7,15.3,10.6,0.8125,0.4929577464788732,5,5,2,3,5,3,2,5,4,1.1147728228665883,1.1147728228665883,-1.1844461242957498,-0.4180398085749705,1.1147728228665883,-0.4180398085749705,-0.4180398085749705,1.1147728228665883,-0.4180398085749705,-1.9508524400165292,0.3483665071458088,0.8,0.75,0.3,-1,10,0.8390621864752356,0.4,1.0,164.0,81.0,17.0,0.1036585365853658,0.2098765432098765,0.0745614035087719,1,796.0,6498928.0,0.2479544291578174,0.5768488434935564,0.8948832755506215,0.3563321279316959,0.6890273843746336,-0.072233616063623,False,False,False,False,True,True,False,False,False,True,False,False,False,False,False,True,False,False,True,False,True,Minor,,False,False,txt
Closure,18,Closure-18,0.0,0.0,0.0909090909090909,0.0666666666666666,0.2,0.0,0.0,11.0,15.0,5.0,0.0,0.0,0.0,0.0,0.0,0.0,0.0,0.0,0.0,1.0,-1.0231586669890729,-0.7576758641159647,0.9305431091191017,-0.7813772259236953,0.7530246939098532,-0.1169514809581374,1.5882268573455445,-0.2020454871191189,-0.2073567129463963,-0.5251530779927517,-0.4635308650875505,-0.2192296649910203,-0.1809757993128989,1.8200449007831645,2.2341169444752773,-11.98,9.16,44.99,16.7,36.3,10.8,0.6666666666666666,0.159737417943107,4,5,4,5,4,3,0,5,3,0.1524985703326045,0.99124070716193,0.1524985703326045,0.99124070716193,0.1524985703326045,-0.6862435664967211,0.99124070716193,0.99124070716193,-0.6862435664967211,-2.3637278401553723,-0.6862435664967211,0.8,0.9,0.1154700538379251,-1,16,0.8483042609252385,0.4,1.0,796.0,102.0,50.0,0.0628140703517587,0.4901960784313725,0.0589622641509434,0,981.0,12673181.0,-0.7977119766339881,-0.70287777031615,-0.6450552541976357,-0.6028194775205034,-0.9942554810346128,1.4462904983191245,False,False,False,False,True,True,False,False,False,True,False,False,False,False,True,False,False,False,True,False,True,Medium,,False,False,
Math,106,Math-106,1.0,1.0,1.0,1.0,1.0,1.0,1.0,1.0,1.0,1.0,1.0,1.0,1.0,1.0,1.0,1.0,1.0,1.0,1.0,1.0,0.8665588247954485,-0.4554019288379759,0.8591391854973761,0.1215127116076049,-1.237791208928377,0.8660017171491714,-0.3447299154714549,-0.2020454871191189,-0.2073567129463963,-0.5251530779927517,-0.4635308650875505,-0.2192296649910203,-0.1809757993128989,0.9765663426291796,-0.673136533919824,17.03,12.73,56.66,15.9,23.0,15.0,0.75,0.4857142857142856,4,4,4,4,1,3,4,1,3,1.095445115010332,1.095445115010332,1.095445115010332,1.095445115010332,-0.912870929175277,0.4260064336151291,-0.912870929175277,-0.912870929175277,-1.58230961057048,-0.912870929175277,0.4260064336151291,0.3,0.5,0.3464101615137754,0,4,0.9237551666104498,0.9,1.0,123.0,90.0,19.0,0.1544715447154471,0.2111111111111111,0.0979381443298969,0,281.0,1768237.0,1.4678985692482571,-0.3296241746216523,-0.1069046927264705,0.7630609732816791,1.41812933407761,-1.0683088507462069,False,True,False,False,True,False,False,False,True,True,False,False,False,False,False,True,False,False,True,False,True,,,False,False,
Math,43,Math-43,1.0,0.2,1.0,1.0,1.0,1.0,5.0,1.0,1.0,1.0,1.0,1.0,1.0,1.0,1.0,1.0,1.0,1.0,1.0,1.0,0.2505050900123003,-0.7576758641159647,0.0564097650733044,-0.5158804560046782,-1.237791208928377,0.5582346364951433,-0.3447299154714549,-0.2020454871191189,-0.2073567129463963,-0.5251530779927517,-0.4635308650875505,-0.2192296649910203,0.0820612632219498,-0.7103907736787903,-0.673136533919824,8.64,11.82,55.65,15.0,22.1,12.7,0.8541666666666666,0.6934306569343065,4,5,4,4,2,3,1,4,3,0.6299407883487121,1.3228756555322954,0.6299407883487121,0.6299407883487121,-0.7559289460184544,-0.0629940788348711,0.6299407883487121,0.6299407883487121,-2.141798680385621,-1.4488638132020375,-0.0629940788348711,0.3,0.7,0.2,0,8,0.9997088469837484,0.4,1.0,225.0,75.0,17.0,0.0755555555555555,0.2266666666666666,0.0600706713780918,0,974.0,8320484.0,0.5965098977550859,-0.0630144634112968,0.5054735323958898,0.8359079306577955,0.0031457261492125,0.117637221904957,False,False,False,False,True,False,False,False,True,True,False,False,False,False,False,True,False,False,True,False,True,Minor,,False,False,
Lang,23,Lang-23,0.0,0.0,0.0909090909090909,0.5,0.0,0.0,0.0,11.0,2.0,0.0,0.0,0.0,0.0,0.0,0.0,0.0,0.0,0.0,1.0,0.0,0.1316686891014681,-0.1531279935599871,0.9776348655863788,-0.160378299823121,0.7530246939098532,0.4003358374247647,0.1845320580379615,-0.2020454871191189,-0.2073567129463963,-0.5251530779927517,-0.4635308650875505,-0.2192296649910203,-0.1809757993128989,0.1330877844751946,0.2959479588785432,47.18,11.11,51.91,10.6,17.2,11.6,0.8125,0.619718309859155,5,4,2,2,5,3,4,2,3,1.5328483487124147,0.8583950752789523,-0.4905114715879725,-0.4905114715879725,1.5328483487124147,0.1839418018454899,-1.164964745021435,-0.4905114715879725,0.1839418018454899,-1.8394180184548976,0.1839418018454899,0.8,0.55,0.3,0,10,0.7190039429545997,0.4,1.0,239.0,80.0,22.0,0.0920502092050209,0.275,0.074074074074074,0,206.0,3781187.0,1.2936208349496228,-0.5322475551415224,0.317406326895025,0.374543867275725,0.1123544780132542,-0.2457584849794618,False,False,False,False,True,True,False,False,False,True,False,False,False,False,True,False,False,False,True,False,False,Major,lang.text.*,False,False,
Compress,46,Compress-46,0.0,0.5,0.05,0.0714285714285714,0.0384615384615384,0.0,2.0,20.0,14.0,26.0,0.0,1.0,0.0,0.0,0.0,0.0,1.0,0.0,0.0,0.0,0.827189710383271,0.7536938122739794,0.9990344584704288,-0.5403910682288435,-0.7627101412056181,0.3989076819365844,-1.1731399609644546,-0.2020454871191189,-0.2073567129463963,-0.5251530779927517,-0.4635308650875505,-0.2192296649910203,0.3450983257567985,-0.2886514946017978,-0.673136533919824,50.53,8.16,41.23,9.3,14.5,10.6,0.7708333333333334,0.5268817204301076,3,2,2,1,2,4,4,0,1,1.2570787221094175,0.3928371006591931,0.3928371006591931,-0.4714045207910316,0.3928371006591931,2.1213203435596424,-0.4714045207910316,-1.3356461422412562,-0.4714045207910316,-1.3356461422412562,-0.4714045207910316,0.5666666666666667,0.25,0.1914854215512676,1,4,0.9398572147308688,0.1999999999999999,1.0,304.0,115.0,22.0,0.0723684210526315,0.1913043478260869,0.0554156171284634,1,324.0,2535294.0,1.99073177214416,2.7097265331764,0.5465638462028013,0.7812727126257082,-0.3882736494872841,-1.0406758908663682,False,False,False,False,True,False,False,False,True,True,False,False,False,False,False,False,True,False,False,True,False,Major,,False,False,zip
Csv,4,Csv-4,1.0,0.25,1.0,1.0,1.0,1.0,4.0,1.0,1.0,1.0,1.0,1.0,1.0,1.0,1.0,1.0,1.0,1.0,1.0,1.0,0.1710378035136456,0.1491459417180017,-0.2939040292472706,-0.1592297746522936,0.0619124374841446,0.9567909313526476,0.1845320580379615,0.3783718812677994,-0.2073567129463963,0.6929103112404362,-0.4635308650875505,-0.2192296649910203,-0.1809757993128989,0.3439574240136908,-0.673136533919824,25.66,9.03,51.95,12.6,21.0,12.1,0.8958333333333334,0.7435897435897437,5,5,3,2,5,3,4,3,3,1.3846989941311527,1.3846989941311527,-0.0659380473395786,-0.7912565680749444,1.3846989941311527,-0.0659380473395786,-1.51657508881031,-0.0659380473395786,-0.0659380473395786,-1.51657508881031,-0.0659380473395786,0.8,0.65,0.2516611478423583,1,15,0.7940744912644748,0.9,1.0,271.0,77.0,26.0,0.0959409594095941,0.3376623376623376,0.0807453416149068,0,25.0,229058.0,0.2479544291578174,0.5768488434935564,1.1423733964030198,0.5505906809346729,-0.4372908465280014,-0.2452493939204009,True,False,False,False,True,False,False,False,True,True,False,False,False,True,False,False,False,False,True,False,True,Major,Parser,False,False,
Math,94,Math-94,0.5,1.0,1.0,0.5,0.5,2.0,1.0,1.0,2.0,2.0,0.0,1.0,1.0,0.0,0.0,1.0,1.0,1.0,1.0,1.0,-0.0855904978398078,0.7536938122739794,-0.2635954324614692,0.1471645490544772,0.9303979192957068,0.0720964153162331,-0.3447299154714549,-0.2020454871191189,-0.2073567129463963,-0.5251530779927517,-0.4635308650875505,-0.2192296649910203,-0.1809757993128989,-0.7103907736787903,-0.673136533919824,59.33,11.07,49.62,10.0,14.7,11.2,0.9166666666666666,0.7641277641277641,5,5,4,4,5,3,1,5,3,0.99124070716193,0.99124070716193,0.1524985703326045,0.1524985703326045,0.99124070716193,-0.6862435664967211,0.1524985703326045,0.99124070716193,-0.6862435664967211,-2.3637278401553723,-0.6862435664967211,0.8,0.9,0.1154700538379251,0,20,0.9604088508520082,0.9,1.0,323.0,56.0,16.0,0.0495356037151702,0.2857142857142857,0.0440771349862259,0,624.0,4368399.0,2.3392872407414287,1.0034243814301251,0.8215528693721331,0.3684732874943819,1.696752726466303,-0.3625060259330677,False,True,False,False,True,False,False,False,True,True,False,False,False,False,False,True,False,False,True,False,True,Minor,,False,False,
Math,80,Math-80,1.0,1.0,0.5,1.0,0.5,1.0,1.0,2.0,1.0,2.0,1.0,1.0,0.0,1.0,0.0,1.0,1.0,1.0,1.0,1.0,1.7749646869727298,-0.4554019288379759,-0.2607481081303291,-0.2163005888062073,-1.237791208928377,0.2731853951868853,-0.3447299154714549,-0.2020454871191189,-0.2073567129463963,-0.5251530779927517,-0.4635308650875505,-0.2192296649910203,9.288358451941656,0.3439574240136908,-0.673136533919824,12.6,8.63,59.17,13.5,54.2,10.9,0.9375,0.8577075098814229,5,5,5,4,1,4,1,4,3,1.0098386065601943,1.0098386065601943,1.0098386065601943,0.425195202762187,-1.3287350086318348,0.425195202762187,0.425195202762187,0.425195202762187,-1.913378412429842,-1.3287350086318348,-0.1594482010358202,0.4,0.7,0.3464101615137754,1,5,0.8544444867010235,0.8,1.0,468.0,80.0,38.0,0.0811965811965812,0.475,0.0745098039215686,0,785.0,6264538.0,0.4222321634564516,0.7901366124618407,1.111014999024061,0.6355787978734754,-0.8724606141507792,-0.7648113510622856,True,True,False,False,True,False,False,False,True,True,False,False,False,False,False,True,False,False,True,False,True,Major,,False,False,
Jsoup,27,Jsoup-27,0.5,0.5,1.0,1.0,1.0,2.0,2.0,1.0,1.0,1.0,0.0,1.0,1.0,1.0,1.0,1.0,1.0,1.0,1.0,1.0,-0.0768418057482128,-0.7576758641159647,-0.2737533361152576,0.5390263048550287,-0.7627101412056181,-0.0489623865238888,-0.5748438169972881,-0.2020454871191189,-0.2073567129463963,0.6929103112404362,-0.4635308650875505,-0.2192296649910203,-0.3124943305803233,0.3439574240136908,0.2959479588785432,30.87,12.13,50.48,12.7,22.7,13.5,0.9375,0.8285714285714286,5,5,3,2,5,3,4,4,3,1.2206002068101025,1.2206002068101025,-0.0581238193719095,-0.6974858324629156,1.2206002068101025,-0.0581238193719095,-1.3368478455539217,0.5812381937190965,-0.0581238193719095,-1.9762098586449277,-0.0581238193719095,0.8,0.7,0.2581988897471611,1,15,0.6702873215123222,0.9,1.0,123.0,75.0,28.0,0.2276422764227642,0.3733333333333333,0.1647058823529411,0,75.0,627362.0,-0.7977119766339881,-0.70287777031615,-0.6450552541976357,-0.53604309992573,0.1036410137687828,-0.5725671414300265,True,False,False,False,True,True,False,False,False,True,False,True,False,False,False,False,False,False,True,False,False,,,False,False,
Jsoup,33,Jsoup-33,0.3333333333333333,0.5,1.0,0.3333333333333333,0.0769230769230769,3.0,2.0,1.0,3.0,13.0,0.0,1.0,1.0,0.0,0.0,1.0,1.0,1.0,1.0,0.0,-0.4595970847554943,-0.4554019288379759,-1.3933376551774403,1.6637421090918338,-0.4379098193951574,-0.0337675172046185,-0.5748438169972881,-0.2020454871191189,-0.2073567129463963,-0.5251530779927517,-0.4635308650875505,-0.2192296649910203,-0.3124943305803233,-0.4995211341402941,0.2959479588785432,37.5,13.85,52.44,12.2,19.9,15.0,0.7291666666666666,0.4747474747474747,4,5,2,3,3,2,3,4,2,1.0614455552060438,1.9595917942265424,-0.7348469228349536,0.163299316185545,0.163299316185545,-0.7348469228349536,-0.7348469228349536,1.0614455552060438,0.163299316185545,-1.6329931618554523,-0.7348469228349536,0.7,0.6000000000000001,0.1632993161855452,-1,6,0.8968831258294132,0.6,1.0,292.0,50.0,17.0,0.0582191780821917,0.34,0.0523076923076923,0,80.0,686951.0,-0.7977119766339881,-0.70287777031615,-0.6450552541976357,-0.5967488977391603,0.5981301096425344,-0.5492322933861724,False,False,False,False,True,True,False,False,False,True,False,False,False,False,False,True,False,False,True,False,True,,,False,False,
Math,1,Math-1,1.0,1.0,1.0,0.2,0.1666666666666666,1.0,1.0,1.0,5.0,6.0,1.0,1.0,1.0,0.0,0.0,1.0,1.0,1.0,1.0,0.0,-0.1351664196921795,-0.4554019288379759,-0.0002263864725336,-0.8401272083907648,0.7530246939098532,0.3466604823015235,-0.3447299154714549,-0.2020454871191189,-0.2073567129463963,-0.5251530779927517,-0.4635308650875505,-0.2192296649910203,0.0820612632219498,-0.0777818550633016,0.2959479588785432,37.4,11.84,52.44,12.2,16.9,12.0,0.8333333333333334,0.6672443674176778,4,5,3,4,1,2,2,2,1,1.095445115010332,1.7648837964055353,0.4260064336151291,1.095445115010332,-0.912870929175277,-0.2434322477800739,0.4260064336151291,-0.2434322477800739,-1.58230961057048,-0.912870929175277,-0.912870929175277,0.2,0.5,0.2581988897471611,-1,3,0.9237551666104498,0.9,2.0,326.0,63.0,18.0,0.0552147239263803,0.2857142857142857,0.0485175202156334,1,1310.0,12022027.0,2.862120443637332,3.776165378017822,0.0549168047788448,0.3684732874943819,0.7462590017985481,0.1917146793321521,True,False,False,False,True,True,False,False,False,True,False,True,False,False,False,False,False,False,True,False,True,Minor,,True,False,patch
Cli,8,Cli-8,1.0,1.0,1.0,1.0,1.0,1.0,1.0,1.0,1.0,1.0,1.0,1.0,1.0,1.0,1.0,1.0,1.0,1.0,1.0,1.0,1.1348520489376954,2.567337423941912,0.7833925601255778,-0.2834875088432844,1.1096681845252594,1.2638757137758154,0.1845320580379615,-0.2020454871191189,-0.2073567129463963,-0.5251530779927517,4.731747958376942,-0.2192296649910203,-0.1809757993128989,0.1330877844751946,0.2959479588785432,63.39,9.5,36.84,8.5,14.4,10.3,0.8958333333333334,0.7142857142857144,5,5,3,3,5,3,2,5,3,1.179535649239177,1.179535649239177,-0.4423258684646913,-0.4423258684646913,1.179535649239177,-0.4423258684646913,-0.4423258684646913,1.179535649239177,-0.4423258684646913,-2.06418738616856,-0.4423258684646913,0.8,0.8,0.2309401076758503,0,15,0.7686997042162108,0.9,1.0,235.0,103.0,42.0,0.1787234042553191,0.4077669902912621,0.1418918918918918,1,46.0,280510.0,1.1193431006509886,1.6432876883349783,0.5609207028341319,0.8237667710951094,0.3177432780615085,-1.0446184501390146,False,True,False,False,True,True,False,False,False,True,False,False,False,False,False,True,False,False,True,False,True,Major,Help formatter,True,False,patch
Mockito,32,Mockito-32,0.0,1.0,0.1428571428571428,0.0017452006980802,0.0014749262536873,0.0,1.0,7.0,573.0,678.0,0.0,1.0,0.0,0.0,0.0,0.0,1.0,0.0,0.0,0.0,-1.0231586669890729,-0.7576758641159647,-2.430552480033038,4.163331944642799,0.9303979192957068,-4.097795444638771,-1.8864930556945376,-0.2020454871191189,-0.2073567129463963,-0.5251530779927517,-0.4635308650875505,-0.2192296649910203,-0.3124943305803233,0.1330877844751946,1.2650324516769105,67.21863636363636,13.345454545454544,44.72727272727273,9.349090909090917,11.30022727272727,12.161744961471694,0.9791666666666666,0.877551020408163,0,0,0,0,1,0,4,0,0,-0.4714045207910317,-0.4714045207910317,-0.4714045207910317,-0.4714045207910317,2.1213203435596424,-0.4714045207910317,2.1213203435596424,-0.4714045207910317,-0.4714045207910317,-0.4714045207910317,-0.4714045207910317,0.0,0.05,0.1,0,0,0.5201672987207322,1.0,1.0,68.0,20.0,7.0,0.1029411764705882,0.35,0.0864197530864197,0,666.0,2566372.0,-0.9719897109326224,-0.9161655392844344,-0.6450552541976357,-0.6028194775205034,-0.9942554810346128,1.4462904983191245,False,False,False,False,True,True,False,False,False,True,False,False,False,False,True,False,False,False,True,False,False,Medium,,False,False,
Mockito,26,Mockito-26,0.0,0.0,0.0,0.0016863406408094,0.0344827586206896,0.0,0.0,0.0,593.0,29.0,0.0,0.0,0.0,0.0,0.0,0.0,0.0,0.0,0.0,0.0,-1.0231586669890729,-0.7576758641159647,-2.430552480033038,4.163331944642799,0.9303979192957068,-4.097795444638771,-1.8864930556945376,-0.2020454871191189,-0.2073567129463963,-0.5251530779927517,-0.4635308650875505,-0.2192296649910203,-0.3124943305803233,-0.9212604132172866,-0.673136533919824,47.720677966101704,12.184987893462472,33.85230024213075,8.697142857142858,11.203946731234865,10.914260884657429,0.9791666666666666,0.8974358974358972,0,0,0,0,1,0,4,0,0,-0.4714045207910317,-0.4714045207910317,-0.4714045207910317,-0.4714045207910317,2.1213203435596424,-0.4714045207910317,2.1213203435596424,-0.4714045207910317,-0.4714045207910317,-0.4714045207910317,-0.4714045207910317,0.0,0.05,0.1,0,0,0.5201672987207322,1.0,1.0,32.0,29.0,4.0,0.125,0.1379310344827586,0.0701754385964912,0,786.0,2932179.0,-0.9719897109326224,-0.9161655392844344,-0.6450552541976357,-0.6028194775205034,-0.9942554810346128,1.4462904983191245,True,False,False,False,True,False,False,False,True,True,False,False,False,False,True,False,False,False,True,False,False,Medium,,False,False,
JxPath,19,JxPath-19,1.0,1.0,0.5,1.0,0.5,1.0,1.0,2.0,1.0,2.0,1.0,1.0,0.0,1.0,0.0,1.0,1.0,1.0,1.0,1.0,0.2680024741954903,0.7536938122739794,1.1929958709000283,-0.4862085100914609,1.6591705192506263,0.7999360065035088,0.1845320580379615,-0.2020454871191189,-0.2073567129463963,-0.5251530779927517,1.2682287427339467,-0.2192296649910203,0.3450983257567985,0.1330877844751946,0.2959479588785432,43.69,9.12,47.06,9.8,15.6,10.6,0.9375,0.817258883248731,5,5,3,3,5,3,1,5,3,1.111873974991652,1.111873974991652,-0.5188745216627707,-0.5188745216627707,1.111873974991652,-0.5188745216627707,0.2964997266644406,1.111873974991652,-0.5188745216627707,-2.1496230183171936,-0.5188745216627707,0.8,0.8,0.2309401076758503,0,15,0.9403033062137212,0.4,2.0,216.0,93.0,33.0,0.1527777777777778,0.3548387096774194,0.1195652173913043,1,216.0,1261278.0,1.8164540378455256,0.6834927279776986,0.1960876402026728,0.4413202448704983,-0.2422164900886972,-0.3525528598736902,False,False,False,False,True,True,False,False,False,True,False,False,False,False,False,True,False,False,True,False,True,Major,,False,True,java
