bug_id,dataset,bertscore_max,bertscore_mean,bertscore_min,coherence_momentum,outlier_score,td_alpha_ratio,td_automated_readability_index,td_coleman_liau_index,td_contains_lorem ipsum,td_dependency_distance_mean,td_dependency_distance_std,td_doc_length,td_duplicate_line_chr_fraction,td_duplicate_ngram_chr_fraction_10,td_duplicate_ngram_chr_fraction_5,td_duplicate_ngram_chr_fraction_6,td_duplicate_ngram_chr_fraction_7,td_duplicate_ngram_chr_fraction_8,td_duplicate_ngram_chr_fraction_9,td_duplicate_paragraph_chr_fraction,td_entropy,td_first_order_coherence,td_flesch_kincaid_grade,td_flesch_reading_ease,td_gunning_fog,td_lix,td_mean_word_length,td_n_characters,td_n_sentences,td_n_stop_words,td_n_tokens,td_n_unique_tokens,td_per_word_perplexity,td_perplexity,td_pos_prop_ADJ,td_pos_prop_ADP,td_pos_prop_ADV,td_pos_prop_AUX,td_pos_prop_CCONJ,td_pos_prop_DET,td_pos_prop_INTJ,td_pos_prop_NOUN,td_pos_prop_NUM,td_pos_prop_PART,td_pos_prop_PRON,td_pos_prop_PROPN,td_pos_prop_PUNCT,td_pos_prop_SCONJ,td_pos_prop_SYM,td_pos_prop_VERB,td_pos_prop_X,td_prop_adjacent_dependency_relation_mean,td_prop_adjacent_dependency_relation_std,td_proportion_bullet_points,td_proportion_ellipsis,td_proportion_unique_tokens,td_rix,td_second_order_coherence,td_sentence_length_mean,td_sentence_length_median,td_sentence_length_std,td_smog,td_syllables_per_token_mean,td_syllables_per_token_median,td_syllables_per_token_std,td_symbol_to_word_ratio_#,td_token_length_mean,td_token_length_median,td_token_length_std,td_top_ngram_chr_fraction_2,td_top_ngram_chr_fraction_3,td_top_ngram_chr_fraction_4
Csv-13.json,Defects4J,0.7726384401321411,0.7685867150624593,0.7664164900779724,0.17622065544128418,1.2461150884628296,0.6389776357827476,21.88310344827586,20.846590038314172,0.0,3.075108553912902,0.7890815764411113,313.0,0.03909138932910724,0.0,0.044374009508716325,0.0,0.0,0.0,0.0,0.0,5.420598634857351,0.5079984739422798,11.316969348659004,60.4124655172414,13.351877394636018,55.21877394636016,5.527156549520766,1386.0,10.0,76.0,261.0,162.0,0.7220906776352283,226.01438209982646,0.025559105431309903,0.04153354632587859,0.009584664536741214,0.06389776357827476,0.0,0.04792332268370607,0.0,0.14057507987220447,0.03514376996805112,0.01597444089456869,0.038338658146964855,0.14376996805111822,0.134185303514377,0.019169329073482427,0.022364217252396165,0.08945686900958466,0.009584664536741214,0.42661711574755057,0.05234291151175859,0.0,0.0,0.6206896551724138,7.6,0.35641650995239615,26.1,27.0,13.823530663329105,11.003577315987393,1.417624521072797,1.0,1.0273630404438254,0.0,6.425287356321839,5.0,7.411752369938462,0.01901743264659271,0.004754358161648178,0.0
Math-19.json,Defects4J,0.746691107749939,0.7425557971000671,0.7377771139144897,0.18300412595272064,1.200876235961914,0.6045454545454545,26.034945652173917,27.81195652173913,0.0,2.7709025655716832,1.2605739573554762,220.0,0.0609597924773022,0.0,0.0,0.0,0.0,0.0,0.0,0.0,3.0451294364108286,0.4849576417888914,11.272391304347824,55.210652173913076,13.982608695652175,57.78260869565217,6.55,1036.0,8.0,40.0,184.0,132.0,0.09551250382689168,21.01275084191617,0.05,0.06818181818181818,0.004545454545454545,0.022727272727272728,0.004545454545454545,0.031818181818181815,0.0,0.14545454545454545,0.045454545454545456,0.004545454545454545,0.013636363636363636,0.18181818181818182,0.11363636363636363,0.013636363636363636,0.04090909090909091,0.05909090909090909,0.01818181818181818,0.4135010822510823,0.1614313790222299,0.0,0.0,0.717391304347826,8.0,0.24720254928494492,23.0,21.5,14.966629547095765,12.602617957971052,1.516304347826087,1.0,1.113042947520254,0.0,7.635869565217392,5.0,8.461101294360065,0.005836575875486381,0.005836575875486381,0.0
Closure-65.json,Defects4J,0.8244315981864929,0.8194592595100403,0.8154457211494446,1.0,0.9932227730751038,0.8333333333333334,5.905000000000001,9.646666666666668,0.0,1.3333333333333333,0.0,6.0,0.0,0.0,0.0,0.0,0.0,0.0,0.0,0.0,0.05298664906710747,,6.416666666666668,59.745000000000005,9.066666666666666,22.666666666666664,5.166666666666667,31.0,1.0,1.0,6.0,6.0,0.17573592793231638,1.0544155675938982,0.0,0.0,0.0,0.0,0.0,0.16666666666666666,0.0,0.16666666666666666,0.0,0.0,0.0,0.3333333333333333,0.0,0.0,0.0,0.16666666666666666,0.0,0.6666666666666666,0.0,0.0,0.0,1.0,1.0,,6.0,6.0,0.0,,1.6666666666666667,1.5,0.7453559924999299,0.0,5.166666666666667,5.0,3.0230595245361758,0.0,0.0,0.0
Compress-16.json,Defects4J,0.7294698357582092,0.7264513174692789,0.7229747176170349,0.41193658113479614,1.2034868001937866,0.5870445344129555,29.272343966712896,28.121941747572816,0.0,2.7618429189857765,1.371762877329542,247.0,0.03832752613240418,0.0,0.0,0.0,0.0,0.0,0.0,0.0,2.8918781225354273,0.4037022838989894,13.071608876560337,53.761116504854385,17.40249653259362,66.32177531206658,6.538461538461538,1159.0,7.0,38.0,206.0,143.0,0.07298435221042453,18.02713499597486,0.02834008097165992,0.05263157894736842,0.024291497975708502,0.024291497975708502,0.004048582995951417,0.03643724696356275,0.0,0.10931174089068826,0.05263157894736842,0.012145748987854251,0.004048582995951417,0.1902834008097166,0.12550607287449392,0.012145748987854251,0.02834008097165992,0.08502024291497975,0.020242914979757085,0.4292826221397649,0.17954675325270691,0.0,0.0,0.6941747572815534,10.857142857142858,0.19514554366469383,29.428571428571427,29.0,18.806208267158883,14.756829357015494,1.4563106796116505,1.0,0.9324432779450849,0.0,7.640776699029126,5.0,8.47137311795052,0.005226480836236934,0.005226480836236934,0.0
Cli-18.json,Defects4J,0.7331785559654236,0.7305121620496114,0.7286868095397949,0.22740407288074493,1.1851896047592163,0.5081967213114754,31.698749999999997,27.232777777777773,0.0,3.5761293373938723,0.26846341544505337,183.0,0.08573853989813243,0.0,0.13412563667232597,0.06281833616298811,0.06281833616298811,0.0,0.0,0.029711375212224108,2.1387123962709,0.8506679534912109,15.822222222222226,45.74500000000002,18.288888888888888,72.80555555555556,6.092896174863388,772.0,4.0,20.0,144.0,101.0,0.046385250076420616,8.488500763984973,0.02185792349726776,0.0273224043715847,0.01092896174863388,0.0273224043715847,0.0,0.0273224043715847,0.0,0.09836065573770492,0.0546448087431694,0.00546448087431694,0.00546448087431694,0.18579234972677597,0.18032786885245902,0.01092896174863388,0.03278688524590164,0.07650273224043716,0.00546448087431694,0.4877780084902178,0.030055076900717292,0.011764705882352941,0.0,0.7013888888888888,13.25,0.8742873668670654,36.0,37.5,6.442049363362563,13.81666964889586,1.4722222222222223,1.0,0.8493824917455919,0.0,7.458333333333333,5.0,7.9064627222151485,0.012733446519524618,0.007640067911714771,0.0
Jsoup-5.json,Defects4J,0.78672856092453,0.7853626012802124,0.7828568816184998,0.412845641374588,1.1527540683746338,0.67578125,21.389087694483734,26.59782178217822,0.0,3.2798147626915193,2.6997158420910443,256.0,0.000580046403712297,0.07424593967517401,0.2122969837587007,0.13109048723897912,0.13109048723897912,0.13109048723897912,0.07424593967517401,0.0,5.640205771815953,0.5542613716366199,14.454964639321076,17.126633663366334,14.286280056577088,45.61669024045262,6.17578125,1580.0,14.0,61.0,202.0,117.0,1.0996900059736154,281.52064152924555,0.05859375,0.0546875,0.0078125,0.0390625,0.01171875,0.04296875,0.0,0.16796875,0.03125,0.0078125,0.03125,0.11328125,0.203125,0.03125,0.0078125,0.0703125,0.02734375,0.45253069818777575,0.09293507214357138,0.0,0.0,0.5792079207920792,4.5,0.5240686237812042,14.428571428571429,10.5,14.753761194615938,13.140968706690074,2.0693069306930694,1.0,2.0573819071174277,0.011235955056179775,7.5594059405940595,5.0,9.211966799786067,0.013921113689095127,0.016241299303944315,0.060904872389791184
Compress-41.json,Defects4J,0.7539308667182922,0.7527759671211243,0.7515377402305603,0.2496560513973236,1.1651932001113892,0.5502183406113537,24.422095959595964,27.721818181818175,0.0,2.5335034965195353,1.110266245019339,229.0,0.04423592493297587,0.0,0.17024128686327078,0.11126005361930295,0.04691689008042895,0.0,0.0,0.0,3.251640121576607,0.39206524461042136,10.138939393939399,57.20202020202021,13.276767676767676,59.89646464646464,6.131004366812227,1076.0,9.0,37.0,176.0,116.0,0.1128064363193134,25.83267391712277,0.048034934497816595,0.026200873362445413,0.017467248908296942,0.03056768558951965,0.013100436681222707,0.039301310043668124,0.0,0.10480349344978165,0.05240174672489083,0.008733624454148471,0.017467248908296942,0.14847161572052403,0.18340611353711792,0.008733624454148471,0.03056768558951965,0.07423580786026202,0.017467248908296942,0.3727734299302722,0.14783752981251308,0.0,0.0,0.6590909090909091,7.888888888888889,0.2294141021224537,19.555555555555557,16.0,14.67508176097694,12.457975602129121,1.5340909090909092,1.0,1.1426530495892167,0.0,7.659090909090909,5.0,8.225357637480744,0.03485254691689008,0.006032171581769437,0.0
Closure-32.json,Defects4J,0.8244315981864929,0.8194592595100403,0.8154457211494446,1.0,0.9932227730751038,0.8333333333333334,5.905000000000001,9.646666666666668,0.0,1.3333333333333333,0.0,6.0,0.0,0.0,0.0,0.0,0.0,0.0,0.0,0.0,0.05298664906710747,,6.416666666666668,59.745000000000005,9.066666666666666,22.666666666666664,5.166666666666667,31.0,1.0,1.0,6.0,6.0,0.17573592793231638,1.0544155675938982,0.0,0.0,0.0,0.0,0.0,0.16666666666666666,0.0,0.16666666666666666,0.0,0.0,0.0,0.3333333333333333,0.0,0.0,0.0,0.16666666666666666,0.0,0.6666666666666666,0.0,0.0,0.0,1.0,1.0,,6.0,6.0,0.0,,1.6666666666666667,1.5,0.7453559924999299,0.0,5.166666666666667,5.0,3.0230595245361758,0.0,0.0,0.0
Time-19.json,Defects4J,0.7836652398109436,0.7817012071609497,0.7793328762054443,0.3783048987388611,1.2579951286315918,0.42748091603053434,16.79845622119816,14.2247311827957,0.0,4.839277545615573,5.499539743590477,262.0,0.021312872975277068,0.08695652173913043,0.340153452685422,0.32821824381926684,0.30605285592497866,0.26342710997442453,0.23955669224211423,0.0,5.9439717575411315,0.31981762797416496,12.853502304147465,50.2359677419355,15.789861751152074,51.3026113671275,4.049618320610687,1049.0,7.0,42.0,186.0,94.0,1.4559043497740196,381.4469396407931,0.04961832061068702,0.026717557251908396,0.022900763358778626,0.030534351145038167,0.003816793893129771,0.04198473282442748,0.0,0.09923664122137404,0.1946564885496183,0.0,0.015267175572519083,0.07251908396946564,0.23282442748091603,0.007633587786259542,0.061068702290076333,0.04580152671755725,0.0,0.3955793368268217,0.07640914050802897,0.0,0.08333333333333333,0.5053763440860215,6.571428571428571,0.2742642529308796,26.571428571428573,17.0,25.34255113360105,13.707050652182112,1.532258064516129,1.0,1.1413688527964518,0.006211180124223602,5.295698924731183,4.0,5.4034718822690255,0.029838022165387893,0.03580562659846547,0.04774083546462063
JacksonDatabind-93.json,Defects4J,0.7872957587242126,0.7849798599878947,0.7824861407279968,0.1891569048166275,1.184352993965149,0.5392953929539296,54.9683251231527,66.35157088122605,0.0,3.92132034661617,2.2241083039600142,369.0,0.06900910010111223,0.134479271991911,0.3263397371081901,0.134479271991911,0.134479271991911,0.134479271991911,0.134479271991911,0.0,8.052452036806248,0.6671842677662005,33.681480569239184,-113.21163793103443,22.629556650246304,65.38615216201423,10.365853658536585,3824.0,14.0,44.0,261.0,133.0,8.513519188489951,3141.488580552792,0.04065040650406504,0.08130081300813008,0.0,0.005420054200542005,0.005420054200542005,0.016260162601626018,0.0,0.11653116531165311,0.03523035230352303,0.0,0.0027100271002710027,0.1978319783197832,0.2899728997289973,0.008130081300813009,0.005420054200542005,0.03523035230352303,0.02981029810298103,0.4118894364776825,0.0653241756908385,0.0,0.0,0.5095785440613027,8.714285714285714,0.6280905877550443,18.642857142857142,11.0,18.614921598611396,18.320525048361986,3.5593869731800765,1.0,4.198307222231848,0.009389671361502348,14.241379310344827,6.0,19.036141579114933,0.020222446916076844,0.024014155712841254,0.11678463094034378
Math-2.json,Defects4J,0.7393597364425659,0.7341570456822714,0.7305415272712708,0.23766721785068512,1.200964331626892,0.4808259587020649,29.62056026365348,30.435084745762705,0.0,3.830752551801065,1.223032320087056,339.0,0.06979990693345742,0.0,0.07631456491391345,0.029781293624941835,0.029781293624941835,0.029781293624941835,0.0,0.030711959050721264,5.388365026168068,0.565075172111392,14.686666666666667,36.471139359698725,15.404143126177026,57.578154425612055,5.92330383480826,1493.0,9.0,52.0,236.0,162.0,0.6455613173324571,218.84528657570297,0.038348082595870206,0.035398230088495575,0.02064896755162242,0.011799410029498525,0.0058997050147492625,0.029498525073746312,0.0029498525073746312,0.11209439528023599,0.05309734513274336,0.0058997050147492625,0.02654867256637168,0.11504424778761062,0.26548672566371684,0.008849557522123894,0.02654867256637168,0.06489675516224189,0.02064896755162242,0.45667018264942416,0.06268618149787586,0.0,0.0,0.6864406779661016,8.222222222222221,0.38548471885068075,26.22222222222222,23.0,12.4702114191984,13.383793397009324,1.6991525423728813,1.0,1.661681594798936,0.0,8.055084745762711,5.0,9.535900919616896,0.010237319683573755,0.005583992554676594,0.005583992554676594
Lang-4.json,Defects4J,0.7790579199790955,0.7776551842689514,0.7759300470352173,0.22908194363117218,1.2286661863327026,0.6678765880217786,20.88557054893227,19.42004454342985,0.0,3.6241964239590168,2.0447370422014193,551.0,0.020484171322160148,0.0,0.04127870887647424,0.03910614525139665,0.0,0.0,0.0,0.0,12.528227508495974,0.3861460849875584,12.949341019258487,49.26447530459845,15.642656884580113,57.146731298309966,5.241379310344827,2558.0,17.0,177.0,449.0,246.0,500.9431889486523,276019.6971107074,0.047186932849364795,0.07259528130671507,0.025408348457350273,0.045372050816696916,0.016333938294010888,0.07078039927404718,0.0,0.13793103448275862,0.034482758620689655,0.021778584392014518,0.041742286751361164,0.09074410163339383,0.16333938294010888,0.014519056261343012,0.014519056261343012,0.0780399274047187,0.018148820326678767,0.4738101420654368,0.07949638598596274,0.0,0.0,0.5478841870824054,8.117647058823529,0.2792060834666093,26.41176470588235,22.0,16.634686734897237,13.589731490329378,1.5456570155902005,1.0,1.2282078413344255,0.0,6.180400890868597,4.0,6.925371759270198,0.004345127250155183,0.004655493482309125,0.0
Math-58.json,Defects4J,0.7246596217155457,0.7193981210390726,0.713883101940155,0.4990963339805603,1.1790492534637451,0.42105263157894735,41.920445490764216,47.74677290836654,0.0,2.691799671569951,1.5576992025003946,342.0,0.0643747893495113,0.0,0.032355915065722954,0.0,0.0,0.0,0.0,0.01887428378833839,5.773977151015844,0.6169563174247742,14.746541108294096,29.978927924665015,14.06751177109743,75.80622962694676,8.362573099415204,2115.0,11.0,24.0,251.0,169.0,0.9409798189187554,321.81509807021433,0.014619883040935672,0.03216374269005848,0.005847953216374269,0.008771929824561403,0.0029239766081871343,0.014619883040935672,0.0,0.09941520467836257,0.09649122807017543,0.0029239766081871343,0.0029239766081871343,0.1608187134502924,0.22807017543859648,0.0,0.023391812865497075,0.03508771929824561,0.014619883040935672,0.5303568191511983,0.061999615378339167,0.0,0.0,0.6733067729083665,12.090909090909092,0.4864971720510059,22.818181818181817,12.0,26.405296238093744,12.719339214003902,1.8167330677290836,1.0,1.924438885588392,0.0,11.02788844621514,7.0,11.09229745688502,0.09639366363329963,0.003033367037411527,0.0
Closure-24.json,Defects4J,0.8244315981864929,0.8194592595100403,0.8154457211494446,1.0,0.9932227730751038,0.8333333333333334,5.905000000000001,9.646666666666668,0.0,1.3333333333333333,0.0,6.0,0.0,0.0,0.0,0.0,0.0,0.0,0.0,0.0,0.05298664906710747,,6.416666666666668,59.745000000000005,9.066666666666666,22.666666666666664,5.166666666666667,31.0,1.0,1.0,6.0,6.0,0.17573592793231638,1.0544155675938982,0.0,0.0,0.0,0.0,0.0,0.16666666666666666,0.0,0.16666666666666666,0.0,0.0,0.0,0.3333333333333333,0.0,0.0,0.0,0.16666666666666666,0.0,0.6666666666666666,0.0,0.0,0.0,1.0,1.0,,6.0,6.0,0.0,,1.6666666666666667,1.5,0.7453559924999299,0.0,5.166666666666667,5.0,3.0230595245361758,0.0,0.0,0.0
Closure-9.json,Defects4J,0.8244315981864929,0.8194592595100403,0.8154457211494446,1.0,0.9932227730751038,0.8333333333333334,5.905000000000001,9.646666666666668,0.0,1.3333333333333333,0.0,6.0,0.0,0.0,0.0,0.0,0.0,0.0,0.0,0.0,0.05298664906710747,,6.416666666666668,59.745000000000005,9.066666666666666,22.666666666666664,5.166666666666667,31.0,1.0,1.0,6.0,6.0,0.17573592793231638,1.0544155675938982,0.0,0.0,0.0,0.0,0.0,0.16666666666666666,0.0,0.16666666666666666,0.0,0.0,0.0,0.3333333333333333,0.0,0.0,0.0,0.16666666666666666,0.0,0.6666666666666666,0.0,0.0,0.0,1.0,1.0,,6.0,6.0,0.0,,1.6666666666666667,1.5,0.7453559924999299,0.0,5.166666666666667,5.0,3.0230595245361758,0.0,0.0,0.0
Mockito-10.json,Defects4J,0.7743591070175171,0.7733386953671774,0.7727040648460388,0.29835644364356995,1.1847738027572632,0.586046511627907,36.278251533742335,30.080736196319013,0.0,5.89035715686659,4.9750410306041895,215.0,0.04663923182441701,0.12345679012345678,0.21536351165980797,0.15775034293552812,0.12345679012345678,0.12345679012345678,0.12345679012345678,0.0,2.451933645969599,0.25762758404016495,24.771211656441718,-9.95447085889569,25.134355828220862,74.49233128834356,6.251162790697674,1258.0,4.0,30.0,163.0,99.0,0.05400361003469368,11.61077615745914,0.08837209302325581,0.018604651162790697,0.023255813953488372,0.023255813953488372,0.013953488372093023,0.023255813953488372,0.004651162790697674,0.17209302325581396,0.027906976744186046,0.023255813953488372,0.009302325581395349,0.08837209302325581,0.24186046511627907,0.0,0.009302325581395349,0.09767441860465116,0.0,0.47273679702924987,0.07405960572066601,0.0,0.0,0.6073619631901841,13.75,0.25790879130363464,40.75,39.0,22.554101622543072,20.267338824336647,2.0736196319018405,1.0,1.9426068192233645,0.014925373134328358,7.92638036809816,6.0,7.6186389797915925,0.006858710562414266,0.027434842249657063,0.03566529492455418
JacksonDatabind-85.json,Defects4J,0.7751102447509766,0.7744537790616354,0.7732335925102234,0.26067987084388733,1.1649606227874756,0.6638297872340425,23.937544505831802,26.811933701657455,0.0,3.1908376299547774,0.653569588960852,235.0,0.0038289725590299937,0.0,0.07019783024888322,0.07019783024888322,0.07019783024888322,0.0,0.0,0.0,3.975608718836229,0.4701804369688034,14.419079189686926,27.50509515039903,15.558256599140577,59.33763044812768,6.051063829787234,1332.0,9.0,53.0,181.0,115.0,0.22673421754273232,53.28254112254209,0.06382978723404255,0.03404255319148936,0.02553191489361702,0.029787234042553193,0.00851063829787234,0.05531914893617021,0.0,0.1702127659574468,0.03829787234042553,0.02127659574468085,0.00851063829787234,0.08085106382978724,0.2,0.01702127659574468,0.01276595744680851,0.13617021276595745,0.01276595744680851,0.4088459701023368,0.05049159992666081,0.0,0.08695652173913043,0.6353591160220995,7.888888888888889,0.3896736896463803,20.11111111111111,17.0,10.969092380608387,14.232682905230785,1.8784530386740332,1.0,1.7036294808483528,0.024390243902439025,7.497237569060774,5.0,8.125822905640831,0.006381620931716656,0.0,0.0
JacksonDatabind-1.json,Defects4J,0.7661224007606506,0.7648313442866007,0.7634442448616028,0.24598418176174164,1.1866527795791626,0.541095890410959,23.470888157894734,20.30513157894737,0.0,4.175654381755601,3.4798523881512176,438.0,0.00873743993010048,0.10572302315421582,0.13237221494102228,0.127129750982962,0.127129750982962,0.127129750982962,0.10572302315421582,0.0,8.130852006079476,0.47784342699580723,15.829157894736841,35.72110526315791,19.79157894736842,65.59736842105264,4.71689497716895,1834.0,10.0,74.0,304.0,153.0,7.757290382480229,3397.6931875263404,0.0684931506849315,0.0365296803652968,0.02054794520547945,0.02511415525114155,0.00684931506849315,0.02968036529680365,0.0,0.1415525114155251,0.0365296803652968,0.00684931506849315,0.01598173515981735,0.1050228310502283,0.2831050228310502,0.01598173515981735,0.00228310502283105,0.07077625570776255,0.03424657534246575,0.462607356492381,0.07749162497390401,0.0,0.061224489795918366,0.5032894736842105,10.7,0.5509037598967552,30.4,16.0,30.974828490243492,16.887214914478655,1.6578947368421053,1.0,1.1215899379540044,0.007692307692307693,6.305921052631579,5.0,5.21717474401201,0.005242463958060288,0.039318479685452164,0.04062909567496723
Closure-73.json,Defects4J,0.8244315981864929,0.8194592595100403,0.8154457211494446,1.0,0.9932227730751038,0.8333333333333334,5.905000000000001,9.646666666666668,0.0,1.3333333333333333,0.0,6.0,0.0,0.0,0.0,0.0,0.0,0.0,0.0,0.0,0.05298664906710747,,6.416666666666668,59.745000000000005,9.066666666666666,22.666666666666664,5.166666666666667,31.0,1.0,1.0,6.0,6.0,0.17573592793231638,1.0544155675938982,0.0,0.0,0.0,0.0,0.0,0.16666666666666666,0.0,0.16666666666666666,0.0,0.0,0.0,0.3333333333333333,0.0,0.0,0.0,0.16666666666666666,0.0,0.6666666666666666,0.0,0.0,0.0,1.0,1.0,,6.0,6.0,0.0,,1.6666666666666667,1.5,0.7453559924999299,0.0,5.166666666666667,5.0,3.0230595245361758,0.0,0.0,0.0
Math-74.json,Defects4J,0.7600446343421936,0.7567056814829508,0.7535574436187744,0.30142349004745483,1.2499362230300903,0.5866425992779783,22.13231182795699,19.500184331797232,0.0,3.808063802851495,3.2015173970734616,554.0,0.07519280205655526,0.10411311053984576,0.18380462724935734,0.14460154241645246,0.14460154241645246,0.12210796915167095,0.10411311053984576,0.0006426735218508997,9.61738207206414,0.49702040425368715,13.094921658986177,52.711906298003086,15.812964669738864,57.04393241167435,5.066787003610108,2222.0,15.0,124.0,434.0,236.0,27.11853345092943,15023.667531814905,0.039711191335740074,0.06498194945848375,0.019855595667870037,0.016245487364620937,0.007220216606498195,0.061371841155234655,0.005415162454873646,0.15342960288808663,0.039711191335740074,0.005415162454873646,0.036101083032490974,0.1299638989169675,0.19855595667870035,0.009025270758122744,0.010830324909747292,0.05776173285198556,0.01263537906137184,0.4550413878086192,0.07919892694282718,0.0,0.0,0.543778801843318,8.133333333333333,0.39524492965294766,28.933333333333334,21.0,21.091757210394356,13.133204557630332,1.4746543778801844,1.0,1.109470332958866,0.0,6.17741935483871,4.0,6.766912369588504,0.003213367609254499,0.002892030848329049,0.0
Lang-36.json,Defects4J,0.7557684779167175,0.755112886428833,0.7545493245124817,0.2443409264087677,1.2309765815734863,0.4981684981684982,34.70660975609756,21.71336585365854,0.0,5.583975893042876,1.005481275335145,273.0,0.04497354497354497,0.0,0.031084656084656083,0.022486772486772486,0.022486772486772486,0.0,0.0,0.0013227513227513227,3.5161057424798603,0.5977611343065897,20.802378048780486,37.20161585365858,23.621951219512198,80.51829268292683,5.1208791208791204,1039.0,4.0,36.0,205.0,138.0,0.12327149832065246,33.65311904153812,0.04395604395604396,0.029304029304029304,0.01098901098901099,0.029304029304029304,0.003663003663003663,0.029304029304029304,0.0,0.13186813186813187,0.047619047619047616,0.0,0.007326007326007326,0.1575091575091575,0.19047619047619047,0.018315018315018316,0.02564102564102564,0.06227106227106227,0.03296703296703297,0.41748809383078533,0.056592399911936285,0.0,0.0,0.6731707317073171,15.0,0.6676168590784073,51.25,46.0,24.993749218554626,14.554592549557764,1.3902439024390243,1.0,0.8345598746728955,0.0,6.478048780487805,5.0,6.951101411063485,0.005952380952380952,0.005952380952380952,0.021825396825396824
JacksonCore-6.json,Defects4J,0.8241801261901855,0.8196680148442587,0.8149113655090332,0.18090637028217316,1.1577544212341309,0.7980769230769231,20.378846153846155,20.892747252747252,0.0,2.9940476190476186,1.2018946447012115,104.0,0.0,0.0,0.10495626822157435,0.10495626822157435,0.10495626822157435,0.10495626822157435,0.10495626822157435,0.0,1.9466249092300612,0.3371992309888204,14.289093406593405,33.137156593406615,16.132967032967034,51.32142857142857,5.778846153846154,601.0,4.0,35.0,91.0,66.0,0.06735581836285293,7.005005109736705,0.09615384615384616,0.04807692307692308,0.028846153846153848,0.09615384615384616,0.028846153846153848,0.019230769230769232,0.0,0.14423076923076922,0.07692307692307693,0.0673076923076923,0.019230769230769232,0.125,0.14423076923076922,0.0,0.009615384615384616,0.07692307692307693,0.0,0.4223856209150327,0.060319352814647786,0.0,0.0,0.7252747252747253,6.5,0.23202796280384064,22.75,13.0,21.3116752039815,14.554592549557764,1.7802197802197801,1.0,1.428148711761295,0.02247191011235955,6.461538461538462,5.0,6.819989514199816,0.013119533527696793,0.01749271137026239,0.0
Time-23.json,Defects4J,0.8373857140541077,0.8342473308245341,0.8289746046066284,0.3992817997932434,1.2621161937713623,0.8130081300813008,7.176446540880505,7.20943396226415,0.0,2.9538081314397107,0.7322320188567877,123.0,0.0,0.0,0.13595706618962433,0.13595706618962433,0.13595706618962433,0.0,0.0,0.0,3.699539568339949,0.431668221950531,6.662264150943397,78.76371069182392,9.708176100628933,36.534591194968556,3.7886178861788617,466.0,6.0,54.0,106.0,62.0,0.32868849940876665,40.428685427278296,0.04878048780487805,0.04878048780487805,0.04878048780487805,0.0975609756097561,0.008130081300813009,0.08130081300813008,0.0,0.15447154471544716,0.016260162601626018,0.024390243902439025,0.08943089430894309,0.04878048780487805,0.10569105691056911,0.056910569105691054,0.016260162601626018,0.10569105691056911,0.0,0.44400932887774996,0.057805960977984704,0.0,0.0,0.5849056603773585,3.3333333333333335,0.47571057826280594,17.666666666666668,17.0,9.392668535736915,9.2995712137729,1.3018867924528301,1.0,0.7911039733296842,0.00980392156862745,4.19811320754717,4.0,2.689672110621618,0.014311270125223614,0.016100178890876567,0.0
Chart-2.json,Defects4J,0.8236107230186462,0.8152366280555725,0.8107690215110779,0.12930193543434143,1.2443517446517944,0.6111111111111112,30.651428571428568,38.365714285714276,0.0,3.0555555555555554,0.0,18.0,0.0,0.0,0.0,0.0,0.0,0.0,0.0,0.0,0.24606627454122368,,15.99857142857143,5.296428571428578,11.314285714285715,42.57142857142857,7.666666666666667,138.0,1.0,4.0,14.0,13.0,0.07105468526849848,1.2789843348329726,0.0,0.1111111111111111,0.0,0.0,0.0,0.05555555555555555,0.0,0.2777777777777778,0.05555555555555555,0.0,0.05555555555555555,0.05555555555555555,0.16666666666666666,0.0,0.05555555555555555,0.05555555555555555,0.0,0.4444444444444444,0.0,0.0,0.0,0.9285714285714286,4.0,,14.0,14.0,0.0,,2.2142857142857144,1.0,2.425418120907092,0.08333333333333333,9.571428571428571,4.0,14.60290717491499,0.0,0.0,0.0
Jsoup-70.json,Defects4J,0.7749115228652954,0.7741320133209229,0.7733664512634277,0.17800183594226837,1.2096339464187622,0.5689655172413793,30.24956321839081,17.934896551724133,0.0,3.7451725229503006,0.6613107499354173,174.0,0.0,0.0,0.06010362694300518,0.06010362694300518,0.06010362694300518,0.0,0.0,0.0,2.029659029868573,0.6933408975601196,21.488965517241386,27.08425287356323,23.471264367816094,80.05747126436782,5.0344827586206895,830.0,3.0,22.0,145.0,91.0,0.04374419899604865,7.611490625312465,0.04597701149425287,0.05172413793103448,0.011494252873563218,0.017241379310344827,0.028735632183908046,0.011494252873563218,0.0,0.14367816091954022,0.034482758620689655,0.017241379310344827,0.011494252873563218,0.11494252873563218,0.1839080459770115,0.005747126436781609,0.005747126436781609,0.08620689655172414,0.11494252873563218,0.4313073757518202,0.027909925391833453,0.0,0.0,0.6275862068965518,15.333333333333334,0.6322075724601746,48.333333333333336,48.0,14.29063407348401,15.903189008614273,1.5448275862068965,1.0,1.2260354404779525,0.016,5.841379310344828,4.0,6.987353958322298,0.031088082901554404,0.03419689119170984,0.04041450777202073
Collections-21.json,Defects4J,0.7514835000038147,0.748765746752421,0.7464326620101929,0.4878104031085968,1.2380692958831787,0.5127226463104325,21.287765293383266,23.68719101123595,0.0,3.5473186093029403,1.5819842023795612,786.0,0.14410681399631675,0.2877532228360958,0.322744014732965,0.31353591160220995,0.30662983425414364,0.29880294659300183,0.29880294659300183,0.0,15.23764962248525,0.42656368160477054,12.38662921348315,41.48302746566793,13.529088639201001,53.29837702871411,5.059796437659033,3563.0,27.0,135.0,534.0,220.0,5274.783052740986,4145979.479454415,0.03307888040712468,0.039440203562340966,0.015267175572519083,0.020356234096692113,0.008905852417302799,0.05089058524173028,0.013994910941475827,0.13994910941475827,0.030534351145038167,0.003816793893129771,0.027989821882951654,0.0916030534351145,0.28880407124681934,0.008905852417302799,0.017811704834605598,0.05979643765903308,0.024173027989821884,0.42500656282854665,0.059432320473300104,0.0,0.0,0.41198501872659177,6.62962962962963,0.5002106648683547,19.77777777777778,20.0,14.38963962005518,12.650343791298138,1.7172284644194757,1.0,1.5092111056068847,0.0,6.9700374531835205,5.0,7.398947262810311,0.01289134438305709,0.028775322283609576,0.012430939226519336
JacksonDatabind-46.json,Defects4J,0.807373583316803,0.8034626046816508,0.8014967441558838,0.4679039716720581,1.139371633529663,0.6434108527131783,29.26710884353742,26.193877551020403,0.0,3.8256356319736597,1.3560824594345164,129.0,0.0,0.16377171215880892,0.24317617866004962,0.24317617866004962,0.16377171215880892,0.16377171215880892,0.16377171215880892,0.0,1.3841003163803256,0.46527938544750214,21.472448979591835,-0.7012585034013341,24.495238095238093,78.58503401360545,5.782945736434108,746.0,3.0,16.0,98.0,67.0,0.030939794121465608,3.9912334416690634,0.06201550387596899,0.05426356589147287,0.007751937984496124,0.023255813953488372,0.007751937984496124,0.0,0.0,0.13178294573643412,0.05426356589147287,0.007751937984496124,0.015503875968992248,0.20930232558139536,0.15503875968992248,0.007751937984496124,0.10852713178294573,0.06976744186046512,0.031007751937984496,0.4391652947990976,0.06434070635312221,0.0,0.0,0.6836734693877551,15.0,0.47018930315971375,32.666666666666664,38.0,13.59738536958076,20.581828153500815,2.061224489795918,1.0,1.66486088485821,0.03296703296703297,7.295918367346939,6.0,6.904906838062024,0.02977667493796526,0.0,0.0
Closure-176.json,Defects4J,0.8244315981864929,0.8194592595100403,0.8154457211494446,1.0,0.9932227730751038,0.8333333333333334,5.905000000000001,9.646666666666668,0.0,1.3333333333333333,0.0,6.0,0.0,0.0,0.0,0.0,0.0,0.0,0.0,0.0,0.05298664906710747,,6.416666666666668,59.745000000000005,9.066666666666666,22.666666666666664,5.166666666666667,31.0,1.0,1.0,6.0,6.0,0.17573592793231638,1.0544155675938982,0.0,0.0,0.0,0.0,0.0,0.16666666666666666,0.0,0.16666666666666666,0.0,0.0,0.0,0.3333333333333333,0.0,0.0,0.0,0.16666666666666666,0.0,0.6666666666666666,0.0,0.0,0.0,1.0,1.0,,6.0,6.0,0.0,,1.6666666666666667,1.5,0.7453559924999299,0.0,5.166666666666667,5.0,3.0230595245361758,0.0,0.0,0.0
Math-23.json,Defects4J,0.7421234250068665,0.7382619380950928,0.734043538570404,0.29452478885650635,1.1742217540740967,0.5414364640883977,31.84714285714285,31.353197278911562,0.0,2.503513931888545,1.510674047627671,181.0,0.06574923547400612,0.0,0.0,0.0,0.0,0.0,0.0,0.0,2.272867097577946,0.33264609053730965,13.455591836734694,50.95726530612248,16.11374149659864,62.73333333333333,6.8397790055248615,851.0,5.0,33.0,147.0,109.0,0.05363089736072551,9.707192422291318,0.03314917127071823,0.027624309392265192,0.022099447513812154,0.03314917127071823,0.0,0.03867403314917127,0.0,0.09392265193370165,0.049723756906077346,0.016574585635359115,0.011049723756906077,0.19889502762430938,0.13812154696132597,0.0055248618784530384,0.03867403314917127,0.06077348066298342,0.022099447513812154,0.36287925696594425,0.18358580750700168,0.0,0.0,0.7414965986394558,9.8,0.0544914190346996,29.4,17.0,25.570295266187287,13.348371206891418,1.489795918367347,1.0,1.1801495750857927,0.0,8.19047619047619,5.0,9.203913197145527,0.006880733944954129,0.006880733944954129,0.0
Gson-13.json,Defects4J,0.7918053269386292,0.7902578314145406,0.7882280349731445,0.29229310154914856,1.1675084829330444,0.753880266075388,18.620956043956042,15.748820512820512,0.0,2.782990632996582,1.6653743692321292,451.0,0.0,0.07617567042363001,0.10104935872522347,0.07617567042363001,0.07617567042363001,0.07617567042363001,0.07617567042363001,0.0,10.861754936058091,0.4124445365025447,13.428131868131874,48.40615384615384,15.655677655677657,53.75457875457876,4.931263858093127,2207.0,14.0,168.0,390.0,189.0,115.61753094982667,52143.50645837183,0.04878048780487805,0.07317073170731707,0.024390243902439025,0.06208425720620843,0.04212860310421286,0.07095343680709534,0.0,0.15299334811529933,0.03991130820399113,0.024390243902439025,0.04878048780487805,0.10199556541019955,0.12195121951219512,0.03325942350332594,0.004434589800443459,0.09977827050997783,0.0,0.43331513420137074,0.1359566427992176,0.0,0.0,0.4846153846153846,7.214285714285714,0.4005293973411123,27.857142857142858,28.0,23.323370078887287,13.25671669890799,1.5384615384615385,1.0,1.2658463034291823,0.005449591280653951,5.546153846153846,4.0,7.387562179142071,0.00388651379712398,0.015157403808783521,0.0
JacksonDatabind-102.json,Defects4J,0.7754775285720825,0.7735519806543986,0.7725114822387695,0.10032381862401962,1.1913905143737793,0.6934865900383141,23.26357621440536,27.859497487437185,0.0,3.2888511850170334,1.4958735985876075,261.0,0.0,0.0,0.05445263754963131,0.01020986954055587,0.01020986954055587,0.0,0.0,0.0,6.680875158505618,0.342286136678674,13.943831658291455,24.62904731993305,14.472529313232833,52.26172529313233,6.160919540229885,1496.0,12.0,74.0,199.0,135.0,3.0537023850586804,797.0163225003156,0.04980842911877394,0.0842911877394636,0.034482758620689655,0.038314176245210725,0.007662835249042145,0.038314176245210725,0.0,0.1417624521072797,0.034482758620689655,0.02681992337164751,0.038314176245210725,0.09578544061302682,0.20689655172413793,0.019157088122605363,0.011494252873563218,0.08812260536398467,0.01532567049808429,0.4289669874539532,0.08645827957212036,0.0,0.0,0.678391959798995,5.916666666666667,0.42809961941093205,16.583333333333332,13.0,9.74216209176496,13.427899808715576,1.9547738693467336,1.0,2.6358496430609857,0.026881720430107527,7.728643216080402,5.0,11.85238918171844,0.011344299489506523,0.02212138400453772,0.0
Lang-61.json,Defects4J,0.744141697883606,0.7403921683629354,0.7372782826423645,0.3254851698875427,1.196480393409729,0.5018587360594795,47.52960536881955,58.20759894459104,0.0,4.030614200718352,2.8174729108504493,538.0,0.31118813787791255,0.6227614095898325,0.6709031388407471,0.6227614095898325,0.6227614095898325,0.6227614095898325,0.6227614095898325,0.00038513383400731754,11.939391212829179,0.808013372800567,22.6249122404497,-37.79703108867727,18.51742571985775,61.59699437880005,9.382899628252789,4612.0,23.0,78.0,379.0,159.0,284.72751997175124,153183.40574480218,0.01858736059479554,0.09851301115241635,0.016728624535315983,0.0055762081784386614,0.0037174721189591076,0.013011152416356878,0.0,0.09293680297397769,0.07434944237918216,0.0018587360594795538,0.0055762081784386614,0.15613382899628253,0.2788104089219331,0.0,0.013011152416356878,0.03345724907063197,0.00929368029739777,0.47249371132245915,0.08025642998916312,0.0,0.0,0.41952506596306066,7.434782608695652,0.7713549413851329,16.47826086956522,9.0,18.45292380560396,15.791622775635123,2.6939313984168867,1.0,3.102682490010258,0.0,12.891820580474935,6.0,15.82778064736515,0.03389177739264394,0.040439052570768345,0.06470248411322935
Compress-3.json,Defects4J,0.7367854118347168,0.7344391544659933,0.7325971722602844,0.27042096853256226,1.2433456182479858,0.5522388059701493,29.54155279503106,26.814658385093164,0.0,3.3433514051861506,0.6624593149828966,201.0,0.06930693069306931,0.0,0.035034272658035034,0.0,0.0,0.0,0.0,0.0030464584920030465,3.1995540321360645,0.345232293009758,13.8984347826087,52.76939130434785,16.606708074534165,62.63478260869566,6.129353233830845,845.0,5.0,40.0,161.0,112.0,0.12199796973264962,24.521591916262572,0.03482587064676617,0.01990049751243781,0.01990049751243781,0.029850746268656716,0.009950248756218905,0.04975124378109453,0.0,0.10945273631840796,0.04975124378109453,0.009950248756218905,0.03482587064676617,0.13432835820895522,0.16417910447761194,0.009950248756218905,0.029850746268656716,0.0845771144278607,0.009950248756218905,0.4603713240620021,0.07844918216942712,0.0,0.0,0.6956521739130435,9.8,0.28872187187274295,32.2,28.0,18.00444389588304,13.023866798666859,1.434782608695652,1.0,0.9039774683586017,0.0,7.403726708074534,5.0,8.265304931746469,0.007616146230007616,0.030464584920030464,0.03655750190403656
Jsoup-27.json,Defects4J,0.7930785417556763,0.791250983874003,0.7886470556259155,0.22386492788791656,1.1753829717636108,0.7209302325581395,27.206511627906977,22.585116279069762,0.0,3.7633816183816187,1.1061024023969475,215.0,0.15315315315315314,0.3108108108108108,0.35435435435435436,0.35435435435435436,0.3108108108108108,0.3108108108108108,0.3108108108108108,0.0,4.410972297588229,0.5093279406428337,19.230651162790696,18.458534883720972,20.271627906976747,65.21395348837208,5.53953488372093,1181.0,5.0,51.0,172.0,107.0,0.3830208967674188,82.34949280499504,0.037209302325581395,0.08372093023255814,0.013953488372093023,0.013953488372093023,0.009302325581395349,0.03255813953488372,0.0,0.14883720930232558,0.046511627906976744,0.04186046511627907,0.023255813953488372,0.14883720930232558,0.20465116279069767,0.009302325581395349,0.004651162790697674,0.12093023255813953,0.0,0.4818231768231769,0.07726538197380269,0.0,0.0,0.622093023255814,10.6,0.4393335282802582,34.4,44.0,18.238420984284797,16.647925096878797,1.813953488372093,1.0,1.6636442759515737,0.012578616352201259,6.674418604651163,4.0,8.131823589732969,0.0075075075075075074,0.006756756756756757,0.0
Cli-22.json,Defects4J,0.7088450789451599,0.70356818040212,0.6998552680015564,0.2107972949743271,1.1961252689361572,0.4836759371221282,15.65674960330054,10.915094890510947,0.0,4.794186679817789,7.84039853609428,827.0,0.05452127659574468,0.0574468085106383,0.19654255319148936,0.17553191489361702,0.12420212765957447,0.1077127659574468,0.07526595744680852,0.018617021276595744,13.769176980739129,0.5101731460202824,11.770034909552525,63.723316407489705,14.891145668041894,49.34465249127261,4.084643288996372,2659.0,23.0,177.0,685.0,249.0,1154.4418803781373,954723.4350727195,0.032648125755743655,0.044740024183796856,0.015719467956469165,0.026602176541717048,0.008464328899637243,0.045949214026602174,0.007255139056831923,0.23821039903264812,0.013301088270858524,0.008464328899637243,0.04353083434099154,0.07013301088270858,0.17049576783555018,0.006045949214026602,0.007255139056831923,0.05441354292623942,0.05078597339782346,0.44754547889321084,0.10135380035354946,0.004032258064516129,0.008064516129032258,0.3635036496350365,5.826086956521739,0.42473267834810985,29.782608695652176,20.0,28.373221486862104,11.635897716609016,1.3343065693430658,1.0,0.8564429882640319,0.0,4.712408759124088,3.0,6.675627806179626,0.04946808510638298,0.07101063829787234,0.0925531914893617
Closure-121.json,Defects4J,0.8244315981864929,0.8194592595100403,0.8154457211494446,1.0,0.9932227730751038,0.8333333333333334,5.905000000000001,9.646666666666668,0.0,1.3333333333333333,0.0,6.0,0.0,0.0,0.0,0.0,0.0,0.0,0.0,0.0,0.05298664906710747,,6.416666666666668,59.745000000000005,9.066666666666666,22.666666666666664,5.166666666666667,31.0,1.0,1.0,6.0,6.0,0.17573592793231638,1.0544155675938982,0.0,0.0,0.0,0.0,0.0,0.16666666666666666,0.0,0.16666666666666666,0.0,0.0,0.0,0.3333333333333333,0.0,0.0,0.0,0.16666666666666666,0.0,0.6666666666666666,0.0,0.0,0.0,1.0,1.0,,6.0,6.0,0.0,,1.6666666666666667,1.5,0.7453559924999299,0.0,5.166666666666667,5.0,3.0230595245361758,0.0,0.0,0.0
JacksonDatabind-11.json,Defects4J,0.8010671138763428,0.7981704076131185,0.7957335710525513,0.05356134846806526,1.1193103790283203,0.7294117647058823,25.672800000000002,26.2144,0.0,2.572953877907438,0.4322467824144746,85.0,0.0,0.0,0.10372771474878444,0.10372771474878444,0.10372771474878444,0.0,0.0,0.0,0.6977384458393949,0.37808720022439957,17.76,12.26000000000002,17.46666666666667,73.0,6.6,553.0,3.0,7.0,75.0,58.0,0.023637689912631606,2.0092036425736866,0.10588235294117647,0.047058823529411764,0.023529411764705882,0.0,0.011764705882352941,0.0,0.011764705882352941,0.18823529411764706,0.08235294117647059,0.011764705882352941,0.011764705882352941,0.15294117647058825,0.11764705882352941,0.0,0.011764705882352941,0.10588235294117647,0.023529411764705882,0.49765817258077316,0.08245179578435491,0.0,0.0,0.7733333333333333,12.0,0.4824252724647522,25.0,31.0,8.48528137423857,15.470042427545799,2.0,1.0,1.6653327995729061,0.029850746268656716,7.346666666666667,6.0,7.521512850188821,0.0,0.0,0.0
Cli-4.json,Defects4J,0.7088450789451599,0.70356818040212,0.6998552680015564,0.2107972949743271,1.1961252689361572,0.4836759371221282,15.65674960330054,10.915094890510947,0.0,4.794186679817789,7.84039853609428,827.0,0.05452127659574468,0.0574468085106383,0.19654255319148936,0.17553191489361702,0.12420212765957447,0.1077127659574468,0.07526595744680852,0.018617021276595744,13.769176980739129,0.5101731460202824,11.770034909552525,63.723316407489705,14.891145668041894,49.34465249127261,4.084643288996372,2659.0,23.0,177.0,685.0,249.0,1154.4418803781373,954723.4350727195,0.032648125755743655,0.044740024183796856,0.015719467956469165,0.026602176541717048,0.008464328899637243,0.045949214026602174,0.007255139056831923,0.23821039903264812,0.013301088270858524,0.008464328899637243,0.04353083434099154,0.07013301088270858,0.17049576783555018,0.006045949214026602,0.007255139056831923,0.05441354292623942,0.05078597339782346,0.44754547889321084,0.10135380035354946,0.004032258064516129,0.008064516129032258,0.3635036496350365,5.826086956521739,0.42473267834810985,29.782608695652176,20.0,28.373221486862104,11.635897716609016,1.3343065693430658,1.0,0.8564429882640319,0.0,4.712408759124088,3.0,6.675627806179626,0.04946808510638298,0.07101063829787234,0.0925531914893617
Math-35.json,Defects4J,0.7303817272186279,0.7278604308764139,0.7243610620498657,0.17025895416736603,1.170891284942627,0.5113636363636364,39.71020833333333,41.523055555555544,0.0,3.680632551528074,1.905269372778073,176.0,0.11923583662714098,0.0,0.05533596837944664,0.0,0.0,0.0,0.0,0.034255599472990776,1.629341740391399,0.7373152151703835,13.915611111111115,46.59050000000002,17.075555555555557,69.77222222222223,8.306818181818182,891.0,5.0,20.0,144.0,106.0,0.028980205394821597,5.100516149488601,0.0,0.045454545454545456,0.0,0.0,0.005681818181818182,0.028409090909090908,0.0,0.11931818181818182,0.0625,0.017045454545454544,0.005681818181818182,0.2215909090909091,0.125,0.0,0.03977272727272727,0.0625,0.017045454545454544,0.4692726841980573,0.07504430056137769,0.0,0.0,0.7361111111111112,11.8,0.7027137378851572,28.8,18.0,21.720036832381293,14.554592549557764,1.5486111111111112,1.0,1.273827680605404,0.0,9.92361111111111,6.0,11.231206438802007,0.005928853754940711,0.005928853754940711,0.0
Codec-9.json,Defects4J,0.7321791648864746,0.7308021187782288,0.729135274887085,0.23292352259159088,1.190848708152771,0.5058823529411764,32.839586466165414,30.30556390977444,0.0,2.8345481356646305,1.2461453254157009,170.0,0.05775862068965517,0.2206896551724138,0.2206896551724138,0.2206896551724138,0.2206896551724138,0.2206896551724138,0.2206896551724138,0.0,2.137948908038348,0.49650275707244873,13.879755639097748,54.77346804511279,18.11203007518797,73.09962406015038,6.470588235294118,773.0,4.0,13.0,133.0,90.0,0.04989424921731946,8.482022366944308,0.07058823529411765,0.01764705882352941,0.0058823529411764705,0.023529411764705882,0.0058823529411764705,0.011764705882352941,0.0,0.09411764705882353,0.07647058823529412,0.0,0.0,0.17058823529411765,0.15294117647058825,0.011764705882352941,0.029411764705882353,0.07647058823529412,0.03529411764705882,0.4992407485429394,0.05226398037220753,0.0,0.0,0.6766917293233082,13.25,0.5593075305223465,33.25,24.5,26.947866334832522,14.554592549557764,1.3984962406015038,1.0,0.840156176173101,0.0,7.992481203007519,5.0,8.26669760740971,0.03103448275862069,0.0,0.0
JacksonCore-26.json,Defects4J,0.7861490249633789,0.7845023274421692,0.7824495434761047,0.20438043773174286,1.2019720077514648,0.571830985915493,24.68412503830831,28.184223107569725,0.0,3.4399295423620484,1.7097895653654474,355.0,0.026917900403768506,0.12113055181695828,0.25078510542844323,0.21848362494392104,0.1386271870794078,0.12113055181695828,0.12113055181695828,0.0,7.089512474066929,0.6641563532563547,17.60852589641434,3.207413423230207,18.878455409132698,58.35151700888753,5.774647887323944,1994.0,13.0,49.0,251.0,143.0,3.3783745268043455,1199.3229570155427,0.08450704225352113,0.04507042253521127,0.0028169014084507044,0.022535211267605635,0.005633802816901409,0.03943661971830986,0.0,0.14929577464788732,0.056338028169014086,0.005633802816901409,0.005633802816901409,0.11830985915492957,0.2563380281690141,0.014084507042253521,0.014084507042253521,0.0676056338028169,0.02535211267605634,0.4596260247898319,0.05986101815831685,0.0,0.0,0.5697211155378487,7.538461538461538,0.5891854823143645,19.307692307692307,16.0,16.016263923249127,16.385398648044777,2.1752988047808763,2.0,1.855633022636687,0.00904977375565611,7.741035856573705,6.0,7.767581863789174,0.010767160161507403,0.021982951996410947,0.010767160161507403
Cli-34.json,Defects4J,0.7359628677368164,0.7338836789131165,0.7317314147949219,0.2592163681983948,1.151615023612976,0.5523255813953488,26.385625000000005,27.67916666666667,0.0,2.7478859325605907,1.017141094319374,172.0,0.06302521008403361,0.0,0.0,0.0,0.0,0.0,0.0,0.0,1.9048119756531015,0.43443976938724516,10.978333333333332,59.10000000000004,13.76666666666667,58.02777777777778,6.52906976744186,780.0,6.0,25.0,144.0,105.0,0.03905897868705176,6.718144334172902,0.01744186046511628,0.03488372093023256,0.005813953488372093,0.029069767441860465,0.011627906976744186,0.040697674418604654,0.0,0.13372093023255813,0.05813953488372093,0.005813953488372093,0.005813953488372093,0.19186046511627908,0.11627906976744186,0.011627906976744186,0.03488372093023256,0.05813953488372093,0.01744186046511628,0.4939717246224095,0.05567002324564666,0.0,0.0,0.7291666666666666,8.166666666666666,0.24951835721731186,24.0,13.0,18.484227510682363,12.161744961471694,1.4583333333333333,1.0,1.0532687216470449,0.0,7.604166666666667,5.0,8.173652411865824,0.007563025210084034,0.007563025210084034,0.0
Jsoup-31.json,Defects4J,0.7783752679824829,0.7771944403648376,0.7751619219779968,0.2950116693973541,1.1521269083023071,0.43386243386243384,39.569607843137256,12.213856209150325,0.0,8.647424412094065,0.6367861142217244,189.0,0.07785087719298246,0.19078947368421054,0.37719298245614036,0.3201754385964912,0.2730263157894737,0.2730263157894737,0.2730263157894737,0.0,1.6229031388592028,0.8742040991783142,31.98356209150327,2.01102941176471,36.61307189542484,99.37581699346406,4.518518518518518,816.0,2.0,12.0,153.0,66.0,0.026813658488407638,5.067781454309044,0.026455026455026454,0.042328042328042326,0.0,0.010582010582010581,0.005291005291005291,0.015873015873015872,0.0,0.10582010582010581,0.037037037037037035,0.005291005291005291,0.005291005291005291,0.1164021164021164,0.1693121693121693,0.005291005291005291,0.005291005291005291,0.047619047619047616,0.24867724867724866,0.40212765957446805,0.0021276595744680604,0.0,0.0,0.43137254901960786,17.5,,76.5,76.5,7.5,,1.5032679738562091,1.0,1.0297799943127388,0.015384615384615385,4.830065359477124,3.0,5.562233587273036,0.02631578947368421,0.02631578947368421,0.039473684210526314
Closure-49.json,Defects4J,0.8244315981864929,0.8194592595100403,0.8154457211494446,1.0,0.9932227730751038,0.8333333333333334,5.905000000000001,9.646666666666668,0.0,1.3333333333333333,0.0,6.0,0.0,0.0,0.0,0.0,0.0,0.0,0.0,0.0,0.05298664906710747,,6.416666666666668,59.745000000000005,9.066666666666666,22.666666666666664,5.166666666666667,31.0,1.0,1.0,6.0,6.0,0.17573592793231638,1.0544155675938982,0.0,0.0,0.0,0.0,0.0,0.16666666666666666,0.0,0.16666666666666666,0.0,0.0,0.0,0.3333333333333333,0.0,0.0,0.0,0.16666666666666666,0.0,0.6666666666666666,0.0,0.0,0.0,1.0,1.0,,6.0,6.0,0.0,,1.6666666666666667,1.5,0.7453559924999299,0.0,5.166666666666667,5.0,3.0230595245361758,0.0,0.0,0.0
Closure-137.json,Defects4J,0.8244315981864929,0.8194592595100403,0.8154457211494446,1.0,0.9932227730751038,0.8333333333333334,5.905000000000001,9.646666666666668,0.0,1.3333333333333333,0.0,6.0,0.0,0.0,0.0,0.0,0.0,0.0,0.0,0.0,0.05298664906710747,,6.416666666666668,59.745000000000005,9.066666666666666,22.666666666666664,5.166666666666667,31.0,1.0,1.0,6.0,6.0,0.17573592793231638,1.0544155675938982,0.0,0.0,0.0,0.0,0.0,0.16666666666666666,0.0,0.16666666666666666,0.0,0.0,0.0,0.3333333333333333,0.0,0.0,0.0,0.16666666666666666,0.0,0.6666666666666666,0.0,0.0,0.0,1.0,1.0,,6.0,6.0,0.0,,1.6666666666666667,1.5,0.7453559924999299,0.0,5.166666666666667,5.0,3.0230595245361758,0.0,0.0,0.0
Mockito-5.json,Defects4J,0.783976674079895,0.7832303245862325,0.7822003364562988,0.2668941617012024,1.209068775177002,0.6631944444444444,25.018725639078717,32.14779043280183,0.0,2.7199595479120826,2.411545400533832,576.0,0.1355084543939033,0.2769707073112646,0.3638961657537509,0.33650869254584426,0.33650869254584426,0.3217432722076685,0.3217432722076685,0.0,15.054345962333935,0.6187480907355036,13.733487091875478,18.32005346747664,13.16934953176411,48.86870412553784,6.779513888888889,3781.0,36.0,140.0,439.0,192.0,5992.346206435593,3451591.4149069013,0.03125,0.09375,0.012152777777777778,0.029513888888888888,0.013888888888888888,0.052083333333333336,0.0,0.14930555555555555,0.034722222222222224,0.013888888888888888,0.015625,0.14756944444444445,0.21354166666666666,0.008680555555555556,0.026041666666666668,0.052083333333333336,0.017361111111111112,0.4742107939829468,0.09953641783456249,0.0,0.0,0.43735763097949887,4.472222222222222,0.5630193049745524,12.194444444444445,8.0,12.978228445371384,12.211787698766997,2.082004555808656,1.0,2.2330341555476867,0.005141388174807198,8.567198177676538,5.0,10.41679995521499,0.043343653250773995,0.04381995713265063,0.03000714455822815
Math-62.json,Defects4J,0.7448632717132568,0.7407469550768534,0.7376933693885803,0.2357979118824005,1.2738851308822632,0.6812796208530806,22.194157650695516,21.362596599690885,0.0,3.36518658634018,1.2334200531539858,844.0,0.030395136778115502,0.0,0.059371833839918946,0.01458966565349544,0.0,0.0,0.0,0.013373860182370821,21.22175709210371,0.4826946435496211,14.528547758887171,36.995238948995365,17.58538485316847,59.72853168469861,5.241706161137441,3977.0,25.0,272.0,647.0,337.0,1950516.1688906732,1646235646.543728,0.058056872037914695,0.06635071090047394,0.02962085308056872,0.04976303317535545,0.017772511848341232,0.07819905213270142,0.0,0.15876777251184834,0.013033175355450236,0.02132701421800948,0.034360189573459717,0.07464454976303317,0.22156398104265404,0.01066350710900474,0.0071090047393364926,0.07938388625592417,0.0035545023696682463,0.4251196719675312,0.06186191806216552,0.0,0.0,0.5208655332302936,8.76,0.40465796155774075,25.88,21.0,16.28329205044238,15.487659770458691,1.697063369397218,1.0,1.3148917718063027,0.0,6.514683153013911,5.0,6.573283299733626,0.005673758865248227,0.016210739614994935,0.0
Collections-2.json,Defects4J,0.7275317311286926,0.724534809589386,0.7220371961593628,0.46739131212234497,1.1775747537612915,0.5900900900900901,29.4843115942029,27.65434782608695,0.0,3.2898441179742437,0.8922933822355963,222.0,0.10439921208141825,0.0,0.0,0.0,0.0,0.0,0.0,0.04333552199606041,3.173690261498698,0.45163000375032425,13.236304347826088,54.785507246376824,15.744927536231884,63.27536231884058,6.4324324324324325,965.0,6.0,49.0,184.0,121.0,0.10763739866862754,23.895502504435314,0.04954954954954955,0.02252252252252252,0.02252252252252252,0.05855855855855856,0.018018018018018018,0.036036036036036036,0.0,0.10810810810810811,0.04054054054054054,0.009009009009009009,0.013513513513513514,0.15315315315315314,0.12162162162162163,0.013513513513513514,0.03153153153153153,0.09009009009009009,0.013513513513513514,0.44695731035260833,0.04538793923601885,0.0,0.0,0.657608695652174,10.0,0.06378180114552379,30.666666666666668,26.0,18.517259216441534,12.457975602129121,1.4293478260869565,1.0,0.8879676408467407,0.0,7.554347826086956,5.0,8.723237495377283,0.005909389363099146,0.005909389363099146,0.0
Lang-20.json,Defects4J,0.7099022269248962,0.7063111662864685,0.7037338614463806,0.25511273741722107,1.1259889602661133,0.4723618090452261,41.35440789473684,38.08184210526315,0.0,4.001517273576097,1.9439000924145133,199.0,0.1,0.0,0.12105263157894737,0.0,0.0,0.0,0.0,0.04342105263157895,1.6456712501442476,0.5712971687316895,18.09447368421053,33.01631578947371,19.410526315789475,78.13157894736842,7.336683417085427,950.0,4.0,19.0,152.0,111.0,0.02605270767878604,5.184488828078422,0.01507537688442211,0.035175879396984924,0.010050251256281407,0.010050251256281407,0.005025125628140704,0.010050251256281407,0.0,0.09547738693467336,0.06030150753768844,0.0,0.005025125628140704,0.22110552763819097,0.17587939698492464,0.005025125628140704,0.04020100502512563,0.05025125628140704,0.02512562814070352,0.4317518674136321,0.07251776233922472,0.0,0.0,0.7302631578947368,15.25,0.6661889255046844,38.0,44.5,22.214859891523062,14.554592549557764,1.5986842105263157,1.0,1.3191896855997616,0.0,9.296052631578947,6.0,10.56050164265876,0.0059210526315789476,0.0059210526315789476,0.0
Jsoup-66.json,Defects4J,0.7827584743499756,0.7816705902417501,0.7795685529708862,0.26587679982185364,1.1958465576171875,0.5654761904761905,30.549189189189185,25.195675675675677,0.0,5.646671992474778,5.2874935318333485,336.0,0.01633045148895293,0.1642651296829971,0.2271853986551393,0.2017291066282421,0.2017291066282421,0.19212295869356388,0.19212295869356388,0.0,5.6362926925893,0.524211456378301,20.845405405405405,11.512432432432433,22.52200772200772,71.74903474903475,5.708333333333333,1916.0,7.0,56.0,259.0,108.0,0.8345868496876233,280.4211814950414,0.03273809523809524,0.03273809523809524,0.002976190476190476,0.020833333333333332,0.020833333333333332,0.041666666666666664,0.0,0.16666666666666666,0.02976190476190476,0.002976190476190476,0.02976190476190476,0.13988095238095238,0.23809523809523808,0.01488095238095238,0.002976190476190476,0.07738095238095238,0.03869047619047619,0.4072441287591057,0.03846997803204185,0.0,0.0,0.416988416988417,12.857142857142858,0.3593135610222816,37.0,29.0,26.774187996223954,18.3970566412798,1.864864864864865,1.0,1.6443072149874336,0.008968609865470852,7.108108108108108,4.0,8.772318029016747,0.01440922190201729,0.01729106628242075,0.03650336215177714
Closure-160.json,Defects4J,0.8244315981864929,0.8194592595100403,0.8154457211494446,1.0,0.9932227730751038,0.8333333333333334,5.905000000000001,9.646666666666668,0.0,1.3333333333333333,0.0,6.0,0.0,0.0,0.0,0.0,0.0,0.0,0.0,0.0,0.05298664906710747,,6.416666666666668,59.745000000000005,9.066666666666666,22.666666666666664,5.166666666666667,31.0,1.0,1.0,6.0,6.0,0.17573592793231638,1.0544155675938982,0.0,0.0,0.0,0.0,0.0,0.16666666666666666,0.0,0.16666666666666666,0.0,0.0,0.0,0.3333333333333333,0.0,0.0,0.0,0.16666666666666666,0.0,0.6666666666666666,0.0,0.0,0.0,1.0,1.0,,6.0,6.0,0.0,,1.6666666666666667,1.5,0.7453559924999299,0.0,5.166666666666667,5.0,3.0230595245361758,0.0,0.0,0.0
JxPath-9.json,Defects4J,0.7139795422554016,0.7114972273508707,0.7086337804794312,0.41339799761772156,1.1712133884429932,0.45112781954887216,42.92773584905661,30.903396226415094,0.0,3.9950980392156863,0.17156862745098045,133.0,0.07330415754923414,0.0,0.15098468271334792,0.1050328227571116,0.0,0.0,0.0,0.0,0.9563791836634052,0.8442561030387878,21.555471698113212,34.91924528301891,24.973584905660378,88.84905660377359,6.609022556390977,552.0,2.0,10.0,106.0,78.0,0.019565842854121464,2.602257099598155,0.022556390977443608,0.015037593984962405,0.0,0.03007518796992481,0.007518796992481203,0.015037593984962405,0.0,0.07518796992481203,0.06766917293233082,0.0,0.0,0.22556390977443608,0.15789473684210525,0.0,0.03759398496240601,0.06015037593984962,0.015037593984962405,0.48982843137254906,0.031004901960784342,0.0,0.0,0.7358490566037735,19.0,,53.0,53.0,13.0,,1.3962264150943395,1.0,0.7971558556331173,0.0,8.037735849056604,5.0,8.79957602784628,0.009846827133479213,0.11487964989059081,0.11816192560175055
JacksonDatabind-50.json,Defects4J,0.8110144138336182,0.8079739411671957,0.8060599565505981,0.19378076493740082,1.1588801145553589,0.7647058823529411,18.25781420765027,19.598688524590155,0.0,3.2443453137675102,1.040421594269841,221.0,0.0,0.07732342007434945,0.16802973977695168,0.16802973977695168,0.16802973977695168,0.16802973977695168,0.07732342007434945,0.0,5.797205513195625,0.4609820246696472,12.909398907103824,38.72453551912571,15.346448087431694,56.94535519125684,5.3710407239819,1187.0,9.0,73.0,183.0,109.0,1.4903974236559947,329.37783062797484,0.07239819004524888,0.08144796380090498,0.02262443438914027,0.04524886877828054,0.013574660633484163,0.08144796380090498,0.0,0.16289592760180996,0.05429864253393665,0.01809954751131222,0.02262443438914027,0.06787330316742081,0.14479638009049775,0.02262443438914027,0.02262443438914027,0.10407239819004525,0.01809954751131222,0.41651850035717314,0.07437016045339913,0.0,0.0,0.5956284153005464,7.444444444444445,0.3300518702183451,20.333333333333332,18.0,10.83205120618128,14.06817628641468,1.7431693989071038,1.0,1.4043822159449615,0.028735632183908046,6.26775956284153,4.0,5.839323909804176,0.005947955390334572,0.04237918215613383,0.022304832713754646
Jsoup-89.json,Defects4J,0.7581952810287476,0.7559075355529785,0.7535622119903564,0.31264644861221313,1.186224341392517,0.5817490494296578,24.241950261780104,25.074554973821986,0.0,3.619410735909518,1.457828987543813,263.0,0.0831758034026465,0.37933207309388783,0.4360428481411468,0.4360428481411468,0.4360428481411468,0.37933207309388783,0.37933207309388783,0.0,3.448235821692043,0.41874079539307524,13.243763089005238,42.63538285340317,16.67041884816754,62.6184554973822,5.479087452471483,1258.0,8.0,57.0,191.0,97.0,0.11956223950898003,31.444868990861746,0.030418250950570342,0.045627376425855515,0.019011406844106463,0.060836501901140684,0.0038022813688212928,0.0038022813688212928,0.0,0.19771863117870722,0.019011406844106463,0.0038022813688212928,0.060836501901140684,0.07984790874524715,0.27756653992395436,0.034220532319391636,0.011406844106463879,0.057034220532319393,0.0,0.41661536083856177,0.07613920875165002,0.0,0.0,0.5078534031413613,9.25,0.4543149707218011,23.875,14.5,19.035739413009413,14.90622815163357,1.6544502617801047,1.0,1.2886815318215927,0.012048192771084338,7.162303664921466,5.0,6.9130609318199,0.007561436672967864,0.03528670447385003,0.04788909892879647
JxPath-13.json,Defects4J,0.7580956816673279,0.7574045658111572,0.7562099695205688,0.23519189655780792,1.2001469135284424,0.550185873605948,25.19009049773755,27.266606334841622,0.0,2.29283707380499,1.7054190953457493,269.0,0.07017543859649122,0.0,0.15679824561403508,0.14912280701754385,0.09649122807017543,0.09649122807017543,0.09649122807017543,0.0,3.4403308716899272,0.39876309947835076,11.930357466063352,48.89037782805431,13.726877828054299,61.01402714932127,6.397769516728625,1348.0,10.0,44.0,221.0,145.0,0.1159750139671505,31.197278757163485,0.01486988847583643,0.03717472118959108,0.011152416356877323,0.01486988847583643,0.0037174721189591076,0.040892193308550186,0.0,0.14869888475836432,0.040892193308550186,0.007434944237918215,0.022304832713754646,0.15613382899628253,0.1449814126394052,0.011152416356877323,0.02973977695167286,0.07434944237918216,0.048327137546468404,0.44955564182673047,0.1761134612581116,0.0,0.0,0.6561085972850679,8.6,0.4072275566868484,22.1,7.5,25.539968676566538,12.516099999999998,1.6018099547511313,1.0,1.3368418176174648,0.0,7.552036199095022,5.0,8.597761358561897,0.01918859649122807,0.0,0.0
JacksonDatabind-27.json,Defects4J,0.8144513368606567,0.811191201210022,0.8082834482192993,0.12739232182502747,1.1584373712539673,0.8125,21.62169724770642,19.850275229357788,0.0,3.329896109637489,0.2795464241035981,128.0,0.0,0.13602015113350127,0.13602015113350127,0.13602015113350127,0.13602015113350127,0.13602015113350127,0.13602015113350127,0.0,2.2017938856845927,0.3731311373412609,16.58061926605505,24.723038990825728,19.707339449541287,59.36009174311927,5.46875,700.0,4.0,37.0,109.0,80.0,0.07063451462503512,9.041217872004495,0.0546875,0.0703125,0.0078125,0.0390625,0.0234375,0.0234375,0.0,0.1640625,0.0546875,0.0234375,0.0234375,0.203125,0.1328125,0.0234375,0.015625,0.1171875,0.0,0.4181918656056587,0.09407662838526815,0.0,0.0,0.7339449541284404,8.75,0.31458476185798645,27.25,21.5,15.303185942802891,17.122413403193683,1.8256880733944953,1.0,1.525586286442262,0.02830188679245283,6.247706422018348,4.0,6.582094091503729,0.0491183879093199,0.05667506297229219,0.060453400503778336
Closure-69.json,Defects4J,0.8244315981864929,0.8194592595100403,0.8154457211494446,1.0,0.9932227730751038,0.8333333333333334,5.905000000000001,9.646666666666668,0.0,1.3333333333333333,0.0,6.0,0.0,0.0,0.0,0.0,0.0,0.0,0.0,0.0,0.05298664906710747,,6.416666666666668,59.745000000000005,9.066666666666666,22.666666666666664,5.166666666666667,31.0,1.0,1.0,6.0,6.0,0.17573592793231638,1.0544155675938982,0.0,0.0,0.0,0.0,0.0,0.16666666666666666,0.0,0.16666666666666666,0.0,0.0,0.0,0.3333333333333333,0.0,0.0,0.0,0.16666666666666666,0.0,0.6666666666666666,0.0,0.0,0.0,1.0,1.0,,6.0,6.0,0.0,,1.6666666666666667,1.5,0.7453559924999299,0.0,5.166666666666667,5.0,3.0230595245361758,0.0,0.0,0.0
Closure-117.json,Defects4J,0.8244315981864929,0.8194592595100403,0.8154457211494446,1.0,0.9932227730751038,0.8333333333333334,5.905000000000001,9.646666666666668,0.0,1.3333333333333333,0.0,6.0,0.0,0.0,0.0,0.0,0.0,0.0,0.0,0.0,0.05298664906710747,,6.416666666666668,59.745000000000005,9.066666666666666,22.666666666666664,5.166666666666667,31.0,1.0,1.0,6.0,6.0,0.17573592793231638,1.0544155675938982,0.0,0.0,0.0,0.0,0.0,0.16666666666666666,0.0,0.16666666666666666,0.0,0.0,0.0,0.3333333333333333,0.0,0.0,0.0,0.16666666666666666,0.0,0.6666666666666666,0.0,0.0,0.0,1.0,1.0,,6.0,6.0,0.0,,1.6666666666666667,1.5,0.7453559924999299,0.0,5.166666666666667,5.0,3.0230595245361758,0.0,0.0,0.0
Closure-86.json,Defects4J,0.8244315981864929,0.8194592595100403,0.8154457211494446,1.0,0.9932227730751038,0.8333333333333334,5.905000000000001,9.646666666666668,0.0,1.3333333333333333,0.0,6.0,0.0,0.0,0.0,0.0,0.0,0.0,0.0,0.0,0.05298664906710747,,6.416666666666668,59.745000000000005,9.066666666666666,22.666666666666664,5.166666666666667,31.0,1.0,1.0,6.0,6.0,0.17573592793231638,1.0544155675938982,0.0,0.0,0.0,0.0,0.0,0.16666666666666666,0.0,0.16666666666666666,0.0,0.0,0.0,0.3333333333333333,0.0,0.0,0.0,0.16666666666666666,0.0,0.6666666666666666,0.0,0.0,0.0,1.0,1.0,,6.0,6.0,0.0,,1.6666666666666667,1.5,0.7453559924999299,0.0,5.166666666666667,5.0,3.0230595245361758,0.0,0.0,0.0
Cli-14.json,Defects4J,0.7623397707939148,0.7567368149757385,0.7517489790916443,0.2789294123649597,1.1775474548339844,0.5239852398523985,31.17539909149903,37.269452736318414,0.0,3.560480692704172,2.706066516956618,542.0,0.026820866141732284,0.0,0.10999015748031496,0.015255905511811024,0.015255905511811024,0.0,0.0,0.0004921259842519685,8.853374579031833,0.6415063041177663,16.88124810728964,5.16322193380924,15.449015790612158,60.01557430240104,7.166051660516605,3264.0,23.0,72.0,402.0,222.0,12.911373345033171,6997.964353007978,0.02952029520295203,0.046125461254612546,0.005535055350553505,0.01107011070110701,0.0036900369003690036,0.025830258302583026,0.0,0.16236162361623616,0.04059040590405904,0.0018450184501845018,0.01845018450184502,0.13837638376383765,0.23800738007380073,0.007380073800738007,0.02214022140221402,0.04981549815498155,0.01845018450184502,0.437266551612841,0.13290083940514125,0.0,0.0,0.5522388059701493,7.434782608695652,0.5935774413602692,17.47826086956522,10.0,20.95931787227527,14.111328628660665,2.174129353233831,1.0,2.2679965435547293,0.0,9.313432835820896,6.0,10.424629688196902,0.004921259842519685,0.017716535433070866,0.014763779527559055
Jsoup-11.json,Defects4J,0.8066950440406799,0.8053537011146545,0.8042476177215576,0.09965343028306961,1.1664150953292847,0.7638888888888888,34.27305084745763,34.322711864406784,0.0,4.147058823529412,0.4803921568627454,72.0,0.0,0.0,0.19965576592082615,0.19965576592082615,0.19965576592082615,0.19965576592082615,0.19965576592082615,0.0,0.8496113073668301,0.6282192468643188,22.315,-12.382076271186406,26.037288135593226,82.04237288135593,7.305555555555555,526.0,2.0,9.0,59.0,42.0,0.032482467015927094,2.338737625146751,0.125,0.013888888888888888,0.0,0.013888888888888888,0.013888888888888888,0.013888888888888888,0.0,0.3472222222222222,0.05555555555555555,0.05555555555555555,0.0,0.125,0.08333333333333333,0.0,0.06944444444444445,0.05555555555555555,0.0,0.4159663865546218,0.03501400560224091,0.0,0.0,0.711864406779661,15.5,,29.5,29.5,10.5,,2.23728813559322,2.0,1.5980812971285654,0.03508771929824561,8.694915254237289,7.0,7.2585524944614175,0.08950086058519793,0.11703958691910499,0.1721170395869191
Lang-57.json,Defects4J,0.7326582670211792,0.7296629945437113,0.7270236611366272,0.2192358374595642,1.160312533378601,0.49696969696969695,35.60919847328244,34.06167938931297,0.0,3.806179775280899,1.9562031119533272,165.0,0.07142857142857142,0.0,0.11330049261083744,0.07881773399014778,0.0,0.0,0.0,0.0,1.705429547506771,0.8505260348320007,16.278683206106873,36.68382633587788,18.29083969465649,70.15458015267176,7.072727272727272,777.0,4.0,22.0,131.0,100.0,0.033356056250391286,5.503749281314562,0.0,0.030303030303030304,0.012121212121212121,0.024242424242424242,0.006060606060606061,0.024242424242424242,0.0,0.09696969696969697,0.06060606060606061,0.012121212121212121,0.006060606060606061,0.2,0.15151515151515152,0.006060606060606061,0.03636363636363636,0.06666666666666667,0.024242424242424242,0.5162102059925094,0.04436753039313746,0.0,0.0,0.7633587786259542,12.25,0.8185800313949585,32.75,25.5,24.651318423159438,14.90622815163357,1.618320610687023,1.0,1.4539129370448898,0.0,8.633587786259541,5.0,9.385880338210669,0.007389162561576354,0.007389162561576354,0.08866995073891626
Gson-1.json,Defects4J,0.7834669351577759,0.7801340023676554,0.7780435085296631,0.273015558719635,1.2016454935073853,0.5845588235294118,41.40608974358974,18.94,0.0,6.3209551613806925,1.5709050824472315,272.0,0.0048209366391184574,0.08677685950413223,0.12947658402203857,0.08677685950413223,0.08677685950413223,0.08677685950413223,0.08677685950413223,0.0,3.5912098552615315,0.6290390342473984,30.851923076923075,-2.64025641025637,35.041025641025634,97.69871794871794,4.8161764705882355,1256.0,3.0,39.0,208.0,129.0,0.13337478104187714,36.277940443390584,0.05514705882352941,0.03308823529411765,0.01838235294117647,0.014705882352941176,0.007352941176470588,0.04411764705882353,0.0,0.17647058823529413,0.03676470588235294,0.011029411764705883,0.003676470588235294,0.13602941176470587,0.21691176470588236,0.011029411764705883,0.014705882352941176,0.08823529411764706,0.007352941176470588,0.4521129148788723,0.011391294877140563,0.0,0.0,0.6201923076923077,19.666666666666668,0.650012731552124,69.33333333333333,73.0,5.185449728701348,23.460913003271497,1.6442307692307692,1.0,1.2280242827620529,0.017241379310344827,5.980769230769231,4.5,6.053417294945523,0.009641873278236915,0.01652892561983471,0.0
Math-15.json,Defects4J,0.7561701536178589,0.754736085732778,0.7536237835884094,0.35290613770484924,1.3369598388671875,0.46886446886446886,19.861000957854408,18.509137931034484,0.0,3.2442995769831153,0.840139765207248,273.0,0.05566343042071197,0.0,0.03365695792880259,0.027184466019417475,0.012944983818770227,0.0,0.0,0.0,3.20579970179787,0.6497789453715086,10.484885057471267,65.80417624521073,14.449042145593872,52.07088122605364,5.278388278388278,1053.0,9.0,42.0,232.0,141.0,0.09038543937775836,24.675224950128033,0.02564102564102564,0.03296703296703297,0.0,0.02564102564102564,0.003663003663003663,0.018315018315018316,0.0,0.11355311355311355,0.06593406593406594,0.003663003663003663,0.040293040293040296,0.16483516483516483,0.1282051282051282,0.029304029304029304,0.040293040293040296,0.054945054945054944,0.054945054945054944,0.4531703021101106,0.09365706158103373,0.0,0.0,0.6077586206896551,6.777777777777778,0.4751097730227879,25.77777777777778,30.0,13.104518116349354,12.457975602129121,1.3577586206896552,1.0,0.7914032563426951,0.0,6.030172413793103,4.0,7.840761308782966,0.005177993527508091,0.005825242718446602,0.0
Closure-140.json,Defects4J,0.8244315981864929,0.8194592595100403,0.8154457211494446,1.0,0.9932227730751038,0.8333333333333334,5.905000000000001,9.646666666666668,0.0,1.3333333333333333,0.0,6.0,0.0,0.0,0.0,0.0,0.0,0.0,0.0,0.0,0.05298664906710747,,6.416666666666668,59.745000000000005,9.066666666666666,22.666666666666664,5.166666666666667,31.0,1.0,1.0,6.0,6.0,0.17573592793231638,1.0544155675938982,0.0,0.0,0.0,0.0,0.0,0.16666666666666666,0.0,0.16666666666666666,0.0,0.0,0.0,0.3333333333333333,0.0,0.0,0.0,0.16666666666666666,0.0,0.6666666666666666,0.0,0.0,0.0,1.0,1.0,,6.0,6.0,0.0,,1.6666666666666667,1.5,0.7453559924999299,0.0,5.166666666666667,5.0,3.0230595245361758,0.0,0.0,0.0
JacksonDatabind-70.json,Defects4J,0.7847310900688171,0.7826491196950277,0.7811310887336731,0.17179091274738312,1.1829310655593872,0.5975609756097561,39.62723140495868,40.56363636363636,0.0,5.575,3.747248990926544,164.0,0.0007668711656441718,0.0,0.06595092024539877,0.0,0.0,0.0,0.0,0.0,2.3036673432467736,0.450801024834315,24.293450413223145,-25.23073347107436,21.686776859504135,67.44008264462809,7.487804878048781,1208.0,4.0,17.0,121.0,83.0,0.061041636347369324,10.010828360968569,0.07926829268292683,0.054878048780487805,0.0,0.006097560975609756,0.006097560975609756,0.006097560975609756,0.0,0.1524390243902439,0.04878048780487805,0.012195121951219513,0.006097560975609756,0.17073170731707318,0.25,0.006097560975609756,0.012195121951219513,0.06097560975609756,0.0,0.44100378787878786,0.050951105920865235,0.0,0.043478260869565216,0.6859504132231405,11.25,0.5630303919315338,30.25,17.0,30.678779310787448,18.511140095513987,2.3801652892561984,1.0,2.3923300248682398,0.0297029702970297,9.75206611570248,6.0,12.137831706737543,0.03450920245398773,0.049079754601226995,0.039110429447852764
Collections-17.json,Defects4J,0.7461147904396057,0.7449643413225809,0.7430649399757385,0.21093793213367462,1.1205581426620483,0.5380952380952381,29.800019960079837,29.718802395209575,0.0,2.5887566137566136,1.6690975700361914,210.0,0.060207612456747404,0.0,0.0,0.0,0.0,0.0,0.0,0.001384083044982699,2.293939966063517,0.3282958775758743,13.565598802395211,47.3781786427146,16.16327345309381,64.95908183632734,6.514285714285714,979.0,6.0,33.0,167.0,123.0,0.04720914927260641,9.913921347247346,0.05238095238095238,0.047619047619047616,0.004761904761904762,0.02857142857142857,0.004761904761904762,0.01904761904761905,0.0,0.11904761904761904,0.0380952380952381,0.014285714285714285,0.004761904761904762,0.1761904761904762,0.1619047619047619,0.0,0.03333333333333333,0.06190476190476191,0.01904761904761905,0.3763888888888889,0.18479008778397688,0.0,0.0,0.7365269461077845,10.333333333333334,0.16930553317070007,27.833333333333332,17.5,28.550637276405734,13.81666964889586,1.5508982035928143,1.0,1.2604470390065923,0.0,7.922155688622754,5.0,8.93287946144842,0.006228373702422145,0.006228373702422145,0.0
Jsoup-46.json,Defects4J,0.7701401710510254,0.7683887680371603,0.7660788297653198,0.2621285021305084,1.1828694343566895,0.6033613445378151,16.28783520826999,18.05752913752914,0.0,3.282766252416498,2.4151349127284254,595.0,0.0,0.045205037132709076,0.11075234097513723,0.08233774620600581,0.0636099451081692,0.045205037132709076,0.045205037132709076,0.0,13.34243289596529,0.5906569286757573,11.15847370021283,48.28346305868047,13.894435998783827,49.18830444917401,4.658823529411765,2586.0,23.0,150.0,429.0,218.0,1047.1961000501235,623081.6795298235,0.04201680672268908,0.058823529411764705,0.031932773109243695,0.043697478991596636,0.023529411764705882,0.03529411764705882,0.0016806722689075631,0.13445378151260504,0.021848739495798318,0.018487394957983194,0.04201680672268908,0.07394957983193277,0.25546218487394956,0.01680672268907563,0.008403361344537815,0.08235294117647059,0.031932773109243695,0.4537404498380797,0.06936902824791268,0.0,0.0,0.5081585081585082,5.695652173913044,0.5138044896579924,18.652173913043477,13.0,21.39201129973559,13.023866798666859,1.6503496503496504,1.0,1.360063456246568,0.010230179028132993,6.027972027972028,5.0,6.407612084382621,0.004520503713270907,0.0293832741362609,0.027123022279625444
Time-15.json,Defects4J,0.8303931355476379,0.824344793955485,0.8178890347480774,0.2599278688430786,1.2681292295455933,0.7927927927927928,8.14308035714286,10.400416666666668,0.0,2.3708333333333336,1.1533272261054928,111.0,0.0,0.0,0.0,0.0,0.0,0.0,0.0,0.0,3.2890336230425423,0.41138935337464017,5.860654761904762,77.47125000000004,7.56904761904762,34.54761904761905,4.36936936936937,485.0,7.0,45.0,96.0,65.0,0.24159401676593592,26.816935861018887,0.02702702702702703,0.05405405405405406,0.018018018018018018,0.04504504504504504,0.036036036036036036,0.09009009009009009,0.0,0.1891891891891892,0.009009009009009009,0.018018018018018018,0.0990990990990991,0.10810810810810811,0.0990990990990991,0.04504504504504504,0.009009009009009009,0.0990990990990991,0.0,0.456547619047619,0.04989359426118065,0.0,0.0,0.6770833333333334,2.857142857142857,0.2505317389965057,13.714285714285714,14.0,9.54260050980842,7.957251820313856,1.3645833333333333,1.0,0.7234148139591529,0.010638297872340425,4.822916666666667,3.5,4.630053076699613,0.010657193605683837,0.0,0.0
Jsoup-9.json,Defects4J,0.8081030249595642,0.8070894082387289,0.8059278130531311,0.1530330777168274,1.186815857887268,0.7479674796747967,20.65731958762887,23.106804123711346,0.0,3.3793635231870525,1.9685861359195858,123.0,0.0,0.0,0.11296534017971759,0.11296534017971759,0.0,0.0,0.0,0.0,2.1615372174994407,0.07535054918844253,14.237855670103094,27.537814432989705,17.244536082474223,59.60618556701031,5.650406504065041,695.0,5.0,34.0,97.0,79.0,0.07060550677541558,8.684477333376115,0.06504065040650407,0.04878048780487805,0.032520325203252036,0.056910569105691054,0.032520325203252036,0.016260162601626018,0.0,0.15447154471544716,0.06504065040650407,0.024390243902439025,0.06504065040650407,0.11382113821138211,0.17886178861788618,0.008130081300813009,0.016260162601626018,0.08943089430894309,0.0,0.43468876439464676,0.11533648109997355,0.0,0.2,0.8144329896907216,7.8,0.2181762382388115,19.4,17.0,15.21315220458929,15.381575749822971,1.8865979381443299,1.0,1.498289668632127,0.03225806451612903,6.876288659793815,4.0,6.983423276513,0.026957637997432605,0.06546854942233633,0.0
Math-42.json,Defects4J,0.7468417882919312,0.7448020378748575,0.7431291341781616,0.3099340498447418,1.2185183763504028,0.48828125,31.8775983436853,31.29004830917874,0.0,3.2787319803706225,1.9111401364997374,256.0,0.0983695652173913,0.0,0.008695652173913044,0.0,0.0,0.0,0.0,0.029347826086956522,2.611993278692484,0.6183730810880661,14.412422360248453,44.40260869565219,17.045962732919257,68.21877156659765,6.8046875,1170.0,7.0,29.0,207.0,143.0,0.05322728353004995,13.626184583692787,0.01953125,0.0390625,0.0078125,0.015625,0.0078125,0.0234375,0.0,0.109375,0.09765625,0.0078125,0.0078125,0.19921875,0.1484375,0.00390625,0.03125,0.046875,0.01953125,0.504530662693785,0.08476561065725466,0.0,0.0,0.6908212560386473,11.428571428571429,0.4964506208896637,29.571428571428573,20.0,19.032732277820323,14.348710955821954,1.565217391304348,1.0,1.2254735163252002,0.0,8.178743961352657,5.0,10.051170161268423,0.004891304347826087,0.004891304347826087,0.0
Closure-5.json,Defects4J,0.8244315981864929,0.8194592595100403,0.8154457211494446,1.0,0.9932227730751038,0.8333333333333334,5.905000000000001,9.646666666666668,0.0,1.3333333333333333,0.0,6.0,0.0,0.0,0.0,0.0,0.0,0.0,0.0,0.0,0.05298664906710747,,6.416666666666668,59.745000000000005,9.066666666666666,22.666666666666664,5.166666666666667,31.0,1.0,1.0,6.0,6.0,0.17573592793231638,1.0544155675938982,0.0,0.0,0.0,0.0,0.0,0.16666666666666666,0.0,0.16666666666666666,0.0,0.0,0.0,0.3333333333333333,0.0,0.0,0.0,0.16666666666666666,0.0,0.6666666666666666,0.0,0.0,0.0,1.0,1.0,,6.0,6.0,0.0,,1.6666666666666667,1.5,0.7453559924999299,0.0,5.166666666666667,5.0,3.0230595245361758,0.0,0.0,0.0
Closure-28.json,Defects4J,0.8244315981864929,0.8194592595100403,0.8154457211494446,1.0,0.9932227730751038,0.8333333333333334,5.905000000000001,9.646666666666668,0.0,1.3333333333333333,0.0,6.0,0.0,0.0,0.0,0.0,0.0,0.0,0.0,0.0,0.05298664906710747,,6.416666666666668,59.745000000000005,9.066666666666666,22.666666666666664,5.166666666666667,31.0,1.0,1.0,6.0,6.0,0.17573592793231638,1.0544155675938982,0.0,0.0,0.0,0.0,0.0,0.16666666666666666,0.0,0.16666666666666666,0.0,0.0,0.0,0.3333333333333333,0.0,0.0,0.0,0.16666666666666666,0.0,0.6666666666666666,0.0,0.0,0.0,1.0,1.0,,6.0,6.0,0.0,,1.6666666666666667,1.5,0.7453559924999299,0.0,5.166666666666667,5.0,3.0230595245361758,0.0,0.0,0.0
JacksonDatabind-66.json,Defects4J,0.7857022285461426,0.7849138776461283,0.7844734191894531,0.194403275847435,1.2269260883331299,0.5484460694698354,27.752397995705074,33.080419947506556,0.0,3.7418954672024425,2.667422966156276,547.0,0.08725013506212857,0.17828200972447325,0.2825499729875743,0.22771474878444084,0.20313344138303618,0.17828200972447325,0.17828200972447325,0.0,11.285993137580165,0.6983455341486704,16.80818539727989,5.401927344309257,16.481078501550943,55.90085898353614,6.325411334552102,3228.0,22.0,63.0,381.0,162.0,145.6992164212456,79697.47138242135,0.05301645338208409,0.027422303473491772,0.005484460694698354,0.012797074954296161,0.007312614259597806,0.038391224862888484,0.0,0.14076782449725778,0.014625228519195612,0.012797074954296161,0.009140767824497258,0.1773308957952468,0.2943327239488117,0.007312614259597806,0.009140767824497258,0.04570383912248629,0.029250457038391225,0.47327136163092615,0.06548240512549627,0.0,0.0,0.4251968503937008,6.681818181818182,0.6405610874295234,17.318181818181817,9.5,17.41051501414738,14.747713142868488,2.173228346456693,1.0,2.7762429195556413,0.012345679012345678,8.603674540682414,6.0,12.37612158343162,0.006482982171799027,0.017828200972447326,0.017828200972447326
Closure-156.json,Defects4J,0.8244315981864929,0.8194592595100403,0.8154457211494446,1.0,0.9932227730751038,0.8333333333333334,5.905000000000001,9.646666666666668,0.0,1.3333333333333333,0.0,6.0,0.0,0.0,0.0,0.0,0.0,0.0,0.0,0.0,0.05298664906710747,,6.416666666666668,59.745000000000005,9.066666666666666,22.666666666666664,5.166666666666667,31.0,1.0,1.0,6.0,6.0,0.17573592793231638,1.0544155675938982,0.0,0.0,0.0,0.0,0.0,0.16666666666666666,0.0,0.16666666666666666,0.0,0.0,0.0,0.3333333333333333,0.0,0.0,0.0,0.16666666666666666,0.0,0.6666666666666666,0.0,0.0,0.0,1.0,1.0,,6.0,6.0,0.0,,1.6666666666666667,1.5,0.7453559924999299,0.0,5.166666666666667,5.0,3.0230595245361758,0.0,0.0,0.0
Jsoup-50.json,Defects4J,0.8141086101531982,0.8122557202974955,0.8088488578796387,0.2904655337333679,1.1755268573760986,0.869281045751634,21.849926470588237,20.16441176470588,0.0,2.853774286715463,0.25899884552689245,153.0,0.0,0.1272365805168986,0.19284294234592445,0.19284294234592445,0.1272365805168986,0.1272365805168986,0.1272365805168986,0.0,3.900180190558519,0.46006055176258087,15.147411764705883,34.90935294117648,17.64470588235294,55.87647058823529,5.7254901960784315,876.0,5.0,61.0,136.0,88.0,0.32295001151954233,49.41135176248998,0.05228758169934641,0.08496732026143791,0.013071895424836602,0.0718954248366013,0.013071895424836602,0.0718954248366013,0.0,0.17647058823529413,0.0392156862745098,0.013071895424836602,0.0457516339869281,0.11764705882352941,0.10457516339869281,0.05228758169934641,0.006535947712418301,0.12418300653594772,0.0,0.4504230192465486,0.056211252789107644,0.0,0.0,0.6470588235294118,7.8,0.41854608058929443,27.2,24.0,12.253978945632314,15.381575749822971,1.7058823529411764,1.0,1.5440476174596103,0.022388059701492536,6.301470588235294,4.0,7.780367310379957,0.05168986083499006,0.055666003976143144,0.07554671968190854
Codec-10.json,Defects4J,0.7503431439399719,0.7474891146024069,0.745658278465271,0.22423548996448517,1.2021706104278564,0.4691358024691358,23.700476190476188,23.366753246753238,0.0,3.0365973149962975,0.8125106923475998,324.0,0.05715871254162042,0.3129855715871254,0.4439511653718091,0.40621531631520535,0.33518312985571586,0.3129855715871254,0.3129855715871254,0.021087680355160933,4.688343478916016,0.6525776796042919,10.408744588744593,66.15216450216451,13.210389610389612,57.26839826839827,5.175925925925926,1252.0,9.0,29.0,231.0,131.0,0.3354105292824568,108.67301148751599,0.0030864197530864196,0.021604938271604937,0.006172839506172839,0.006172839506172839,0.006172839506172839,0.015432098765432098,0.0,0.11728395061728394,0.07407407407407407,0.0,0.009259259259259259,0.2222222222222222,0.24691358024691357,0.006172839506172839,0.033950617283950615,0.05864197530864197,0.009259259259259259,0.46755120496776326,0.06062038566386499,0.0,0.0,0.5670995670995671,8.11111111111111,0.4539441338607243,25.666666666666668,16.0,15.491933384829668,10.980518767755715,1.354978354978355,1.0,0.6990772362303579,0.0,6.857142857142857,5.0,7.675306363101776,0.013318534961154272,0.022197558268590455,0.0
Lang-16.json,Defects4J,0.7269706130027771,0.7239635785420736,0.7221828699111938,0.21513862907886505,1.1568282842636108,0.48148148148148145,34.78476744186046,33.330542635658915,0.0,3.1866851595006933,1.458800101334582,162.0,0.07372881355932204,0.0,0.0711864406779661,0.0,0.0,0.0,0.0,0.0,1.4178443686027598,0.8169663349787394,14.09292635658915,51.46404069767446,16.931007751937983,67.13372093023256,6.981481481481482,701.0,4.0,14.0,129.0,96.0,0.025482789745115215,4.128211938708665,0.024691358024691357,0.012345679012345678,0.012345679012345678,0.012345679012345678,0.024691358024691357,0.018518518518518517,0.0,0.10493827160493827,0.06790123456790123,0.006172839506172839,0.0,0.19753086419753085,0.15432098765432098,0.0,0.037037037037037035,0.06172839506172839,0.018518518518518517,0.49344949144706424,0.06419173686630696,0.0,0.0,0.7441860465116279,11.25,0.6719261258840561,32.25,22.0,29.667954091915405,13.427899808715576,1.449612403100775,1.0,1.0414751040732095,0.0,8.511627906976743,5.0,9.532576767618451,0.007627118644067797,0.007627118644067797,0.0
Math-54.json,Defects4J,0.7547891736030579,0.7529456615447998,0.7501383423805237,0.2850387394428253,1.2435086965560913,0.5565476190476191,19.168977272727275,18.669848484848483,0.0,2.875476507256408,0.7227759202817682,336.0,0.04644954618259477,0.0,0.09663641217298452,0.018152696209289908,0.0,0.0,0.0,0.0,6.421942686492827,0.5610154420137405,9.682121212121213,68.39318181818186,12.175757575757576,47.86363636363636,5.122023809523809,1332.0,11.0,63.0,264.0,143.0,1.830943717458046,615.1970890659035,0.07142857142857142,0.03571428571428571,0.002976190476190476,0.03869047619047619,0.005952380952380952,0.0625,0.0,0.12202380952380952,0.05654761904761905,0.017857142857142856,0.011904761904761904,0.12202380952380952,0.17857142857142858,0.005952380952380952,0.026785714285714284,0.050595238095238096,0.011904761904761904,0.5102998485526791,0.0645630085062529,0.01098901098901099,0.0,0.5416666666666666,5.7272727272727275,0.5139409469233619,24.0,22.0,12.22516034473763,10.23097548852734,1.3484848484848484,1.0,0.852668258387364,0.0,6.071969696969697,4.0,7.248728356543686,0.005339028296849973,0.004805125467164976,0.022423918846769888
Lang-8.json,Defects4J,0.757348358631134,0.7556899388631185,0.753109872341156,0.24509303271770477,1.2512131929397583,0.6732456140350878,23.46012396694215,20.380495867768598,0.0,3.806410895577925,1.5431992888739425,456.0,0.03244058845718597,0.0,0.0,0.0,0.0,0.0,0.0,0.0,10.003296097855442,0.5233044272119348,13.208601928374659,54.241993801652924,15.626170798898073,62.205922865013775,5.25,2003.0,12.0,128.0,363.0,214.0,48.463129306319864,22099.18696368186,0.02412280701754386,0.04824561403508772,0.03508771929824561,0.039473684210526314,0.010964912280701754,0.06798245614035088,0.0,0.1600877192982456,0.019736842105263157,0.03289473684210526,0.02412280701754386,0.13815789473684212,0.16228070175438597,0.008771929824561403,0.02412280701754386,0.08114035087719298,0.013157894736842105,0.4388233165345565,0.06309987329936682,0.0,0.0,0.5895316804407713,9.666666666666666,0.4470570147037506,30.25,26.0,17.41228014936585,12.457975602129121,1.440771349862259,1.0,1.0384834567136227,0.0,6.319559228650138,4.0,7.120554024293556,0.004526593738211996,0.0033949453036589967,0.0
Closure-101.json,Defects4J,0.8244315981864929,0.8194592595100403,0.8154457211494446,1.0,0.9932227730751038,0.8333333333333334,5.905000000000001,9.646666666666668,0.0,1.3333333333333333,0.0,6.0,0.0,0.0,0.0,0.0,0.0,0.0,0.0,0.0,0.05298664906710747,,6.416666666666668,59.745000000000005,9.066666666666666,22.666666666666664,5.166666666666667,31.0,1.0,1.0,6.0,6.0,0.17573592793231638,1.0544155675938982,0.0,0.0,0.0,0.0,0.0,0.16666666666666666,0.0,0.16666666666666666,0.0,0.0,0.0,0.3333333333333333,0.0,0.0,0.0,0.16666666666666666,0.0,0.6666666666666666,0.0,0.0,0.0,1.0,1.0,,6.0,6.0,0.0,,1.6666666666666667,1.5,0.7453559924999299,0.0,5.166666666666667,5.0,3.0230595245361758,0.0,0.0,0.0
JacksonDatabind-31.json,Defects4J,0.8198451399803162,0.8165268699328104,0.8121782541275024,0.27906596660614014,1.1678119897842407,0.8588235294117647,19.2885651214128,18.14807947019867,0.0,2.7373348482503412,0.4313814179033215,170.0,0.0,0.0946073793755913,0.15704824976348156,0.0946073793755913,0.0946073793755913,0.0946073793755913,0.0946073793755913,0.0,4.164517327881606,0.19597053080797194,14.933609271523181,32.82063465783668,17.483885209713026,59.603752759381905,5.4411764705882355,925.0,6.0,72.0,151.0,94.0,0.3785977022980572,64.36160939066973,0.03529411764705882,0.06470588235294118,0.01764705882352941,0.06470588235294118,0.03529411764705882,0.07647058823529412,0.0058823529411764705,0.15294117647058825,0.03529411764705882,0.029411764705882353,0.08823529411764706,0.10588235294117647,0.08235294117647059,0.029411764705882353,0.01764705882352941,0.12352941176470589,0.0,0.43990096366856934,0.04295305599631597,0.0,0.0,0.6225165562913907,8.666666666666666,0.22164273913949728,25.166666666666668,16.5,20.667338698750957,15.470042427545799,1.7549668874172186,1.0,1.3419709110319327,0.027210884353741496,5.973509933774834,4.0,6.054878192996166,0.02270577105014191,0.0,0.0
Math-102.json,Defects4J,0.7511708736419678,0.7483137845993042,0.7468798160552979,0.3022547662258148,1.2312219142913818,0.4419047619047619,26.630000000000003,18.732525252525253,0.0,5.001789439509636,2.0464945643134698,525.0,0.040846097738876735,0.05397520058351568,0.14186725018234866,0.12399708242159008,0.08971553610503283,0.08971553610503283,0.05397520058351568,0.0007293946024799417,8.709085014390652,0.5205756392743852,16.39187878787879,48.07281818181821,19.981414141414145,70.40808080808081,4.771428571428571,2037.0,10.0,72.0,396.0,207.0,11.538470944207404,6057.697245708887,0.0380952380952381,0.024761904761904763,0.015238095238095238,0.02857142857142857,0.0019047619047619048,0.02666666666666667,0.0019047619047619048,0.11047619047619048,0.11047619047619048,0.005714285714285714,0.022857142857142857,0.11047619047619048,0.18666666666666668,0.015238095238095238,0.01904761904761905,0.06666666666666667,0.05333333333333334,0.4084833522781093,0.057978438327253475,0.0,0.0,0.5227272727272727,12.2,0.5381447002291679,39.6,20.0,34.150256221586396,14.696529576185021,1.4015151515151516,1.0,0.9836531207146367,0.0,6.0,4.0,6.8791883477073315,0.00437636761487965,0.00437636761487965,0.005835156819839533
Closure-90.json,Defects4J,0.8244315981864929,0.8194592595100403,0.8154457211494446,1.0,0.9932227730751038,0.8333333333333334,5.905000000000001,9.646666666666668,0.0,1.3333333333333333,0.0,6.0,0.0,0.0,0.0,0.0,0.0,0.0,0.0,0.0,0.05298664906710747,,6.416666666666668,59.745000000000005,9.066666666666666,22.666666666666664,5.166666666666667,31.0,1.0,1.0,6.0,6.0,0.17573592793231638,1.0544155675938982,0.0,0.0,0.0,0.0,0.0,0.16666666666666666,0.0,0.16666666666666666,0.0,0.0,0.0,0.3333333333333333,0.0,0.0,0.0,0.16666666666666666,0.0,0.6666666666666666,0.0,0.0,0.0,1.0,1.0,,6.0,6.0,0.0,,1.6666666666666667,1.5,0.7453559924999299,0.0,5.166666666666667,5.0,3.0230595245361758,0.0,0.0,0.0
JacksonCore-10.json,Defects4J,0.7951019406318665,0.7895342111587524,0.7863951921463013,0.17468872666358948,1.1522321701049805,0.5261958997722096,30.487813267813266,38.41621621621621,0.0,2.652205363149635,2.639842812592597,439.0,0.0015723270440251573,0.0,0.057232704402515724,0.0389937106918239,0.011949685534591196,0.0,0.0,0.0,9.45351275713169,0.6110320531186604,17.68227272727273,-7.746363636363611,16.192628992628993,57.035626535626534,6.7995444191343966,2799.0,22.0,50.0,296.0,168.0,29.049850705420933,12752.88445967979,0.04783599088838269,0.04783599088838269,0.004555808656036446,0.004555808656036446,0.004555808656036446,0.03189066059225513,0.002277904328018223,0.16400911161731208,0.03416856492027335,0.004555808656036446,0.02050113895216401,0.15261958997722094,0.3052391799544419,0.002277904328018223,0.01366742596810934,0.0387243735763098,0.01366742596810934,0.4885079941271892,0.08961711796319706,0.1568627450980392,0.0,0.5675675675675675,5.863636363636363,0.5262070715427398,13.454545454545455,4.0,20.256822134165237,14.02287970970757,2.375,1.0,2.426886978292439,0.01606425702811245,9.594594594594595,6.0,10.877287170383882,0.009433962264150943,0.04150943396226415,0.018867924528301886
Lang-41.json,Defects4J,0.7600381374359131,0.7590674161911011,0.7579230070114136,0.2651667296886444,1.1755475997924805,0.4585152838427948,22.771607142857142,27.13309523809524,0.0,3.0958924485125854,1.715503101352363,229.0,0.0480565371024735,0.0,0.012720848056537103,0.0,0.0,0.0,0.0,0.0014134275618374558,3.0180621985543876,0.5099204199181663,8.240571428571428,65.9044285714286,10.767619047619048,48.94285714285715,5.851528384279476,1011.0,10.0,26.0,168.0,122.0,0.08930839335313805,20.451622077868613,0.021834061135371178,0.048034934497816595,0.0,0.013100436681222707,0.0,0.039301310043668124,0.0,0.1222707423580786,0.043668122270742356,0.008733624454148471,0.004366812227074236,0.1615720524017467,0.22270742358078602,0.0,0.03056768558951965,0.05240174672489083,0.026200873362445413,0.47666221713704554,0.10076250183896023,0.0,0.005714285714285714,0.7261904761904762,5.4,0.3921092785894871,16.8,14.5,10.684568311354464,10.577609850970193,1.4642857142857142,1.0,1.1437868242464273,0.0,7.601190476190476,5.0,8.96762688318932,0.007067137809187279,0.0063604240282685515,0.0
Time-6.json,Defects4J,0.8044946193695068,0.8027616143226624,0.8012702465057373,0.30021002888679504,1.2006618976593018,0.6303030303030303,24.647952755905514,24.703937007874014,0.0,3.032195908666497,2.2570603969611582,165.0,0.0,0.0,0.1743295019157088,0.1743295019157088,0.09578544061302682,0.040229885057471264,0.0,0.0,3.755505069430375,0.33234409242868423,17.172692913385827,17.18313385826775,21.183622047244096,60.83307086614173,5.6909090909090905,939.0,5.0,33.0,127.0,84.0,0.25912611521317014,42.755809010173074,0.06666666666666667,0.04242424242424243,0.012121212121212121,0.01818181818181818,0.006060606060606061,0.030303030303030304,0.0,0.12727272727272726,0.09696969696969697,0.024242424242424242,0.03636363636363636,0.1393939393939394,0.21818181818181817,0.01818181818181818,0.006060606060606061,0.09696969696969697,0.0,0.43412274000509293,0.04056634097622362,0.0,0.0,0.6614173228346457,9.0,0.31405826658010483,25.4,17.0,24.344198487524704,18.243605946275583,1.937007874015748,1.0,1.566117781474245,0.017094017094017096,7.086614173228346,4.0,7.942731656928385,0.009578544061302681,0.0,0.0
Jsoup-93.json,Defects4J,0.789160966873169,0.7876411279042562,0.7860438227653503,0.24641898274421692,1.1994844675064087,0.6524390243902439,23.05322834645669,22.71307086614173,0.0,2.608270944741533,1.148803021227929,164.0,0.0,0.23684210526315788,0.23684210526315788,0.23684210526315788,0.23684210526315788,0.23684210526315788,0.23684210526315788,0.0,2.643090069576097,0.5075511746108532,15.128598425196852,31.838251968503954,17.08913385826772,59.258267716535435,5.451219512195122,878.0,5.0,31.0,127.0,84.0,0.0857108070340097,14.05657235357759,0.07926829268292683,0.018292682926829267,0.006097560975609756,0.04878048780487805,0.018292682926829267,0.006097560975609756,0.0,0.17682926829268292,0.03048780487804878,0.018292682926829267,0.036585365853658534,0.0975609756097561,0.18902439024390244,0.03048780487804878,0.006097560975609756,0.08536585365853659,0.07926829268292683,0.49087344028520496,0.09852065552757697,0.0,0.0,0.6614173228346457,8.6,0.3613305886586507,25.4,30.0,19.734234213670415,15.112257680678326,1.763779527559055,1.0,1.4167540415979156,0.017391304347826087,6.748031496062992,5.0,7.238315051613156,0.05263157894736842,0.05668016194331984,0.07692307692307693
Mockito-30.json,Defects4J,0.8273728489875793,0.8226843674977621,0.818372368812561,1.0,1.1956604719161987,0.8,3.678000000000001,6.504000000000001,0.0,1.2,0.0,5.0,0.0,0.0,0.0,0.0,0.0,0.0,0.0,0.0,0.05305602573781134,,2.879999999999999,83.32000000000004,10.0,25.0,4.8,24.0,1.0,1.0,5.0,5.0,0.21089774439461811,1.0544887219730905,0.0,0.0,0.0,0.0,0.0,0.2,0.0,0.2,0.0,0.0,0.0,0.2,0.0,0.0,0.0,0.2,0.0,0.6,0.0,0.0,0.0,1.0,1.0,,5.0,5.0,0.0,,1.4,1.0,0.8,0.0,4.8,4.0,3.3105890714493698,0.0,0.0,0.0
Math-78.json,Defects4J,0.7608409523963928,0.758064885934194,0.7552591562271118,0.25267788767814636,1.2537366151809692,0.674863387978142,17.601523809523812,17.567111111111114,0.0,2.8352244062776983,0.9901014434692607,366.0,0.05659494855004677,0.0,0.03928905519176801,0.0,0.0,0.0,0.0,0.01683816651075772,7.157846448577075,0.4734137738839938,8.581190476190478,73.61464285714287,12.174603174603176,48.21428571428571,5.218579234972678,1505.0,14.0,119.0,315.0,180.0,3.508586027599387,1284.1424861013757,0.03551912568306011,0.08196721311475409,0.030054644808743168,0.05191256830601093,0.01366120218579235,0.07923497267759563,0.0,0.15027322404371585,0.06830601092896176,0.00819672131147541,0.01912568306010929,0.10109289617486339,0.1092896174863388,0.01912568306010929,0.02185792349726776,0.08196721311475409,0.01092896174863388,0.48754003840680005,0.04489156808613693,0.0,0.0,0.5714285714285714,5.785714285714286,0.35176888496304554,22.5,20.5,13.404423576885781,10.7630783206399,1.3047619047619048,1.0,0.6917721827556144,0.0,5.898412698412699,4.0,6.252047082241856,0.009354536950420954,0.00420954162768943,0.0
Math-97.json,Defects4J,0.7535375952720642,0.7515194217363993,0.7500606775283813,0.3315715789794922,1.200938105583191,0.47073170731707314,24.006978744939275,25.061315789473685,0.0,3.0685323652941277,1.4775204762392513,410.0,0.04425497360941941,0.04628501827040195,0.05765326837190418,0.04628501827040195,0.04628501827040195,0.04628501827040195,0.04628501827040195,0.0008120178643930166,6.220698702387644,0.5602987309296926,11.928684210526317,51.190404858299615,13.959109311740889,55.95040485829959,5.575609756097561,1683.0,13.0,54.0,304.0,172.0,1.2269624261058694,503.0545947034064,0.03170731707317073,0.036585365853658534,0.004878048780487805,0.02195121951219512,0.026829268292682926,0.02926829268292683,0.0,0.12926829268292683,0.046341463414634146,0.012195121951219513,0.004878048780487805,0.13414634146341464,0.21707317073170732,0.007317073170731708,0.01707317073170732,0.05853658536585366,0.041463414634146344,0.4945653692858033,0.06371761205270678,0.0,0.0,0.5657894736842105,7.615384615384615,0.4793060611594807,23.384615384615383,15.0,19.44830805984244,12.502718667466524,1.5592105263157894,1.0,1.3680256260660495,0.0,7.1644736842105265,5.0,8.038103402043236,0.0048721071863581,0.017864393016646368,0.0
Cli-8.json,Defects4J,0.753636360168457,0.7527768413225809,0.7523251175880432,0.440344899892807,1.1906006336212158,0.49029126213592233,18.228129459734966,17.367889908256874,0.0,4.086321181353746,2.2891939404755064,618.0,0.06916802610114192,0.09200652528548124,0.16835236541598694,0.1262642740619902,0.09200652528548124,0.09200652528548124,0.09200652528548124,0.0,9.123814962519857,0.6155029482701245,9.202079510703367,72.23063710499493,12.165953109072376,51.515800203873596,4.483818770226537,2054.0,18.0,111.0,436.0,212.0,14.840003967072837,9171.122451651014,0.025889967637540454,0.03398058252427184,0.01779935275080906,0.022653721682847898,0.03559870550161812,0.043689320388349516,0.0,0.156957928802589,0.022653721682847898,0.008090614886731391,0.022653721682847898,0.10194174757281553,0.25728155339805825,0.014563106796116505,0.014563106796116505,0.05663430420711974,0.024271844660194174,0.4024998953629105,0.09708206707733182,0.004201680672268907,0.0,0.48623853211009177,6.611111111111111,0.5123078441247344,24.22222222222222,20.5,15.590437081591451,10.125756701596842,1.3004587155963303,1.0,0.725738959465746,0.0,5.848623853211009,4.0,6.184845561530335,0.0065252854812398045,0.007830342577487765,0.03915171288743882
Compress-20.json,Defects4J,0.7442000508308411,0.7408404151598612,0.737908661365509,0.19553020596504211,1.1507508754730225,0.5388888888888889,32.19567567567568,31.67027027027027,0.0,2.7976650442403868,1.8389560682746304,180.0,0.049886621315192746,0.0,0.07256235827664399,0.07256235827664399,0.0,0.0,0.0,0.0,1.9446757358669866,0.1409577983431518,13.813459459459462,48.74775675675676,15.894054054054056,68.11351351351351,6.966666666666667,884.0,5.0,21.0,148.0,107.0,0.03884091354835358,6.991364438703645,0.016666666666666666,0.03333333333333333,0.0,0.005555555555555556,0.005555555555555556,0.03888888888888889,0.0,0.11666666666666667,0.06666666666666667,0.005555555555555556,0.016666666666666666,0.2222222222222222,0.11666666666666667,0.005555555555555556,0.044444444444444446,0.07777777777777778,0.011111111111111112,0.3805442654757723,0.19194085475297054,0.0,0.0,0.722972972972973,11.4,0.08286125585436821,29.6,11.0,28.33796040649362,13.023866798666859,1.5135135135135136,1.0,1.3125510877392517,0.0,8.243243243243244,5.0,9.088618975772869,0.026455026455026454,0.006802721088435374,0.0
Closure-53.json,Defects4J,0.8244315981864929,0.8194592595100403,0.8154457211494446,1.0,0.9932227730751038,0.8333333333333334,5.905000000000001,9.646666666666668,0.0,1.3333333333333333,0.0,6.0,0.0,0.0,0.0,0.0,0.0,0.0,0.0,0.0,0.05298664906710747,,6.416666666666668,59.745000000000005,9.066666666666666,22.666666666666664,5.166666666666667,31.0,1.0,1.0,6.0,6.0,0.17573592793231638,1.0544155675938982,0.0,0.0,0.0,0.0,0.0,0.16666666666666666,0.0,0.16666666666666666,0.0,0.0,0.0,0.3333333333333333,0.0,0.0,0.0,0.16666666666666666,0.0,0.6666666666666666,0.0,0.0,0.0,1.0,1.0,,6.0,6.0,0.0,,1.6666666666666667,1.5,0.7453559924999299,0.0,5.166666666666667,5.0,3.0230595245361758,0.0,0.0,0.0
Cli-38.json,Defects4J,0.7246357798576355,0.7218237121899923,0.7193301916122437,0.19481638073921204,1.181784987449646,0.5,47.60047619047619,30.583492063492063,0.0,4.862096919473968,0.6653756079985587,152.0,0.0687732342007435,0.0,0.0,0.0,0.0,0.0,0.0,0.0,0.8729961902799483,0.9201189875602722,26.11809523809524,20.018571428571462,29.644444444444446,101.88888888888889,6.776315789473684,687.0,2.0,14.0,126.0,100.0,0.015750481691886416,2.3940732171667354,0.02631578947368421,0.02631578947368421,0.0,0.0,0.0,0.019736842105263157,0.0,0.11842105263157894,0.046052631578947366,0.006578947368421052,0.019736842105263157,0.23026315789473684,0.1118421052631579,0.006578947368421052,0.046052631578947366,0.05263157894736842,0.02631578947368421,0.5121599711763646,0.06161052062691405,0.0,0.0,0.7936507936507936,24.5,,63.0,63.0,12.0,,1.4523809523809523,1.0,0.8028435857184459,0.0,7.968253968253968,6.0,8.299872353136358,0.008364312267657992,0.008364312267657992,0.0
Closure-45.json,Defects4J,0.8244315981864929,0.8194592595100403,0.8154457211494446,1.0,0.9932227730751038,0.8333333333333334,5.905000000000001,9.646666666666668,0.0,1.3333333333333333,0.0,6.0,0.0,0.0,0.0,0.0,0.0,0.0,0.0,0.0,0.05298664906710747,,6.416666666666668,59.745000000000005,9.066666666666666,22.666666666666664,5.166666666666667,31.0,1.0,1.0,6.0,6.0,0.17573592793231638,1.0544155675938982,0.0,0.0,0.0,0.0,0.0,0.16666666666666666,0.0,0.16666666666666666,0.0,0.0,0.0,0.3333333333333333,0.0,0.0,0.0,0.16666666666666666,0.0,0.6666666666666666,0.0,0.0,0.0,1.0,1.0,,6.0,6.0,0.0,,1.6666666666666667,1.5,0.7453559924999299,0.0,5.166666666666667,5.0,3.0230595245361758,0.0,0.0,0.0
Compress-36.json,Defects4J,0.7532353401184082,0.7512702147165934,0.7490668892860413,0.1601117104291916,1.1815351247787476,0.5203619909502263,25.79678571428571,28.640476190476182,0.0,3.0301672824302135,0.9090717604791797,221.0,0.05910652920962199,0.0,0.06597938144329897,0.06597938144329897,0.0,0.0,0.0,0.0,3.1299832912964876,0.528446267758097,9.87857142857143,61.64142857142859,13.4,57.30952380952381,6.180995475113122,979.0,8.0,36.0,168.0,127.0,0.10350044050267626,22.873597351091455,0.027149321266968326,0.027149321266968326,0.02262443438914027,0.02262443438914027,0.004524886877828055,0.04524886877828054,0.0,0.13574660633484162,0.049773755656108594,0.0,0.013574660633484163,0.14479638009049775,0.20361990950226244,0.00904977375565611,0.027149321266968326,0.07692307692307693,0.013574660633484163,0.444047619047619,0.09219131324024761,0.0,0.0,0.7559523809523809,7.625,0.3145162984728813,21.0,15.0,13.509256086106296,12.38480682065935,1.4642857142857142,1.0,0.962962054479483,0.0,7.7976190476190474,5.0,8.236503768654863,0.005498281786941581,0.006185567010309278,0.0
Math-39.json,Defects4J,0.7464134693145752,0.744017759958903,0.7408961653709412,0.2915342152118683,1.2498466968536377,0.6025641025641025,27.2347294938918,24.153089005235604,0.0,2.7062369155761608,1.2584967707090369,234.0,0.08367071524966262,0.0,0.05668016194331984,0.0,0.0,0.0,0.0,0.02564102564102564,3.68654575830271,0.5176223129034042,12.826047120418849,59.80479493891799,16.502966841186737,63.24694589877836,5.867521367521367,970.0,6.0,48.0,191.0,123.0,0.17054171369911245,39.906761005592315,0.017094017094017096,0.03418803418803419,0.017094017094017096,0.02564102564102564,0.01282051282051282,0.04700854700854701,0.0,0.13247863247863248,0.04700854700854701,0.021367521367521368,0.01282051282051282,0.1794871794871795,0.14957264957264957,0.017094017094017096,0.02564102564102564,0.0811965811965812,0.01282051282051282,0.4736200266806674,0.0750167102194738,0.0,0.0,0.643979057591623,10.0,0.3610556456260383,31.833333333333332,29.5,24.58601680269137,13.023866798666859,1.356020942408377,1.0,0.7985280172453647,0.0,6.952879581151833,5.0,7.638623240247008,0.030364372469635626,0.006072874493927126,0.0
Codec-5.json,Defects4J,0.7452247738838196,0.742564062277476,0.7404704093933105,0.2867116332054138,1.2079880237579346,0.6357615894039735,32.35819449679608,33.358100263852236,0.0,3.1804970532499475,1.378991955603782,453.0,0.01892120869810788,0.0,0.027110985597288903,0.027110985597288903,0.0,0.0,0.0,0.0002824060999717594,7.918067976145423,0.4633388498511452,16.94885978137957,21.764887862796854,17.477647945721827,56.622879758763666,7.313465783664459,2982.0,14.0,105.0,379.0,229.0,6.062824924749643,2746.4596909115885,0.033112582781456956,0.0640176600441501,0.01545253863134658,0.02869757174392936,0.019867549668874173,0.05077262693156733,0.0,0.1368653421633554,0.04856512141280353,0.008830022075055188,0.02207505518763797,0.152317880794702,0.10375275938189846,0.011037527593818985,0.046357615894039736,0.09050772626931568,0.017660044150110375,0.44872089291367523,0.13443663610437184,0.0,0.0,0.604221635883905,8.0,0.3157476025323073,27.071428571428573,26.0,13.874253059504994,15.247664890283005,1.8627968337730871,1.0,2.2454089398166306,0.0,8.546174142480211,4.0,13.514766862862903,0.004236091499576391,0.0,0.0
JacksonXml-6.json,Defects4J,0.8029814958572388,0.8007390101750692,0.7992013096809387,0.10763289779424667,1.211435317993164,0.7942857142857143,22.791306306306303,22.80918918918918,0.0,3.004013347763348,1.0330077180620474,175.0,0.0,0.0,0.07758620689655173,0.07758620689655173,0.07758620689655173,0.07758620689655173,0.0,0.0,4.158970187320964,0.27861984372138976,16.03540540540541,24.03076576576578,18.515315315315316,65.2072072072072,5.885714285714286,1030.0,6.0,51.0,148.0,109.0,0.36574614226466834,64.00557489631696,0.05714285714285714,0.07428571428571429,0.045714285714285714,0.005714285714285714,0.022857142857142857,0.06857142857142857,0.0,0.17142857142857143,0.045714285714285714,0.03428571428571429,0.04,0.14285714285714285,0.13142857142857142,0.0,0.005714285714285714,0.10857142857142857,0.011428571428571429,0.4241966769140682,0.0994906025081578,0.0,0.0,0.7364864864864865,10.0,0.08717869967222214,24.666666666666668,16.0,20.548046676563253,16.32212239822248,1.864864864864865,1.0,1.38841076097744,0.013986013986013986,6.77027027027027,6.0,5.738790006418148,0.0,0.0,0.0
Mockito-26.json,Defects4J,0.8273728489875793,0.8226843674977621,0.818372368812561,1.0,1.1956604719161987,0.8,3.678000000000001,6.504000000000001,0.0,1.2,0.0,5.0,0.0,0.0,0.0,0.0,0.0,0.0,0.0,0.0,0.05305602573781134,,2.879999999999999,83.32000000000004,10.0,25.0,4.8,24.0,1.0,1.0,5.0,5.0,0.21089774439461811,1.0544887219730905,0.0,0.0,0.0,0.0,0.0,0.2,0.0,0.2,0.0,0.0,0.0,0.2,0.0,0.0,0.0,0.2,0.0,0.6,0.0,0.0,0.0,1.0,1.0,,5.0,5.0,0.0,,1.4,1.0,0.8,0.0,4.8,4.0,3.3105890714493698,0.0,0.0,0.0
Jsoup-85.json,Defects4J,0.7982670664787292,0.7946883837381998,0.7909632325172424,0.18491218984127045,1.1096594333648682,0.7202797202797203,26.82289473684211,25.610877192982453,0.0,2.8990124136699214,0.4059713070125198,143.0,0.0,0.2968421052631579,0.2968421052631579,0.2968421052631579,0.2968421052631579,0.2968421052631579,0.2968421052631579,0.0,2.4162494997057475,0.24123654514551163,16.744298245614036,25.77592105263159,18.768421052631577,58.32456140350877,5.958041958041958,852.0,4.0,46.0,114.0,70.0,0.07834797699981041,11.203760710972889,0.06993006993006994,0.03496503496503497,0.04195804195804196,0.11888111888111888,0.02097902097902098,0.02097902097902098,0.0,0.17482517482517482,0.055944055944055944,0.0,0.06993006993006994,0.08391608391608392,0.1958041958041958,0.006993006993006993,0.006993006993006993,0.04895104895104895,0.0,0.4171798716956418,0.02045314814472567,0.0,0.0,0.6140350877192983,8.5,0.2094491645693779,28.5,25.0,14.326548781894402,16.218646115125612,1.7982456140350878,1.0,1.5228080281345178,0.018691588785046728,7.219298245614035,4.0,8.142113579570633,0.06736842105263158,0.07157894736842105,0.09263157894736843
Closure-12.json,Defects4J,0.8244315981864929,0.8194592595100403,0.8154457211494446,1.0,0.9932227730751038,0.8333333333333334,5.905000000000001,9.646666666666668,0.0,1.3333333333333333,0.0,6.0,0.0,0.0,0.0,0.0,0.0,0.0,0.0,0.0,0.05298664906710747,,6.416666666666668,59.745000000000005,9.066666666666666,22.666666666666664,5.166666666666667,31.0,1.0,1.0,6.0,6.0,0.17573592793231638,1.0544155675938982,0.0,0.0,0.0,0.0,0.0,0.16666666666666666,0.0,0.16666666666666666,0.0,0.0,0.0,0.3333333333333333,0.0,0.0,0.0,0.16666666666666666,0.0,0.6666666666666666,0.0,0.0,0.0,1.0,1.0,,6.0,6.0,0.0,,1.6666666666666667,1.5,0.7453559924999299,0.0,5.166666666666667,5.0,3.0230595245361758,0.0,0.0,0.0
JxPath-5.json,Defects4J,0.7564646601676941,0.7555164297421774,0.7546150088310242,0.2867070436477661,1.1583610773086548,0.5148148148148148,37.63245192307693,43.5275,0.0,4.455194898784049,6.4952579641583705,270.0,0.06956521739130435,0.15,0.21913043478260869,0.15,0.15,0.15,0.15,0.0008695652173913044,4.083166431639249,0.6155689590507083,19.128730769230774,-5.033730769230772,15.050769230769232,58.780769230769224,8.192592592592593,1841.0,10.0,39.0,208.0,132.0,0.21975202501826538,59.33304675493165,0.011111111111111112,0.06666666666666667,0.0,0.018518518518518517,0.007407407407407408,0.018518518518518517,0.0,0.09259259259259259,0.05555555555555555,0.014814814814814815,0.007407407407407408,0.22962962962962963,0.1925925925925926,0.0,0.040740740740740744,0.04814814814814815,0.007407407407407408,0.46721261660496316,0.07718424624539642,0.0,0.0,0.6346153846153846,7.9,0.4537614891305566,20.8,9.5,19.933890739140715,13.81666964889586,2.2548076923076925,1.0,2.886886125478331,0.0,10.33173076923077,5.0,13.24548373265885,0.019130434782608695,0.021739130434782608,0.08695652173913043
Chart-17.json,Defects4J,0.8525359630584717,0.8494019905726115,0.8453273177146912,0.44582492113113403,1.270864486694336,0.75,6.8262585034013625,7.467755102040815,0.0,2.2917460317460314,0.3014405658069824,60.0,0.0,0.0,0.0,0.0,0.0,0.0,0.0,0.0,1.6578420387170887,0.2578332796692848,6.192244897959185,79.75870748299323,8.165986394557823,34.70068027210884,3.716666666666667,223.0,3.0,28.0,49.0,40.0,0.08746622820395197,5.247973692237118,0.03333333333333333,0.03333333333333333,0.016666666666666666,0.06666666666666667,0.03333333333333333,0.11666666666666667,0.0,0.15,0.016666666666666666,0.03333333333333333,0.08333333333333333,0.05,0.13333333333333333,0.03333333333333333,0.016666666666666666,0.11666666666666667,0.016666666666666666,0.48,0.06481790296066116,0.0,0.0,0.8163265306122449,3.0,-0.041182100772857666,16.333333333333332,19.0,3.7712361663282534,7.793537801064561,1.3061224489795917,1.0,0.930307862860529,0.020833333333333332,4.26530612244898,3.0,3.8849553366175957,0.0,0.0,0.0
Mockito-9.json,Defects4J,0.8175643682479858,0.8135421872138977,0.8102420568466187,0.3228232264518738,1.1780332326889038,0.8709677419354839,31.595714285714287,31.86285714285715,0.0,2.873641304347826,0.061141304347826164,62.0,0.0,0.0,0.0,0.0,0.0,0.0,0.0,0.0,0.9404231006336421,0.5125060081481934,21.037142857142857,-5.892142857142801,20.485714285714288,76.21428571428572,7.596774193548387,471.0,2.0,15.0,56.0,44.0,0.041307496407390995,2.5610647772582418,0.14516129032258066,0.11290322580645161,0.016129032258064516,0.016129032258064516,0.016129032258064516,0.04838709677419355,0.0,0.1774193548387097,0.11290322580645161,0.0,0.0,0.12903225806451613,0.04838709677419355,0.016129032258064516,0.03225806451612903,0.0967741935483871,0.0,0.5421195652173914,0.020380434782608703,0.0,0.0,0.7857142857142857,13.5,,28.0,28.0,14.0,,2.1785714285714284,2.0,1.8430094067772382,0.05454545454545454,8.285714285714286,6.0,7.6571961618613695,0.05172413793103448,0.10344827586206896,0.0
Math-81.json,Defects4J,0.7320824265480042,0.7276009917259216,0.7250770926475525,0.39123988151550293,1.2479246854782104,0.3798165137614679,41.78213114754097,46.670819672131145,0.0,3.8114095624243065,2.9029545449800294,545.0,0.03469669117647059,0.04733455882352941,0.13924632352941177,0.08295036764705882,0.0705422794117647,0.0705422794117647,0.04733455882352941,0.008272058823529412,10.937390737967785,0.533970706430929,19.94403278688525,-4.467065573770469,15.880218579234972,73.58032786885246,7.609174311926606,3413.0,15.0,52.0,366.0,221.0,103.19340472528393,56240.40557527974,0.05321100917431193,0.023853211009174313,0.005504587155963303,0.011009174311926606,0.003669724770642202,0.031192660550458717,0.005504587155963303,0.09908256880733946,0.08990825688073395,0.001834862385321101,0.007339449541284404,0.11926605504587157,0.27706422018348625,0.005504587155963303,0.012844036697247707,0.029357798165137616,0.047706422018348627,0.4198051252428755,0.09266782526285289,0.0,0.0,0.6038251366120219,12.0,0.41183276230899185,24.4,11.0,29.992888045890698,14.167174469761473,2.2049180327868854,1.0,3.2381060829148782,0.0,10.830601092896174,6.0,12.668913081045304,0.004595588235294118,0.016544117647058824,0.057904411764705885
Chart-16.json,Defects4J,0.8361945152282715,0.8322847485542297,0.8258856534957886,0.20471107959747314,1.2258658409118652,0.7912087912087912,12.301710526315787,12.893157894736838,0.0,2.957739938080495,0.22050848593714056,91.0,0.0,0.0,0.0,0.0,0.0,0.0,0.0,0.0,2.509914881431766,0.37363194425900775,9.675263157894737,59.53684210526319,12.336842105263159,40.05263157894737,4.461538461538462,405.0,4.0,36.0,76.0,56.0,0.13520750249511906,12.303882727055836,0.03296703296703297,0.12087912087912088,0.04395604395604396,0.03296703296703297,0.02197802197802198,0.0989010989010989,0.0,0.15384615384615385,0.03296703296703297,0.01098901098901099,0.054945054945054944,0.04395604395604396,0.15384615384615385,0.03296703296703297,0.01098901098901099,0.0989010989010989,0.02197802197802198,0.44849501203990366,0.09946494796878366,0.0,0.0,0.7368421052631579,4.0,0.3860775828361511,19.0,16.0,6.442049363362563,11.698219412168324,1.513157894736842,1.0,1.2084507377611915,0.0136986301369863,5.144736842105263,4.0,4.509358535804414,0.0,0.0,0.0
Mockito-8.json,Defects4J,0.7792623043060303,0.7774408857027689,0.7762603759765625,0.27136558294296265,1.1903494596481323,0.6523809523809524,37.06644578313253,42.848674698795165,0.0,3.265274526829759,1.930383811494952,210.0,0.06950431034482758,0.09159482758620689,0.27209051724137934,0.22683189655172414,0.22683189655172414,0.09159482758620689,0.09159482758620689,0.0,3.8538774320929736,0.5596878198640687,22.357921686746995,-28.274442771084324,18.66144578313253,58.09939759036144,8.285714285714286,1672.0,8.0,48.0,166.0,113.0,0.22464585408689375,47.17562935824769,0.06190476190476191,0.08571428571428572,0.014285714285714285,0.014285714285714285,0.009523809523809525,0.014285714285714285,0.0,0.1523809523809524,0.03333333333333333,0.004761904761904762,0.04285714285714286,0.12380952380952381,0.20952380952380953,0.02857142857142857,0.009523809523809525,0.07142857142857142,0.02857142857142857,0.514294837914024,0.07384368017937037,0.0,0.0,0.6807228915662651,7.75,0.5079984481756886,20.75,13.5,17.865819320702872,16.373557378465907,2.5301204819277108,1.0,3.5999911291644064,0.0136986301369863,10.216867469879517,5.0,15.033735712202855,0.022629310344827586,0.021551724137931036,0.07273706896551724
Csv-1.json,Defects4J,0.724586546421051,0.7203225493431091,0.7163146734237671,0.36685076355934143,1.2227550745010376,0.5844155844155844,29.0314749034749,29.57967567567567,0.0,3.1401444532479017,1.5514684666580167,231.0,0.13362336855189558,0.0,0.12181479179614667,0.05966438781852082,0.0,0.0,0.0,0.08203853325046613,3.7744184174288815,0.3380521327101936,11.811196911196912,57.45432432432435,14.463320463320464,57.23938223938224,6.532467532467533,1002.0,7.0,48.0,185.0,124.0,0.18862406985492197,43.57216013648698,0.012987012987012988,0.04329004329004329,0.017316017316017316,0.025974025974025976,0.012987012987012988,0.04329004329004329,0.0,0.1341991341991342,0.03463203463203463,0.012987012987012988,0.021645021645021644,0.16883116883116883,0.1645021645021645,0.017316017316017316,0.025974025974025976,0.0735930735930736,0.012987012987012988,0.377945502773089,0.1594940303612224,0.0,0.0,0.6702702702702703,8.142857142857142,0.17086124122142793,26.428571428571427,23.0,20.71477831926585,12.28987398476788,1.4486486486486487,1.0,1.1572618245696529,0.0,7.908108108108108,5.0,9.872001861075058,0.01740211311373524,0.005593536357986327,0.0
Math-80.json,Defects4J,0.734114944934845,0.7305700182914734,0.7271214723587036,0.5227049589157104,1.242091417312622,0.3503480278422274,67.48039285714285,59.712428571428575,0.0,7.213667297328288,5.9463103365841325,431.0,0.029869798315037017,0.07352565739086035,0.13352055144243044,0.11207556803676283,0.09828950727597652,0.08680112330865458,0.07352565739086035,0.0,6.207405765884195,0.7728142291307449,27.321428571428573,-1.0764285714285506,28.114285714285714,108.5,8.758700696055685,3030.0,5.0,26.0,280.0,171.0,1.1517674502348914,496.41177105123813,0.0765661252900232,0.016241299303944315,0.002320185614849188,0.0069605568445475635,0.0,0.018561484918793503,0.004640371229698376,0.10208816705336426,0.06496519721577726,0.0,0.004640371229698376,0.12296983758700696,0.28074245939675174,0.002320185614849188,0.013921113689095127,0.03248259860788863,0.06960556844547564,0.46589921401840906,0.08800611074161871,0.004830917874396135,0.0,0.6107142857142858,29.4,0.6976033250490824,56.0,40.0,32.13098193333033,19.287186520377343,1.7857142857142858,1.0,1.99386815112776,0.0,12.932142857142857,7.0,20.146048062858892,0.006127138115905029,0.022466173091651775,0.0732703599693643
Mockito-27.json,Defects4J,0.8273728489875793,0.8226843674977621,0.818372368812561,1.0,1.1956604719161987,0.8,3.678000000000001,6.504000000000001,0.0,1.2,0.0,5.0,0.0,0.0,0.0,0.0,0.0,0.0,0.0,0.0,0.05305602573781134,,2.879999999999999,83.32000000000004,10.0,25.0,4.8,24.0,1.0,1.0,5.0,5.0,0.21089774439461811,1.0544887219730905,0.0,0.0,0.0,0.0,0.0,0.2,0.0,0.2,0.0,0.0,0.0,0.2,0.0,0.0,0.0,0.2,0.0,0.6,0.0,0.0,0.0,1.0,1.0,,5.0,5.0,0.0,,1.4,1.0,0.8,0.0,4.8,4.0,3.3105890714493698,0.0,0.0,0.0
Jsoup-84.json,Defects4J,0.8042992353439331,0.8036194443702698,0.8029974102973938,0.1747235655784607,1.1660000085830688,0.8398791540785498,20.148006872852235,15.008247422680409,0.0,3.4760737405958846,0.7087121986930968,331.0,0.0,0.06801275239107332,0.13602550478214664,0.13602550478214664,0.13602550478214664,0.13602550478214664,0.13602550478214664,0.0,7.450654057670416,0.4567753076553345,15.1052233676976,44.3548109965636,17.331958762886597,59.82474226804124,4.903323262839879,1623.0,9.0,139.0,291.0,160.0,5.1993607341685815,1720.9884030098003,0.03625377643504532,0.05740181268882175,0.030211480362537766,0.07250755287009064,0.01812688821752266,0.07854984894259819,0.0030211480362537764,0.17220543806646527,0.01812688821752266,0.030211480362537766,0.09063444108761329,0.05740181268882175,0.1027190332326284,0.04229607250755287,0.006042296072507553,0.13897280966767372,0.0030211480362537764,0.44801571878915225,0.06380336086978605,0.0,0.05263157894736842,0.5498281786941581,8.88888888888889,0.4227118023804256,32.333333333333336,29.0,13.35830993967592,13.901157680251561,1.5326460481099657,1.0,1.0460855893688001,0.007067137809187279,5.3951890034364265,4.0,5.028972166034719,0.02763018065887354,0.02975557917109458,0.040382571732199786
Closure-13.json,Defects4J,0.8244315981864929,0.8194592595100403,0.8154457211494446,1.0,0.9932227730751038,0.8333333333333334,5.905000000000001,9.646666666666668,0.0,1.3333333333333333,0.0,6.0,0.0,0.0,0.0,0.0,0.0,0.0,0.0,0.0,0.05298664906710747,,6.416666666666668,59.745000000000005,9.066666666666666,22.666666666666664,5.166666666666667,31.0,1.0,1.0,6.0,6.0,0.17573592793231638,1.0544155675938982,0.0,0.0,0.0,0.0,0.0,0.16666666666666666,0.0,0.16666666666666666,0.0,0.0,0.0,0.3333333333333333,0.0,0.0,0.0,0.16666666666666666,0.0,0.6666666666666666,0.0,0.0,0.0,1.0,1.0,,6.0,6.0,0.0,,1.6666666666666667,1.5,0.7453559924999299,0.0,5.166666666666667,5.0,3.0230595245361758,0.0,0.0,0.0
JxPath-4.json,Defects4J,0.7219864726066589,0.7195692459742228,0.7175785303115845,0.27188143134117126,1.1563489437103271,0.4666666666666667,29.625671641791044,26.143880597014917,0.0,3.075228386809269,1.0110908144628896,165.0,0.06291079812206572,0.0,0.07887323943661972,0.0,0.0,0.0,0.0,0.0,1.4378445748212676,0.8394622405370077,13.677985074626868,56.66533582089555,16.086567164179105,64.84328358208955,6.1030303030303035,672.0,4.0,15.0,134.0,101.0,0.025524898304827306,4.2116082202965055,0.0,0.024242424242424242,0.006060606060606061,0.006060606060606061,0.006060606060606061,0.030303030303030304,0.0,0.10303030303030303,0.09090909090909091,0.0,0.006060606060606061,0.18181818181818182,0.15757575757575756,0.012121212121212121,0.030303030303030304,0.08484848484848485,0.024242424242424242,0.4878843582887701,0.06142742298755941,0.0,0.0,0.753731343283582,10.5,0.8300900757312775,33.5,26.5,24.60182920028509,11.698219412168324,1.373134328358209,1.0,0.749842190273461,0.0,7.2835820895522385,5.0,8.050782793402446,0.008450704225352112,0.0,0.0
Math-38.json,Defects4J,0.754775881767273,0.7496558030446371,0.7459397912025452,0.34983131289482117,1.2517677545547485,0.4260700389105058,25.717519379844965,18.137777777777774,0.0,5.480494569451547,7.334735807373762,514.0,0.03542549095109742,0.12206391990758568,0.2229495571813631,0.2229495571813631,0.18521370812475935,0.18521370812475935,0.12206391990758568,0.0023103581055063534,5.343403128487481,0.40491975595553714,17.492664082687345,38.57775581395353,20.027803617571063,66.09018087855297,4.706225680933852,1946.0,10.0,46.0,387.0,200.0,0.40704963935160704,209.22351462672603,0.042801556420233464,0.027237354085603113,0.005836575875486381,0.009727626459143969,0.007782101167315175,0.017509727626459144,0.0,0.27431906614785995,0.048638132295719845,0.0019455252918287938,0.011673151750972763,0.1264591439688716,0.16342412451361868,0.005836575875486381,0.07198443579766536,0.04474708171206226,0.013618677042801557,0.4527920805700599,0.09387236436922584,0.0,0.0,0.5167958656330749,10.6,0.317370543256402,38.7,27.5,36.886447375696136,15.112257680678326,1.524547803617571,1.0,1.2539516822263228,0.0,5.901808785529716,4.0,7.2845929114754,0.05236811705814401,0.07508663842895649,0.09857527916827108
Codec-4.json,Defects4J,0.7621067762374878,0.7596220970153809,0.75656658411026,0.23677943646907806,1.2154368162155151,0.4126712328767123,28.069317375886527,29.167765957446807,0.0,5.107821247646002,8.156010407999132,584.0,0.1995841995841996,0.1392931392931393,0.2993762993762994,0.28482328482328484,0.2515592515592516,0.24324324324324326,0.21235521235521235,0.0,8.514845841819428,0.5278680069105965,23.278021276595748,-27.18266666666665,15.984113475177304,54.58794326241135,5.412671232876712,2741.0,15.0,41.0,376.0,199.0,8.541570233508995,4988.277016369253,0.059931506849315065,0.018835616438356163,0.0136986301369863,0.008561643835616438,0.0273972602739726,0.017123287671232876,0.0,0.10273972602739725,0.0273972602739726,0.008561643835616438,0.00684931506849315,0.11643835616438356,0.2722602739726027,0.0017123287671232876,0.018835616438356163,0.05136986301369863,0.09075342465753425,0.49086104663436136,0.10895265047130186,0.0,0.0,0.5292553191489362,7.4,0.5701463405902569,25.066666666666666,16.0,25.844320244279768,14.167174469761473,2.4654255319148937,1.0,7.783908410180039,0.0,7.848404255319149,5.0,12.752175350778515,0.009504009504009503,0.02286902286902287,0.04455004455004455
Cli-39.json,Defects4J,0.7549618482589722,0.752262552579244,0.7500796914100647,0.20774205029010773,1.1941970586776733,0.51931330472103,48.32,32.71475409836066,0.0,5.291601395141143,1.239998852069853,233.0,0.056490384615384616,0.0,0.057692307692307696,0.057692307692307696,0.0,0.0,0.0,0.0,3.004094220478933,0.4874231666326523,27.479781420765026,6.693770491803292,28.771584699453555,94.33333333333333,6.763948497854077,1173.0,3.0,24.0,183.0,122.0,0.08655768288881922,20.16794011309488,0.012875536480686695,0.02575107296137339,0.0,0.004291845493562232,0.0,0.034334763948497854,0.0,0.16738197424892703,0.04721030042918455,0.004291845493562232,0.02145922746781116,0.16738197424892703,0.17167381974248927,0.008583690987124463,0.034334763948497854,0.07725321888412018,0.017167381974248927,0.4664703492278046,0.049015833851223316,0.0,0.0,0.6666666666666666,20.333333333333332,0.8951747417449951,61.0,76.0,22.642143596988927,17.879347455551382,1.633879781420765,1.0,1.8737034794003273,0.014814814814814815,8.333333333333334,5.0,11.528218329414027,0.004807692307692308,0.005408653846153846,0.0
Closure-44.json,Defects4J,0.8244315981864929,0.8194592595100403,0.8154457211494446,1.0,0.9932227730751038,0.8333333333333334,5.905000000000001,9.646666666666668,0.0,1.3333333333333333,0.0,6.0,0.0,0.0,0.0,0.0,0.0,0.0,0.0,0.0,0.05298664906710747,,6.416666666666668,59.745000000000005,9.066666666666666,22.666666666666664,5.166666666666667,31.0,1.0,1.0,6.0,6.0,0.17573592793231638,1.0544155675938982,0.0,0.0,0.0,0.0,0.0,0.16666666666666666,0.0,0.16666666666666666,0.0,0.0,0.0,0.3333333333333333,0.0,0.0,0.0,0.16666666666666666,0.0,0.6666666666666666,0.0,0.0,0.0,1.0,1.0,,6.0,6.0,0.0,,1.6666666666666667,1.5,0.7453559924999299,0.0,5.166666666666667,5.0,3.0230595245361758,0.0,0.0,0.0
Compress-37.json,Defects4J,0.7578617930412292,0.7561784982681274,0.7550792098045349,0.20572370290756226,1.192138433456421,0.5982905982905983,25.278,21.31323076923076,0.0,3.6072786436857442,1.334596761029943,234.0,0.04670912951167728,0.0,0.06794055201698514,0.06794055201698514,0.0,0.0,0.0,0.0,4.098055901447456,0.4313882291316986,13.362948717948719,57.142884615384645,16.28205128205128,59.16666666666667,5.555555555555555,973.0,6.0,56.0,195.0,130.0,0.2573636499417207,60.22309408636264,0.017094017094017096,0.038461538461538464,0.0,0.017094017094017096,0.01282051282051282,0.07692307692307693,0.0,0.13675213675213677,0.05128205128205128,0.01282051282051282,0.03418803418803419,0.14102564102564102,0.1282051282051282,0.017094017094017096,0.02564102564102564,0.09829059829059829,0.017094017094017096,0.4865490131398098,0.0807273188673616,0.0,0.0,0.6666666666666666,8.666666666666666,0.26716368459165096,32.5,30.0,20.524375751773793,12.457975602129121,1.3794871794871795,1.0,1.0023509511756918,0.0,6.466666666666667,4.0,7.586943350369067,0.006369426751592357,0.006369426751592357,0.0
Cli-9.json,Defects4J,0.7532170414924622,0.7513652245203654,0.7503323554992676,0.2659773528575897,1.1469762325286865,0.4691780821917808,31.31875968992248,26.85860465116279,0.0,4.2319892473118275,1.769112878513462,292.0,0.09820426487093153,0.13131313131313133,0.29124579124579125,0.29124579124579125,0.19304152637485972,0.13131313131313133,0.13131313131313133,0.0,3.6100243217957675,0.7129589915275574,16.386860465116282,41.39998062015505,18.054263565891475,76.76356589147287,5.722602739726027,1216.0,6.0,36.0,215.0,129.0,0.12659915036487368,36.966951906543116,0.00684931506849315,0.0410958904109589,0.00684931506849315,0.010273972602739725,0.010273972602739725,0.03424657534246575,0.0,0.1267123287671233,0.0684931506849315,0.00684931506849315,0.00684931506849315,0.1267123287671233,0.2328767123287671,0.00684931506849315,0.023972602739726026,0.0821917808219178,0.010273972602739725,0.502359889214728,0.058168316111961466,0.0,0.0,0.6,14.666666666666666,0.6424571573734283,35.833333333333336,39.5,10.761298971571952,13.5591,1.5255813953488373,1.0,1.1922410056141417,0.0,7.395348837209302,5.0,7.612534140554202,0.007856341189674524,0.006734006734006734,0.030303030303030304
Compress-21.json,Defects4J,0.7755943536758423,0.7735917965571085,0.7725604772567749,0.29943957924842834,1.199227213859558,0.6313253012048192,21.45184210526316,18.905614035087712,0.0,3.0198443065691127,0.8197956012998193,415.0,0.028056951423785594,0.0,0.19179229480737017,0.1708542713567839,0.11892797319932999,0.11892797319932999,0.03350083752093802,0.0008375209380234506,7.2806755388727815,0.4886558482592756,11.948391812865498,60.16013157894737,14.323976608187136,59.78654970760234,5.190361445783132,1826.0,12.0,99.0,342.0,172.0,3.4987194098436847,1451.968555085129,0.05542168674698795,0.05542168674698795,0.007228915662650603,0.01927710843373494,0.00963855421686747,0.060240963855421686,0.0,0.1783132530120482,0.060240963855421686,0.016867469879518072,0.03132530120481928,0.12530120481927712,0.13734939759036144,0.007228915662650603,0.033734939759036145,0.07228915662650602,0.007228915662650603,0.47967469863385914,0.047789805899054814,0.0,0.0,0.5029239766081871,8.916666666666666,0.36003307402133944,28.5,33.0,13.431927138972526,11.37473899888905,1.391812865497076,1.0,0.951295017644218,0.0,6.078947368421052,5.0,6.364390247262666,0.017587939698492462,0.01675041876046901,0.02512562814070352
Closure-52.json,Defects4J,0.8244315981864929,0.8194592595100403,0.8154457211494446,1.0,0.9932227730751038,0.8333333333333334,5.905000000000001,9.646666666666668,0.0,1.3333333333333333,0.0,6.0,0.0,0.0,0.0,0.0,0.0,0.0,0.0,0.0,0.05298664906710747,,6.416666666666668,59.745000000000005,9.066666666666666,22.666666666666664,5.166666666666667,31.0,1.0,1.0,6.0,6.0,0.17573592793231638,1.0544155675938982,0.0,0.0,0.0,0.0,0.0,0.16666666666666666,0.0,0.16666666666666666,0.0,0.0,0.0,0.3333333333333333,0.0,0.0,0.0,0.16666666666666666,0.0,0.6666666666666666,0.0,0.0,0.0,1.0,1.0,,6.0,6.0,0.0,,1.6666666666666667,1.5,0.7453559924999299,0.0,5.166666666666667,5.0,3.0230595245361758,0.0,0.0,0.0
Math-79.json,Defects4J,0.7535380125045776,0.7511839270591736,0.7485651969909668,0.22507725656032562,1.2102543115615845,0.4297520661157025,29.51074844906944,37.016121673003795,0.0,3.063497027545015,2.176696591121258,363.0,0.08364732479276564,0.0,0.16201959306706856,0.05199698568198945,0.03240391861341371,0.03240391861341371,0.0,0.020346646571213264,5.043120468880421,0.7444678346316019,12.152147288373026,32.592107264358646,12.228857314388634,50.72423454072444,7.046831955922865,1985.0,19.0,16.0,263.0,155.0,0.42686718111862193,154.95278674605976,0.03856749311294766,0.008264462809917356,0.011019283746556474,0.005509641873278237,0.0,0.013774104683195593,0.0,0.14325068870523416,0.046831955922865015,0.0027548209366391185,0.005509641873278237,0.15702479338842976,0.2369146005509642,0.0027548209366391185,0.01928374655647383,0.04132231404958678,0.049586776859504134,0.45145410226679583,0.08020792353925399,0.0,0.0,0.5893536121673004,5.105263157894737,0.6593462500502082,13.842105263157896,4.0,19.863383815968984,11.822596298655498,1.8935361216730038,1.0,1.9214805478701869,0.0,9.346007604562738,5.0,11.515490197079307,0.00904295403165034,0.033157498116051246,0.020346646571213264
Math-96.json,Defects4J,0.7228521108627319,0.7173673311869303,0.7140060663223267,0.21242468059062958,1.1976158618927002,0.47417840375586856,29.506706093189962,25.430064516129033,0.0,3.886671373850846,2.1421609072126717,426.0,0.10909090909090909,0.04081632653061224,0.07198515769944341,0.04081632653061224,0.04081632653061224,0.04081632653061224,0.04081632653061224,0.02523191094619666,5.600998060058959,0.48115141317248344,14.667849462365592,51.2506630824373,17.1326164874552,66.05734767025089,5.974178403755869,1868.0,9.0,40.0,310.0,175.0,0.6354376618690475,270.69644395621424,0.051643192488262914,0.014084507042253521,0.007042253521126761,0.014084507042253521,0.011737089201877934,0.023474178403755867,0.0,0.12910798122065728,0.03990610328638498,0.002347417840375587,0.011737089201877934,0.1643192488262911,0.2511737089201878,0.002347417840375587,0.01643192488262911,0.06103286384976526,0.011737089201877934,0.48282908177916806,0.08606819294918104,0.013574660633484163,0.0,0.5645161290322581,10.88888888888889,0.35164025532347815,34.44444444444444,18.0,31.063058127732912,12.838901577100671,1.4258064516129032,1.0,0.9397898673624261,0.0,7.158064516129032,5.0,8.537820005566443,0.005936920222634508,0.028200371057513916,0.02894248608534323
Jsoup-92.json,Defects4J,0.815483570098877,0.8123829960823059,0.807447612285614,0.14075510203838348,1.1444118022918701,0.8571428571428571,32.111200000000004,26.844266666666666,0.0,3.4126984126984126,1.126984126984127,84.0,0.0,0.20221169036334913,0.20221169036334913,0.20221169036334913,0.20221169036334913,0.20221169036334913,0.20221169036334913,0.0,1.538788772797308,0.5697298049926758,20.58966666666667,14.236500000000007,23.0,80.16666666666667,6.7023809523809526,563.0,2.0,24.0,75.0,51.0,0.05546361681696178,4.6589438126247895,0.07142857142857142,0.011904761904761904,0.0,0.047619047619047616,0.023809523809523808,0.023809523809523808,0.0,0.2261904761904762,0.08333333333333333,0.0,0.05952380952380952,0.09523809523809523,0.08333333333333333,0.047619047619047616,0.023809523809523808,0.17857142857142858,0.0,0.4444444444444444,0.015873015873015872,0.0,0.0,0.68,16.0,,37.5,37.5,18.5,,1.8266666666666667,1.0,1.427102737094363,0.0273972602739726,7.386666666666667,6.0,7.346460977156884,0.08214849921011058,0.08846761453396525,0.12006319115323855
Mockito-31.json,Defects4J,0.8273728489875793,0.8226843674977621,0.818372368812561,1.0,1.1956604719161987,0.8,3.678000000000001,6.504000000000001,0.0,1.2,0.0,5.0,0.0,0.0,0.0,0.0,0.0,0.0,0.0,0.0,0.05305602573781134,,2.879999999999999,83.32000000000004,10.0,25.0,4.8,24.0,1.0,1.0,5.0,5.0,0.21089774439461811,1.0544887219730905,0.0,0.0,0.0,0.0,0.0,0.2,0.0,0.2,0.0,0.0,0.0,0.2,0.0,0.0,0.0,0.2,0.0,0.6,0.0,0.0,0.0,1.0,1.0,,5.0,5.0,0.0,,1.4,1.0,0.8,0.0,4.8,4.0,3.3105890714493698,0.0,0.0,0.0
Lang-40.json,Defects4J,0.729343593120575,0.7285857001940409,0.7281160950660706,0.21341677010059357,1.1699210405349731,0.47878787878787876,27.912790697674417,31.002790697674424,0.0,2.9872685185185186,1.7322780680235543,165.0,0.05861767279090114,0.0,0.0,0.0,0.0,0.0,0.0,0.0,1.5745279291607768,0.49192945957183837,10.723682170542634,56.472965116279084,13.251162790697675,60.259689922480625,6.624242424242424,766.0,6.0,14.0,129.0,95.0,0.029263404266929458,4.82846170404336,0.01818181818181818,0.03636363636363636,0.006060606060606061,0.012121212121212121,0.0,0.012121212121212121,0.006060606060606061,0.12121212121212122,0.07272727272727272,0.006060606060606061,0.006060606060606061,0.2,0.15757575757575756,0.0,0.048484848484848485,0.048484848484848485,0.01818181818181818,0.3874591503267974,0.18397653853488646,0.0,0.0,0.7364341085271318,8.333333333333334,0.2242001358536072,21.5,15.0,17.55704986607944,12.161744961471694,1.5193798449612403,1.0,1.0790519467476163,0.01098901098901099,8.193798449612403,6.0,8.812497749193046,0.007874015748031496,0.007874015748031496,0.0
Time-7.json,Defects4J,0.7835708260536194,0.7809246182441711,0.7786088585853577,0.20779897272586823,1.1841988563537598,0.56,36.57714285714285,29.695238095238093,0.0,6.146940227703985,2.250100714274334,175.0,0.0,0.038394415357766144,0.038394415357766144,0.038394415357766144,0.038394415357766144,0.038394415357766144,0.038394415357766144,0.0,4.681318605392885,0.8172048330307007,25.32650793650794,-11.709285714285699,26.323809523809526,80.0952380952381,5.942857142857143,1000.0,3.0,31.0,126.0,91.0,0.6166415571570225,107.91227250247894,0.045714285714285714,0.04,0.022857142857142857,0.02857142857142857,0.011428571428571429,0.03428571428571429,0.0,0.10857142857142857,0.13714285714285715,0.017142857142857144,0.017142857142857144,0.11428571428571428,0.26857142857142857,0.005714285714285714,0.005714285714285714,0.08571428571428572,0.005714285714285714,0.38276143790849676,0.09893551348277475,0.0,0.0,0.7222222222222222,16.0,0.6784366369247437,42.0,40.0,17.204650534085253,21.19438992294339,2.0793650793650795,1.0,1.8542237266904495,0.01694915254237288,7.857142857142857,5.0,8.872746112831498,0.02356020942408377,0.027923211169284468,0.031413612565445025
Closure-100.json,Defects4J,0.8244315981864929,0.8194592595100403,0.8154457211494446,1.0,0.9932227730751038,0.8333333333333334,5.905000000000001,9.646666666666668,0.0,1.3333333333333333,0.0,6.0,0.0,0.0,0.0,0.0,0.0,0.0,0.0,0.0,0.05298664906710747,,6.416666666666668,59.745000000000005,9.066666666666666,22.666666666666664,5.166666666666667,31.0,1.0,1.0,6.0,6.0,0.17573592793231638,1.0544155675938982,0.0,0.0,0.0,0.0,0.0,0.16666666666666666,0.0,0.16666666666666666,0.0,0.0,0.0,0.3333333333333333,0.0,0.0,0.0,0.16666666666666666,0.0,0.6666666666666666,0.0,0.0,0.0,1.0,1.0,,6.0,6.0,0.0,,1.6666666666666667,1.5,0.7453559924999299,0.0,5.166666666666667,5.0,3.0230595245361758,0.0,0.0,0.0
JacksonDatabind-30.json,Defects4J,0.7686126828193665,0.7671868801116943,0.7658782005310059,0.2060277909040451,1.1963295936584473,0.5138888888888888,25.574950813089735,30.405597269624568,0.0,3.6263698338479315,3.15479825304856,432.0,0.018743109151047408,0.0,0.12385152517456817,0.03895626607864756,0.0,0.0,0.0,0.0,7.9043164802668695,0.46720162965357304,14.127669142742423,24.472234491066075,15.767837783577598,63.31037944187914,5.856481481481482,2210.0,17.0,45.0,293.0,157.0,6.270718190488663,2708.9502582911023,0.046296296296296294,0.02546296296296296,0.009259259259259259,0.016203703703703703,0.006944444444444444,0.016203703703703703,0.011574074074074073,0.1712962962962963,0.020833333333333332,0.011574074074074073,0.023148148148148147,0.11805555555555555,0.3125,0.004629629629629629,0.006944444444444444,0.06944444444444445,0.006944444444444444,0.444687267244876,0.06721288868165555,0.0,0.0,0.5358361774744027,7.9411764705882355,0.4818306955198447,17.235294117647058,7.0,18.044159595329734,14.299716787436793,1.9488054607508531,1.0,1.646417231249675,0.008264462809917356,8.150170648464163,6.0,7.436509991807389,0.00808526277104006,0.024255788313120176,0.008820286659316428
Math-103.json,Defects4J,0.7295823097229004,0.7248791456222534,0.7214270234107971,0.2762637138366699,1.224624752998352,0.5340909090909091,35.460208333333334,31.928611111111106,0.0,4.090249662618084,1.8857605029864206,176.0,0.11778471138845553,0.0,0.078003120124805,0.0,0.0,0.0,0.0,0.0514820592823713,2.4044849790130556,0.5366065502166748,15.74027777777778,46.33250000000004,18.56666666666667,67.94444444444444,6.9375,774.0,4.0,29.0,144.0,110.0,0.06291321663121917,11.072726127094574,0.017045454545454544,0.03409090909090909,0.028409090909090908,0.017045454545454544,0.017045454545454544,0.03409090909090909,0.0,0.08522727272727272,0.056818181818181816,0.005681818181818182,0.005681818181818182,0.2159090909090909,0.13636363636363635,0.011363636363636364,0.03977272727272727,0.045454545454545456,0.017045454545454544,0.5064735155195682,0.051571290239605896,0.0,0.0,0.7638888888888888,11.5,0.6769089549779892,36.0,36.0,18.601075237738275,14.191785591663535,1.4652777777777777,1.0,1.4137872425807039,0.0,8.256944444444445,5.0,10.218954697425012,0.0070202808112324495,0.0070202808112324495,0.0
Closure-91.json,Defects4J,0.8244315981864929,0.8194592595100403,0.8154457211494446,1.0,0.9932227730751038,0.8333333333333334,5.905000000000001,9.646666666666668,0.0,1.3333333333333333,0.0,6.0,0.0,0.0,0.0,0.0,0.0,0.0,0.0,0.0,0.05298664906710747,,6.416666666666668,59.745000000000005,9.066666666666666,22.666666666666664,5.166666666666667,31.0,1.0,1.0,6.0,6.0,0.17573592793231638,1.0544155675938982,0.0,0.0,0.0,0.0,0.0,0.16666666666666666,0.0,0.16666666666666666,0.0,0.0,0.0,0.3333333333333333,0.0,0.0,0.0,0.16666666666666666,0.0,0.6666666666666666,0.0,0.0,0.0,1.0,1.0,,6.0,6.0,0.0,,1.6666666666666667,1.5,0.7453559924999299,0.0,5.166666666666667,5.0,3.0230595245361758,0.0,0.0,0.0
JacksonCore-11.json,Defects4J,0.7786040306091309,0.7762382825215658,0.7742162942886353,0.29942387342453003,1.150881290435791,0.43010752688172044,37.899748223663885,45.90168674698795,0.0,3.7993094969915093,3.162176730716924,1023.0,0.04617713853141559,0.04617713853141559,0.3430481958112541,0.1573303053242493,0.10862982588947767,0.09613928841786526,0.0696442089326268,0.0,15.566999374096365,0.8143153473930923,21.20753012048193,-26.660182267531667,17.593388940376894,61.30274945937596,7.35386119257087,6519.0,39.0,72.0,664.0,214.0,5633.603716734748,5763176.602219647,0.059628543499511244,0.05180840664711633,0.01466275659824047,0.0039100684261974585,0.005865102639296188,0.0019550342130987292,0.002932551319648094,0.11241446725317693,0.047898338220918865,0.0,0.004887585532746823,0.12121212121212122,0.3489736070381232,0.010752688172043012,0.004887585532746823,0.03128054740957967,0.026392961876832845,0.46032940956215623,0.09771692334683237,0.0,0.0,0.32228915662650603,7.538461538461538,0.7992571892367827,17.025641025641026,9.0,24.641519245836534,15.367908734136225,2.555722891566265,1.0,2.8889950760977317,0.00392156862745098,10.789156626506024,6.0,13.126727191444203,0.03179409538228615,0.03936411809235428,0.029523088569265707
Codec-11.json,Defects4J,0.7590370774269104,0.7560411691665649,0.7535936832427979,0.2569951117038727,1.215455174446106,0.5627240143369175,29.432410714285716,26.797500000000003,0.0,3.720040448611877,0.6417008469801582,279.0,0.07107976125881714,0.0770482908301682,0.10092240911557243,0.10092240911557243,0.0770482908301682,0.0770482908301682,0.0770482908301682,0.0010851871947911015,4.346719516271911,0.5777945617834727,14.800714285714285,45.94428571428574,17.085714285714285,67.26785714285714,6.14336917562724,1323.0,7.0,50.0,224.0,155.0,0.27679108432955063,77.22471252794463,0.02867383512544803,0.03942652329749104,0.03225806451612903,0.025089605734767026,0.007168458781362007,0.03225806451612903,0.0,0.12544802867383512,0.03942652329749104,0.010752688172043012,0.03225806451612903,0.15053763440860216,0.16487455197132617,0.021505376344086023,0.025089605734767026,0.07885304659498207,0.010752688172043012,0.4741258821615965,0.033302721937156644,0.0,0.0,0.6919642857142857,11.285714285714286,0.5247301518917084,32.0,26.0,12.817398889233115,13.707050652182112,1.5178571428571428,1.0,1.2605422788366496,0.005681818181818182,7.401785714285714,5.0,8.75148948692712,0.0048833423765599565,0.0,0.0
Lang-17.json,Defects4J,0.753350019454956,0.7521576881408691,0.7502293586730957,0.2883264422416687,1.2247027158737183,0.5337620578778135,23.92153846153846,27.937094017094015,0.0,2.8730213508879148,1.3046139473207516,311.0,0.033135509396636995,0.0,0.10583580613254204,0.06429277942631058,0.06429277942631058,0.0,0.0,0.0,5.848005767754179,0.5204046686800817,10.642820512820514,50.81884615384615,12.157264957264957,51.76068376068376,6.064308681672026,1516.0,13.0,51.0,234.0,144.0,1.1142849018989756,346.54260449058137,0.01929260450160772,0.06109324758842444,0.006430868167202572,0.02572347266881029,0.006430868167202572,0.028938906752411574,0.0,0.1414790996784566,0.04501607717041801,0.012861736334405145,0.00964630225080386,0.15434083601286175,0.22186495176848875,0.012861736334405145,0.022508038585209004,0.05144694533762058,0.01607717041800643,0.47177473091716854,0.07558359538663267,0.0,0.0,0.6153846153846154,6.076923076923077,0.47900395637208765,18.0,13.0,11.694837782937853,11.661520659325951,1.6282051282051282,1.0,1.4391561008829947,0.0,7.717948717948718,5.0,9.691697172468826,0.005934718100890208,0.004451038575667656,0.0
Math-55.json,Defects4J,0.7478125095367432,0.7450526158014933,0.7422476410865784,0.16917569935321808,1.2653206586837769,0.45132743362831856,36.271279069767445,28.70558139534884,0.0,4.115045155993432,0.8287164920403048,226.0,0.09084699453551913,0.0,0.0778688524590164,0.012295081967213115,0.0,0.0,0.0,0.02459016393442623,3.116192509613156,0.7871886889139811,18.60558139534884,38.25744186046512,21.851162790697675,80.7906976744186,6.097345132743363,961.0,4.0,17.0,172.0,127.0,0.09982441466522289,22.560317714340375,0.03982300884955752,0.02654867256637168,0.008849557522123894,0.008849557522123894,0.0,0.030973451327433628,0.0,0.09292035398230089,0.084070796460177,0.0,0.0,0.2168141592920354,0.20353982300884957,0.004424778761061947,0.02654867256637168,0.035398230088495575,0.01327433628318584,0.4669967843459223,0.04832006066132171,0.0,0.0,0.7383720930232558,16.25,0.7471949756145477,43.0,43.5,14.713938969562161,15.903189008614273,1.4767441860465116,1.0,0.9490110419879398,0.0,7.686046511627907,5.0,8.73746494540924,0.00819672131147541,0.006147540983606557,0.0
Lang-9.json,Defects4J,0.7272953391075134,0.7235623200734457,0.7212552428245544,0.4139713644981384,1.182363510131836,0.5027027027027027,39.85051454138702,29.10496644295301,0.0,3.8685232895759207,1.08429706664634,185.0,0.1210906174819567,0.0,0.1475541299117883,0.0,0.0,0.0,0.0,0.05292702485966319,1.668944714131296,0.818323165178299,19.53973154362416,43.43407158836692,23.356599552572707,80.53914988814317,6.437837837837838,744.0,3.0,24.0,149.0,103.0,0.028684134586067687,5.306564898422522,0.016216216216216217,0.021621621621621623,0.010810810810810811,0.021621621621621623,0.010810810810810811,0.02702702702702703,0.0,0.10810810810810811,0.05405405405405406,0.016216216216216217,0.010810810810810811,0.2,0.14054054054054055,0.0,0.032432432432432434,0.06486486486486487,0.016216216216216217,0.4623205741626794,0.032329860650094695,0.0,0.0,0.6912751677852349,15.333333333333334,0.6658948659896851,49.666666666666664,63.0,24.729649321321876,15.021129683784007,1.3355704697986577,1.0,0.7909788197898571,0.0,7.738255033557047,5.0,9.377537042418854,0.007217321571772253,0.007217321571772253,0.0
Closure-4.json,Defects4J,0.8244315981864929,0.8194592595100403,0.8154457211494446,1.0,0.9932227730751038,0.8333333333333334,5.905000000000001,9.646666666666668,0.0,1.3333333333333333,0.0,6.0,0.0,0.0,0.0,0.0,0.0,0.0,0.0,0.0,0.05298664906710747,,6.416666666666668,59.745000000000005,9.066666666666666,22.666666666666664,5.166666666666667,31.0,1.0,1.0,6.0,6.0,0.17573592793231638,1.0544155675938982,0.0,0.0,0.0,0.0,0.0,0.16666666666666666,0.0,0.16666666666666666,0.0,0.0,0.0,0.3333333333333333,0.0,0.0,0.0,0.16666666666666666,0.0,0.6666666666666666,0.0,0.0,0.0,1.0,1.0,,6.0,6.0,0.0,,1.6666666666666667,1.5,0.7453559924999299,0.0,5.166666666666667,5.0,3.0230595245361758,0.0,0.0,0.0
JacksonDatabind-67.json,Defects4J,0.772494912147522,0.7698573271433512,0.7680315971374512,0.3210510313510895,1.2013826370239258,0.5486725663716814,37.897992309805005,38.49897280966768,0.0,4.33914137599202,2.025767866973862,452.0,0.07895500725689406,0.13236574746008709,0.2269956458635704,0.2153846153846154,0.13236574746008709,0.13236574746008709,0.13236574746008709,0.0,7.7444786018570175,0.4980532258749008,19.495907717659986,8.881851139796794,19.770502609173306,72.08486679483659,7.161504424778761,2409.0,11.0,67.0,331.0,165.0,5.107941175867467,2308.789411492095,0.061946902654867256,0.022123893805309734,0.017699115044247787,0.01991150442477876,0.004424778761061947,0.03761061946902655,0.0,0.13716814159292035,0.017699115044247787,0.00663716814159292,0.02654867256637168,0.12168141592920353,0.25663716814159293,0.01327433628318584,0.00663716814159292,0.084070796460177,0.035398230088495575,0.40804680799694604,0.08736158615112313,0.0,0.0,0.4984894259818731,12.636363636363637,0.5265775240129895,30.09090909090909,27.0,17.936527207474217,16.908762484321528,1.9788519637462236,1.0,1.9686761265063901,0.014652014652014652,9.401812688821753,6.0,9.483896179544077,0.0052249637155297535,0.0034833091436865023,0.0
Closure-29.json,Defects4J,0.8244315981864929,0.8194592595100403,0.8154457211494446,1.0,0.9932227730751038,0.8333333333333334,5.905000000000001,9.646666666666668,0.0,1.3333333333333333,0.0,6.0,0.0,0.0,0.0,0.0,0.0,0.0,0.0,0.0,0.05298664906710747,,6.416666666666668,59.745000000000005,9.066666666666666,22.666666666666664,5.166666666666667,31.0,1.0,1.0,6.0,6.0,0.17573592793231638,1.0544155675938982,0.0,0.0,0.0,0.0,0.0,0.16666666666666666,0.0,0.16666666666666666,0.0,0.0,0.0,0.3333333333333333,0.0,0.0,0.0,0.16666666666666666,0.0,0.6666666666666666,0.0,0.0,0.0,1.0,1.0,,6.0,6.0,0.0,,1.6666666666666667,1.5,0.7453559924999299,0.0,5.166666666666667,5.0,3.0230595245361758,0.0,0.0,0.0
Closure-157.json,Defects4J,0.8244315981864929,0.8194592595100403,0.8154457211494446,1.0,0.9932227730751038,0.8333333333333334,5.905000000000001,9.646666666666668,0.0,1.3333333333333333,0.0,6.0,0.0,0.0,0.0,0.0,0.0,0.0,0.0,0.0,0.05298664906710747,,6.416666666666668,59.745000000000005,9.066666666666666,22.666666666666664,5.166666666666667,31.0,1.0,1.0,6.0,6.0,0.17573592793231638,1.0544155675938982,0.0,0.0,0.0,0.0,0.0,0.16666666666666666,0.0,0.16666666666666666,0.0,0.0,0.0,0.3333333333333333,0.0,0.0,0.0,0.16666666666666666,0.0,0.6666666666666666,0.0,0.0,0.0,1.0,1.0,,6.0,6.0,0.0,,1.6666666666666667,1.5,0.7453559924999299,0.0,5.166666666666667,5.0,3.0230595245361758,0.0,0.0,0.0
JacksonDatabind-88.json,Defects4J,0.812136709690094,0.8078982631365458,0.8033784627914429,0.2088223695755005,1.1762118339538574,0.8563218390804598,25.380194805194805,22.45168831168831,0.0,3.071377217553688,0.3221874079641233,174.0,0.0,0.15113350125944586,0.21662468513853905,0.21662468513853905,0.15113350125944586,0.15113350125944586,0.15113350125944586,0.0,3.0621406442936037,0.43600698560476303,18.566155844155848,16.810662337662365,21.410909090909094,69.11168831168831,6.017241379310345,1047.0,5.0,53.0,154.0,109.0,0.12283483204425102,21.373260775699677,0.08620689655172414,0.09195402298850575,0.06321839080459771,0.034482758620689655,0.005747126436781609,0.017241379310344827,0.0,0.25287356321839083,0.034482758620689655,0.017241379310344827,0.040229885057471264,0.05747126436781609,0.10919540229885058,0.034482758620689655,0.005747126436781609,0.12643678160919541,0.0,0.5147447868036104,0.0448230195822177,0.0,0.0,0.7077922077922078,11.8,0.3979411721229553,30.8,29.0,9.846826900072937,18.243605946275583,1.8766233766233766,1.0,1.4339479698485416,0.013333333333333334,6.6688311688311686,5.0,6.095618177961612,0.033585222502099076,0.05709487825356843,0.07388748950461797
Jsoup-51.json,Defects4J,0.7675932049751282,0.7660559018452963,0.7642309665679932,0.33416029810905457,1.175187110900879,0.5777777777777777,24.38493013972056,22.958562874251488,0.0,3.584784949950668,2.7648806854464723,225.0,0.0,0.09763539282990084,0.20137299771167047,0.19679633867276888,0.16323417238749047,0.09763539282990084,0.09763539282990084,0.0,3.624074596355616,0.3642169564962387,16.533263473053896,26.101531936127742,18.79800399201597,62.56387225548902,5.297777777777778,1170.0,6.0,32.0,167.0,100.0,0.16662228314061667,37.49001370663875,0.035555555555555556,0.022222222222222223,0.0044444444444444444,0.02666666666666667,0.013333333333333334,0.008888888888888889,0.0044444444444444444,0.19111111111111112,0.035555555555555556,0.013333333333333334,0.035555555555555556,0.10666666666666667,0.23555555555555555,0.017777777777777778,0.013333333333333334,0.08888888888888889,0.04,0.4327223524160249,0.0668392061651221,0.0,0.0,0.5988023952095808,9.666666666666666,0.3463097773492336,27.833333333333332,15.0,23.709468338385175,16.32212239822248,1.8023952095808384,1.0,1.6092528893164861,0.06293706293706294,6.772455089820359,4.0,7.921528799634082,0.012204424103737605,0.013729977116704805,0.057971014492753624
Jsoup-8.json,Defects4J,0.8205479383468628,0.8198583722114563,0.819270133972168,0.10889509320259094,1.1697754859924316,0.8314606741573034,20.048421052631575,22.56421052631578,0.0,3.00782967032967,0.5773641458194816,89.0,0.0,0.0,0.0,0.0,0.0,0.0,0.0,0.0,1.6655123860547052,0.17270671327908835,12.625263157894736,38.386842105263185,14.442105263157897,57.15789473684211,6.044943820224719,538.0,4.0,28.0,76.0,68.0,0.05942002526956308,5.288382248991114,0.06741573033707865,0.056179775280898875,0.06741573033707865,0.0449438202247191,0.02247191011235955,0.0449438202247191,0.0,0.14606741573033707,0.056179775280898875,0.011235955056179775,0.0449438202247191,0.14606741573033707,0.11235955056179775,0.02247191011235955,0.011235955056179775,0.12359550561797752,0.0,0.39853479853479856,0.05117990874301651,0.0,0.0,0.8947368421052632,7.25,0.10665863193571568,19.0,16.0,9.899494936611665,13.427899808715576,1.763157894736842,1.0,1.255183159759139,0.02666666666666667,6.7894736842105265,5.0,6.182138510669018,0.0,0.0,0.0
Math-43.json,Defects4J,0.7497192025184631,0.7470866640408834,0.7437862753868103,0.2159184068441391,1.2232588529586792,0.4296875,37.10267730496454,36.76957446808511,0.0,3.708863534385356,1.2126712748856454,256.0,0.10237068965517242,0.0,0.0,0.0,0.0,0.0,0.0,0.029094827586206896,2.1564945480831055,0.6933444619178772,15.836382978723403,37.331666666666706,18.49078014184397,70.69503546099291,6.94921875,1187.0,6.0,13.0,188.0,141.0,0.03375310397049257,8.640794616446097,0.0234375,0.015625,0.00390625,0.00390625,0.0,0.015625,0.0,0.109375,0.0703125,0.0078125,0.0078125,0.1796875,0.21875,0.0,0.03515625,0.06640625,0.01953125,0.49299669688663994,0.07622800384570942,0.0,0.0,0.75,12.333333333333334,0.48103244602680206,31.333333333333332,23.0,19.180429841087737,15.470042427545799,1.627659574468085,1.0,1.38367412958269,0.0,9.101063829787234,5.0,10.548540230568669,0.00646551724137931,0.004849137931034483,0.0
Closure-141.json,Defects4J,0.8244315981864929,0.8194592595100403,0.8154457211494446,1.0,0.9932227730751038,0.8333333333333334,5.905000000000001,9.646666666666668,0.0,1.3333333333333333,0.0,6.0,0.0,0.0,0.0,0.0,0.0,0.0,0.0,0.0,0.05298664906710747,,6.416666666666668,59.745000000000005,9.066666666666666,22.666666666666664,5.166666666666667,31.0,1.0,1.0,6.0,6.0,0.17573592793231638,1.0544155675938982,0.0,0.0,0.0,0.0,0.0,0.16666666666666666,0.0,0.16666666666666666,0.0,0.0,0.0,0.3333333333333333,0.0,0.0,0.0,0.16666666666666666,0.0,0.6666666666666666,0.0,0.0,0.0,1.0,1.0,,6.0,6.0,0.0,,1.6666666666666667,1.5,0.7453559924999299,0.0,5.166666666666667,5.0,3.0230595245361758,0.0,0.0,0.0
JacksonDatabind-71.json,Defects4J,0.817730188369751,0.81561678647995,0.8131035566329956,0.2818559408187866,1.1650758981704712,0.8227848101265823,26.234523809523807,27.871428571428577,0.0,2.7731932121629765,0.2998402937351603,79.0,0.0,0.0,0.0,0.0,0.0,0.0,0.0,0.0,1.3794122950515404,0.11953755468130112,16.09857142857143,21.203095238095244,17.333333333333332,64.76190476190476,6.89873417721519,545.0,3.0,22.0,70.0,61.0,0.05028564866410039,3.972566244463931,0.08860759493670886,0.12658227848101267,0.012658227848101266,0.0379746835443038,0.012658227848101266,0.0,0.0,0.13924050632911392,0.10126582278481013,0.0379746835443038,0.0379746835443038,0.189873417721519,0.0759493670886076,0.0,0.02531645569620253,0.0759493670886076,0.0,0.5022252849800442,0.08786034083442448,0.0,0.0,0.8714285714285714,9.666666666666666,0.46385887265205383,23.333333333333332,16.0,12.552113589175153,15.470042427545799,1.9142857142857144,1.0,1.6965751816346881,0.029411764705882353,7.642857142857143,4.5,7.837703224589121,0.0,0.0,0.0
Collections-16.json,Defects4J,0.7463979721069336,0.7443354725837708,0.7426733374595642,0.3873574435710907,1.203739881515503,0.4567901234567901,33.166443202979515,32.74435754189943,0.0,3.4678545991045993,1.8792040829124923,243.0,0.040410132689987936,0.0,0.018094089264173704,0.0,0.0,0.0,0.0,0.0,2.865640353262597,0.5976430833339691,15.42600558659218,37.60221135940412,17.296461824953447,65.58752327746741,6.477366255144033,1161.0,6.0,21.0,179.0,122.0,0.07226458599524518,17.56029439684458,0.01646090534979424,0.037037037037037035,0.0,0.0,0.0,0.03292181069958848,0.0,0.1728395061728395,0.06172839506172839,0.00411522633744856,0.0,0.1440329218106996,0.22633744855967078,0.00411522633744856,0.02880658436213992,0.053497942386831275,0.01646090534979424,0.4683554971598449,0.07352054913601463,0.0,0.0,0.6815642458100558,10.666666666666666,0.5105796009302139,29.833333333333332,22.5,25.445475476442216,14.554592549557764,1.6424581005586592,1.0,1.5410895776148974,0.0,8.424581005586592,5.0,9.776191534223804,0.009650180940892641,0.018094089264173704,0.016284680337756333
Jsoup-47.json,Defects4J,0.8103658556938171,0.8075457811355591,0.8046934008598328,0.10245100408792496,1.1602258682250977,0.7653061224489796,19.275113636363635,19.93863636363636,0.0,2.7506642512077297,0.6503988272422168,98.0,0.0,0.0,0.15348101265822786,0.15348101265822786,0.11392405063291139,0.0,0.0,0.0,1.5242181800875505,0.1902133673429489,14.176363636363636,32.60954545454547,18.345454545454544,56.090909090909086,5.76530612244898,565.0,4.0,25.0,88.0,61.0,0.04685257549562202,4.5915523985709585,0.05102040816326531,0.09183673469387756,0.0,0.01020408163265306,0.05102040816326531,0.02040816326530612,0.01020408163265306,0.14285714285714285,0.05102040816326531,0.04081632653061224,0.061224489795918366,0.15306122448979592,0.05102040816326531,0.02040816326530612,0.01020408163265306,0.11224489795918367,0.02040816326530612,0.48414855072463764,0.017346664857070256,0.0,0.0,0.6931818181818182,7.5,0.04149361327290535,22.0,19.0,12.041594578792296,16.218646115125612,1.7954545454545454,1.0,1.2627449439171912,0.02564102564102564,6.306818181818182,4.0,6.3216042888750925,0.0189873417721519,0.07120253164556962,0.08069620253164557
Time-14.json,Defects4J,0.7879080176353455,0.7866594394048055,0.7853203415870667,0.3293524384498596,1.2395110130310059,0.5793650793650794,22.76827868852459,27.917377049180327,0.0,3.3393828233989513,2.1281233779619613,252.0,0.0,0.06234413965087282,0.14962593516209477,0.06234413965087282,0.06234413965087282,0.06234413965087282,0.06234413965087282,0.0,6.128822554973201,0.6239307549866763,13.76405737704918,23.54313524590168,15.061748633879782,45.85109289617486,5.916666666666667,1490.0,12.0,51.0,183.0,111.0,1.8210139611439131,458.8955182082661,0.03968253968253968,0.07142857142857142,0.015873015873015872,0.015873015873015872,0.011904761904761904,0.04365079365079365,0.0,0.14285714285714285,0.051587301587301584,0.011904761904761904,0.015873015873015872,0.10317460317460317,0.2619047619047619,0.011904761904761904,0.003968253968253968,0.06349206349206349,0.01984126984126984,0.4657819275907331,0.09426331957195953,0.03333333333333333,0.0,0.6065573770491803,4.666666666666667,0.6209512613713741,15.25,14.0,11.42457147263447,13.6886701853816,1.9836065573770492,1.0,2.2384504052552967,0.0064516129032258064,7.7650273224043715,4.0,11.178359307274578,0.01371571072319202,0.02057356608478803,0.031795511221945134
Lang-56.json,Defects4J,0.7227094173431396,0.719410260518392,0.7173227667808533,0.13581483066082,1.1741454601287842,0.5,29.617559055118114,30.908031496062993,0.0,3.149145299145299,0.9628143481807648,156.0,0.07823741007194245,0.0,0.07553956834532374,0.0,0.0,0.0,0.0,0.0,1.5982664607777308,0.45319717563688755,11.22623622047244,59.816204724409474,15.199370078740158,61.62047244094488,6.814102564102564,676.0,5.0,19.0,127.0,96.0,0.031695215297709536,4.9444535864426875,0.01282051282051282,0.019230769230769232,0.0,0.00641025641025641,0.02564102564102564,0.019230769230769232,0.0,0.09615384615384616,0.0641025641025641,0.019230769230769232,0.00641025641025641,0.1987179487179487,0.1346153846153846,0.0,0.038461538461538464,0.08974358974358974,0.019230769230769232,0.4860042735042735,0.06968269452723073,0.0,0.0,0.7559055118110236,9.2,0.43936563034852344,25.4,22.0,12.92439553712281,13.348371206891418,1.4330708661417322,1.0,0.8747602702518337,0.0,8.141732283464567,5.0,9.029020935098007,0.008093525179856115,0.008093525179856115,0.0
Math-14.json,Defects4J,0.7362931370735168,0.7331209778785706,0.7308791875839233,0.19313542544841766,1.2493374347686768,0.6277056277056277,26.00081632653061,26.911836734693882,0.0,2.7677369505494505,0.9525229989461963,231.0,0.09293680297397769,0.0,0.061957868649318466,0.0,0.0,0.0,0.0,0.040892193308550186,2.9854829825064595,0.46951734593936373,10.761938775510206,61.54198979591837,13.269387755102043,56.642857142857146,6.489177489177489,1052.0,8.0,47.0,196.0,132.0,0.08569723410824932,19.796061079005593,0.047619047619047616,0.06060606060606061,0.004329004329004329,0.021645021645021644,0.004329004329004329,0.03463203463203463,0.0,0.16883116883116883,0.047619047619047616,0.012987012987012988,0.017316017316017316,0.15584415584415584,0.11688311688311688,0.017316017316017316,0.030303030303030304,0.0735930735930736,0.017316017316017316,0.5143276862026862,0.06013773236060652,0.0,0.0,0.673469387755102,7.875,0.2538715253273646,24.5,20.5,17.051392904979934,11.45678717892309,1.4234693877551021,1.0,0.9418068847946294,0.0,7.469387755102041,5.0,8.611459002733998,0.022304832713754646,0.027881040892193308,0.0
Closure-68.json,Defects4J,0.8244315981864929,0.8194592595100403,0.8154457211494446,1.0,0.9932227730751038,0.8333333333333334,5.905000000000001,9.646666666666668,0.0,1.3333333333333333,0.0,6.0,0.0,0.0,0.0,0.0,0.0,0.0,0.0,0.0,0.05298664906710747,,6.416666666666668,59.745000000000005,9.066666666666666,22.666666666666664,5.166666666666667,31.0,1.0,1.0,6.0,6.0,0.17573592793231638,1.0544155675938982,0.0,0.0,0.0,0.0,0.0,0.16666666666666666,0.0,0.16666666666666666,0.0,0.0,0.0,0.3333333333333333,0.0,0.0,0.0,0.16666666666666666,0.0,0.6666666666666666,0.0,0.0,0.0,1.0,1.0,,6.0,6.0,0.0,,1.6666666666666667,1.5,0.7453559924999299,0.0,5.166666666666667,5.0,3.0230595245361758,0.0,0.0,0.0
JacksonDatabind-26.json,Defects4J,0.8125479817390442,0.808519701162974,0.8062909841537476,0.4492079019546509,1.1251509189605713,0.813953488372093,35.5652,31.156266666666657,0.0,2.9365079365079367,0.5079365079365081,86.0,0.0,0.0,0.15965166908563136,0.15965166908563136,0.15965166908563136,0.15965166908563136,0.0,0.0,1.4394054600996105,0.525385320186615,24.680333333333333,-15.091499999999968,26.733333333333334,89.5,7.209302325581396,620.0,2.0,16.0,75.0,62.0,0.04904868826440743,4.218187190739039,0.046511627906976744,0.11627906976744186,0.023255813953488372,0.023255813953488372,0.046511627906976744,0.0,0.0,0.1511627906976744,0.10465116279069768,0.011627906976744186,0.011627906976744186,0.22093023255813954,0.11627906976744186,0.0,0.011627906976744186,0.09302325581395349,0.0,0.47817460317460314,0.04960317460317462,0.0,0.0,0.8266666666666667,19.5,,37.5,37.5,23.5,,2.1733333333333333,2.0,1.526419193916126,0.0273972602739726,8.12,7.0,6.408244689460602,0.0,0.0,0.0
Closure-116.json,Defects4J,0.8244315981864929,0.8194592595100403,0.8154457211494446,1.0,0.9932227730751038,0.8333333333333334,5.905000000000001,9.646666666666668,0.0,1.3333333333333333,0.0,6.0,0.0,0.0,0.0,0.0,0.0,0.0,0.0,0.0,0.05298664906710747,,6.416666666666668,59.745000000000005,9.066666666666666,22.666666666666664,5.166666666666667,31.0,1.0,1.0,6.0,6.0,0.17573592793231638,1.0544155675938982,0.0,0.0,0.0,0.0,0.0,0.16666666666666666,0.0,0.16666666666666666,0.0,0.0,0.0,0.3333333333333333,0.0,0.0,0.0,0.16666666666666666,0.0,0.6666666666666666,0.0,0.0,0.0,1.0,1.0,,6.0,6.0,0.0,,1.6666666666666667,1.5,0.7453559924999299,0.0,5.166666666666667,5.0,3.0230595245361758,0.0,0.0,0.0
Closure-87.json,Defects4J,0.8244315981864929,0.8194592595100403,0.8154457211494446,1.0,0.9932227730751038,0.8333333333333334,5.905000000000001,9.646666666666668,0.0,1.3333333333333333,0.0,6.0,0.0,0.0,0.0,0.0,0.0,0.0,0.0,0.0,0.05298664906710747,,6.416666666666668,59.745000000000005,9.066666666666666,22.666666666666664,5.166666666666667,31.0,1.0,1.0,6.0,6.0,0.17573592793231638,1.0544155675938982,0.0,0.0,0.0,0.0,0.0,0.16666666666666666,0.0,0.16666666666666666,0.0,0.0,0.0,0.3333333333333333,0.0,0.0,0.0,0.16666666666666666,0.0,0.6666666666666666,0.0,0.0,0.0,1.0,1.0,,6.0,6.0,0.0,,1.6666666666666667,1.5,0.7453559924999299,0.0,5.166666666666667,5.0,3.0230595245361758,0.0,0.0,0.0
Cli-15.json,Defects4J,0.7677512764930725,0.7658887505531311,0.7642027735710144,0.26923662424087524,1.2159336805343628,0.4962121212121212,30.18090909090909,27.13575757575757,0.0,4.5059679215312185,4.817118565456949,528.0,0.0572289156626506,0.0,0.0746987951807229,0.05,0.022289156626506025,0.0,0.0,0.016867469879518072,8.618393002621069,0.43966917219487106,15.635555555555559,41.74000000000001,18.452525252525255,69.11111111111111,5.84280303030303,2214.0,12.0,84.0,396.0,209.0,10.478198014368775,5532.488551586714,0.032196969696969696,0.041666666666666664,0.011363636363636364,0.032196969696969696,0.02462121212121212,0.030303030303030304,0.001893939393939394,0.10984848484848485,0.06818181818181818,0.005681818181818182,0.013257575757575758,0.11363636363636363,0.23484848484848486,0.011363636363636364,0.015151515151515152,0.06818181818181818,0.028409090909090908,0.4452956785376451,0.04023306522936666,0.0,0.0,0.5277777777777778,11.916666666666666,0.4472709383815527,33.0,22.0,29.723727895403698,15.021129683784007,1.5555555555555556,1.0,1.147876583502767,0.0,7.454545454545454,5.0,8.341538660081296,0.04819277108433735,0.03644578313253012,0.021686746987951807
Jsoup-10.json,Defects4J,0.7869466543197632,0.785638153553009,0.7834388613700867,0.16300073266029358,1.214727759361267,0.5197368421052632,42.38603960396039,31.759999999999994,0.0,6.47275641025641,2.556089743589743,152.0,0.0,0.0,0.19285714285714287,0.1673469387755102,0.1673469387755102,0.1673469387755102,0.11836734693877551,0.0,2.02081135525404,0.556133508682251,26.770346534653466,-6.92150990099006,28.912871287128713,94.06435643564356,5.940789473684211,898.0,2.0,12.0,101.0,72.0,0.04963449786252866,7.544443675104357,0.07236842105263158,0.013157894736842105,0.006578947368421052,0.019736842105263157,0.006578947368421052,0.019736842105263157,0.0,0.18421052631578946,0.07236842105263158,0.0,0.019736842105263157,0.13815789473684212,0.2565789473684211,0.0,0.05263157894736842,0.039473684210526314,0.006578947368421052,0.3701923076923077,0.004807692307692318,0.0,0.0,0.7128712871287128,22.0,,50.5,50.5,9.5,,1.9207920792079207,1.0,1.4804546285732616,0.022727272727272728,8.188118811881187,5.0,10.004665121027468,0.0163265306122449,0.06938775510204082,0.10204081632653061
Jsoup-67.json,Defects4J,0.8094414472579956,0.8072543144226074,0.8055928945541382,0.1867215931415558,1.1701290607452393,0.8737864077669902,38.810105263157894,29.131368421052624,0.0,3.0498721227621486,0.1675191815856778,103.0,0.0,0.0,0.0,0.0,0.0,0.0,0.0,0.0,1.3371097226493511,0.5151274800300598,26.783421052631585,-12.358552631578931,27.0,78.02631578947368,7.223300970873787,744.0,2.0,32.0,95.0,75.0,0.03697108103536385,3.808021346642476,0.10679611650485436,0.08737864077669903,0.05825242718446602,0.019417475728155338,0.04854368932038835,0.038834951456310676,0.0,0.1941747572815534,0.07766990291262135,0.019417475728155338,0.019417475728155338,0.08737864077669903,0.06796116504854369,0.009708737864077669,0.009708737864077669,0.11650485436893204,0.0,0.4887041773231032,0.04752770673486789,0.0,0.0,0.7894736842105263,14.5,,47.5,47.5,14.5,,2.0210526315789474,1.0,2.5954573569925508,0.03296703296703297,7.747368421052632,5.0,11.585806580787711,0.0,0.0,0.0
JxPath-8.json,Defects4J,0.7139795422554016,0.7114972273508707,0.7086337804794312,0.41339799761772156,1.1712133884429932,0.45112781954887216,42.92773584905661,30.903396226415094,0.0,3.9950980392156863,0.17156862745098045,133.0,0.07330415754923414,0.0,0.15098468271334792,0.1050328227571116,0.0,0.0,0.0,0.0,0.9563791836634052,0.8442561030387878,21.555471698113212,34.91924528301891,24.973584905660378,88.84905660377359,6.609022556390977,552.0,2.0,10.0,106.0,78.0,0.019565842854121464,2.602257099598155,0.022556390977443608,0.015037593984962405,0.0,0.03007518796992481,0.007518796992481203,0.015037593984962405,0.0,0.07518796992481203,0.06766917293233082,0.0,0.0,0.22556390977443608,0.15789473684210525,0.0,0.03759398496240601,0.06015037593984962,0.015037593984962405,0.48982843137254906,0.031004901960784342,0.0,0.0,0.7358490566037735,19.0,,53.0,53.0,13.0,,1.3962264150943395,1.0,0.7971558556331173,0.0,8.037735849056604,5.0,8.79957602784628,0.009846827133479213,0.11487964989059081,0.11816192560175055
Closure-161.json,Defects4J,0.8244315981864929,0.8194592595100403,0.8154457211494446,1.0,0.9932227730751038,0.8333333333333334,5.905000000000001,9.646666666666668,0.0,1.3333333333333333,0.0,6.0,0.0,0.0,0.0,0.0,0.0,0.0,0.0,0.0,0.05298664906710747,,6.416666666666668,59.745000000000005,9.066666666666666,22.666666666666664,5.166666666666667,31.0,1.0,1.0,6.0,6.0,0.17573592793231638,1.0544155675938982,0.0,0.0,0.0,0.0,0.0,0.16666666666666666,0.0,0.16666666666666666,0.0,0.0,0.0,0.3333333333333333,0.0,0.0,0.0,0.16666666666666666,0.0,0.6666666666666666,0.0,0.0,0.0,1.0,1.0,,6.0,6.0,0.0,,1.6666666666666667,1.5,0.7453559924999299,0.0,5.166666666666667,5.0,3.0230595245361758,0.0,0.0,0.0
JacksonDatabind-51.json,Defects4J,0.81382155418396,0.812065601348877,0.8102281093597412,0.21825817227363586,1.1499500274658203,0.8613138686131386,19.819268292682928,19.137235772357723,0.0,2.792771839319154,0.36217291717648203,137.0,0.0,0.10693970420932879,0.10693970420932879,0.10693970420932879,0.10693970420932879,0.10693970420932879,0.10693970420932879,0.0,3.914692054471772,0.35574898798950016,15.205626016260165,29.86112195121956,16.99447154471545,58.74634146341464,5.635036496350365,772.0,5.0,55.0,123.0,80.0,0.3659389102650045,50.13363070630562,0.06569343065693431,0.06569343065693431,0.029197080291970802,0.051094890510948905,0.0072992700729927005,0.10218978102189781,0.0,0.18248175182481752,0.058394160583941604,0.051094890510948905,0.0364963503649635,0.0948905109489051,0.072992700729927,0.0072992700729927005,0.014598540145985401,0.12408759124087591,0.0,0.4172732638205784,0.04583185162915533,0.0,0.0,0.6504065040650406,8.4,0.2794262049719691,24.6,20.0,13.350655414622908,15.112257680678326,1.7967479674796747,1.0,1.9420856678729848,0.016666666666666666,6.146341463414634,4.0,7.5360196593538,0.027303754266211604,0.03754266211604096,0.0
Jsoup-88.json,Defects4J,0.7708387970924377,0.769039511680603,0.7669622898101807,0.20562505722045898,1.127802848815918,0.5,30.85,30.226301369863013,0.0,3.483658751451568,1.3312218651552297,244.0,0.036153289949385395,0.41142443962400577,0.46493130874909616,0.46348517715112075,0.46348517715112075,0.41142443962400577,0.41142443962400577,0.0,3.8990812552717404,0.8291109800338745,18.347315068493156,15.529876712328786,20.447123287671232,65.5013698630137,5.200819672131147,1198.0,5.0,38.0,146.0,75.0,0.20228312176053476,49.35708170957048,0.02459016393442623,0.03278688524590164,0.0,0.04918032786885246,0.004098360655737705,0.0,0.02459016393442623,0.13934426229508196,0.040983606557377046,0.0,0.03278688524590164,0.07377049180327869,0.38524590163934425,0.02459016393442623,0.01639344262295082,0.0860655737704918,0.0,0.3813794898490369,0.023875168718063985,0.0,0.0,0.5136986301369864,10.6,0.7756603757540385,29.2,23.0,24.741867350707384,17.58133193835471,1.9109589041095891,1.0,1.6957692434639364,0.015384615384615385,8.0,5.5,8.192044252877048,0.019522776572668113,0.03470715835140998,0.039045553145336226
JxPath-12.json,Defects4J,0.7580956816673279,0.7574045658111572,0.7562099695205688,0.23519189655780792,1.2001469135284424,0.550185873605948,25.19009049773755,27.266606334841622,0.0,2.29283707380499,1.7054190953457493,269.0,0.07017543859649122,0.0,0.15679824561403508,0.14912280701754385,0.09649122807017543,0.09649122807017543,0.09649122807017543,0.0,3.4403308716899272,0.39876309947835076,11.930357466063352,48.89037782805431,13.726877828054299,61.01402714932127,6.397769516728625,1348.0,10.0,44.0,221.0,145.0,0.1159750139671505,31.197278757163485,0.01486988847583643,0.03717472118959108,0.011152416356877323,0.01486988847583643,0.0037174721189591076,0.040892193308550186,0.0,0.14869888475836432,0.040892193308550186,0.007434944237918215,0.022304832713754646,0.15613382899628253,0.1449814126394052,0.011152416356877323,0.02973977695167286,0.07434944237918216,0.048327137546468404,0.44955564182673047,0.1761134612581116,0.0,0.0,0.6561085972850679,8.6,0.4072275566868484,22.1,7.5,25.539968676566538,12.516099999999998,1.6018099547511313,1.0,1.3368418176174648,0.0,7.552036199095022,5.0,8.597761358561897,0.01918859649122807,0.0,0.0
Mockito-4.json,Defects4J,0.8084190487861633,0.8074515660603842,0.805778980255127,0.19075390696525574,1.1798142194747925,0.759493670886076,21.808997867803832,29.112835820895523,0.0,2.207369614512472,0.8060358435830097,79.0,0.0,0.2138157894736842,0.2138157894736842,0.2138157894736842,0.2138157894736842,0.2138157894736842,0.2138157894736842,0.0,1.758496420775215,0.3574109151959419,11.918976545842217,26.65731343283585,12.186780383795309,49.869936034115135,7.075949367088608,559.0,7.0,18.0,67.0,51.0,0.07346461393967862,5.803704501234612,0.05063291139240506,0.08860759493670886,0.0,0.05063291139240506,0.012658227848101266,0.0,0.0,0.20253164556962025,0.11392405063291139,0.02531645569620253,0.012658227848101266,0.1518987341772152,0.12658227848101267,0.012658227848101266,0.02531645569620253,0.0759493670886076,0.0,0.44625850340136053,0.11356099288398666,0.0,0.0,0.7611940298507462,3.857142857142857,0.3376152887940407,9.571428571428571,7.0,6.207303137828695,11.20814326018867,2.014925373134328,1.0,2.055153967529374,0.031746031746031744,8.164179104477611,5.0,8.650074652296919,0.08223684210526316,0.0,0.0
Math-63.json,Defects4J,0.7257726788520813,0.7221249938011169,0.719244122505188,0.30342984199523926,1.224950909614563,0.5058823529411764,34.57484962406016,32.47187969924812,0.0,2.9513221153846154,1.254119477448537,170.0,0.1546134663341646,0.0,0.0831255195344971,0.0,0.0,0.0,0.0,0.08478802992518704,2.1435792417070316,0.42093780636787415,13.347424812030077,58.590009398496264,16.30751879699248,69.34022556390977,6.770588235294118,688.0,4.0,25.0,133.0,99.0,0.05017596281513033,8.529913678572155,0.01764705882352941,0.01764705882352941,0.0,0.023529411764705882,0.0,0.03529411764705882,0.0,0.11176470588235295,0.052941176470588235,0.0058823529411764705,0.023529411764705882,0.18823529411764706,0.1588235294117647,0.01764705882352941,0.03529411764705882,0.058823529411764705,0.01764705882352941,0.5026041666666666,0.08560485647717547,0.0,0.0,0.7443609022556391,12.0,0.5070112943649292,33.25,25.5,25.410381736605217,12.161744961471694,1.3533834586466165,1.0,0.7377621998217191,0.0,8.360902255639099,5.0,9.728910753475574,0.007481296758104738,0.007481296758104738,0.0
Collections-3.json,Defects4J,0.7413678169250488,0.7396379709243774,0.7385919690132141,0.44922542572021484,1.1901334524154663,0.5220883534136547,37.62144499178982,35.92650246305419,0.0,3.61830741314437,0.8955028696027346,249.0,0.06615384615384616,0.11897435897435897,0.1764102564102564,0.1764102564102564,0.1764102564102564,0.1764102564102564,0.11897435897435897,0.0,2.699303128279462,0.7120572865009308,18.007955665024635,26.215348932676534,21.218062397372744,76.69047619047619,7.477911646586345,1433.0,6.0,25.0,203.0,118.0,0.05971632960967455,14.869366072808964,0.012048192771084338,0.024096385542168676,0.01606425702811245,0.01606425702811245,0.0,0.040160642570281124,0.0,0.10441767068273092,0.05622489959839357,0.004016064257028112,0.0,0.2248995983935743,0.1566265060240964,0.0,0.024096385542168676,0.0642570281124498,0.020080321285140562,0.4630286165612252,0.07439769272553956,0.0,0.0,0.5812807881773399,14.5,0.6646641939878464,33.833333333333336,35.0,19.31680327820545,17.693802365651003,1.729064039408867,1.0,1.1662294980853352,0.0,8.945812807881774,6.0,8.823503080146411,0.08,0.004615384615384616,0.0
Lang-21.json,Defects4J,0.7403372526168823,0.7377063035964966,0.7343199849128723,0.187603160738945,1.1993688344955444,0.45021645021645024,25.4101724137931,30.113333333333333,0.0,2.845950007121492,2.531966132032588,231.0,0.057291666666666664,0.0,0.06380208333333333,0.033854166666666664,0.0,0.0,0.0,0.0013020833333333333,3.75419166273851,0.4903753416405784,10.320137931034484,52.0636551724138,12.247356321839082,53.606896551724134,6.346320346320346,1035.0,10.0,25.0,174.0,118.0,0.18484714331620078,42.69969010604238,0.004329004329004329,0.012987012987012988,0.0,0.012987012987012988,0.004329004329004329,0.030303030303030304,0.0,0.08658008658008658,0.05627705627705628,0.008658008658008658,0.025974025974025976,0.19480519480519481,0.21212121212121213,0.008658008658008658,0.03463203463203463,0.05627705627705628,0.030303030303030304,0.4450075962588425,0.13880354496340533,0.0,0.0,0.6781609195402298,6.3,0.44100270234048367,17.4,7.0,21.067510531621906,11.792908689023552,1.6206896551724137,1.0,1.4835603285723415,0.0,8.097701149425287,5.0,9.832896662949912,0.006510416666666667,0.009765625,0.0
Cli-35.json,Defects4J,0.7563950419425964,0.755346675713857,0.7539105415344238,0.21198125183582306,1.1410372257232666,0.5144230769230769,30.111706827309234,30.205542168674693,0.0,3.0585707502374166,1.4653684215020748,208.0,0.051759834368530024,0.0,0.006901311249137336,0.0,0.0,0.0,0.0,0.0013802622498274672,2.4208370881746375,0.5030376762151718,14.534939759036146,40.1316465863454,15.40401606425703,63.20883534136546,6.591346153846154,1027.0,6.0,29.0,166.0,122.0,0.05411190880724913,11.255277031907818,0.02403846153846154,0.019230769230769232,0.009615384615384616,0.019230769230769232,0.004807692307692308,0.03365384615384615,0.0,0.08653846153846154,0.0625,0.014423076923076924,0.019230769230769232,0.20673076923076922,0.16826923076923078,0.019230769230769232,0.028846153846153848,0.0625,0.009615384615384616,0.5067307692307693,0.06411710423889784,0.0,0.0,0.7349397590361446,9.833333333333334,0.2007104717195034,27.666666666666668,17.5,22.41031508529548,13.023866798666859,1.6385542168674698,1.0,1.904834137250282,0.0,8.006024096385541,5.0,11.61298452136208,0.006211180124223602,0.006211180124223602,0.0
Jsoup-30.json,Defects4J,0.7813418507575989,0.7797620097796122,0.7770306468009949,0.22352975606918335,1.1749517917633057,0.5379876796714579,28.4339145793192,32.91202312138728,0.0,3.3271757278818064,2.7124196348350247,487.0,0.053041654180401555,0.07252022774947557,0.19748276895415043,0.16122265507941264,0.16122265507941264,0.10308660473479173,0.07252022774947557,0.0,8.522385158209543,0.6615802522967843,12.198574181117536,41.84178548490689,14.972125883108541,61.996788696210665,6.381930184804928,2439.0,18.0,73.0,346.0,184.0,10.32038468592845,5026.027342047156,0.055441478439425054,0.039014373716632446,0.014373716632443531,0.026694045174537988,0.018480492813141684,0.018480492813141684,0.0,0.15605749486652978,0.043121149897330596,0.008213552361396304,0.02053388090349076,0.10061601642710473,0.2731006160164271,0.012320328542094456,0.018480492813141684,0.0513347022587269,0.012320328542094456,0.45694072729980345,0.058522268155488555,0.14285714285714285,0.0,0.5317919075144508,8.222222222222221,0.6578546287491918,19.22222222222222,7.0,28.638659876226274,13.81666964889586,1.7196531791907514,1.0,1.3534438608008845,0.007042253521126761,8.546242774566474,6.0,8.918021002443314,0.018879232843871743,0.03596044351213665,0.037758465687743485
Closure-48.json,Defects4J,0.8244315981864929,0.8194592595100403,0.8154457211494446,1.0,0.9932227730751038,0.8333333333333334,5.905000000000001,9.646666666666668,0.0,1.3333333333333333,0.0,6.0,0.0,0.0,0.0,0.0,0.0,0.0,0.0,0.0,0.05298664906710747,,6.416666666666668,59.745000000000005,9.066666666666666,22.666666666666664,5.166666666666667,31.0,1.0,1.0,6.0,6.0,0.17573592793231638,1.0544155675938982,0.0,0.0,0.0,0.0,0.0,0.16666666666666666,0.0,0.16666666666666666,0.0,0.0,0.0,0.3333333333333333,0.0,0.0,0.0,0.16666666666666666,0.0,0.6666666666666666,0.0,0.0,0.0,1.0,1.0,,6.0,6.0,0.0,,1.6666666666666667,1.5,0.7453559924999299,0.0,5.166666666666667,5.0,3.0230595245361758,0.0,0.0,0.0
Closure-136.json,Defects4J,0.8244315981864929,0.8194592595100403,0.8154457211494446,1.0,0.9932227730751038,0.8333333333333334,5.905000000000001,9.646666666666668,0.0,1.3333333333333333,0.0,6.0,0.0,0.0,0.0,0.0,0.0,0.0,0.0,0.0,0.05298664906710747,,6.416666666666668,59.745000000000005,9.066666666666666,22.666666666666664,5.166666666666667,31.0,1.0,1.0,6.0,6.0,0.17573592793231638,1.0544155675938982,0.0,0.0,0.0,0.0,0.0,0.16666666666666666,0.0,0.16666666666666666,0.0,0.0,0.0,0.3333333333333333,0.0,0.0,0.0,0.16666666666666666,0.0,0.6666666666666666,0.0,0.0,0.0,1.0,1.0,,6.0,6.0,0.0,,1.6666666666666667,1.5,0.7453559924999299,0.0,5.166666666666667,5.0,3.0230595245361758,0.0,0.0,0.0
Math-34.json,Defects4J,0.7313833832740784,0.7282273570696512,0.723782479763031,0.27818986773490906,1.1962207555770874,0.5351351351351351,34.315,38.71454545454546,0.0,3.0183035380066636,1.8007655612330844,185.0,0.11602564102564103,0.0,0.0,0.0,0.0,0.0,0.0,0.03333333333333333,1.948108549822685,0.5122194240490595,11.686103896103898,50.46344155844156,15.293506493506493,64.20779220779221,8.075675675675676,923.0,7.0,23.0,154.0,116.0,0.03792111207110693,7.0154057331547826,0.010810810810810811,0.043243243243243246,0.0,0.005405405405405406,0.0,0.043243243243243246,0.0,0.10270270270270271,0.05945945945945946,0.010810810810810811,0.016216216216216217,0.21621621621621623,0.11891891891891893,0.0,0.03783783783783784,0.08108108108108109,0.016216216216216217,0.45829705247828617,0.06100070168159593,0.0,0.0,0.7532467532467533,9.285714285714286,0.23976696729660035,22.0,16.0,15.838470344611656,13.925175675911131,1.5844155844155845,1.0,1.177170825311653,0.0,9.5,6.0,10.822805407246168,0.0057692307692307696,0.0057692307692307696,0.0
Codec-8.json,Defects4J,0.7646732926368713,0.763215978940328,0.7610812783241272,0.29590147733688354,1.2112107276916504,0.5095890410958904,30.028888888888886,28.728888888888886,0.0,3.4089121951556174,1.9645989870885774,365.0,0.036783575705731396,0.0,0.03849443969204448,0.0,0.0,0.0,0.0,0.000855431993156544,5.61779640482208,0.5278572663664818,15.99518518518519,33.81833333333336,18.074074074074073,64.44444444444444,5.994520547945205,1735.0,9.0,58.0,270.0,188.0,0.7541975453827655,275.2821040647094,0.03561643835616438,0.038356164383561646,0.019178082191780823,0.019178082191780823,0.005479452054794521,0.024657534246575342,0.0,0.1232876712328767,0.049315068493150684,0.00821917808219178,0.0136986301369863,0.14246575342465753,0.23835616438356164,0.01643835616438356,0.019178082191780823,0.0684931506849315,0.0136986301369863,0.43713069543178323,0.05787221670176752,0.0,0.0,0.6962962962962963,10.333333333333334,0.45252980504717144,30.0,17.0,29.20806585707296,15.322241378113624,1.6851851851851851,1.0,1.6445653942841,0.0,7.7407407407407405,5.0,8.781683769168275,0.0051325919589392645,0.05517536355859709,0.05645851154833191
Jsoup-26.json,Defects4J,0.8070530891418457,0.8064585328102112,0.8055589199066162,0.268211305141449,1.1644384860992432,0.7596899224806202,20.427454545454545,25.719636363636365,0.0,2.466218677156177,0.7423658482760426,129.0,0.0,0.0,0.056338028169014086,0.0,0.0,0.0,0.0,0.0,3.334052187326347,0.37014910152980257,13.908863636363638,19.833295454545464,14.954545454545457,53.75,6.48062015503876,836.0,8.0,37.0,110.0,73.0,0.2174556804994884,28.051782784434003,0.046511627906976744,0.06201550387596899,0.015503875968992248,0.023255813953488372,0.031007751937984496,0.10077519379844961,0.0,0.15503875968992248,0.06201550387596899,0.007751937984496124,0.007751937984496124,0.14728682170542637,0.13178294573643412,0.023255813953488372,0.015503875968992248,0.09302325581395349,0.0,0.43527704933954936,0.051363723186772535,0.0,0.0,0.6636363636363637,5.5,0.37765080481767654,13.75,10.0,11.008519428151999,13.427899808715576,2.0454545454545454,1.0,2.142158485081487,0.03,7.427272727272728,4.5,10.018581909186269,0.00866738894907909,0.0,0.0
Cli-23.json,Defects4J,0.7690526247024536,0.7669179836908976,0.7652885317802429,0.2514728605747223,1.1526081562042236,0.5509433962264151,33.702009569377985,26.227368421052628,0.0,3.227935522034901,1.9137405391781646,265.0,0.039739027283511266,0.0,0.10083036773428232,0.10083036773428232,0.0,0.0,0.0,0.0,3.5635166699878047,0.3933300571516156,18.94836363636364,33.662545454545494,22.461626794258372,78.64210526315789,5.947169811320754,1249.0,5.0,39.0,209.0,139.0,0.13315876298621715,35.28707219134755,0.03773584905660377,0.045283018867924525,0.0037735849056603774,0.01509433962264151,0.0037735849056603774,0.04905660377358491,0.0,0.15471698113207547,0.03773584905660377,0.007547169811320755,0.007547169811320755,0.16981132075471697,0.16981132075471697,0.007547169811320755,0.03018867924528302,0.06415094339622641,0.011320754716981131,0.39452947845804986,0.20175486086853328,0.0,0.0,0.6650717703349283,15.4,0.2119276624483367,41.8,40.0,25.70914234275426,17.122413403193683,1.5454545454545454,1.0,1.0440493989536201,0.0,7.267942583732057,5.0,7.523168430332603,0.005931198102016607,0.005338078291814947,0.0
Closure-120.json,Defects4J,0.8244315981864929,0.8194592595100403,0.8154457211494446,1.0,0.9932227730751038,0.8333333333333334,5.905000000000001,9.646666666666668,0.0,1.3333333333333333,0.0,6.0,0.0,0.0,0.0,0.0,0.0,0.0,0.0,0.0,0.05298664906710747,,6.416666666666668,59.745000000000005,9.066666666666666,22.666666666666664,5.166666666666667,31.0,1.0,1.0,6.0,6.0,0.17573592793231638,1.0544155675938982,0.0,0.0,0.0,0.0,0.0,0.16666666666666666,0.0,0.16666666666666666,0.0,0.0,0.0,0.3333333333333333,0.0,0.0,0.0,0.16666666666666666,0.0,0.6666666666666666,0.0,0.0,0.0,1.0,1.0,,6.0,6.0,0.0,,1.6666666666666667,1.5,0.7453559924999299,0.0,5.166666666666667,5.0,3.0230595245361758,0.0,0.0,0.0
JacksonDatabind-10.json,Defects4J,0.7914832830429077,0.7902607520421346,0.788547933101654,0.2880798280239105,1.203908085823059,0.67,17.770632911392404,21.402531645569614,0.0,2.749653746660179,1.4265438816547404,200.0,0.01557377049180328,0.0,0.1819672131147541,0.1819672131147541,0.1819672131147541,0.13442622950819672,0.0,0.0,3.5527843514637336,0.2685107895069652,13.499848101265822,26.41698734177217,15.940253164556964,47.44556962025317,5.535,1081.0,10.0,55.0,158.0,101.0,0.17455192535765068,34.910385071530136,0.045,0.045,0.02,0.05,0.025,0.025,0.0,0.11,0.045,0.03,0.05,0.145,0.17,0.025,0.01,0.095,0.01,0.42573763583164864,0.07631106515937992,0.0,0.0,0.6392405063291139,5.0,0.13747077248990536,15.8,11.5,11.82201336490532,14.265292616868656,1.9430379746835442,1.0,1.5640084450793232,0.020689655172413793,6.6455696202531644,4.5,6.1911287588326065,0.004918032786885246,0.0,0.0
Cli-5.json,Defects4J,0.7599833607673645,0.757221500078837,0.7547948360443115,0.2807353436946869,1.1220142841339111,0.5402843601895735,35.03017543859649,32.47204678362573,0.0,3.466467926734557,1.0992958246069588,211.0,0.043281653746770024,0.0,0.09948320413436693,0.06201550387596899,0.0,0.0,0.0,0.0,3.297599859036965,0.3266032305546105,17.13864327485381,33.10094736842106,19.060116959064327,68.11812865497076,6.962085308056872,1098.0,5.0,35.0,171.0,124.0,0.12818788055213393,27.047642796500256,0.023696682464454975,0.03317535545023697,0.014218009478672985,0.014218009478672985,0.009478672985781991,0.037914691943127965,0.0,0.08530805687203792,0.07582938388625593,0.004739336492890996,0.018957345971563982,0.1943127962085308,0.14218009478672985,0.018957345971563982,0.03317535545023697,0.07109004739336493,0.009478672985781991,0.46668390097472007,0.059923786339556605,0.0,0.0,0.7251461988304093,11.6,0.04972177340338627,34.2,18.0,25.615620234536582,15.381575749822971,1.6432748538011697,1.0,1.4534487441739279,0.0,8.35672514619883,5.0,9.80906603147494,0.01808785529715762,0.005813953488372093,0.05426356589147287
Gson-12.json,Defects4J,0.7945658564567566,0.7926415006319681,0.7910099029541016,0.24945449829101562,1.1906551122665405,0.6310679611650486,19.660000000000004,23.811719745222927,0.0,2.539427777450442,1.3267713563443841,206.0,0.021875,0.05,0.2390625,0.2390625,0.209375,0.1515625,0.103125,0.0,4.02023763128454,0.41894348462422687,13.005611464968155,29.78230254777074,14.68764331210191,48.821019108280254,5.616504854368932,1141.0,10.0,46.0,157.0,95.0,0.27045797924723597,55.714343724930615,0.05339805825242718,0.05825242718446602,0.014563106796116505,0.019417475728155338,0.024271844660194174,0.07281553398058252,0.0,0.16019417475728157,0.05339805825242718,0.009708737864077669,0.0,0.09223300970873786,0.23300970873786409,0.024271844660194174,0.0048543689320388345,0.08737864077669903,0.0,0.46188841592428254,0.08744475662065389,0.0,0.0,0.6050955414012739,5.2,0.4479043371975422,15.7,14.5,13.878400484205665,13.506818969022046,1.9044585987261147,1.0,1.6072425232492795,0.014492753623188406,7.057324840764331,4.0,7.5098593693877955,0.0125,0.02109375,0.0
Math-22.json,Defects4J,0.7490881085395813,0.7469568053881327,0.7446936964988708,0.2079770267009735,1.1957156658172607,0.5844155844155844,31.546958762886597,25.35484536082475,0.0,4.413800918841661,1.1515722969875304,231.0,0.056504599211563734,0.0,0.06307490144546649,0.06307490144546649,0.0,0.0,0.0,0.0,3.7679289038000894,0.5024972036480904,17.120350515463915,41.42516494845364,20.880824742268043,70.75876288659794,6.147186147186147,1033.0,5.0,51.0,194.0,131.0,0.18740395464200138,43.29031352230232,0.021645021645021644,0.04329004329004329,0.008658008658008658,0.030303030303030304,0.017316017316017316,0.05194805194805195,0.0,0.11255411255411256,0.05627705627705628,0.017316017316017316,0.021645021645021644,0.1341991341991342,0.11688311688311688,0.017316017316017316,0.025974025974025976,0.09090909090909091,0.03463203463203463,0.4531659336222769,0.04898892590461555,0.0,0.0,0.6752577319587629,12.4,0.42029232283433277,38.8,40.0,14.985326155943355,16.15616582465906,1.4896907216494846,1.0,0.9698532715129788,0.0,7.128865979381444,5.0,8.271731251029314,0.005913272010512484,0.005913272010512484,0.0
JacksonDatabind-103.json,Defects4J,0.8128418326377869,0.8098247448603312,0.8082813024520874,0.23981887102127075,1.1454437971115112,0.82,29.751725490196073,29.365176470588228,0.0,3.4027441485068604,1.0011851976572301,100.0,0.0,0.0,0.09198423127463863,0.0,0.0,0.0,0.0,0.0,1.6849106273164338,0.32134125381708145,20.170588235294122,0.9143137254902172,21.686274509803923,75.3921568627451,6.83,683.0,3.0,27.0,85.0,70.0,0.0539196901607408,5.39196901607408,0.07,0.1,0.04,0.02,0.02,0.03,0.0,0.2,0.06,0.02,0.02,0.11,0.12,0.02,0.01,0.13,0.01,0.47388873942546256,0.0367239637696263,0.0,0.0,0.8235294117647058,13.333333333333334,0.33687296509742737,28.333333333333332,23.0,14.38363267359428,18.599290044081553,2.0941176470588236,1.0,1.6278714316320795,0.024096385542168676,7.858823529411764,6.0,6.827544457694824,0.0,0.0,0.0
Lang-60.json,Defects4J,0.721416175365448,0.7184664408365885,0.7159035801887512,0.1407022774219513,1.1657551527023315,0.5487804878048781,37.232720588235296,35.341470588235296,0.0,2.8236842105263156,1.930257327871223,164.0,0.11687306501547988,0.0,0.14241486068111456,0.0,0.0,0.0,0.0,0.05108359133126935,1.4156133379080011,0.40749381979306537,14.762647058823529,49.77941176470591,16.83529411764706,71.5,7.524390243902439,787.0,4.0,28.0,136.0,103.0,0.02511592705857227,4.119012037605852,0.012195121951219513,0.03048780487804878,0.0,0.018292682926829267,0.006097560975609756,0.012195121951219513,0.0,0.12195121951219512,0.06097560975609756,0.006097560975609756,0.03048780487804878,0.2073170731707317,0.10365853658536585,0.03048780487804878,0.042682926829268296,0.06707317073170732,0.018292682926829267,0.38152412280701753,0.22040621287875262,0.0,0.0,0.7573529411764706,12.75,0.4402473110239953,34.0,28.5,28.939592256975562,12.602617957971052,1.4485294117647058,1.0,0.9838389166122828,0.0,8.845588235294118,5.5,10.079739927543788,0.00696594427244582,0.00696594427244582,0.0
Compress-2.json,Defects4J,0.7409805655479431,0.7370883623758951,0.7347155809402466,0.2842780649662018,1.1908351182937622,0.6028880866425993,26.48839130434783,25.04626086956522,0.0,3.022621889394304,1.1767999657945145,277.0,0.08808864265927978,0.039889196675900275,0.1146814404432133,0.039889196675900275,0.039889196675900275,0.039889196675900275,0.039889196675900275,0.03656509695290859,3.4596767435671203,0.4908267344747271,12.245108695652174,58.478097826086966,15.673913043478263,63.53260869565217,6.090252707581228,1224.0,8.0,49.0,230.0,147.0,0.11482560698378513,31.806693134508482,0.021660649819494584,0.036101083032490974,0.018050541516245487,0.010830324909747292,0.01444043321299639,0.039711191335740074,0.0,0.11913357400722022,0.05776173285198556,0.007220216606498195,0.02527075812274368,0.1552346570397112,0.1299638989169675,0.018050541516245487,0.05776173285198556,0.08303249097472924,0.02527075812274368,0.4607273310576204,0.06507047972896314,0.0,0.0,0.6391304347826087,10.0,0.3485079451153676,28.75,26.0,21.329263934791562,13.023866798666859,1.4086956521739131,1.0,0.9315312515368402,0.0,7.121739130434783,5.0,8.212024932814346,0.004986149584487534,0.004986149584487534,0.0
Time-22.json,Defects4J,0.7963697910308838,0.7954729994138082,0.793936014175415,0.2578202188014984,1.293761968612671,0.7010050251256281,11.41444749862562,11.84922118380062,0.0,2.8631212109504287,1.0741716903271268,398.0,0.013402061855670102,0.0,0.1360824742268041,0.12371134020618557,0.12371134020618557,0.08350515463917525,0.042268041237113405,0.0,11.027253653388513,0.47939591482281685,9.713058457027671,59.05632765255638,13.160417811984608,41.9353124427341,4.208542713567839,1669.0,17.0,134.0,321.0,148.0,154.5938952681193,61528.37031671148,0.02763819095477387,0.0728643216080402,0.017587939698492462,0.04522613065326633,0.02512562814070352,0.0829145728643216,0.0,0.2135678391959799,0.02512562814070352,0.02512562814070352,0.04020100502512563,0.06030150753768844,0.17839195979899497,0.01256281407035176,0.010050251256281407,0.0829145728643216,0.0,0.44031919112413265,0.10360152648833605,0.0,0.0,0.46105919003115264,4.352941176470588,0.35519979943831764,18.88235294117647,19.0,14.63228643200965,12.42361498592204,1.5202492211838006,1.0,1.1275623364692544,0.003436426116838488,4.968847352024922,4.0,4.476901073252485,0.032474226804123714,0.007731958762886598,0.029381443298969072
Jsoup-71.json,Defects4J,0.8054640889167786,0.8043627540270487,0.8030096888542175,0.18923234939575195,1.2684892416000366,0.8387096774193549,27.79142276422764,27.503902439024383,0.0,3.440740740740741,0.783068425568344,93.0,0.0,0.0,0.16338028169014085,0.16338028169014085,0.16338028169014085,0.16338028169014085,0.16338028169014085,0.0,1.0728049546267957,0.2022351175546646,18.23829268292683,12.98678861788619,20.68943089430894,72.45528455284553,6.78494623655914,631.0,3.0,17.0,82.0,60.0,0.03143622028702498,2.9235684866933234,0.10752688172043011,0.043010752688172046,0.010752688172043012,0.03225806451612903,0.021505376344086023,0.043010752688172046,0.010752688172043012,0.34408602150537637,0.06451612903225806,0.021505376344086023,0.010752688172043012,0.08602150537634409,0.053763440860215055,0.0,0.053763440860215055,0.06451612903225806,0.0,0.4666666666666666,0.02721655269759086,0.0,0.0,0.7317073170731707,12.333333333333334,0.7533623576164246,27.333333333333332,26.0,9.843215373488935,17.879347455551382,1.9634146341463414,1.0,1.4934419399757475,0.025,7.548780487804878,6.0,7.375226228897942,0.05070422535211268,0.09577464788732394,0.14084507042253522
Collections-20.json,Defects4J,0.7534850835800171,0.7511465152104696,0.7489324808120728,0.299103319644928,1.2075481414794922,0.6245954692556634,23.598498023715415,24.770276679841903,0.0,2.723518062964703,0.9484575876500854,309.0,0.033234126984126984,0.0,0.031746031746031744,0.022817460317460316,0.0,0.0,0.0,0.000992063492063492,5.303867003779699,0.4690528079867363,11.289881422924903,55.08525691699609,14.417391304347825,57.387351778656125,6.0129449838187705,1444.0,11.0,68.0,253.0,162.0,0.6508511747538226,201.1130129989312,0.025889967637540454,0.045307443365695796,0.019417475728155338,0.045307443365695796,0.006472491909385114,0.04854368932038835,0.0,0.13268608414239483,0.038834951456310676,0.009708737864077669,0.032362459546925564,0.1553398058252427,0.14563106796116504,0.012944983818770227,0.025889967637540454,0.09061488673139159,0.012944983818770227,0.3896479387981364,0.1363803797579111,0.0,0.0,0.6403162055335968,7.909090909090909,0.2855808629343907,23.0,20.0,12.627531249398888,13.023866798666859,1.517786561264822,1.0,1.0352864461539866,0.0,7.118577075098814,5.0,7.661422970170352,0.003968253968253968,0.011904761904761904,0.01636904761904762
JacksonDatabind-47.json,Defects4J,0.788952648639679,0.7851428190867106,0.7828307151794434,0.1858423799276352,1.1761138439178467,0.5785714285714286,57.217287093942055,72.50009950248757,0.0,2.958612270082858,1.4930975034519036,280.0,0.0006071645415907711,0.0,0.26168791742562236,0.056466302367941715,0.0358227079538555,0.0358227079538555,0.0358227079538555,0.0,6.66036116689015,0.7407078519463539,34.63610184372256,-132.20170324846353,20.450804799531756,58.58969856599356,11.375,3101.0,17.0,42.0,201.0,101.0,2.7886889185558044,780.8328971956253,0.05,0.10357142857142858,0.0035714285714285713,0.010714285714285714,0.007142857142857143,0.010714285714285714,0.0035714285714285713,0.12142857142857143,0.05,0.007142857142857143,0.010714285714285714,0.18214285714285713,0.26071428571428573,0.0,0.007142857142857143,0.03571428571428571,0.010714285714285714,0.47440337440337443,0.07110545987703032,0.0,0.0,0.5024875621890548,5.529411764705882,0.7065073013305664,11.823529411764707,8.0,12.86232663116522,15.444088786983503,3.8656716417910446,1.0,4.641031116306929,0.017857142857142856,15.442786069651742,6.0,19.741311085692722,0.03278688524590164,0.04371584699453552,0.11748633879781421
Math-75.json,Defects4J,0.7411722540855408,0.7382492820421854,0.7363893389701843,0.2090296596288681,1.1876426935195923,0.4698275862068966,41.01625,32.801521739130436,0.0,5.172345770171857,2.819846058748851,232.0,0.10963855421686747,0.0,0.10722891566265061,0.0,0.0,0.0,0.0,0.031927710843373494,2.1289125407731793,0.6368199090162913,19.34456521739131,38.30260869565218,23.400000000000002,81.86956521739131,6.849137931034483,988.0,4.0,25.0,184.0,136.0,0.03623155586489126,8.405720960654772,0.03879310344827586,0.05172413793103448,0.008620689655172414,0.01293103448275862,0.0,0.017241379310344827,0.0,0.09051724137931035,0.0603448275862069,0.008620689655172414,0.004310344827586207,0.15948275862068967,0.15948275862068967,0.004310344827586207,0.03879310344827586,0.07327586206896551,0.021551724137931036,0.5019799041538172,0.020290944232809947,0.004405286343612335,0.0,0.7391304347826086,16.5,0.6404761373996735,46.0,53.5,26.391286440793294,16.827784334635936,1.440217391304348,1.0,0.8887656049640466,0.007936507936507936,8.375,5.0,9.96600880602356,0.005421686746987952,0.005421686746987952,0.0
Lang-37.json,Defects4J,0.7444075345993042,0.7426217794418335,0.7399923205375671,0.2529146671295166,1.1806052923202515,0.4847161572052402,23.64224160206718,26.990465116279065,0.0,2.800729569621881,0.8361691376630837,229.0,0.06079664570230608,0.08944793850454227,0.08944793850454227,0.08944793850454227,0.08944793850454227,0.08944793850454227,0.08944793850454227,0.0,3.0278741458964546,0.5634642206132412,9.288914728682172,62.504664082687356,11.597932816537469,47.599483204134366,5.930131004366812,971.0,9.0,30.0,172.0,121.0,0.09018899575317513,20.653280027477106,0.026200873362445413,0.017467248908296942,0.026200873362445413,0.021834061135371178,0.004366812227074236,0.026200873362445413,0.0,0.09170305676855896,0.043668122270742356,0.013100436681222707,0.008733624454148471,0.1965065502183406,0.1703056768558952,0.004366812227074236,0.026200873362445413,0.048034934497816595,0.056768558951965066,0.4779537609651458,0.06734914368475307,0.0,0.0,0.7034883720930233,5.444444444444445,0.5184828490018845,19.11111111111111,15.0,10.54560934907082,10.980518767755715,1.4767441860465116,1.0,1.22689572523737,0.0,7.540697674418604,5.0,9.610046558788756,0.0069881201956673656,0.006289308176100629,0.0
JacksonCore-7.json,Defects4J,0.8142247200012207,0.8125946323076884,0.8106039762496948,0.10200674831867218,1.1702585220336914,0.8034188034188035,24.158684210526317,25.04210526315789,0.0,3.2211721969204077,0.9698637079777138,117.0,0.0,0.17358490566037735,0.17358490566037735,0.17358490566037735,0.17358490566037735,0.17358490566037735,0.17358490566037735,0.0,2.0960638316287943,0.32392219454050064,16.154605263157894,21.543486842105295,18.342105263157897,64.80263157894737,6.034188034188034,706.0,4.0,33.0,95.0,79.0,0.06952213393914211,8.134089670879627,0.07692307692307693,0.06837606837606838,0.042735042735042736,0.042735042735042736,0.02564102564102564,0.042735042735042736,0.0,0.15384615384615385,0.042735042735042736,0.03418803418803419,0.03418803418803419,0.10256410256410256,0.1623931623931624,0.017094017094017096,0.008547008547008548,0.1282051282051282,0.0,0.41608111038820217,0.04807561772566308,0.0,0.0,0.8315789473684211,9.75,0.33947816491127014,23.75,20.5,10.497023387608508,16.218646115125612,1.9052631578947368,1.0,1.44421666409621,0.021052631578947368,7.157894736842105,5.0,7.040209012258662,0.012578616352201259,0.0,0.0
Closure-72.json,Defects4J,0.8244315981864929,0.8194592595100403,0.8154457211494446,1.0,0.9932227730751038,0.8333333333333334,5.905000000000001,9.646666666666668,0.0,1.3333333333333333,0.0,6.0,0.0,0.0,0.0,0.0,0.0,0.0,0.0,0.0,0.05298664906710747,,6.416666666666668,59.745000000000005,9.066666666666666,22.666666666666664,5.166666666666667,31.0,1.0,1.0,6.0,6.0,0.17573592793231638,1.0544155675938982,0.0,0.0,0.0,0.0,0.0,0.16666666666666666,0.0,0.16666666666666666,0.0,0.0,0.0,0.3333333333333333,0.0,0.0,0.0,0.16666666666666666,0.0,0.6666666666666666,0.0,0.0,0.0,1.0,1.0,,6.0,6.0,0.0,,1.6666666666666667,1.5,0.7453559924999299,0.0,5.166666666666667,5.0,3.0230595245361758,0.0,0.0,0.0
Closure-25.json,Defects4J,0.8244315981864929,0.8194592595100403,0.8154457211494446,1.0,0.9932227730751038,0.8333333333333334,5.905000000000001,9.646666666666668,0.0,1.3333333333333333,0.0,6.0,0.0,0.0,0.0,0.0,0.0,0.0,0.0,0.0,0.05298664906710747,,6.416666666666668,59.745000000000005,9.066666666666666,22.666666666666664,5.166666666666667,31.0,1.0,1.0,6.0,6.0,0.17573592793231638,1.0544155675938982,0.0,0.0,0.0,0.0,0.0,0.16666666666666666,0.0,0.16666666666666666,0.0,0.0,0.0,0.3333333333333333,0.0,0.0,0.0,0.16666666666666666,0.0,0.6666666666666666,0.0,0.0,0.0,1.0,1.0,,6.0,6.0,0.0,,1.6666666666666667,1.5,0.7453559924999299,0.0,5.166666666666667,5.0,3.0230595245361758,0.0,0.0,0.0
Closure-8.json,Defects4J,0.8244315981864929,0.8194592595100403,0.8154457211494446,1.0,0.9932227730751038,0.8333333333333334,5.905000000000001,9.646666666666668,0.0,1.3333333333333333,0.0,6.0,0.0,0.0,0.0,0.0,0.0,0.0,0.0,0.0,0.05298664906710747,,6.416666666666668,59.745000000000005,9.066666666666666,22.666666666666664,5.166666666666667,31.0,1.0,1.0,6.0,6.0,0.17573592793231638,1.0544155675938982,0.0,0.0,0.0,0.0,0.0,0.16666666666666666,0.0,0.16666666666666666,0.0,0.0,0.0,0.3333333333333333,0.0,0.0,0.0,0.16666666666666666,0.0,0.6666666666666666,0.0,0.0,0.0,1.0,1.0,,6.0,6.0,0.0,,1.6666666666666667,1.5,0.7453559924999299,0.0,5.166666666666667,5.0,3.0230595245361758,0.0,0.0,0.0
Mockito-11.json,Defects4J,0.7867718935012817,0.7823893626530966,0.7796887159347534,0.2951025366783142,1.2539108991622925,0.7010309278350515,14.482780475338615,17.86952738184546,0.0,2.207134714692475,0.8643798677804114,1552.0,0.2667894280762565,0.39753032928942805,0.43890814558058927,0.4358752166377816,0.4358752166377816,0.429159445407279,0.410528596187175,0.21522963604852685,34.43489345909688,0.4170588307703535,7.012879648483551,70.87404985861852,9.520255888147862,44.20574099568848,5.371778350515464,7516.0,91.0,503.0,1333.0,417.0,580754384537.8027,901330804802669.9,0.03801546391752577,0.0547680412371134,0.027706185567010308,0.043170103092783504,0.011597938144329897,0.07087628865979381,0.029639175257731958,0.14948453608247422,0.03286082474226804,0.018685567010309278,0.05219072164948454,0.0663659793814433,0.12628865979381443,0.024484536082474227,0.004510309278350515,0.1095360824742268,0.0,0.4635998994264796,0.07448768965873848,0.0,0.0006544502617801048,0.31282820705176295,4.329670329670329,0.4075250608448902,14.648351648351648,9.0,12.887828508191875,9.743708657532785,1.431357839459865,1.0,1.0554645579512398,0.00530035335689046,6.069767441860465,5.0,6.149092335871124,0.003682842287694974,0.011373483535528596,0.01949740034662045
JacksonDatabind-84.json,Defects4J,0.8048600554466248,0.8015290300051371,0.799235999584198,0.443534791469574,1.1939201354980469,0.7453416149068323,25.98339416058394,21.148029197080287,0.0,3.353663357234786,0.7018026295921825,161.0,0.0,0.0,0.09931840311587146,0.09931840311587146,0.09931840311587146,0.09931840311587146,0.0,0.0,2.628305490686153,0.45072097579638165,18.69742700729927,22.01431569343069,22.16715328467153,67.82664233576642,5.645962732919255,909.0,4.0,38.0,137.0,88.0,0.08602658743399577,13.850280576873319,0.049689440993788817,0.055900621118012424,0.018633540372670808,0.043478260869565216,0.018633540372670808,0.049689440993788817,0.0,0.2608695652173913,0.06832298136645963,0.0,0.012422360248447204,0.09937888198757763,0.13043478260869565,0.031055900621118012,0.006211180124223602,0.08074534161490683,0.024844720496894408,0.47192958264386836,0.04876099149059455,0.0,0.0,0.6423357664233577,11.5,0.444140762090683,34.25,34.0,14.566657131957214,18.511140095513987,1.7737226277372262,1.0,1.656628802344707,0.015267175572519083,6.430656934306569,4.0,7.373057700873371,0.03894839337877313,0.0,0.0
Math-3.json,Defects4J,0.7322061657905579,0.7285837133725485,0.7262675166130066,0.23867850005626678,1.2255034446716309,0.5058139534883721,35.194084507042255,31.896901408450706,0.0,2.923948863636364,0.45978729465877105,172.0,0.06809184481393507,0.0,0.0665083135391924,0.0,0.0,0.0,0.0,0.0,1.8588269169252454,0.6257056295871735,17.20147887323944,34.96588028169015,19.55211267605634,68.59859154929578,6.988372093023256,815.0,4.0,23.0,142.0,106.0,0.03730352100434264,6.416205612746934,0.011627906976744186,0.03488372093023256,0.005813953488372093,0.01744186046511628,0.005813953488372093,0.03488372093023256,0.0,0.12790697674418605,0.06395348837209303,0.0,0.011627906976744186,0.18023255813953487,0.12209302325581395,0.011627906976744186,0.03488372093023256,0.06976744186046512,0.03488372093023256,0.4913920454545454,0.030173199324916595,0.0,0.0,0.7464788732394366,11.75,0.6918806433677673,35.5,22.0,27.04163456597992,15.579741850924794,1.6056338028169015,1.0,1.4820890589217908,0.0,8.253521126760564,5.0,9.268633018099354,0.007125890736342043,0.007125890736342043,0.0
Lang-5.json,Defects4J,0.755185067653656,0.7543279329935709,0.7526731491088867,0.21771366894245148,1.1599786281585693,0.5679012345679012,25.717461928934007,29.25989847715736,0.0,3.06849659980045,1.0048853616867306,243.0,0.0935672514619883,0.0,0.04912280701754386,0.0,0.0,0.0,0.0,0.0304093567251462,4.079143988067166,0.5059304734071096,8.744776649746193,67.45472842639596,11.940913705583757,52.69492385786802,6.609053497942387,1095.0,10.0,49.0,197.0,138.0,0.24318873368455765,59.09486228534751,0.00823045267489712,0.04938271604938271,0.00411522633744856,0.03292181069958848,0.0,0.05761316872427984,0.0,0.12757201646090535,0.037037037037037035,0.0205761316872428,0.0205761316872428,0.16049382716049382,0.1522633744855967,0.012345679012345678,0.02880658436213992,0.07818930041152264,0.01646090534979424,0.47770197592416225,0.060095751008678595,0.0,0.0,0.700507614213198,6.5,0.37687863782048225,19.7,22.0,7.483982896827063,11.20814326018867,1.4111675126903553,1.0,0.9550704427526282,0.0,7.918781725888325,5.0,9.589731317360172,0.005263157894736842,0.005263157894736842,0.0
Math-59.json,Defects4J,0.7239891886711121,0.7208341757456461,0.7190021276473999,0.3895101249217987,1.2335584163665771,0.47058823529411764,27.194735812133075,30.465205479452056,0.0,2.5395788277783042,0.6593094258520986,187.0,0.1265527950310559,0.08540372670807453,0.15062111801242237,0.08540372670807453,0.08540372670807453,0.08540372670807453,0.08540372670807453,0.059782608695652176,2.5794315132247547,0.46719724436601,8.223737769080234,73.25130136986304,11.082583170254404,53.048923679060664,6.550802139037433,736.0,7.0,26.0,146.0,99.0,0.07053282295853815,13.189637893246633,0.016042780748663103,0.0106951871657754,0.0053475935828877,0.0374331550802139,0.0,0.03208556149732621,0.0,0.0855614973262032,0.06417112299465241,0.0106951871657754,0.016042780748663103,0.20320855614973263,0.17647058823529413,0.0106951871657754,0.03208556149732621,0.0481283422459893,0.026737967914438502,0.42830051894228627,0.07079171638901502,0.0,0.0,0.678082191780822,6.714285714285714,0.3629917144775391,20.857142857142858,13.0,16.88979887750144,9.957137785484202,1.3287671232876712,1.0,0.7319479456105504,0.0,8.10958904109589,5.0,9.587465624000263,0.006987577639751553,0.006987577639751553,0.0
Compress-40.json,Defects4J,0.7382267117500305,0.7360012729962667,0.7326970100402832,0.44127339124679565,1.2339060306549072,0.37341772151898733,95.57563253012049,26.47457831325301,0.0,8.659287106655526,0.13018657755499863,474.0,0.055391432791728215,0.03249630723781388,0.17355982274741508,0.1255539143279173,0.09010339734121123,0.06425406203840472,0.06425406203840472,0.0,5.337149053206417,0.9385247826576233,66.81445783132531,-88.30018072289153,70.8578313253012,205.75903614457832,5.356540084388186,1769.0,2.0,32.0,332.0,164.0,0.43864788655389797,207.91909822654765,0.046413502109704644,0.02109704641350211,0.014767932489451477,0.008438818565400843,0.006329113924050633,0.008438818565400843,0.0,0.11392405063291139,0.06118143459915612,0.002109704641350211,0.002109704641350211,0.11392405063291139,0.27637130801687765,0.010548523206751054,0.0189873417721519,0.04008438818565401,0.056962025316455694,0.40983013088276243,0.007713728766360367,0.0,0.0,0.4939759036144578,66.0,,166.0,166.0,37.0,,1.4969879518072289,1.0,1.201150286976211,0.0,7.219879518072289,5.0,8.269363693120441,0.009601181683899557,0.024372230428360415,0.01883308714918759
Closure-33.json,Defects4J,0.8244315981864929,0.8194592595100403,0.8154457211494446,1.0,0.9932227730751038,0.8333333333333334,5.905000000000001,9.646666666666668,0.0,1.3333333333333333,0.0,6.0,0.0,0.0,0.0,0.0,0.0,0.0,0.0,0.0,0.05298664906710747,,6.416666666666668,59.745000000000005,9.066666666666666,22.666666666666664,5.166666666666667,31.0,1.0,1.0,6.0,6.0,0.17573592793231638,1.0544155675938982,0.0,0.0,0.0,0.0,0.0,0.16666666666666666,0.0,0.16666666666666666,0.0,0.0,0.0,0.3333333333333333,0.0,0.0,0.0,0.16666666666666666,0.0,0.6666666666666666,0.0,0.0,0.0,1.0,1.0,,6.0,6.0,0.0,,1.6666666666666667,1.5,0.7453559924999299,0.0,5.166666666666667,5.0,3.0230595245361758,0.0,0.0,0.0
Time-18.json,Defects4J,0.8064162731170654,0.8042544921239217,0.8029574751853943,0.1397351175546646,1.2700613737106323,0.43333333333333335,8.76295358649789,11.426329113924048,0.0,3.613183421516755,2.490110149061814,120.0,0.0,0.15384615384615385,0.15384615384615385,0.15384615384615385,0.15384615384615385,0.15384615384615385,0.15384615384615385,0.0,3.8060996373498077,0.5061462819576263,9.261455696202535,52.11387130801688,12.355274261603377,37.21729957805907,3.675,432.0,6.0,17.0,79.0,53.0,0.37478898973169883,44.97467876780386,0.058333333333333334,0.041666666666666664,0.0,0.03333333333333333,0.0,0.05,0.0,0.13333333333333333,0.15,0.008333333333333333,0.008333333333333333,0.06666666666666667,0.30833333333333335,0.008333333333333333,0.016666666666666666,0.041666666666666664,0.008333333333333333,0.39863315696649027,0.07857074814084714,0.0,0.0,0.6708860759493671,3.1666666666666665,0.3822055906057358,13.166666666666666,13.0,8.254628331359863,11.855464076750408,1.6708860759493671,1.0,1.481715726227681,0.013888888888888888,5.012658227848101,3.0,5.576836521904919,0.047337278106508875,0.0631163708086785,0.07100591715976332
JacksonDatabind-92.json,Defects4J,0.8039525747299194,0.8026747306187948,0.8016054034233093,0.26835381984710693,1.1749933958053589,0.8020304568527918,25.19701754385965,20.19625730994151,0.0,2.89738250653928,0.722528573460397,197.0,0.0,0.2354813046937152,0.2354813046937152,0.2354813046937152,0.2354813046937152,0.2354813046937152,0.2354813046937152,0.0,3.411564965023185,0.4910982996225357,18.587766081871347,22.711473684210546,21.165380116959067,68.11812865497076,5.583756345177665,1100.0,5.0,57.0,171.0,119.0,0.15387129639068467,30.312645388964878,0.116751269035533,0.09137055837563451,0.050761421319796954,0.04568527918781726,0.030456852791878174,0.01015228426395939,0.0,0.20812182741116753,0.07614213197969544,0.02030456852791878,0.025380710659898477,0.06091370558375635,0.1116751269035533,0.015228426395939087,0.015228426395939087,0.09644670050761421,0.0,0.5208238675093658,0.03543579448383711,0.0,0.0,0.695906432748538,11.6,0.3994038502375285,34.2,26.0,20.52705531731232,17.58133193835471,1.7660818713450293,1.0,1.3607773725428303,0.017964071856287425,6.269005847953216,5.0,5.950883629405471,0.031821797931583136,0.05409705648369133,0.07000795544948289
Jsoup-4.json,Defects4J,0.8030530214309692,0.8007684350013733,0.7976070642471313,0.20750699937343597,1.1278878450393677,0.7651515151515151,30.456696165191737,24.67823008849557,0.0,3.31408293460925,1.3088246091270053,132.0,0.0,0.1419068736141907,0.23059866962305986,0.23059866962305986,0.1419068736141907,0.1419068736141907,0.1419068736141907,0.0,2.5397922593387294,0.3503093719482422,20.715929203539826,13.628112094395306,23.20825958702065,75.71976401179941,6.151515151515151,812.0,3.0,35.0,113.0,74.0,0.09603816031201404,12.677037161185853,0.045454545454545456,0.05303030303030303,0.022727272727272728,0.05303030303030303,0.045454545454545456,0.015151515151515152,0.0,0.1590909090909091,0.03787878787878788,0.007575757575757576,0.03787878787878788,0.13636363636363635,0.12878787878787878,0.03787878787878788,0.007575757575757576,0.12121212121212122,0.022727272727272728,0.4198644338118022,0.07068612299774928,0.0,0.0,0.6548672566371682,14.333333333333334,0.45553725957870483,37.666666666666664,23.0,25.104227178350307,18.946978176291534,1.831858407079646,1.0,1.3626019803826044,0.019230769230769232,7.017699115044247,5.0,6.275365942698319,0.057649667405764965,0.06208425720620843,0.08425720620842572
Closure-64.json,Defects4J,0.8244315981864929,0.8194592595100403,0.8154457211494446,1.0,0.9932227730751038,0.8333333333333334,5.905000000000001,9.646666666666668,0.0,1.3333333333333333,0.0,6.0,0.0,0.0,0.0,0.0,0.0,0.0,0.0,0.0,0.05298664906710747,,6.416666666666668,59.745000000000005,9.066666666666666,22.666666666666664,5.166666666666667,31.0,1.0,1.0,6.0,6.0,0.17573592793231638,1.0544155675938982,0.0,0.0,0.0,0.0,0.0,0.16666666666666666,0.0,0.16666666666666666,0.0,0.0,0.0,0.3333333333333333,0.0,0.0,0.0,0.16666666666666666,0.0,0.6666666666666666,0.0,0.0,0.0,1.0,1.0,,6.0,6.0,0.0,,1.6666666666666667,1.5,0.7453559924999299,0.0,5.166666666666667,5.0,3.0230595245361758,0.0,0.0,0.0
Compress-17.json,Defects4J,0.7634499669075012,0.7612743576367696,0.7585404515266418,0.29975053668022156,1.2184314727783203,0.5323383084577115,28.9894375,35.306749999999994,0.0,2.567326094957674,1.3127866432260318,201.0,0.04755784061696658,0.0,0.12724935732647816,0.061696658097686374,0.0,0.0,0.0,0.0,2.381173507819773,0.524949742688073,9.751250000000002,53.64875000000001,11.4,54.125,7.383084577114428,1129.0,10.0,25.0,160.0,117.0,0.05381885544613049,10.817589944672228,0.01990049751243781,0.05970149253731343,0.0,0.014925373134328358,0.004975124378109453,0.014925373134328358,0.0,0.11442786069651742,0.05970149253731343,0.01990049751243781,0.004975124378109453,0.20398009950248755,0.15422885572139303,0.0,0.03482587064676617,0.06965174129353234,0.01990049751243781,0.4937296037296037,0.07604960390542231,0.0,0.0,0.73125,6.1,0.4062605295330286,16.0,14.0,13.251415018781957,11.20814326018867,1.61875,1.0,1.4994660507994169,0.0,9.00625,5.0,10.66038043118068,0.017994858611825194,0.005784061696658098,0.09640102827763496
Cli-19.json,Defects4J,0.7331785559654236,0.7305121620496114,0.7286868095397949,0.22740407288074493,1.1851896047592163,0.5081967213114754,31.698749999999997,27.232777777777773,0.0,3.5761293373938723,0.26846341544505337,183.0,0.08573853989813243,0.0,0.13412563667232597,0.06281833616298811,0.06281833616298811,0.0,0.0,0.029711375212224108,2.1387123962709,0.8506679534912109,15.822222222222226,45.74500000000002,18.288888888888888,72.80555555555556,6.092896174863388,772.0,4.0,20.0,144.0,101.0,0.046385250076420616,8.488500763984973,0.02185792349726776,0.0273224043715847,0.01092896174863388,0.0273224043715847,0.0,0.0273224043715847,0.0,0.09836065573770492,0.0546448087431694,0.00546448087431694,0.00546448087431694,0.18579234972677597,0.18032786885245902,0.01092896174863388,0.03278688524590164,0.07650273224043716,0.00546448087431694,0.4877780084902178,0.030055076900717292,0.011764705882352941,0.0,0.7013888888888888,13.25,0.8742873668670654,36.0,37.5,6.442049363362563,13.81666964889586,1.4722222222222223,1.0,0.8493824917455919,0.0,7.458333333333333,5.0,7.9064627222151485,0.012733446519524618,0.007640067911714771,0.0
Csv-12.json,Defects4J,0.7476714849472046,0.7450133760770162,0.7428042888641357,0.28429585695266724,1.2042783498764038,0.5084745762711864,28.47772147147147,25.07581081081081,0.0,3.559906144058579,0.9385444810053856,413.0,0.042821158690176324,0.21788413098236775,0.40428211586901763,0.3337531486146096,0.25146935348446686,0.21788413098236775,0.21788413098236775,0.01595298068849706,7.30653353344664,0.7277223020792007,15.614369369369367,41.69399399399401,16.939339339339337,64.3078078078078,5.375302663438257,1795.0,9.0,52.0,296.0,167.0,3.6077558847918287,1490.0031804190253,0.021791767554479417,0.021791767554479417,0.0,0.012106537530266344,0.004842615012106538,0.01937046004842615,0.0,0.14285714285714285,0.06537530266343826,0.012106537530266344,0.01937046004842615,0.1937046004842615,0.25181598062953997,0.007263922518159807,0.01937046004842615,0.04116222760290557,0.01694915254237288,0.4635484110011986,0.05933247829821897,0.0,0.0,0.5641891891891891,10.333333333333334,0.6697547946657453,32.888888888888886,32.0,17.006171719208588,13.205437297517054,1.5574324324324325,1.0,1.4154357182371973,0.0,7.10472972972973,5.0,8.37018384682539,0.011335012594458438,0.016792611251049538,0.03526448362720403
Math-18.json,Defects4J,0.7351192235946655,0.7314699292182922,0.7291226387023926,0.1632569432258606,1.22795569896698,0.612,24.635363247863246,26.001538461538455,0.0,3.051043458222753,0.7635006295442653,250.0,0.08875739644970414,0.0,0.12307692307692308,0.029585798816568046,0.0,0.0,0.0,0.03905325443786982,3.8929458187076094,0.4363956730812788,9.761794871794873,66.2387606837607,12.898290598290599,52.43803418803419,6.264,1114.0,9.0,48.0,208.0,135.0,0.19622072622966624,49.05518155741656,0.036,0.072,0.048,0.02,0.008,0.044,0.0,0.108,0.052,0.004,0.02,0.156,0.124,0.008,0.032,0.072,0.024,0.453951585809342,0.05143646845484449,0.0,0.0,0.6490384615384616,6.777777777777778,0.3056287094950676,23.11111111111111,22.0,8.633840968916628,11.429527900616531,1.3846153846153846,1.0,0.917853812598594,0.0,7.326923076923077,5.0,8.53943601507859,0.008875739644970414,0.0053254437869822485,0.0
JacksonDatabind-21.json,Defects4J,0.7575942277908325,0.7571569482485453,0.7568586468696594,0.37365853786468506,1.2176088094711304,0.5936254980079682,29.536613475177305,27.324042553191486,0.0,5.188119978536579,1.994643684981567,251.0,0.12274143302180686,0.2205607476635514,0.2504672897196262,0.2504672897196262,0.2205607476635514,0.2205607476635514,0.2205607476635514,0.07414330218068536,3.4211073019671234,0.5625184282660485,16.40127659574468,33.281666666666695,18.49078014184397,71.75886524822694,5.876494023904383,1323.0,6.0,45.0,188.0,104.0,0.12192543164225342,30.603283342205607,0.07569721115537849,0.035856573705179286,0.01593625498007968,0.01593625498007968,0.02390438247011952,0.0199203187250996,0.0,0.11155378486055777,0.055776892430278883,0.01195219123505976,0.035856573705179286,0.099601593625498,0.24302788844621515,0.01195219123505976,0.00398406374501992,0.08764940239043825,0.00796812749003984,0.43968230060552776,0.04887245153098614,0.0,0.0,0.5531914893617021,12.666666666666666,0.5250088907778263,31.333333333333332,19.0,24.198255217175383,15.470042427545799,1.675531914893617,1.0,1.3937692786730982,0.012987012987012988,7.49468085106383,6.0,6.81947878181249,0.011214953271028037,0.03489096573208723,0.03925233644859813
Closure-111.json,Defects4J,0.8244315981864929,0.8194592595100403,0.8154457211494446,1.0,0.9932227730751038,0.8333333333333334,5.905000000000001,9.646666666666668,0.0,1.3333333333333333,0.0,6.0,0.0,0.0,0.0,0.0,0.0,0.0,0.0,0.0,0.05298664906710747,,6.416666666666668,59.745000000000005,9.066666666666666,22.666666666666664,5.166666666666667,31.0,1.0,1.0,6.0,6.0,0.17573592793231638,1.0544155675938982,0.0,0.0,0.0,0.0,0.0,0.16666666666666666,0.0,0.16666666666666666,0.0,0.0,0.0,0.3333333333333333,0.0,0.0,0.0,0.16666666666666666,0.0,0.6666666666666666,0.0,0.0,0.0,1.0,1.0,,6.0,6.0,0.0,,1.6666666666666667,1.5,0.7453559924999299,0.0,5.166666666666667,5.0,3.0230595245361758,0.0,0.0,0.0
Jsoup-17.json,Defects4J,0.8173810243606567,0.8150822718938192,0.8110858201980591,0.15187765657901764,1.146875023841858,0.7868852459016393,30.236666666666665,16.28627450980392,0.0,3.512267025089605,0.8736001968263968,183.0,0.0,0.22178988326848248,0.22178988326848248,0.22178988326848248,0.22178988326848248,0.22178988326848248,0.22178988326848248,0.0,4.57968655678369,0.45608311891555786,22.50130718954249,24.575882352941193,25.890196078431373,78.45098039215686,4.825136612021858,883.0,3.0,73.0,153.0,99.0,0.5326985451990603,97.48383377142804,0.04371584699453552,0.06557377049180328,0.02185792349726776,0.04371584699453552,0.01092896174863388,0.07650273224043716,0.00546448087431694,0.13114754098360656,0.07103825136612021,0.03825136612021858,0.06557377049180328,0.07650273224043716,0.14754098360655737,0.03825136612021858,0.00546448087431694,0.14207650273224043,0.0,0.3818682795698925,0.04407340250162559,0.0,0.0,0.6470588235294118,14.0,0.5106894373893738,51.0,50.0,23.280893453645632,18.243605946275583,1.542483660130719,1.0,1.0477921269203527,0.013157894736842105,5.555555555555555,4.0,4.934722762592201,0.007782101167315175,0.011673151750972763,0.07392996108949416
Cli-12.json,Defects4J,0.7088450789451599,0.70356818040212,0.6998552680015564,0.2107972949743271,1.1961252689361572,0.4836759371221282,15.65674960330054,10.915094890510947,0.0,4.794186679817789,7.84039853609428,827.0,0.05452127659574468,0.0574468085106383,0.19654255319148936,0.17553191489361702,0.12420212765957447,0.1077127659574468,0.07526595744680852,0.018617021276595744,13.769176980739129,0.5101731460202824,11.770034909552525,63.723316407489705,14.891145668041894,49.34465249127261,4.084643288996372,2659.0,23.0,177.0,685.0,249.0,1154.4418803781373,954723.4350727195,0.032648125755743655,0.044740024183796856,0.015719467956469165,0.026602176541717048,0.008464328899637243,0.045949214026602174,0.007255139056831923,0.23821039903264812,0.013301088270858524,0.008464328899637243,0.04353083434099154,0.07013301088270858,0.17049576783555018,0.006045949214026602,0.007255139056831923,0.05441354292623942,0.05078597339782346,0.44754547889321084,0.10135380035354946,0.004032258064516129,0.008064516129032258,0.3635036496350365,5.826086956521739,0.42473267834810985,29.782608695652176,20.0,28.373221486862104,11.635897716609016,1.3343065693430658,1.0,0.8564429882640319,0.0,4.712408759124088,3.0,6.675627806179626,0.04946808510638298,0.07101063829787234,0.0925531914893617
Closure-80.json,Defects4J,0.8244315981864929,0.8194592595100403,0.8154457211494446,1.0,0.9932227730751038,0.8333333333333334,5.905000000000001,9.646666666666668,0.0,1.3333333333333333,0.0,6.0,0.0,0.0,0.0,0.0,0.0,0.0,0.0,0.0,0.05298664906710747,,6.416666666666668,59.745000000000005,9.066666666666666,22.666666666666664,5.166666666666667,31.0,1.0,1.0,6.0,6.0,0.17573592793231638,1.0544155675938982,0.0,0.0,0.0,0.0,0.0,0.16666666666666666,0.0,0.16666666666666666,0.0,0.0,0.0,0.3333333333333333,0.0,0.0,0.0,0.16666666666666666,0.0,0.6666666666666666,0.0,0.0,0.0,1.0,1.0,,6.0,6.0,0.0,,1.6666666666666667,1.5,0.7453559924999299,0.0,5.166666666666667,5.0,3.0230595245361758,0.0,0.0,0.0
Gson-7.json,Defects4J,0.7863863706588745,0.7845355669657389,0.7832853198051453,0.2520272135734558,1.2021228075027466,0.5815217391304348,22.512142857142855,20.522857142857138,0.0,4.71025925925926,2.4623989652213516,184.0,0.0,0.0,0.1396917148362235,0.12235067437379576,0.10211946050096339,0.04431599229287091,0.0,0.0,2.438587011302692,0.36089024133980274,15.642857142857142,32.78214285714287,18.057142857142857,66.57142857142858,5.076086956521739,902.0,5.0,25.0,140.0,94.0,0.06226543974828546,11.456840913684525,0.07065217391304347,0.059782608695652176,0.010869565217391304,0.010869565217391304,0.005434782608695652,0.03260869565217391,0.0,0.16304347826086957,0.06521739130434782,0.010869565217391304,0.010869565217391304,0.1358695652173913,0.23369565217391305,0.010869565217391304,0.005434782608695652,0.05434782608695652,0.059782608695652176,0.43962068965517237,0.0857621327077711,0.0,0.0,0.6714285714285714,10.8,0.3178584004441897,28.0,30.0,12.214745187681975,15.6451,1.7214285714285715,1.0,1.2596363258771905,0.015503875968992248,6.357142857142857,4.0,6.279298673955133,0.011560693641618497,0.03468208092485549,0.06551059730250482
Lang-51.json,Defects4J,0.7333927750587463,0.7298086682955424,0.7270342707633972,0.24864181876182556,1.1469944715499878,0.5124378109452736,35.865696202531645,35.066835443037974,0.0,3.595222599678169,0.7332225733925404,201.0,0.10013262599469495,0.0,0.129973474801061,0.0636604774535809,0.0,0.0,0.0,0.04376657824933687,2.2065532361330744,0.6030545085668564,14.359316455696206,48.39644303797472,16.943797468354433,65.77721518987342,7.1393034825870645,988.0,5.0,26.0,158.0,110.0,0.04519577491133461,9.084350757178257,0.009950248756218905,0.04477611940298507,0.0,0.009950248756218905,0.004975124378109453,0.029850746268656716,0.0,0.15920398009950248,0.06965174129353234,0.009950248756218905,0.004975124378109453,0.17412935323383086,0.16417910447761194,0.0,0.03980099502487562,0.05970149253731343,0.014925373134328358,0.45011323678407533,0.03609364339606983,0.0,0.0,0.6962025316455697,10.8,0.4612816075483958,31.6,25.0,19.28315326911032,13.662883650711645,1.4936708860759493,1.0,1.2464980588317685,0.0,8.810126582278482,5.0,10.352124406652596,0.023209549071618037,0.005968169761273209,0.0
Math-13.json,Defects4J,0.7362931370735168,0.7331209778785706,0.7308791875839233,0.19313542544841766,1.2493374347686768,0.6277056277056277,26.00081632653061,26.911836734693882,0.0,2.7677369505494505,0.9525229989461963,231.0,0.09293680297397769,0.0,0.061957868649318466,0.0,0.0,0.0,0.0,0.040892193308550186,2.9854829825064595,0.46951734593936373,10.761938775510206,61.54198979591837,13.269387755102043,56.642857142857146,6.489177489177489,1052.0,8.0,47.0,196.0,132.0,0.08569723410824932,19.796061079005593,0.047619047619047616,0.06060606060606061,0.004329004329004329,0.021645021645021644,0.004329004329004329,0.03463203463203463,0.0,0.16883116883116883,0.047619047619047616,0.012987012987012988,0.017316017316017316,0.15584415584415584,0.11688311688311688,0.017316017316017316,0.030303030303030304,0.0735930735930736,0.017316017316017316,0.5143276862026862,0.06013773236060652,0.0,0.0,0.673469387755102,7.875,0.2538715253273646,24.5,20.5,17.051392904979934,11.45678717892309,1.4234693877551021,1.0,0.9418068847946294,0.0,7.469387755102041,5.0,8.611459002733998,0.022304832713754646,0.027881040892193308,0.0
Closure-146.json,Defects4J,0.8244315981864929,0.8194592595100403,0.8154457211494446,1.0,0.9932227730751038,0.8333333333333334,5.905000000000001,9.646666666666668,0.0,1.3333333333333333,0.0,6.0,0.0,0.0,0.0,0.0,0.0,0.0,0.0,0.0,0.05298664906710747,,6.416666666666668,59.745000000000005,9.066666666666666,22.666666666666664,5.166666666666667,31.0,1.0,1.0,6.0,6.0,0.17573592793231638,1.0544155675938982,0.0,0.0,0.0,0.0,0.0,0.16666666666666666,0.0,0.16666666666666666,0.0,0.0,0.0,0.3333333333333333,0.0,0.0,0.0,0.16666666666666666,0.0,0.6666666666666666,0.0,0.0,0.0,1.0,1.0,,6.0,6.0,0.0,,1.6666666666666667,1.5,0.7453559924999299,0.0,5.166666666666667,5.0,3.0230595245361758,0.0,0.0,0.0
JacksonDatabind-76.json,Defects4J,0.7770290374755859,0.775103747844696,0.7739312052726746,0.29371678829193115,1.1674612760543823,0.5775480059084195,59.72212424849699,22.918797595190373,0.0,6.1382467606925815,3.388528002373599,677.0,0.08171206225680934,0.2523994811932555,0.32607003891050584,0.28664072632944226,0.2523994811932555,0.2523994811932555,0.2523994811932555,0.0,10.665683970948239,0.47189975902438164,43.90514629258517,-41.960997995991946,46.172505010020046,134.0685370741483,5.166912850812408,3130.0,5.0,137.0,499.0,179.0,63.30806296394771,42859.5586265926,0.08124076809453472,0.03988183161004431,0.01772525849335303,0.019202363367799114,0.013293943870014771,0.050221565731166914,0.0,0.18168389955686853,0.028064992614475627,0.004431314623338257,0.014771048744460856,0.06942392909896603,0.25406203840472674,0.011816838995568686,0.0014771048744460858,0.07533234859675036,0.0103397341211226,0.43687518192162156,0.05080515238895046,0.0,0.0,0.3587174348697395,34.2,0.2425118088722229,99.8,70.0,83.26199613268949,25.692639881853648,1.7434869739478958,1.0,1.5411303744306146,0.004842615012106538,6.635270541082164,5.0,6.604731897953284,0.007782101167315175,0.007003891050583658,0.00933852140077821
Closure-38.json,Defects4J,0.8244315981864929,0.8194592595100403,0.8154457211494446,1.0,0.9932227730751038,0.8333333333333334,5.905000000000001,9.646666666666668,0.0,1.3333333333333333,0.0,6.0,0.0,0.0,0.0,0.0,0.0,0.0,0.0,0.0,0.05298664906710747,,6.416666666666668,59.745000000000005,9.066666666666666,22.666666666666664,5.166666666666667,31.0,1.0,1.0,6.0,6.0,0.17573592793231638,1.0544155675938982,0.0,0.0,0.0,0.0,0.0,0.16666666666666666,0.0,0.16666666666666666,0.0,0.0,0.0,0.3333333333333333,0.0,0.0,0.0,0.16666666666666666,0.0,0.6666666666666666,0.0,0.0,0.0,1.0,1.0,,6.0,6.0,0.0,,1.6666666666666667,1.5,0.7453559924999299,0.0,5.166666666666667,5.0,3.0230595245361758,0.0,0.0,0.0
JacksonDatabind-99.json,Defects4J,0.8006605505943298,0.7994486888249716,0.7977215647697449,0.2023138403892517,1.111067771911621,0.7311827956989247,30.90717299578059,31.97670886075949,0.0,3.457200694042799,0.7336026932063843,93.0,0.0,0.0,0.2310866574965612,0.1733149931224209,0.1265474552957359,0.0,0.0,0.0,1.627292222831003,0.25853826850652695,19.92303797468354,-0.8730801687763403,21.672573839662448,70.63713080168776,7.21505376344086,671.0,3.0,12.0,79.0,56.0,0.05473197050724943,5.090073257174197,0.08602150537634409,0.043010752688172046,0.021505376344086023,0.043010752688172046,0.010752688172043012,0.010752688172043012,0.0,0.16129032258064516,0.08602150537634409,0.0,0.0,0.1935483870967742,0.13978494623655913,0.010752688172043012,0.010752688172043012,0.07526881720430108,0.021505376344086023,0.4335518282886704,0.08092820683142032,0.0,0.0,0.7088607594936709,11.666666666666666,0.4505523145198822,26.333333333333332,27.0,10.624918300339486,18.599290044081553,2.1392405063291138,1.0,1.8468870642875417,0.028169014084507043,8.316455696202532,6.0,8.356827427505038,0.04126547455295736,0.08253094910591471,0.1031636863823934
Time-13.json,Defects4J,0.7712115049362183,0.7703446745872498,0.7693475484848022,0.3918088972568512,1.243484377861023,0.3483606557377049,28.594705882352933,26.583267973856206,0.0,5.705949741315595,5.288428521256787,244.0,0.0007593014426727411,0.0,0.49658314350797267,0.2012148823082764,0.05239179954441914,0.0,0.0,0.0,3.1962518890821743,0.7404833287000656,21.33223529411765,-3.376941176470581,22.17464052287582,61.31895424836601,4.995901639344262,1189.0,5.0,7.0,153.0,53.0,0.10016701499324533,24.44075165835186,0.10655737704918032,0.00819672131147541,0.00819672131147541,0.004098360655737705,0.03278688524590164,0.00819672131147541,0.0,0.11475409836065574,0.004098360655737705,0.0,0.004098360655737705,0.0942622950819672,0.38524590163934425,0.0,0.020491803278688523,0.036885245901639344,0.012295081967213115,0.5433481152993348,0.06938233377721209,0.0,0.0,0.3464052287581699,9.4,0.5577648679415385,30.6,13.0,32.81219285570533,18.878054631974784,2.1176470588235294,1.0,1.7710126953062177,0.008771929824561403,7.372549019607843,3.0,8.511339881263964,0.03644646924829157,0.030372057706909643,0.05466970387243736
Collections-11.json,Defects4J,0.7488440275192261,0.745265781879425,0.7421461939811707,0.4487190842628479,1.1956725120544434,0.6171617161716172,35.102523240371845,27.955537848605577,0.0,3.4495390900878706,1.6300712666199695,303.0,0.031353919239904986,0.0,0.0,0.0,0.0,0.0,0.0,0.0,4.344433772742203,0.3133906781673431,19.71782868525897,28.20524236387783,22.151660026560428,76.09628154050465,6.442244224422442,1539.0,6.0,65.0,251.0,171.0,0.2542851426480416,77.0483982223566,0.0165016501650165,0.056105610561056105,0.0165016501650165,0.026402640264026403,0.0165016501650165,0.0429042904290429,0.0,0.1353135313531353,0.0594059405940594,0.0033003300330033004,0.0231023102310231,0.19141914191419143,0.1188118811881188,0.0165016501650165,0.0462046204620462,0.06930693069306931,0.009900990099009901,0.38905364621828037,0.17928170481314118,0.0,0.0,0.6812749003984063,14.333333333333334,0.1479073149675969,41.833333333333336,45.5,25.056048282910766,16.728156217252725,1.6095617529880477,1.0,1.3115136047443794,0.0,7.561752988047809,5.0,8.147493156535809,0.02327790973871734,0.004275534441805225,0.0
Jsoup-40.json,Defects4J,0.801287055015564,0.8006589412689209,0.7998405694961548,0.25044238567352295,1.1438177824020386,0.6778523489932886,28.391578947368423,21.89894736842106,0.0,4.840683760683761,1.2020944781869456,149.0,0.0,0.0,0.10633484162895927,0.10633484162895927,0.10633484162895927,0.10633484162895927,0.0,0.0,2.916539839665422,0.6191099286079407,20.449298245614035,16.133421052631604,21.866666666666667,73.96491228070175,5.268456375838926,785.0,3.0,37.0,114.0,81.0,0.12400833892041675,18.477242499142097,0.087248322147651,0.03355704697986577,0.020134228187919462,0.08053691275167785,0.013422818791946308,0.04697986577181208,0.0,0.14093959731543623,0.040268456375838924,0.013422818791946308,0.026845637583892617,0.10738255033557047,0.2348993288590604,0.006711409395973154,0.006711409395973154,0.06711409395973154,0.053691275167785234,0.3989743589743589,0.02318871308717868,0.0,0.0,0.7105263157894737,13.666666666666666,0.59791499376297,38.0,39.0,7.788880963698615,17.5058628484301,1.7982456140350878,1.0,1.4153285190607614,0.018018018018018018,6.543859649122807,5.0,6.772157072816469,0.006787330316742082,0.030542986425339366,0.0
Math-44.json,Defects4J,0.7425965070724487,0.7397137482961019,0.7368897199630737,0.19922411441802979,1.179947018623352,0.6036036036036037,31.516648648648648,26.40345945945946,0.0,3.550432394563542,0.5547085323448019,222.0,0.06622073578595318,0.0,0.0,0.0,0.0,0.0,0.0,0.0026755852842809363,3.6096327394992707,0.3247629292309284,15.48756756756757,49.925405405405414,18.25945945945946,66.1891891891892,6.27027027027027,989.0,5.0,51.0,185.0,136.0,0.16645260872273096,36.95247913644627,0.04054054054054054,0.03153153153153153,0.009009009009009009,0.018018018018018018,0.013513513513513514,0.04954954954954955,0.0,0.12162162162162163,0.05405405405405406,0.013513513513513514,0.05405405405405406,0.17117117117117117,0.11711711711711711,0.0045045045045045045,0.036036036036036036,0.07657657657657657,0.013513513513513514,0.49495894633599546,0.031328831703227505,0.0,0.0,0.7351351351351352,10.8,0.000827983021736145,37.0,45.0,11.983321743156194,13.348371206891418,1.4108108108108108,1.0,1.0101602184357457,0.0,7.313513513513514,5.0,8.35231517223242,0.018729096989966554,0.006020066889632107,0.0
JacksonDatabind-60.json,Defects4J,0.7809669375419617,0.7797117233276367,0.7776612639427185,0.22894662618637085,1.189779281616211,0.6038338658146964,24.736800000000002,26.47484444444444,0.0,3.7269136617820826,1.4926677509535458,313.0,0.0010400416016640667,0.0,0.010400416016640665,0.007280291211648466,0.0,0.0,0.0,0.0,6.578511210066608,0.5389462725983726,16.575222222222227,16.301500000000004,17.533333333333335,58.5,5.610223642172524,1726.0,10.0,58.0,225.0,135.0,2.2986178776009667,719.4673956891025,0.05750798722044728,0.051118210862619806,0.003194888178913738,0.025559105431309903,0.01597444089456869,0.04153354632587859,0.0,0.1501597444089457,0.038338658146964855,0.006389776357827476,0.01597444089456869,0.1182108626198083,0.25559105431309903,0.01597444089456869,0.009584664536741214,0.07348242811501597,0.02875399361022364,0.4233685738948897,0.09280343801212615,0.0,0.0,0.6,8.1,0.44170491583645344,22.5,16.0,17.585505395068974,15.6451,1.9822222222222223,1.0,1.6705672873992221,0.01020408163265306,7.413333333333333,5.0,8.725074975800112,0.007280291211648466,0.0078003120124804995,0.0124804992199688
Closure-150.json,Defects4J,0.8244315981864929,0.8194592595100403,0.8154457211494446,1.0,0.9932227730751038,0.8333333333333334,5.905000000000001,9.646666666666668,0.0,1.3333333333333333,0.0,6.0,0.0,0.0,0.0,0.0,0.0,0.0,0.0,0.0,0.05298664906710747,,6.416666666666668,59.745000000000005,9.066666666666666,22.666666666666664,5.166666666666667,31.0,1.0,1.0,6.0,6.0,0.17573592793231638,1.0544155675938982,0.0,0.0,0.0,0.0,0.0,0.16666666666666666,0.0,0.16666666666666666,0.0,0.0,0.0,0.3333333333333333,0.0,0.0,0.0,0.16666666666666666,0.0,0.6666666666666666,0.0,0.0,0.0,1.0,1.0,,6.0,6.0,0.0,,1.6666666666666667,1.5,0.7453559924999299,0.0,5.166666666666667,5.0,3.0230595245361758,0.0,0.0,0.0
Closure-3.json,Defects4J,0.8244315981864929,0.8194592595100403,0.8154457211494446,1.0,0.9932227730751038,0.8333333333333334,5.905000000000001,9.646666666666668,0.0,1.3333333333333333,0.0,6.0,0.0,0.0,0.0,0.0,0.0,0.0,0.0,0.0,0.05298664906710747,,6.416666666666668,59.745000000000005,9.066666666666666,22.666666666666664,5.166666666666667,31.0,1.0,1.0,6.0,6.0,0.17573592793231638,1.0544155675938982,0.0,0.0,0.0,0.0,0.0,0.16666666666666666,0.0,0.16666666666666666,0.0,0.0,0.0,0.3333333333333333,0.0,0.0,0.0,0.16666666666666666,0.0,0.6666666666666666,0.0,0.0,0.0,1.0,1.0,,6.0,6.0,0.0,,1.6666666666666667,1.5,0.7453559924999299,0.0,5.166666666666667,5.0,3.0230595245361758,0.0,0.0,0.0
Jsoup-56.json,Defects4J,0.7982257008552551,0.7959815263748169,0.7948384881019592,0.3815866708755493,1.2051305770874023,0.7025316455696202,22.040076923076924,21.100615384615377,0.0,3.549701877070298,1.454364610557278,158.0,0.0,0.0,0.10461538461538461,0.07384615384615385,0.0,0.0,0.0,0.0,3.2136301353720373,0.3127238443121314,16.153076923076924,25.561923076923108,19.015384615384615,58.30769230769231,5.506329113924051,869.0,5.0,40.0,130.0,82.0,0.15740000713713076,24.86920112766666,0.05063291139240506,0.0759493670886076,0.0189873417721519,0.0189873417721519,0.012658227848101266,0.05063291139240506,0.0,0.12658227848101267,0.04430379746835443,0.012658227848101266,0.0379746835443038,0.15822784810126583,0.17088607594936708,0.012658227848101266,0.006329113924050633,0.08860759493670886,0.05063291139240506,0.4417556128082444,0.05745394562291835,0.0,0.0,0.6307692307692307,8.4,0.23711546262105307,26.0,18.0,18.088670487352022,16.647925096878797,1.8307692307692307,1.0,1.3763857997750795,0.016666666666666666,6.469230769230769,4.0,7.143785315856941,0.006153846153846154,0.027692307692307693,0.043076923076923075
Lang-10.json,Defects4J,0.7241320013999939,0.7201663057009379,0.7176092267036438,0.3379044234752655,1.1655982732772827,0.5380116959064327,31.360214285714285,31.568857142857137,0.0,2.781596273949402,0.7947768001252652,171.0,0.12167606768734891,0.0,0.08058017727639001,0.0,0.0,0.0,0.0,0.0531829170024174,1.5623823312626115,0.5351615734398365,11.175714285714285,64.80928571428575,14.628571428571428,60.142857142857146,6.923976608187134,737.0,5.0,23.0,140.0,103.0,0.027895741806105212,4.770171848843991,0.029239766081871343,0.023391812865497075,0.017543859649122806,0.023391812865497075,0.0,0.029239766081871343,0.0,0.10526315789473684,0.04678362573099415,0.011695906432748537,0.011695906432748537,0.19883040935672514,0.13450292397660818,0.011695906432748537,0.03508771929824561,0.07602339181286549,0.017543859649122806,0.5040912458981688,0.04883654662745473,0.0,0.0,0.7357142857142858,9.0,0.4179321726163228,28.0,23.0,16.382917933017914,11.979248473330827,1.3428571428571427,1.0,0.7631834508110332,0.0,8.235714285714286,5.0,9.480514388007883,0.019339242546333603,0.035455278001611606,0.0
Codec-16.json,Defects4J,0.734537661075592,0.7328707178433737,0.7318007349967957,0.2149064540863037,1.183417558670044,0.43548387096774194,31.281148648648646,26.109459459459462,0.0,3.6953125,1.8823844144555268,186.0,0.056074766355140186,0.0,0.16822429906542055,0.16822429906542055,0.0,0.0,0.0,0.0,2.48665432178238,0.5072038273016611,14.865675675675675,54.38405405405406,18.583783783783783,70.1081081081081,5.989247311827957,743.0,4.0,17.0,148.0,110.0,0.0646289806492347,12.020990400757652,0.010752688172043012,0.026881720430107527,0.0,0.016129032258064516,0.0,0.026881720430107527,0.0,0.10752688172043011,0.12365591397849462,0.010752688172043012,0.005376344086021506,0.15053763440860216,0.15591397849462366,0.0,0.03763440860215054,0.07526881720430108,0.021505376344086023,0.47395833333333337,0.05776321097088239,0.0,0.0,0.7432432432432432,12.25,0.5544420778751373,37.0,33.0,22.147234590350102,13.81666964889586,1.3581081081081081,1.0,0.7260605954826614,0.0,7.263513513513513,5.0,8.253059618143334,0.020390824129141887,0.0,0.0
Math-8.json,Defects4J,0.7346965670585632,0.7307918667793274,0.7282718420028687,0.2581925690174103,1.2590243816375732,0.5070921985815603,29.93744752877454,28.530236966824642,0.0,4.014019580947859,2.802370428245507,282.0,0.08356545961002786,0.06350974930362117,0.13760445682451253,0.06350974930362117,0.06350974930362117,0.06350974930362117,0.06350974930362117,0.03676880222841226,3.9911511879646326,0.5203202671060959,13.781828029790116,49.94142180094789,16.417332430602574,60.94854434664862,6.0177304964539005,1250.0,7.0,36.0,211.0,131.0,0.19190479621567652,54.117152532820775,0.0425531914893617,0.03900709219858156,0.0,0.02127659574468085,0.0070921985815602835,0.028368794326241134,0.0,0.1276595744680851,0.03900709219858156,0.0070921985815602835,0.0035460992907801418,0.1773049645390071,0.22340425531914893,0.0070921985815602835,0.024822695035460994,0.0425531914893617,0.04609929078014184,0.4110702824944121,0.18250766606188198,0.0,0.0,0.6208530805687204,9.285714285714286,0.3465575996786356,30.142857142857142,34.0,15.150941238357547,13.484332010920856,1.4928909952606635,1.0,1.2595405325144866,0.0,7.706161137440758,5.0,9.804675833576695,0.008356545961002786,0.024512534818941504,0.026740947075208913
Math-52.json,Defects4J,0.748672366142273,0.7450794180234274,0.7407466173171997,0.34726250171661377,1.2748198509216309,0.5443037974683544,21.55067190226876,17.057068062827224,0.0,3.3663869038410623,1.6122349476169384,474.0,0.0475068708284256,0.0,0.030624263839811542,0.007852375343541421,0.007852375343541421,0.0,0.0,0.014134275618374558,8.429929220052333,0.3434830362146551,12.85693717277487,59.58332897033161,16.293542757417104,59.058464223385684,4.8734177215189876,1854.0,12.0,96.0,382.0,218.0,9.667037458487151,4582.17575532291,0.04008438818565401,0.04219409282700422,0.016877637130801686,0.02531645569620253,0.016877637130801686,0.05063291139240506,0.0,0.14978902953586498,0.04219409282700422,0.002109704641350211,0.029535864978902954,0.1371308016877637,0.1729957805907173,0.008438818565400843,0.0189873417721519,0.06329113924050633,0.035864978902953586,0.47745414016069065,0.06474430556135218,0.0,0.010362694300518135,0.5706806282722513,8.666666666666666,0.4681657847948372,31.833333333333332,18.5,33.50580380902522,12.745084868956482,1.3586387434554974,1.0,0.7621038875785213,0.0,5.7460732984293195,4.0,6.697731332314169,0.004711425206124852,0.0035335689045936395,0.0
Math-104.json,Defects4J,0.7489452362060547,0.7467435797055563,0.7448880672454834,0.2029711902141571,1.1967188119888306,0.61,24.603117647058824,27.010823529411763,0.0,2.4847461943249987,1.1642187541190623,200.0,0.062054208273894434,0.0,0.0,0.0,0.0,0.0,0.0,0.0,2.909754097569683,0.38160372206142973,9.842205882352939,62.34742647058826,12.5,56.544117647058826,6.545,922.0,8.0,42.0,170.0,125.0,0.0917614257029573,18.35228514059146,0.03,0.05,0.01,0.03,0.01,0.05,0.0,0.135,0.05,0.01,0.02,0.18,0.1,0.015,0.035,0.07,0.015,0.3896614707756012,0.17104308807715318,0.0,0.0,0.7352941176470589,7.5,0.20963838820656142,21.25,19.5,14.847137771301242,11.45678717892309,1.4529411764705882,1.0,0.9825642604692874,0.0,7.517647058823529,5.0,8.583310433223279,0.006419400855920114,0.006419400855920114,0.0
Closure-107.json,Defects4J,0.8244315981864929,0.8194592595100403,0.8154457211494446,1.0,0.9932227730751038,0.8333333333333334,5.905000000000001,9.646666666666668,0.0,1.3333333333333333,0.0,6.0,0.0,0.0,0.0,0.0,0.0,0.0,0.0,0.0,0.05298664906710747,,6.416666666666668,59.745000000000005,9.066666666666666,22.666666666666664,5.166666666666667,31.0,1.0,1.0,6.0,6.0,0.17573592793231638,1.0544155675938982,0.0,0.0,0.0,0.0,0.0,0.16666666666666666,0.0,0.16666666666666666,0.0,0.0,0.0,0.3333333333333333,0.0,0.0,0.0,0.16666666666666666,0.0,0.6666666666666666,0.0,0.0,0.0,1.0,1.0,,6.0,6.0,0.0,,1.6666666666666667,1.5,0.7453559924999299,0.0,5.166666666666667,5.0,3.0230595245361758,0.0,0.0,0.0
Closure-79.json,Defects4J,0.8244315981864929,0.8194592595100403,0.8154457211494446,1.0,0.9932227730751038,0.8333333333333334,5.905000000000001,9.646666666666668,0.0,1.3333333333333333,0.0,6.0,0.0,0.0,0.0,0.0,0.0,0.0,0.0,0.0,0.05298664906710747,,6.416666666666668,59.745000000000005,9.066666666666666,22.666666666666664,5.166666666666667,31.0,1.0,1.0,6.0,6.0,0.17573592793231638,1.0544155675938982,0.0,0.0,0.0,0.0,0.0,0.16666666666666666,0.0,0.16666666666666666,0.0,0.0,0.0,0.3333333333333333,0.0,0.0,0.0,0.16666666666666666,0.0,0.6666666666666666,0.0,0.0,0.0,1.0,1.0,,6.0,6.0,0.0,,1.6666666666666667,1.5,0.7453559924999299,0.0,5.166666666666667,5.0,3.0230595245361758,0.0,0.0,0.0
JacksonDatabind-37.json,Defects4J,0.7519712448120117,0.7472920815149943,0.7444783449172974,0.2585321366786957,1.1895108222961426,0.5117967332123412,55.655287401063966,71.59204359673024,0.0,2.4925089769847837,1.6331050006971026,551.0,0.06602521566025216,0.1386861313868613,0.3707697412076974,0.16290643662906437,0.15295288652952888,0.15295288652952888,0.15295288652952888,0.0,14.459328989301142,0.7164436829299098,30.25927403659011,-106.31754541326066,17.33719994809913,54.24218243155573,10.617059891107077,5438.0,42.0,99.0,367.0,177.0,3455.056814302133,1903736.3046804753,0.012704174228675136,0.10344827586206896,0.003629764065335753,0.009074410163339383,0.003629764065335753,0.012704174228675136,0.0,0.11252268602540835,0.036297640653357534,0.007259528130671506,0.012704174228675136,0.16152450090744103,0.3176043557168784,0.0054446460980036296,0.0018148820326678765,0.034482758620689655,0.023593466424682397,0.4677752269918168,0.09195165954705473,0.0,0.0,0.4822888283378747,3.9761904761904763,0.6999144608620554,8.738095238095237,4.0,10.305013860136063,13.063054147266836,3.5967302452316074,1.0,4.575231289486957,0.006920415224913495,15.438692098092643,5.0,19.62206749795488,0.0457863304578633,0.06104844061048441,0.06718646317186464
Closure-96.json,Defects4J,0.8244315981864929,0.8194592595100403,0.8154457211494446,1.0,0.9932227730751038,0.8333333333333334,5.905000000000001,9.646666666666668,0.0,1.3333333333333333,0.0,6.0,0.0,0.0,0.0,0.0,0.0,0.0,0.0,0.0,0.05298664906710747,,6.416666666666668,59.745000000000005,9.066666666666666,22.666666666666664,5.166666666666667,31.0,1.0,1.0,6.0,6.0,0.17573592793231638,1.0544155675938982,0.0,0.0,0.0,0.0,0.0,0.16666666666666666,0.0,0.16666666666666666,0.0,0.0,0.0,0.3333333333333333,0.0,0.0,0.0,0.16666666666666666,0.0,0.6666666666666666,0.0,0.0,0.0,1.0,1.0,,6.0,6.0,0.0,,1.6666666666666667,1.5,0.7453559924999299,0.0,5.166666666666667,5.0,3.0230595245361758,0.0,0.0,0.0
JacksonCore-16.json,Defects4J,0.8139996528625488,0.8122088114420573,0.8089564442634583,0.24484898149967194,1.1992383003234863,0.808,17.99435246995995,21.93981308411215,0.0,2.268685736890505,0.8525003669510776,125.0,0.0,0.0,0.06451612903225806,0.06451612903225806,0.0,0.0,0.0,0.0,3.1915555920859213,0.27073462804158527,10.44245660881175,47.42093457943929,13.217089452603473,47.061415220293725,5.944,743.0,7.0,42.0,107.0,78.0,0.1946099178498203,24.326239731227535,0.088,0.064,0.008,0.056,0.016,0.08,0.0,0.168,0.048,0.024,0.048,0.096,0.12,0.016,0.008,0.112,0.0,0.4375705115361496,0.05544688349398398,0.0,0.0,0.7289719626168224,4.857142857142857,0.2449817329645157,15.285714285714286,15.0,7.534952568137482,12.540900571622839,1.7009345794392523,1.0,1.368640455581644,0.019417475728155338,6.747663551401869,4.0,7.503386721875483,0.03345280764635603,0.0,0.0
Lang-47.json,Defects4J,0.7400575876235962,0.7391476432482401,0.7374235987663269,0.21721495687961578,1.139418363571167,0.5083798882681564,29.506238738738737,31.19216216216216,0.0,2.571428571428571,1.2118863974381529,179.0,0.06764027671022291,0.0,0.06456571867794005,0.0,0.0,0.0,0.0,0.0015372790161414297,1.2321587855678677,0.4557367730885744,11.331351351351355,57.75644144144147,14.190990990990992,61.82882882882883,6.949720670391062,855.0,6.0,17.0,148.0,112.0,0.019154319637145516,3.4286232150490474,0.0223463687150838,0.0223463687150838,0.0,0.01675977653631285,0.0,0.0223463687150838,0.0,0.12290502793296089,0.0782122905027933,0.0111731843575419,0.0,0.18435754189944134,0.12290502793296089,0.0111731843575419,0.03910614525139665,0.0782122905027933,0.01675977653631285,0.38260582010582006,0.1796499494666877,0.0,0.0,0.7567567567567568,9.166666666666666,0.31327495258301497,24.666666666666668,28.0,13.548267621934384,12.457975602129121,1.4662162162162162,1.0,1.0161901592404026,0.0,8.195945945945946,5.0,9.05363805014449,0.006917755572636433,0.006917755572636433,0.0
Mockito-36.json,Defects4J,0.8273728489875793,0.8226843674977621,0.818372368812561,1.0,1.1956604719161987,0.8,3.678000000000001,6.504000000000001,0.0,1.2,0.0,5.0,0.0,0.0,0.0,0.0,0.0,0.0,0.0,0.0,0.05305602573781134,,2.879999999999999,83.32000000000004,10.0,25.0,4.8,24.0,1.0,1.0,5.0,5.0,0.21089774439461811,1.0544887219730905,0.0,0.0,0.0,0.0,0.0,0.2,0.0,0.2,0.0,0.0,0.0,0.2,0.0,0.0,0.0,0.2,0.0,0.6,0.0,0.0,0.0,1.0,1.0,,5.0,5.0,0.0,,1.4,1.0,0.8,0.0,4.8,4.0,3.3105890714493698,0.0,0.0,0.0
Math-91.json,Defects4J,0.7499962449073792,0.7462650338808695,0.7426203489303589,0.32877299189567566,1.2350724935531616,0.49327354260089684,36.75237142857143,28.849828571428564,0.0,3.5457111768087377,0.6068632370918402,223.0,0.08042895442359249,0.0,0.08847184986595175,0.032171581769437,0.0,0.0,0.0,0.022788203753351208,2.498645128678991,0.5054211715857188,19.003928571428577,36.737321428571434,21.614285714285714,84.89285714285714,6.2825112107623315,998.0,4.0,25.0,175.0,120.0,0.05455605123554843,12.1659994255273,0.04484304932735426,0.03139013452914798,0.017937219730941704,0.013452914798206279,0.004484304932735426,0.026905829596412557,0.0,0.09865470852017937,0.07623318385650224,0.0,0.004484304932735426,0.19730941704035873,0.18385650224215247,0.013452914798206279,0.026905829596412557,0.04932735426008968,0.008968609865470852,0.4854849306068818,0.00900887033955461,0.0,0.0,0.6857142857142857,18.0,0.559762641787529,43.75,46.0,12.616952880945542,15.247664890283005,1.4857142857142858,1.0,1.0411924090450626,0.0,7.708571428571428,5.0,8.579755954856639,0.005361930294906166,0.006032171581769437,0.0
Cli-28.json,Defects4J,0.7759665846824646,0.7726479371388754,0.7707062363624573,0.49153849482536316,1.1661198139190674,0.4967741935483871,34.77925683060109,22.059409836065573,0.0,4.868959967156484,4.395253511201601,465.0,0.08612836438923395,0.25921325051759836,0.31387163561076603,0.2857142857142857,0.27163561076604553,0.25921325051759836,0.25921325051759836,0.0,9.486508700912184,0.41212873011827467,22.689426229508204,22.930314207650298,25.841530054644814,84.93169398907104,4.7612903225806456,1886.0,6.0,77.0,305.0,163.0,28.34558526080603,13180.697146274804,0.04516129032258064,0.017204301075268817,0.012903225806451613,0.034408602150537634,0.010752688172043012,0.053763440860215055,0.002150537634408602,0.12043010752688173,0.034408602150537634,0.010752688172043012,0.012903225806451613,0.0989247311827957,0.3204301075268817,0.004301075268817204,0.012903225806451613,0.07096774193548387,0.008602150537634409,0.44490644559052517,0.06658935125468438,0.0,0.0,0.5344262295081967,17.333333333333332,0.14306414546445012,50.833333333333336,20.5,58.39639448535234,18.243605946275583,1.5639344262295083,1.0,1.1206018270181761,0.0,6.537704918032787,5.0,6.703514222355322,0.015734989648033125,0.017391304347826087,0.03229813664596273
Closure-55.json,Defects4J,0.8244315981864929,0.8194592595100403,0.8154457211494446,1.0,0.9932227730751038,0.8333333333333334,5.905000000000001,9.646666666666668,0.0,1.3333333333333333,0.0,6.0,0.0,0.0,0.0,0.0,0.0,0.0,0.0,0.0,0.05298664906710747,,6.416666666666668,59.745000000000005,9.066666666666666,22.666666666666664,5.166666666666667,31.0,1.0,1.0,6.0,6.0,0.17573592793231638,1.0544155675938982,0.0,0.0,0.0,0.0,0.0,0.16666666666666666,0.0,0.16666666666666666,0.0,0.0,0.0,0.3333333333333333,0.0,0.0,0.0,0.16666666666666666,0.0,0.6666666666666666,0.0,0.0,0.0,1.0,1.0,,6.0,6.0,0.0,,1.6666666666666667,1.5,0.7453559924999299,0.0,5.166666666666667,5.0,3.0230595245361758,0.0,0.0,0.0
Compress-26.json,Defects4J,0.7407951951026917,0.7373162309328715,0.7344167828559875,0.29249438643455505,1.2384926080703735,0.6048632218844985,22.585105433901056,19.172992700729925,0.0,3.0573992488216497,1.2361452679171776,329.0,0.04543053354463814,0.0,0.009508716323296355,0.0,0.0,0.0,0.0,0.0,5.741620693512791,0.4455162715166807,11.657785888077857,65.70688158961885,14.80551500405515,56.356853203568534,5.258358662613982,1283.0,9.0,87.0,274.0,164.0,0.9470181149039292,311.5689598033927,0.0060790273556231,0.06382978723404255,0.02127659574468085,0.0425531914893617,0.00303951367781155,0.057750759878419454,0.0,0.11246200607902736,0.0364741641337386,0.02127659574468085,0.03343465045592705,0.11246200607902736,0.1519756838905775,0.015197568389057751,0.02127659574468085,0.1094224924012158,0.0243161094224924,0.49755441264437894,0.04494479553263088,0.0,0.0,0.5985401459854015,7.888888888888889,0.45362818453993115,30.444444444444443,28.0,17.21827911849698,11.20814326018867,1.302919708029197,1.0,0.7245881393283976,0.0,6.113138686131387,4.0,6.853389778972008,0.012678288431061807,0.004754358161648178,0.0
Math-29.json,Defects4J,0.737062394618988,0.734963079293569,0.7323929667472839,0.28667470812797546,1.225266933441162,0.5463576158940397,25.91933920704846,27.83788546255506,0.0,3.247032911603635,2.100347720352521,302.0,0.044238683127572016,0.0,0.01748971193415638,0.0,0.0,0.0,0.0,0.0,4.86260707568277,0.21227050241496828,10.209255506607928,62.298464757709255,13.837709251101323,57.942290748898685,5.996688741721854,1344.0,10.0,57.0,227.0,161.0,0.4283477378382147,129.36101682714084,0.04966887417218543,0.04304635761589404,0.016556291390728478,0.029801324503311258,0.013245033112582781,0.03642384105960265,0.0,0.15562913907284767,0.033112582781456956,0.016556291390728478,0.016556291390728478,0.11920529801324503,0.2185430463576159,0.009933774834437087,0.019867549668874173,0.046357615894039736,0.013245033112582781,0.49305231610006217,0.08409392795857284,0.0,0.0,0.7092511013215859,8.0,0.27681175572797656,22.7,11.0,19.493845182518506,12.516099999999998,1.4361233480176212,1.0,0.9382329171435515,0.0,7.643171806167401,5.0,8.479593778270953,0.00720164609053498,0.02263374485596708,0.0
JacksonDatabind-108.json,Defects4J,0.802619218826294,0.8006745378176371,0.7970353960990906,0.13749943673610687,1.1601778268814087,0.7307692307692307,16.67039149888143,15.071812080536919,0.0,3.2417503487388646,1.0301965537215252,364.0,0.0,0.06751918158567775,0.06751918158567775,0.06751918158567775,0.06751918158567775,0.06751918158567775,0.06751918158567775,0.0,8.766811314291875,0.41255203702233056,12.54734899328859,49.33520693512304,15.168232662192395,52.01454138702461,4.6510989010989015,1693.0,12.0,129.0,298.0,180.0,17.630977614929858,6417.675851834469,0.07417582417582418,0.08241758241758242,0.04395604395604396,0.054945054945054944,0.03571428571428571,0.013736263736263736,0.0027472527472527475,0.12362637362637363,0.057692307692307696,0.03021978021978022,0.057692307692307696,0.07417582417582418,0.17582417582417584,0.016483516483516484,0.0027472527472527475,0.10164835164835165,0.01098901098901099,0.4253342486283677,0.04699781360909672,0.0,0.0,0.6040268456375839,6.75,0.27140009962022305,24.833333333333332,20.0,17.88776739065617,13.427899808715576,1.563758389261745,1.0,1.1833415753306948,0.007067137809187279,5.453020134228188,4.0,5.088426887970926,0.005115089514066497,0.0,0.0
Compress-9.json,Defects4J,0.7770770192146301,0.7765598297119141,0.7760248780250549,0.3398369252681732,1.189871072769165,0.45454545454545453,18.43982744994731,18.635410958904107,0.0,4.170691745563749,4.899147538625235,792.0,0.07432931331528428,0.17622446468127,0.19985232586758553,0.19985232586758553,0.17622446468127,0.17622446468127,0.17622446468127,0.0004922471080482402,11.402257117326258,0.5110437917709351,10.001164383561647,63.365648050579566,12.409272918861959,51.05742887249736,4.758838383838384,3313.0,26.0,98.0,584.0,273.0,113.03479882546507,89523.56066976834,0.03535353535353535,0.03282828282828283,0.026515151515151516,0.013888888888888888,0.008838383838383838,0.02904040404040404,0.0012626262626262627,0.22474747474747475,0.039141414141414144,0.0012626262626262627,0.012626262626262626,0.10984848484848485,0.21212121212121213,0.010101010101010102,0.047979797979797977,0.05555555555555555,0.012626262626262626,0.4548768245893972,0.08811728593385479,0.008032128514056224,0.0,0.4674657534246575,6.423076923076923,0.48045926820486784,22.46153846153846,15.5,27.08566292514685,11.051253699011982,1.4263698630136987,1.0,1.0813122292723567,0.0,6.080479452054795,4.0,7.328544477158297,0.032488309131183855,0.04799409303470342,0.06300762983017474
Compress-30.json,Defects4J,0.762902557849884,0.7616013685862223,0.7597153186798096,0.3380487561225891,1.220206379890442,0.5133333333333333,27.07841463414634,23.3819512195122,0.0,4.028150845857665,1.2947804969405996,450.0,0.04826780848579214,0.04826780848579214,0.08952899961074348,0.08563643441027637,0.04826780848579214,0.04826780848579214,0.04826780848579214,0.0,7.861403876824565,0.5387545033461518,15.189804878048779,44.57958536585366,17.63219512195122,59.32439024390244,5.26,1997.0,10.0,78.0,328.0,198.0,5.767024679507879,2595.1611057785453,0.042222222222222223,0.03333333333333333,0.022222222222222223,0.017777777777777778,0.011111111111111112,0.03777777777777778,0.0022222222222222222,0.12444444444444444,0.03777777777777778,0.011111111111111112,0.028888888888888888,0.11333333333333333,0.24666666666666667,0.013333333333333334,0.015555555555555555,0.07111111111111111,0.017777777777777778,0.434518809788071,0.055304137303884546,0.0,0.0,0.6036585365853658,8.7,0.30293026310391724,32.8,32.0,18.427153876819936,14.117786864225405,1.524390243902439,1.0,1.1232097924936368,0.0,6.817073170731708,4.0,7.777591402165345,0.021798365122615803,0.023355391202802646,0.009342156481121059
Closure-43.json,Defects4J,0.8244315981864929,0.8194592595100403,0.8154457211494446,1.0,0.9932227730751038,0.8333333333333334,5.905000000000001,9.646666666666668,0.0,1.3333333333333333,0.0,6.0,0.0,0.0,0.0,0.0,0.0,0.0,0.0,0.0,0.05298664906710747,,6.416666666666668,59.745000000000005,9.066666666666666,22.666666666666664,5.166666666666667,31.0,1.0,1.0,6.0,6.0,0.17573592793231638,1.0544155675938982,0.0,0.0,0.0,0.0,0.0,0.16666666666666666,0.0,0.16666666666666666,0.0,0.0,0.0,0.3333333333333333,0.0,0.0,0.0,0.16666666666666666,0.0,0.6666666666666666,0.0,0.0,0.0,1.0,1.0,,6.0,6.0,0.0,,1.6666666666666667,1.5,0.7453559924999299,0.0,5.166666666666667,5.0,3.0230595245361758,0.0,0.0,0.0
Codec-3.json,Defects4J,0.7741273045539856,0.7733823855717977,0.7729136943817139,0.4744274318218231,1.2060383558273315,0.5007974481658692,31.401074766355137,16.206542056074763,0.0,4.425926034958754,1.9085529761708382,627.0,0.07203533809038397,0.14644920149507307,0.32076112810057766,0.23649337410805302,0.20489296636085627,0.20489296636085627,0.14644920149507307,0.0061162079510703364,11.323343507429694,0.6492821148463658,22.809579439252335,26.81848130841125,26.072897196261682,78.96728971962617,4.21371610845295,2232.0,8.0,128.0,428.0,193.0,131.94655665759896,82730.49102431454,0.030303030303030304,0.06379585326953748,0.022328548644338118,0.02711323763955343,0.01594896331738437,0.049441786283891544,0.0,0.1419457735247209,0.04146730462519936,0.003189792663476874,0.009569377990430622,0.09728867623604466,0.2934609250398724,0.017543859649122806,0.011164274322169059,0.046251993620414676,0.006379585326953748,0.4287636071285601,0.06757206803470123,0.0,0.0,0.45093457943925236,13.625,0.6595964084068934,53.5,35.5,39.6232255123179,17.410965686947208,1.485981308411215,1.0,1.0080469316817815,0.0,5.537383177570093,4.0,5.737318781199122,0.010873258579680599,0.01529051987767584,0.03669724770642202
Closure-14.json,Defects4J,0.8244315981864929,0.8194592595100403,0.8154457211494446,1.0,0.9932227730751038,0.8333333333333334,5.905000000000001,9.646666666666668,0.0,1.3333333333333333,0.0,6.0,0.0,0.0,0.0,0.0,0.0,0.0,0.0,0.0,0.05298664906710747,,6.416666666666668,59.745000000000005,9.066666666666666,22.666666666666664,5.166666666666667,31.0,1.0,1.0,6.0,6.0,0.17573592793231638,1.0544155675938982,0.0,0.0,0.0,0.0,0.0,0.16666666666666666,0.0,0.16666666666666666,0.0,0.0,0.0,0.3333333333333333,0.0,0.0,0.0,0.16666666666666666,0.0,0.6666666666666666,0.0,0.0,0.0,1.0,1.0,,6.0,6.0,0.0,,1.6666666666666667,1.5,0.7453559924999299,0.0,5.166666666666667,5.0,3.0230595245361758,0.0,0.0,0.0
JxPath-3.json,Defects4J,0.7559003829956055,0.753602663675944,0.7521475553512573,0.4307522177696228,1.2177255153656006,0.43902439024390244,28.66789895255699,23.40894639556377,0.0,5.5227817199527545,4.455079091491752,820.0,0.1390959925442684,0.28378378378378377,0.4058713886300093,0.3776794035414725,0.33201304753028893,0.29869524697110905,0.28378378378378377,0.00046598322460391424,13.29127296689689,0.5971893132996878,18.389863216266182,27.455059765865713,19.528330252618613,69.33838570548367,4.837804878048781,3177.0,15.0,100.0,541.0,243.0,721.9591993053234,592006.5434303652,0.023170731707317073,0.024390243902439025,0.013414634146341463,0.00975609756097561,0.014634146341463415,0.023170731707317073,0.0024390243902439024,0.13902439024390245,0.03048780487804878,0.007317073170731708,0.023170731707317073,0.10609756097560975,0.32195121951219513,0.014634146341463415,0.01097560975609756,0.06219512195121951,0.018292682926829267,0.40992624852264115,0.12838959213073392,0.004081632653061225,0.0,0.4491682070240296,12.0,0.5423839851640738,36.06666666666667,27.0,33.86338566784026,15.381575749822971,1.6876155268022182,1.0,1.9005821775795542,0.0,6.8077634011090575,4.0,7.995147256659259,0.010251630941286114,0.009086672879776329,0.011183597390493943
Mockito-20.json,Defects4J,0.7932578921318054,0.7925724585851034,0.7918561100959778,0.2883886396884918,1.273390531539917,0.6502242152466368,18.653323483399966,18.156175908221794,0.0,4.1346626350138775,2.3360204699370564,669.0,0.0037991858887381274,0.055359565807327,0.11234735413839891,0.09199457259158751,0.09199457259158751,0.055359565807327,0.055359565807327,0.0,12.444557115462956,0.3633143085808981,14.21291239353381,35.50491699982618,16.468937945419782,56.659916565270294,4.941704035874439,3249.0,22.0,145.0,523.0,236.0,379.4690562620034,253864.79863928028,0.07473841554559044,0.043348281016442454,0.013452914798206279,0.029895366218236172,0.013452914798206279,0.028400597907324365,0.0014947683109118087,0.16143497757847533,0.01943198804185351,0.029895366218236172,0.03139013452914798,0.11061285500747384,0.20179372197309417,0.01195814648729447,0.008968609865470852,0.08819133034379671,0.03288490284005979,0.44271832324524046,0.06191244769760489,0.0,0.037037037037037035,0.45124282982791586,7.818181818181818,0.35997472479939463,23.772727272727273,22.5,14.472330396568413,14.747713142868488,1.739961759082218,1.0,1.3609093231799572,0.004282655246252677,5.986615678776291,4.0,5.988022830472741,0.008683853459972864,0.008141112618724558,0.028222523744911805
Jsoup-83.json,Defects4J,0.809821605682373,0.8067589600880941,0.8038544058799744,0.15249070525169373,1.165235996246338,0.7903225806451613,16.186523809523806,15.327428571428573,0.0,3.4819646186722846,0.557182460873361,248.0,0.0,0.0,0.12247838616714697,0.12247838616714697,0.12247838616714697,0.08357348703170028,0.08357348703170028,0.0,5.848241162356495,0.24278751073870808,11.490952380952383,54.23738095238096,14.476190476190476,49.523809523809526,4.830645161290323,1195.0,9.0,87.0,210.0,141.0,1.3976781788345745,346.62418835097446,0.06048387096774194,0.04032258064516129,0.04435483870967742,0.06048387096774194,0.020161290322580645,0.07258064516129033,0.0,0.1814516129032258,0.024193548387096774,0.024193548387096774,0.07258064516129033,0.06048387096774194,0.12903225806451613,0.016129032258064516,0.020161290322580645,0.11693548387096774,0.028225806451612902,0.3718868578450958,0.049826036335582496,0.0,0.0,0.6714285714285714,6.111111111111111,0.2561115420290402,23.333333333333332,18.0,12.849556844930921,13.023866798666859,1.5238095238095237,1.0,1.1388819755334665,0.00975609756097561,5.5095238095238095,4.0,5.420631202211186,0.037463976945244955,0.04899135446685879,0.07204610951008646
JxPath-19.json,Defects4J,0.7677794098854065,0.7655224601427714,0.7635101675987244,0.23523934185504913,1.1945425271987915,0.5244956772334294,20.656172248803827,20.422255639097745,0.0,2.926435252960968,1.6572050633270077,347.0,0.03556485355648536,0.0,0.0502092050209205,0.0502092050209205,0.0,0.0,0.0,0.0010460251046025104,5.897871892821333,0.27216957695782185,11.540909090909093,55.390454545454574,13.432125768967877,51.249487354750514,5.115273775216139,1399.0,11.0,70.0,266.0,163.0,1.0497448271515952,364.2614550216036,0.03170028818443804,0.037463976945244955,0.011527377521613832,0.01729106628242075,0.008645533141210375,0.040345821325648415,0.002881844380403458,0.1239193083573487,0.04899135446685879,0.011527377521613832,0.02881844380403458,0.13256484149855907,0.207492795389049,0.011527377521613832,0.020172910662824207,0.06051873198847262,0.040345821325648415,0.3918942620554086,0.13500011487132885,0.0,0.0,0.6127819548872181,6.545454545454546,0.20129174325201246,24.181818181818183,14.0,29.856682461440784,11.741389052700956,1.5,1.0,1.4541876268677774,0.0,6.368421052631579,4.0,8.127252663279878,0.005230125523012552,0.0,0.0
Collections-8.json,Defects4J,0.7577694654464722,0.7551530599594116,0.7537886500358582,0.25745075941085815,1.2423205375671387,0.5935334872979214,18.346744186046514,19.060465116279072,0.0,3.3311753367662438,1.487022018650577,433.0,0.035466775377089275,0.0,0.006522625356706074,0.0,0.0,0.0,0.0,0.0,7.981343369993343,0.3768027608593305,9.946162790697674,62.04738372093027,12.553488372093023,47.08139534883721,5.115473441108545,1775.0,16.0,104.0,344.0,193.0,6.757179991449696,2925.8589362977186,0.03926096997690531,0.02771362586605081,0.009237875288683603,0.03233256351039261,0.016166281755196306,0.053117782909930716,0.0,0.14087759815242495,0.05542725173210162,0.018475750577367205,0.03695150115473441,0.11316397228637413,0.16166281755196305,0.025404157043879907,0.03464203233256351,0.09237875288683603,0.016166281755196306,0.4058435139650154,0.1325801772209166,0.0,0.0,0.561046511627907,5.5,0.30410209936755045,21.5,16.5,17.30606829987678,11.45678717892309,1.4534883720930232,1.0,1.0472219811347394,0.0,6.162790697674419,4.0,7.273894809548636,0.0036689767631471666,0.0036689767631471666,0.0
Chart-11.json,Defects4J,0.827564001083374,0.8265837828318278,0.8246508240699768,0.32827848196029663,1.2970010042190552,0.7777777777777778,18.06526315789474,20.088421052631578,0.0,2.755952380952381,0.32738095238095255,45.0,0.0,0.0,0.0,0.0,0.0,0.0,0.0,0.0,0.9898817461042544,0.5102645754814148,12.004210526315791,42.83947368421056,16.02105263157895,50.578947368421055,5.533333333333333,249.0,2.0,14.0,38.0,30.0,0.05979813871566422,2.69091624220489,0.13333333333333333,0.08888888888888889,0.022222222222222223,0.022222222222222223,0.0,0.1111111111111111,0.0,0.13333333333333333,0.044444444444444446,0.0,0.0,0.2222222222222222,0.1111111111111111,0.0,0.022222222222222223,0.06666666666666667,0.0,0.4226190476190476,0.005952380952380931,0.0,0.0,0.7894736842105263,6.0,,19.0,19.0,1.0,,1.7105263157894737,1.0,1.0980340023697404,0.02702702702702703,6.368421052631579,4.0,5.4358510331220105,0.0,0.0,0.0
Math-68.json,Defects4J,0.7337415814399719,0.7291914621988932,0.7252371311187744,0.10947968065738678,1.2043026685714722,0.5088757396449705,37.719857142857144,35.35028571428572,0.0,3.149427139276763,0.5975931962114076,169.0,0.06505295007564296,0.0,0.1361573373676248,0.1361573373676248,0.1361573373676248,0.1361573373676248,0.0,0.0,1.9878064963772004,0.4797211289405823,16.51857142857143,38.97142857142859,20.571428571428573,75.71428571428572,7.497041420118343,837.0,4.0,19.0,140.0,100.0,0.04319233549603884,7.299504698830564,0.011834319526627219,0.03550295857988166,0.0,0.005917159763313609,0.0,0.029585798816568046,0.0,0.10059171597633136,0.0650887573964497,0.005917159763313609,0.023668639053254437,0.20118343195266272,0.1301775147928994,0.0,0.03550295857988166,0.08284023668639054,0.01775147928994083,0.4979099534550663,0.05352813076910062,0.0,0.0,0.7142857142857143,14.25,0.6143983602523804,35.0,31.5,19.11805429430516,16.827784334635936,1.5642857142857143,1.0,1.0570221938858932,0.0,8.842857142857143,5.5,9.658653727965131,0.00680786686838124,0.00680786686838124,0.0
Math-87.json,Defects4J,0.7426625490188599,0.7403314908345541,0.737380862236023,0.32318663597106934,1.1727139949798584,0.6150234741784038,25.502912087912087,27.289670329670326,0.0,2.4290036921085307,1.2747525058716973,213.0,0.06560636182902585,0.0,0.055666003976143144,0.0,0.0,0.0,0.0,0.0026507620941020544,2.843914453168529,0.4514275843809758,10.334148351648356,61.492101648351664,12.616483516483518,57.36538461538461,6.60093896713615,1003.0,8.0,44.0,182.0,128.0,0.08067087184511976,17.18289570301051,0.03286384976525822,0.046948356807511735,0.009389671361502348,0.03286384976525822,0.004694835680751174,0.056338028169014086,0.0,0.12206572769953052,0.046948356807511735,0.018779342723004695,0.014084507042253521,0.20657276995305165,0.09859154929577464,0.0,0.03755868544600939,0.07511737089201878,0.014084507042253521,0.4163000977517106,0.16812934586335113,0.0,0.0,0.7032967032967034,7.875,0.2612751567115386,22.75,17.5,20.17269193736919,11.20814326018867,1.445054945054945,1.0,1.0455309115903417,0.0,7.549450549450549,5.0,8.714978562593013,0.01855533465871438,0.005964214711729622,0.0
Csv-6.json,Defects4J,0.7476726770401001,0.7459210554758707,0.7446479797363281,0.17795825004577637,1.220376968383789,0.4857142857142857,35.56884615384615,30.2548717948718,0.0,5.4967306998557,2.0131675865208867,210.0,0.06291148500365765,0.0,0.061448427212874905,0.0,0.0,0.0,0.0,0.0,2.366704631238708,0.7553042968114217,17.39564102564103,39.80769230769232,19.702564102564104,71.05128205128204,6.180952380952381,902.0,4.0,21.0,156.0,118.0,0.05077237358060527,10.662198451927106,0.0380952380952381,0.023809523809523808,0.004761904761904762,0.009523809523809525,0.0,0.01904761904761905,0.0,0.12380952380952381,0.0380952380952381,0.0,0.014285714285714285,0.17142857142857143,0.21428571428571427,0.014285714285714285,0.02857142857142857,0.06190476190476191,0.02857142857142857,0.46320346320346323,0.02583839044656564,0.0,0.0,0.7564102564102564,12.5,0.77439084649086,39.0,39.0,9.924716620639604,14.554592549557764,1.5064102564102564,1.0,1.1006804123591991,0.0,7.961538461538462,5.0,9.096269040307071,0.008778346744696415,0.006583760058522311,0.0
Csv-15.json,Defects4J,0.7648335695266724,0.763392448425293,0.7611180543899536,0.22961924970149994,1.2718093395233154,0.5736434108527132,35.16239130434783,21.975845410628022,0.0,3.82103851010101,1.0794802033847533,258.0,0.04370860927152318,0.0,0.11589403973509933,0.11589403973509933,0.11589403973509933,0.060927152317880796,0.060927152317880796,0.0,3.4488599845680783,0.8369172016779581,21.237910628019325,34.9696195652174,24.17826086956522,81.21859903381642,5.437984496124031,1068.0,4.0,42.0,207.0,138.0,0.12195543347727583,31.464501837137163,0.03488372093023256,0.027131782945736434,0.007751937984496124,0.011627906976744186,0.003875968992248062,0.031007751937984496,0.011627906976744186,0.10465116279069768,0.03488372093023256,0.015503875968992248,0.007751937984496124,0.22093023255813954,0.15891472868217055,0.023255813953488372,0.027131782945736434,0.07364341085271318,0.01937984496124031,0.44848484848484854,0.03256364291998648,0.0,0.0,0.6666666666666666,15.25,0.8218750953674316,51.75,54.5,18.833148966649205,15.247664890283005,1.4106280193236715,1.0,0.8957673372589232,0.0,6.521739130434782,5.0,7.198917046143891,0.018543046357615896,0.005960264900662252,0.0
Compress-10.json,Defects4J,0.7789582014083862,0.7763257424036661,0.77387934923172,0.3184295892715454,1.1753418445587158,0.684931506849315,19.923725490196077,21.641568627450976,0.0,2.6664773356636102,1.0122829440946697,365.0,0.029539530842745437,0.0,0.05473501303214596,0.0,0.0,0.0,0.0,0.0008688097306689834,7.5118152947886365,0.38528663736568497,9.48756862745098,63.37605882352945,11.820130718954248,53.40653594771241,5.715068493150685,1758.0,15.0,100.0,306.0,195.0,5.012415532936153,1829.5316695216957,0.030136986301369864,0.07397260273972603,0.030136986301369864,0.030136986301369864,0.005479452054794521,0.07397260273972603,0.0,0.136986301369863,0.04657534246575343,0.01643835616438356,0.024657534246575342,0.14520547945205478,0.12876712328767123,0.01643835616438356,0.021917808219178082,0.0958904109589041,0.005479452054794521,0.44556392300509945,0.13815354330334254,0.0,0.0,0.6372549019607843,6.733333333333333,0.2398668660853918,20.4,20.0,12.8,10.934197308810441,1.4509803921568627,1.0,1.0190420753087281,0.0,6.61437908496732,5.0,6.933506957673844,0.015204170286707211,0.003909643788010426,0.04691572545612511
Jsoup-3.json,Defects4J,0.8118910193443298,0.8089407483736674,0.8074169754981995,0.27364155650138855,1.163973331451416,0.8539325842696629,29.05317073170732,20.909268292682928,0.0,3.10375,0.58375,89.0,0.0,0.21262458471760798,0.21262458471760798,0.21262458471760798,0.21262458471760798,0.21262458471760798,0.21262458471760798,0.0,1.7376210461875774,0.6470484733581543,20.978048780487807,17.685853658536615,24.20487804878049,73.92682926829269,5.943820224719101,529.0,2.0,27.0,82.0,57.0,0.06386298668395925,5.683805814872373,0.056179775280898875,0.056179775280898875,0.011235955056179775,0.056179775280898875,0.011235955056179775,0.0449438202247191,0.0,0.1797752808988764,0.0449438202247191,0.011235955056179775,0.06741573033707865,0.12359550561797752,0.06741573033707865,0.056179775280898875,0.011235955056179775,0.14606741573033707,0.033707865168539325,0.38656250000000003,0.0665625,0.0,0.0,0.6951219512195121,13.5,,41.0,41.0,18.0,,1.7439024390243902,1.0,1.314190612541275,0.025,6.365853658536586,4.0,5.819463128204816,0.08637873754152824,0.09302325581395349,0.12624584717607973
Math-48.json,Defects4J,0.7144126296043396,0.7098681529362997,0.7070893049240112,0.21780113875865936,1.2092617750167847,0.4609375,36.750156249999996,32.092291666666654,0.0,4.563703742640874,1.3907996898783184,256.0,0.08645533141210375,0.0,0.05763688760806916,0.0,0.0,0.0,0.0,0.03804034582132565,2.633052860697065,0.7246333062648773,18.13079166666667,33.46837500000001,20.776666666666667,76.42083333333332,6.45703125,1134.0,5.0,18.0,192.0,141.0,0.054360114477752165,13.916189306304554,0.03515625,0.03515625,0.0,0.0078125,0.0,0.015625,0.0,0.11328125,0.0546875,0.0,0.0,0.19140625,0.21875,0.0,0.02734375,0.06640625,0.015625,0.43721614802354924,0.06659962026785043,0.0,0.0,0.734375,14.6,0.7052921454111735,38.4,40.0,17.488281790959338,16.15616582465906,1.5885416666666667,1.0,1.173702279085525,0.0,8.276041666666666,5.0,9.073877855228007,0.0069164265129683,0.005187319884726225,0.0
Closure-34.json,Defects4J,0.8244315981864929,0.8194592595100403,0.8154457211494446,1.0,0.9932227730751038,0.8333333333333334,5.905000000000001,9.646666666666668,0.0,1.3333333333333333,0.0,6.0,0.0,0.0,0.0,0.0,0.0,0.0,0.0,0.0,0.05298664906710747,,6.416666666666668,59.745000000000005,9.066666666666666,22.666666666666664,5.166666666666667,31.0,1.0,1.0,6.0,6.0,0.17573592793231638,1.0544155675938982,0.0,0.0,0.0,0.0,0.0,0.16666666666666666,0.0,0.16666666666666666,0.0,0.0,0.0,0.3333333333333333,0.0,0.0,0.0,0.16666666666666666,0.0,0.6666666666666666,0.0,0.0,0.0,1.0,1.0,,6.0,6.0,0.0,,1.6666666666666667,1.5,0.7453559924999299,0.0,5.166666666666667,5.0,3.0230595245361758,0.0,0.0,0.0
Compress-47.json,Defects4J,0.7398039102554321,0.7385696172714233,0.7361544966697693,0.1464095413684845,1.22390615940094,0.43727598566308246,36.67043193717278,40.5903664921466,0.0,3.4291896446078436,1.5990345976560731,279.0,0.032116788321167884,0.15425790754257906,0.2773722627737226,0.2773722627737226,0.23065693430656933,0.23065693430656933,0.17518248175182483,0.0,3.977300041397493,0.6145937336342675,15.467846858638744,26.689833115183262,16.251570680628273,69.42473821989529,7.025089605734767,1449.0,8.0,24.0,191.0,124.0,0.1913001266620785,53.3727353387199,0.02867383512544803,0.02867383512544803,0.025089605734767026,0.014336917562724014,0.0,0.017921146953405017,0.0,0.08602150537634409,0.05017921146953405,0.0,0.007168458781362007,0.15053763440860216,0.2831541218637993,0.017921146953405017,0.021505376344086023,0.06810035842293907,0.025089605734767026,0.4410232843137255,0.0829821515994894,0.0,0.0,0.6492146596858639,10.875,0.44694760628044605,23.875,21.0,16.503314061121177,14.554592549557764,1.8429319371727748,1.0,1.9351907222527465,0.007042253521126761,9.801047120418849,6.0,10.570738974345561,0.01167883211678832,0.008759124087591242,0.040875912408759124
JacksonDatabind-95.json,Defects4J,0.7857730388641357,0.7834300994873047,0.7811357378959656,0.2200556844472885,1.1527807712554932,0.6860068259385665,26.212246963562755,34.82771929824561,0.0,1.9655785728237294,0.8331455998027577,293.0,0.0,0.0,0.2223175965665236,0.06781115879828326,0.04377682403433476,0.04377682403433476,0.0,0.0,8.098947345525474,0.5249643029272556,15.518596491228074,-0.5789271255060555,13.33225371120108,42.54116059379217,7.3720136518771335,2120.0,26.0,79.0,228.0,134.0,11.232088612124192,3291.0019633523884,0.06484641638225255,0.09556313993174062,0.010238907849829351,0.034129692832764506,0.010238907849829351,0.040955631399317405,0.0034129692832764505,0.14675767918088736,0.05802047781569966,0.017064846416382253,0.03754266211604096,0.09897610921501707,0.21843003412969283,0.017064846416382253,0.0034129692832764505,0.06484641638225255,0.013651877133105802,0.4573053806682114,0.10818437982446205,0.0,0.0,0.5877192982456141,2.9615384615384617,0.5187092603494724,8.76923076923077,4.0,10.382335932163052,11.51311941424646,2.3464912280701755,1.0,2.710948556222426,0.009523809523809525,9.18421052631579,5.0,12.284325906341891,0.030042918454935622,0.16609442060085836,0.16995708154506436
Math-4.json,Defects4J,0.7106187343597412,0.7055644392967224,0.7021403908729553,0.31178104877471924,1.2083863019943237,0.5128205128205128,33.53730769230769,35.45384615384616,0.0,2.665495093142152,1.4313592568930105,195.0,0.05725699067909454,0.0,0.04660452729693742,0.0,0.0,0.0,0.0,0.0,2.4924652250044517,0.2950016364455223,12.703846153846158,50.29115384615386,15.015384615384617,61.8974358974359,7.328205128205128,913.0,6.0,27.0,156.0,116.0,0.062005366975700894,12.091046560261674,0.03076923076923077,0.035897435897435895,0.005128205128205128,0.010256410256410256,0.010256410256410256,0.041025641025641026,0.0,0.12307692307692308,0.07179487179487179,0.005128205128205128,0.005128205128205128,0.1794871794871795,0.15384615384615385,0.010256410256410256,0.035897435897435895,0.05641025641025641,0.010256410256410256,0.3416948737536973,0.16570620463011498,0.0,0.0,0.7435897435897436,9.333333333333334,0.2015382144600153,26.0,16.5,21.939310229205777,13.023866798666859,1.5384615384615385,1.0,1.3125851151137384,0.0,8.91025641025641,5.0,10.401782265228789,0.0039946737683089215,0.005992010652463382,0.0
Mockito-16.json,Defects4J,0.8273728489875793,0.8226843674977621,0.818372368812561,1.0,1.1956604719161987,0.8,3.678000000000001,6.504000000000001,0.0,1.2,0.0,5.0,0.0,0.0,0.0,0.0,0.0,0.0,0.0,0.0,0.05305602573781134,,2.879999999999999,83.32000000000004,10.0,25.0,4.8,24.0,1.0,1.0,5.0,5.0,0.21089774439461811,1.0544887219730905,0.0,0.0,0.0,0.0,0.0,0.2,0.0,0.2,0.0,0.0,0.0,0.2,0.0,0.0,0.0,0.2,0.0,0.6,0.0,0.0,0.0,1.0,1.0,,5.0,5.0,0.0,,1.4,1.0,0.8,0.0,4.8,4.0,3.3105890714493698,0.0,0.0,0.0
Closure-22.json,Defects4J,0.8244315981864929,0.8194592595100403,0.8154457211494446,1.0,0.9932227730751038,0.8333333333333334,5.905000000000001,9.646666666666668,0.0,1.3333333333333333,0.0,6.0,0.0,0.0,0.0,0.0,0.0,0.0,0.0,0.0,0.05298664906710747,,6.416666666666668,59.745000000000005,9.066666666666666,22.666666666666664,5.166666666666667,31.0,1.0,1.0,6.0,6.0,0.17573592793231638,1.0544155675938982,0.0,0.0,0.0,0.0,0.0,0.16666666666666666,0.0,0.16666666666666666,0.0,0.0,0.0,0.3333333333333333,0.0,0.0,0.0,0.16666666666666666,0.0,0.6666666666666666,0.0,0.0,0.0,1.0,1.0,,6.0,6.0,0.0,,1.6666666666666667,1.5,0.7453559924999299,0.0,5.166666666666667,5.0,3.0230595245361758,0.0,0.0,0.0
JacksonDatabind-83.json,Defects4J,0.7685444355010986,0.766655445098877,0.7644663453102112,0.17837952077388763,1.1463667154312134,0.566,27.577803598200894,33.98091954022988,0.0,2.9800051866703714,1.3194896786931407,500.0,0.045151953690303906,0.1499276410998553,0.24862518089725036,0.18639652677279306,0.1499276410998553,0.1499276410998553,0.1499276410998553,0.0,9.56130116118096,0.6125597445802256,16.793053473263374,1.6138155922039061,14.328035982008997,49.90054972513743,6.44,3050.0,23.0,85.0,348.0,182.0,28.408632571330376,14204.316285665187,0.048,0.044,0.014,0.022,0.004,0.028,0.0,0.156,0.026,0.024,0.016,0.146,0.29,0.004,0.006,0.048,0.02,0.4708666162819393,0.07496427441064621,0.0,0.015151515151515152,0.5229885057471264,5.260869565217392,0.5173646495455787,15.130434782608695,12.0,14.674154587383985,13.236681829239998,2.2442528735632186,1.0,2.6295395917898996,0.006734006734006734,8.798850574712644,5.0,11.457307001922082,0.006946454413892909,0.011577424023154847,0.010419681620839363
JacksonDatabind-7.json,Defects4J,0.800979495048523,0.7979033390680949,0.7950536012649536,0.1544908881187439,1.22568678855896,0.75,25.932307692307695,22.903589743589745,0.0,3.648349625285109,0.6315076161104586,192.0,0.0,0.0,0.07823960880195599,0.0,0.0,0.0,0.0,0.0,4.0197443328983855,0.462215855717659,18.589538461538464,17.355461538461554,20.94153846153846,66.45641025641025,5.692708333333333,1092.0,5.0,55.0,156.0,111.0,0.2900357640980572,55.68686670682698,0.09375,0.052083333333333336,0.020833333333333332,0.057291666666666664,0.026041666666666668,0.015625,0.0,0.16145833333333334,0.057291666666666664,0.010416666666666666,0.041666666666666664,0.09375,0.15104166666666666,0.026041666666666668,0.010416666666666666,0.09895833333333333,0.010416666666666666,0.4604610622352558,0.025743487455737048,0.0,0.0625,0.7115384615384616,11.0,0.4216247995694478,31.2,34.0,7.858753081755401,17.80541091248751,1.8653846153846154,1.0,1.4504046228620908,0.020689655172413793,6.743589743589744,5.0,6.401994676012288,0.035859820700896494,0.0,0.0
Closure-75.json,Defects4J,0.8244315981864929,0.8194592595100403,0.8154457211494446,1.0,0.9932227730751038,0.8333333333333334,5.905000000000001,9.646666666666668,0.0,1.3333333333333333,0.0,6.0,0.0,0.0,0.0,0.0,0.0,0.0,0.0,0.0,0.05298664906710747,,6.416666666666668,59.745000000000005,9.066666666666666,22.666666666666664,5.166666666666667,31.0,1.0,1.0,6.0,6.0,0.17573592793231638,1.0544155675938982,0.0,0.0,0.0,0.0,0.0,0.16666666666666666,0.0,0.16666666666666666,0.0,0.0,0.0,0.3333333333333333,0.0,0.0,0.0,0.16666666666666666,0.0,0.6666666666666666,0.0,0.0,0.0,1.0,1.0,,6.0,6.0,0.0,,1.6666666666666667,1.5,0.7453559924999299,0.0,5.166666666666667,5.0,3.0230595245361758,0.0,0.0,0.0
Math-72.json,Defects4J,0.7202809453010559,0.7161577741305033,0.7135905027389526,0.19564397633075714,1.2042917013168335,0.5465116279069767,40.48489361702127,31.527659574468085,0.0,3.778607340372046,1.0461683258027956,172.0,0.121285140562249,0.0,0.06746987951807229,0.0,0.0,0.0,0.0,0.05301204819277108,1.830664552567125,0.7971315085887909,19.47758865248227,39.129999999999995,22.48794326241135,80.33333333333333,6.866279069767442,734.0,3.0,19.0,141.0,102.0,0.036267620818301295,6.238030780747823,0.05232558139534884,0.011627906976744186,0.011627906976744186,0.01744186046511628,0.023255813953488372,0.023255813953488372,0.0,0.10465116279069768,0.05232558139534884,0.005813953488372093,0.0,0.22093023255813954,0.13953488372093023,0.011627906976744186,0.03488372093023256,0.05232558139534884,0.01744186046511628,0.5068376068376068,0.019452660985882123,0.0,0.0,0.723404255319149,15.666666666666666,0.8077810406684875,47.0,50.0,14.445299120013633,15.021129683784007,1.4184397163120568,1.0,0.8091325218128602,0.0,8.156028368794326,5.0,9.640549473718995,0.007228915662650603,0.007228915662650603,0.0
Lang-30.json,Defects4J,0.7552340626716614,0.7527958552042643,0.7502174973487854,0.2767934501171112,1.1607441902160645,0.4819734345351044,25.268349999999998,26.60586666666666,0.0,3.2903864051820686,2.2688976648980828,527.0,0.02376425855513308,0.1850443599493029,0.41825095057034223,0.3368187579214195,0.24524714828897337,0.1850443599493029,0.1850443599493029,0.0006337135614702154,7.428087905631339,0.5512882545590401,11.612491666666667,53.55153750000002,13.748333333333335,62.6375,5.573055028462998,2508.0,16.0,40.0,375.0,194.0,3.19276514227774,1682.5872299803689,0.030360531309297913,0.013282732447817837,0.009487666034155597,0.011385199240986717,0.0056925996204933585,0.015180265654648957,0.0,0.14041745730550284,0.06641366223908918,0.007590132827324478,0.007590132827324478,0.20872865275142316,0.2618595825426945,0.0056925996204933585,0.020872865275142316,0.03984819734345351,0.011385199240986717,0.4669396604363958,0.09409104847120024,0.0,0.0,0.5173333333333333,9.1875,0.5565507316163608,23.4375,13.0,23.950388175351147,12.273956033585218,1.5306666666666666,1.0,1.1306603773409982,0.0,7.426666666666667,5.0,8.349328648992618,0.0076045627376425855,0.006653992395437262,0.0063371356147021544
Jsoup-76.json,Defects4J,0.7918317914009094,0.7882609367370605,0.7853264212608337,0.2517925500869751,1.23147714138031,0.6570048309178744,39.12563636363637,24.928727272727276,0.0,4.752596301963391,0.8295007517521799,207.0,0.0,0.12434456928838951,0.24794007490636705,0.24794007490636705,0.18352059925093633,0.13707865168539327,0.12434456928838951,0.0,4.1310545611709895,0.6555577367544174,27.529090909090915,-4.346363636363606,28.78787878787879,87.72727272727272,5.830917874396135,1197.0,3.0,51.0,165.0,97.0,0.3006933717108618,62.2435279441484,0.01932367149758454,0.057971014492753624,0.024154589371980676,0.028985507246376812,0.01932367149758454,0.01932367149758454,0.0,0.15942028985507245,0.03864734299516908,0.028985507246376812,0.043478260869565216,0.11594202898550725,0.18357487922705315,0.01932367149758454,0.01932367149758454,0.08695652173913043,0.014492753623188406,0.4216307836561001,0.01667292760672762,0.0,0.0,0.5878787878787879,18.0,0.4265190362930298,55.0,59.0,5.656854249492381,20.581828153500815,1.8363636363636364,1.0,1.875813872949663,0.02127659574468085,7.0181818181818185,4.0,10.91536183399076,0.01348314606741573,0.0149812734082397,0.008988764044943821
Collections-27.json,Defects4J,0.7286372780799866,0.7241144378980001,0.7212060689926147,0.22161388397216797,1.2153069972991943,0.6057971014492753,30.763611285266457,31.779862068965524,0.0,2.5303833623421252,1.1104753893250736,345.0,0.032836960672012215,0.0,0.0,0.0,0.0,0.0,0.0,0.0,5.0519781251937745,0.3448650881648064,17.07112852664577,19.627633228840153,17.855799373040753,68.43260188087774,7.133333333333334,1988.0,11.0,63.0,290.0,189.0,0.45313449829537356,156.33140191190387,0.03188405797101449,0.0463768115942029,0.005797101449275362,0.034782608695652174,0.011594202898550725,0.020289855072463767,0.0,0.14202898550724638,0.05217391304347826,0.014492753623188406,0.02608695652173913,0.1681159420289855,0.12753623188405797,0.008695652173913044,0.02318840579710145,0.0927536231884058,0.008695652173913044,0.45642777182725636,0.03498127978431674,0.0,0.0,0.6517241379310345,11.090909090909092,0.23063887945479816,26.363636363636363,13.0,26.98576300493795,15.668782140382117,1.896551724137931,1.0,2.6953961718431456,0.013215859030837005,8.282758620689656,6.0,11.488647138791714,0.012218403970981291,0.003436426116838488,0.0
Time-25.json,Defects4J,0.7900718450546265,0.7889966567357382,0.788161039352417,0.2627377212047577,1.2996996641159058,0.5342465753424658,15.737102803738317,12.79570093457944,0.0,3.509250652315721,2.6565941915163114,292.0,0.0007507507507507507,0.054804804804804805,0.13588588588588588,0.11561561561561562,0.11561561561561562,0.11561561561561562,0.054804804804804805,0.0,7.205268000362967,0.366459245128291,12.763060747663555,51.202441588785064,15.55981308411215,50.11448598130841,3.9863013698630136,1164.0,8.0,61.0,214.0,117.0,4.611320221414846,1346.505504653135,0.06506849315068493,0.04452054794520548,0.0136986301369863,0.0410958904109589,0.003424657534246575,0.03767123287671233,0.0,0.11986301369863013,0.136986301369863,0.017123287671232876,0.023972602739726026,0.07876712328767123,0.2328767123287671,0.010273972602739725,0.023972602739726026,0.06506849315068493,0.02054794520547945,0.44126819617536994,0.0759141103241632,0.0,0.0,0.5467289719626168,6.25,0.25289319703976315,26.75,14.0,27.165005061659752,13.427899808715576,1.5186915887850467,1.0,1.0967778501346908,0.00510204081632653,5.0514018691588785,4.0,5.008606881616478,0.013513513513513514,0.015765765765765764,0.024774774774774775
JacksonDatabind-40.json,Defects4J,0.8078721165657043,0.8065688212712606,0.8049382567405701,0.22438685595989227,1.158581018447876,0.7920792079207921,28.278501872659177,26.740674157303364,0.0,3.4285714285714284,0.44127983316311037,101.0,0.0,0.26506024096385544,0.26506024096385544,0.26506024096385544,0.26506024096385544,0.26506024096385544,0.26506024096385544,0.0,1.797731783559385,0.08385975658893585,18.917078651685397,12.2761423220974,20.405992509363298,62.250936329588015,6.643564356435643,671.0,3.0,30.0,89.0,68.0,0.05976179311827288,6.035941104945561,0.0594059405940594,0.06930693069306931,0.009900990099009901,0.039603960396039604,0.009900990099009901,0.0297029702970297,0.0,0.1485148514851485,0.0891089108910891,0.0297029702970297,0.0297029702970297,0.16831683168316833,0.10891089108910891,0.0297029702970297,0.009900990099009901,0.09900990099009901,0.009900990099009901,0.4347708894878706,0.08138108664534398,0.0,0.0,0.7640449438202247,9.666666666666666,0.3297468423843384,29.666666666666668,20.0,14.383632673594278,17.5058628484301,1.9438202247191012,1.0,1.7823072444862769,0.024096385542168676,7.404494382022472,4.0,8.327184534549499,0.0,0.0,0.0
Closure-170.json,Defects4J,0.8244315981864929,0.8194592595100403,0.8154457211494446,1.0,0.9932227730751038,0.8333333333333334,5.905000000000001,9.646666666666668,0.0,1.3333333333333333,0.0,6.0,0.0,0.0,0.0,0.0,0.0,0.0,0.0,0.0,0.05298664906710747,,6.416666666666668,59.745000000000005,9.066666666666666,22.666666666666664,5.166666666666667,31.0,1.0,1.0,6.0,6.0,0.17573592793231638,1.0544155675938982,0.0,0.0,0.0,0.0,0.0,0.16666666666666666,0.0,0.16666666666666666,0.0,0.0,0.0,0.3333333333333333,0.0,0.0,0.0,0.16666666666666666,0.0,0.6666666666666666,0.0,0.0,0.0,1.0,1.0,,6.0,6.0,0.0,,1.6666666666666667,1.5,0.7453559924999299,0.0,5.166666666666667,5.0,3.0230595245361758,0.0,0.0,0.0
Math-25.json,Defects4J,0.7428768277168274,0.7385719617207845,0.7346500158309937,0.21720820665359497,1.1584703922271729,0.47928994082840237,31.684641025641028,35.618153846153845,0.0,2.280874753001976,1.1404686611202806,169.0,0.06836248012718601,0.0,0.0,0.0,0.0,0.0,0.0,0.0,1.7536808882900088,0.31267931014299394,11.55846153846154,50.784871794871805,13.897435897435898,61.66666666666667,7.136094674556213,819.0,6.0,15.0,130.0,100.0,0.03417647194003015,5.775823757865096,0.01775147928994083,0.029585798816568046,0.005917159763313609,0.0,0.0,0.029585798816568046,0.0,0.09467455621301775,0.05917159763313609,0.011834319526627219,0.0,0.22485207100591717,0.17751479289940827,0.0,0.04142011834319527,0.05917159763313609,0.023668639053254437,0.38980088159294723,0.1895816220487552,0.0,0.0,0.7692307692307693,8.666666666666666,0.30564314872026443,21.666666666666668,18.5,19.37065363435685,12.745084868956482,1.5846153846153845,1.0,1.2327868078501925,0.0,8.976923076923077,6.0,9.722666130562672,0.007154213036565978,0.007154213036565978,0.0
Gson-15.json,Defects4J,0.7941431999206543,0.7908206780751547,0.7880932688713074,0.23560269176959991,1.1882718801498413,0.6048780487804878,22.71848121502798,27.758273381294952,0.0,3.620527898027898,1.8321767689666697,205.0,0.07625786163522012,0.2468553459119497,0.2971698113207547,0.2468553459119497,0.2468553459119497,0.2468553459119497,0.2468553459119497,0.0,4.37150312780191,0.4792839512228966,13.608872901678659,25.002054356514805,15.674180655475618,54.293365307753795,5.648780487804878,1122.0,9.0,38.0,139.0,96.0,0.38615870107324457,79.16253372001513,0.11219512195121951,0.024390243902439025,0.004878048780487805,0.07317073170731707,0.03902439024390244,0.004878048780487805,0.0,0.12682926829268293,0.03414634146341464,0.00975609756097561,0.014634146341463415,0.14634146341463414,0.2780487804878049,0.01951219512195122,0.004878048780487805,0.04878048780487805,0.0,0.39721620971620974,0.04174041553938265,0.0,0.0,0.6906474820143885,6.0,0.46448900018419537,15.444444444444445,13.0,10.740485309861842,14.06817628641468,1.9640287769784173,1.0,1.6066859942328406,0.06153846153846154,7.733812949640288,5.0,7.567989706337343,0.007861635220125786,0.018867924528301886,0.02830188679245283
Compress-5.json,Defects4J,0.7505571246147156,0.7483237981796265,0.7468202710151672,0.2988412380218506,1.1985130310058594,0.5521978021978022,20.34026002166847,21.35492957746479,0.0,3.1808389134746595,1.810170259988011,364.0,0.06795658329400661,0.049079754601226995,0.056630486078338836,0.056630486078338836,0.056630486078338836,0.056630486078338836,0.049079754601226995,0.0,5.507698948136299,0.3823736219977339,9.175774647887327,68.18721018418204,11.696208017334778,49.66305525460456,5.335164835164835,1488.0,13.0,74.0,284.0,173.0,0.6774260255969381,246.58307331728548,0.03021978021978022,0.03296703296703297,0.013736263736263736,0.038461538461538464,0.02197802197802198,0.046703296703296704,0.0,0.1346153846153846,0.04945054945054945,0.01098901098901099,0.03021978021978022,0.13736263736263737,0.17307692307692307,0.016483516483516484,0.02197802197802198,0.08516483516483517,0.008241758241758242,0.4282077274158722,0.08359873970254135,0.0,0.0,0.6091549295774648,6.076923076923077,0.3616968867453662,21.846153846153847,14.0,15.306339329462125,10.389873798559362,1.3767605633802817,1.0,0.877509720098466,0.0,6.549295774647887,4.0,7.622314779819724,0.004719207173194903,0.004247286455875413,0.014157621519584709
JacksonDatabind-104.json,Defects4J,0.7791905403137207,0.7785487373669943,0.7775617241859436,0.26332229375839233,1.14973783493042,0.42914438502673796,21.769995207859118,19.077881873727083,0.0,5.62677103500219,4.8238100869922595,748.0,0.030186608122941824,0.11909989023051591,0.32958287596048297,0.29006586169045007,0.19840834248079034,0.1942919868276619,0.11909989023051591,0.0,12.524625852353068,0.5273232499603182,14.659861027914225,41.40128549179349,16.35945848807955,58.0065891937223,4.4505347593582885,2981.0,17.0,75.0,491.0,210.0,367.6836325927324,275027.35717936384,0.0481283422459893,0.0213903743315508,0.008021390374331552,0.013368983957219251,0.04144385026737968,0.016042780748663103,0.0,0.15775401069518716,0.05614973262032086,0.0106951871657754,0.0106951871657754,0.09893048128342247,0.3088235294117647,0.0106951871657754,0.012032085561497326,0.040106951871657755,0.01871657754010695,0.39042023577223073,0.14251355873121005,0.011904761904761904,0.0,0.42769857433808556,8.411764705882353,0.43258382081985475,28.88235294117647,22.0,29.369616859327053,13.771669155767515,1.6089613034623218,1.0,1.8905492096702639,0.007462686567164179,6.1059063136456215,4.0,8.86588152051592,0.013721185510428101,0.009055982436882546,0.021130625686059275
Cli-24.json,Defects4J,0.7690526247024536,0.7669179836908976,0.7652885317802429,0.2514728605747223,1.1526081562042236,0.5509433962264151,33.702009569377985,26.227368421052628,0.0,3.227935522034901,1.9137405391781646,265.0,0.039739027283511266,0.0,0.10083036773428232,0.10083036773428232,0.0,0.0,0.0,0.0,3.5635166699878047,0.3933300571516156,18.94836363636364,33.662545454545494,22.461626794258372,78.64210526315789,5.947169811320754,1249.0,5.0,39.0,209.0,139.0,0.13315876298621715,35.28707219134755,0.03773584905660377,0.045283018867924525,0.0037735849056603774,0.01509433962264151,0.0037735849056603774,0.04905660377358491,0.0,0.15471698113207547,0.03773584905660377,0.007547169811320755,0.007547169811320755,0.16981132075471697,0.16981132075471697,0.007547169811320755,0.03018867924528302,0.06415094339622641,0.011320754716981131,0.39452947845804986,0.20175486086853328,0.0,0.0,0.6650717703349283,15.4,0.2119276624483367,41.8,40.0,25.70914234275426,17.122413403193683,1.5454545454545454,1.0,1.0440493989536201,0.0,7.267942583732057,5.0,7.523168430332603,0.005931198102016607,0.005338078291814947,0.0
Jsoup-21.json,Defects4J,0.8130303621292114,0.8108648260434469,0.8069469332695007,0.2285822182893753,1.2274365425109863,0.7892156862745098,15.290206718346248,16.563720930232552,0.0,2.971527409762704,0.5166477892977324,204.0,0.0,0.0,0.08666100254885302,0.059473237043330504,0.0,0.0,0.0,0.0,5.519439862262459,0.3932569934986532,10.935426356589147,50.700012919896665,13.225839793281654,51.669250645994836,5.019607843137255,1023.0,9.0,67.0,172.0,119.0,1.2230159134287828,249.4952463394717,0.049019607843137254,0.09313725490196079,0.0196078431372549,0.04411764705882353,0.014705882352941176,0.09803921568627451,0.0,0.20588235294117646,0.058823529411764705,0.014705882352941176,0.0196078431372549,0.06862745098039216,0.14215686274509803,0.024509803921568627,0.00980392156862745,0.09313725490196079,0.0196078431372549,0.4318646377469907,0.08767640114958793,0.0,0.0,0.6918604651162791,6.222222222222222,0.27195183081286295,19.11111111111111,14.0,8.986959001729419,12.457975602129121,1.6162790697674418,1.0,1.177982159725559,0.011976047904191617,5.767441860465116,4.0,5.4966679517869,0.025488530161427356,0.0,0.0
Cli-2.json,Defects4J,0.7518249750137329,0.7479001879692078,0.7458608150482178,0.20839479565620422,1.1625862121582031,0.5345345345345346,26.670822731128077,25.061374045801525,0.0,3.8478688341433442,2.1774506633163084,333.0,0.05437921077959577,0.0,0.05101058710298364,0.04619826756496631,0.0,0.0,0.0,0.0019249278152069298,4.190954773845021,0.5171929886564612,14.319058524173027,44.252107718405455,17.293299406276507,66.51569126378287,5.81981981981982,1520.0,9.0,44.0,262.0,173.0,0.19845602972052245,66.08585789693397,0.03303303303303303,0.03003003003003003,0.0,0.015015015015015015,0.006006006006006006,0.03903903903903904,0.0,0.14714714714714713,0.042042042042042045,0.003003003003003003,0.021021021021021023,0.17717717717717718,0.18618618618618618,0.012012012012012012,0.024024024024024024,0.057057057057057055,0.015015015015015015,0.3818315550341694,0.14544970344178856,0.0,0.0,0.6603053435114504,10.88888888888889,0.37116547248193194,29.11111111111111,19.0,27.21700630302248,14.712192995108573,1.5725190839694656,1.0,1.0879670400201253,0.0,7.122137404580153,5.0,7.781385991620364,0.004812319538017324,0.005774783445620789,0.0
Closure-127.json,Defects4J,0.8244315981864929,0.8194592595100403,0.8154457211494446,1.0,0.9932227730751038,0.8333333333333334,5.905000000000001,9.646666666666668,0.0,1.3333333333333333,0.0,6.0,0.0,0.0,0.0,0.0,0.0,0.0,0.0,0.0,0.05298664906710747,,6.416666666666668,59.745000000000005,9.066666666666666,22.666666666666664,5.166666666666667,31.0,1.0,1.0,6.0,6.0,0.17573592793231638,1.0544155675938982,0.0,0.0,0.0,0.0,0.0,0.16666666666666666,0.0,0.16666666666666666,0.0,0.0,0.0,0.3333333333333333,0.0,0.0,0.0,0.16666666666666666,0.0,0.6666666666666666,0.0,0.0,0.0,1.0,1.0,,6.0,6.0,0.0,,1.6666666666666667,1.5,0.7453559924999299,0.0,5.166666666666667,5.0,3.0230595245361758,0.0,0.0,0.0
Closure-59.json,Defects4J,0.8244315981864929,0.8194592595100403,0.8154457211494446,1.0,0.9932227730751038,0.8333333333333334,5.905000000000001,9.646666666666668,0.0,1.3333333333333333,0.0,6.0,0.0,0.0,0.0,0.0,0.0,0.0,0.0,0.0,0.05298664906710747,,6.416666666666668,59.745000000000005,9.066666666666666,22.666666666666664,5.166666666666667,31.0,1.0,1.0,6.0,6.0,0.17573592793231638,1.0544155675938982,0.0,0.0,0.0,0.0,0.0,0.16666666666666666,0.0,0.16666666666666666,0.0,0.0,0.0,0.3333333333333333,0.0,0.0,0.0,0.16666666666666666,0.0,0.6666666666666666,0.0,0.0,0.0,1.0,1.0,,6.0,6.0,0.0,,1.6666666666666667,1.5,0.7453559924999299,0.0,5.166666666666667,5.0,3.0230595245361758,0.0,0.0,0.0
JacksonDatabind-17.json,Defects4J,0.7842951416969299,0.7824301520983378,0.7809982299804688,0.17279934883117676,1.1694616079330444,0.5728346456692913,31.385336134453787,39.85490196078432,0.0,2.5730738167940643,1.7943627467982552,508.0,0.015058703420112302,0.0515569167942828,0.20239918325676365,0.07427258805513016,0.06253190403266973,0.059213884635017866,0.059213884635017866,0.0,10.349611790951633,0.6622607974503707,16.948886554621854,-3.7432247899159563,14.063585434173673,53.36624649859944,7.238188976377953,3354.0,28.0,77.0,357.0,177.0,61.505730133411724,31244.910907773155,0.051181102362204724,0.051181102362204724,0.013779527559055118,0.01968503937007874,0.013779527559055118,0.01968503937007874,0.0,0.14566929133858267,0.031496062992125984,0.00984251968503937,0.013779527559055118,0.12598425196850394,0.28937007874015747,0.00984251968503937,0.007874015748031496,0.0610236220472441,0.023622047244094488,0.477226030578141,0.09012044132402061,0.0,0.0,0.4957983193277311,5.178571428571429,0.5883623075026733,12.75,4.0,18.13958772566628,12.785403640627713,2.3361344537815127,1.0,2.8499662711386713,0.006622516556291391,9.859943977591037,5.0,12.726491173449888,0.019652884124553342,0.02041858090862685,0.039816232771822356
Math-33.json,Defects4J,0.7524934411048889,0.749641497929891,0.7466570138931274,0.14679628610610962,1.1246641874313354,0.48205128205128206,33.852077922077925,33.02805194805195,0.0,2.6599310776942358,1.7192105206526551,195.0,0.06254442075337598,0.0,0.0,0.0,0.0,0.0,0.0,0.0014214641080312722,1.5906052155917338,0.4197232648730278,14.964857142857145,42.630142857142886,17.514805194805195,71.70909090909092,6.917948717948718,961.0,5.0,15.0,154.0,112.0,0.02516265462515013,4.906717651904275,0.015384615384615385,0.035897435897435895,0.005128205128205128,0.005128205128205128,0.0,0.015384615384615385,0.0,0.09230769230769231,0.07692307692307693,0.0,0.005128205128205128,0.2512820512820513,0.15897435897435896,0.0,0.041025641025641026,0.05128205128205128,0.015384615384615385,0.39802213868003344,0.2033574982149132,0.0,0.0,0.7272727272727273,12.6,0.2195032429881394,30.8,35.0,25.190474390134064,14.554592549557764,1.5714285714285714,1.0,1.303627022475803,0.0,8.467532467532468,6.0,9.245686134252109,0.006396588486140725,0.006396588486140725,0.0
JacksonDatabind-112.json,Defects4J,0.8129451274871826,0.8118499716122946,0.8105387687683105,0.2905769348144531,1.1742002964019775,0.8428571428571429,20.408882978723405,20.503617021276593,0.0,2.5498457422313257,0.6246367923016947,210.0,0.0,0.0,0.0,0.0,0.0,0.0,0.0,0.0,5.333427223401149,0.3252899540322168,14.852659574468088,30.432500000000033,16.846808510638297,58.07446808510639,5.838095238095238,1226.0,8.0,85.0,188.0,125.0,0.9864128428297946,207.14669699425687,0.04285714285714286,0.09523809523809523,0.02857142857142857,0.04285714285714286,0.023809523809523808,0.0761904761904762,0.004761904761904762,0.20952380952380953,0.05238095238095238,0.02857142857142857,0.05714285714285714,0.06190476190476191,0.09047619047619047,0.023809523809523808,0.004761904761904762,0.11904761904761904,0.0,0.5137469995679378,0.08986201201281435,0.0,0.0,0.6648936170212766,8.125,0.29786926570038,23.5,21.5,12.399596767637245,15.078166124597352,1.803191489361702,1.0,1.4834514189106411,0.011049723756906077,6.388297872340425,4.5,6.486751742327683,0.06097560975609756,0.043041606886657105,0.0
Jsoup-37.json,Defects4J,0.8189131617546082,0.8169528444608053,0.8159126043319702,0.3990483582019806,1.236083745956421,0.7798165137614679,20.81275280898877,21.717303370786507,0.0,3.0065441315441315,0.7038307321330538,109.0,0.0,0.0,0.08733624454148471,0.08733624454148471,0.0,0.0,0.0,0.0,2.6189997011212753,0.240621084968249,13.638061797752808,36.914171348314625,16.540449438202245,59.32865168539326,5.5963302752293576,610.0,4.0,36.0,89.0,71.0,0.1258898222555436,13.721990625854254,0.045871559633027525,0.06422018348623854,0.01834862385321101,0.06422018348623854,0.03669724770642202,0.07339449541284404,0.0,0.13761467889908258,0.05504587155963303,0.009174311926605505,0.03669724770642202,0.13761467889908258,0.1559633027522936,0.0,0.009174311926605505,0.11009174311926606,0.0,0.4382914382914383,0.031054749826620865,0.0,0.0,0.797752808988764,8.25,0.18621689826250076,22.25,11.5,21.323402636539974,14.90622815163357,1.7415730337078652,1.0,1.1468382514562183,0.023255813953488372,6.606741573033708,5.0,6.062628156927534,0.01455604075691412,0.0611353711790393,0.0
Cli-32.json,Defects4J,0.7639367580413818,0.7634745637575785,0.7631013989448547,0.3175479769706726,1.1208451986312866,0.5110132158590308,46.401428571428575,39.82945054945054,0.0,3.705367993153615,0.7485107234590701,227.0,0.08579088471849866,0.0,0.12546916890080428,0.0,0.0,0.0,0.0,0.027882037533512063,2.465332912130112,0.5924994250138601,22.318736263736266,16.088763736263758,24.134065934065934,83.96153846153847,7.872246696035242,1276.0,4.0,31.0,182.0,131.0,0.05183876215784003,11.767399009829687,0.00881057268722467,0.04405286343612335,0.0,0.01762114537444934,0.0,0.022026431718061675,0.0,0.10572687224669604,0.06167400881057269,0.00881057268722467,0.030837004405286344,0.21585903083700442,0.15418502202643172,0.00881057268722467,0.039647577092511016,0.05726872246696035,0.01762114537444934,0.49212772785622594,0.029552288829318357,0.0,0.0,0.7197802197802198,17.5,0.6386947780847549,45.5,32.5,33.48507130050644,17.971250198000288,1.7087912087912087,1.0,2.1933540150935764,0.0,9.571428571428571,5.5,13.701000891603181,0.00482573726541555,0.00482573726541555,0.0
JacksonCore-20.json,Defects4J,0.8099027872085571,0.8060004711151123,0.8016024231910706,0.2875605821609497,1.2107921838760376,0.7448979591836735,22.390344086021507,21.634580645161282,0.0,3.340664682539682,1.3355109548789537,196.0,0.0,0.0,0.05016722408026756,0.05016722408026756,0.05016722408026756,0.0,0.0,0.0,4.156042347599472,0.39894846081733704,15.801129032258064,27.788360215053785,17.559139784946236,59.381720430107535,5.3979591836734695,1058.0,6.0,61.0,155.0,119.0,0.32560434132625515,63.818450899946015,0.08163265306122448,0.08673469387755102,0.05102040816326531,0.05102040816326531,0.025510204081632654,0.02040816326530612,0.0,0.14795918367346939,0.04591836734693878,0.015306122448979591,0.02040816326530612,0.10204081632653061,0.1683673469387755,0.02040816326530612,0.01020408163265306,0.09183673469387756,0.030612244897959183,0.48057208994708994,0.1284567647217996,0.0,0.0,0.7677419354838709,8.666666666666666,0.20920849847607315,25.833333333333332,20.0,15.720651668709188,15.470042427545799,1.8064516129032258,1.0,1.4462265659006381,0.020134228187919462,6.561290322580645,5.0,6.1445846821174825,0.027591973244147156,0.015050167224080268,0.0
Closure-131.json,Defects4J,0.8244315981864929,0.8194592595100403,0.8154457211494446,1.0,0.9932227730751038,0.8333333333333334,5.905000000000001,9.646666666666668,0.0,1.3333333333333333,0.0,6.0,0.0,0.0,0.0,0.0,0.0,0.0,0.0,0.0,0.05298664906710747,,6.416666666666668,59.745000000000005,9.066666666666666,22.666666666666664,5.166666666666667,31.0,1.0,1.0,6.0,6.0,0.17573592793231638,1.0544155675938982,0.0,0.0,0.0,0.0,0.0,0.16666666666666666,0.0,0.16666666666666666,0.0,0.0,0.0,0.3333333333333333,0.0,0.0,0.0,0.16666666666666666,0.0,0.6666666666666666,0.0,0.0,0.0,1.0,1.0,,6.0,6.0,0.0,,1.6666666666666667,1.5,0.7453559924999299,0.0,5.166666666666667,5.0,3.0230595245361758,0.0,0.0,0.0
Math-64.json,Defects4J,0.7235029339790344,0.7186397115389506,0.7149561047554016,0.2785296142101288,1.1996464729309082,0.5482233502538071,38.42282608695652,33.06111801242237,0.0,3.5781510242334984,0.8977823798907257,197.0,0.12729748127978216,0.0,0.05718175629680054,0.0,0.0,0.0,0.0,0.07011572498298162,2.6912026681293257,0.46859516203403473,17.91743788819876,38.29305124223605,20.820496894409942,78.13819875776397,7.0761421319796955,929.0,4.0,31.0,161.0,108.0,0.07487007053737224,14.749403895862333,0.015228426395939087,0.04568527918781726,0.01015228426395939,0.005076142131979695,0.01015228426395939,0.05583756345177665,0.0,0.1218274111675127,0.050761421319796954,0.005076142131979695,0.01015228426395939,0.2182741116751269,0.1319796954314721,0.0,0.04060913705583756,0.05583756345177665,0.01015228426395939,0.472222519748293,0.035868023739633034,0.0,0.0,0.6708074534161491,15.25,0.5322171077132225,40.25,29.5,26.38536526182649,15.579741850924794,1.5093167701863355,1.0,1.0927088252024335,0.0,8.434782608695652,5.0,9.662492386244436,0.01906058543226685,0.006126616746085773,0.0
Collections-4.json,Defects4J,0.7377789616584778,0.734025259812673,0.7310702800750732,0.30942052602767944,1.216970682144165,0.576036866359447,22.796,25.447999999999997,0.0,2.811394803372415,0.9392342273034936,217.0,0.07286606523247745,0.1845940319222762,0.1845940319222762,0.1845940319222762,0.1845940319222762,0.1845940319222762,0.1845940319222762,0.027064538514920196,3.752506736649962,0.4274392630904913,8.533333333333335,69.50500000000004,11.333333333333334,51.111111111111114,6.1981566820276495,916.0,9.0,42.0,180.0,111.0,0.19644149705934627,42.62780486187814,0.027649769585253458,0.009216589861751152,0.009216589861751152,0.041474654377880185,0.02304147465437788,0.055299539170506916,0.0,0.11981566820276497,0.055299539170506916,0.013824884792626729,0.004608294930875576,0.16589861751152074,0.1336405529953917,0.02304147465437788,0.027649769585253458,0.08294930875576037,0.009216589861751152,0.4842264976593335,0.08409756325044264,0.0,0.0,0.6166666666666667,6.222222222222222,0.4263239800930023,20.0,12.0,14.666666666666666,10.504223727775692,1.3833333333333333,1.0,0.7621242243449117,0.0,7.266666666666667,5.0,8.2,0.016655100624566273,0.006245662734212352,0.0
Mockito-3.json,Defects4J,0.8025451302528381,0.8005310893058777,0.7989789843559265,0.2778850793838501,1.1366653442382812,0.875,54.345333333333336,50.05155555555555,0.0,4.291666666666667,0.0,48.0,0.0,0.0,0.0,0.0,0.0,0.0,0.0,0.0,0.46255289240258846,,35.78666666666666,-81.35999999999996,28.66666666666667,93.88888888888889,10.666666666666666,512.0,1.0,10.0,45.0,39.0,0.03308589836962555,1.5881231217420262,0.0625,0.08333333333333333,0.10416666666666667,0.0,0.020833333333333332,0.020833333333333332,0.0,0.125,0.125,0.0,0.0,0.22916666666666666,0.041666666666666664,0.0,0.020833333333333332,0.125,0.0,0.5416666666666666,0.0,0.0,0.0,0.8666666666666667,22.0,,45.0,45.0,0.0,,2.8666666666666667,2.0,4.745055906473131,0.046511627906976744,11.311111111111112,6.0,20.316191924693655,0.0,0.0,0.0
Lang-26.json,Defects4J,0.7698453068733215,0.7682709296544393,0.7662909030914307,0.20861653983592987,1.2204097509384155,0.5112936344969199,22.93213799805637,24.01411078717201,0.0,3.3050253907601004,1.8821823022761575,487.0,0.024240231548480463,0.02243125904486252,0.085383502170767,0.07163531114327062,0.03690303907380608,0.02243125904486252,0.02243125904486252,0.000723589001447178,8.155225358849595,0.6049322472619159,12.180478134110789,48.46265111758993,13.928007774538386,56.10281827016521,5.238193018480493,2131.0,15.0,57.0,343.0,207.0,7.148919566926873,3481.523829093387,0.026694045174537988,0.030800821355236138,0.014373716632443531,0.02053388090349076,0.008213552361396304,0.022587268993839837,0.0,0.1457905544147844,0.04722792607802875,0.01026694045174538,0.01026694045174538,0.1601642710472279,0.2648870636550308,0.006160164271047228,0.02053388090349076,0.059548254620123205,0.01642710472279261,0.44391729810681896,0.13610992673738048,0.0,0.0,0.6034985422740525,7.6,0.4396744982446902,22.866666666666667,18.0,21.40986273244698,12.573866699077325,1.597667638483965,1.0,1.1884749447087835,0.0,6.9912536443148685,5.0,7.211299394225515,0.00723589001447178,0.019898697539797394,0.0
Jsoup-60.json,Defects4J,0.8084547519683838,0.8041142821311951,0.8008112907409668,0.20624710619449615,1.197084903717041,0.7135922330097088,15.609973045822102,14.959496855345908,0.0,3.03538511038511,0.8927210612280051,206.0,0.0,0.1568627450980392,0.2446311858076564,0.2446311858076564,0.2446311858076564,0.2446311858076564,0.2446311858076564,0.0,4.1049677430051235,0.26149770865837735,10.708823000898473,58.74226415094341,13.61401617250674,45.98472596585805,4.567961165048544,941.0,7.0,53.0,159.0,106.0,0.29437275935172474,60.6407884264553,0.05339805825242718,0.05825242718446602,0.009708737864077669,0.019417475728155338,0.02912621359223301,0.04854368932038835,0.0,0.18446601941747573,0.0825242718446602,0.009708737864077669,0.05339805825242718,0.10194174757281553,0.18932038834951456,0.02912621359223301,0.0048543689320388345,0.0825242718446602,0.0048543689320388345,0.4074332574332575,0.06548789089257967,0.0,0.0,0.6666666666666666,5.285714285714286,0.16243935599923134,22.714285714285715,13.0,19.99081421706541,12.28987398476788,1.4779874213836477,1.0,0.976687238631656,0.012903225806451613,5.452830188679245,4.0,5.112197909092542,0.0056022408963585435,0.0196078431372549,0.022408963585434174
JxPath-15.json,Defects4J,0.7557936310768127,0.7530187169710795,0.7504585981369019,0.21594126522541046,1.1969866752624512,0.5546558704453441,31.88969849246231,25.177688442211046,0.0,3.330229279160865,1.6271365518996719,247.0,0.043059125964010285,0.0,0.061696658097686374,0.061696658097686374,0.0,0.0,0.0,0.0,3.0691000442409164,0.6135041639208794,17.424462311557793,41.02593969849248,20.744120603015077,71.45829145728644,5.910931174089069,1089.0,5.0,35.0,199.0,132.0,0.08713572727378517,21.522524636624937,0.016194331983805668,0.048582995951417005,0.008097165991902834,0.024291497975708502,0.0,0.03643724696356275,0.0,0.16194331983805668,0.044534412955465584,0.004048582995951417,0.004048582995951417,0.16194331983805668,0.15789473684210525,0.004048582995951417,0.032388663967611336,0.07692307692307693,0.032388663967611336,0.4826907830385765,0.05638580957316978,0.0,0.0,0.6633165829145728,12.6,0.6288687984148661,39.8,35.0,33.40299387779485,15.6451,1.4824120603015076,1.0,1.1156457944836353,0.0,7.0954773869346734,5.0,8.210541676488095,0.017994858611825194,0.015424164524421594,0.0
Closure-166.json,Defects4J,0.8244315981864929,0.8194592595100403,0.8154457211494446,1.0,0.9932227730751038,0.8333333333333334,5.905000000000001,9.646666666666668,0.0,1.3333333333333333,0.0,6.0,0.0,0.0,0.0,0.0,0.0,0.0,0.0,0.0,0.05298664906710747,,6.416666666666668,59.745000000000005,9.066666666666666,22.666666666666664,5.166666666666667,31.0,1.0,1.0,6.0,6.0,0.17573592793231638,1.0544155675938982,0.0,0.0,0.0,0.0,0.0,0.16666666666666666,0.0,0.16666666666666666,0.0,0.0,0.0,0.3333333333333333,0.0,0.0,0.0,0.16666666666666666,0.0,0.6666666666666666,0.0,0.0,0.0,1.0,1.0,,6.0,6.0,0.0,,1.6666666666666667,1.5,0.7453559924999299,0.0,5.166666666666667,5.0,3.0230595245361758,0.0,0.0,0.0
JacksonDatabind-56.json,Defects4J,0.8067952394485474,0.802600642045339,0.7987610697746277,0.11152572184801102,1.1818584203720093,0.759493670886076,31.757435897435904,22.867692307692305,0.0,3.9918219035866094,0.6693862675406393,158.0,0.0,0.14610069101678183,0.14610069101678183,0.14610069101678183,0.14610069101678183,0.14610069101678183,0.14610069101678183,0.0,3.0922844492419133,0.3933331221342087,24.27461538461539,-1.7929487179486898,26.564102564102566,78.71794871794873,5.6835443037974684,896.0,3.0,42.0,130.0,90.0,0.13941354990226337,22.027340884557614,0.06329113924050633,0.06962025316455696,0.03164556962025317,0.0379746835443038,0.0189873417721519,0.056962025316455694,0.006329113924050633,0.17721518987341772,0.056962025316455694,0.0189873417721519,0.0189873417721519,0.10759493670886076,0.15822784810126583,0.006329113924050633,0.006329113924050633,0.11392405063291139,0.006329113924050633,0.41869405104699225,0.02917758920952791,0.0,0.0,0.6923076923076923,15.333333333333334,0.41862422227859497,43.333333333333336,56.0,21.545816814923082,21.19438992294339,1.9461538461538461,1.0,1.5556919729795162,0.016260162601626018,6.6923076923076925,4.0,6.767394855931983,0.0,0.0,0.0
Closure-18.json,Defects4J,0.8244315981864929,0.8194592595100403,0.8154457211494446,1.0,0.9932227730751038,0.8333333333333334,5.905000000000001,9.646666666666668,0.0,1.3333333333333333,0.0,6.0,0.0,0.0,0.0,0.0,0.0,0.0,0.0,0.0,0.05298664906710747,,6.416666666666668,59.745000000000005,9.066666666666666,22.666666666666664,5.166666666666667,31.0,1.0,1.0,6.0,6.0,0.17573592793231638,1.0544155675938982,0.0,0.0,0.0,0.0,0.0,0.16666666666666666,0.0,0.16666666666666666,0.0,0.0,0.0,0.3333333333333333,0.0,0.0,0.0,0.16666666666666666,0.0,0.6666666666666666,0.0,0.0,0.0,1.0,1.0,,6.0,6.0,0.0,,1.6666666666666667,1.5,0.7453559924999299,0.0,5.166666666666667,5.0,3.0230595245361758,0.0,0.0,0.0
Jsoup-61.json,Defects4J,0.7704939842224121,0.7689317862192789,0.7664897441864014,0.25580617785453796,1.2220269441604614,0.4623287671232877,15.688243677518514,13.88522565320665,0.0,4.425746298710812,3.1971640944747937,584.0,0.03256895978730475,0.10967098703888335,0.47989365237620474,0.3665669657693586,0.3027583914921901,0.22997673645729477,0.130275839149219,0.0,7.759631173514518,0.6048899488523602,11.053508453262541,59.92305155791536,14.276428671230963,55.643565739835125,4.703767123287672,2341.0,17.0,48.0,421.0,157.0,4.013766955178268,2344.0399018241087,0.023972602739726026,0.011986301369863013,0.003424657534246575,0.011986301369863013,0.03595890410958904,0.017123287671232876,0.0,0.17123287671232876,0.03595890410958904,0.00684931506849315,0.018835616438356163,0.10787671232876712,0.2465753424657534,0.008561643835616438,0.00684931506849315,0.04452054794520548,0.11815068493150685,0.4051234908167394,0.0855599437941652,0.0,0.0,0.37292161520190026,7.647058823529412,0.6201616048812866,24.764705882352942,13.0,27.91484827695217,12.526319926815653,1.4394299287410925,1.0,1.236523998557755,0.005405405405405406,5.251781472684086,4.0,5.614561819706432,0.047856430707876374,0.053838484546360914,0.06580259222333001
JxPath-14.json,Defects4J,0.7431425452232361,0.7418298721313477,0.739556074142456,0.615397036075592,1.2346923351287842,0.4083044982698962,43.78960227272727,37.48295454545455,0.0,11.207814687834608,14.491285711440892,289.0,0.03860793909733551,0.3572593800978793,0.4094616639477977,0.4094616639477977,0.3572593800978793,0.3572593800978793,0.3572593800978793,0.002175095160413268,5.457063001185713,0.5235956410566965,23.292727272727273,6.434090909090941,23.963636363636365,92.29545454545455,6.086505190311419,1360.0,4.0,9.0,176.0,99.0,0.8111001954581865,234.4079564874159,0.03460207612456748,0.010380622837370242,0.0034602076124567475,0.0034602076124567475,0.0034602076124567475,0.006920415224913495,0.0,0.07958477508650519,0.08304498269896193,0.0034602076124567475,0.0,0.20069204152249134,0.3494809688581315,0.0,0.02422145328719723,0.031141868512110725,0.01384083044982699,0.43786549707602335,0.06347033262093565,0.0,0.0,0.5625,21.25,0.4622724801301956,44.0,27.5,41.57523301197481,18.243605946275583,1.8409090909090908,1.0,1.6506635279924944,0.0,9.176136363636363,6.0,8.602833760376733,0.12234910277324633,0.13213703099510604,0.03425774877650897
Closure-167.json,Defects4J,0.8244315981864929,0.8194592595100403,0.8154457211494446,1.0,0.9932227730751038,0.8333333333333334,5.905000000000001,9.646666666666668,0.0,1.3333333333333333,0.0,6.0,0.0,0.0,0.0,0.0,0.0,0.0,0.0,0.0,0.05298664906710747,,6.416666666666668,59.745000000000005,9.066666666666666,22.666666666666664,5.166666666666667,31.0,1.0,1.0,6.0,6.0,0.17573592793231638,1.0544155675938982,0.0,0.0,0.0,0.0,0.0,0.16666666666666666,0.0,0.16666666666666666,0.0,0.0,0.0,0.3333333333333333,0.0,0.0,0.0,0.16666666666666666,0.0,0.6666666666666666,0.0,0.0,0.0,1.0,1.0,,6.0,6.0,0.0,,1.6666666666666667,1.5,0.7453559924999299,0.0,5.166666666666667,5.0,3.0230595245361758,0.0,0.0,0.0
Closure-19.json,Defects4J,0.8244315981864929,0.8194592595100403,0.8154457211494446,1.0,0.9932227730751038,0.8333333333333334,5.905000000000001,9.646666666666668,0.0,1.3333333333333333,0.0,6.0,0.0,0.0,0.0,0.0,0.0,0.0,0.0,0.0,0.05298664906710747,,6.416666666666668,59.745000000000005,9.066666666666666,22.666666666666664,5.166666666666667,31.0,1.0,1.0,6.0,6.0,0.17573592793231638,1.0544155675938982,0.0,0.0,0.0,0.0,0.0,0.16666666666666666,0.0,0.16666666666666666,0.0,0.0,0.0,0.3333333333333333,0.0,0.0,0.0,0.16666666666666666,0.0,0.6666666666666666,0.0,0.0,0.0,1.0,1.0,,6.0,6.0,0.0,,1.6666666666666667,1.5,0.7453559924999299,0.0,5.166666666666667,5.0,3.0230595245361758,0.0,0.0,0.0
JacksonDatabind-57.json,Defects4J,0.8070895671844482,0.8048353592554728,0.801411509513855,0.3553471863269806,1.1696271896362305,0.821917808219178,38.25010416666667,44.00125,0.0,3.0016025641025643,0.7250145943803004,73.0,0.0,0.0,0.19262295081967212,0.19262295081967212,0.19262295081967212,0.19262295081967212,0.12021857923497267,0.0,0.9732831581102473,0.21958991419523954,23.889375000000005,-38.21520833333332,17.28333333333333,63.52083333333333,9.246575342465754,675.0,3.0,18.0,64.0,47.0,0.03625506138413342,2.6466194810417396,0.0410958904109589,0.0136986301369863,0.0136986301369863,0.0136986301369863,0.0547945205479452,0.0547945205479452,0.0,0.2054794520547945,0.0958904109589041,0.0,0.0136986301369863,0.1232876712328767,0.0958904109589041,0.0547945205479452,0.0136986301369863,0.1643835616438356,0.0,0.3803418803418803,0.08525614249256412,0.0,0.0,0.734375,9.0,0.5204769968986511,21.333333333333332,13.0,13.960261060914616,15.470042427545799,2.640625,2.0,4.063431383618407,0.04918032786885246,10.40625,6.0,19.64824956421055,0.05737704918032787,0.07377049180327869,0.10245901639344263
Math-65.json,Defects4J,0.7398772239685059,0.7371832927068075,0.7343611717224121,0.17447307705879211,1.2261204719543457,0.5506072874493927,33.63584350323044,34.15819095477387,0.0,3.7927898918764833,2.9241225215977047,247.0,0.12166488794023479,0.0,0.09391675560298826,0.0,0.0,0.0,0.0,0.047491995731056565,3.6376426668498523,0.4236844405531883,12.871012203876528,53.41819095477389,15.994544149318017,65.11198851399855,7.182186234817814,1170.0,7.0,45.0,199.0,141.0,0.15385484749538833,38.002147331360916,0.016194331983805668,0.05668016194331984,0.016194331983805668,0.024291497975708502,0.0,0.05668016194331984,0.0,0.0931174089068826,0.048582995951417005,0.004048582995951417,0.012145748987854251,0.1902834008097166,0.16194331983805668,0.012145748987854251,0.02834008097165992,0.06477732793522267,0.012145748987854251,0.48836620489890487,0.05178848247823526,0.0,0.0,0.7085427135678392,10.428571428571429,0.32481017857789996,28.428571428571427,26.0,17.044958558028174,13.484332010920856,1.4723618090452262,1.0,1.011486765674379,0.0,8.673366834170855,6.0,10.087000650925148,0.004268943436499467,0.0048025613660619,0.0
Collections-5.json,Defects4J,0.7343046069145203,0.7314154903093973,0.7286657094955444,0.2954598665237427,1.152719497680664,0.5240641711229946,36.83032894736842,32.43394736842106,0.0,3.0436962268685415,1.8846535225982999,187.0,0.048034934497816595,0.0,0.06986899563318777,0.06986899563318777,0.0,0.0,0.0,0.0,2.3969147290799055,0.3674289907018344,17.16289473684211,39.69526315789477,19.673684210526318,71.55263157894737,6.962566844919786,889.0,4.0,22.0,152.0,105.0,0.05876587863867287,10.989219305431828,0.016042780748663103,0.058823529411764705,0.016042780748663103,0.0,0.0,0.03208556149732621,0.0,0.11764705882352941,0.06951871657754011,0.0,0.0106951871657754,0.20855614973262032,0.13903743315508021,0.0053475935828877,0.0427807486631016,0.053475935828877004,0.016042780748663103,0.3717123287671233,0.21483482419959807,0.0,0.0,0.6907894736842105,12.75,0.536700539290905,38.0,45.0,24.728526037756478,14.90622815163357,1.519736842105263,1.0,1.2299464833075275,0.0,8.335526315789474,5.0,9.662695547791387,0.006550218340611353,0.006550218340611353,0.0
Mockito-2.json,Defects4J,0.8027287721633911,0.8017567793528239,0.8004167079925537,0.3569282293319702,1.2252634763717651,0.6451612903225806,45.2408695652174,45.03942028985506,0.0,2.985581395348837,0.3344186046511628,93.0,0.0,0.3069306930693069,0.32301980198019803,0.3069306930693069,0.3069306930693069,0.3069306930693069,0.3069306930693069,0.0,1.2601639318416815,0.6584478616714478,26.253405797101454,-31.7129347826087,27.71304347826087,91.02173913043478,8.075268817204302,751.0,2.0,9.0,69.0,49.0,0.037913972726619005,3.5259994635755674,0.11827956989247312,0.021505376344086023,0.043010752688172046,0.0,0.03225806451612903,0.0,0.0,0.12903225806451613,0.053763440860215055,0.0,0.0,0.12903225806451613,0.24731182795698925,0.021505376344086023,0.010752688172043012,0.11827956989247312,0.0,0.4774418604651163,0.05744186046511626,0.0,0.0,0.7101449275362319,19.5,,34.5,34.5,1.5,,2.4057971014492754,2.0,2.023906686997392,0.03225806451612903,10.492753623188406,8.0,10.159058481431906,0.012376237623762377,0.09282178217821782,0.022277227722772276
Lang-27.json,Defects4J,0.7491427063941956,0.7475950916608175,0.746028482913971,0.19899137318134308,1.1158241033554077,0.532258064516129,36.6642,32.52826666666667,0.0,3.3761759142496843,1.6374261203630085,186.0,0.04926470588235294,0.0,0.15735294117647058,0.0,0.0,0.0,0.0,0.0,2.0894545823157227,0.3843817412853241,18.780333333333335,27.208500000000015,21.133333333333333,76.16666666666666,6.93010752688172,962.0,4.0,23.0,150.0,104.0,0.0434435844673767,8.080506710932067,0.005376344086021506,0.03763440860215054,0.005376344086021506,0.016129032258064516,0.005376344086021506,0.043010752688172046,0.0,0.12365591397849462,0.06451612903225806,0.0,0.0,0.21505376344086022,0.13978494623655913,0.010752688172043012,0.043010752688172046,0.06451612903225806,0.016129032258064516,0.4681988230348887,0.03835085110571041,0.0,0.0,0.6933333333333334,14.5,0.4240610748529434,37.5,31.0,29.236107812087436,16.827784334635936,1.6733333333333333,1.0,1.6020681078600316,0.0,8.353333333333333,6.0,9.307442661058348,0.025735294117647058,0.006617647058823529,0.0
Jsoup-36.json,Defects4J,0.8002112507820129,0.7985462546348572,0.7970870733261108,0.1509302258491516,1.2126704454421997,0.6951219512195121,23.25342857142857,17.290285714285712,0.0,3.4216972508125676,0.34182412838930726,164.0,0.0,0.0,0.05387931034482758,0.05387931034482758,0.0,0.0,0.0,0.0,2.748118452337887,0.3720384289820989,17.024285714285714,35.34571428571428,20.28571428571429,62.14285714285714,5.073170731707317,823.0,4.0,42.0,140.0,91.0,0.09520260486933443,15.613227198570847,0.07926829268292683,0.03048780487804878,0.024390243902439025,0.042682926829268296,0.018292682926829267,0.054878048780487805,0.0,0.1402439024390244,0.042682926829268296,0.024390243902439025,0.03048780487804878,0.12195121951219512,0.13414634146341464,0.0,0.012195121951219513,0.07317073170731707,0.07926829268292683,0.4311010292524377,0.05289180029446293,0.0,0.0,0.65,9.5,0.38015347719192505,35.0,33.0,17.320508075688775,16.52667757954773,1.6071428571428572,1.0,1.1445300256401474,0.016,5.771428571428571,4.0,5.695039015472599,0.00646551724137931,0.0,0.0
Cli-33.json,Defects4J,0.7587169408798218,0.7569491664568583,0.7537920475006104,0.2176809310913086,1.192861557006836,0.5263157894736842,28.012068273092375,27.58433734939759,0.0,3.2253907581249806,1.080447978698059,209.0,0.0487627365356623,0.0,0.0611353711790393,0.0,0.0,0.0,0.0,0.0,2.533568964394099,0.6704688489437103,12.9710843373494,51.34369477911646,14.681124497991968,61.40160642570281,6.22488038277512,974.0,6.0,29.0,166.0,121.0,0.060279374155379574,12.598389198474331,0.009569377990430622,0.03349282296650718,0.004784688995215311,0.004784688995215311,0.0,0.0430622009569378,0.0,0.09569377990430622,0.04784688995215311,0.009569377990430622,0.019138755980861243,0.20095693779904306,0.15789473684210525,0.009569377990430622,0.028708133971291867,0.09569377990430622,0.014354066985645933,0.4502267481488367,0.07294285277045896,0.0,0.0,0.7289156626506024,9.333333333333334,0.5500951632857323,27.666666666666668,31.5,14.055445761538676,12.161744961471694,1.5060240963855422,1.0,1.7031048470077501,0.0,7.5602409638554215,5.0,10.868019180411482,0.005822416302765648,0.006550218340611353,0.0
JacksonCore-21.json,Defects4J,0.7718235850334167,0.7709645430246989,0.7693290114402771,0.20278328657150269,1.183982014656067,0.5684931506849316,42.7358878504673,30.357009345794392,0.0,3.704522096608428,2.5616649537512846,146.0,0.0,0.0,0.054110301768990635,0.0,0.0,0.0,0.0,0.0,2.391569114028999,0.0814393013715744,27.441355140186918,-6.388995327102776,28.502803738317755,94.62149532710279,6.102739726027397,792.0,2.0,19.0,107.0,83.0,0.07486734179234765,10.930631901682757,0.0821917808219178,0.0547945205479452,0.0,0.0136986301369863,0.0136986301369863,0.02054794520547945,0.0,0.10273972602739725,0.0410958904109589,0.0136986301369863,0.0,0.15753424657534246,0.2602739726027397,0.0,0.00684931506849315,0.0821917808219178,0.0,0.5231243576567317,0.04830421377183966,0.0,0.0,0.7757009345794392,22.0,,53.5,53.5,46.5,,1.8785046728971964,1.0,1.7757993086375508,0.023529411764705882,7.94392523364486,5.0,8.344041217831876,0.01664932362122789,0.015608740894901144,0.0
Closure-130.json,Defects4J,0.8244315981864929,0.8194592595100403,0.8154457211494446,1.0,0.9932227730751038,0.8333333333333334,5.905000000000001,9.646666666666668,0.0,1.3333333333333333,0.0,6.0,0.0,0.0,0.0,0.0,0.0,0.0,0.0,0.0,0.05298664906710747,,6.416666666666668,59.745000000000005,9.066666666666666,22.666666666666664,5.166666666666667,31.0,1.0,1.0,6.0,6.0,0.17573592793231638,1.0544155675938982,0.0,0.0,0.0,0.0,0.0,0.16666666666666666,0.0,0.16666666666666666,0.0,0.0,0.0,0.3333333333333333,0.0,0.0,0.0,0.16666666666666666,0.0,0.6666666666666666,0.0,0.0,0.0,1.0,1.0,,6.0,6.0,0.0,,1.6666666666666667,1.5,0.7453559924999299,0.0,5.166666666666667,5.0,3.0230595245361758,0.0,0.0,0.0
Math-32.json,Defects4J,0.7596054077148438,0.7570755481719971,0.7533354163169861,0.4163948893547058,1.2627984285354614,0.6116838487972509,23.167125,23.661166666666663,0.0,3.0843829559423783,0.7590219899785281,291.0,0.04682454251883746,0.0,0.0,0.0,0.0,0.0,0.0,0.0005382131324004305,5.075508927288002,0.48499339405033326,10.585,61.92000000000003,13.76666666666667,55.25,5.883161512027492,1324.0,10.0,57.0,240.0,159.0,0.5500124636208892,160.05362691367876,0.020618556701030927,0.054982817869415807,0.006872852233676976,0.006872852233676976,0.010309278350515464,0.07903780068728522,0.0,0.140893470790378,0.06872852233676977,0.003436426116838488,0.01718213058419244,0.17869415807560138,0.12714776632302405,0.010309278350515464,0.041237113402061855,0.07560137457044673,0.010309278350515464,0.47417884713852454,0.06216568127161421,0.0,0.0,0.6625,7.5,0.3014751523733139,24.0,22.5,12.02497401244593,12.161744961471694,1.425,1.0,0.9760677913615086,0.0,6.920833333333333,5.0,7.677210819836994,0.022604951560818085,0.004843918191603875,0.05974165769644779
Cli-25.json,Defects4J,0.7690526247024536,0.7669179836908976,0.7652885317802429,0.2514728605747223,1.1526081562042236,0.5509433962264151,33.702009569377985,26.227368421052628,0.0,3.227935522034901,1.9137405391781646,265.0,0.039739027283511266,0.0,0.10083036773428232,0.10083036773428232,0.0,0.0,0.0,0.0,3.5635166699878047,0.3933300571516156,18.94836363636364,33.662545454545494,22.461626794258372,78.64210526315789,5.947169811320754,1249.0,5.0,39.0,209.0,139.0,0.13315876298621715,35.28707219134755,0.03773584905660377,0.045283018867924525,0.0037735849056603774,0.01509433962264151,0.0037735849056603774,0.04905660377358491,0.0,0.15471698113207547,0.03773584905660377,0.007547169811320755,0.007547169811320755,0.16981132075471697,0.16981132075471697,0.007547169811320755,0.03018867924528302,0.06415094339622641,0.011320754716981131,0.39452947845804986,0.20175486086853328,0.0,0.0,0.6650717703349283,15.4,0.2119276624483367,41.8,40.0,25.70914234275426,17.122413403193683,1.5454545454545454,1.0,1.0440493989536201,0.0,7.267942583732057,5.0,7.523168430332603,0.005931198102016607,0.005338078291814947,0.0
Jsoup-20.json,Defects4J,0.806544840335846,0.8053585886955261,0.8041297793388367,0.08487452566623688,1.185848593711853,0.7920792079207921,17.6206976744186,20.49395348837209,0.0,2.6390543979829695,0.5107970358719701,101.0,0.0,0.0,0.16770186335403728,0.16770186335403728,0.16770186335403728,0.11801242236024845,0.0,0.0,2.1088623421334365,0.33286718372255564,10.327302325581396,51.65606976744189,12.926511627906976,46.269767441860466,5.693069306930693,574.0,5.0,30.0,86.0,63.0,0.08157290043294105,8.238862943727046,0.0594059405940594,0.0297029702970297,0.009900990099009901,0.07920792079207921,0.0297029702970297,0.0297029702970297,0.009900990099009901,0.1782178217821782,0.0594059405940594,0.0297029702970297,0.0297029702970297,0.18811881188118812,0.09900990099009901,0.009900990099009901,0.009900990099009901,0.0594059405940594,0.009900990099009901,0.4767761999904857,0.08962895077124398,0.0,0.0,0.7325581395348837,5.0,0.4984299937884013,17.2,13.0,12.544321424453377,12.340626583579944,1.627906976744186,1.0,1.210866609018122,0.024390243902439025,6.465116279069767,4.0,6.781811643840139,0.04192546583850932,0.05124223602484472,0.07453416149068323
Cli-3.json,Defects4J,0.7088450789451599,0.70356818040212,0.6998552680015564,0.2107972949743271,1.1961252689361572,0.4836759371221282,15.65674960330054,10.915094890510947,0.0,4.794186679817789,7.84039853609428,827.0,0.05452127659574468,0.0574468085106383,0.19654255319148936,0.17553191489361702,0.12420212765957447,0.1077127659574468,0.07526595744680852,0.018617021276595744,13.769176980739129,0.5101731460202824,11.770034909552525,63.723316407489705,14.891145668041894,49.34465249127261,4.084643288996372,2659.0,23.0,177.0,685.0,249.0,1154.4418803781373,954723.4350727195,0.032648125755743655,0.044740024183796856,0.015719467956469165,0.026602176541717048,0.008464328899637243,0.045949214026602174,0.007255139056831923,0.23821039903264812,0.013301088270858524,0.008464328899637243,0.04353083434099154,0.07013301088270858,0.17049576783555018,0.006045949214026602,0.007255139056831923,0.05441354292623942,0.05078597339782346,0.44754547889321084,0.10135380035354946,0.004032258064516129,0.008064516129032258,0.3635036496350365,5.826086956521739,0.42473267834810985,29.782608695652176,20.0,28.373221486862104,11.635897716609016,1.3343065693430658,1.0,0.8564429882640319,0.0,4.712408759124088,3.0,6.675627806179626,0.04946808510638298,0.07101063829787234,0.0925531914893617
Closure-126.json,Defects4J,0.8244315981864929,0.8194592595100403,0.8154457211494446,1.0,0.9932227730751038,0.8333333333333334,5.905000000000001,9.646666666666668,0.0,1.3333333333333333,0.0,6.0,0.0,0.0,0.0,0.0,0.0,0.0,0.0,0.0,0.05298664906710747,,6.416666666666668,59.745000000000005,9.066666666666666,22.666666666666664,5.166666666666667,31.0,1.0,1.0,6.0,6.0,0.17573592793231638,1.0544155675938982,0.0,0.0,0.0,0.0,0.0,0.16666666666666666,0.0,0.16666666666666666,0.0,0.0,0.0,0.3333333333333333,0.0,0.0,0.0,0.16666666666666666,0.0,0.6666666666666666,0.0,0.0,0.0,1.0,1.0,,6.0,6.0,0.0,,1.6666666666666667,1.5,0.7453559924999299,0.0,5.166666666666667,5.0,3.0230595245361758,0.0,0.0,0.0
JacksonDatabind-16.json,Defects4J,0.7666478753089905,0.7649746139844259,0.7640334367752075,0.28975993394851685,1.180505394935608,0.6461038961038961,19.408083182640148,22.867172995780596,0.0,3.024558099694216,1.4693352436394718,308.0,0.012738853503184714,0.0,0.045647558386411886,0.0,0.0,0.0,0.0,0.0,6.288129703994491,0.3821266022725747,11.425644966847496,43.29806962025319,13.35370705244123,53.637432188065105,5.535714285714286,1545.0,14.0,65.0,237.0,145.0,1.7472269323389245,538.1458951603887,0.06818181818181818,0.045454545454545456,0.01948051948051948,0.032467532467532464,0.00974025974025974,0.02922077922077922,0.0,0.16233766233766234,0.02922077922077922,0.01948051948051948,0.04220779220779221,0.09415584415584416,0.21428571428571427,0.016233766233766232,0.00974025974025974,0.09415584415584416,0.0,0.37975360493509314,0.13051166868766811,0.0,0.0,0.6118143459915611,6.214285714285714,0.23067218313614526,16.928571428571427,15.5,14.708910252507712,12.66393586644259,1.729957805907173,1.0,1.3574568235327131,0.009708737864077669,6.8734177215189876,6.0,6.40549689164582,0.006369426751592357,0.0,0.0
Closure-58.json,Defects4J,0.8244315981864929,0.8194592595100403,0.8154457211494446,1.0,0.9932227730751038,0.8333333333333334,5.905000000000001,9.646666666666668,0.0,1.3333333333333333,0.0,6.0,0.0,0.0,0.0,0.0,0.0,0.0,0.0,0.0,0.05298664906710747,,6.416666666666668,59.745000000000005,9.066666666666666,22.666666666666664,5.166666666666667,31.0,1.0,1.0,6.0,6.0,0.17573592793231638,1.0544155675938982,0.0,0.0,0.0,0.0,0.0,0.16666666666666666,0.0,0.16666666666666666,0.0,0.0,0.0,0.3333333333333333,0.0,0.0,0.0,0.16666666666666666,0.0,0.6666666666666666,0.0,0.0,0.0,1.0,1.0,,6.0,6.0,0.0,,1.6666666666666667,1.5,0.7453559924999299,0.0,5.166666666666667,5.0,3.0230595245361758,0.0,0.0,0.0
Gson-14.json,Defects4J,0.7838230133056641,0.7809229691823324,0.778532087802887,0.3152162432670593,1.235796570777893,0.6130268199233716,26.867683333333332,32.315799999999996,0.0,3.774601577935004,2.025195509105246,261.0,0.003129890453834116,0.2477829942618675,0.27908189880020867,0.27908189880020867,0.27908189880020867,0.2477829942618675,0.2477829942618675,0.0,3.7423526340571303,0.5870498351075433,14.864,18.18033333333338,15.26666666666667,49.66666666666667,6.762452107279693,1740.0,12.0,43.0,200.0,111.0,0.16167489626675313,42.197147925622566,0.06896551724137931,0.06896551724137931,0.007662835249042145,0.022988505747126436,0.011494252873563218,0.011494252873563218,0.0,0.19157088122605365,0.04597701149425287,0.02681992337164751,0.01532567049808429,0.0842911877394636,0.210727969348659,0.0,0.019157088122605363,0.09578544061302682,0.038314176245210725,0.4255203485525944,0.08670450123727318,0.0,0.045454545454545456,0.555,5.5,0.5494317770004272,16.666666666666668,14.5,14.179406036768803,13.943154165760404,2.03,1.0,2.146881459233369,0.022099447513812154,8.485,4.5,12.861561919144968,0.012519561815336464,0.008346374543557642,0.010432968179447054
Math-24.json,Defects4J,0.7421234250068665,0.7382619380950928,0.734043538570404,0.29452478885650635,1.1742217540740967,0.5414364640883977,31.84714285714285,31.353197278911562,0.0,2.503513931888545,1.510674047627671,181.0,0.06574923547400612,0.0,0.0,0.0,0.0,0.0,0.0,0.0,2.272867097577946,0.33264609053730965,13.455591836734694,50.95726530612248,16.11374149659864,62.73333333333333,6.8397790055248615,851.0,5.0,33.0,147.0,109.0,0.05363089736072551,9.707192422291318,0.03314917127071823,0.027624309392265192,0.022099447513812154,0.03314917127071823,0.0,0.03867403314917127,0.0,0.09392265193370165,0.049723756906077346,0.016574585635359115,0.011049723756906077,0.19889502762430938,0.13812154696132597,0.0055248618784530384,0.03867403314917127,0.06077348066298342,0.022099447513812154,0.36287925696594425,0.18358580750700168,0.0,0.0,0.7414965986394558,9.8,0.0544914190346996,29.4,17.0,25.570295266187287,13.348371206891418,1.489795918367347,1.0,1.1801495750857927,0.0,8.19047619047619,5.0,9.203913197145527,0.006880733944954129,0.006880733944954129,0.0
Compress-4.json,Defects4J,0.7367854118347168,0.7344391544659933,0.7325971722602844,0.27042096853256226,1.2433456182479858,0.5522388059701493,29.54155279503106,26.814658385093164,0.0,3.3433514051861506,0.6624593149828966,201.0,0.06930693069306931,0.0,0.035034272658035034,0.0,0.0,0.0,0.0,0.0030464584920030465,3.1995540321360645,0.345232293009758,13.8984347826087,52.76939130434785,16.606708074534165,62.63478260869566,6.129353233830845,845.0,5.0,40.0,161.0,112.0,0.12199796973264962,24.521591916262572,0.03482587064676617,0.01990049751243781,0.01990049751243781,0.029850746268656716,0.009950248756218905,0.04975124378109453,0.0,0.10945273631840796,0.04975124378109453,0.009950248756218905,0.03482587064676617,0.13432835820895522,0.16417910447761194,0.009950248756218905,0.029850746268656716,0.0845771144278607,0.009950248756218905,0.4603713240620021,0.07844918216942712,0.0,0.0,0.6956521739130435,9.8,0.28872187187274295,32.2,28.0,18.00444389588304,13.023866798666859,1.434782608695652,1.0,0.9039774683586017,0.0,7.403726708074534,5.0,8.265304931746469,0.007616146230007616,0.030464584920030464,0.03655750190403656
JacksonDatabind-105.json,Defects4J,0.7940622568130493,0.7926197449366251,0.79049152135849,0.10165607184171677,1.156346082687378,0.7224669603524229,20.080322580645166,22.820215053763437,0.0,3.2120943329279803,1.4834554275972234,227.0,0.0,0.09621993127147767,0.09621993127147767,0.09621993127147767,0.09621993127147767,0.09621993127147767,0.09621993127147767,0.0,3.7229853120401755,0.4629319409529368,14.439268817204304,24.668903225806474,16.90236559139785,64.2989247311828,5.828193832599119,1323.0,10.0,46.0,186.0,115.0,0.18232495709357457,41.38776526024143,0.0881057268722467,0.05726872246696035,0.0,0.02643171806167401,0.004405286343612335,0.039647577092511016,0.004405286343612335,0.1762114537444934,0.039647577092511016,0.013215859030837005,0.004405286343612335,0.1894273127753304,0.14977973568281938,0.022026431718061675,0.030837004405286344,0.07929515418502203,0.00881057268722467,0.4704513430810343,0.05344035380428827,0.0,0.0,0.6182795698924731,8.5,0.24684676807373762,18.6,17.0,11.35077089893017,15.112257680678326,1.9301075268817205,1.5,1.2659549454549481,0.011560693641618497,6.838709677419355,6.0,5.96727693625764,0.058419243986254296,0.030927835051546393,0.0
Jsoup-77.json,Defects4J,0.7784481048583984,0.7770744760831197,0.7751545310020447,0.26816922426223755,1.1821624040603638,0.5555555555555556,81.42223880597015,28.737313432835823,0.0,11.43915343915344,0.0,189.0,0.0635593220338983,0.5457627118644067,0.5457627118644067,0.5457627118644067,0.5457627118644067,0.5457627118644067,0.5457627118644067,0.0,2.913452431878922,,61.23865671641792,-105.31977611940297,63.15223880597015,165.34328358208955,5.698412698412699,1053.0,1.0,25.0,134.0,70.0,0.09746181846326982,18.420283689557994,0.042328042328042326,0.026455026455026454,0.005291005291005291,0.031746031746031744,0.005291005291005291,0.0,0.0,0.15343915343915343,0.031746031746031744,0.015873015873015872,0.021164021164021163,0.14814814814814814,0.2857142857142857,0.021164021164021163,0.005291005291005291,0.07936507936507936,0.06878306878306878,0.37566137566137564,0.0,0.0,0.0,0.5223880597014925,42.0,,134.0,134.0,0.0,,2.082089552238806,1.0,2.2890019576508993,0.016260162601626018,7.611940298507463,5.0,8.957537014691598,0.011864406779661017,0.04745762711864407,0.06440677966101695
Collections-26.json,Defects4J,0.7691275477409363,0.768467128276825,0.7679255604743958,0.25989943742752075,1.2542420625686646,0.49491525423728816,25.90081560283688,28.686713947990544,0.0,3.2240832179956627,1.944815560624918,590.0,0.02813852813852814,0.0,0.15016233766233766,0.11282467532467533,0.07088744588744589,0.030303030303030304,0.030303030303030304,0.0,7.986466896961916,0.6814487592170113,13.10625413711584,38.76775000000001,15.173947990543736,65.3580378250591,5.8830508474576275,2773.0,20.0,65.0,423.0,222.0,4.984556138653767,2940.8881218057227,0.04915254237288136,0.03559322033898305,0.00847457627118644,0.023728813559322035,0.010169491525423728,0.013559322033898305,0.001694915254237288,0.13220338983050847,0.022033898305084745,0.00847457627118644,0.003389830508474576,0.14915254237288136,0.2593220338983051,0.005084745762711864,0.01864406779661017,0.06440677966101695,0.023728813559322035,0.47617524828514135,0.05372727237931529,0.016129032258064516,0.0,0.524822695035461,9.35,0.5813265215191576,21.15,9.5,21.38989247284801,13.892738720246978,1.7328605200945626,1.0,1.3233788322838043,0.0,7.803782505910165,6.0,7.122155016259318,0.008658008658008658,0.03273809523809524,0.017316017316017316
Chart-5.json,Defects4J,0.8033892512321472,0.7978841265042623,0.7928632497787476,0.23621760308742523,1.2510443925857544,0.5014749262536873,12.524795081967213,10.14573770491803,0.0,4.6640227500160005,4.871703165574166,339.0,0.006346967559943582,0.2002820874471086,0.26727785613540195,0.2468265162200282,0.22143864598025387,0.2002820874471086,0.2002820874471086,0.0,5.0281274306508905,0.5028377241558499,10.51370491803279,63.14359016393445,13.858360655737705,43.662295081967216,3.6548672566371683,1239.0,10.0,65.0,244.0,115.0,0.45028584952009754,152.64690298731307,0.017699115044247787,0.02359882005899705,0.014749262536873156,0.032448377581120944,0.017699115044247787,0.04129793510324484,0.0,0.15634218289085547,0.02654867256637168,0.011799410029498525,0.02359882005899705,0.07374631268436578,0.22418879056047197,0.032448377581120944,0.05309734513274336,0.06489675516224189,0.08849557522123894,0.4318424853920682,0.10365332110258979,0.02857142857142857,0.08571428571428572,0.4713114754098361,4.7,0.4903392503038049,24.4,25.0,17.362027531368565,12.161744961471694,1.4057377049180328,1.0,0.9556389314311465,0.004672897196261682,4.618852459016393,3.0,5.558022291958156,0.02679830747531735,0.01692524682651622,0.014104372355430184
Time-24.json,Defects4J,0.8208873271942139,0.8183361887931824,0.8160262107849121,0.2893640697002411,1.287851333618164,0.5571428571428572,9.62031446540881,10.260377358490565,0.0,3.0178812415654517,0.5762147977919224,70.0,0.0,0.0,0.0,0.0,0.0,0.0,0.0,0.0,1.2166480316025328,0.13489378988742828,8.443396226415096,65.9938993710692,12.349685534591195,36.534591194968556,4.3428571428571425,304.0,3.0,19.0,53.0,45.0,0.04822647135482637,3.375852994837846,0.02857142857142857,0.014285714285714285,0.04285714285714286,0.05714285714285714,0.02857142857142857,0.0,0.014285714285714285,0.11428571428571428,0.11428571428571428,0.0,0.08571428571428572,0.02857142857142857,0.17142857142857143,0.02857142857142857,0.05714285714285714,0.12857142857142856,0.0,0.42498875393612234,0.036835280096471516,0.0,0.0,0.8490566037735849,3.3333333333333335,0.14699211716651917,17.666666666666668,17.0,5.734883511361751,11.855464076750408,1.4528301886792452,1.0,1.0382503012979325,0.020833333333333332,4.716981132075472,4.0,4.93113848269272,0.017543859649122806,0.02631578947368421,0.0
JacksonDatabind-41.json,Defects4J,0.8204011917114258,0.8151531418164571,0.8107580542564392,0.2746095657348633,1.1445952653884888,0.8064516129032258,23.901320754716977,23.133584905660367,0.0,3.115304487179487,0.5730102521287253,124.0,0.0,0.17204301075268819,0.17204301075268819,0.17204301075268819,0.17204301075268819,0.17204301075268819,0.17204301075268819,0.0,2.5170935085843342,0.25618501007556915,15.450660377358492,31.488443396226415,17.39245283018868,60.4622641509434,5.967741935483871,740.0,4.0,38.0,106.0,84.0,0.09993972177196211,12.392525499723302,0.07258064516129033,0.04838709677419355,0.024193548387096774,0.06451612903225806,0.016129032258064516,0.0,0.0,0.18548387096774194,0.08064516129032258,0.04032258064516129,0.03225806451612903,0.08064516129032258,0.12903225806451613,0.04838709677419355,0.016129032258064516,0.13709677419354838,0.0,0.40563568376068376,0.032312272062542176,0.0,0.0,0.7924528301886793,9.0,0.14798917627194896,26.5,14.0,22.830900113661748,15.247664890283005,1.7547169811320755,1.0,1.552911573098283,0.02912621359223301,6.811320754716981,4.0,7.174526751268238,0.0,0.0,0.0
Closure-171.json,Defects4J,0.8244315981864929,0.8194592595100403,0.8154457211494446,1.0,0.9932227730751038,0.8333333333333334,5.905000000000001,9.646666666666668,0.0,1.3333333333333333,0.0,6.0,0.0,0.0,0.0,0.0,0.0,0.0,0.0,0.0,0.05298664906710747,,6.416666666666668,59.745000000000005,9.066666666666666,22.666666666666664,5.166666666666667,31.0,1.0,1.0,6.0,6.0,0.17573592793231638,1.0544155675938982,0.0,0.0,0.0,0.0,0.0,0.16666666666666666,0.0,0.16666666666666666,0.0,0.0,0.0,0.3333333333333333,0.0,0.0,0.0,0.16666666666666666,0.0,0.6666666666666666,0.0,0.0,0.0,1.0,1.0,,6.0,6.0,0.0,,1.6666666666666667,1.5,0.7453559924999299,0.0,5.166666666666667,5.0,3.0230595245361758,0.0,0.0,0.0
Math-73.json,Defects4J,0.7338616847991943,0.7309597134590149,0.728528618812561,0.1862802356481552,1.1404544115066528,0.5567567567567567,33.926677852348995,29.26147651006711,0.0,3.7332099303135884,1.4974181862615081,185.0,0.06823529411764706,0.0,0.06588235294117648,0.0,0.0,0.0,0.0,0.0,2.409679484931388,0.4410811314980189,15.88515100671141,47.520209731543645,18.389932885906042,68.12248322147651,6.4972972972972975,815.0,4.0,28.0,149.0,110.0,0.06016428710583397,11.130393114579284,0.06486486486486487,0.021621621621621623,0.005405405405405406,0.016216216216216217,0.0,0.04864864864864865,0.0,0.10810810810810811,0.06486486486486487,0.010810810810810811,0.0,0.1891891891891892,0.14054054054054055,0.016216216216216217,0.02702702702702703,0.06486486486486487,0.016216216216216217,0.4751596980255517,0.035356421062914395,0.0,0.0,0.738255033557047,11.5,0.5511997789144516,37.25,39.0,22.331312097590683,13.427899808715576,1.436241610738255,1.0,1.0055026300013776,0.0,7.798657718120805,5.0,8.61244601644613,0.007058823529411765,0.007058823529411765,0.0
Lang-31.json,Defects4J,0.7552340626716614,0.7527958552042643,0.7502174973487854,0.2767934501171112,1.1607441902160645,0.4819734345351044,25.268349999999998,26.60586666666666,0.0,3.2903864051820686,2.2688976648980828,527.0,0.02376425855513308,0.1850443599493029,0.41825095057034223,0.3368187579214195,0.24524714828897337,0.1850443599493029,0.1850443599493029,0.0006337135614702154,7.428087905631339,0.5512882545590401,11.612491666666667,53.55153750000002,13.748333333333335,62.6375,5.573055028462998,2508.0,16.0,40.0,375.0,194.0,3.19276514227774,1682.5872299803689,0.030360531309297913,0.013282732447817837,0.009487666034155597,0.011385199240986717,0.0056925996204933585,0.015180265654648957,0.0,0.14041745730550284,0.06641366223908918,0.007590132827324478,0.007590132827324478,0.20872865275142316,0.2618595825426945,0.0056925996204933585,0.020872865275142316,0.03984819734345351,0.011385199240986717,0.4669396604363958,0.09409104847120024,0.0,0.0,0.5173333333333333,9.1875,0.5565507316163608,23.4375,13.0,23.950388175351147,12.273956033585218,1.5306666666666666,1.0,1.1306603773409982,0.0,7.426666666666667,5.0,8.349328648992618,0.0076045627376425855,0.006653992395437262,0.0063371356147021544
JacksonCore-1.json,Defects4J,0.7994318604469299,0.7978268464406332,0.7959592342376709,0.21508662402629852,1.1687815189361572,0.7967914438502673,26.416352201257865,31.228679245283022,0.0,3.3255200817700814,2.201352662057678,187.0,0.0,0.0,0.03116531165311653,0.0,0.0,0.0,0.0,0.0,4.858416798116549,0.16588876210153103,17.349056603773594,2.144842767295586,17.381132075471697,50.37106918238993,7.197860962566845,1345.0,9.0,64.0,159.0,107.0,0.6888774992710709,128.82009236369026,0.03208556149732621,0.058823529411764705,0.0427807486631016,0.0748663101604278,0.0213903743315508,0.0481283422459893,0.0,0.13368983957219252,0.053475935828877004,0.016042780748663103,0.0427807486631016,0.13368983957219252,0.13368983957219252,0.03208556149732621,0.0053475935828877,0.11764705882352941,0.0,0.4349983820004145,0.06996024114250503,0.0,0.0,0.6729559748427673,5.777777777777778,0.3786230172429766,17.666666666666668,19.0,11.382247385975914,15.322241378113624,2.207547169811321,1.0,2.290465530935565,0.013333333333333334,8.283018867924529,4.0,10.414148621724546,0.016260162601626018,0.0,0.0
Closure-74.json,Defects4J,0.8244315981864929,0.8194592595100403,0.8154457211494446,1.0,0.9932227730751038,0.8333333333333334,5.905000000000001,9.646666666666668,0.0,1.3333333333333333,0.0,6.0,0.0,0.0,0.0,0.0,0.0,0.0,0.0,0.0,0.05298664906710747,,6.416666666666668,59.745000000000005,9.066666666666666,22.666666666666664,5.166666666666667,31.0,1.0,1.0,6.0,6.0,0.17573592793231638,1.0544155675938982,0.0,0.0,0.0,0.0,0.0,0.16666666666666666,0.0,0.16666666666666666,0.0,0.0,0.0,0.3333333333333333,0.0,0.0,0.0,0.16666666666666666,0.0,0.6666666666666666,0.0,0.0,0.0,1.0,1.0,,6.0,6.0,0.0,,1.6666666666666667,1.5,0.7453559924999299,0.0,5.166666666666667,5.0,3.0230595245361758,0.0,0.0,0.0
JacksonDatabind-6.json,Defects4J,0.7908119559288025,0.7897842327753702,0.7877484560012817,0.287883460521698,1.1666315793991089,0.704,28.331878787878786,22.628363636363634,0.0,3.353180276399518,0.12962889319656026,125.0,0.0,0.0,0.1570048309178744,0.11352657004830918,0.11352657004830918,0.0,0.0,0.0,1.567383093153634,0.211673766374588,18.77,25.798333333333346,20.12121212121212,74.84848484848484,5.992,749.0,3.0,28.0,110.0,81.0,0.038352688698472075,4.794086087309009,0.04,0.064,0.024,0.032,0.008,0.048,0.0,0.128,0.184,0.016,0.024,0.168,0.096,0.0,0.032,0.08,0.0,0.47671348078378606,0.0382486787763162,0.0,0.0,0.7363636363636363,14.0,0.5710886120796204,36.666666666666664,36.0,11.440668201153676,15.903189008614273,1.7,1.0,1.6708734786985464,0.019417475728155338,6.672727272727273,4.5,7.879904349799143,0.0,0.0,0.0
Mockito-17.json,Defects4J,0.8273728489875793,0.8226843674977621,0.818372368812561,1.0,1.1956604719161987,0.8,3.678000000000001,6.504000000000001,0.0,1.2,0.0,5.0,0.0,0.0,0.0,0.0,0.0,0.0,0.0,0.0,0.05305602573781134,,2.879999999999999,83.32000000000004,10.0,25.0,4.8,24.0,1.0,1.0,5.0,5.0,0.21089774439461811,1.0544887219730905,0.0,0.0,0.0,0.0,0.0,0.2,0.0,0.2,0.0,0.0,0.0,0.2,0.0,0.0,0.0,0.2,0.0,0.6,0.0,0.0,0.0,1.0,1.0,,5.0,5.0,0.0,,1.4,1.0,0.8,0.0,4.8,4.0,3.3105890714493698,0.0,0.0,0.0
Closure-23.json,Defects4J,0.8244315981864929,0.8194592595100403,0.8154457211494446,1.0,0.9932227730751038,0.8333333333333334,5.905000000000001,9.646666666666668,0.0,1.3333333333333333,0.0,6.0,0.0,0.0,0.0,0.0,0.0,0.0,0.0,0.0,0.05298664906710747,,6.416666666666668,59.745000000000005,9.066666666666666,22.666666666666664,5.166666666666667,31.0,1.0,1.0,6.0,6.0,0.17573592793231638,1.0544155675938982,0.0,0.0,0.0,0.0,0.0,0.16666666666666666,0.0,0.16666666666666666,0.0,0.0,0.0,0.3333333333333333,0.0,0.0,0.0,0.16666666666666666,0.0,0.6666666666666666,0.0,0.0,0.0,1.0,1.0,,6.0,6.0,0.0,,1.6666666666666667,1.5,0.7453559924999299,0.0,5.166666666666667,5.0,3.0230595245361758,0.0,0.0,0.0
JacksonDatabind-82.json,Defects4J,0.7795128226280212,0.7778383493423462,0.7757667303085327,0.26083773374557495,1.2068215608596802,0.4591194968553459,39.158142857142856,26.50419047619047,0.0,5.776517857142856,3.688389968486264,318.0,0.08211473565804274,0.07874015748031496,0.28965129358830144,0.20866141732283464,0.1597300337457818,0.14285714285714285,0.12373453318335208,0.0,3.380673075432373,0.4113594988981883,26.79928571428572,-3.566785714285686,27.285714285714285,88.69047619047619,5.163522012578617,1642.0,4.0,16.0,210.0,97.0,0.0924231022395492,29.39054651217665,0.07861635220125786,0.025157232704402517,0.0,0.015723270440251572,0.0031446540880503146,0.009433962264150943,0.0,0.16037735849056603,0.02830188679245283,0.009433962264150943,0.0,0.11320754716981132,0.33962264150943394,0.0,0.0031446540880503146,0.04716981132075472,0.009433962264150943,0.48586309523809523,0.0720881931337283,0.0,0.0,0.46190476190476193,19.0,0.44492727518081665,52.5,40.5,45.67548576643712,19.53771442962202,1.8571428571428572,1.0,1.6413036132965797,0.0125,7.29047619047619,5.0,8.224030107059072,0.010123734533183352,0.023622047244094488,0.04049493813273341
Math-5.json,Defects4J,0.7351140379905701,0.7316619157791138,0.7286275625228882,0.23160172998905182,1.1940864324569702,0.4307692307692308,34.432324561403505,36.95736842105262,0.0,2.7867207867207866,0.9525611759974687,195.0,0.12204989885367498,0.08091706001348618,0.19959541469993258,0.08091706001348618,0.08091706001348618,0.08091706001348618,0.08091706001348618,0.03641267700606878,1.5943399380090246,0.5726499676704406,11.834736842105265,55.33482456140351,14.60701754385965,64.80701754385964,7.369230769230769,865.0,6.0,12.0,152.0,112.0,0.025256805860385367,4.925077142775146,0.005128205128205128,0.010256410256410256,0.0,0.010256410256410256,0.010256410256410256,0.015384615384615385,0.0,0.09743589743589744,0.08205128205128205,0.005128205128205128,0.0,0.2,0.1794871794871795,0.0,0.046153846153846156,0.07179487179487179,0.010256410256410256,0.47336407119015816,0.08076130405070218,0.0,0.0,0.7368421052631579,10.0,0.47603634744882584,25.333333333333332,18.0,21.661537854506594,12.745084868956482,1.486842105263158,1.0,1.1238259493991658,0.0,9.171052631578947,5.5,10.860827919753312,0.004045853000674309,0.006068779501011463,0.0
Lang-3.json,Defects4J,0.7517811059951782,0.7500064373016357,0.7490869164466858,0.13169847428798676,1.2136955261230469,0.6409090909090909,26.69190476190476,23.67365079365079,0.0,2.5269945231901754,1.5117625885728287,220.0,0.045674740484429065,0.0,0.0,0.0,0.0,0.0,0.0,0.0,3.0928511714558224,0.4144473776221275,13.427275132275131,54.90059523809526,16.62116402116402,60.6005291005291,6.054545454545455,1005.0,6.0,57.0,189.0,132.0,0.10018103548147227,22.0398278059239,0.022727272727272728,0.05909090909090909,0.022727272727272728,0.04090909090909091,0.01818181818181818,0.06363636363636363,0.0,0.11363636363636363,0.04090909090909091,0.01818181818181818,0.01818181818181818,0.17727272727272728,0.09545454545454546,0.00909090909090909,0.031818181818181815,0.07727272727272727,0.01818181818181818,0.3793916228698837,0.18815184828464918,0.0,0.0,0.6984126984126984,9.166666666666666,0.23452065512537956,31.5,20.0,34.27705743885649,13.295006501635747,1.417989417989418,1.0,0.9427496539065561,0.0,6.873015873015873,5.0,7.691454882276646,0.006228373702422145,0.006228373702422145,0.0
Closure-35.json,Defects4J,0.8244315981864929,0.8194592595100403,0.8154457211494446,1.0,0.9932227730751038,0.8333333333333334,5.905000000000001,9.646666666666668,0.0,1.3333333333333333,0.0,6.0,0.0,0.0,0.0,0.0,0.0,0.0,0.0,0.0,0.05298664906710747,,6.416666666666668,59.745000000000005,9.066666666666666,22.666666666666664,5.166666666666667,31.0,1.0,1.0,6.0,6.0,0.17573592793231638,1.0544155675938982,0.0,0.0,0.0,0.0,0.0,0.16666666666666666,0.0,0.16666666666666666,0.0,0.0,0.0,0.3333333333333333,0.0,0.0,0.0,0.16666666666666666,0.0,0.6666666666666666,0.0,0.0,0.0,1.0,1.0,,6.0,6.0,0.0,,1.6666666666666667,1.5,0.7453559924999299,0.0,5.166666666666667,5.0,3.0230595245361758,0.0,0.0,0.0
Compress-46.json,Defects4J,0.7361679077148438,0.7319364746411642,0.728975772857666,0.2907413840293884,1.1620267629623413,0.5835294117647059,27.679470752089138,22.27520891364902,0.0,3.1349987074343946,1.807653501060966,425.0,0.03255988023952096,0.07410179640718563,0.20247005988023953,0.19535928143712575,0.13697604790419163,0.09955089820359281,0.07410179640718563,0.0007485029940119761,6.634569999832333,0.5716262944042683,15.272838440111418,49.50569220055712,18.371142061281336,64.5908077994429,5.7435294117647056,1869.0,10.0,98.0,359.0,188.0,1.790474790745997,760.9517860670487,0.03294117647058824,0.05411764705882353,0.004705882352941176,0.05176470588235294,0.01411764705882353,0.03058823529411765,0.0,0.12705882352941175,0.07529411764705882,0.009411764705882352,0.03764705882352941,0.16470588235294117,0.12705882352941175,0.009411764705882352,0.02823529411764706,0.06588235294117648,0.007058823529411765,0.444086553362909,0.155684471481966,0.0,0.0,0.5236768802228412,10.3,0.3472991334274411,35.9,38.0,24.72023462671825,13.968273953766033,1.4289693593314763,1.0,0.9351369474476785,0.003436426116838488,6.6155988857938715,4.0,7.998424748504657,0.008982035928143712,0.005988023952095809,0.017964071856287425
JacksonDatabind-94.json,Defects4J,0.8035145401954651,0.8000834385553995,0.797071635723114,0.26998886466026306,1.1653727293014526,0.7698412698412699,37.46235849056604,24.08037735849057,0.0,3.571667172790768,0.7878833890069845,126.0,0.0,0.36773428232502964,0.36773428232502964,0.36773428232502964,0.36773428232502964,0.36773428232502964,0.36773428232502964,0.0,1.7886345792685387,0.774931013584137,27.232830188679248,-5.784528301886752,28.36981132075472,91.67924528301887,5.944444444444445,749.0,2.0,24.0,106.0,69.0,0.04747047559177896,5.981279924564149,0.07936507936507936,0.07142857142857142,0.03968253968253968,0.007936507936507936,0.015873015873015872,0.007936507936507936,0.0,0.2857142857142857,0.10317460317460317,0.023809523809523808,0.007936507936507936,0.06349206349206349,0.12698412698412698,0.0,0.023809523809523808,0.1111111111111111,0.0,0.492711812936532,0.02080170057698147,0.0,0.0,0.6509433962264151,20.5,,53.0,53.0,21.0,,1.8773584905660377,1.0,1.496554723789222,0.029411764705882353,6.877358490566038,5.0,7.010373486388176,0.04744958481613286,0.08066429418742586,0.10438908659549229
Jsoup-2.json,Defects4J,0.7980242371559143,0.7963236371676127,0.794905424118042,0.444744348526001,1.2178640365600586,0.5906735751295337,17.40607142857143,10.829047619047621,0.0,4.085379291305977,1.7510425113102686,193.0,0.11875693673695893,0.13318534961154274,0.3584905660377358,0.33962264150943394,0.33962264150943394,0.32075471698113206,0.2663706992230855,0.0,2.7420513158350137,0.5082328291609883,14.230666666666668,52.881,17.48761904761905,56.21904761904762,4.22279792746114,814.0,5.0,35.0,168.0,82.0,0.08040821969021968,15.518786400212399,0.05699481865284974,0.04145077720207254,0.04145077720207254,0.046632124352331605,0.010362694300518135,0.010362694300518135,0.0,0.11398963730569948,0.025906735751295335,0.010362694300518135,0.03626943005181347,0.08808290155440414,0.11917098445595854,0.0051813471502590676,0.015544041450777202,0.08808290155440414,0.17098445595854922,0.4247772666537085,0.07348988403737863,0.0,0.0,0.4880952380952381,7.6,0.3521423687537511,33.6,31.0,21.415881957089695,13.662883650711645,1.4166666666666667,1.0,0.9284951128590686,0.013605442176870748,4.678571428571429,4.0,4.873789750349541,0.03107658157602664,0.029966703662597113,0.04661487236403995
Math-49.json,Defects4J,0.7395719885826111,0.7356871763865153,0.732314944267273,0.26256367564201355,1.2267991304397583,0.42758620689655175,41.7190756302521,43.829019607843136,0.0,4.507730740945027,3.0476607798576314,290.0,0.03971756398940865,0.0,0.08958517210944396,0.05692850838481906,0.037069726390114736,0.037069726390114736,0.0,0.00176522506619594,4.790802563261372,0.6249249825874964,18.797282913165265,12.202058823529427,18.323809523809526,73.26050420168067,7.551724137931035,1707.0,7.0,18.0,204.0,138.0,0.41516536853754615,120.39795687588838,0.03793103448275862,0.03793103448275862,0.0,0.006896551724137931,0.0,0.013793103448275862,0.0,0.07931034482758621,0.09310344827586207,0.0,0.0,0.17586206896551723,0.24482758620689654,0.0034482758620689655,0.020689655172413793,0.041379310344827586,0.03103448275862069,0.42493978672550103,0.07467744573804247,0.0,0.0,0.6764705882352942,12.857142857142858,0.48765371441841127,29.142857142857142,27.0,16.98258411624409,15.719379583869454,1.9509803921568627,1.0,2.1800227152099168,0.0,10.313725490196079,6.0,12.803553728614066,0.009708737864077669,0.04854368932038835,0.03177405119152692
Compress-11.json,Defects4J,0.7610831260681152,0.7595293124516805,0.7578449249267578,0.356143057346344,1.2267470359802246,0.6059479553903345,38.861250000000005,29.867068965517237,0.0,4.8233872396260455,2.4610146637861567,269.0,0.0887218045112782,0.0,0.0481203007518797,0.0481203007518797,0.0,0.0,0.0,0.03558897243107769,2.8523055741246184,0.5382067337632179,19.443068965517245,38.30882758620692,23.215172413793102,81.7448275862069,6.933085501858736,1310.0,5.0,57.0,232.0,156.0,0.06441518991253986,17.32768608647322,0.022304832713754646,0.048327137546468404,0.01486988847583643,0.040892193308550186,0.007434944237918215,0.04460966542750929,0.0,0.16728624535315986,0.055762081784386616,0.022304832713754646,0.01486988847583643,0.13382899628252787,0.10037174721189591,0.01858736059479554,0.026022304832713755,0.07063197026022305,0.01858736059479554,0.47677065223333875,0.03122082710895302,0.0,0.0,0.6724137931034483,16.4,0.40595729649066925,46.4,37.0,21.67579294974004,16.404322709996244,1.4353448275862069,1.0,0.9804779192105516,0.0,7.875,5.0,9.895874924292514,0.013533834586466165,0.004511278195488722,0.0
Closure-62.json,Defects4J,0.8244315981864929,0.8194592595100403,0.8154457211494446,1.0,0.9932227730751038,0.8333333333333334,5.905000000000001,9.646666666666668,0.0,1.3333333333333333,0.0,6.0,0.0,0.0,0.0,0.0,0.0,0.0,0.0,0.0,0.05298664906710747,,6.416666666666668,59.745000000000005,9.066666666666666,22.666666666666664,5.166666666666667,31.0,1.0,1.0,6.0,6.0,0.17573592793231638,1.0544155675938982,0.0,0.0,0.0,0.0,0.0,0.16666666666666666,0.0,0.16666666666666666,0.0,0.0,0.0,0.3333333333333333,0.0,0.0,0.0,0.16666666666666666,0.0,0.6666666666666666,0.0,0.0,0.0,1.0,1.0,,6.0,6.0,0.0,,1.6666666666666667,1.5,0.7453559924999299,0.0,5.166666666666667,5.0,3.0230595245361758,0.0,0.0,0.0
Csv-14.json,Defects4J,0.7376898527145386,0.7354657451311747,0.7341639995574951,0.28453439474105835,1.224405288696289,0.4562841530054645,26.560596627756162,16.68404669260701,0.0,4.4718168384384445,1.3255546790266586,366.0,0.12449334105385061,0.18587145338737696,0.28488708743485813,0.22698320787492762,0.18587145338737696,0.18587145338737696,0.18587145338737696,0.03937463810075275,4.214134441727898,0.7079095602035522,16.03717898832685,56.374730869001326,19.934889753566797,64.62321660181583,4.275956284153006,1110.0,6.0,62.0,257.0,141.0,0.18479671578226406,67.63559797630865,0.030054644808743168,0.03551912568306011,0.01639344262295082,0.02459016393442623,0.04644808743169399,0.03278688524590164,0.00546448087431694,0.12021857923497267,0.04371584699453552,0.00546448087431694,0.01912568306010929,0.12568306010928962,0.22404371584699453,0.01639344262295082,0.01639344262295082,0.04644808743169399,0.04371584699453552,0.4467028542097571,0.04357145885692576,0.0,0.010526315789473684,0.5486381322957199,9.333333333333334,0.5395261719822884,42.833333333333336,41.0,14.461635069690042,13.023866798666859,1.264591439688716,1.0,0.6482775204989824,0.0,5.642023346303502,4.0,7.643075284014957,0.009264620729588882,0.017371163867979156,0.024319629415170817
Collections-9.json,Defects4J,0.7449610233306885,0.7423018415768942,0.7405916452407837,0.30523210763931274,1.1766215562820435,0.4851063829787234,33.34614285714286,35.38088888888889,0.0,3.2912859461966604,2.1307624910912275,235.0,0.05,0.040229885057471264,0.07241379310344828,0.07241379310344828,0.07241379310344828,0.040229885057471264,0.040229885057471264,0.0,2.1029579320560954,0.45456841836373013,15.481904761904765,29.86500000000001,17.174603174603174,66.82539682539682,7.068085106382979,1274.0,7.0,20.0,180.0,133.0,0.03485259850198134,8.190360647965614,0.03829787234042553,0.03404255319148936,0.00851063829787234,0.00851063829787234,0.0,0.01276595744680851,0.0,0.11063829787234042,0.0425531914893617,0.00425531914893617,0.01276595744680851,0.20425531914893616,0.18723404255319148,0.00851063829787234,0.03829787234042553,0.059574468085106386,0.02127659574468085,0.38324056895485464,0.1695150846919541,0.0,0.0,0.7388888888888889,10.571428571428571,0.3431155651807785,25.714285714285715,31.0,16.72222033885526,15.151101081350806,1.7833333333333334,1.0,1.6339284630063284,0.007575757575757576,8.9,6.0,9.7125920559058,0.006896551724137931,0.006896551724137931,0.0
Math-69.json,Defects4J,0.7585137486457825,0.7567444642384847,0.7547163963317871,0.3486294746398926,1.2538686990737915,0.5171428571428571,30.023269841269844,23.590814814814824,0.0,3.8096041948247827,0.8984599559467559,350.0,0.04349904397705545,0.0,0.022944550669216062,0.022944550669216062,0.011472275334608031,0.0,0.0,0.0,5.811096543046867,0.5849561095237732,20.037301587301588,20.105000000000018,20.613756613756614,67.83068783068782,5.5,1533.0,7.0,70.0,270.0,157.0,0.9542432972953964,333.9851540533887,0.04285714285714286,0.06285714285714286,0.02,0.022857142857142857,0.008571428571428572,0.037142857142857144,0.0,0.11714285714285715,0.07714285714285714,0.005714285714285714,0.011428571428571429,0.11142857142857143,0.19142857142857142,0.005714285714285714,0.03142857142857143,0.06285714285714286,0.037142857142857144,0.4744677871148459,0.06228657429278745,0.0,0.0,0.5814814814814815,11.285714285714286,0.5668920248746872,38.57142857142857,40.0,22.871424109930857,15.903189008614273,1.7444444444444445,1.0,2.039759124002297,0.0,6.82962962962963,4.0,8.77584288722994,0.008604206500956023,0.0057361376673040155,0.01577437858508604
Math-86.json,Defects4J,0.7436636686325073,0.7394267519315084,0.7355542778968811,0.5541315078735352,1.2822235822677612,0.46296296296296297,23.8098802976383,23.573523131672598,0.0,3.6653016420835938,2.9019901919466338,378.0,0.08950477055883689,0.06633348477964561,0.22398909586551569,0.15901862789641072,0.15901862789641072,0.12539754656974103,0.10995002271694684,0.0027260336210813267,8.602264360276079,0.37013699375092984,10.581979941766424,64.69426399223553,14.488644451633775,65.04723390488516,5.383597883597884,1535.0,11.0,67.0,281.0,161.0,14.402044341375275,5443.972761039854,0.03439153439153439,0.0291005291005291,0.010582010582010581,0.015873015873015872,0.015873015873015872,0.042328042328042326,0.0,0.09788359788359788,0.10582010582010581,0.023809523809523808,0.0291005291005291,0.10846560846560846,0.21164021164021163,0.007936507936507936,0.015873015873015872,0.05291005291005291,0.031746031746031744,0.47521385070262084,0.06953493718926597,0.0,0.0,0.5729537366548043,10.090909090909092,0.39113254265652764,25.545454545454547,24.0,15.065696353357525,12.563389971838223,1.3736654804270463,1.0,0.8174370252391842,0.0,6.893238434163701,5.0,6.790404878160162,0.03180372557928214,0.023625624716038164,0.021808268968650613
Csv-7.json,Defects4J,0.767089307308197,0.7660929759343466,0.7650336623191833,0.20962680876255035,1.2170180082321167,0.6329588014981273,25.961701863354037,21.95373913043478,0.0,3.687337682975555,1.5083115083256955,267.0,0.04462242562929062,0.0,0.0,0.0,0.0,0.0,0.0,0.002288329519450801,4.160956577790283,0.5619293799002966,14.15472049689441,52.10239130434785,16.621118012422357,61.552795031055894,6.048689138576779,1272.0,7.0,63.0,230.0,152.0,0.2401979075611681,64.13284131883188,0.0299625468164794,0.06367041198501873,0.003745318352059925,0.026217228464419477,0.00749063670411985,0.06367041198501873,0.0,0.13857677902621723,0.04119850187265917,0.0149812734082397,0.02247191011235955,0.149812734082397,0.10861423220973783,0.018726591760299626,0.026217228464419477,0.0898876404494382,0.011235955056179775,0.48530736838803207,0.06756267745108797,0.0,0.0,0.6608695652173913,9.428571428571429,0.23830096274614335,32.857142857142854,30.0,15.065841889411114,12.785403640627713,1.434782608695652,1.0,1.0964800185146515,0.0,6.573913043478261,5.0,7.948268468327708,0.006864988558352402,0.005148741418764302,0.0
JacksonXml-1.json,Defects4J,0.8161416053771973,0.8112630248069763,0.8073043823242188,0.1596970558166504,1.145785927772522,0.8011363636363636,31.279249448123622,17.99629139072847,0.0,4.276579100108512,1.3630999906962795,176.0,0.0,0.12692307692307692,0.12692307692307692,0.12692307692307692,0.12692307692307692,0.12692307692307692,0.12692307692307692,0.0,3.957037251259698,0.21148479729890823,22.873112582781463,20.72282560706404,24.901545253863137,78.81015452538631,5.159090909090909,908.0,3.0,56.0,151.0,107.0,0.2971712390771451,52.30213807757754,0.125,0.10795454545454546,0.045454545454545456,0.028409090909090908,0.022727272727272728,0.028409090909090908,0.005681818181818182,0.14772727272727273,0.045454545454545456,0.011363636363636364,0.03977272727272727,0.125,0.11363636363636363,0.017045454545454544,0.017045454545454544,0.08522727272727272,0.0,0.4201933025462437,0.03597221970327255,0.0,0.0,0.7086092715231788,14.333333333333334,0.42149171233177185,50.333333333333336,44.0,32.561053764001905,17.122413403193683,1.596026490066225,1.0,1.1227851365574961,0.013793103448275862,5.847682119205298,5.0,4.908093524439725,0.01730769230769231,0.0,0.0
Closure-15.json,Defects4J,0.8244315981864929,0.8194592595100403,0.8154457211494446,1.0,0.9932227730751038,0.8333333333333334,5.905000000000001,9.646666666666668,0.0,1.3333333333333333,0.0,6.0,0.0,0.0,0.0,0.0,0.0,0.0,0.0,0.0,0.05298664906710747,,6.416666666666668,59.745000000000005,9.066666666666666,22.666666666666664,5.166666666666667,31.0,1.0,1.0,6.0,6.0,0.17573592793231638,1.0544155675938982,0.0,0.0,0.0,0.0,0.0,0.16666666666666666,0.0,0.16666666666666666,0.0,0.0,0.0,0.3333333333333333,0.0,0.0,0.0,0.16666666666666666,0.0,0.6666666666666666,0.0,0.0,0.0,1.0,1.0,,6.0,6.0,0.0,,1.6666666666666667,1.5,0.7453559924999299,0.0,5.166666666666667,5.0,3.0230595245361758,0.0,0.0,0.0
JxPath-2.json,Defects4J,0.7291184067726135,0.7261079947153727,0.723913848400116,0.25147682428359985,1.1975138187408447,0.6061855670103092,21.15848362564023,22.124010554089704,0.0,2.96820387424343,1.1237860854991784,485.0,0.03333333333333333,0.0,0.0,0.0,0.0,0.0,0.0,0.001388888888888889,9.615101006491651,0.34285301179625094,11.816579233276425,50.0518531739873,13.878069222411922,56.85876144653112,5.461855670103093,2143.0,17.0,119.0,379.0,231.0,30.906054881151515,14989.436617358486,0.024742268041237112,0.041237113402061855,0.018556701030927835,0.026804123711340205,0.01443298969072165,0.05360824742268041,0.0,0.1422680412371134,0.030927835051546393,0.012371134020618556,0.05154639175257732,0.12164948453608247,0.18969072164948453,0.01443298969072165,0.01443298969072165,0.0865979381443299,0.010309278350515464,0.4377658735239067,0.09180882990799794,0.0,0.0,0.6094986807387863,7.705882352941177,0.3345371534427007,22.294117647058822,15.0,26.316545245020627,12.627914446148157,1.5857519788918206,1.0,1.2789786705824264,0.0,6.675461741424802,5.0,7.528149774998898,0.004166666666666667,0.007291666666666667,0.0
Mockito-21.json,Defects4J,0.7932578921318054,0.7925724585851034,0.7918561100959778,0.2883886396884918,1.273390531539917,0.6502242152466368,18.653323483399966,18.156175908221794,0.0,4.1346626350138775,2.3360204699370564,669.0,0.0037991858887381274,0.055359565807327,0.11234735413839891,0.09199457259158751,0.09199457259158751,0.055359565807327,0.055359565807327,0.0,12.444557115462956,0.3633143085808981,14.21291239353381,35.50491699982618,16.468937945419782,56.659916565270294,4.941704035874439,3249.0,22.0,145.0,523.0,236.0,379.4690562620034,253864.79863928028,0.07473841554559044,0.043348281016442454,0.013452914798206279,0.029895366218236172,0.013452914798206279,0.028400597907324365,0.0014947683109118087,0.16143497757847533,0.01943198804185351,0.029895366218236172,0.03139013452914798,0.11061285500747384,0.20179372197309417,0.01195814648729447,0.008968609865470852,0.08819133034379671,0.03288490284005979,0.44271832324524046,0.06191244769760489,0.0,0.037037037037037035,0.45124282982791586,7.818181818181818,0.35997472479939463,23.772727272727273,22.5,14.472330396568413,14.747713142868488,1.739961759082218,1.0,1.3609093231799572,0.004282655246252677,5.986615678776291,4.0,5.988022830472741,0.008683853459972864,0.008141112618724558,0.028222523744911805
Jsoup-82.json,Defects4J,0.7806413769721985,0.7794014612833658,0.7782296538352966,0.28578945994377136,1.1641747951507568,0.5966850828729282,34.27138461538462,43.346461538461526,0.0,3.0562179487179484,2.0048951035484985,181.0,0.0,0.0,0.23112892451569805,0.1282565130260521,0.1282565130260521,0.07748830995323981,0.07748830995323981,0.0,3.4045016410654525,0.7914231623936858,18.344615384615384,-13.304615384615374,18.73846153846154,62.23076923076923,7.806629834254144,1392.0,10.0,22.0,130.0,83.0,0.1662944294728329,30.099291734582756,0.07734806629834254,0.07734806629834254,0.0,0.011049723756906077,0.0055248618784530384,0.0,0.0,0.143646408839779,0.03314917127071823,0.011049723756906077,0.011049723756906077,0.09944751381215469,0.2430939226519337,0.0,0.027624309392265192,0.06077348066298342,0.08839779005524862,0.46442307692307694,0.05570453807482993,0.0,0.0,0.6384615384615384,6.4,0.7636905843392015,13.0,4.0,20.78942038634074,15.112257680678326,2.4461538461538463,1.0,2.47467647757016,0.017857142857142856,10.446153846153846,6.0,11.230495254824653,0.026720106880427523,0.03006012024048096,0.09819639278557114
JxPath-18.json,Defects4J,0.7378028631210327,0.7351298332214355,0.7330189347267151,0.32629773020744324,1.1513699293136597,0.4121863799283154,45.16008591065293,26.508659793814434,0.0,5.6240140539095265,1.961697374679305,279.0,0.05741324921135647,0.06056782334384858,0.18233438485804415,0.06056782334384858,0.06056782334384858,0.06056782334384858,0.06056782334384858,0.0,2.9319737642843755,0.7868279218673706,27.39082474226804,13.862250859106524,29.99037800687286,98.17182130584192,5.379928315412187,1070.0,3.0,26.0,194.0,113.0,0.0672567416771723,18.764630927931073,0.03942652329749104,0.025089605734767026,0.02867383512544803,0.0,0.0,0.014336917562724014,0.0,0.1003584229390681,0.043010752688172046,0.007168458781362007,0.0035842293906810036,0.13261648745519714,0.2831541218637993,0.014336917562724014,0.017921146953405017,0.04659498207885305,0.017921146953405017,0.4421968215771795,0.05046240756027865,0.005714285714285714,0.0,0.5824742268041238,21.666666666666668,0.836030900478363,64.66666666666667,75.0,17.518244457961217,17.879347455551382,1.5051546391752577,1.0,1.0757276256285015,0.0,7.27319587628866,5.0,8.317947499901464,0.007570977917981073,0.03785488958990536,0.0
Codec-2.json,Defects4J,0.7210405468940735,0.7193746169408163,0.7176647186279297,0.196005716919899,1.1847740411758423,0.4900662251655629,27.30975,31.083000000000002,0.0,2.1333333333333333,1.243548164341469,151.0,0.06279287722586692,0.0,0.12933458294283037,0.08997188378631678,0.0,0.0,0.0,0.0,1.0435411479696552,0.5312865614891052,9.910000000000004,59.63500000000003,12.0,53.33333333333333,6.754966887417218,692.0,6.0,14.0,120.0,91.0,0.0188030029814703,2.8392534502020155,0.033112582781456956,0.026490066225165563,0.006622516556291391,0.006622516556291391,0.0,0.019867549668874173,0.0,0.09933774834437085,0.06622516556291391,0.006622516556291391,0.006622516556291391,0.2185430463576159,0.1456953642384106,0.0,0.039735099337748346,0.052980132450331126,0.026490066225165563,0.42997685185185186,0.20141140386062983,0.0,0.0,0.7583333333333333,6.666666666666667,0.219741171982605,20.0,21.0,14.259499757471625,11.20814326018867,1.5,1.0,1.140175425099138,0.0,8.225,5.0,9.067765711574157,0.026241799437675725,0.09840674789128398,0.10121836925960637
Compress-31.json,Defects4J,0.7387210726737976,0.7344589034716288,0.7312204241752625,0.31202736496925354,1.1865655183792114,0.46763392857142855,56.255917880099695,72.10704132231405,0.0,2.9721059769117697,3.1450134628865074,896.0,0.05047445992327882,0.06501110438118313,0.35544114677972943,0.11720169594185342,0.11074096507167373,0.11074096507167373,0.11074096507167373,0.0002018978396931153,19.47042084153284,0.7669337931419572,23.282180243998422,-54.75453627180897,16.271021907385542,66.29738947920767,10.775669642857142,8148.0,63.0,117.0,605.0,287.0,318851.3955503544,285690850.4131175,0.020089285714285716,0.09040178571428571,0.0033482142857142855,0.008928571428571428,0.0011160714285714285,0.011160714285714286,0.0,0.09263392857142858,0.04575892857142857,0.002232142857142857,0.005580357142857143,0.15513392857142858,0.30357142857142855,0.006696428571428571,0.010044642857142858,0.03125,0.049107142857142856,0.46199775468952703,0.0870497496081235,0.0,0.0,0.4743801652892562,5.444444444444445,0.7438933001678498,9.603174603174603,4.0,11.658554570949155,12.997655449845062,2.976859504132231,1.0,3.720320796853489,0.0,15.474380165289256,9.0,17.637340783266087,0.07773066828184938,0.08237431859479104,0.03735110034322633
Closure-42.json,Defects4J,0.8244315981864929,0.8194592595100403,0.8154457211494446,1.0,0.9932227730751038,0.8333333333333334,5.905000000000001,9.646666666666668,0.0,1.3333333333333333,0.0,6.0,0.0,0.0,0.0,0.0,0.0,0.0,0.0,0.0,0.05298664906710747,,6.416666666666668,59.745000000000005,9.066666666666666,22.666666666666664,5.166666666666667,31.0,1.0,1.0,6.0,6.0,0.17573592793231638,1.0544155675938982,0.0,0.0,0.0,0.0,0.0,0.16666666666666666,0.0,0.16666666666666666,0.0,0.0,0.0,0.3333333333333333,0.0,0.0,0.0,0.16666666666666666,0.0,0.6666666666666666,0.0,0.0,0.0,1.0,1.0,,6.0,6.0,0.0,,1.6666666666666667,1.5,0.7453559924999299,0.0,5.166666666666667,5.0,3.0230595245361758,0.0,0.0,0.0
Math-28.json,Defects4J,0.7602415084838867,0.7569714585940043,0.7539585828781128,0.26000967621803284,1.2612777948379517,0.6297169811320755,27.692464307883306,19.951284916201114,0.0,3.2964234050259202,1.7936267412097926,424.0,0.03756425464610518,0.0,0.02056148675365757,0.0,0.0,0.0,0.0,0.0007908264136022143,6.5375993903124385,0.5036017950624228,17.887020484171327,37.6700527622595,20.268653010552455,68.54872749844817,5.412735849056604,1890.0,9.0,91.0,358.0,234.0,1.6288364655043956,690.6266613738637,0.02830188679245283,0.06839622641509434,0.01179245283018868,0.01650943396226415,0.01179245283018868,0.04245283018867924,0.0,0.1509433962264151,0.05660377358490566,0.014150943396226415,0.02830188679245283,0.18632075471698112,0.11556603773584906,0.007075471698113208,0.03773584905660377,0.06839622641509434,0.014150943396226415,0.5214094336808534,0.06401757897602926,0.0049261083743842365,0.0,0.6536312849162011,11.444444444444445,0.2924435873116766,39.77777777777778,34.0,29.528809953737564,15.021129683784007,1.5223463687150838,1.0,1.1738791504737534,0.0,6.206703910614525,4.0,7.161876082707862,0.004744958481613286,0.0035587188612099642,0.005931198102016607
Gson-18.json,Defects4J,0.79217129945755,0.7910473545392355,0.7899775505065918,0.24938441812992096,1.197441816329956,0.5898876404494382,16.57,21.15757575757576,0.0,2.5361477019357457,0.8628587315868792,178.0,0.0,0.0,0.0,0.0,0.0,0.0,0.0,0.0,2.672921423808816,0.3831458803680208,9.314060606060607,51.796090909090935,11.037575757575759,48.80606060606061,5.207865168539326,909.0,10.0,29.0,132.0,94.0,0.0813607648493118,14.482216143177501,0.033707865168539325,0.03932584269662921,0.0056179775280898875,0.02247191011235955,0.011235955056179775,0.028089887640449437,0.0056179775280898875,0.12359550561797752,0.03932584269662921,0.02247191011235955,0.016853932584269662,0.14606741573033707,0.24719101123595505,0.011235955056179775,0.011235955056179775,0.11235955056179775,0.02247191011235955,0.4321115974033594,0.06880851883681502,0.0,0.0,0.7121212121212122,4.7,0.29656795389018953,13.2,10.0,10.628264204469138,11.003577315987393,1.6742424242424243,1.0,1.1965620709830875,0.02631578947368421,6.666666666666667,5.0,6.702178147378054,0.005853658536585366,0.0,0.0
JacksonDatabind-109.json,Defects4J,0.7872316241264343,0.7866490483283997,0.7862642407417297,0.20774325728416443,1.2088544368743896,0.650887573964497,26.598372093023258,29.361860465116283,0.0,3.117975469949154,1.2618453075599805,169.0,0.0,0.0,0.04840103716508211,0.0,0.0,0.0,0.0,0.0,3.037942560933407,0.38868617713451387,15.114379844961245,24.993895348837242,15.731782945736434,60.259689922480625,6.284023668639053,1033.0,6.0,28.0,129.0,90.0,0.12344542122581399,20.862276187162564,0.05917159763313609,0.023668639053254437,0.005917159763313609,0.05325443786982249,0.01775147928994083,0.0,0.0,0.13609467455621302,0.03550295857988166,0.01775147928994083,0.005917159763313609,0.1893491124260355,0.24260355029585798,0.023668639053254437,0.005917159763313609,0.08875739644970414,0.0,0.4556714240924767,0.05084657698664755,0.0,0.0,0.6976744186046512,8.333333333333334,0.39519497752189636,21.5,17.0,15.074813431681335,14.314028922438442,1.8914728682170543,1.0,1.5108922877153819,0.017699115044247787,7.9147286821705425,5.0,8.366628995021838,0.015557476231633534,0.0,0.0
Compress-8.json,Defects4J,0.733893871307373,0.7311358253161112,0.7288192510604858,0.18349507451057434,1.175681233406067,0.532967032967033,33.667972972972976,29.089189189189188,0.0,3.7087452880513077,0.4365598770047892,182.0,0.08858739026336791,0.14684756584197925,0.14684756584197925,0.14684756584197925,0.14684756584197925,0.14684756584197925,0.14684756584197925,0.019952114924181964,2.383048930057926,0.4171806772549947,14.945405405405406,53.81243243243243,17.502702702702702,69.43243243243244,6.5054945054945055,781.0,4.0,26.0,148.0,99.0,0.059548882028438964,10.837896529175891,0.005494505494505495,0.016483516483516484,0.005494505494505495,0.02197802197802198,0.005494505494505495,0.054945054945054944,0.0,0.13186813186813187,0.06593406593406594,0.005494505494505495,0.0,0.1813186813186813,0.13736263736263737,0.016483516483516484,0.04395604395604396,0.07692307692307693,0.016483516483516484,0.4663937830557271,0.05495270864091077,0.0,0.0,0.668918918918919,12.0,0.5570250824093819,37.0,38.0,10.488088481701515,12.161744961471694,1.364864864864865,1.0,0.8066333827526155,0.0,7.77027027027027,5.0,8.860857284644972,0.007182761372705506,0.007182761372705506,0.0
Cli-29.json,Defects4J,0.7468423843383789,0.7436897158622742,0.7413347363471985,0.20887626707553864,1.2202692031860352,0.5765199161425576,19.29683006535948,20.649518716577543,0.0,3.1993006176829706,1.355077676771862,477.0,0.024443633710324698,0.2546515870120394,0.2546515870120394,0.2546515870120394,0.2546515870120394,0.2546515870120394,0.2546515870120394,0.0007296607077708865,6.945699030261709,0.414258459035088,8.856648841354723,68.57229352347002,11.198811645870471,48.05050505050505,5.2746331236897275,2054.0,18.0,73.0,374.0,213.0,2.17751112624524,1038.6728072189794,0.020964360587002098,0.031446540880503145,0.018867924528301886,0.033542976939203356,0.012578616352201259,0.023060796645702306,0.0,0.1278825995807128,0.08176100628930817,0.006289308176100629,0.027253668763102725,0.18867924528301888,0.18658280922431866,0.0020964360587002098,0.029350104821802937,0.06079664570230608,0.008385744234800839,0.45366581312659743,0.0854488486223656,0.0,0.0,0.56951871657754,5.666666666666667,0.3677236754447222,20.77777777777778,17.0,11.759419654782457,10.125756701596842,1.3850267379679144,1.0,0.8536742696388184,0.006493506493506494,6.4411764705882355,5.0,7.329926549075879,0.005837285662167092,0.013133892739875957,0.014593214155417731
Closure-54.json,Defects4J,0.8244315981864929,0.8194592595100403,0.8154457211494446,1.0,0.9932227730751038,0.8333333333333334,5.905000000000001,9.646666666666668,0.0,1.3333333333333333,0.0,6.0,0.0,0.0,0.0,0.0,0.0,0.0,0.0,0.0,0.05298664906710747,,6.416666666666668,59.745000000000005,9.066666666666666,22.666666666666664,5.166666666666667,31.0,1.0,1.0,6.0,6.0,0.17573592793231638,1.0544155675938982,0.0,0.0,0.0,0.0,0.0,0.16666666666666666,0.0,0.16666666666666666,0.0,0.0,0.0,0.3333333333333333,0.0,0.0,0.0,0.16666666666666666,0.0,0.6666666666666666,0.0,0.0,0.0,1.0,1.0,,6.0,6.0,0.0,,1.6666666666666667,1.5,0.7453559924999299,0.0,5.166666666666667,5.0,3.0230595245361758,0.0,0.0,0.0
Compress-27.json,Defects4J,0.7656341791152954,0.7641361753145853,0.7628433108329773,0.26204267144203186,1.1781142950057983,0.54421768707483,25.02698168648353,28.19239852398523,0.0,3.0058627747304345,1.9884219023509149,735.0,0.031783276450511946,0.04735494880546075,0.14377133105802048,0.08169795221843003,0.07316552901023891,0.07167235494880546,0.07167235494880546,0.0,11.338771979061933,0.5548875768167468,12.812689626896269,38.956124777914454,13.564684980183138,54.57591909252426,5.9727891156462585,3792.0,27.0,118.0,542.0,276.0,114.30856242492185,84016.79338231756,0.02857142857142857,0.047619047619047616,0.009523809523809525,0.0163265306122449,0.006802721088435374,0.034013605442176874,0.0,0.1619047619047619,0.04625850340136054,0.005442176870748299,0.02585034013605442,0.13741496598639455,0.21360544217687075,0.009523809523809525,0.04353741496598639,0.055782312925170066,0.012244897959183673,0.4762183286697293,0.09524125758211299,0.016260162601626018,0.0,0.5092250922509225,6.925925925925926,0.42699456088244914,20.074074074074073,10.0,22.362213376712603,12.650343791298138,1.7435424354243543,1.0,1.7348992114902508,0.0,7.732472324723247,5.0,10.054483357439478,0.014078498293515358,0.06868600682593856,0.07017918088737202
Math-90.json,Defects4J,0.727141261100769,0.7228162884712219,0.719602108001709,0.3259572684764862,1.1861158609390259,0.6985743380855397,22.253461939520335,19.401654501216544,0.0,3.0089160335751743,1.0106261431584675,491.0,0.07378174330816746,0.0,0.050102951269732326,0.0,0.0,0.0,0.0,0.045298558682223745,10.887045026252313,0.40982084090893084,12.827168925964546,55.38640510948909,16.025095585679527,55.634515119916585,5.3319755600814664,2079.0,14.0,164.0,411.0,213.0,108.91860917152127,53479.03710321694,0.054989816700611,0.05091649694501019,0.03665987780040733,0.05295315682281059,0.020366598778004074,0.06313645621181263,0.0,0.1364562118126273,0.026476578411405296,0.026476578411405296,0.048879837067209775,0.0855397148676171,0.1384928716904277,0.018329938900203666,0.012219959266802444,0.10386965376782077,0.008146639511201629,0.44410069156392123,0.06818200726937208,0.0,0.0,0.5182481751824818,7.714285714285714,0.3298203779074053,29.357142857142858,25.5,20.172850010621215,13.25671669890799,1.437956204379562,1.0,0.8922045241556404,0.0,6.158150851581508,4.0,7.046374055846597,0.0068634179821551134,0.0030885380919698007,0.0
Chart-9.json,Defects4J,0.7876333594322205,0.7847797274589539,0.7830970287322998,0.4716356098651886,1.2695999145507812,0.558282208588957,19.979230769230767,20.0242735042735,0.0,6.196392767633369,7.268679773886555,163.0,0.0011547344110854503,0.0,0.0,0.0,0.0,0.0,0.0,0.0,2.623388352959025,0.2322823058348149,10.580444444444442,60.884000000000015,12.095042735042735,56.73333333333333,4.809815950920245,784.0,5.0,25.0,117.0,76.0,0.08455425768922721,13.782344003344036,0.03067484662576687,0.03680981595092025,0.012269938650306749,0.03067484662576687,0.006134969325153374,0.03680981595092025,0.0,0.1656441717791411,0.018404907975460124,0.012269938650306749,0.012269938650306749,0.15950920245398773,0.24539877300613497,0.006134969325153374,0.006134969325153374,0.07975460122699386,0.018404907975460124,0.4644110275689223,0.0989565601741618,0.0,0.0,0.6495726495726496,7.8,0.00039921700954437256,23.4,18.0,19.794948850653796,10.355215969177355,1.4444444444444444,1.0,0.98227404434589,0.010309278350515464,6.3076923076923075,4.0,5.8841544984590355,0.025404157043879907,0.03810623556581986,0.12933025404157045
Mockito-37.json,Defects4J,0.8273728489875793,0.8226843674977621,0.818372368812561,1.0,1.1956604719161987,0.8,3.678000000000001,6.504000000000001,0.0,1.2,0.0,5.0,0.0,0.0,0.0,0.0,0.0,0.0,0.0,0.0,0.05305602573781134,,2.879999999999999,83.32000000000004,10.0,25.0,4.8,24.0,1.0,1.0,5.0,5.0,0.21089774439461811,1.0544887219730905,0.0,0.0,0.0,0.0,0.0,0.2,0.0,0.2,0.0,0.0,0.0,0.2,0.0,0.0,0.0,0.2,0.0,0.6,0.0,0.0,0.0,1.0,1.0,,5.0,5.0,0.0,,1.4,1.0,0.8,0.0,4.8,4.0,3.3105890714493698,0.0,0.0,0.0
Lang-46.json,Defects4J,0.7657071948051453,0.7650516033172607,0.7637573480606079,0.297931045293808,1.1951154470443726,0.5707656612529002,23.90047473867596,24.90329268292682,0.0,3.42804812015508,2.216364103120657,431.0,0.0312382386149793,0.0,0.0933383515242755,0.05344373353406097,0.04441098983816334,0.0,0.0,0.0,7.316438428415825,0.5428130798614942,12.830069686411147,44.806219512195156,15.225087108013936,61.843205574912886,5.675174013921113,2016.0,14.0,82.0,328.0,195.0,3.4914961419229984,1504.8348371688123,0.03944315545243619,0.05568445475638051,0.018561484918793503,0.03248259860788863,0.004640371229698376,0.04408352668213457,0.0,0.14385150812064965,0.03480278422273782,0.013921113689095127,0.013921113689095127,0.12064965197215777,0.20185614849187936,0.0069605568445475635,0.037122969837587005,0.06960556844547564,0.0069605568445475635,0.5015956348208823,0.08981217436801864,0.013392857142857142,0.0,0.5945121951219512,9.0,0.4194973446428776,23.428571428571427,18.0,15.300393485669789,13.707050652182112,1.6341463414634145,1.0,1.2879573080520423,0.0,7.137195121951219,5.0,7.605924002876782,0.003763643206624012,0.005645464809936018,0.016560030109145654
Time-1.json,Defects4J,0.8061875700950623,0.8033823172251383,0.8015283346176147,0.28980711102485657,1.158166766166687,0.6746987951807228,29.909333333333336,33.40184615384615,0.0,3.9781420765027327,2.0904085717044927,83.0,0.0,0.0,0.0,0.0,0.0,0.0,0.0,0.0,1.490482756393126,0.23271074146032333,17.912307692307696,5.231025641025667,19.743589743589748,66.28205128205128,6.975903614457831,578.0,3.0,11.0,65.0,56.0,0.053484796052487085,4.439238072356428,0.060240963855421686,0.060240963855421686,0.012048192771084338,0.0,0.024096385542168676,0.024096385542168676,0.0,0.14457831325301204,0.07228915662650602,0.0,0.0,0.1927710843373494,0.1927710843373494,0.012048192771084338,0.024096385542168676,0.0963855421686747,0.0,0.4142076502732241,0.0840855595167158,0.0,0.0,0.8615384615384616,9.666666666666666,0.33389294147491455,21.666666666666668,12.0,15.839472494022296,17.122413403193683,2.123076923076923,1.0,1.7759737723954951,0.034482758620689655,8.6,5.0,8.182156947143723,0.0,0.0,0.0
Math-105.json,Defects4J,0.7038683295249939,0.6980852087338766,0.695151150226593,0.34911298751831055,1.2434041500091553,0.3618421052631579,37.27226415094339,30.319999999999997,0.0,7.172555304172951,6.433174430946219,304.0,0.11899679829242263,0.11205976520811099,0.17822838847385272,0.17822838847385272,0.12700106723585913,0.11205976520811099,0.11205976520811099,0.03735325506937033,2.6718480183118025,0.7107825130224228,18.590339622641512,37.2980566037736,20.9222641509434,75.89056603773585,5.8618421052631575,1260.0,5.0,17.0,212.0,133.0,0.04758776050321104,14.466679192976157,0.023026315789473683,0.023026315789473683,0.0,0.0,0.0,0.006578947368421052,0.006578947368421052,0.09868421052631579,0.06907894736842106,0.0,0.013157894736842105,0.16447368421052633,0.24671052631578946,0.0,0.023026315789473683,0.029605263157894735,0.07236842105263158,0.49903217697335345,0.0721717618267,0.0,0.0,0.6273584905660378,14.2,0.7624501387278239,42.4,40.0,30.295874306578447,14.836745963215662,1.4952830188679245,1.0,1.2304993675273574,0.0,7.962264150943396,4.0,9.939367627564875,0.014941302027748132,0.010672358591248666,0.017609391675560297
Closure-106.json,Defects4J,0.8244315981864929,0.8194592595100403,0.8154457211494446,1.0,0.9932227730751038,0.8333333333333334,5.905000000000001,9.646666666666668,0.0,1.3333333333333333,0.0,6.0,0.0,0.0,0.0,0.0,0.0,0.0,0.0,0.0,0.05298664906710747,,6.416666666666668,59.745000000000005,9.066666666666666,22.666666666666664,5.166666666666667,31.0,1.0,1.0,6.0,6.0,0.17573592793231638,1.0544155675938982,0.0,0.0,0.0,0.0,0.0,0.16666666666666666,0.0,0.16666666666666666,0.0,0.0,0.0,0.3333333333333333,0.0,0.0,0.0,0.16666666666666666,0.0,0.6666666666666666,0.0,0.0,0.0,1.0,1.0,,6.0,6.0,0.0,,1.6666666666666667,1.5,0.7453559924999299,0.0,5.166666666666667,5.0,3.0230595245361758,0.0,0.0,0.0
JacksonDatabind-36.json,Defects4J,0.8013262152671814,0.7989204525947571,0.7965328693389893,0.2873426079750061,1.1933177709579468,0.7228915662650602,18.237785714285714,21.106571428571424,0.0,2.5824004300297405,0.7047391258876224,166.0,0.0,0.06792452830188679,0.1320754716981132,0.1320754716981132,0.06792452830188679,0.06792452830188679,0.06792452830188679,0.0,3.2287390058040284,0.34820765044007984,13.23357142857143,31.35392857142861,15.0,53.92857142857142,5.704819277108434,945.0,8.0,42.0,140.0,96.0,0.1520951780751362,25.247799560472608,0.060240963855421686,0.0783132530120482,0.030120481927710843,0.07228915662650602,0.018072289156626505,0.012048192771084338,0.0,0.15060240963855423,0.1144578313253012,0.030120481927710843,0.012048192771084338,0.1144578313253012,0.10240963855421686,0.006024096385542169,0.04819277108433735,0.0963855421686747,0.006024096385542169,0.46732251225785704,0.11521706146856246,0.0,0.0,0.6857142857142857,6.375,0.37375110387802124,17.5,16.0,8.336666000266533,13.81666964889586,1.8642857142857143,1.0,1.5547655509327916,0.015037593984962405,6.564285714285714,4.0,6.709492970289733,0.018867924528301886,0.0,0.0
Closure-78.json,Defects4J,0.8244315981864929,0.8194592595100403,0.8154457211494446,1.0,0.9932227730751038,0.8333333333333334,5.905000000000001,9.646666666666668,0.0,1.3333333333333333,0.0,6.0,0.0,0.0,0.0,0.0,0.0,0.0,0.0,0.0,0.05298664906710747,,6.416666666666668,59.745000000000005,9.066666666666666,22.666666666666664,5.166666666666667,31.0,1.0,1.0,6.0,6.0,0.17573592793231638,1.0544155675938982,0.0,0.0,0.0,0.0,0.0,0.16666666666666666,0.0,0.16666666666666666,0.0,0.0,0.0,0.3333333333333333,0.0,0.0,0.0,0.16666666666666666,0.0,0.6666666666666666,0.0,0.0,0.0,1.0,1.0,,6.0,6.0,0.0,,1.6666666666666667,1.5,0.7453559924999299,0.0,5.166666666666667,5.0,3.0230595245361758,0.0,0.0,0.0
Closure-97.json,Defects4J,0.8244315981864929,0.8194592595100403,0.8154457211494446,1.0,0.9932227730751038,0.8333333333333334,5.905000000000001,9.646666666666668,0.0,1.3333333333333333,0.0,6.0,0.0,0.0,0.0,0.0,0.0,0.0,0.0,0.0,0.05298664906710747,,6.416666666666668,59.745000000000005,9.066666666666666,22.666666666666664,5.166666666666667,31.0,1.0,1.0,6.0,6.0,0.17573592793231638,1.0544155675938982,0.0,0.0,0.0,0.0,0.0,0.16666666666666666,0.0,0.16666666666666666,0.0,0.0,0.0,0.3333333333333333,0.0,0.0,0.0,0.16666666666666666,0.0,0.6666666666666666,0.0,0.0,0.0,1.0,1.0,,6.0,6.0,0.0,,1.6666666666666667,1.5,0.7453559924999299,0.0,5.166666666666667,5.0,3.0230595245361758,0.0,0.0,0.0
JacksonCore-17.json,Defects4J,0.7881810665130615,0.7854840159416199,0.782492458820343,0.21646399796009064,1.1653882265090942,0.7952218430034129,24.82600282485876,28.165254237288142,0.0,3.1863633665716997,1.1772807720051377,293.0,0.0,0.06371849738468854,0.10318592486923443,0.10318592486923443,0.10318592486923443,0.10318592486923443,0.10318592486923443,0.0,7.866481140067344,0.4176465306769718,17.48,4.768248587570639,16.51073446327684,52.717514124293785,6.447098976109215,1889.0,12.0,98.0,236.0,148.0,8.902289857903705,2608.3709283657854,0.07508532423208192,0.08873720136518772,0.010238907849829351,0.04436860068259386,0.023890784982935155,0.07508532423208192,0.0034129692832764505,0.16723549488054607,0.03754266211604096,0.013651877133105802,0.04436860068259386,0.08191126279863481,0.17747440273037543,0.023890784982935155,0.017064846416382253,0.09556313993174062,0.006825938566552901,0.41448173739840416,0.08931343843494052,0.0,0.0,0.6271186440677966,6.5,0.372777296975255,19.666666666666668,12.5,18.208667044996883,14.90622815163357,2.152542372881356,1.0,2.502971517555896,0.00851063829787234,7.733050847457627,5.0,10.198907843529344,0.01331431288635283,0.06847360912981455,0.07037565382786495
Lang-11.json,Defects4J,0.7166390419006348,0.7128744920094808,0.7105778455734253,0.15822336077690125,1.126447319984436,0.4748603351955307,35.284517241379305,31.558896551724136,0.0,4.007457501008878,1.7557751052038844,179.0,0.08665105386416862,0.0,0.06557377049180328,0.0,0.0,0.0,0.0,0.0195160031225605,2.11930769180676,0.4987112283706665,14.904741379310348,52.76814655172416,18.362068965517242,70.04310344827587,6.826815642458101,733.0,4.0,19.0,145.0,103.0,0.046510456810074784,8.325371769003386,0.0111731843575419,0.0111731843575419,0.00558659217877095,0.0223463687150838,0.0111731843575419,0.0223463687150838,0.0,0.11173184357541899,0.061452513966480445,0.00558659217877095,0.00558659217877095,0.2011173184357542,0.1452513966480447,0.01675977653631285,0.03910614525139665,0.061452513966480445,0.027932960893854747,0.4896892655367232,0.025616152736166416,0.0,0.0,0.7103448275862069,12.25,0.74238720536232,36.25,39.0,13.91716565971678,13.81666964889586,1.3862068965517242,1.0,0.8958618035092916,0.00980392156862745,8.193103448275862,5.0,9.681334014465325,0.00702576112412178,0.00702576112412178,0.0
Codec-17.json,Defects4J,0.7570105791091919,0.7562262018521627,0.7552085518836975,0.3060407340526581,1.1268683671951294,0.5471698113207547,28.146182170542637,27.16488372093023,0.0,3.5351898757927125,1.1364338483102894,212.0,0.04758522727272727,0.0,0.17045454545454544,0.140625,0.041193181818181816,0.0,0.0,0.0,2.8796513767755876,0.5675389766693115,12.603953488372095,55.75693798449615,16.117829457364344,58.31782945736434,6.259433962264151,1000.0,6.0,33.0,172.0,113.0,0.08400030090890044,17.808063792686895,0.03773584905660377,0.0330188679245283,0.0,0.03773584905660377,0.0,0.03773584905660377,0.0,0.12264150943396226,0.04716981132075472,0.014150943396226415,0.009433962264150943,0.15566037735849056,0.15566037735849056,0.009433962264150943,0.02358490566037736,0.08018867924528301,0.018867924528301886,0.5085301043191114,0.05977335066740661,0.0,0.0,0.6569767441860465,8.5,0.4089185632765293,28.666666666666668,27.0,16.131404843417148,13.5591,1.441860465116279,1.0,0.8840268748254982,0.0,7.482558139534884,5.0,8.564715228441294,0.008522727272727272,0.07457386363636363,0.07670454545454546
Math-9.json,Defects4J,0.7355952858924866,0.7326823671658834,0.7303571105003357,0.199476957321167,1.3039085865020752,0.5339805825242718,30.377022375215155,32.8255421686747,0.0,2.5693660768541373,0.6131200757782678,206.0,0.1220472440944882,0.0,0.0,0.0,0.0,0.0,0.0,0.03805774278215223,2.771649944327681,0.309961532553037,10.150137693631674,64.52885542168677,13.823063683304648,59.25645438898451,7.033980582524272,878.0,7.0,37.0,166.0,120.0,0.07759702233802135,15.984986601632396,0.009708737864077669,0.024271844660194174,0.024271844660194174,0.03398058252427184,0.0,0.043689320388349516,0.0,0.10679611650485436,0.04854368932038835,0.019417475728155338,0.014563106796116505,0.16990291262135923,0.16019417475728157,0.009708737864077669,0.02912621359223301,0.06310679611650485,0.019417475728155338,0.4673457132016199,0.049242456224488654,0.0,0.0,0.7228915662650602,8.428571428571429,0.18156378120183944,23.714285714285715,12.0,20.94014794404202,12.28987398476788,1.3975903614457832,1.0,0.7829471513677083,0.0,8.481927710843374,5.0,10.204371193986125,0.003937007874015748,0.005905511811023622,0.0
Math-53.json,Defects4J,0.7140461206436157,0.7088693579037985,0.7059271931648254,0.27762970328330994,1.2063109874725342,0.5757575757575758,30.194166666666668,25.354444444444443,0.0,3.5945881613540394,0.6882450272200296,264.0,0.050758459743290546,0.0,0.0,0.0,0.0,0.0,0.0,0.0,4.167265773363878,0.492295378446579,14.347222222222225,56.32000000000002,17.548148148148147,67.01851851851852,6.0227272727272725,1053.0,6.0,51.0,216.0,145.0,0.24446495106198976,64.5387470803653,0.01893939393939394,0.03787878787878788,0.015151515151515152,0.01893939393939394,0.030303030303030304,0.06060606060606061,0.0,0.125,0.05303030303030303,0.0,0.007575757575757576,0.16666666666666666,0.14772727272727273,0.015151515151515152,0.026515151515151516,0.07954545454545454,0.01893939393939394,0.46052655459128305,0.08684601004297059,0.023952095808383235,0.0,0.6712962962962963,11.166666666666666,0.48473306745290756,36.0,33.5,12.635927614016577,12.745084868956482,1.3472222222222223,1.0,0.7295303325927165,0.005917159763313609,7.138888888888889,5.0,8.357141915012233,0.005250875145857643,0.005250875145857643,0.0
JacksonDatabind-61.json,Defects4J,0.7631465792655945,0.7616091966629028,0.7594224214553833,0.17379315197467804,1.1653399467468262,0.5735785953177257,25.967767220902616,31.102422802850352,0.0,3.627897357770657,1.9160217511905573,598.0,0.002777777777777778,0.031818181818181815,0.1686868686868687,0.07121212121212121,0.047979797979797977,0.043434343434343436,0.043434343434343436,0.0,12.828047293067861,0.6499908175319433,15.866911163895491,11.298694536817123,15.002033254156771,53.41957244655582,6.142140468227424,3455.0,25.0,94.0,421.0,208.0,622.9439451873852,372520.4792220564,0.06020066889632107,0.04180602006688963,0.020066889632107024,0.020066889632107024,0.010033444816053512,0.021739130434782608,0.0,0.16722408026755853,0.026755852842809364,0.015050167224080268,0.016722408026755852,0.10702341137123746,0.2826086956521739,0.013377926421404682,0.005016722408026756,0.06856187290969899,0.021739130434782608,0.4279473108712852,0.08487734894873686,0.0,0.028985507246376812,0.49406175771971494,6.16,0.5949158941436073,16.84,11.0,17.521826388821456,13.786089987796743,2.1092636579572446,1.0,2.296839650349061,0.0055248618784530384,8.275534441805226,5.0,10.658824587119351,0.007575757575757576,0.030555555555555555,0.012121212121212121
Closure-151.json,Defects4J,0.8244315981864929,0.8194592595100403,0.8154457211494446,1.0,0.9932227730751038,0.8333333333333334,5.905000000000001,9.646666666666668,0.0,1.3333333333333333,0.0,6.0,0.0,0.0,0.0,0.0,0.0,0.0,0.0,0.0,0.05298664906710747,,6.416666666666668,59.745000000000005,9.066666666666666,22.666666666666664,5.166666666666667,31.0,1.0,1.0,6.0,6.0,0.17573592793231638,1.0544155675938982,0.0,0.0,0.0,0.0,0.0,0.16666666666666666,0.0,0.16666666666666666,0.0,0.0,0.0,0.3333333333333333,0.0,0.0,0.0,0.16666666666666666,0.0,0.6666666666666666,0.0,0.0,0.0,1.0,1.0,,6.0,6.0,0.0,,1.6666666666666667,1.5,0.7453559924999299,0.0,5.166666666666667,5.0,3.0230595245361758,0.0,0.0,0.0
Closure-2.json,Defects4J,0.8244315981864929,0.8194592595100403,0.8154457211494446,1.0,0.9932227730751038,0.8333333333333334,5.905000000000001,9.646666666666668,0.0,1.3333333333333333,0.0,6.0,0.0,0.0,0.0,0.0,0.0,0.0,0.0,0.0,0.05298664906710747,,6.416666666666668,59.745000000000005,9.066666666666666,22.666666666666664,5.166666666666667,31.0,1.0,1.0,6.0,6.0,0.17573592793231638,1.0544155675938982,0.0,0.0,0.0,0.0,0.0,0.16666666666666666,0.0,0.16666666666666666,0.0,0.0,0.0,0.3333333333333333,0.0,0.0,0.0,0.16666666666666666,0.0,0.6666666666666666,0.0,0.0,0.0,1.0,1.0,,6.0,6.0,0.0,,1.6666666666666667,1.5,0.7453559924999299,0.0,5.166666666666667,5.0,3.0230595245361758,0.0,0.0,0.0
JxPath-22.json,Defects4J,0.7629756927490234,0.7610558072725931,0.7599065899848938,0.2743688225746155,1.1953985691070557,0.4427645788336933,28.04916666666667,28.02037037037037,0.0,6.050627849858347,4.575226352912905,463.0,0.18843683083511778,0.36117059243397576,0.3811563169164882,0.3811563169164882,0.36117059243397576,0.36117059243397576,0.36117059243397576,0.0007137758743754461,5.88853642078963,0.5749216797253625,13.0041975308642,49.918888888888915,14.503703703703705,56.629629629629626,5.695464362850972,1817.0,12.0,63.0,324.0,175.0,0.7794313736488864,360.87672599943437,0.017278617710583154,0.028077753779697623,0.008639308855291577,0.02159827213822894,0.004319654427645789,0.032397408207343416,0.0,0.13822894168466524,0.0367170626349892,0.0064794816414686825,0.01079913606911447,0.11663066954643629,0.265658747300216,0.019438444924406047,0.01511879049676026,0.05399568034557235,0.06047516198704104,0.41165553287738516,0.10985450951761626,0.0,0.01990049751243781,0.5401234567901234,8.0,0.5478924464434385,27.0,18.0,18.092355660149213,12.161744961471694,1.5308641975308641,1.0,1.6222710780549259,0.0,7.638888888888889,4.0,9.115979390439273,0.008565310492505354,0.04925053533190578,0.009635974304068522
Jsoup-57.json,Defects4J,0.7870075106620789,0.7840696175893148,0.7805729508399963,0.2883305549621582,1.2113103866577148,0.6282051282051282,26.28540616246498,29.89579831932772,0.0,3.679800307219662,1.3630914342685174,156.0,0.0,0.0,0.05185185185185185,0.05185185185185185,0.05185185185185185,0.05185185185185185,0.0,0.0,3.0657188773884254,0.4880644902586937,16.141638655462184,14.660469187675119,17.345098039215685,58.48879551820728,6.371794871794871,934.0,6.0,33.0,119.0,86.0,0.1374992069042672,21.449876277065684,0.03205128205128205,0.0641025641025641,0.019230769230769232,0.019230769230769232,0.01282051282051282,0.05128205128205128,0.00641025641025641,0.1794871794871795,0.038461538461538464,0.019230769230769232,0.01282051282051282,0.1282051282051282,0.23076923076923078,0.00641025641025641,0.019230769230769232,0.0641025641025641,0.02564102564102564,0.3630653695169824,0.08257731232341947,0.0,0.0,0.7226890756302521,7.666666666666667,0.3356216521933675,19.833333333333332,15.0,14.82584080433739,15.470042427545799,2.033613445378151,1.0,1.9313111021439813,0.01834862385321101,8.025210084033613,5.0,9.886296589217942,0.007407407407407408,0.008333333333333333,0.0
Math-45.json,Defects4J,0.7500653266906738,0.7484758098920187,0.7461577653884888,0.2588340938091278,1.2120394706726074,0.583732057416268,26.014186046511625,28.632558139534883,0.0,2.8033867332439097,1.1476625693578981,209.0,0.05918367346938776,0.0,0.0,0.0,0.0,0.0,0.0,0.0,2.7428884275392544,0.38078256802899496,10.769418604651161,56.14505813953491,13.251162790697675,57.54651162790697,6.588516746411483,990.0,8.0,40.0,172.0,131.0,0.07431475022441425,15.531782796902577,0.019138755980861243,0.03349282296650718,0.023923444976076555,0.03349282296650718,0.0,0.04784688995215311,0.0,0.1291866028708134,0.06220095693779904,0.009569377990430622,0.014354066985645933,0.1722488038277512,0.1339712918660287,0.019138755980861243,0.03349282296650718,0.06698564593301436,0.014354066985645933,0.41518272975863957,0.1741799709548752,0.0,0.0,0.7616279069767442,7.75,0.14290941801543036,21.5,18.5,13.200378782444085,12.161744961471694,1.5232558139534884,1.0,1.0590336115408117,0.0,7.790697674418604,5.0,8.420098158669084,0.006122448979591836,0.006122448979591836,0.0
Closure-147.json,Defects4J,0.8244315981864929,0.8194592595100403,0.8154457211494446,1.0,0.9932227730751038,0.8333333333333334,5.905000000000001,9.646666666666668,0.0,1.3333333333333333,0.0,6.0,0.0,0.0,0.0,0.0,0.0,0.0,0.0,0.0,0.05298664906710747,,6.416666666666668,59.745000000000005,9.066666666666666,22.666666666666664,5.166666666666667,31.0,1.0,1.0,6.0,6.0,0.17573592793231638,1.0544155675938982,0.0,0.0,0.0,0.0,0.0,0.16666666666666666,0.0,0.16666666666666666,0.0,0.0,0.0,0.3333333333333333,0.0,0.0,0.0,0.16666666666666666,0.0,0.6666666666666666,0.0,0.0,0.0,1.0,1.0,,6.0,6.0,0.0,,1.6666666666666667,1.5,0.7453559924999299,0.0,5.166666666666667,5.0,3.0230595245361758,0.0,0.0,0.0
Closure-39.json,Defects4J,0.8244315981864929,0.8194592595100403,0.8154457211494446,1.0,0.9932227730751038,0.8333333333333334,5.905000000000001,9.646666666666668,0.0,1.3333333333333333,0.0,6.0,0.0,0.0,0.0,0.0,0.0,0.0,0.0,0.0,0.05298664906710747,,6.416666666666668,59.745000000000005,9.066666666666666,22.666666666666664,5.166666666666667,31.0,1.0,1.0,6.0,6.0,0.17573592793231638,1.0544155675938982,0.0,0.0,0.0,0.0,0.0,0.16666666666666666,0.0,0.16666666666666666,0.0,0.0,0.0,0.3333333333333333,0.0,0.0,0.0,0.16666666666666666,0.0,0.6666666666666666,0.0,0.0,0.0,1.0,1.0,,6.0,6.0,0.0,,1.6666666666666667,1.5,0.7453559924999299,0.0,5.166666666666667,5.0,3.0230595245361758,0.0,0.0,0.0
JacksonDatabind-77.json,Defects4J,0.7989293932914734,0.7950782179832458,0.7923657894134521,0.4076805114746094,1.1350642442703247,0.7096774193548387,39.85676470588235,28.296078431372546,0.0,3.4657375145180023,0.15621370499419296,124.0,0.0,0.2057142857142857,0.40685714285714286,0.35428571428571426,0.35428571428571426,0.35428571428571426,0.35428571428571426,0.0,1.2907529469922971,0.6760852336883545,28.825490196078437,-20.765294117647045,31.772549019607847,100.01960784313725,6.42741935483871,797.0,2.0,14.0,102.0,66.0,0.02931873291522953,3.6355228814884617,0.056451612903225805,0.07258064516129033,0.04032258064516129,0.008064516129032258,0.016129032258064516,0.008064516129032258,0.0,0.25806451612903225,0.10483870967741936,0.0,0.0,0.11290322580645161,0.1532258064516129,0.0,0.024193548387096774,0.06451612903225806,0.016129032258064516,0.5180023228803716,0.0058072009291521565,0.0,0.0,0.6470588235294118,25.0,,51.0,51.0,12.0,,2.0784313725490198,2.0,1.4463359690909825,0.0425531914893617,7.598039215686274,6.0,6.76678711945564,0.045714285714285714,0.07771428571428571,0.10057142857142858
JacksonDatabind-98.json,Defects4J,0.7859166264533997,0.7846042513847351,0.7827831506729126,0.2170107662677765,1.2189018726348877,0.5840220385674931,49.84946953164346,63.52818532818533,0.0,2.5539425727836553,2.0804092242320475,363.0,0.0,0.0,0.22931747673216132,0.04239917269906929,0.02843846949327818,0.0,0.0,0.0,9.081467073314279,0.6285846998745744,29.714480443176104,-97.91833473224779,16.396239717978847,51.41530971965754,10.239669421487603,3598.0,23.0,70.0,259.0,147.0,24.21722699114746,8790.853397786528,0.027548209366391185,0.10192837465564739,0.008264462809917356,0.02203856749311295,0.005509641873278237,0.01928374655647383,0.0,0.15426997245179064,0.03305785123966942,0.011019283746556474,0.011019283746556474,0.162534435261708,0.2727272727272727,0.0,0.005509641873278237,0.0440771349862259,0.011019283746556474,0.4856372273077142,0.10583705773269184,0.0,0.0,0.5675675675675675,4.521739130434782,0.6131835480531057,11.26086956521739,5.0,11.858650818868744,13.581749320917972,3.4671814671814674,1.0,4.850057135543344,0.013636363636363636,13.938223938223938,5.0,20.737652658202315,0.04705274043433299,0.04963805584281282,0.031023784901758014
Time-12.json,Defects4J,0.7702972292900085,0.7654323577880859,0.7616450786590576,0.35121142864227295,1.2374763488769531,0.7019748653500898,13.444087548256235,15.94896551724138,0.0,2.2456372825363227,0.7294765239319186,557.0,0.13997477931904162,0.21658259773013872,0.3108448928121059,0.3108448928121059,0.24779319041614123,0.22824716267339218,0.21658259773013872,0.0860655737704918,11.913089853270943,0.509970439473788,7.390757050317347,70.39991951841917,10.012405941241903,46.53202905188772,5.174147217235189,2621.0,31.0,172.0,493.0,230.0,267.8761142417516,149206.99563265566,0.026929982046678635,0.07719928186714542,0.02333931777378815,0.05385996409335727,0.00718132854578097,0.07001795332136446,0.019748653500897665,0.1490125673249551,0.026929982046678635,0.02872531418312388,0.026929982046678635,0.08797127468581688,0.1059245960502693,0.012567324955116697,0.00718132854578097,0.11490125673249552,0.0,0.4593337680936963,0.0836496677847435,0.0,0.0021008403361344537,0.4665314401622718,4.870967741935484,0.5107022708859937,15.903225806451612,12.0,14.202123509349505,10.011982343527215,1.4219066937119675,1.0,0.982858570182691,0.009925558312655087,5.716024340770791,4.0,4.94354403255818,0.00819672131147541,0.01986128625472888,0.037515762925598994
Collections-10.json,Defects4J,0.7535942196846008,0.7525904774665833,0.7516462802886963,0.16503536701202393,1.1713669300079346,0.5643564356435643,33.559534883720936,30.51627906976744,0.0,3.1867281527995814,1.868856534855584,202.0,0.04432505036937542,0.0,0.0,0.0,0.0,0.0,0.0,0.0,1.9150783212495304,0.4637915324419737,16.760883720930234,36.165511627906994,19.806511627906975,75.09767441860464,6.98019801980198,1040.0,5.0,28.0,172.0,130.0,0.03360133851160002,6.787470379343205,0.039603960396039604,0.054455445544554455,0.0049504950495049506,0.0297029702970297,0.0,0.019801980198019802,0.0,0.13861386138613863,0.054455445544554455,0.0049504950495049506,0.009900990099009901,0.19801980198019803,0.09900990099009901,0.0049504950495049506,0.034653465346534656,0.06435643564356436,0.01485148514851485,0.3667320774463632,0.18838204437491982,0.0,0.0,0.7558139534883721,14.0,0.33963257912546396,34.4,41.0,24.952755358877706,16.15616582465906,1.6046511627906976,1.0,1.2647186447608119,0.0,8.023255813953488,6.0,8.660894126710827,0.006044325050369375,0.006044325050369375,0.0
Jsoup-41.json,Defects4J,0.7845497727394104,0.7841742038726807,0.783584475517273,0.2639005780220032,1.2637569904327393,0.636,20.71752515090543,16.850892018779337,0.0,4.061028616607521,2.2294746422417093,250.0,0.00715307582260372,0.0,0.0765379113018598,0.0765379113018598,0.04864091559370529,0.04864091559370529,0.0,0.0,5.327029234556914,0.31630401872098446,14.558832997987931,44.87957746478875,17.429644533869887,62.822937625754534,5.028,1206.0,7.0,62.0,213.0,109.0,0.8233024216354783,205.82560540886956,0.036,0.044,0.008,0.044,0.024,0.08,0.0,0.168,0.032,0.004,0.012,0.108,0.144,0.012,0.004,0.076,0.096,0.4722679245497356,0.04701156150473457,0.08823529411764706,0.0,0.5117370892018779,9.857142857142858,0.34029715061187743,30.428571428571427,33.0,18.188356894744842,14.554592549557764,1.5492957746478873,1.0,1.0497761763816984,0.0106951871657754,5.71830985915493,4.0,5.78126267197669,0.005722460658082976,0.020028612303290415,0.0407725321888412
Gson-6.json,Defects4J,0.7791635990142822,0.7748140692710876,0.7709798812866211,0.30241090059280396,1.2031170129776,0.6694169416941694,15.598848408228939,19.391757269279392,0.0,2.1419690782826843,0.7495831471580017,1818.0,0.3708656503521441,0.5706516894000179,0.6130872782383882,0.6088080591958634,0.6052420433270929,0.5835784969243113,0.5708299901934564,0.3413568690380672,36.9269536327425,0.4329170903208059,6.077948281806691,77.1023091598667,9.267265831513619,47.188392138834615,5.646314631463146,9052.0,110.0,487.0,1582.0,433.0,5992089855876.513,1.08936193579835e+16,0.030253025302530254,0.0407040704070407,0.020902090209020903,0.028052805280528052,0.0049504950495049506,0.0781078107810781,0.0352035203520352,0.14301430143014301,0.034103410341034104,0.01595159515951595,0.03905390539053905,0.09625962596259625,0.10946094609460946,0.019801980198019802,0.0176017601760176,0.11716171617161716,0.0027502750275027505,0.470071510598642,0.07064725698772217,0.0008710801393728223,0.005226480836236934,0.27370417193426044,4.718181818181818,0.4135127758986696,14.381818181818181,9.0,13.65282642611,9.550888429741644,1.360935524652339,1.0,0.7394029331064482,0.003897116134060795,6.335018963337547,5.0,5.880630956660975,0.011767852366943032,0.011857002763662298,0.02032629045199251
Lang-50.json,Defects4J,0.7354586720466614,0.7317590316136678,0.7287617325782776,0.29994380474090576,1.175533652305603,0.5636363636363636,29.624269480519473,31.064999999999994,0.0,2.8287884119164906,1.6118316769566092,220.0,0.09593392630241424,0.0,0.21601016518424396,0.13468869123252858,0.07369758576874205,0.07369758576874205,0.0,0.04193138500635324,3.4878942461820204,0.29215015719334286,11.580487012987017,56.818409090909086,13.693506493506494,58.09740259740259,6.745454545454545,1036.0,7.0,40.0,176.0,118.0,0.148713550956312,32.71698121038864,0.01818181818181818,0.031818181818181815,0.013636363636363636,0.02727272727272727,0.013636363636363636,0.05,0.0,0.12272727272727273,0.05,0.013636363636363636,0.004545454545454545,0.17272727272727273,0.15454545454545454,0.00909090909090909,0.03636363636363636,0.07727272727272727,0.013636363636363636,0.40272630124846875,0.16633480716999297,0.0,0.0,0.6704545454545454,8.285714285714286,0.1522705636918545,25.142857142857142,16.0,21.09453938432254,11.765960540728905,1.4715909090909092,1.0,1.038623309048653,0.0,8.170454545454545,5.0,9.568202062168176,0.0063532401524777635,0.005717916137229987,0.0
Math-12.json,Defects4J,0.7509536743164062,0.7485286990801493,0.7445771098136902,0.33005979657173157,1.1734710931777954,0.5787234042553191,29.042698412698414,32.692698412698405,0.0,2.1806804927792225,1.1660648591826872,235.0,0.04908675799086758,0.0,0.0,0.0,0.0,0.0,0.0,0.0,3.5210514337554977,0.28551147459074855,13.57777777777778,35.12000000000003,16.653968253968255,63.32804232804233,7.0212765957446805,1263.0,9.0,42.0,189.0,132.0,0.1439147626955525,33.81996923345484,0.03404255319148936,0.03404255319148936,0.02127659574468085,0.01702127659574468,0.00851063829787234,0.029787234042553193,0.0,0.11063829787234042,0.04680851063829787,0.00851063829787234,0.03404255319148936,0.1829787234042553,0.15319148936170213,0.0,0.03404255319148936,0.09361702127659574,0.01702127659574468,0.45392198942214335,0.17170915007973642,0.0,0.0,0.6984126984126984,8.88888888888889,0.29650732449122835,21.0,8.0,24.19825521717538,15.021129683784007,1.7777777777777777,1.0,1.3928514900622415,0.0,8.486772486772487,6.0,8.527954942955802,0.01598173515981735,0.005136986301369863,0.0
JacksonDatabind-20.json,Defects4J,0.78202223777771,0.7803531289100647,0.777146577835083,0.24674181640148163,1.1952083110809326,0.6157894736842106,27.899787234042556,29.85531914893617,0.0,4.11300637347149,1.92446187953125,190.0,0.002338269680436477,0.0,0.0,0.0,0.0,0.0,0.0,0.0,3.0753763670606933,0.21207695007324218,18.765070921985814,2.38250000000005,19.045390070921986,61.0886524822695,6.184210526315789,1110.0,6.0,26.0,141.0,100.0,0.11398964077631658,21.65803174750015,0.07368421052631578,0.03684210526315789,0.010526315789473684,0.010526315789473684,0.010526315789473684,0.031578947368421054,0.0,0.1,0.042105263157894736,0.0,0.021052631578947368,0.19473684210526315,0.24210526315789474,0.010526315789473684,0.015789473684210527,0.08947368421052632,0.0,0.44587040866110633,0.09089445749970819,0.0,0.0,0.7092198581560284,8.833333333333334,0.21327940188348293,23.5,23.0,12.632629707758133,16.728156217252725,2.1347517730496453,1.0,2.007856406651357,0.024793388429752067,7.9787234042553195,5.0,8.09734050123856,0.006235385814497272,0.0,0.0
Closure-110.json,Defects4J,0.8244315981864929,0.8194592595100403,0.8154457211494446,1.0,0.9932227730751038,0.8333333333333334,5.905000000000001,9.646666666666668,0.0,1.3333333333333333,0.0,6.0,0.0,0.0,0.0,0.0,0.0,0.0,0.0,0.0,0.05298664906710747,,6.416666666666668,59.745000000000005,9.066666666666666,22.666666666666664,5.166666666666667,31.0,1.0,1.0,6.0,6.0,0.17573592793231638,1.0544155675938982,0.0,0.0,0.0,0.0,0.0,0.16666666666666666,0.0,0.16666666666666666,0.0,0.0,0.0,0.3333333333333333,0.0,0.0,0.0,0.16666666666666666,0.0,0.6666666666666666,0.0,0.0,0.0,1.0,1.0,,6.0,6.0,0.0,,1.6666666666666667,1.5,0.7453559924999299,0.0,5.166666666666667,5.0,3.0230595245361758,0.0,0.0,0.0
Jsoup-16.json,Defects4J,0.8146535754203796,0.8102703094482422,0.8048208951950073,0.4334450960159302,1.127195119857788,0.8395061728395061,33.007083333333334,28.866111111111106,0.0,3.3083554376657824,0.653183023872679,81.0,0.0,0.20317460317460317,0.20317460317460317,0.20317460317460317,0.20317460317460317,0.20317460317460317,0.20317460317460317,0.0,1.511955857239755,0.6532089710235596,22.213888888888892,-0.07999999999995566,22.177777777777777,77.66666666666667,7.0,567.0,2.0,23.0,72.0,51.0,0.055994976510930945,4.535593097385407,0.04938271604938271,0.04938271604938271,0.04938271604938271,0.06172839506172839,0.012345679012345678,0.037037037037037035,0.0,0.14814814814814814,0.07407407407407407,0.0,0.04938271604938271,0.14814814814814814,0.08641975308641975,0.04938271604938271,0.012345679012345678,0.12345679012345678,0.0,0.38395225464190985,0.03912466843501325,0.0,0.0,0.7083333333333334,15.0,,36.0,36.0,10.0,,2.013888888888889,1.0,1.7833571303362061,0.028985507246376812,7.736111111111111,6.0,7.380516873565675,0.08253968253968254,0.08888888888888889,0.12063492063492064
Cli-13.json,Defects4J,0.7358967065811157,0.7338099082310995,0.7325692772865295,0.19853754341602325,1.2131856679916382,0.6395759717314488,27.58033950617284,25.450205761316862,0.0,3.688038905247858,1.6478381348211324,283.0,0.059771309771309775,0.0,0.0498960498960499,0.0498960498960499,0.0,0.0,0.0,0.002079002079002079,4.477814652322868,0.5218626282044819,13.883410493827164,49.626597222222244,16.26522633744856,62.473765432098766,6.3144876325088335,1327.0,8.0,71.0,243.0,151.0,0.3111026847293529,88.04205977840687,0.02120141342756184,0.028268551236749116,0.01060070671378092,0.028268551236749116,0.007067137809187279,0.07420494699646643,0.0,0.1625441696113074,0.03180212014134275,0.02120141342756184,0.04240282685512368,0.1519434628975265,0.10600706713780919,0.007067137809187279,0.028268551236749116,0.08833922261484099,0.014134275618374558,0.41638141315629873,0.08105854598629492,0.0,0.0,0.6213991769547325,9.75,0.3147394508123398,30.375,33.0,18.06195933446867,13.227904075235838,1.4938271604938271,1.0,1.0594290347123425,0.0,7.181069958847736,5.0,8.591802227813135,0.004677754677754678,0.004677754677754678,0.0
Closure-81.json,Defects4J,0.8244315981864929,0.8194592595100403,0.8154457211494446,1.0,0.9932227730751038,0.8333333333333334,5.905000000000001,9.646666666666668,0.0,1.3333333333333333,0.0,6.0,0.0,0.0,0.0,0.0,0.0,0.0,0.0,0.0,0.05298664906710747,,6.416666666666668,59.745000000000005,9.066666666666666,22.666666666666664,5.166666666666667,31.0,1.0,1.0,6.0,6.0,0.17573592793231638,1.0544155675938982,0.0,0.0,0.0,0.0,0.0,0.16666666666666666,0.0,0.16666666666666666,0.0,0.0,0.0,0.3333333333333333,0.0,0.0,0.0,0.16666666666666666,0.0,0.6666666666666666,0.0,0.0,0.0,1.0,1.0,,6.0,6.0,0.0,,1.6666666666666667,1.5,0.7453559924999299,0.0,5.166666666666667,5.0,3.0230595245361758,0.0,0.0,0.0
Csv-4.json,Defects4J,0.7526083588600159,0.7506497104962667,0.7489798069000244,0.3624121844768524,1.1861013174057007,0.5207547169811321,34.90655339805826,28.095339805825244,0.0,3.584346878676302,1.2275086301381086,265.0,0.05536130536130536,0.0,0.07226107226107226,0.023310023310023312,0.0,0.0,0.0,0.0011655011655011655,3.9011385838094337,0.7308425456285477,18.8653786407767,33.18884466019418,21.140194174757283,75.18058252427184,6.132075471698113,1201.0,5.0,30.0,206.0,142.0,0.18663671686184014,49.45872996838764,0.018867924528301886,0.026415094339622643,0.0037735849056603774,0.011320754716981131,0.0,0.03773584905660377,0.0,0.09056603773584905,0.03018867924528302,0.01509433962264151,0.007547169811320755,0.24150943396226415,0.18867924528301888,0.007547169811320755,0.022641509433962263,0.07169811320754717,0.022641509433962263,0.4892208913266008,0.037047136989641724,0.0,0.0,0.6893203883495146,14.0,0.6551177302996317,41.2,40.0,13.600000000000001,15.6451,1.558252427184466,1.0,1.3380194225479194,0.0,7.587378640776699,5.0,8.81523592370685,0.008741258741258742,0.005244755244755245,0.0
Lang-28.json,Defects4J,0.7541391253471375,0.7524116635322571,0.7512725591659546,0.2916463315486908,1.2389421463012695,0.4825,34.76971428571429,28.651999999999997,0.0,5.611923164203311,4.556697168223661,400.0,0.04438964241676942,0.031237155774763666,0.09782161939991779,0.0632963419646527,0.031237155774763666,0.031237155774763666,0.031237155774763666,0.0,4.879589197733651,0.5753735713660717,17.667857142857148,39.63714285714288,20.714285714285715,76.07142857142857,5.6975,1674.0,7.0,59.0,280.0,184.0,0.32894150204040246,131.57660081616098,0.0225,0.025,0.0225,0.0275,0.01,0.0175,0.0075,0.1075,0.04,0.01,0.02,0.145,0.265,0.0125,0.0225,0.06,0.015,0.4440329541264702,0.06616828842721326,0.0,0.0,0.6571428571428571,14.428571428571429,0.4384676985442638,40.0,40.0,19.985709180025896,15.532846611407376,1.4964285714285714,1.0,1.2188935682052986,0.004651162790697674,7.685714285714286,5.0,8.370087654674757,0.007398273736128237,0.02466091245376079,0.01972872996300863
Math-85.json,Defects4J,0.741353452205658,0.7389409939448038,0.7351592183113098,0.3139348328113556,1.1912745237350464,0.4230769230769231,43.56038793103449,46.21189655172414,0.0,3.9776476881631546,1.877710502210992,312.0,0.036526276556093924,0.0,0.026835631755497576,0.010436079016026835,0.010436079016026835,0.0,0.0,0.0007454342154304882,3.704146036034553,0.6615133540970939,19.320000000000004,8.200000000000017,17.117241379310343,64.34482758620689,8.246794871794872,2143.0,8.0,21.0,232.0,160.0,0.13017739890760316,40.61534845917219,0.035256410256410256,0.02564102564102564,0.00641025641025641,0.009615384615384616,0.0,0.016025641025641024,0.0,0.11858974358974358,0.09294871794871795,0.0,0.00641025641025641,0.16666666666666666,0.22115384615384615,0.0,0.060897435897435896,0.041666666666666664,0.016025641025641024,0.47626573975272274,0.07630920921977405,0.010471204188481676,0.005235602094240838,0.6896551724137931,10.25,0.5804093728462855,29.0,21.0,23.371991785040485,14.554592549557764,2.0,1.0,2.8827668701416362,0.0,10.719827586206897,5.0,29.42090424964578,0.002981736861721953,0.003354453969437197,0.0
Mockito-22.json,Defects4J,0.8273728489875793,0.8226843674977621,0.818372368812561,1.0,1.1956604719161987,0.8,3.678000000000001,6.504000000000001,0.0,1.2,0.0,5.0,0.0,0.0,0.0,0.0,0.0,0.0,0.0,0.0,0.05305602573781134,,2.879999999999999,83.32000000000004,10.0,25.0,4.8,24.0,1.0,1.0,5.0,5.0,0.21089774439461811,1.0544887219730905,0.0,0.0,0.0,0.0,0.0,0.2,0.0,0.2,0.0,0.0,0.0,0.2,0.0,0.0,0.0,0.2,0.0,0.6,0.0,0.0,0.0,1.0,1.0,,5.0,5.0,0.0,,1.4,1.0,0.8,0.0,4.8,4.0,3.3105890714493698,0.0,0.0,0.0
Jsoup-81.json,Defects4J,0.7568339705467224,0.7557102839152018,0.7550778388977051,0.22459271550178528,1.1708897352218628,0.49122807017543857,24.35884615384615,23.995384615384612,0.0,4.121297259696952,1.8322275326780217,285.0,0.15843997562461914,0.30834856794637416,0.47775746496039,0.47775746496039,0.4643510054844607,0.4643510054844607,0.40097501523461304,0.0,2.736410325723986,0.5874800724642617,15.25673076923077,31.988269230769276,17.900000000000002,61.57692307692308,5.350877192982456,1499.0,8.0,10.0,208.0,100.0,0.05414558430118448,15.431491525837576,0.042105263157894736,0.010526315789473684,0.017543859649122806,0.0,0.010526315789473684,0.0,0.0,0.12280701754385964,0.0456140350877193,0.007017543859649123,0.0,0.20350877192982456,0.23859649122807017,0.007017543859649123,0.0456140350877193,0.0456140350877193,0.11578947368421053,0.40667196045210013,0.0316126483206871,0.0,0.0,0.4807692307692308,9.25,0.5651470522085825,26.0,26.5,18.103866990231673,15.742502247213078,1.7548076923076923,1.0,1.4319419175809622,0.01092896174863388,6.961538461538462,5.0,8.11980375487927,0.007312614259597806,0.04143814747105423,0.06093845216331505
JacksonDatabind-58.json,Defects4J,0.7853633165359497,0.783791740735372,0.7812631130218506,0.16052798926830292,1.1682082414627075,0.7364016736401674,31.799716312056738,38.98382978723404,0.0,2.5352597744078476,1.4738350090564603,239.0,0.0,0.046328240512567766,0.18925579103006407,0.046328240512567766,0.046328240512567766,0.046328240512567766,0.046328240512567766,0.0,5.537355013905831,0.39725221964445984,18.45085106382979,-9.316666666666663,14.990070921985817,53.43262411347518,7.857740585774058,1854.0,12.0,70.0,188.0,121.0,1.0627835554980678,254.0052697640382,0.05439330543933055,0.08786610878661087,0.012552301255230125,0.03347280334728033,0.016736401673640166,0.03765690376569038,0.0,0.1506276150627615,0.029288702928870293,0.02510460251046025,0.0502092050209205,0.13389121338912133,0.200836820083682,0.0041841004184100415,0.0041841004184100415,0.100418410041841,0.0,0.46032349721497795,0.09662866007266781,0.0,0.0,0.6436170212765957,5.916666666666667,0.28939608857035637,15.666666666666666,6.0,17.254629008536295,13.6886701853816,2.367021276595745,1.0,2.8449989080457216,0.011299435028248588,9.638297872340425,5.0,13.872405691009506,0.020699852143913258,0.019714144898965006,0.08871365204534254
Closure-16.json,Defects4J,0.8244315981864929,0.8194592595100403,0.8154457211494446,1.0,0.9932227730751038,0.8333333333333334,5.905000000000001,9.646666666666668,0.0,1.3333333333333333,0.0,6.0,0.0,0.0,0.0,0.0,0.0,0.0,0.0,0.0,0.05298664906710747,,6.416666666666668,59.745000000000005,9.066666666666666,22.666666666666664,5.166666666666667,31.0,1.0,1.0,6.0,6.0,0.17573592793231638,1.0544155675938982,0.0,0.0,0.0,0.0,0.0,0.16666666666666666,0.0,0.16666666666666666,0.0,0.0,0.0,0.3333333333333333,0.0,0.0,0.0,0.16666666666666666,0.0,0.6666666666666666,0.0,0.0,0.0,1.0,1.0,,6.0,6.0,0.0,,1.6666666666666667,1.5,0.7453559924999299,0.0,5.166666666666667,5.0,3.0230595245361758,0.0,0.0,0.0
Closure-168.json,Defects4J,0.8244315981864929,0.8194592595100403,0.8154457211494446,1.0,0.9932227730751038,0.8333333333333334,5.905000000000001,9.646666666666668,0.0,1.3333333333333333,0.0,6.0,0.0,0.0,0.0,0.0,0.0,0.0,0.0,0.0,0.05298664906710747,,6.416666666666668,59.745000000000005,9.066666666666666,22.666666666666664,5.166666666666667,31.0,1.0,1.0,6.0,6.0,0.17573592793231638,1.0544155675938982,0.0,0.0,0.0,0.0,0.0,0.16666666666666666,0.0,0.16666666666666666,0.0,0.0,0.0,0.3333333333333333,0.0,0.0,0.0,0.16666666666666666,0.0,0.6666666666666666,0.0,0.0,0.0,1.0,1.0,,6.0,6.0,0.0,,1.6666666666666667,1.5,0.7453559924999299,0.0,5.166666666666667,5.0,3.0230595245361758,0.0,0.0,0.0
JxPath-1.json,Defects4J,0.7522714734077454,0.7503276467323303,0.7472876310348511,0.23714151978492737,1.1738932132720947,0.5241935483870968,32.33092307692308,30.11815384615384,0.0,4.082685185185185,2.9794811051650694,248.0,0.05594817432273263,0.0,0.0,0.0,0.0,0.0,0.0,0.002355712603062426,2.968278851481725,0.2635750859975815,16.025512820512823,38.05365384615388,17.923076923076923,68.3974358974359,6.479838709677419,1207.0,6.0,31.0,195.0,146.0,0.07846129016898838,19.45839996190912,0.016129032258064516,0.028225806451612902,0.008064516129032258,0.012096774193548387,0.012096774193548387,0.03225806451612903,0.004032258064516129,0.13306451612903225,0.04838709677419355,0.008064516129032258,0.008064516129032258,0.18951612903225806,0.17338709677419356,0.008064516129032258,0.04032258064516129,0.06854838709677419,0.020161290322580645,0.3691710758377425,0.172346505617139,0.0,0.0,0.7487179487179487,11.666666666666666,0.2295201774686575,32.5,19.0,30.81531004765867,14.554592549557764,1.6051282051282052,1.0,1.2862086439886562,0.0,7.964102564102564,5.0,9.112051393888493,0.00530035335689046,0.0,0.0
JacksonXml-2.json,Defects4J,0.7734544277191162,0.772928257783254,0.772113561630249,0.2102501094341278,1.1919145584106445,0.6517857142857143,26.591757246376815,24.043260869565213,0.0,4.432672503501624,4.031858756753351,224.0,0.06172839506172839,0.0,0.28669410150891633,0.28669410150891633,0.28669410150891633,0.18381344307270234,0.0,0.0,2.9415891185877605,0.46647810339927676,17.340652173913046,25.35942028985508,19.44057971014493,67.07971014492753,5.9375,1230.0,6.0,40.0,184.0,102.0,0.08458004344626334,18.945929731962988,0.09821428571428571,0.022321428571428572,0.013392857142857142,0.022321428571428572,0.017857142857142856,0.017857142857142856,0.0,0.20982142857142858,0.022321428571428572,0.008928571428571428,0.03571428571428571,0.08928571428571429,0.16964285714285715,0.017857142857142856,0.013392857142857142,0.09375,0.022321428571428572,0.4345307390302335,0.04237246398452214,0.0,0.06666666666666667,0.5543478260869565,11.166666666666666,0.20279298350214958,30.666666666666668,20.0,25.72072229848057,16.52667757954773,1.7771739130434783,1.0,1.5774637914172593,0.012738853503184714,6.940217391304348,5.0,6.7936760840762584,0.09053497942386832,0.10425240054869685,0.10699588477366255
Codec-1.json,Defects4J,0.7214609384536743,0.719290554523468,0.7176457643508911,0.22650711238384247,1.1403247117996216,0.47586206896551725,29.84205128205128,32.33709401709402,0.0,2.9271360153256705,1.7113733963068616,145.0,0.0635673624288425,0.0,0.09108159392789374,0.09108159392789374,0.0,0.0,0.0,0.0,1.0205134655134116,0.5050625018775463,11.28642735042735,55.82246153846155,13.120683760683761,61.861538461538466,6.972413793103448,684.0,5.0,11.0,117.0,88.0,0.019135303927394164,2.7746190694721538,0.006896551724137931,0.027586206896551724,0.0,0.006896551724137931,0.0,0.020689655172413793,0.006896551724137931,0.15172413793103448,0.07586206896551724,0.0,0.0,0.20689655172413793,0.13793103448275862,0.0,0.04827586206896552,0.05517241379310345,0.006896551724137931,0.365948275862069,0.19424713485368011,0.0,0.0,0.7521367521367521,9.0,0.34782708374162513,23.4,17.0,16.954055562018194,11.602472056035307,1.5042735042735043,1.0,1.1593096355928032,0.012345679012345678,8.401709401709402,6.0,9.130637660453557,0.026565464895635674,0.0,0.0
Closure-41.json,Defects4J,0.8244315981864929,0.8194592595100403,0.8154457211494446,1.0,0.9932227730751038,0.8333333333333334,5.905000000000001,9.646666666666668,0.0,1.3333333333333333,0.0,6.0,0.0,0.0,0.0,0.0,0.0,0.0,0.0,0.0,0.05298664906710747,,6.416666666666668,59.745000000000005,9.066666666666666,22.666666666666664,5.166666666666667,31.0,1.0,1.0,6.0,6.0,0.17573592793231638,1.0544155675938982,0.0,0.0,0.0,0.0,0.0,0.16666666666666666,0.0,0.16666666666666666,0.0,0.0,0.0,0.3333333333333333,0.0,0.0,0.0,0.16666666666666666,0.0,0.6666666666666666,0.0,0.0,0.0,1.0,1.0,,6.0,6.0,0.0,,1.6666666666666667,1.5,0.7453559924999299,0.0,5.166666666666667,5.0,3.0230595245361758,0.0,0.0,0.0
Compress-32.json,Defects4J,0.7621902227401733,0.7600989937782288,0.7579202055931091,0.31066077947616577,1.2145991325378418,0.5947136563876652,27.84301173402868,27.62824858757062,0.0,3.5429356528702516,2.549614244099104,454.0,0.021970705725699067,0.0,0.11817576564580559,0.047936085219707054,0.0,0.0,0.0,0.0,8.314874769497312,0.47517456859350204,14.263333333333332,41.30254889178619,15.073098652759668,58.30421555845285,6.138766519823789,2352.0,13.0,97.0,354.0,217.0,8.995977846107893,4084.1739421329835,0.048458149779735685,0.06387665198237885,0.013215859030837005,0.02643171806167401,0.013215859030837005,0.048458149779735685,0.0,0.13656387665198239,0.037444933920704845,0.013215859030837005,0.022026431718061675,0.14096916299559473,0.18722466960352424,0.011013215859030838,0.015418502202643172,0.06387665198237885,0.015418502202643172,0.4783843706769746,0.08429310392321793,0.0,0.005,0.6129943502824858,8.461538461538462,0.3216417655348778,27.23076923076923,28.0,19.830643909611773,12.766815935922704,1.6299435028248588,1.0,1.9313958235733408,0.003424657534246575,7.570621468926554,4.0,10.862615938967243,0.021970705725699067,0.019973368841544607,0.021970705725699067
Jsoup-39.json,Defects4J,0.7828393578529358,0.7815070947011312,0.7797748446464539,0.17612390220165253,1.236202597618103,0.7565217391304347,35.99285714285714,33.19428571428571,0.0,3.311984826445338,0.5608693000657242,115.0,0.0,0.147239263803681,0.147239263803681,0.147239263803681,0.147239263803681,0.147239263803681,0.147239263803681,0.0,1.784441109814879,0.5211123675107956,23.57047619047619,-11.587142857142823,21.23809523809524,66.42857142857143,7.826086956521739,900.0,3.0,30.0,105.0,62.0,0.05179347936896534,5.956250127431014,0.043478260869565216,0.08695652173913043,0.02608695652173913,0.02608695652173913,0.008695652173913044,0.0782608695652174,0.0,0.21739130434782608,0.06086956521739131,0.0,0.02608695652173913,0.11304347826086956,0.09565217391304348,0.0,0.008695652173913044,0.06956521739130435,0.06086956521739131,0.44260003993040703,0.07125910264416811,0.0,0.0,0.5904761904761905,11.0,0.6801530718803406,35.0,30.0,14.719601443879744,17.5058628484301,2.1619047619047618,1.0,4.078103689855791,0.020833333333333332,8.476190476190476,4.0,22.225723080248915,0.03680981595092025,0.049079754601226995,0.0
Compress-24.json,Defects4J,0.7322208881378174,0.7283891042073568,0.7250970602035522,0.34621182084083557,1.1567445993423462,0.4392523364485981,75.76909090909089,53.68848484848486,0.0,13.332821457821458,5.363124488124489,214.0,0.0856727976766699,0.0,0.16263310745401743,0.046466602129719266,0.0,0.0,0.0,0.03388189738625363,2.579141125407678,0.8933934569358826,38.68318181818182,-35.335227272727266,39.54545454545455,124.92424242424242,9.397196261682243,1371.0,2.0,16.0,165.0,116.0,0.061615926818437465,13.185808339145618,0.014018691588785047,0.0514018691588785,0.0,0.0,0.0,0.009345794392523364,0.0,0.102803738317757,0.07476635514018691,0.014018691588785047,0.0,0.19158878504672897,0.18691588785046728,0.0,0.028037383177570093,0.056074766355140186,0.018691588785046728,0.4881244881244881,0.04217854217854217,0.0,0.0,0.703030303030303,35.0,,82.5,82.5,27.5,,1.8727272727272728,1.0,1.9974639568595896,0.0,11.878787878787879,5.0,14.668369548025058,0.011616650532429816,0.1335914811229429,0.13649564375605033
Closure-57.json,Defects4J,0.8244315981864929,0.8194592595100403,0.8154457211494446,1.0,0.9932227730751038,0.8333333333333334,5.905000000000001,9.646666666666668,0.0,1.3333333333333333,0.0,6.0,0.0,0.0,0.0,0.0,0.0,0.0,0.0,0.0,0.05298664906710747,,6.416666666666668,59.745000000000005,9.066666666666666,22.666666666666664,5.166666666666667,31.0,1.0,1.0,6.0,6.0,0.17573592793231638,1.0544155675938982,0.0,0.0,0.0,0.0,0.0,0.16666666666666666,0.0,0.16666666666666666,0.0,0.0,0.0,0.3333333333333333,0.0,0.0,0.0,0.16666666666666666,0.0,0.6666666666666666,0.0,0.0,0.0,1.0,1.0,,6.0,6.0,0.0,,1.6666666666666667,1.5,0.7453559924999299,0.0,5.166666666666667,5.0,3.0230595245361758,0.0,0.0,0.0
JacksonDatabind-19.json,Defects4J,0.8165762424468994,0.8142573833465576,0.8107026219367981,0.09607531875371933,1.1574556827545166,0.8222222222222222,19.537231638418078,21.562711864406776,0.0,2.734356686622133,0.5924150349224545,135.0,0.0,0.13140311804008908,0.15924276169265034,0.13140311804008908,0.13140311804008908,0.13140311804008908,0.13140311804008908,0.0,3.2185500068266477,0.5509962975978852,13.180000000000003,35.59706214689268,14.985310734463278,58.64971751412429,5.9037037037037035,797.0,6.0,47.0,118.0,88.0,0.1851248583391446,24.991855875784523,0.05925925925925926,0.05925925925925926,0.06666666666666667,0.07407407407407407,0.022222222222222223,0.037037037037037035,0.0,0.18518518518518517,0.044444444444444446,0.007407407407407408,0.02962962962962963,0.14074074074074075,0.1259259259259259,0.05925925925925926,0.007407407407407408,0.05185185185185185,0.0,0.4312665053397318,0.008972413099236156,0.0,0.0,0.7457627118644068,7.666666666666667,0.4070415757596493,19.666666666666668,21.0,6.368324391514267,13.81666964889586,1.7881355932203389,1.0,1.4546925524977588,0.017543859649122806,6.610169491525424,5.0,6.441436173034133,0.043429844097995544,0.0467706013363029,0.0801781737193764
Closure-129.json,Defects4J,0.8244315981864929,0.8194592595100403,0.8154457211494446,1.0,0.9932227730751038,0.8333333333333334,5.905000000000001,9.646666666666668,0.0,1.3333333333333333,0.0,6.0,0.0,0.0,0.0,0.0,0.0,0.0,0.0,0.0,0.05298664906710747,,6.416666666666668,59.745000000000005,9.066666666666666,22.666666666666664,5.166666666666667,31.0,1.0,1.0,6.0,6.0,0.17573592793231638,1.0544155675938982,0.0,0.0,0.0,0.0,0.0,0.16666666666666666,0.0,0.16666666666666666,0.0,0.0,0.0,0.3333333333333333,0.0,0.0,0.0,0.16666666666666666,0.0,0.6666666666666666,0.0,0.0,0.0,1.0,1.0,,6.0,6.0,0.0,,1.6666666666666667,1.5,0.7453559924999299,0.0,5.166666666666667,5.0,3.0230595245361758,0.0,0.0,0.0
Math-93.json,Defects4J,0.7398324608802795,0.7378620107968649,0.736040472984314,0.1752658486366272,1.2613047361373901,0.52,26.493222836095768,24.216353591160217,0.0,3.3715246455591985,1.1748707921166106,225.0,0.0704626334519573,0.0,0.0,0.0,0.0,0.0,0.0,0.0028469750889679717,3.336693031796162,0.5941534101963043,12.668922651933705,57.96279465930019,15.823572744014735,60.000920810313076,5.804444444444444,895.0,6.0,37.0,181.0,127.0,0.1250042714819278,28.125961083433754,0.035555555555555556,0.04888888888888889,0.013333333333333334,0.0044444444444444444,0.008888888888888889,0.04888888888888889,0.0044444444444444444,0.09777777777777778,0.07111111111111111,0.008888888888888889,0.013333333333333334,0.1511111111111111,0.1511111111111111,0.0044444444444444444,0.035555555555555556,0.07555555555555556,0.04,0.48684560320739184,0.08939453484653623,0.0,0.0,0.7016574585635359,9.0,0.318374615162611,30.166666666666668,28.0,13.334374959313074,12.745084868956482,1.3977900552486189,1.0,0.8583651299154067,0.0,6.972375690607735,4.0,8.217641002006726,0.006405693950177936,0.006405693950177936,0.0
Mockito-34.json,Defects4J,0.8273728489875793,0.8226843674977621,0.818372368812561,1.0,1.1956604719161987,0.8,3.678000000000001,6.504000000000001,0.0,1.2,0.0,5.0,0.0,0.0,0.0,0.0,0.0,0.0,0.0,0.0,0.05305602573781134,,2.879999999999999,83.32000000000004,10.0,25.0,4.8,24.0,1.0,1.0,5.0,5.0,0.21089774439461811,1.0544887219730905,0.0,0.0,0.0,0.0,0.0,0.2,0.0,0.2,0.0,0.0,0.0,0.2,0.0,0.0,0.0,0.2,0.0,0.6,0.0,0.0,0.0,1.0,1.0,,5.0,5.0,0.0,,1.4,1.0,0.8,0.0,4.8,4.0,3.3105890714493698,0.0,0.0,0.0
Jsoup-78.json,Defects4J,0.7838097214698792,0.780816912651062,0.7787494659423828,0.30659279227256775,1.1290233135223389,0.6165644171779141,23.40387275242047,28.299751037344397,0.0,3.2289419739957377,1.823730843554851,326.0,0.03130841121495327,0.13504672897196263,0.2565420560747664,0.17523364485981308,0.13504672897196263,0.13504672897196263,0.13504672897196263,0.0,7.125120758752278,0.6392554060689041,15.891767634854777,9.743100968188116,15.05737206085754,50.091562932226836,6.052147239263804,1903.0,15.0,77.0,241.0,131.0,3.8122645299328295,1242.7982367581023,0.03067484662576687,0.05828220858895705,0.012269938650306749,0.046012269938650305,0.015337423312883436,0.024539877300613498,0.0,0.1441717791411043,0.046012269938650305,0.012269938650306749,0.03067484662576687,0.07975460122699386,0.24233128834355827,0.03067484662576687,0.006134969325153374,0.08282208588957055,0.027607361963190184,0.4734283975681824,0.08657716766403757,0.0,0.0,0.5435684647302904,5.466666666666667,0.5439311754531585,16.066666666666666,9.0,12.974162357889965,13.76565470535455,2.136929460580913,1.0,2.386408026487321,0.009569377990430622,7.813278008298755,4.0,9.606057371123557,0.04672897196261682,0.046261682242990654,0.09158878504672897
Time-2.json,Defects4J,0.8061875700950623,0.8033823172251383,0.8015283346176147,0.28980711102485657,1.158166766166687,0.6746987951807228,29.909333333333336,33.40184615384615,0.0,3.9781420765027327,2.0904085717044927,83.0,0.0,0.0,0.0,0.0,0.0,0.0,0.0,0.0,1.490482756393126,0.23271074146032333,17.912307692307696,5.231025641025667,19.743589743589748,66.28205128205128,6.975903614457831,578.0,3.0,11.0,65.0,56.0,0.053484796052487085,4.439238072356428,0.060240963855421686,0.060240963855421686,0.012048192771084338,0.0,0.024096385542168676,0.024096385542168676,0.0,0.14457831325301204,0.07228915662650602,0.0,0.0,0.1927710843373494,0.1927710843373494,0.012048192771084338,0.024096385542168676,0.0963855421686747,0.0,0.4142076502732241,0.0840855595167158,0.0,0.0,0.8615384615384616,9.666666666666666,0.33389294147491455,21.666666666666668,12.0,15.839472494022296,17.122413403193683,2.123076923076923,1.0,1.7759737723954951,0.034482758620689655,8.6,5.0,8.182156947143723,0.0,0.0,0.0
JacksonDatabind-9.json,Defects4J,0.782899796962738,0.7807126045227051,0.7796176075935364,0.17174965143203735,1.205686092376709,0.5411392405063291,16.14057898049088,19.1568281938326,0.0,3.3438803135988695,1.0436890292564438,316.0,0.0006035003017501509,0.25347012673506336,0.3029571514785757,0.2866626433313217,0.2703681351840676,0.2703681351840676,0.2703681351840676,0.0,5.379379271086507,0.5963475406169891,10.694804908747642,47.26560572687225,12.82932662051605,45.72970421648836,4.781645569620253,1470.0,14.0,35.0,227.0,105.0,0.6863531810914137,216.88760522488676,0.04113924050632911,0.03481012658227848,0.006329113924050633,0.0189873417721519,0.0031645569620253164,0.015822784810126583,0.0,0.12341772151898735,0.02531645569620253,0.012658227848101266,0.012658227848101266,0.18037974683544303,0.2848101265822785,0.0031645569620253164,0.00949367088607595,0.0759493670886076,0.08227848101265822,0.40051980997713094,0.1120932665424027,0.0,0.04,0.46255506607929514,4.785714285714286,0.6112215633814534,16.214285714285715,13.5,9.563162742139918,12.28987398476788,1.6916299559471366,1.0,1.4728289434104611,0.014634146341463415,6.255506607929515,5.0,6.978627099730498,0.009656004828002414,0.032589016294508145,0.036210018105009054
Lang-45.json,Defects4J,0.7612444162368774,0.7593687176704407,0.7575758099555969,0.3205285370349884,1.1495691537857056,0.5660377358490566,31.99815028901734,28.447167630057802,0.0,3.7050797182054134,1.482524165763594,212.0,0.04526748971193416,0.0,0.06927297668038408,0.06927297668038408,0.05075445816186557,0.05075445816186557,0.0,0.0,3.45165593784282,0.5087055861949921,15.569895953757229,45.060508670520235,17.53942196531792,64.6578034682081,6.452830188679245,1041.0,5.0,40.0,173.0,112.0,0.14883301044043676,31.55259821337259,0.05188679245283019,0.06132075471698113,0.018867924528301886,0.0330188679245283,0.0047169811320754715,0.04716981132075472,0.0,0.11320754716981132,0.05188679245283019,0.009433962264150943,0.0,0.16037735849056603,0.13679245283018868,0.014150943396226415,0.03773584905660377,0.04716981132075472,0.018867924528301886,0.4702897399226654,0.027769014164194757,0.0,0.006134969325153374,0.6473988439306358,10.4,0.36469558129707974,34.6,27.0,18.55370582929459,13.348371206891418,1.4971098265895955,1.0,1.3584429945496463,0.0,7.670520231213873,5.0,9.7596016611771,0.01646090534979424,0.006172839506172839,0.03292181069958848
Closure-94.json,Defects4J,0.8244315981864929,0.8194592595100403,0.8154457211494446,1.0,0.9932227730751038,0.8333333333333334,5.905000000000001,9.646666666666668,0.0,1.3333333333333333,0.0,6.0,0.0,0.0,0.0,0.0,0.0,0.0,0.0,0.0,0.05298664906710747,,6.416666666666668,59.745000000000005,9.066666666666666,22.666666666666664,5.166666666666667,31.0,1.0,1.0,6.0,6.0,0.17573592793231638,1.0544155675938982,0.0,0.0,0.0,0.0,0.0,0.16666666666666666,0.0,0.16666666666666666,0.0,0.0,0.0,0.3333333333333333,0.0,0.0,0.0,0.16666666666666666,0.0,0.6666666666666666,0.0,0.0,0.0,1.0,1.0,,6.0,6.0,0.0,,1.6666666666666667,1.5,0.7453559924999299,0.0,5.166666666666667,5.0,3.0230595245361758,0.0,0.0,0.0
JacksonCore-14.json,Defects4J,0.8205284476280212,0.816908578077952,0.8133068680763245,0.07808060944080353,1.2192147970199585,0.9157894736842105,26.958666666666666,24.896000000000004,0.0,2.914627000225378,0.5879640566757343,95.0,0.0,0.0,0.15130674002751032,0.15130674002751032,0.15130674002751032,0.15130674002751032,0.15130674002751032,0.0,1.597310279912216,0.2885493263602257,18.923333333333336,12.825000000000017,20.88888888888889,72.22222222222223,6.768421052631579,643.0,3.0,30.0,90.0,72.0,0.05199713741183932,4.9397280541247355,0.09473684210526316,0.08421052631578947,0.031578947368421054,0.05263157894736842,0.042105263157894736,0.021052631578947368,0.0,0.25263157894736843,0.05263157894736842,0.06315789473684211,0.010526315789473684,0.10526315789473684,0.042105263157894736,0.010526315789473684,0.010526315789473684,0.10526315789473684,0.0,0.43128239801667795,0.08624591485679826,0.0,0.0,0.8,12.666666666666666,0.4499707818031311,30.0,27.0,13.638181696985855,17.879347455551382,1.9333333333333333,1.5,1.42828568570857,0.022727272727272728,7.088888888888889,6.0,6.483559455258858,0.0,0.0,0.0
Closure-105.json,Defects4J,0.8244315981864929,0.8194592595100403,0.8154457211494446,1.0,0.9932227730751038,0.8333333333333334,5.905000000000001,9.646666666666668,0.0,1.3333333333333333,0.0,6.0,0.0,0.0,0.0,0.0,0.0,0.0,0.0,0.0,0.05298664906710747,,6.416666666666668,59.745000000000005,9.066666666666666,22.666666666666664,5.166666666666667,31.0,1.0,1.0,6.0,6.0,0.17573592793231638,1.0544155675938982,0.0,0.0,0.0,0.0,0.0,0.16666666666666666,0.0,0.16666666666666666,0.0,0.0,0.0,0.3333333333333333,0.0,0.0,0.0,0.16666666666666666,0.0,0.6666666666666666,0.0,0.0,0.0,1.0,1.0,,6.0,6.0,0.0,,1.6666666666666667,1.5,0.7453559924999299,0.0,5.166666666666667,5.0,3.0230595245361758,0.0,0.0,0.0
JacksonDatabind-35.json,Defects4J,0.8130226135253906,0.8085023760795593,0.8054210543632507,0.17900454998016357,1.1429132223129272,0.8108108108108109,33.5284375,22.232083333333332,0.0,3.6332916145181473,0.5156445556946181,111.0,0.0,0.16275862068965516,0.16275862068965516,0.16275862068965516,0.16275862068965516,0.16275862068965516,0.16275862068965516,0.0,1.8786939310297037,0.4740980267524719,25.00916666666667,1.2525000000000261,26.700000000000003,84.45833333333333,5.81981981981982,646.0,2.0,26.0,96.0,65.0,0.05896352360314002,6.544951119948542,0.036036036036036036,0.12612612612612611,0.009009009009009009,0.0,0.036036036036036036,0.02702702702702703,0.0,0.2072072072072072,0.0990990990990991,0.0,0.0,0.24324324324324326,0.10810810810810811,0.0,0.02702702702702703,0.05405405405405406,0.0,0.5253441802252816,0.004067584480600739,0.0,0.0,0.6770833333333334,17.5,,48.0,48.0,31.0,,1.8541666666666667,1.0,1.5205479184235602,0.043010752688172046,6.572916666666667,4.0,7.044124016492201,0.011034482758620689,0.0,0.0
Math-106.json,Defects4J,0.7157654762268066,0.7100102504094442,0.7062259316444397,0.4676484763622284,1.2238212823867798,0.4581589958158996,26.77623376623376,23.589714285714276,0.0,4.1456628524134365,2.4224604813759396,478.0,0.10555149744338933,0.1197954711468225,0.16617969320672024,0.14280496712929144,0.1347699050401753,0.1197954711468225,0.1197954711468225,0.02556610664718773,6.539635606134558,0.6270483076572418,16.305948051948054,34.828688311688325,18.898701298701297,64.96103896103895,5.292887029288703,1999.0,11.0,41.0,350.0,175.0,1.4477706255452953,692.0343590106512,0.03765690376569038,0.02510460251046025,0.008368200836820083,0.006276150627615063,0.0020920502092050207,0.02092050209205021,0.008368200836820083,0.14644351464435146,0.05439330543933055,0.0041841004184100415,0.010460251046025104,0.14225941422594143,0.2384937238493724,0.0020920502092050207,0.029288702928870293,0.06694560669456066,0.027196652719665274,0.43652809417388583,0.0809692918545766,0.0,0.0,0.5,10.545454545454545,0.5768046544657813,31.818181818181817,21.0,26.72696351088909,15.786528217884907,1.6514285714285715,1.0,1.1128782319659567,0.0,6.857142857142857,5.0,7.882142048028958,0.006574141709276844,0.004382761139517896,0.01862673484295106
Math-50.json,Defects4J,0.7144126296043396,0.7098681529362997,0.7070893049240112,0.21780113875865936,1.2092617750167847,0.4609375,36.750156249999996,32.092291666666654,0.0,4.563703742640874,1.3907996898783184,256.0,0.08645533141210375,0.0,0.05763688760806916,0.0,0.0,0.0,0.0,0.03804034582132565,2.633052860697065,0.7246333062648773,18.13079166666667,33.46837500000001,20.776666666666667,76.42083333333332,6.45703125,1134.0,5.0,18.0,192.0,141.0,0.054360114477752165,13.916189306304554,0.03515625,0.03515625,0.0,0.0078125,0.0,0.015625,0.0,0.11328125,0.0546875,0.0,0.0,0.19140625,0.21875,0.0,0.02734375,0.06640625,0.015625,0.43721614802354924,0.06659962026785043,0.0,0.0,0.734375,14.6,0.7052921454111735,38.4,40.0,17.488281790959338,16.15616582465906,1.5885416666666667,1.0,1.173702279085525,0.0,8.276041666666666,5.0,9.073877855228007,0.0069164265129683,0.005187319884726225,0.0
Lang-12.json,Defects4J,0.7138471007347107,0.7082500656445821,0.7049431204795837,0.2764858901500702,1.2371219396591187,0.5020242914979757,33.15225108225109,33.63838383838383,0.0,3.662491115849325,2.3703044692835293,247.0,0.0975609756097561,0.0,0.04552845528455285,0.0,0.0,0.0,0.0,0.028184281842818428,3.3659513379908628,0.4952807202935219,11.651529581529584,61.906818181818196,14.546608946608949,60.103896103896105,7.080971659919029,1049.0,7.0,34.0,198.0,141.0,0.1172511576171494,28.9610359314359,0.03643724696356275,0.032388663967611336,0.012145748987854251,0.016194331983805668,0.012145748987854251,0.03643724696356275,0.0,0.12550607287449392,0.06072874493927125,0.012145748987854251,0.004048582995951417,0.15384615384615385,0.1700404858299595,0.012145748987854251,0.024291497975708502,0.05668016194331984,0.020242914979757085,0.4759874098893288,0.10419965429737438,0.0,0.0,0.7121212121212122,9.0,0.4234864115715027,28.285714285714285,16.0,23.205382908247117,11.765960540728905,1.3737373737373737,1.0,0.9329637643407703,0.0,8.585858585858587,5.0,10.955382516416856,0.008130081300813009,0.004878048780487805,0.0
Codec-14.json,Defects4J,0.7697859406471252,0.7682830492655436,0.7665799856185913,0.4101874828338623,1.2545980215072632,0.6838905775075987,25.56726583238529,21.64122866894198,0.0,3.25316235192067,1.7313431816960316,329.0,0.030783582089552237,0.0,0.05550373134328358,0.05550373134328358,0.03451492537313433,0.03451492537313433,0.03451492537313433,0.0,4.937088680301162,0.46592358802445233,14.46434584755404,49.34537732271524,16.298672734167617,65.32006067500947,5.9179331306990886,1620.0,9.0,92.0,293.0,174.0,0.42359855755578624,139.36392543585367,0.02735562310030395,0.0547112462006079,0.0182370820668693,0.0486322188449848,0.0060790273556231,0.057750759878419454,0.0,0.0972644376899696,0.060790273556231005,0.0060790273556231,0.0364741641337386,0.20972644376899696,0.0729483282674772,0.0425531914893617,0.030395136778115502,0.08206686930091185,0.0121580547112462,0.40839843862529884,0.1530276022550101,0.0,0.0,0.5938566552901023,10.666666666666666,0.2565523386001587,32.55555555555556,23.0,22.16659704806667,12.457975602129121,1.47098976109215,1.0,0.9723189496389061,0.0,6.522184300341297,5.0,7.5728781824372025,0.024253731343283583,0.01958955223880597,0.027985074626865673
Jsoup-54.json,Defects4J,0.7866684198379517,0.7862717310587565,0.7855032682418823,0.22262710332870483,1.2045173645019531,0.7116279069767442,23.513984962406013,30.260818713450295,0.0,2.3816607796964937,1.05605937093209,215.0,0.0,0.0,0.06561514195583597,0.0,0.0,0.0,0.0,0.0,4.7714284127206845,0.5269272430584981,14.843746867167923,10.395394736842121,16.581620718462826,51.980367585630745,6.772093023255814,1428.0,14.0,49.0,171.0,122.0,0.5492455798242948,118.08779966222339,0.05581395348837209,0.06976744186046512,0.013953488372093023,0.023255813953488372,0.037209302325581395,0.03255813953488372,0.004651162790697674,0.14418604651162792,0.06046511627906977,0.009302325581395349,0.018604651162790697,0.15813953488372093,0.2,0.009302325581395349,0.004651162790697674,0.07906976744186046,0.009302325581395349,0.44970826792255364,0.09207669828659491,0.0,0.0,0.7134502923976608,4.857142857142857,0.5538624611993631,12.214285714285714,7.5,11.875416211825234,13.925175675911131,2.175438596491228,1.0,1.889857264490559,0.01282051282051282,8.24561403508772,5.0,8.746489424594296,0.030914826498422712,0.03028391167192429,0.06309148264984227
Closure-1.json,Defects4J,0.8244315981864929,0.8194592595100403,0.8154457211494446,1.0,0.9932227730751038,0.8333333333333334,5.905000000000001,9.646666666666668,0.0,1.3333333333333333,0.0,6.0,0.0,0.0,0.0,0.0,0.0,0.0,0.0,0.0,0.05298664906710747,,6.416666666666668,59.745000000000005,9.066666666666666,22.666666666666664,5.166666666666667,31.0,1.0,1.0,6.0,6.0,0.17573592793231638,1.0544155675938982,0.0,0.0,0.0,0.0,0.0,0.16666666666666666,0.0,0.16666666666666666,0.0,0.0,0.0,0.3333333333333333,0.0,0.0,0.0,0.16666666666666666,0.0,0.6666666666666666,0.0,0.0,0.0,1.0,1.0,,6.0,6.0,0.0,,1.6666666666666667,1.5,0.7453559924999299,0.0,5.166666666666667,5.0,3.0230595245361758,0.0,0.0,0.0
Mockito-18.json,Defects4J,0.8091877102851868,0.8082287907600403,0.8063697814941406,0.22812211513519287,1.2110313177108765,0.8387096774193549,22.6593023255814,26.784186046511625,0.0,2.243982683982684,0.6970952321674521,93.0,0.0,0.0,0.0,0.0,0.0,0.0,0.0,0.0,1.6868700250703306,0.3858993463218212,15.266837209302327,16.24211627906979,16.647441860465115,50.920930232558135,7.043010752688172,655.0,5.0,34.0,86.0,65.0,0.05809187511126032,5.40254438534721,0.0967741935483871,0.0967741935483871,0.010752688172043012,0.053763440860215055,0.021505376344086023,0.053763440860215055,0.0,0.15053763440860216,0.07526881720430108,0.010752688172043012,0.06451612903225806,0.11827956989247312,0.06451612903225806,0.0,0.010752688172043012,0.10752688172043011,0.0,0.5099567099567099,0.046131833090068304,0.0,0.0,0.7558139534883721,5.8,0.26539071400960285,17.2,11.0,11.77115117564973,14.836745963215662,2.046511627906977,1.0,2.0736832568800843,0.025,7.534883720930233,5.0,10.10836365017373,0.0,0.0,0.0
JxPath-21.json,Defects4J,0.7397282719612122,0.739019532998403,0.737827718257904,0.22024840116500854,1.159900426864624,0.4380952380952381,28.36281954887218,25.12175438596491,0.0,5.185007449499324,3.0896002610554034,315.0,0.08173340647284695,0.18431157432803072,0.38837081733406476,0.36972024136039494,0.23148656061437192,0.2303894679100384,0.22490400438837083,0.0010970927043335162,3.548732809044682,0.6535550753275553,14.191804511278196,51.327631578947376,16.36190476190476,63.27318295739349,5.425396825396826,1232.0,7.0,36.0,228.0,116.0,0.110378508907605,34.769230305895576,0.07301587301587302,0.009523809523809525,0.006349206349206349,0.07936507936507936,0.01904761904761905,0.009523809523809525,0.0,0.07301587301587302,0.044444444444444446,0.0,0.0031746031746031746,0.1492063492063492,0.26031746031746034,0.0,0.015873015873015872,0.04126984126984127,0.03492063492063492,0.42726762181952577,0.08890278616024254,0.0,0.0,0.5087719298245614,10.0,0.4468569546937943,32.57142857142857,32.0,15.47216064749978,12.540900571622839,1.4473684210526316,1.0,1.2146193199254256,0.0,7.114035087719298,5.0,8.759715179950577,0.013165112452002194,0.06034009873834339,0.019747668678003292
JacksonDatabind-62.json,Defects4J,0.7796415090560913,0.7782094478607178,0.7765630483627319,0.2740733027458191,1.1690762042999268,0.5669724770642202,42.3344114102049,54.48631043256998,0.0,2.5972504278210047,1.4889803628638252,545.0,0.00018996960486322188,0.023936170212765957,0.2308130699088146,0.03343465045592705,0.023936170212765957,0.023936170212765957,0.023936170212765957,0.0,13.168609225845609,0.7021431636971396,25.07446430962904,-66.28819104057851,15.536333199410741,50.545667604124816,9.26605504587156,4827.0,38.0,90.0,393.0,199.0,960.8549212979078,523665.93210735975,0.03853211009174312,0.08990825688073395,0.001834862385321101,0.007339449541284404,0.011009174311926606,0.023853211009174313,0.0,0.13027522935779817,0.045871559633027525,0.011009174311926606,0.014678899082568808,0.14128440366972478,0.26605504587155965,0.005504587155963303,0.001834862385321101,0.05688073394495413,0.03486238532110092,0.4731872560074717,0.08274558266430367,0.0,0.0,0.5063613231552163,4.157894736842105,0.6970390430134203,10.342105263157896,6.0,10.662961758470479,12.936686537176744,3.104325699745547,1.0,3.793902516017558,0.0060790273556231,12.440203562340967,5.0,16.262544172456746,0.03875379939209726,0.05015197568389058,0.044452887537993924
Closure-152.json,Defects4J,0.8244315981864929,0.8194592595100403,0.8154457211494446,1.0,0.9932227730751038,0.8333333333333334,5.905000000000001,9.646666666666668,0.0,1.3333333333333333,0.0,6.0,0.0,0.0,0.0,0.0,0.0,0.0,0.0,0.0,0.05298664906710747,,6.416666666666668,59.745000000000005,9.066666666666666,22.666666666666664,5.166666666666667,31.0,1.0,1.0,6.0,6.0,0.17573592793231638,1.0544155675938982,0.0,0.0,0.0,0.0,0.0,0.16666666666666666,0.0,0.16666666666666666,0.0,0.0,0.0,0.3333333333333333,0.0,0.0,0.0,0.16666666666666666,0.0,0.6666666666666666,0.0,0.0,0.0,1.0,1.0,,6.0,6.0,0.0,,1.6666666666666667,1.5,0.7453559924999299,0.0,5.166666666666667,5.0,3.0230595245361758,0.0,0.0,0.0
Math-46.json,Defects4J,0.7260556817054749,0.7222055196762085,0.7199164032936096,0.257135808467865,1.222155213356018,0.5536723163841808,30.763581081081078,29.882432432432434,0.0,2.521772030651341,0.776512765547108,177.0,0.14657210401891252,0.0,0.07880220646178093,0.0,0.0,0.0,0.0,0.08037825059101655,2.0145470987284613,0.4148756377398968,11.979675675675676,61.89505405405406,15.353513513513514,64.05945945945946,6.813559322033898,743.0,5.0,30.0,148.0,108.0,0.042357802606730985,7.497331061391384,0.0,0.03954802259887006,0.02824858757062147,0.03389830508474576,0.0,0.022598870056497175,0.0,0.13559322033898305,0.06779661016949153,0.005649717514124294,0.011299435028248588,0.1807909604519774,0.11299435028248588,0.011299435028248588,0.03389830508474576,0.062146892655367235,0.01694915254237288,0.5125191570881226,0.040327144793355675,0.0,0.0,0.7297297297297297,10.2,0.3278520305951436,29.6,33.0,14.636939570825588,12.340626583579944,1.3581081081081081,1.0,0.7166941291786361,0.0,7.9391891891891895,5.0,9.29343443872663,0.0070921985815602835,0.0070921985815602835,0.0
Collections-13.json,Defects4J,0.7347648739814758,0.7317518790562948,0.7298808097839355,0.32029780745506287,1.2346397638320923,0.6263440860215054,26.68915254237288,24.85491525423728,0.0,3.8304816977555505,1.222922110206626,372.0,0.0642279880901744,0.0,0.0,0.0,0.0,0.0,0.0,0.028073160357294766,6.712588232145837,0.4732878307501475,15.155000000000005,38.951483050847486,17.223728813559323,60.00847457627118,5.833333333333333,1707.0,10.0,91.0,295.0,178.0,2.211551660240343,822.6972176094076,0.053763440860215055,0.04838709677419355,0.021505376344086023,0.03494623655913978,0.016129032258064516,0.056451612903225805,0.0,0.1639784946236559,0.026881720430107527,0.016129032258064516,0.01881720430107527,0.12365591397849462,0.16666666666666666,0.008064516129032258,0.016129032258064516,0.07526881720430108,0.008064516129032258,0.4483251143482974,0.06209186834652601,0.0,0.0,0.6033898305084746,9.0,0.35732267703861,29.5,25.5,12.909298973995451,14.554592549557764,1.6305084745762712,1.0,1.4174761812829353,0.0,7.084745762711864,5.0,8.10124103402038,0.005104210974053594,0.0038281582305401958,0.0
Jsoup-42.json,Defects4J,0.7497556805610657,0.7469756007194519,0.744519829750061,0.27939704060554504,1.2642678022384644,0.5413070283600493,23.44845788043478,23.412430555555556,0.0,4.40564001693845,3.05296144634251,811.0,0.014699524427150886,0.0825767401642888,0.2667531344574146,0.21616947686986598,0.16472114137483787,0.12127107652399481,0.12127107652399481,0.0,14.334822127053403,0.5528020789338783,11.200914855072465,59.362744565217426,13.420169082125605,57.68236714975846,5.205918618988902,3256.0,23.0,174.0,576.0,233.0,2072.589504769559,1680870.0883681125,0.027127003699136867,0.036991368680641186,0.02466091245376079,0.036991368680641186,0.0345252774352651,0.014796547472256474,0.0,0.14303329223181258,0.008631319358816275,0.032059186189889025,0.025893958076448828,0.059186189889025895,0.2725030826140567,0.01726263871763255,0.009864364981504316,0.09001233045622688,0.06535141800246609,0.42897465210342095,0.07625393809447112,0.0,0.0,0.4045138888888889,8.173913043478262,0.4831815165955396,25.043478260869566,21.0,16.29211135026788,11.467429594995785,1.4427083333333333,1.0,0.8701346629098408,0.003937007874015748,6.869791666666667,5.0,6.96534506690384,0.007349762213575443,0.09381755296152183,0.09987029831387809
Time-11.json,Defects4J,0.7703778147697449,0.7691922982533773,0.7673066854476929,0.28766536712646484,1.2213921546936035,0.5137362637362637,27.50190082644628,25.426280991735535,0.0,5.1861243441559015,3.169333501444789,364.0,0.004897159647404506,0.030362389813907934,0.17189030362389815,0.12830558276199805,0.0979431929480901,0.059745347698334964,0.030362389813907934,0.0,8.178354926267723,0.7258497987474714,17.369483471074386,24.410588842975244,19.53801652892562,68.6797520661157,5.112637362637362,1666.0,8.0,55.0,242.0,139.0,9.788429830376362,3562.9884582569957,0.09065934065934066,0.04120879120879121,0.01098901098901099,0.027472527472527472,0.01098901098901099,0.04395604395604396,0.0,0.12087912087912088,0.057692307692307696,0.005494505494505495,0.0027472527472527475,0.09065934065934066,0.3269230769230769,0.005494505494505495,0.0027472527472527475,0.06318681318681318,0.0027472527472527475,0.3798041892794193,0.12107892972585524,0.0,0.0,0.5743801652892562,11.625,0.6424236446619034,30.25,26.5,19.638928178492836,16.678067442207542,1.7933884297520661,1.0,1.5180313228178832,0.00966183574879227,7.177685950413223,5.0,7.375232032806595,0.012732615083251714,0.017140058765915768,0.015670910871694418
Closure-144.json,Defects4J,0.8244315981864929,0.8194592595100403,0.8154457211494446,1.0,0.9932227730751038,0.8333333333333334,5.905000000000001,9.646666666666668,0.0,1.3333333333333333,0.0,6.0,0.0,0.0,0.0,0.0,0.0,0.0,0.0,0.0,0.05298664906710747,,6.416666666666668,59.745000000000005,9.066666666666666,22.666666666666664,5.166666666666667,31.0,1.0,1.0,6.0,6.0,0.17573592793231638,1.0544155675938982,0.0,0.0,0.0,0.0,0.0,0.16666666666666666,0.0,0.16666666666666666,0.0,0.0,0.0,0.3333333333333333,0.0,0.0,0.0,0.16666666666666666,0.0,0.6666666666666666,0.0,0.0,0.0,1.0,1.0,,6.0,6.0,0.0,,1.6666666666666667,1.5,0.7453559924999299,0.0,5.166666666666667,5.0,3.0230595245361758,0.0,0.0,0.0
JacksonDatabind-74.json,Defects4J,0.8006277680397034,0.7955771883328756,0.7913193106651306,0.3566223978996277,1.162121295928955,0.8260869565217391,38.74807377049181,50.68524590163936,0.0,1.673776489033842,0.9739605890833372,69.0,0.0,0.0,0.0,0.0,0.0,0.0,0.0,0.0,1.4638155672443351,0.3237930791718619,20.655881147540992,-39.44863729508194,18.787704918032787,66.64139344262296,10.695652173913043,737.0,8.0,12.0,61.0,53.0,0.06264377667610577,4.322420590651298,0.07246376811594203,0.028985507246376812,0.014492753623188406,0.014492753623188406,0.014492753623188406,0.043478260869565216,0.0,0.15942028985507245,0.10144927536231885,0.014492753623188406,0.014492753623188406,0.2028985507246377,0.10144927536231885,0.014492753623188406,0.014492753623188406,0.13043478260869565,0.014492753623188406,0.43227473098796626,0.1874641028697965,0.0,0.0,0.8688524590163934,4.5,0.3575994521379471,7.625,7.5,4.525966747557918,13.023866798666859,2.819672131147541,2.0,2.301162904310372,0.034482758620689655,11.967213114754099,7.0,11.528961696832944,0.116751269035533,0.217005076142132,0.0
Math-11.json,Defects4J,0.7353262305259705,0.7325187722841898,0.7291131019592285,0.2324107140302658,1.1452932357788086,0.45962732919254656,45.72892473118279,41.52516129032257,0.0,5.445411392405063,1.9999076774277,161.0,0.06584992343032159,0.0,0.06431852986217458,0.0,0.0,0.0,0.0,0.0,1.3425672291510833,0.8364636600017548,19.84774193548387,26.383279569892466,21.69462365591398,83.26881720430109,7.832298136645963,874.0,3.0,11.0,124.0,96.0,0.023781741993653353,3.8288604609781896,0.031055900621118012,0.018633540372670808,0.0,0.006211180124223602,0.0,0.018633540372670808,0.0,0.09937888198757763,0.062111801242236024,0.006211180124223602,0.0,0.2236024844720497,0.16149068322981366,0.006211180124223602,0.043478260869565216,0.049689440993788817,0.031055900621118012,0.44180214279804747,0.030255811182044408,0.0,0.0,0.7741935483870968,17.333333333333332,0.7718919515609741,41.333333333333336,40.0,13.912424503139471,16.32212239822248,1.6370967741935485,1.0,1.6816594982499016,0.0,9.870967741935484,5.5,11.58695577901141,0.009188361408882083,0.006891271056661562,0.0
Lang-53.json,Defects4J,0.757243812084198,0.7548908789952596,0.7520917057991028,0.2561880350112915,1.2427657842636108,0.44193548387096776,35.66461538461539,25.632136752136756,0.0,4.318900530388662,0.925740474450302,310.0,0.06253340459647247,0.08337787279529664,0.08337787279529664,0.08337787279529664,0.08337787279529664,0.08337787279529664,0.08337787279529664,0.0,3.580725556028248,0.7251405566930771,20.009008547008552,34.96376923076926,22.65162393162393,79.27863247863247,5.645161290322581,1341.0,5.0,28.0,234.0,151.0,0.11580509211498355,35.8995785556449,0.016129032258064516,0.03870967741935484,0.016129032258064516,0.012903225806451613,0.016129032258064516,0.0064516129032258064,0.0,0.08387096774193549,0.0967741935483871,0.0032258064516129032,0.012903225806451613,0.1870967741935484,0.22580645161290322,0.0,0.025806451612903226,0.04838709677419355,0.016129032258064516,0.43262224689491885,0.0786011566915504,0.010362694300518135,0.0,0.6452991452991453,15.2,0.5507371624310812,46.8,41.0,25.506077707087776,15.381575749822971,1.4700854700854702,1.0,1.1772243871293737,0.0,7.153846153846154,5.0,8.229211450955463,0.010689470871191877,0.02244788882950294,0.014430785676109033
Gson-5.json,Defects4J,0.774995744228363,0.7721073428789774,0.7683387398719788,0.30765366554260254,1.143956184387207,0.6063829787234043,39.555,50.96095238095239,0.0,2.709695587636764,1.9257777134997582,282.0,0.08773234200743495,0.2728624535315985,0.4163568773234201,0.30185873605947955,0.30185873605947955,0.2728624535315985,0.2728624535315985,0.0,6.984875770644271,0.6220088763848731,20.140238095238093,-30.631071428571374,15.438095238095238,58.11904761904761,9.095744680851064,2405.0,20.0,58.0,210.0,109.0,3.8303979443192535,1080.1722202980295,0.028368794326241134,0.09929078014184398,0.010638297872340425,0.01773049645390071,0.0070921985815602835,0.010638297872340425,0.0,0.09574468085106383,0.08156028368794327,0.02127659574468085,0.028368794326241134,0.12411347517730496,0.23404255319148937,0.0070921985815602835,0.010638297872340425,0.08156028368794327,0.0425531914893617,0.4907969427087074,0.09709730986300288,0.0,0.03333333333333333,0.5190476190476191,5.0,0.6349885471993022,10.5,8.0,9.510520490488416,12.941063947141263,2.6809523809523808,1.0,3.7667870668855485,0.021739130434782608,11.833333333333334,6.0,16.771456288341394,0.07360594795539034,0.06691449814126393,0.08327137546468401
Closure-82.json,Defects4J,0.8244315981864929,0.8194592595100403,0.8154457211494446,1.0,0.9932227730751038,0.8333333333333334,5.905000000000001,9.646666666666668,0.0,1.3333333333333333,0.0,6.0,0.0,0.0,0.0,0.0,0.0,0.0,0.0,0.0,0.05298664906710747,,6.416666666666668,59.745000000000005,9.066666666666666,22.666666666666664,5.166666666666667,31.0,1.0,1.0,6.0,6.0,0.17573592793231638,1.0544155675938982,0.0,0.0,0.0,0.0,0.0,0.16666666666666666,0.0,0.16666666666666666,0.0,0.0,0.0,0.3333333333333333,0.0,0.0,0.0,0.16666666666666666,0.0,0.6666666666666666,0.0,0.0,0.0,1.0,1.0,,6.0,6.0,0.0,,1.6666666666666667,1.5,0.7453559924999299,0.0,5.166666666666667,5.0,3.0230595245361758,0.0,0.0,0.0
Jsoup-15.json,Defects4J,0.7761021852493286,0.7751171191533407,0.7738390564918518,0.3566560447216034,1.2384518384933472,0.5096618357487923,16.671812705366925,11.946265060240961,0.0,4.833099747266153,4.615885160801024,414.0,0.04122674710910005,0.17496229260935142,0.2212166918049271,0.20613373554550024,0.17496229260935142,0.17496229260935142,0.17496229260935142,0.0,5.076481856843011,0.5636129379272461,12.245969331872946,61.02214129244251,15.566703176341731,52.47097480832421,4.388888888888889,1670.0,11.0,49.0,332.0,138.0,0.38697928404588816,160.2094235949977,0.033816425120772944,0.01932367149758454,0.00966183574879227,0.016908212560386472,0.012077294685990338,0.021739130434782608,0.0,0.16908212560386474,0.01932367149758454,0.004830917874396135,0.01932367149758454,0.06521739130434782,0.19082125603864733,0.00966183574879227,0.016908212560386472,0.08454106280193237,0.18115942028985507,0.44581982562750694,0.12275651356114226,0.0,0.0,0.41566265060240964,6.7272727272727275,0.4764957095806797,30.181818181818183,22.0,26.180555525108815,12.40481918309499,1.3614457831325302,1.0,0.8477939232013625,0.013888888888888888,4.885542168674699,4.0,4.895181612494692,0.012066365007541479,0.012066365007541479,0.038210155857214684
Cli-10.json,Defects4J,0.7663878798484802,0.7659996747970581,0.7654246687889099,0.23120982944965363,1.158266305923462,0.5024154589371981,23.226460423634336,23.208428093645484,0.0,3.492919759423771,1.9800743535222127,414.0,0.0820280296784831,0.15416323165704865,0.26133553173948887,0.2056883759274526,0.18549051937345423,0.18549051937345423,0.15416323165704865,0.036685902720527616,5.254121475159366,0.7026717622171749,13.03117892976589,46.01481744704574,15.986733556298777,59.69927536231884,5.466183574879227,1936.0,12.0,44.0,299.0,155.0,0.4622060467599179,191.353303358606,0.04830917874396135,0.014492753623188406,0.0024154589371980675,0.012077294685990338,0.004830917874396135,0.03140096618357488,0.0024154589371980675,0.14009661835748793,0.03140096618357488,0.012077294685990338,0.00966183574879227,0.13768115942028986,0.23671497584541062,0.007246376811594203,0.014492753623188406,0.0821256038647343,0.033816425120772944,0.4709151855743993,0.04693447819853589,0.0,0.0,0.5183946488294314,8.666666666666666,0.5618637379258871,24.916666666666668,21.5,19.12876687667614,14.191785591663535,1.6020066889632107,1.0,1.1327280769347636,0.0,6.8361204013377925,5.0,6.699216222230215,0.010717230008244023,0.00741962077493817,0.01236603462489695
JacksonDatabind-23.json,Defects4J,0.8164232969284058,0.8131837248802185,0.8092042803764343,0.15937095880508423,1.1414836645126343,0.7684210526315789,22.30177215189873,27.059240506329107,0.0,2.9426474110684633,0.1891042191355996,95.0,0.0,0.0,0.11420204978038068,0.11420204978038068,0.11420204978038068,0.0,0.0,0.0,1.781866356496629,0.27924252953380346,14.022632911392403,22.668886075949388,15.940253164556964,62.63544303797468,6.494736842105263,617.0,5.0,19.0,79.0,70.0,0.06253614714489193,5.9409339787647335,0.05263157894736842,0.05263157894736842,0.031578947368421054,0.021052631578947368,0.021052631578947368,0.0,0.0,0.17894736842105263,0.08421052631578947,0.031578947368421054,0.010526315789473684,0.17894736842105263,0.14736842105263157,0.031578947368421054,0.021052631578947368,0.10526315789473684,0.0,0.44510869247711354,0.07000221533078836,0.0,0.0,0.8860759493670886,7.4,0.052010707246760525,15.8,13.0,4.354308211415448,14.265292616868656,1.9873417721518987,1.0,1.4711888836220393,0.039473684210526314,7.6075949367088604,6.0,6.315377498601947,0.0,0.0,0.0
Closure-113.json,Defects4J,0.8244315981864929,0.8194592595100403,0.8154457211494446,1.0,0.9932227730751038,0.8333333333333334,5.905000000000001,9.646666666666668,0.0,1.3333333333333333,0.0,6.0,0.0,0.0,0.0,0.0,0.0,0.0,0.0,0.0,0.05298664906710747,,6.416666666666668,59.745000000000005,9.066666666666666,22.666666666666664,5.166666666666667,31.0,1.0,1.0,6.0,6.0,0.17573592793231638,1.0544155675938982,0.0,0.0,0.0,0.0,0.0,0.16666666666666666,0.0,0.16666666666666666,0.0,0.0,0.0,0.3333333333333333,0.0,0.0,0.0,0.16666666666666666,0.0,0.6666666666666666,0.0,0.0,0.0,1.0,1.0,,6.0,6.0,0.0,,1.6666666666666667,1.5,0.7453559924999299,0.0,5.166666666666667,5.0,3.0230595245361758,0.0,0.0,0.0
Closure-164.json,Defects4J,0.8244315981864929,0.8194592595100403,0.8154457211494446,1.0,0.9932227730751038,0.8333333333333334,5.905000000000001,9.646666666666668,0.0,1.3333333333333333,0.0,6.0,0.0,0.0,0.0,0.0,0.0,0.0,0.0,0.0,0.05298664906710747,,6.416666666666668,59.745000000000005,9.066666666666666,22.666666666666664,5.166666666666667,31.0,1.0,1.0,6.0,6.0,0.17573592793231638,1.0544155675938982,0.0,0.0,0.0,0.0,0.0,0.16666666666666666,0.0,0.16666666666666666,0.0,0.0,0.0,0.3333333333333333,0.0,0.0,0.0,0.16666666666666666,0.0,0.6666666666666666,0.0,0.0,0.0,1.0,1.0,,6.0,6.0,0.0,,1.6666666666666667,1.5,0.7453559924999299,0.0,5.166666666666667,5.0,3.0230595245361758,0.0,0.0,0.0
JacksonDatabind-54.json,Defects4J,0.7819976210594177,0.7806137800216675,0.7792529463768005,0.20972216129302979,1.187291145324707,0.625,19.622133333333338,23.27039999999999,0.0,2.5809728170193287,1.313592271715701,200.0,0.0,0.0,0.09841534612176814,0.07673060884070058,0.07673060884070058,0.07673060884070058,0.07673060884070058,0.0,3.947451185222008,0.30020206421613693,12.858000000000004,32.562333333333356,13.866666666666669,53.33333333333333,5.46,1028.0,9.0,45.0,150.0,109.0,0.25901580879519936,51.803161759039874,0.07,0.035,0.015,0.03,0.015,0.03,0.0,0.14,0.05,0.015,0.045,0.105,0.245,0.02,0.01,0.07,0.01,0.45578007264053777,0.07139009317459614,0.0,0.0,0.7266666666666667,6.111111111111111,0.29319222484316143,16.666666666666668,9.0,17.074997966487594,13.023866798666859,1.86,1.0,1.8148645495830626,0.015267175572519083,6.946666666666666,4.0,7.879751829143409,0.011676396997497914,0.045871559633027525,0.010008340283569641
JxPath-17.json,Defects4J,0.7272557020187378,0.7252147396405538,0.722587525844574,0.3155703544616699,1.1756196022033691,0.44607843137254904,35.59175324675324,30.58571428571428,0.0,3.665625,2.3010144455903787,204.0,0.07390983000739099,0.0,0.12564671101256467,0.07095343680709534,0.0,0.0,0.0,0.0014781966001478197,1.9226330631778696,0.6993510127067566,16.97175324675325,41.956201298701316,20.335064935064935,76.81168831168831,6.362745098039215,844.0,4.0,16.0,154.0,113.0,0.03352422622336806,6.8389421495670835,0.03431372549019608,0.029411764705882353,0.004901960784313725,0.014705882352941176,0.0,0.00980392156862745,0.0,0.09803921568627451,0.06862745098039216,0.00980392156862745,0.0,0.16176470588235295,0.19607843137254902,0.00980392156862745,0.024509803921568627,0.058823529411764705,0.024509803921568627,0.5300986842105263,0.1277932537494465,0.0,0.0,0.7337662337662337,14.75,0.6773561835289001,38.5,40.0,24.088378940891808,15.579741850924794,1.4870129870129871,1.0,0.9884857433298685,0.0,8.019480519480519,5.0,8.951145017970461,0.0066518847006651885,0.0,0.0
Jsoup-62.json,Defects4J,0.7899271249771118,0.7864287296930949,0.7837212681770325,0.15255077183246613,1.1645792722702026,0.5491329479768786,40.63854166666667,16.333055555555557,0.0,7.72107152720243,3.2985363159348244,173.0,0.0,0.1414364640883978,0.20773480662983426,0.1414364640883978,0.1414364640883978,0.1414364640883978,0.1414364640883978,0.0,2.0202390144718425,0.8077130913734436,32.48444444444445,-9.594999999999999,34.91111111111111,100.47222222222223,4.786127167630058,820.0,2.0,21.0,144.0,79.0,0.043584548657549585,7.540126917756078,0.04046242774566474,0.028901734104046242,0.0,0.023121387283236993,0.005780346820809248,0.005780346820809248,0.0,0.11560693641618497,0.028901734104046242,0.0,0.023121387283236993,0.16184971098265896,0.16184971098265896,0.023121387283236993,0.011560693641618497,0.06358381502890173,0.18497109826589594,0.4171499585749793,0.005385252692626352,0.0,0.0,0.5486111111111112,20.5,,72.0,72.0,15.0,,1.6944444444444444,1.0,1.5823583742917904,0.016260162601626018,5.534722222222222,3.0,6.85556667003421,0.02430939226519337,0.026519337016574586,0.08397790055248619
Math-89.json,Defects4J,0.727141261100769,0.7228162884712219,0.719602108001709,0.3259572684764862,1.1861158609390259,0.6985743380855397,22.253461939520335,19.401654501216544,0.0,3.0089160335751743,1.0106261431584675,491.0,0.07378174330816746,0.0,0.050102951269732326,0.0,0.0,0.0,0.0,0.045298558682223745,10.887045026252313,0.40982084090893084,12.827168925964546,55.38640510948909,16.025095585679527,55.634515119916585,5.3319755600814664,2079.0,14.0,164.0,411.0,213.0,108.91860917152127,53479.03710321694,0.054989816700611,0.05091649694501019,0.03665987780040733,0.05295315682281059,0.020366598778004074,0.06313645621181263,0.0,0.1364562118126273,0.026476578411405296,0.026476578411405296,0.048879837067209775,0.0855397148676171,0.1384928716904277,0.018329938900203666,0.012219959266802444,0.10386965376782077,0.008146639511201629,0.44410069156392123,0.06818200726937208,0.0,0.0,0.5182481751824818,7.714285714285714,0.3298203779074053,29.357142857142858,25.5,20.172850010621215,13.25671669890799,1.437956204379562,1.0,0.8922045241556404,0.0,6.158150851581508,4.0,7.046374055846597,0.0068634179821551134,0.0030885380919698007,0.0
Lang-24.json,Defects4J,0.7270634770393372,0.7231165965398153,0.720940113067627,0.24563919007778168,1.208914041519165,0.41422594142259417,36.197823529411764,28.917882352941174,0.0,5.657041587592435,4.530331542940961,239.0,0.149519890260631,0.23045267489711935,0.2962962962962963,0.2962962962962963,0.23045267489711935,0.23045267489711935,0.23045267489711935,0.0,2.3965815853843795,0.5334463914235433,17.435588235294116,45.75514705882357,21.0,78.38235294117646,5.7907949790794975,851.0,4.0,24.0,170.0,103.0,0.04596468169896017,10.98555892605148,0.012552301255230125,0.012552301255230125,0.0041841004184100415,0.016736401673640166,0.016736401673640166,0.02510460251046025,0.0,0.14644351464435146,0.03765690376569038,0.016736401673640166,0.0,0.17154811715481172,0.20502092050209206,0.012552301255230125,0.02510460251046025,0.0502092050209205,0.029288702928870293,0.48454175119429355,0.05680682779072805,0.0,0.0,0.6058823529411764,15.25,0.6271174401044846,42.5,31.0,37.646380968162134,14.90622815163357,1.3941176470588235,1.0,0.9474241166169483,0.0,7.723529411764706,5.0,8.786355023675979,0.02194787379972565,0.027434842249657063,0.03017832647462277
Csv-8.json,Defects4J,0.7238156795501709,0.7216695547103882,0.7196768522262573,0.2919490933418274,1.1794781684875488,0.5699481865284974,31.61609756097561,29.04682926829268,0.0,3.6592479012881745,0.9793121984430476,193.0,0.10901162790697674,0.0,0.07267441860465117,0.0,0.0,0.0,0.0,0.04796511627906977,1.785017154039687,0.4992366451770067,13.678829268292684,55.41251219512198,17.022439024390245,69.99512195121952,6.761658031088083,858.0,5.0,36.0,164.0,121.0,0.030879182276323146,5.959682179330367,0.02072538860103627,0.025906735751295335,0.010362694300518135,0.05699481865284974,0.0,0.025906735751295335,0.0,0.10880829015544041,0.04145077720207254,0.0051813471502590676,0.02072538860103627,0.18652849740932642,0.09844559585492228,0.02072538860103627,0.03626943005181347,0.08808290155440414,0.02072538860103627,0.45500604497118,0.08985764871495831,0.0,0.0,0.7378048780487805,12.2,0.3188985424737136,32.8,38.0,10.419213022104884,13.348371206891418,1.396341463414634,1.0,0.7293406848807,0.0,7.780487804878049,5.0,8.846970530465468,0.006540697674418605,0.006540697674418605,0.0
Mockito-1.json,Defects4J,0.8025451302528381,0.8005310893058777,0.7989789843559265,0.2778850793838501,1.1366653442382812,0.875,54.345333333333336,50.05155555555555,0.0,4.291666666666667,0.0,48.0,0.0,0.0,0.0,0.0,0.0,0.0,0.0,0.0,0.46255289240258846,,35.78666666666666,-81.35999999999996,28.66666666666667,93.88888888888889,10.666666666666666,512.0,1.0,10.0,45.0,39.0,0.03308589836962555,1.5881231217420262,0.0625,0.08333333333333333,0.10416666666666667,0.0,0.020833333333333332,0.020833333333333332,0.0,0.125,0.125,0.0,0.0,0.22916666666666666,0.041666666666666664,0.0,0.020833333333333332,0.125,0.0,0.5416666666666666,0.0,0.0,0.0,0.8666666666666667,22.0,,45.0,45.0,0.0,,2.8666666666666667,2.0,4.745055906473131,0.046511627906976744,11.311111111111112,6.0,20.316191924693655,0.0,0.0,0.0
Math-66.json,Defects4J,0.7499187588691711,0.7462951938311259,0.740580141544342,0.2689334452152252,1.175742506980896,0.5774058577405857,25.087826086956525,26.629565217391306,0.0,3.0352595321345324,0.9111627778329467,239.0,0.07958251793868232,0.0,0.0,0.0,0.0,0.0,0.0,0.023483365949119372,4.615036096997593,0.5366740375757217,11.080000000000002,56.59000000000002,13.765217391304347,56.15217391304348,5.97907949790795,1026.0,8.0,52.0,184.0,130.0,0.4225584684338009,100.99147395567842,0.02092050209205021,0.058577405857740586,0.0041841004184100415,0.02092050209205021,0.0041841004184100415,0.0502092050209205,0.0,0.11715481171548117,0.04184100418410042,0.016736401673640166,0.03347280334728033,0.1589958158995816,0.1799163179916318,0.012552301255230125,0.029288702928870293,0.07112970711297072,0.012552301255230125,0.4584028903007562,0.09950286814421153,0.0,0.0,0.7065217391304348,7.625,0.2480379535506169,23.0,19.5,13.0,12.38480682065935,1.5,1.0,1.037346112212187,0.0,7.434782608695652,5.0,8.030247637940818,0.029354207436399216,0.03131115459882583,0.0
Collections-6.json,Defects4J,0.7463337182998657,0.7436116735140482,0.7412698864936829,0.24893954396247864,1.1673667430877686,0.4266666666666667,41.63763636363637,28.06472727272727,0.0,5.2179894179894175,2.3563909809813848,225.0,0.04892086330935252,0.0,0.08992805755395683,0.07266187050359713,0.04316546762589928,0.04316546762589928,0.0,0.0014388489208633094,2.057516852118071,0.7785021662712097,22.594545454545457,31.03181818181821,25.151515151515152,90.75757575757575,5.804444444444444,903.0,3.0,16.0,165.0,116.0,0.03478449456093172,7.826511276209636,0.04,0.017777777777777778,0.0,0.013333333333333334,0.0,0.017777777777777778,0.0,0.057777777777777775,0.09777777777777778,0.0044444444444444444,0.0044444444444444444,0.21777777777777776,0.2311111111111111,0.008888888888888889,0.035555555555555556,0.04,0.013333333333333334,0.4611111111111111,0.03424674446093875,0.0,0.0,0.703030303030303,19.666666666666668,0.8426628112792969,55.0,68.0,19.096247449870006,15.021129683784007,1.4181818181818182,1.0,1.1550821944922611,0.0,7.551515151515152,5.0,8.765224718795437,0.039568345323741004,0.04316546762589928,0.030215827338129497
Closure-133.json,Defects4J,0.8244315981864929,0.8194592595100403,0.8154457211494446,1.0,0.9932227730751038,0.8333333333333334,5.905000000000001,9.646666666666668,0.0,1.3333333333333333,0.0,6.0,0.0,0.0,0.0,0.0,0.0,0.0,0.0,0.0,0.05298664906710747,,6.416666666666668,59.745000000000005,9.066666666666666,22.666666666666664,5.166666666666667,31.0,1.0,1.0,6.0,6.0,0.17573592793231638,1.0544155675938982,0.0,0.0,0.0,0.0,0.0,0.16666666666666666,0.0,0.16666666666666666,0.0,0.0,0.0,0.3333333333333333,0.0,0.0,0.0,0.16666666666666666,0.0,0.6666666666666666,0.0,0.0,0.0,1.0,1.0,,6.0,6.0,0.0,,1.6666666666666667,1.5,0.7453559924999299,0.0,5.166666666666667,5.0,3.0230595245361758,0.0,0.0,0.0
JacksonCore-22.json,Defects4J,0.803806722164154,0.8022348284721375,0.7999496459960938,0.1906152218580246,1.2061265707015991,0.8333333333333334,29.235361445783134,33.07228915662651,0.0,3.161463536463536,0.9419415803551489,96.0,0.0,0.0,0.052434456928838954,0.0,0.0,0.0,0.0,0.0,2.1744977108259764,0.04915667076905569,19.0880421686747,-4.831069277108412,17.93855421686747,60.50903614457831,7.53125,723.0,4.0,32.0,83.0,69.0,0.09164338531331423,8.797764990078166,0.07291666666666667,0.07291666666666667,0.03125,0.0625,0.010416666666666666,0.0625,0.0,0.15625,0.07291666666666667,0.010416666666666666,0.052083333333333336,0.125,0.09375,0.03125,0.010416666666666666,0.09375,0.020833333333333332,0.4204701548451548,0.06703265378305415,0.0,0.0,0.8313253012048193,8.25,0.23498151823878288,20.75,13.5,15.368392889303683,15.903189008614273,2.253012048192771,1.0,2.5070665116487727,0.024691358024691357,8.55421686746988,5.0,12.303641357409752,0.04119850187265917,0.0,0.0
Jsoup-35.json,Defects4J,0.7895937561988831,0.78656933705012,0.7846737504005432,0.17006580531597137,1.1978236436843872,0.5852272727272727,25.509999999999998,16.789135802469136,0.0,4.9555097053484145,1.7254505515023815,176.0,0.07439613526570048,0.2028985507246377,0.2028985507246377,0.2028985507246377,0.2028985507246377,0.2028985507246377,0.2028985507246377,0.0,1.8002664822397278,0.5942001044750214,18.706234567901237,33.083055555555575,21.6320987654321,67.6604938271605,5.4375,943.0,4.0,28.0,162.0,78.0,0.034382157970676494,6.051259802839063,0.03977272727272727,0.028409090909090908,0.005681818181818182,0.017045454545454544,0.011363636363636364,0.045454545454545456,0.0,0.14772727272727273,0.028409090909090908,0.0,0.028409090909090908,0.13636363636363635,0.06818181818181818,0.005681818181818182,0.011363636363636364,0.06818181818181818,0.2215909090909091,0.4817588325652842,0.04637126589670489,0.0,0.0,0.48148148148148145,11.0,0.4110890179872513,40.5,43.5,12.459935794377111,16.52667757954773,1.5679012345679013,1.0,1.6173310708431115,0.014388489208633094,5.666666666666667,3.0,9.301533127313933,0.017391304347826087,0.02318840579710145,0.0
Cli-30.json,Defects4J,0.7443308234214783,0.7417160272598267,0.7401144504547119,0.1871989667415619,1.184587836265564,0.5887850467289719,24.74068965517241,22.71724137931034,0.0,2.988497882046269,0.7135727389022158,214.0,0.05118411000763942,0.0,0.06722689075630252,0.06722689075630252,0.06722689075630252,0.0,0.0,0.0,3.317742058852156,0.4774939864873886,12.267126436781613,58.765517241379314,14.818390804597701,64.05747126436782,5.654205607476635,883.0,6.0,44.0,174.0,114.0,0.12896245594460523,27.597965572145522,0.004672897196261682,0.03271028037383177,0.004672897196261682,0.037383177570093455,0.028037383177570093,0.07009345794392523,0.0,0.1542056074766355,0.0514018691588785,0.009345794392523364,0.009345794392523364,0.14485981308411214,0.14953271028037382,0.009345794392523364,0.028037383177570093,0.07476635514018691,0.014018691588785047,0.466023425499232,0.05878091920712672,0.0,0.0,0.6551724137931034,10.166666666666666,0.3144317530095577,29.0,31.5,10.677078252031311,11.855464076750408,1.4022988505747127,1.0,0.7265058893361142,0.0,6.724137931034483,5.0,7.218573831781668,0.025210084033613446,0.04354469060351413,0.016042780748663103
JacksonDatabind-110.json,Defects4J,0.7868789434432983,0.7865352034568787,0.7862575054168701,0.21680904924869537,1.1930924654006958,0.667574931880109,32.88235559566787,29.53602888086643,0.0,4.08532303458271,2.548400567976091,367.0,0.027588964414234307,0.055977608956417436,0.11235505797680928,0.09796081567373051,0.093562574970012,0.093562574970012,0.093562574970012,0.0,8.18483151576881,0.416415984077113,23.302919675090255,-10.336811823104654,22.947472924187725,70.36507220216606,6.209809264305177,2248.0,8.0,95.0,277.0,180.0,9.771496894874247,3586.139360418849,0.05994550408719346,0.05722070844686648,0.06267029972752043,0.043596730245231606,0.01634877384196185,0.04904632152588556,0.0,0.13896457765667575,0.02997275204359673,0.01907356948228883,0.027247956403269755,0.1008174386920981,0.23160762942779292,0.005449591280653951,0.008174386920980926,0.08174386920980926,0.010899182561307902,0.3688204448070428,0.06591303433954679,0.0,0.0,0.6498194945848376,12.375,0.3867056096593539,34.625,26.5,31.491814412637453,19.16045447334379,2.151624548736462,1.0,2.2203780282371346,0.011583011583011582,7.855595667870036,5.0,9.134815343507565,0.006397441023590564,0.013994402239104359,0.0
Math-31.json,Defects4J,0.7429417967796326,0.7414009769757589,0.7393514513969421,0.16282202303409576,1.2244353294372559,0.5726495726495726,27.285309278350518,31.38123711340206,0.0,2.645133241105108,0.520565616348866,234.0,0.04914285714285714,0.0,0.04228571428571429,0.04228571428571429,0.04228571428571429,0.0,0.0,0.0,3.6775431894010904,0.46480096379915875,12.595587628865978,39.31204123711342,13.32701030927835,53.9360824742268,7.051282051282051,1218.0,10.0,42.0,194.0,135.0,0.16901329036187204,39.54910994467806,0.02564102564102564,0.042735042735042736,0.0,0.038461538461538464,0.004273504273504274,0.038461538461538464,0.0,0.11965811965811966,0.05555555555555555,0.01282051282051282,0.017094017094017096,0.18376068376068377,0.1282051282051282,0.017094017094017096,0.029914529914529916,0.07264957264957266,0.008547008547008548,0.4481007708317911,0.07005411636493739,0.0,0.0,0.6958762886597938,6.7,0.2300690971314907,19.4,14.0,12.963024338479043,12.516099999999998,1.7474226804123711,1.0,1.8143524466659482,0.0,8.283505154639176,5.0,9.41467576035701,0.005142857142857143,0.005142857142857143,0.0
Closure-125.json,Defects4J,0.8244315981864929,0.8194592595100403,0.8154457211494446,1.0,0.9932227730751038,0.8333333333333334,5.905000000000001,9.646666666666668,0.0,1.3333333333333333,0.0,6.0,0.0,0.0,0.0,0.0,0.0,0.0,0.0,0.0,0.05298664906710747,,6.416666666666668,59.745000000000005,9.066666666666666,22.666666666666664,5.166666666666667,31.0,1.0,1.0,6.0,6.0,0.17573592793231638,1.0544155675938982,0.0,0.0,0.0,0.0,0.0,0.16666666666666666,0.0,0.16666666666666666,0.0,0.0,0.0,0.3333333333333333,0.0,0.0,0.0,0.16666666666666666,0.0,0.6666666666666666,0.0,0.0,0.0,1.0,1.0,,6.0,6.0,0.0,,1.6666666666666667,1.5,0.7453559924999299,0.0,5.166666666666667,5.0,3.0230595245361758,0.0,0.0,0.0
JacksonDatabind-15.json,Defects4J,0.764798104763031,0.7627020478248596,0.7607566118240356,0.1973467916250229,1.1721915006637573,0.5771428571428572,35.14207089552239,36.99186567164179,0.0,4.1547226066109,3.3074216681204196,700.0,0.049343929033450376,0.18185178340417668,0.32378488264646094,0.23710959157272224,0.2056921086675291,0.2056921086675291,0.20070227314729255,0.0,9.898179107366182,0.5684642446668524,22.35864179104478,-17.503940298507445,19.376716417910448,66.72537313432835,7.257142857142857,4603.0,20.0,99.0,536.0,205.0,28.42016056361522,19894.112394530654,0.06285714285714286,0.05142857142857143,0.008571428571428572,0.011428571428571429,0.01,0.02,0.0,0.19714285714285715,0.02142857142857143,0.008571428571428572,0.014285714285714285,0.12428571428571429,0.24142857142857144,0.007142857142857143,0.004285714285714286,0.06142857142857143,0.03428571428571429,0.449591459731856,0.0823414939476645,0.0,0.010309278350515464,0.3824626865671642,10.7,0.5075012302647034,26.8,20.5,17.90977386791916,16.887214914478655,2.330223880597015,1.0,2.973311126396814,0.004434589800443459,9.166044776119403,6.0,12.958330318938142,0.024025133986324155,0.018296063574200702,0.016817593790426907
Compress-28.json,Defects4J,0.749647319316864,0.7472001711527506,0.7442272901535034,0.19569450616836548,1.199821949005127,0.46179401993355484,29.279164952694366,33.49158371040723,0.0,4.192455568581443,2.4097605775767037,301.0,0.03190476190476191,0.0,0.07904761904761905,0.07904761904761905,0.07904761904761905,0.03619047619047619,0.0,0.0009523809523809524,3.0517651825019954,0.6643306463956833,11.573961332784865,47.867161661867556,14.009214315096669,63.52982311805842,6.6112956810631225,1547.0,11.0,24.0,221.0,156.0,0.07027458396920198,21.152649774729795,0.026578073089700997,0.036544850498338874,0.009966777408637873,0.006644518272425249,0.0033222591362126247,0.016611295681063124,0.0,0.12956810631229235,0.046511627906976744,0.006644518272425249,0.006644518272425249,0.16611295681063123,0.2292358803986711,0.009966777408637873,0.036544850498338874,0.06312292358803986,0.016611295681063124,0.42116781712689394,0.06084715816482132,0.0,0.0,0.7058823529411765,8.727272727272727,0.5797295487589307,20.09090909090909,15.0,17.941594869082316,13.023866798666859,1.6380090497737556,1.0,1.2710503085228098,0.0,8.633484162895927,6.0,8.78689692348026,0.008571428571428572,0.02142857142857143,0.0
Cli-26.json,Defects4J,0.7433138489723206,0.7409891883532206,0.7396570444107056,0.17925739288330078,1.1421459913253784,0.5573770491803278,26.968235294117648,27.54274509803921,0.0,2.551797385620915,1.3537181825185158,183.0,0.052964426877470355,0.0,0.07588932806324111,0.07588932806324111,0.0,0.0,0.0,0.0,1.9943476615546483,0.5477994292974472,12.09356209150327,53.776029411764725,14.644444444444446,60.794117647058826,6.491803278688525,861.0,6.0,29.0,153.0,117.0,0.04014977304484059,7.347408467205828,0.01092896174863388,0.04918032786885246,0.00546448087431694,0.01639344262295082,0.00546448087431694,0.03825136612021858,0.0,0.11475409836065574,0.06557377049180328,0.01639344262295082,0.01092896174863388,0.21311475409836064,0.11475409836065574,0.00546448087431694,0.03825136612021858,0.07103825136612021,0.01639344262295082,0.42930221330956625,0.19238941436443618,0.0,0.0,0.7647058823529411,9.0,0.28183590341359377,25.5,22.0,16.72074559741082,12.745084868956482,1.5032679738562091,1.0,1.1383061777631727,0.0,7.568627450980392,5.0,8.408496096974845,0.022134387351778657,0.0071146245059288534,0.0
Jsoup-23.json,Defects4J,0.7784971594810486,0.7781655192375183,0.7778322696685791,0.30054837465286255,1.1574651002883911,0.6566523605150214,40.849981884057975,23.183695652173913,0.0,5.221564238230905,3.2436984176247736,233.0,0.0006978367062107466,0.06978367062107467,0.09071877180739707,0.06978367062107467,0.06978367062107467,0.06978367062107467,0.06978367062107467,0.0,4.137503928542531,0.42717237770557404,28.723478260869566,-1.6292028985506875,30.620289855072464,87.96376811594203,5.510729613733906,1243.0,3.0,65.0,184.0,116.0,0.2688680540727419,62.64625659894886,0.04291845493562232,0.07296137339055794,0.012875536480686695,0.055793991416309016,0.02145922746781116,0.05150214592274678,0.0,0.17167381974248927,0.034334763948497854,0.012875536480686695,0.02575107296137339,0.13304721030042918,0.21030042918454936,0.0,0.004291845493562232,0.055793991416309016,0.012875536480686695,0.46098222764889435,0.033101259668295226,0.0,0.0,0.6304347826086957,16.333333333333332,0.5252121090888977,61.333333333333336,48.0,29.31817790306136,20.581828153500815,1.7282608695652173,1.0,1.434082503763031,0.012121212121212121,6.711956521739131,4.0,7.993793005001149,0.011165387299371946,0.024424284717376135,0.01674808094905792
JacksonDatabind-106.json,Defects4J,0.7718843817710876,0.7711819609006246,0.7698667049407959,0.26773950457572937,1.1853500604629517,0.4701857282502444,21.978536789297657,19.038284023668634,0.0,3.8638379737819784,4.037597829827426,1023.0,0.18993041342611544,0.2546049938600082,0.33851821530904624,0.3248055669259108,0.3198935734752354,0.30843225542365943,0.2906262791649611,0.0,18.355731221277026,0.37116838195784524,18.966395677900696,11.432116027784957,18.20622588114227,56.462310264985845,4.374389051808406,4354.0,23.0,167.0,676.0,263.0,91604.57138121272,93711476.52298062,0.03714565004887586,0.03812316715542522,0.019550342130987292,0.019550342130987292,0.011730205278592375,0.028347996089931573,0.006842619745845552,0.16911045943304007,0.05474095796676442,0.010752688172043012,0.022482893450635387,0.03812316715542522,0.31671554252199413,0.009775171065493646,0.005865102639296188,0.05767350928641251,0.016617790811339198,0.44041765134312455,0.09708801187262618,0.0091324200913242,0.0,0.3890532544378698,7.956521739130435,0.32195800199129043,29.391304347826086,19.0,48.85269707336694,15.56548810629657,1.9571005917159763,1.0,4.1384608087574,0.005545286506469501,6.096153846153846,4.0,7.996000294525956,0.013507981989357348,0.019647973802701595,0.026197298403602128
Compress-7.json,Defects4J,0.7370806336402893,0.7329025467236837,0.7307075262069702,0.30827924609184265,1.188707947731018,0.48132780082987553,42.63999999999999,34.52344086021505,0.0,5.521703178694159,3.0873100916856244,241.0,0.050314465408805034,0.0,0.048027444253859346,0.0,0.0,0.0,0.0,0.0011435105774728416,2.341441552088663,0.6020639141400655,21.069731182795696,26.824596774193566,24.191397849462366,86.82258064516128,6.91701244813278,1279.0,4.0,24.0,186.0,131.0,0.043137810986088924,10.39621244764743,0.024896265560165973,0.03319502074688797,0.008298755186721992,0.008298755186721992,0.0,0.029045643153526972,0.004149377593360996,0.1037344398340249,0.07883817427385892,0.008298755186721992,0.0,0.2157676348547718,0.15767634854771784,0.004149377593360996,0.05394190871369295,0.04149377593360996,0.02074688796680498,0.4546141179839634,0.05428854891199061,0.0,0.0,0.7043010752688172,18.75,0.7116619050502777,46.5,39.0,18.567444627627143,17.693802365651003,1.5698924731182795,1.0,1.3670299763282094,0.0,8.666666666666666,5.0,10.727147085213927,0.024013722126929673,0.005145797598627788,0.0
Lang-65.json,Defects4J,0.7268431186676025,0.721968412399292,0.7182461023330688,0.3190525770187378,1.225711464881897,0.49800796812749004,35.750495049504956,29.634059405940594,0.0,4.2369305694305694,1.728551173423152,251.0,0.06701328711727325,0.0831889081455806,0.12016175621028308,0.12016175621028308,0.12016175621028308,0.12016175621028308,0.0831889081455806,0.002310803004043905,2.4724301152487285,0.522436834871769,17.281841584158418,43.11711881188121,19.724356435643564,76.04356435643564,6.52589641434263,1159.0,5.0,28.0,202.0,141.0,0.0472159828558026,11.851211696806452,0.01593625498007968,0.03187250996015936,0.00398406374501992,0.0199203187250996,0.00398406374501992,0.01195219123505976,0.0,0.12749003984063745,0.08764940239043825,0.00398406374501992,0.00796812749003984,0.19123505976095617,0.13147410358565736,0.00796812749003984,0.04780876494023904,0.07569721115537849,0.02390438247011952,0.468961038961039,0.06423421932178432,0.0,0.0,0.698019801980198,14.4,0.5269534836212794,40.4,40.0,23.954957733212556,13.968273953766033,1.4504950495049505,1.0,0.9850490023872951,0.0,7.851485148514851,5.0,8.982255487121153,0.005199306759098787,0.005199306759098787,0.0
Gson-17.json,Defects4J,0.770922839641571,0.7665543754895529,0.7639725208282471,0.2735186219215393,1.1667144298553467,0.6221719457013575,15.741860983323747,19.14890070921985,0.0,2.251672873994475,0.9214785069212653,1326.0,0.25949685534591194,0.3890566037735849,0.5661635220125786,0.5251572327044025,0.5148427672955975,0.5045283018867924,0.42339622641509433,0.2289308176100629,24.24648883716691,0.45881725722694233,7.395822311673374,69.18810810810814,10.104389495878857,48.75388154111558,5.493966817496229,6466.0,74.0,303.0,1128.0,368.0,25560702.371548146,33893491344.672844,0.03167420814479638,0.04147812971342383,0.023378582202111614,0.03544494720965309,0.011312217194570135,0.05052790346907994,0.03092006033182504,0.1689291101055807,0.05128205128205128,0.016591251885369532,0.029411764705882353,0.07239819004524888,0.12745098039215685,0.01282051282051282,0.013574660633484163,0.10558069381598793,0.003770739064856712,0.4808801656148302,0.07376993913197491,0.005751258087706686,0.002875629043853343,0.3262411347517731,5.108108108108108,0.4171062199812796,15.243243243243244,9.0,13.803457078544168,10.188508242177932,1.4441489361702127,1.0,0.9072605984064633,0.01991150442477876,6.273936170212766,5.0,5.617408488225272,0.004025157232704402,0.00830188679245283,0.012452830188679246
Math-27.json,Defects4J,0.7478110790252686,0.7454460859298706,0.7426660060882568,0.2818925976753235,1.2142820358276367,0.625531914893617,22.58181818181818,25.29050505050505,0.0,2.7696606602471854,1.2826685396830018,235.0,0.05402010050251256,0.0,0.052763819095477386,0.0,0.0,0.0,0.0,0.0,4.268323298870116,0.42586542417605716,9.057252525252526,65.39254545454547,11.354343434343434,51.11313131313132,6.259574468085106,1084.0,10.0,57.0,198.0,129.0,0.30383751357932254,71.4018156911408,0.02553191489361702,0.06382978723404255,0.029787234042553193,0.02127659574468085,0.00851063829787234,0.08936170212765958,0.0,0.11914893617021277,0.05106382978723404,0.00425531914893617,0.00851063829787234,0.17446808510638298,0.12340425531914893,0.00851063829787234,0.029787234042553193,0.06808510638297872,0.01276595744680851,0.444296286167744,0.1671054126705411,0.0,0.0,0.6515151515151515,6.2,0.21048160910140723,19.8,17.0,11.347246362003428,10.577609850970193,1.4343434343434343,1.0,1.0698967774398072,0.0,7.242424242424242,5.0,8.369124242577305,0.005653266331658292,0.005653266331658292,0.0
Mockito-38.json,Defects4J,0.8273728489875793,0.8226843674977621,0.818372368812561,1.0,1.1956604719161987,0.8,3.678000000000001,6.504000000000001,0.0,1.2,0.0,5.0,0.0,0.0,0.0,0.0,0.0,0.0,0.0,0.0,0.05305602573781134,,2.879999999999999,83.32000000000004,10.0,25.0,4.8,24.0,1.0,1.0,5.0,5.0,0.21089774439461811,1.0544887219730905,0.0,0.0,0.0,0.0,0.0,0.2,0.0,0.2,0.0,0.0,0.0,0.2,0.0,0.0,0.0,0.2,0.0,0.6,0.0,0.0,0.0,1.0,1.0,,5.0,5.0,0.0,,1.4,1.0,0.8,0.0,4.8,4.0,3.3105890714493698,0.0,0.0,0.0
JacksonDatabind-42.json,Defects4J,0.782127857208252,0.7806810537974039,0.7781010866165161,0.2989651560783386,1.214573621749878,0.6198830409356725,26.046511627906973,26.21829457364341,0.0,3.9503787878787877,1.0606670557256523,171.0,0.0,0.0,0.0,0.0,0.0,0.0,0.0,0.0,3.2926892941734227,0.6475540101528168,18.620837209302326,7.513116279069806,19.622325581395348,59.133333333333326,5.783625730994152,931.0,5.0,29.0,129.0,83.0,0.15739853314422964,26.91514916766327,0.07017543859649122,0.03508771929824561,0.011695906432748537,0.011695906432748537,0.029239766081871343,0.023391812865497075,0.005847953216374269,0.0935672514619883,0.03508771929824561,0.005847953216374269,0.029239766081871343,0.21052631578947367,0.23976608187134502,0.011695906432748537,0.017543859649122806,0.05847953216374269,0.005847953216374269,0.45035353535353534,0.06684694022166059,0.0,0.0,0.6434108527131783,8.6,0.5761899749437968,25.8,23.0,12.319090875547595,17.122413403193683,2.046511627906977,1.0,1.8546420499885476,0.018018018018018018,7.341085271317829,5.0,7.551883715960904,0.009242144177449169,0.04066543438077634,0.0
Closure-172.json,Defects4J,0.8244315981864929,0.8194592595100403,0.8154457211494446,1.0,0.9932227730751038,0.8333333333333334,5.905000000000001,9.646666666666668,0.0,1.3333333333333333,0.0,6.0,0.0,0.0,0.0,0.0,0.0,0.0,0.0,0.0,0.05298664906710747,,6.416666666666668,59.745000000000005,9.066666666666666,22.666666666666664,5.166666666666667,31.0,1.0,1.0,6.0,6.0,0.17573592793231638,1.0544155675938982,0.0,0.0,0.0,0.0,0.0,0.16666666666666666,0.0,0.16666666666666666,0.0,0.0,0.0,0.3333333333333333,0.0,0.0,0.0,0.16666666666666666,0.0,0.6666666666666666,0.0,0.0,0.0,1.0,1.0,,6.0,6.0,0.0,,1.6666666666666667,1.5,0.7453559924999299,0.0,5.166666666666667,5.0,3.0230595245361758,0.0,0.0,0.0
Time-27.json,Defects4J,0.7952547669410706,0.7925450603167216,0.791179358959198,0.3773268759250641,1.2721244096755981,0.37142857142857144,34.125245901639346,33.546885245901635,0.0,8.052464228934818,4.241653418124007,105.0,0.030612244897959183,0.0,0.07482993197278912,0.07482993197278912,0.07482993197278912,0.0,0.0,0.0,1.7734762163891118,0.9688172936439514,25.321393442622952,-32.155286885245886,28.593442622950818,73.12295081967213,5.390476190476191,566.0,2.0,9.0,61.0,39.0,0.056107592677389816,5.891297231125931,0.02857142857142857,0.02857142857142857,0.0,0.01904761904761905,0.0,0.009523809523809525,0.0,0.10476190476190476,0.08571428571428572,0.009523809523809525,0.009523809523809525,0.06666666666666667,0.41904761904761906,0.0,0.009523809523809525,0.01904761904761905,0.009523809523809525,0.4012321144674086,0.004173290937996843,0.0,0.0,0.639344262295082,13.0,,30.5,30.5,10.5,,2.459016393442623,1.0,2.0848695402185853,0.023809523809523808,8.557377049180328,4.0,9.219588181414778,0.05442176870748299,0.04081632653061224,0.0
Jsoup-74.json,Defects4J,0.783490777015686,0.7828466693560282,0.7820026278495789,0.2429008185863495,1.1920068264007568,0.6628571428571428,26.079473684210534,25.794586466165416,0.0,4.634545526712709,4.143623419647923,175.0,0.0,0.06440071556350627,0.16815742397137745,0.16815742397137745,0.16815742397137745,0.16815742397137745,0.16815742397137745,0.0,2.5853617585485575,0.17768598720431328,15.544902255639098,30.990887218045145,19.361804511278194,65.69774436090225,5.765714285714286,977.0,5.0,38.0,133.0,93.0,0.07581764609235042,13.268088066161324,0.08571428571428572,0.03428571428571429,0.022857142857142857,0.05714285714285714,0.017142857142857144,0.03428571428571429,0.0,0.2,0.017142857142857144,0.005714285714285714,0.02857142857142857,0.08,0.2057142857142857,0.022857142857142857,0.03428571428571429,0.06857142857142857,0.022857142857142857,0.4168198777486703,0.027742425987909113,0.0,0.0,0.6992481203007519,10.4,0.04650630553563436,26.6,17.0,22.294393914165955,16.887214914478655,1.7593984962406015,1.0,1.281155352285377,0.016260162601626018,7.2631578947368425,5.0,7.428754069168129,0.007155635062611807,0.06082289803220036,0.08944543828264759
Collections-25.json,Defects4J,0.7270065546035767,0.7233038942019144,0.7212305665016174,0.16919967532157898,1.1771583557128906,0.5421686746987951,29.47230215827338,29.329208633093526,0.0,2.8028120268224095,0.8789206729870541,166.0,0.07372881355932204,0.0,0.0711864406779661,0.0,0.0,0.0,0.0,0.0,1.8369842270341898,0.5282434374094009,12.569985611510791,54.45684892086331,16.299856115107914,63.77122302158273,6.740963855421687,732.0,5.0,27.0,139.0,103.0,0.037816734551503174,6.277577935549527,0.024096385542168676,0.024096385542168676,0.0,0.04216867469879518,0.0,0.04819277108433735,0.0,0.1144578313253012,0.060240963855421686,0.006024096385542169,0.0,0.18072289156626506,0.1144578313253012,0.012048192771084338,0.03614457831325301,0.08433734939759036,0.018072289156626505,0.48392007354531696,0.06546496889606895,0.0,0.0,0.7410071942446043,10.0,0.4784962981939316,27.8,19.0,17.010584939971935,13.968273953766033,1.4676258992805755,1.0,1.0409055152622297,0.0,7.856115107913669,5.0,8.856620619203781,0.007627118644067797,0.007627118644067797,0.0
Lang-32.json,Defects4J,0.7422376275062561,0.7397574385007223,0.7375457286834717,0.16297172009944916,1.2189546823501587,0.5927835051546392,31.19981481481482,28.765679012345675,0.0,3.5514317042606516,2.42542623256917,194.0,0.0635500365230095,0.0,0.061358655953250546,0.0,0.0,0.0,0.0,0.0,2.8605371691814456,0.47019677609205246,14.673160493827162,47.57122222222225,17.404444444444444,65.73333333333332,6.628865979381444,899.0,5.0,36.0,162.0,120.0,0.09005623324964239,17.470909250430623,0.010309278350515464,0.04639175257731959,0.005154639175257732,0.02577319587628866,0.015463917525773196,0.04639175257731959,0.0,0.17010309278350516,0.041237113402061855,0.010309278350515464,0.010309278350515464,0.16494845360824742,0.12886597938144329,0.005154639175257732,0.030927835051546393,0.07216494845360824,0.015463917525773196,0.48674498746867173,0.052741602017531995,0.0,0.0,0.7407407407407407,10.8,0.32566815117994946,32.4,29.0,25.523322667709234,13.968273953766033,1.4938271604938271,1.0,1.090061237266376,0.0,7.734567901234568,5.0,9.087906229055484,0.006574141709276844,0.006574141709276844,0.0
JacksonCore-2.json,Defects4J,0.8123427629470825,0.8113868633906046,0.8103180527687073,0.11929798871278763,1.1251009702682495,0.8041237113402062,23.05158823529412,25.07388235294118,0.0,2.3110730593607305,0.828044099812148,97.0,0.0,0.17002881844380405,0.17002881844380405,0.17002881844380405,0.17002881844380405,0.17002881844380405,0.17002881844380405,0.0,1.3557902950592284,0.20079157563547292,14.492794117647062,29.00507352941179,15.088235294117647,63.60294117647059,6.422680412371134,623.0,4.0,23.0,85.0,71.0,0.039998205697207086,3.8798259526290875,0.061855670103092786,0.061855670103092786,0.061855670103092786,0.041237113402061855,0.020618556701030927,0.010309278350515464,0.0,0.16494845360824742,0.07216494845360824,0.020618556701030927,0.030927835051546393,0.15463917525773196,0.10309278350515463,0.010309278350515464,0.020618556701030927,0.1134020618556701,0.0,0.4290334855403348,0.06024777029516368,0.0,0.0,0.8352941176470589,9.0,0.2311745099723339,21.25,8.5,23.551804601770964,13.81666964889586,1.8470588235294119,1.0,1.4430839717358683,0.0375,7.188235294117647,6.0,6.627028644160144,0.0,0.0,0.0
Math-70.json,Defects4J,0.7277271151542664,0.7247573335965475,0.7223275303840637,0.24640613794326782,1.241463303565979,0.4904214559386973,34.13509212730319,31.97266331658292,0.0,4.195915891260719,0.5725278636671893,261.0,0.08453837597330367,0.15127919911012236,0.20745272525027808,0.15127919911012236,0.15127919911012236,0.15127919911012236,0.15127919911012236,0.03781979977753059,3.6863631219800115,0.7389281272888184,17.090728643216085,31.603999162479084,18.29179229480737,66.33249581239531,6.547892720306513,1239.0,6.0,15.0,199.0,128.0,0.15287154500780234,39.89947324703641,0.06513409961685823,0.007662835249042145,0.0038314176245210726,0.019157088122605363,0.0,0.011494252873563218,0.0,0.1111111111111111,0.06130268199233716,0.0038314176245210726,0.0038314176245210726,0.19923371647509577,0.20689655172413793,0.0,0.022988505747126436,0.05747126436781609,0.011494252873563218,0.4689670376451985,0.06106225014663061,0.0,0.0,0.6432160804020101,11.0,0.7164576202630997,33.166666666666664,31.5,16.077071319808912,14.790194502661404,1.6733668341708543,1.0,1.668160067607822,0.0,8.27638190954774,5.0,9.614112061366715,0.04004449388209121,0.024471635150166853,0.03337041156840934
JacksonCore-18.json,Defects4J,0.7852908968925476,0.7838979164759318,0.7823103070259094,0.2075519561767578,1.2028706073760986,0.7159090909090909,29.401999999999994,36.32266666666665,0.0,2.7659035869651167,1.6612261022006587,264.0,0.0,0.0,0.0782122905027933,0.0,0.0,0.0,0.0,0.0,6.618454590630157,0.562524766732867,18.242857142857144,-9.012857142857115,15.142857142857146,51.19047619047619,7.553030303030303,1974.0,14.0,76.0,210.0,139.0,2.8363144697500844,748.7870200140222,0.04924242424242424,0.07196969696969698,0.022727272727272728,0.041666666666666664,0.011363636363636364,0.03409090909090909,0.0,0.09848484848484848,0.045454545454545456,0.022727272727272728,0.04924242424242424,0.14772727272727273,0.17803030303030304,0.03409090909090909,0.007575757575757576,0.10606060606060606,0.003787878787878788,0.44854268202665504,0.08338084011829479,0.0,0.0,0.6619047619047619,5.428571428571429,0.5221902218957742,15.0,7.0,15.10912685384944,13.707050652182112,2.3714285714285714,1.0,2.972115305259051,0.015544041450777202,9.2,4.0,12.965081308396538,0.02094972067039106,0.0223463687150838,0.0
Closure-98.json,Defects4J,0.8244315981864929,0.8194592595100403,0.8154457211494446,1.0,0.9932227730751038,0.8333333333333334,5.905000000000001,9.646666666666668,0.0,1.3333333333333333,0.0,6.0,0.0,0.0,0.0,0.0,0.0,0.0,0.0,0.0,0.05298664906710747,,6.416666666666668,59.745000000000005,9.066666666666666,22.666666666666664,5.166666666666667,31.0,1.0,1.0,6.0,6.0,0.17573592793231638,1.0544155675938982,0.0,0.0,0.0,0.0,0.0,0.16666666666666666,0.0,0.16666666666666666,0.0,0.0,0.0,0.3333333333333333,0.0,0.0,0.0,0.16666666666666666,0.0,0.6666666666666666,0.0,0.0,0.0,1.0,1.0,,6.0,6.0,0.0,,1.6666666666666667,1.5,0.7453559924999299,0.0,5.166666666666667,5.0,3.0230595245361758,0.0,0.0,0.0
Closure-77.json,Defects4J,0.8244315981864929,0.8194592595100403,0.8154457211494446,1.0,0.9932227730751038,0.8333333333333334,5.905000000000001,9.646666666666668,0.0,1.3333333333333333,0.0,6.0,0.0,0.0,0.0,0.0,0.0,0.0,0.0,0.0,0.05298664906710747,,6.416666666666668,59.745000000000005,9.066666666666666,22.666666666666664,5.166666666666667,31.0,1.0,1.0,6.0,6.0,0.17573592793231638,1.0544155675938982,0.0,0.0,0.0,0.0,0.0,0.16666666666666666,0.0,0.16666666666666666,0.0,0.0,0.0,0.3333333333333333,0.0,0.0,0.0,0.16666666666666666,0.0,0.6666666666666666,0.0,0.0,0.0,1.0,1.0,,6.0,6.0,0.0,,1.6666666666666667,1.5,0.7453559924999299,0.0,5.166666666666667,5.0,3.0230595245361758,0.0,0.0,0.0
JacksonDatabind-39.json,Defects4J,0.7639173865318298,0.7627856135368347,0.7620730996131897,0.31772229075431824,1.1786766052246094,0.4779874213836478,30.591739281979784,37.3605298013245,0.0,2.9723172461103364,2.0420337974576306,477.0,0.051568810189499846,0.05902454178316247,0.21839080459770116,0.19105312208760486,0.16589002795899346,0.13233923578751164,0.05902454178316247,0.0,7.847972140131507,0.5295941453013155,15.146695712791914,14.778663297316143,14.834715928895088,58.60996863018474,6.322851153039832,2716.0,19.0,40.0,302.0,133.0,5.368001339712245,2560.5366390427407,0.07127882599580712,0.016771488469601678,0.0020964360587002098,0.014675052410901468,0.0041928721174004195,0.0041928721174004195,0.0,0.16981132075471697,0.016771488469601678,0.020964360587002098,0.008385744234800839,0.1111111111111111,0.3522012578616352,0.0041928721174004195,0.0020964360587002098,0.050314465408805034,0.031446540880503145,0.4479699995085011,0.10326484316700531,0.0,0.0,0.44039735099337746,6.7894736842105265,0.4955625902203953,15.894736842105264,10.0,21.41051079024433,13.613851032357722,2.0794701986754967,1.0,2.0907338260120745,0.008,9.357615894039736,6.0,13.36985061899784,0.046598322460391424,0.027337682510096304,0.022367194780987885
Closure-109.json,Defects4J,0.8244315981864929,0.8194592595100403,0.8154457211494446,1.0,0.9932227730751038,0.8333333333333334,5.905000000000001,9.646666666666668,0.0,1.3333333333333333,0.0,6.0,0.0,0.0,0.0,0.0,0.0,0.0,0.0,0.0,0.05298664906710747,,6.416666666666668,59.745000000000005,9.066666666666666,22.666666666666664,5.166666666666667,31.0,1.0,1.0,6.0,6.0,0.17573592793231638,1.0544155675938982,0.0,0.0,0.0,0.0,0.0,0.16666666666666666,0.0,0.16666666666666666,0.0,0.0,0.0,0.3333333333333333,0.0,0.0,0.0,0.16666666666666666,0.0,0.6666666666666666,0.0,0.0,0.0,1.0,1.0,,6.0,6.0,0.0,,1.6666666666666667,1.5,0.7453559924999299,0.0,5.166666666666667,5.0,3.0230595245361758,0.0,0.0,0.0
Lang-49.json,Defects4J,0.7133458852767944,0.7095595796902975,0.7063950300216675,0.2559472918510437,1.2099272012710571,0.4411764705882353,36.78675675675675,32.982702702702696,0.0,3.83296783625731,1.6748884266825341,136.0,0.08743718592964825,0.0,0.08442211055276382,0.0,0.0,0.0,0.0,0.0,0.925458056957901,0.8923085927963257,15.423783783783787,50.3827027027027,19.124324324324323,73.93693693693695,7.0661764705882355,574.0,3.0,10.0,111.0,85.0,0.018551644737253622,2.5230236842664926,0.007352941176470588,0.014705882352941176,0.014705882352941176,0.0,0.0,0.014705882352941176,0.0,0.09558823529411764,0.08088235294117647,0.0,0.014705882352941176,0.23529411764705882,0.1323529411764706,0.007352941176470588,0.04411764705882353,0.051470588235294115,0.007352941176470588,0.5504385964912281,0.024089557095444594,0.0,0.0,0.7657657657657657,13.666666666666666,0.8922396898269653,37.0,40.0,20.92844953645635,14.554592549557764,1.4054054054054055,1.0,0.8315661808442756,0.0,8.432432432432432,5.0,9.455082642524399,0.009045226130653266,0.009045226130653266,0.0
JacksonDatabind-5.json,Defects4J,0.7868340611457825,0.7860750754674276,0.7847149968147278,0.29056698083877563,1.2039031982421875,0.7307692307692307,23.88146942800789,22.13455621301775,0.0,3.407605416616707,2.0039387706557736,416.0,0.0007680491551459293,0.05069124423963134,0.11674347158218126,0.07373271889400922,0.07373271889400922,0.05069124423963134,0.05069124423963134,0.0,9.065933342687924,0.5424762557853352,18.192041420118347,14.802638067061167,19.905719921104538,62.782051282051285,5.5889423076923075,2293.0,12.0,114.0,338.0,157.0,20.806138896699792,8655.353781027114,0.04807692307692308,0.05048076923076923,0.016826923076923076,0.026442307692307692,0.016826923076923076,0.0673076923076923,0.0,0.17307692307692307,0.036057692307692304,0.016826923076923076,0.040865384615384616,0.12259615384615384,0.17307692307692307,0.014423076923076924,0.004807692307692308,0.10336538461538461,0.009615384615384616,0.4418236248113007,0.07440283551634676,0.0,0.0,0.46449704142011833,9.75,0.4832980051636696,28.166666666666668,12.0,30.48998013920129,17.219254097808864,1.9319526627218935,1.0,1.5146570991272899,0.006535947712418301,6.6301775147929,5.0,6.5440637062129605,0.006144393241167435,0.020737327188940093,0.02304147465437788
Jsoup-58.json,Defects4J,0.7605624198913574,0.7580745220184326,0.7564225792884827,0.2775004506111145,1.1939128637313843,0.48743718592964824,24.576374269005854,30.68148148148148,0.0,3.4606310110896863,4.844055166113658,398.0,0.030775379696243006,0.04476418864908074,0.29136690647482016,0.2082334132693845,0.2082334132693845,0.2082334132693845,0.16027178257394084,0.0,6.774534198095445,0.689485145939721,13.5958089668616,22.89798245614037,14.721247563352827,55.32163742690058,5.924623115577889,2061.0,19.0,32.0,270.0,139.0,2.199174786189224,875.2715649033112,0.06281407035175879,0.02763819095477387,0.010050251256281407,0.01507537688442211,0.002512562814070352,0.005025125628140704,0.0,0.1507537688442211,0.03015075376884422,0.010050251256281407,0.010050251256281407,0.10050251256281408,0.2964824120603015,0.007537688442211055,0.01507537688442211,0.04773869346733668,0.05778894472361809,0.49944121746248554,0.07004159076903341,0.0,0.0,0.5148148148148148,5.842105263157895,0.6804864012143191,14.210526315789474,4.0,20.075066880319664,13.365165419054232,2.0037037037037035,1.0,1.629583332675697,0.009523809523809525,8.25925925925926,6.0,8.21377610906346,0.007194244604316547,0.02877697841726619,0.03836930455635491
JacksonDatabind-81.json,Defects4J,0.8059138655662537,0.8048097689946493,0.8034761548042297,0.15443691611289978,1.1865743398666382,0.7869822485207101,21.319148936170215,21.639999999999997,0.0,2.546039985997964,0.6130147612783113,169.0,0.0,0.0,0.11173184357541899,0.11173184357541899,0.11173184357541899,0.11173184357541899,0.11173184357541899,0.0,3.200427260612849,0.1854330837726593,15.752304964539011,23.982500000000044,17.34326241134752,65.34397163120568,5.662721893491124,957.0,6.0,48.0,141.0,103.0,0.14522493621622337,24.54301422054175,0.0650887573964497,0.0650887573964497,0.029585798816568046,0.05325443786982249,0.029585798816568046,0.01775147928994083,0.0,0.21301775147928995,0.05325443786982249,0.029585798816568046,0.023668639053254437,0.08875739644970414,0.1301775147928994,0.029585798816568046,0.029585798816568046,0.10650887573964497,0.0,0.4494836759617486,0.08911670393400502,0.0,0.0,0.7304964539007093,9.833333333333334,0.2532707750797272,23.5,21.0,12.606215398233788,15.470042427545799,1.8794326241134751,1.0,1.4265724299672833,0.022058823529411766,6.581560283687943,5.0,6.353818339753887,0.027932960893854747,0.0,0.0
Closure-20.json,Defects4J,0.8244315981864929,0.8194592595100403,0.8154457211494446,1.0,0.9932227730751038,0.8333333333333334,5.905000000000001,9.646666666666668,0.0,1.3333333333333333,0.0,6.0,0.0,0.0,0.0,0.0,0.0,0.0,0.0,0.0,0.05298664906710747,,6.416666666666668,59.745000000000005,9.066666666666666,22.666666666666664,5.166666666666667,31.0,1.0,1.0,6.0,6.0,0.17573592793231638,1.0544155675938982,0.0,0.0,0.0,0.0,0.0,0.16666666666666666,0.0,0.16666666666666666,0.0,0.0,0.0,0.3333333333333333,0.0,0.0,0.0,0.16666666666666666,0.0,0.6666666666666666,0.0,0.0,0.0,1.0,1.0,,6.0,6.0,0.0,,1.6666666666666667,1.5,0.7453559924999299,0.0,5.166666666666667,5.0,3.0230595245361758,0.0,0.0,0.0
Mockito-14.json,Defects4J,0.8273728489875793,0.8226843674977621,0.818372368812561,1.0,1.1956604719161987,0.8,3.678000000000001,6.504000000000001,0.0,1.2,0.0,5.0,0.0,0.0,0.0,0.0,0.0,0.0,0.0,0.0,0.05305602573781134,,2.879999999999999,83.32000000000004,10.0,25.0,4.8,24.0,1.0,1.0,5.0,5.0,0.21089774439461811,1.0544887219730905,0.0,0.0,0.0,0.0,0.0,0.2,0.0,0.2,0.0,0.0,0.0,0.2,0.0,0.0,0.0,0.2,0.0,0.6,0.0,0.0,0.0,1.0,1.0,,5.0,5.0,0.0,,1.4,1.0,0.8,0.0,4.8,4.0,3.3105890714493698,0.0,0.0,0.0
Math-6.json,Defects4J,0.7442627549171448,0.7405270934104919,0.737552285194397,0.24255028367042542,1.2530640363693237,0.42162162162162165,36.12771590909091,41.079833333333326,0.0,4.194493579721797,2.6497439516151275,370.0,0.08503401360544217,0.1746031746031746,0.25321239606953894,0.24640967498110355,0.24640967498110355,0.18669690098261527,0.1746031746031746,0.0015117157974300832,4.674217051317857,0.5753048460930585,12.536590909090911,44.042045454545445,14.393939393939394,62.651515151515156,6.789189189189189,1577.0,11.0,29.0,240.0,157.0,0.2895909252800699,107.14864235362586,0.07567567567567568,0.008108108108108109,0.013513513513513514,0.010810810810810811,0.002702702702702703,0.024324324324324326,0.0,0.0972972972972973,0.04864864864864865,0.005405405405405406,0.005405405405405406,0.10810810810810811,0.2648648648648649,0.005405405405405406,0.01891891891891892,0.05675675675675676,0.07567567567567568,0.4235777313704601,0.08318721219189164,0.0,0.0,0.6541666666666667,8.909090909090908,0.4135035690334108,21.818181818181817,19.0,17.235366292587734,13.172668634160413,1.6625,1.0,1.4137162904911298,0.0,9.904166666666667,6.0,10.107092359933306,0.008314436885865457,0.021164021164021163,0.015117157974300832
Codec-18.json,Defects4J,0.723517894744873,0.7211592793464661,0.7198348045349121,0.20574846863746643,1.1620604991912842,0.48951048951048953,36.80143678160919,31.995172413793096,0.0,3.5257514353259034,1.5385046813287624,143.0,0.06504854368932039,0.0,0.23883495145631067,0.19805825242718447,0.0,0.0,0.0,0.0,1.2678697048871355,0.8737307190895081,15.460689655172413,53.08660919540232,18.570114942528736,74.01149425287356,6.888111888111888,658.0,3.0,11.0,116.0,83.0,0.0248480767109394,3.553274969664334,0.006993006993006993,0.02097902097902098,0.0,0.013986013986013986,0.0,0.02097902097902098,0.0,0.11888111888111888,0.07692307692307693,0.0,0.0,0.22377622377622378,0.13986013986013987,0.006993006993006993,0.03496503496503497,0.06293706293706294,0.02097902097902098,0.5162951705504897,0.047707139578518486,0.0,0.0,0.7155172413793104,13.666666666666666,0.8216599225997925,38.666666666666664,39.0,23.27134623427608,13.023866798666859,1.353448275862069,1.0,0.7571989027719839,0.0,8.258620689655173,5.0,8.986695808014135,0.008737864077669903,0.10194174757281553,0.10485436893203884
JacksonDatabind-97.json,Defects4J,0.7853245139122009,0.7842738231023153,0.7826344966888428,0.17508871853351593,1.1943449974060059,0.5555555555555556,24.467532467532465,25.529696969696968,0.0,3.743527317255119,3.016387571535355,468.0,0.003992740471869328,0.052268602540834846,0.17495462794918332,0.08566243194192377,0.07477313974591651,0.052268602540834846,0.052268602540834846,0.0,8.08697917566345,0.6746734197323139,16.344675324675325,19.862727272727284,17.79220779220779,56.2987012987013,5.401709401709402,2418.0,14.0,61.0,330.0,154.0,6.948396265237195,3251.849452131007,0.05982905982905983,0.03418803418803419,0.002136752136752137,0.023504273504273504,0.01282051282051282,0.029914529914529916,0.008547008547008548,0.1623931623931624,0.021367521367521368,0.008547008547008548,0.014957264957264958,0.13675213675213677,0.2948717948717949,0.010683760683760684,0.008547008547008548,0.05555555555555555,0.010683760683760684,0.46674822487273376,0.04756617348833853,0.0,0.0,0.4666666666666667,7.714285714285714,0.6533902250230312,23.571428571428573,12.5,24.141589146752796,15.81161729744533,1.9272727272727272,1.0,1.6553444624174745,0.0071174377224199285,7.242424242424242,5.0,7.54433483233894,0.010889292196007259,0.020326678765880218,0.01161524500907441
Compress-45.json,Defects4J,0.7328848242759705,0.730851948261261,0.7289848923683167,0.13368305563926697,1.183898687362671,0.5116279069767442,28.37914893617021,27.729929078014184,0.0,3.5101190476190482,2.0355015901138493,172.0,0.05674978503869303,0.0,0.0825451418744626,0.0825451418744626,0.0,0.0,0.0,0.0,2.367403998178297,0.5011587515473366,13.149843971631203,51.01200000000003,15.535319148936171,62.951773049645396,6.395348837209302,772.0,5.0,23.0,141.0,107.0,0.062032894471811525,10.669657849151582,0.01744186046511628,0.023255813953488372,0.01744186046511628,0.023255813953488372,0.0,0.040697674418604654,0.0,0.11046511627906977,0.05232558139534884,0.011627906976744186,0.0,0.1686046511627907,0.14534883720930233,0.011627906976744186,0.03488372093023256,0.0872093023255814,0.01744186046511628,0.4886904761904762,0.059177564388745586,0.0,0.0,0.7588652482269503,9.8,0.33052270114421844,28.2,12.0,22.36425719759098,13.023866798666859,1.50354609929078,1.0,1.1707069663525305,0.0,7.581560283687943,5.0,8.436795489573674,0.007738607050730868,0.007738607050730868,0.0
JacksonDatabind-78.json,Defects4J,0.7989293932914734,0.7950782179832458,0.7923657894134521,0.4076805114746094,1.1350642442703247,0.7096774193548387,39.85676470588235,28.296078431372546,0.0,3.4657375145180023,0.15621370499419296,124.0,0.0,0.2057142857142857,0.40685714285714286,0.35428571428571426,0.35428571428571426,0.35428571428571426,0.35428571428571426,0.0,1.2907529469922971,0.6760852336883545,28.825490196078437,-20.765294117647045,31.772549019607847,100.01960784313725,6.42741935483871,797.0,2.0,14.0,102.0,66.0,0.02931873291522953,3.6355228814884617,0.056451612903225805,0.07258064516129033,0.04032258064516129,0.008064516129032258,0.016129032258064516,0.008064516129032258,0.0,0.25806451612903225,0.10483870967741936,0.0,0.0,0.11290322580645161,0.1532258064516129,0.0,0.024193548387096774,0.06451612903225806,0.016129032258064516,0.5180023228803716,0.0058072009291521565,0.0,0.0,0.6470588235294118,25.0,,51.0,51.0,12.0,,2.0784313725490198,2.0,1.4463359690909825,0.0425531914893617,7.598039215686274,6.0,6.76678711945564,0.045714285714285714,0.07771428571428571,0.10057142857142858
Closure-36.json,Defects4J,0.8244315981864929,0.8194592595100403,0.8154457211494446,1.0,0.9932227730751038,0.8333333333333334,5.905000000000001,9.646666666666668,0.0,1.3333333333333333,0.0,6.0,0.0,0.0,0.0,0.0,0.0,0.0,0.0,0.0,0.05298664906710747,,6.416666666666668,59.745000000000005,9.066666666666666,22.666666666666664,5.166666666666667,31.0,1.0,1.0,6.0,6.0,0.17573592793231638,1.0544155675938982,0.0,0.0,0.0,0.0,0.0,0.16666666666666666,0.0,0.16666666666666666,0.0,0.0,0.0,0.3333333333333333,0.0,0.0,0.0,0.16666666666666666,0.0,0.6666666666666666,0.0,0.0,0.0,1.0,1.0,,6.0,6.0,0.0,,1.6666666666666667,1.5,0.7453559924999299,0.0,5.166666666666667,5.0,3.0230595245361758,0.0,0.0,0.0
Closure-148.json,Defects4J,0.8244315981864929,0.8194592595100403,0.8154457211494446,1.0,0.9932227730751038,0.8333333333333334,5.905000000000001,9.646666666666668,0.0,1.3333333333333333,0.0,6.0,0.0,0.0,0.0,0.0,0.0,0.0,0.0,0.0,0.05298664906710747,,6.416666666666668,59.745000000000005,9.066666666666666,22.666666666666664,5.166666666666667,31.0,1.0,1.0,6.0,6.0,0.17573592793231638,1.0544155675938982,0.0,0.0,0.0,0.0,0.0,0.16666666666666666,0.0,0.16666666666666666,0.0,0.0,0.0,0.3333333333333333,0.0,0.0,0.0,0.16666666666666666,0.0,0.6666666666666666,0.0,0.0,0.0,1.0,1.0,,6.0,6.0,0.0,,1.6666666666666667,1.5,0.7453559924999299,0.0,5.166666666666667,5.0,3.0230595245361758,0.0,0.0,0.0
Jsoup-1.json,Defects4J,0.8023771047592163,0.801347812016805,0.79935622215271,0.23708540201187134,1.1325849294662476,0.7040816326530612,28.800352941176477,19.682823529411767,0.0,5.621022430881586,1.139540949400104,98.0,0.0,0.17785234899328858,0.17785234899328858,0.17785234899328858,0.17785234899328858,0.17785234899328858,0.17785234899328858,0.0,1.3711209555512074,0.7460506558418274,21.253235294117648,18.38455882352946,24.058823529411768,73.08823529411765,5.469387755102041,536.0,2.0,15.0,85.0,55.0,0.040201678796612676,3.939764522068042,0.05102040816326531,0.01020408163265306,0.0,0.030612244897959183,0.01020408163265306,0.04081632653061224,0.0,0.17346938775510204,0.05102040816326531,0.04081632653061224,0.0,0.16326530612244897,0.1326530612244898,0.0,0.01020408163265306,0.1326530612244898,0.05102040816326531,0.4449660928534168,0.036515388628064666,0.0,0.0,0.6470588235294118,13.0,,42.5,42.5,17.5,,1.7176470588235293,1.0,1.3338292042164772,0.02666666666666667,6.152941176470589,4.0,6.364434048778074,0.010067114093959731,0.0,0.0
Jsoup-19.json,Defects4J,0.8108935356140137,0.8088842233022054,0.806403398513794,0.20286904275417328,1.2251007556915283,0.7988165680473372,14.521666666666668,16.202222222222222,0.0,2.8067723330590977,0.790541704349309,169.0,0.0,0.0,0.08393039918116683,0.08393039918116683,0.0,0.0,0.0,0.0,3.722346242600179,0.2662044247346265,11.096666666666668,47.565,14.144444444444446,47.16666666666667,5.059171597633136,855.0,8.0,53.0,144.0,110.0,0.24474156245004247,41.36132405405718,0.047337278106508875,0.05325443786982249,0.04142011834319527,0.04142011834319527,0.011834319526627219,0.0650887573964497,0.0,0.17751479289940827,0.04142011834319527,0.03550295857988166,0.047337278106508875,0.14201183431952663,0.1301775147928994,0.011834319526627219,0.011834319526627219,0.08875739644970414,0.0,0.41821138420403126,0.13084626780759362,0.09090909090909091,0.09090909090909091,0.7638888888888888,5.25,0.23705836571753025,18.0,12.0,15.652475842498529,13.227904075235838,1.6666666666666667,1.0,1.136515141415488,0.014705882352941176,5.722222222222222,4.0,5.05723415356167,0.0,0.0,0.0
Closure-61.json,Defects4J,0.8244315981864929,0.8194592595100403,0.8154457211494446,1.0,0.9932227730751038,0.8333333333333334,5.905000000000001,9.646666666666668,0.0,1.3333333333333333,0.0,6.0,0.0,0.0,0.0,0.0,0.0,0.0,0.0,0.0,0.05298664906710747,,6.416666666666668,59.745000000000005,9.066666666666666,22.666666666666664,5.166666666666667,31.0,1.0,1.0,6.0,6.0,0.17573592793231638,1.0544155675938982,0.0,0.0,0.0,0.0,0.0,0.16666666666666666,0.0,0.16666666666666666,0.0,0.0,0.0,0.3333333333333333,0.0,0.0,0.0,0.16666666666666666,0.0,0.6666666666666666,0.0,0.0,0.0,1.0,1.0,,6.0,6.0,0.0,,1.6666666666666667,1.5,0.7453559924999299,0.0,5.166666666666667,5.0,3.0230595245361758,0.0,0.0,0.0
Compress-12.json,Defects4J,0.7680677771568298,0.7659267981847128,0.7634537816047668,0.2946314513683319,1.1645026206970215,0.5041551246537396,59.20498982360923,68.44253731343282,0.0,5.507435890380806,6.060547411058341,361.0,0.03940283896231033,0.05531081742535487,0.31840430739109155,0.07880567792462066,0.05531081742535487,0.05531081742535487,0.05531081742535487,0.0,7.675457424795637,0.8664496064186096,30.016295793758484,-76.74483717774763,21.685753052917235,67.2740841248304,11.052631578947368,3662.0,11.0,51.0,268.0,147.0,5.9690003418819035,2154.809123419367,0.013850415512465374,0.10526315789473684,0.0110803324099723,0.008310249307479225,0.0,0.019390581717451522,0.0,0.09695290858725762,0.060941828254847646,0.0,0.0,0.1772853185595568,0.23822714681440443,0.0,0.01662049861495845,0.0332409972299169,0.0221606648199446,0.4682203389830509,0.051757745265337114,0.0,0.0,0.5485074626865671,10.454545454545455,0.8213745190037621,24.363636363636363,8.0,25.19838641036268,18.535231010973284,3.0597014925373136,1.0,3.9346550495125348,0.0,14.533582089552239,5.0,18.5239556235906,0.028389623103279492,0.034263338228095935,0.06020558002936858
Gson-9.json,Defects4J,0.7763069272041321,0.7711607813835144,0.7681971192359924,0.36480921506881714,1.229135513305664,0.6674669867947179,12.747833333333332,15.823777777777774,0.0,2.220367970142219,0.619281498660863,833.0,0.18957752519837015,0.2644220458932018,0.3722925155479305,0.36199871327471583,0.36199871327471583,0.3487025520051469,0.2644220458932018,0.11537636714561442,16.209854136363774,0.49662986895715705,5.579055555555556,80.7115,8.315555555555555,46.62222222222222,5.086434573829532,3759.0,50.0,222.0,720.0,290.0,13158.46417704513,10961000.659478594,0.03841536614645858,0.056422569027611044,0.021608643457382955,0.04561824729891957,0.007202881152460984,0.06362545018007203,0.02040816326530612,0.1524609843937575,0.03601440576230492,0.01680672268907563,0.030012004801920768,0.07923169267707082,0.11644657863145258,0.013205282112845138,0.01680672268907563,0.12244897959183673,0.0,0.4596151051239233,0.07392932346415053,0.0,0.002777777777777778,0.4027777777777778,4.64,0.4153213333338499,14.4,11.5,11.155267813907473,8.608573733854374,1.3180555555555555,1.0,0.6237935887439248,0.011986301369863013,5.727777777777778,5.0,4.22042725003518,0.0064336264207591675,0.010508256487239975,0.025520051469011366
Gson-8.json,Defects4J,0.7739385366439819,0.7692661086718241,0.7660311460494995,0.3347998559474945,1.1792943477630615,0.37553648068669526,24.523390039785973,29.74504230118443,0.0,3.6114894302642595,1.7733495610819627,932.0,0.07462686567164178,0.4092500460659665,0.4459185553712917,0.41477796204164363,0.41477796204164363,0.41477796204164363,0.4092500460659665,0.0,15.162432439066475,0.7847469788458612,12.063148122742032,37.02547811771166,12.480559747564826,56.751314766543196,5.517167381974249,4814.0,37.0,78.0,591.0,203.0,4126.148252936609,3845570.17173692,0.019313304721030045,0.04184549356223176,0.003218884120171674,0.009656652360515022,0.002145922746781116,0.009656652360515022,0.0,0.19098712446351931,0.09012875536480687,0.002145922746781116,0.01072961373390558,0.0890557939914163,0.2821888412017167,0.002145922746781116,0.046137339055793994,0.022532188841201718,0.046137339055793994,0.44825729761378685,0.07722312612796396,0.0,0.0,0.34348561759729274,6.513513513513513,0.7802055614335196,15.972972972972974,10.0,11.91521055259969,12.038846106128705,1.8155668358714043,1.0,2.212446252030046,0.0042643923240938165,8.060913705583756,4.0,11.192804002236686,0.019347705914870093,0.025796941219826793,0.038695411829740185
Csv-16.json,Defects4J,0.769917905330658,0.7691984176635742,0.7679587602615356,0.22648261487483978,1.2360984086990356,0.4482366325369738,28.003031798245615,19.88124999999999,0.0,4.292785547661394,3.171662834450093,879.0,0.22789039875250613,0.4172421474715972,0.4682557362441524,0.4595678324793941,0.4172421474715972,0.4172421474715972,0.4172421474715972,0.21296502561817776,13.79911764339106,0.5032954992992538,19.218328947368423,29.47096929824562,21.871228070175437,72.93464912280702,4.632536973833902,3566.0,15.0,144.0,608.0,237.0,1119.158951132074,983740.7180450931,0.027303754266211604,0.051194539249146756,0.010238907849829351,0.015927189988623434,0.017064846416382253,0.03526734926052332,0.0,0.11945392491467577,0.06939704209328783,0.004550625711035267,0.017064846416382253,0.080773606370876,0.2753128555176337,0.01820250284414107,0.034129692832764506,0.06029579067121729,0.02502844141069397,0.4609968150149074,0.07210420418311031,0.0,0.0,0.38980263157894735,13.133333333333333,0.49094277104506123,40.53333333333333,25.0,45.14401646090235,16.80791676169397,1.6101973684210527,1.0,1.2424884678034858,0.0,6.192434210526316,5.0,6.13505956912599,0.044553352639786145,0.021385609267097348,0.04143461795500111
Jsoup-18.json,Defects4J,0.801971971988678,0.7997702558835348,0.797584056854248,0.30225205421447754,1.1412475109100342,0.6797385620915033,32.14725333333333,24.36736,0.0,3.8605574012550754,2.108018658937199,153.0,0.0,0.12968591691995948,0.403242147922999,0.403242147922999,0.3789260385005066,0.3789260385005066,0.2553191489361702,0.0,2.0611287347173985,0.49759112298488617,25.392799999999998,-12.778266666666639,25.946666666666673,80.06666666666666,5.862745098039215,888.0,3.0,25.0,125.0,79.0,0.05133876358669161,7.8548308287638156,0.05228758169934641,0.006535947712418301,0.0,0.032679738562091505,0.013071895424836602,0.006535947712418301,0.006535947712418301,0.20915032679738563,0.0457516339869281,0.006535947712418301,0.0392156862745098,0.13071895424836602,0.1503267973856209,0.0392156862745098,0.032679738562091505,0.10457516339869281,0.032679738562091505,0.47006275378368395,0.08141382047749716,0.25,0.0,0.632,16.0,0.45215901732444763,41.666666666666664,55.0,26.246692913372705,20.890749979661237,2.096,1.0,2.155640044163218,0.018018018018018018,6.952,5.0,6.430994946351614,0.05268490374873354,0.05673758865248227,0.07700101317122594
Closure-60.json,Defects4J,0.8244315981864929,0.8194592595100403,0.8154457211494446,1.0,0.9932227730751038,0.8333333333333334,5.905000000000001,9.646666666666668,0.0,1.3333333333333333,0.0,6.0,0.0,0.0,0.0,0.0,0.0,0.0,0.0,0.0,0.05298664906710747,,6.416666666666668,59.745000000000005,9.066666666666666,22.666666666666664,5.166666666666667,31.0,1.0,1.0,6.0,6.0,0.17573592793231638,1.0544155675938982,0.0,0.0,0.0,0.0,0.0,0.16666666666666666,0.0,0.16666666666666666,0.0,0.0,0.0,0.3333333333333333,0.0,0.0,0.0,0.16666666666666666,0.0,0.6666666666666666,0.0,0.0,0.0,1.0,1.0,,6.0,6.0,0.0,,1.6666666666666667,1.5,0.7453559924999299,0.0,5.166666666666667,5.0,3.0230595245361758,0.0,0.0,0.0
Compress-13.json,Defects4J,0.7764760255813599,0.7741042574246725,0.7710527777671814,0.2738396227359772,1.2304482460021973,0.6702412868632708,26.26442307692308,23.318205128205125,0.0,3.099229502094409,1.2040675213782066,373.0,0.03166666666666667,0.0,0.04,0.04,0.0,0.0,0.0,0.0008333333333333334,6.022286118272327,0.4150378867569897,14.996589743589745,43.11507692307694,17.608205128205128,68.37948717948719,5.873994638069705,1847.0,10.0,90.0,312.0,180.0,1.1059533228393752,412.52058941908695,0.01876675603217158,0.064343163538874,0.010723860589812333,0.0160857908847185,0.0160857908847185,0.08042895442359249,0.0,0.16621983914209115,0.05361930294906166,0.00804289544235925,0.0160857908847185,0.1581769436997319,0.12064343163538874,0.0160857908847185,0.032171581769437,0.09115281501340483,0.010723860589812333,0.4222893393700847,0.14848915919323638,0.0,0.0,0.5769230769230769,11.6,0.3536337139084935,31.2,26.0,20.855694665965938,14.554592549557764,1.560897435897436,1.0,0.9981440288360782,0.0037174721189591076,6.814102564102564,5.0,6.65862125481857,0.02625,0.00375,0.0
JacksonDatabind-96.json,Defects4J,0.8097686171531677,0.80793430407842,0.8050239682197571,0.19869069755077362,1.1366381645202637,0.8076923076923077,32.30052434456929,31.761797752808977,0.0,3.1456783862970474,0.48667367505832965,104.0,0.0,0.0,0.1354292623941959,0.1354292623941959,0.1354292623941959,0.1354292623941959,0.0,0.0,1.3123995642984354,0.44875337183475494,21.833932584269665,-8.636217228464375,23.552059925093634,82.47565543071161,7.211538461538462,750.0,3.0,26.0,89.0,73.0,0.03572189993056223,3.715077592778472,0.057692307692307696,0.09615384615384616,0.038461538461538464,0.04807692307692308,0.019230769230769232,0.0,0.0,0.21153846153846154,0.08653846153846154,0.028846153846153848,0.019230769230769232,0.11538461538461539,0.11538461538461539,0.009615384615384616,0.028846153846153848,0.09615384615384616,0.0,0.4747013748027947,0.042496137755822054,0.0,0.0,0.8202247191011236,15.666666666666666,0.357351154088974,29.666666666666668,23.0,9.428090415820632,19.946969662950774,2.191011235955056,2.0,1.7280007574799503,0.03488372093023256,8.258426966292134,7.0,7.61507683995204,0.0,0.0,0.0
Compress-44.json,Defects4J,0.7311142086982727,0.728967289129893,0.72752445936203,0.2297213077545166,1.127793550491333,0.5,53.22373795761079,40.889248554913294,0.0,5.319327731092437,2.0563251417472475,218.0,0.0832870627429206,0.0,0.18212104386451972,0.07995558023320377,0.0,0.0,0.0,0.03775680177679067,2.014796703233978,0.2502416521310806,29.886127167630054,-16.495510597302484,29.309441233140657,98.70712909441232,7.926605504587156,1253.0,3.0,21.0,173.0,119.0,0.03440001221364214,7.499202662573986,0.03211009174311927,0.03211009174311927,0.0045871559633027525,0.0045871559633027525,0.0045871559633027525,0.03211009174311927,0.0,0.15137614678899083,0.05504587155963303,0.0045871559633027525,0.0,0.16055045871559634,0.1651376146788991,0.0045871559633027525,0.03669724770642202,0.06422018348623854,0.01834862385321101,0.5065359477124183,0.009243225897863385,0.0,0.0,0.6878612716763006,23.666666666666668,0.9195299744606018,57.666666666666664,80.0,31.584102892999123,20.267338824336647,1.9479768786127167,1.0,2.1778334038042297,0.032520325203252036,9.728323699421965,6.0,11.281534150857,0.004441976679622432,0.004997223764575236,0.0
Closure-37.json,Defects4J,0.8244315981864929,0.8194592595100403,0.8154457211494446,1.0,0.9932227730751038,0.8333333333333334,5.905000000000001,9.646666666666668,0.0,1.3333333333333333,0.0,6.0,0.0,0.0,0.0,0.0,0.0,0.0,0.0,0.0,0.05298664906710747,,6.416666666666668,59.745000000000005,9.066666666666666,22.666666666666664,5.166666666666667,31.0,1.0,1.0,6.0,6.0,0.17573592793231638,1.0544155675938982,0.0,0.0,0.0,0.0,0.0,0.16666666666666666,0.0,0.16666666666666666,0.0,0.0,0.0,0.3333333333333333,0.0,0.0,0.0,0.16666666666666666,0.0,0.6666666666666666,0.0,0.0,0.0,1.0,1.0,,6.0,6.0,0.0,,1.6666666666666667,1.5,0.7453559924999299,0.0,5.166666666666667,5.0,3.0230595245361758,0.0,0.0,0.0
JacksonDatabind-79.json,Defects4J,0.7776809930801392,0.7750537594159445,0.7730880379676819,0.2901625335216522,1.1915502548217773,0.6773399014778325,27.702752293577987,24.22103975535168,0.0,3.4799014750272184,1.3126274130377629,406.0,0.005744925315970892,0.0,0.03906549214860207,0.03906549214860207,0.0,0.0,0.0,0.0,7.792756745642858,0.3779767288102044,17.948321100917436,24.62431651376147,19.563180428134558,61.7519877675841,5.812807881773399,2124.0,10.0,113.0,327.0,168.0,5.967950603901949,2422.987945184191,0.07389162561576355,0.05172413793103448,0.027093596059113302,0.029556650246305417,0.012315270935960592,0.04433497536945813,0.0049261083743842365,0.16502463054187191,0.019704433497536946,0.034482758620689655,0.04926108374384237,0.0812807881773399,0.19458128078817735,0.027093596059113302,0.0024630541871921183,0.08866995073891626,0.0024630541871921183,0.4409098450324995,0.05594117552561102,0.0,0.022727272727272728,0.5137614678899083,9.5,0.33532353211194277,32.7,22.5,24.421506915012433,16.280829582073984,1.761467889908257,1.0,1.6361685080038733,0.006872852233676976,6.960244648318043,4.0,7.989381940635846,0.006127920337035618,0.009191880505553428,0.04481041746457296
Closure-149.json,Defects4J,0.8244315981864929,0.8194592595100403,0.8154457211494446,1.0,0.9932227730751038,0.8333333333333334,5.905000000000001,9.646666666666668,0.0,1.3333333333333333,0.0,6.0,0.0,0.0,0.0,0.0,0.0,0.0,0.0,0.0,0.05298664906710747,,6.416666666666668,59.745000000000005,9.066666666666666,22.666666666666664,5.166666666666667,31.0,1.0,1.0,6.0,6.0,0.17573592793231638,1.0544155675938982,0.0,0.0,0.0,0.0,0.0,0.16666666666666666,0.0,0.16666666666666666,0.0,0.0,0.0,0.3333333333333333,0.0,0.0,0.0,0.16666666666666666,0.0,0.6666666666666666,0.0,0.0,0.0,1.0,1.0,,6.0,6.0,0.0,,1.6666666666666667,1.5,0.7453559924999299,0.0,5.166666666666667,5.0,3.0230595245361758,0.0,0.0,0.0
Math-7.json,Defects4J,0.7595921158790588,0.7574442028999329,0.755382239818573,0.2662273943424225,1.2461175918579102,0.6815286624203821,22.760746268656717,21.534925373134325,0.0,3.109183009019966,1.1690776526715834,314.0,0.06007067137809187,0.0,0.04240282685512368,0.0,0.0,0.0,0.0,0.017163048965169108,5.33562364318137,0.5119487626685036,11.46125373134328,60.624791044776146,14.152835820895525,56.27761194029851,5.726114649681529,1395.0,10.0,84.0,268.0,170.0,0.6611534335277546,207.60217812771492,0.044585987261146494,0.06687898089171974,0.009554140127388535,0.03184713375796178,0.0031847133757961785,0.07643312101910828,0.0,0.17834394904458598,0.044585987261146494,0.009554140127388535,0.01592356687898089,0.1337579617834395,0.11146496815286625,0.025477707006369428,0.022292993630573247,0.0732484076433121,0.022292993630573247,0.4485309195635282,0.048947738308599054,0.0,0.0,0.6343283582089553,7.9,0.43228757567703724,26.8,28.5,13.219682295728592,11.792908689023552,1.4067164179104477,1.0,0.8738914309077725,0.0,6.537313432835821,5.0,7.014012325463924,0.004543160020191822,0.004543160020191822,0.0
Lang-1.json,Defects4J,0.7574298977851868,0.7564021348953247,0.7557278871536255,0.22645017504692078,1.2024112939834595,0.5637583892617449,19.98816230979321,21.287553648068677,0.0,2.8018317787692775,1.2110205031838517,298.0,0.054556006964596636,0.0,0.0,0.0,0.0,0.0,0.0,0.0,4.87540186445235,0.4342941462993622,9.23142411236832,66.60498244245028,12.07787748731955,51.653921186110026,5.3389261744966445,1202.0,11.0,57.0,233.0,155.0,0.43968724041753493,131.02679764442541,0.026845637583892617,0.026845637583892617,0.026845637583892617,0.03691275167785235,0.010067114093959731,0.02348993288590604,0.0,0.1174496644295302,0.03355704697986577,0.02348993288590604,0.026845637583892617,0.15436241610738255,0.19463087248322147,0.016778523489932886,0.020134228187919462,0.0738255033557047,0.013422818791946308,0.468101181810478,0.06626996149785827,0.0,0.0,0.6652360515021459,6.454545454545454,0.41700847612486946,21.181818181818183,16.0,16.3140663334001,11.022393298168332,1.4034334763948497,1.0,0.8131886404075716,0.0,6.545064377682404,4.0,7.428565912708904,0.011607661056297156,0.00522344747533372,0.0
Jsoup-59.json,Defects4J,0.8043069839477539,0.8034729560216268,0.8024759888648987,0.3368109166622162,1.1540074348449707,0.6447368421052632,22.147,19.626434782608694,0.0,3.7696221447377787,1.2021080093952712,152.0,0.0,0.16725559481743227,0.24263839811542992,0.24263839811542992,0.24263839811542992,0.24263839811542992,0.24263839811542992,0.0,3.0918941070564774,0.5432597696781158,15.528586956521739,34.937228260869574,17.41304347826087,57.44565217391305,4.934210526315789,750.0,4.0,36.0,115.0,74.0,0.14486016027683704,22.018744362079232,0.05263157894736842,0.019736842105263157,0.013157894736842105,0.046052631578947366,0.019736842105263157,0.05921052631578947,0.0,0.17105263157894737,0.08552631578947369,0.019736842105263157,0.013157894736842105,0.10526315789473684,0.21052631578947367,0.02631578947368421,0.03289473684210526,0.05263157894736842,0.039473684210526314,0.40870869802414667,0.054172948512808544,0.0,0.0,0.6434782608695652,8.25,0.34983348846435547,28.75,22.5,17.80975856096876,14.90622815163357,1.6869565217391305,1.0,1.391684730610345,0.01818181818181818,6.2,4.0,6.055109233208511,0.024734982332155476,0.11307420494699646,0.1166077738515901
JacksonDatabind-80.json,Defects4J,0.8161240220069885,0.8112516601880392,0.8074954152107239,0.26980164647102356,1.1738030910491943,0.8532110091743119,20.965303030303026,20.481616161616163,0.0,2.695238584944467,0.450955537505633,109.0,0.0,0.0,0.09641873278236915,0.09641873278236915,0.09641873278236915,0.09641873278236915,0.0,0.0,1.4493783860688285,0.28597910593574244,14.444318181818183,35.58647727272728,15.556565656565656,57.073232323232325,5.8807339449541285,641.0,4.0,33.0,99.0,70.0,0.03908683786483823,4.260465327267367,0.08256880733944955,0.045871559633027525,0.045871559633027525,0.05504587155963303,0.027522935779816515,0.0,0.0,0.30275229357798167,0.06422018348623854,0.009174311926605505,0.027522935779816515,0.08256880733944955,0.08256880733944955,0.027522935779816515,0.009174311926605505,0.09174311926605505,0.0,0.5199172151378034,0.12061835059369132,0.0,0.0,0.7070707070707071,8.0,0.3187475651502609,24.75,25.0,8.613216588476108,13.81666964889586,1.7272727272727273,1.0,1.5427784316797402,0.02127659574468085,6.373737373737374,4.0,7.023173559020051,0.024793388429752067,0.028925619834710745,0.0
Closure-21.json,Defects4J,0.8244315981864929,0.8194592595100403,0.8154457211494446,1.0,0.9932227730751038,0.8333333333333334,5.905000000000001,9.646666666666668,0.0,1.3333333333333333,0.0,6.0,0.0,0.0,0.0,0.0,0.0,0.0,0.0,0.0,0.05298664906710747,,6.416666666666668,59.745000000000005,9.066666666666666,22.666666666666664,5.166666666666667,31.0,1.0,1.0,6.0,6.0,0.17573592793231638,1.0544155675938982,0.0,0.0,0.0,0.0,0.0,0.16666666666666666,0.0,0.16666666666666666,0.0,0.0,0.0,0.3333333333333333,0.0,0.0,0.0,0.16666666666666666,0.0,0.6666666666666666,0.0,0.0,0.0,1.0,1.0,,6.0,6.0,0.0,,1.6666666666666667,1.5,0.7453559924999299,0.0,5.166666666666667,5.0,3.0230595245361758,0.0,0.0,0.0
Mockito-15.json,Defects4J,0.8273728489875793,0.8226843674977621,0.818372368812561,1.0,1.1956604719161987,0.8,3.678000000000001,6.504000000000001,0.0,1.2,0.0,5.0,0.0,0.0,0.0,0.0,0.0,0.0,0.0,0.0,0.05305602573781134,,2.879999999999999,83.32000000000004,10.0,25.0,4.8,24.0,1.0,1.0,5.0,5.0,0.21089774439461811,1.0544887219730905,0.0,0.0,0.0,0.0,0.0,0.2,0.0,0.2,0.0,0.0,0.0,0.2,0.0,0.0,0.0,0.2,0.0,0.6,0.0,0.0,0.0,1.0,1.0,,5.0,5.0,0.0,,1.4,1.0,0.8,0.0,4.8,4.0,3.3105890714493698,0.0,0.0,0.0
JacksonDatabind-4.json,Defects4J,0.8190959692001343,0.8175645073254904,0.8164242506027222,0.46229127049446106,1.1944656372070312,0.816,18.547916120576666,22.488073394495412,0.0,2.464113181504486,0.44462264411526875,125.0,0.0,0.14953271028037382,0.14953271028037382,0.14953271028037382,0.14953271028037382,0.14953271028037382,0.14953271028037382,0.0,3.6227997834155454,0.4515114476283391,14.19111402359109,21.05385321100917,15.035910878112714,46.76408912188729,6.088,761.0,7.0,44.0,109.0,75.0,0.2995380112200975,37.442251402512184,0.024,0.088,0.032,0.064,0.048,0.08,0.0,0.176,0.04,0.016,0.008,0.16,0.12,0.0,0.008,0.096,0.0,0.45095139505077386,0.050565075941638477,0.0,0.0,0.6880733944954128,4.857142857142857,0.30871773064136504,15.571428571428571,16.0,2.770102775666474,13.707050652182112,2.0091743119266057,1.0,1.6282788393852154,0.019230769230769232,6.834862385321101,5.0,6.528011290054617,0.007009345794392523,0.0,0.0
JacksonCore-19.json,Defects4J,0.7719994187355042,0.7707269787788391,0.7693696618080139,0.24116308987140656,1.207268238067627,0.5758928571428571,36.46777272727273,42.17066666666666,0.0,3.489109130073064,2.3355862248582997,224.0,0.0,0.06702702702702702,0.11567567567567567,0.06702702702702702,0.06702702702702702,0.06702702702702702,0.06702702702702702,0.0,3.324768803641138,0.5302941777876445,21.131325757575762,-19.703011363636307,17.9469696969697,63.65530303030303,7.705357142857143,1634.0,8.0,33.0,165.0,109.0,0.12407398374240562,27.79257235829886,0.08482142857142858,0.06696428571428571,0.022321428571428572,0.004464285714285714,0.013392857142857142,0.008928571428571428,0.004464285714285714,0.14732142857142858,0.10714285714285714,0.004464285714285714,0.017857142857142856,0.08928571428571429,0.24553571428571427,0.004464285714285714,0.013392857142857142,0.0625,0.022321428571428572,0.42030458459979736,0.0538974030068112,0.0,0.0,0.6606060606060606,8.875,0.47530976434548694,20.625,7.5,25.71447792586892,15.903189008614273,2.43030303030303,1.0,2.8650966294440092,0.027210884353741496,10.103030303030303,6.0,14.201845480770722,0.006486486486486486,0.0945945945945946,0.08
Closure-99.json,Defects4J,0.8244315981864929,0.8194592595100403,0.8154457211494446,1.0,0.9932227730751038,0.8333333333333334,5.905000000000001,9.646666666666668,0.0,1.3333333333333333,0.0,6.0,0.0,0.0,0.0,0.0,0.0,0.0,0.0,0.0,0.05298664906710747,,6.416666666666668,59.745000000000005,9.066666666666666,22.666666666666664,5.166666666666667,31.0,1.0,1.0,6.0,6.0,0.17573592793231638,1.0544155675938982,0.0,0.0,0.0,0.0,0.0,0.16666666666666666,0.0,0.16666666666666666,0.0,0.0,0.0,0.3333333333333333,0.0,0.0,0.0,0.16666666666666666,0.0,0.6666666666666666,0.0,0.0,0.0,1.0,1.0,,6.0,6.0,0.0,,1.6666666666666667,1.5,0.7453559924999299,0.0,5.166666666666667,5.0,3.0230595245361758,0.0,0.0,0.0
JacksonDatabind-38.json,Defects4J,0.8049416542053223,0.8032917976379395,0.8010328412055969,0.2327350527048111,1.1755385398864746,0.8084112149532711,19.391313477608747,16.85214484679665,0.0,3.508124193203014,0.6989946274331129,428.0,0.0,0.04804560260586319,0.04804560260586319,0.04804560260586319,0.04804560260586319,0.04804560260586319,0.04804560260586319,0.0,9.669983262073274,0.4385547215739886,15.032924791086355,36.47000857081642,18.177073066209555,59.091707735161776,4.97196261682243,2128.0,13.0,168.0,359.0,212.0,36.99785975425142,15835.083974819609,0.102803738317757,0.08411214953271028,0.05841121495327103,0.09345794392523364,0.02570093457943925,0.02336448598130841,0.0,0.18925233644859812,0.02570093457943925,0.0397196261682243,0.03271028037383177,0.0514018691588785,0.14719626168224298,0.02336448598130841,0.004672897196261682,0.07476635514018691,0.0,0.41934751842976925,0.06488240213926821,0.0,0.0,0.5905292479108635,8.692307692307692,0.4725176597183401,27.615384615384617,20.0,19.185485144678683,15.804545918419173,1.682451253481894,1.0,1.2839261718473909,0.0057306590257879654,5.735376044568246,4.0,5.0429522028145195,0.009771986970684038,0.0,0.0
Closure-76.json,Defects4J,0.8244315981864929,0.8194592595100403,0.8154457211494446,1.0,0.9932227730751038,0.8333333333333334,5.905000000000001,9.646666666666668,0.0,1.3333333333333333,0.0,6.0,0.0,0.0,0.0,0.0,0.0,0.0,0.0,0.0,0.05298664906710747,,6.416666666666668,59.745000000000005,9.066666666666666,22.666666666666664,5.166666666666667,31.0,1.0,1.0,6.0,6.0,0.17573592793231638,1.0544155675938982,0.0,0.0,0.0,0.0,0.0,0.16666666666666666,0.0,0.16666666666666666,0.0,0.0,0.0,0.3333333333333333,0.0,0.0,0.0,0.16666666666666666,0.0,0.6666666666666666,0.0,0.0,0.0,1.0,1.0,,6.0,6.0,0.0,,1.6666666666666667,1.5,0.7453559924999299,0.0,5.166666666666667,5.0,3.0230595245361758,0.0,0.0,0.0
Closure-108.json,Defects4J,0.8244315981864929,0.8194592595100403,0.8154457211494446,1.0,0.9932227730751038,0.8333333333333334,5.905000000000001,9.646666666666668,0.0,1.3333333333333333,0.0,6.0,0.0,0.0,0.0,0.0,0.0,0.0,0.0,0.0,0.05298664906710747,,6.416666666666668,59.745000000000005,9.066666666666666,22.666666666666664,5.166666666666667,31.0,1.0,1.0,6.0,6.0,0.17573592793231638,1.0544155675938982,0.0,0.0,0.0,0.0,0.0,0.16666666666666666,0.0,0.16666666666666666,0.0,0.0,0.0,0.3333333333333333,0.0,0.0,0.0,0.16666666666666666,0.0,0.6666666666666666,0.0,0.0,0.0,1.0,1.0,,6.0,6.0,0.0,,1.6666666666666667,1.5,0.7453559924999299,0.0,5.166666666666667,5.0,3.0230595245361758,0.0,0.0,0.0
Lang-33.json,Defects4J,0.7171251177787781,0.7148097554842631,0.7132943868637085,0.20405834913253784,1.2165662050247192,0.42962962962962964,34.9830817610063,31.733584905660376,0.0,3.7183799445704206,0.3613723575892819,135.0,0.07188841201716738,0.0,0.09012875536480687,0.0,0.0,0.0,0.0,0.0,0.9119051350192378,0.8833640813827515,14.888113207547171,51.25468553459123,17.529559748427676,72.12578616352201,6.674074074074074,574.0,3.0,6.0,106.0,82.0,0.018437481589481535,2.4890600145800073,0.007407407407407408,0.014814814814814815,0.0,0.0,0.0,0.014814814814814815,0.0,0.08888888888888889,0.06666666666666667,0.0,0.0,0.23703703703703705,0.14074074074074075,0.0,0.044444444444444446,0.06666666666666667,0.037037037037037035,0.46833270345175104,0.03579485328573874,0.0,0.0,0.7735849056603774,13.0,0.7987543940544128,35.333333333333336,41.0,8.73053390247253,13.023866798666859,1.4150943396226414,1.0,0.8111013305737613,0.0,8.226415094339623,5.0,8.910755657840385,0.009656652360515022,0.009656652360515022,0.0
JacksonCore-3.json,Defects4J,0.8011122345924377,0.8000526030858358,0.798575758934021,0.09806057065725327,1.2001773118972778,0.6746987951807228,19.56634146341463,25.29593495934959,0.0,2.4739784119389383,1.4225359734425678,166.0,0.0,0.17025257249766138,0.17025257249766138,0.17025257249766138,0.17025257249766138,0.17025257249766138,0.17025257249766138,0.0,4.137274545093973,0.2952508446243074,13.190739837398379,22.399280487804873,15.976910569105693,48.88536585365854,5.783132530120482,959.0,10.0,36.0,123.0,86.0,0.3773005315214861,62.631888232566695,0.060240963855421686,0.030120481927710843,0.012048192771084338,0.060240963855421686,0.018072289156626505,0.04216867469879518,0.0,0.2289156626506024,0.060240963855421686,0.024096385542168676,0.012048192771084338,0.10843373493975904,0.20481927710843373,0.006024096385542169,0.012048192771084338,0.05421686746987952,0.018072289156626505,0.43056846662109816,0.08622819178598365,0.0,0.0,0.6991869918699187,4.5,0.3803506924305111,12.3,9.5,9.581753492967767,13.662883650711645,2.032520325203252,1.0,1.7480998248253345,0.01694915254237288,7.3983739837398375,5.0,7.95489299483803,0.050514499532273154,0.03648269410664172,0.03928905519176801
Math-71.json,Defects4J,0.739031195640564,0.73566734790802,0.7330358028411865,0.35023847222328186,1.253114938735962,0.5074183976261127,38.23882352941176,31.465882352941176,0.0,3.257001102687726,1.2970887395808806,337.0,0.0685466377440347,0.0,0.03644251626898048,0.0,0.0,0.0,0.0,0.015618221258134491,4.382182236569591,0.5601093709468842,19.587352941176466,30.32808823529416,22.176470588235297,78.18627450980392,6.415430267062314,1474.0,6.0,30.0,255.0,163.0,0.23742566504505924,80.01244912018497,0.06231454005934718,0.04154302670623145,0.002967359050445104,0.008902077151335312,0.002967359050445104,0.032640949554896145,0.0,0.13056379821958458,0.05934718100890208,0.002967359050445104,0.002967359050445104,0.1632047477744807,0.19881305637982197,0.0,0.017804154302670624,0.05341246290801187,0.03560830860534125,0.4821099454078501,0.04615556733313519,0.0,0.0,0.6392156862745098,15.166666666666666,0.505274698138237,42.5,32.5,39.00747791556554,16.52667757954773,1.576470588235294,1.0,1.2868243683647358,0.0,8.156862745098039,5.0,9.345172915698154,0.0034707158351409977,0.0039045553145336228,0.0
JacksonDatabind-43.json,Defects4J,0.7801415324211121,0.7768115202585856,0.7742800116539001,0.27788046002388,1.1960738897323608,0.7204066811909949,13.946111111111115,16.270505050505047,0.0,2.2597014175227264,0.8134892127614879,1377.0,0.2576391530366426,0.403448713072144,0.48053759350830483,0.4711550652973247,0.46570305566121467,0.45074172689235453,0.4307087612526943,0.22391276784582223,33.339242832731834,0.42640731310550595,6.906111111111112,74.93750000000001,10.303703703703704,44.446127946127945,5.128540305010893,6354.0,72.0,480.0,1188.0,380.0,218834228797.23233,301334733053788.94,0.03413217138707335,0.06100217864923747,0.032679738562091505,0.050835148874364564,0.007262164124909223,0.0718954248366013,0.029048656499636893,0.15468409586056645,0.026870007262164125,0.02832244008714597,0.05664488017429194,0.05809731299927379,0.1140159767610748,0.021060275962236745,0.008714596949891068,0.11546840958605664,0.002904865649963689,0.46499316656967493,0.0685690704221732,0.0,0.003924646781789639,0.31986531986531985,4.611111111111111,0.39057161424841197,16.5,9.5,15.97393710600698,10.190243380029422,1.3611111111111112,1.0,0.8009271423279527,0.008737864077669903,5.7592592592592595,4.0,5.414715899551146,0.003803727653100038,0.007607455306200076,0.011411182959300114
Closure-173.json,Defects4J,0.8244315981864929,0.8194592595100403,0.8154457211494446,1.0,0.9932227730751038,0.8333333333333334,5.905000000000001,9.646666666666668,0.0,1.3333333333333333,0.0,6.0,0.0,0.0,0.0,0.0,0.0,0.0,0.0,0.0,0.05298664906710747,,6.416666666666668,59.745000000000005,9.066666666666666,22.666666666666664,5.166666666666667,31.0,1.0,1.0,6.0,6.0,0.17573592793231638,1.0544155675938982,0.0,0.0,0.0,0.0,0.0,0.16666666666666666,0.0,0.16666666666666666,0.0,0.0,0.0,0.3333333333333333,0.0,0.0,0.0,0.16666666666666666,0.0,0.6666666666666666,0.0,0.0,0.0,1.0,1.0,,6.0,6.0,0.0,,1.6666666666666667,1.5,0.7453559924999299,0.0,5.166666666666667,5.0,3.0230595245361758,0.0,0.0,0.0
Time-26.json,Defects4J,0.7808427810668945,0.7802141507466634,0.7797259092330933,0.3921305239200592,1.3184549808502197,0.44930417495029823,30.288815520762427,31.35374631268437,0.0,3.7559974816497865,2.4296162730172552,503.0,0.0631946649730073,0.0927278501111464,0.24388694823753573,0.1994283899650683,0.1994283899650683,0.1263893299460146,0.0927278501111464,0.0,12.368719694877356,0.4354255807896455,21.103893805309735,-9.795908781483973,18.808350351713184,57.935330156569094,5.868787276341949,2952.0,13.0,62.0,339.0,140.0,467.8414819586509,235324.2654252014,0.055666003976143144,0.039761431411530816,0.011928429423459244,0.02385685884691849,0.005964214711729622,0.039761431411530816,0.0,0.13717693836978131,0.07157057654075547,0.003976143141153081,0.011928429423459244,0.1073558648111332,0.3121272365805169,0.003976143141153081,0.009940357852882704,0.02385685884691849,0.005964214711729622,0.4429248300063722,0.07236075039594364,0.02857142857142857,0.0,0.41297935103244837,8.307692307692308,0.3570704920725389,26.076923076923077,15.0,25.610879714748446,16.47975071879961,2.247787610619469,1.0,2.7561600840967198,0.003676470588235294,8.212389380530974,3.0,12.736113145959088,0.014607812003810734,0.0219117180057161,0.01778342330898698
Jsoup-75.json,Defects4J,0.7539622187614441,0.7527920603752136,0.7509920001029968,0.16583755612373352,1.197766661643982,0.6836363636363636,19.261266666666664,21.716800000000003,0.0,3.0442001805116554,1.71807416555554,275.0,0.0,0.0,0.13856812933025403,0.057736720554272515,0.057736720554272515,0.057736720554272515,0.0,0.0,5.5207395105294195,0.3083704747259617,10.81227777777778,50.93975000000003,14.077777777777778,52.52777777777778,5.621818181818182,1375.0,12.0,75.0,225.0,156.0,0.908435320744437,249.8197132047202,0.06909090909090909,0.06181818181818182,0.04727272727272727,0.025454545454545455,0.014545454545454545,0.04727272727272727,0.0,0.1781818181818182,0.03272727272727273,0.02909090909090909,0.01818181818181818,0.07272727272727272,0.18181818181818182,0.025454545454545455,0.0036363636363636364,0.08363636363636363,0.04,0.45643543159936595,0.05866765059236404,0.0,0.0,0.6933333333333334,6.333333333333333,0.3169589262455702,18.75,18.0,10.37725879025863,13.160352788161607,1.6177777777777778,1.0,1.2276968299107232,0.009708737864077669,6.648888888888889,5.0,6.674416236553235,0.008660508083140877,0.07217090069284064,0.07505773672055427
Collections-24.json,Defects4J,0.7162506580352783,0.7124994198481241,0.7100093364715576,0.13538093864917755,1.2008352279663086,0.463768115942029,40.21541666666666,37.06214285714286,0.0,3.779380341880342,1.6223650296156815,138.0,0.08033240997229917,0.0,0.07756232686980609,0.0,0.0,0.0,0.0,0.0,0.9922836220589294,0.8839264810085297,18.039642857142862,32.22202380952382,21.004761904761907,77.51190476190476,7.594202898550725,661.0,3.0,11.0,112.0,80.0,0.019546284473913347,2.6973872574000417,0.007246376811594203,0.007246376811594203,0.0,0.014492753623188406,0.0,0.028985507246376812,0.0,0.10869565217391304,0.07246376811594203,0.014492753623188406,0.0,0.21739130434782608,0.13768115942028986,0.0,0.043478260869565216,0.057971014492753624,0.014492753623188406,0.5373931623931624,0.03937078156557326,0.0,0.0,0.7142857142857143,15.0,0.8551073670387268,37.333333333333336,40.0,21.31248981752771,16.728156217252725,1.6160714285714286,1.0,1.3643780353953916,0.0,9.125,6.0,9.700998659931873,0.008310249307479225,0.008310249307479225,0.0
JacksonDatabind-107.json,Defects4J,0.801304042339325,0.8001734614372253,0.7989592552185059,0.17228712141513824,1.1318562030792236,0.7252747252747253,45.70260869565218,52.36521739130434,0.0,2.7458218864468864,0.5940414025899207,91.0,0.0,0.0,0.11517165005537099,0.11517165005537099,0.11517165005537099,0.0,0.0,0.0,2.080632238635264,0.08061318844556808,27.41188405797101,-60.50130434782605,22.53333333333333,82.42028985507247,9.241758241758241,841.0,3.0,13.0,69.0,55.0,0.08801682691133937,8.009531248931882,0.04395604395604396,0.04395604395604396,0.0,0.02197802197802198,0.01098901098901099,0.04395604395604396,0.0,0.0989010989010989,0.07692307692307693,0.0,0.01098901098901099,0.27472527472527475,0.21978021978021978,0.0,0.01098901098901099,0.12087912087912088,0.0,0.42210393772893773,0.028340350249367752,0.0,0.0,0.7971014492753623,13.666666666666666,0.3706534802913666,23.0,14.0,14.89966442575134,18.946978176291534,2.8840579710144927,2.0,3.1875492920726707,0.029411764705882353,11.81159420289855,7.0,14.425496110644765,0.006644518272425249,0.0,0.0
Compress-6.json,Defects4J,0.7641481757164001,0.7613097826639811,0.7561171054840088,0.36495596170425415,1.1939473152160645,0.720763723150358,21.267250945775537,18.87846994535518,0.0,3.1653125698273326,1.2870961458700576,419.0,0.03764705882352941,0.0,0.03764705882352941,0.03764705882352941,0.0,0.0,0.0,0.000784313725490196,8.43392924311863,0.4127138387411833,12.187267759562843,57.83097730138715,15.195964691046658,56.29592265657839,5.436754176610979,1869.0,13.0,135.0,366.0,220.0,10.979812102131625,4600.541270793151,0.03341288782816229,0.06921241050119331,0.031026252983293555,0.04295942720763723,0.00954653937947494,0.06921241050119331,0.0,0.16945107398568018,0.03579952267303103,0.016706443914081145,0.0405727923627685,0.10978520286396182,0.10023866348448687,0.028639618138424822,0.016706443914081145,0.09785202863961814,0.011933174224343675,0.38657042374066664,0.12533856491764292,0.0,0.0,0.6010928961748634,7.923076923076923,0.35293635658242484,28.153846153846153,26.0,18.4259271923941,12.635684438814376,1.4234972677595628,1.0,0.8798874796066206,0.0,6.076502732240437,4.0,6.400960038030427,0.004705882352941176,0.0035294117647058825,0.0
Lang-64.json,Defects4J,0.7482928037643433,0.7461176514625549,0.7448161244392395,0.2755089998245239,1.1952338218688965,0.5141509433962265,41.71329388560158,27.339644970414195,0.0,3.159143020077478,0.46272279456065507,212.0,0.06381435823060189,0.0,0.0,0.0,0.0,0.0,0.0,0.0014503263234227702,2.563813691491175,0.7750442922115326,22.99775147928995,30.51583826429983,26.083629191321503,89.46942800788955,6.132075471698113,911.0,3.0,33.0,169.0,127.0,0.061251154351436014,12.985244722504435,0.02358490566037736,0.02830188679245283,0.014150943396226415,0.02830188679245283,0.0047169811320754715,0.02830188679245283,0.0,0.10849056603773585,0.0660377358490566,0.018867924528301886,0.009433962264150943,0.17452830188679244,0.1650943396226415,0.0047169811320754715,0.02830188679245283,0.06132075471698113,0.02358490566037736,0.4724264055217981,0.03966989334025819,0.0,0.0,0.7514792899408284,18.666666666666668,0.7098873257637024,56.333333333333336,43.0,39.51652256405611,15.903189008614273,1.4082840236686391,1.0,0.8997974866400171,0.0,7.42603550295858,5.0,8.416427105934487,0.006526468455402465,0.006526468455402465,0.0
Math-26.json,Defects4J,0.7559999227523804,0.7551673054695129,0.7538280487060547,0.27555662393569946,1.2360217571258545,0.6978021978021978,22.520799062988026,21.358761061946904,0.0,3.136771701244469,1.0820507093454825,546.0,0.02533136966126657,0.0,0.0,0.0,0.0,0.0,0.0,0.0,13.34862938234149,0.4475429953308776,13.236491410723584,47.52006507027593,15.768037480478919,59.11035918792295,5.573260073260073,2633.0,17.0,160.0,452.0,265.0,1148.2684679018646,626954.583474418,0.04945054945054945,0.054945054945054944,0.02197802197802198,0.047619047619047616,0.014652014652014652,0.09523809523809523,0.0,0.16117216117216118,0.040293040293040296,0.018315018315018316,0.027472527472527472,0.10073260073260074,0.15018315018315018,0.018315018315018316,0.016483516483516484,0.08791208791208792,0.005494505494505495,0.4176943043748082,0.11906012246364114,0.0,0.0,0.5862831858407079,8.647058823529411,0.2800033986568451,26.58823529411765,24.0,13.19116827332685,13.681092451943961,1.5641592920353982,1.0,1.1835332026955072,0.0,6.508849557522124,5.0,6.749789344757805,0.005891016200294551,0.002650957290132548,0.0
Gson-16.json,Defects4J,0.7780011892318726,0.7733364502588908,0.7705524563789368,0.27893516421318054,1.2147353887557983,0.6173312883435583,19.502391769765637,19.14699910952805,0.0,2.4901445599180567,1.150996880353703,1304.0,0.27429385851256805,0.395698367452708,0.5419797875097175,0.5344648872764965,0.5248769111168696,0.4857476030059601,0.4029541331951283,0.19137082145633583,19.404883181131922,0.4965094387855219,10.488083211761811,62.42536518823064,13.404285633087666,61.204391731873216,5.443251533742331,6336.0,47.0,256.0,1123.0,371.0,205189.95496029317,267567701.2682223,0.03374233128834356,0.05674846625766871,0.012269938650306749,0.02530674846625767,0.003067484662576687,0.04754601226993865,0.015337423312883436,0.17638036809815952,0.05521472392638037,0.013803680981595092,0.018404907975460124,0.1111963190184049,0.11042944785276074,0.009202453987730062,0.02530674846625767,0.09355828220858896,0.00843558282208589,0.4582318870297723,0.10124305253654683,0.011128775834658187,0.00794912559618442,0.3303650934995548,8.914893617021276,0.4527647380406658,23.893617021276597,10.0,33.63017518036203,11.788900449767144,1.4203027604630454,1.0,0.8332029505335277,0.02378255945639864,6.154051647373108,5.0,4.770265301459501,0.010883648613630474,0.012438455558434827,0.015548069448043534
Closure-124.json,Defects4J,0.8244315981864929,0.8194592595100403,0.8154457211494446,1.0,0.9932227730751038,0.8333333333333334,5.905000000000001,9.646666666666668,0.0,1.3333333333333333,0.0,6.0,0.0,0.0,0.0,0.0,0.0,0.0,0.0,0.0,0.05298664906710747,,6.416666666666668,59.745000000000005,9.066666666666666,22.666666666666664,5.166666666666667,31.0,1.0,1.0,6.0,6.0,0.17573592793231638,1.0544155675938982,0.0,0.0,0.0,0.0,0.0,0.16666666666666666,0.0,0.16666666666666666,0.0,0.0,0.0,0.3333333333333333,0.0,0.0,0.0,0.16666666666666666,0.0,0.6666666666666666,0.0,0.0,0.0,1.0,1.0,,6.0,6.0,0.0,,1.6666666666666667,1.5,0.7453559924999299,0.0,5.166666666666667,5.0,3.0230595245361758,0.0,0.0,0.0
JacksonDatabind-14.json,Defects4J,0.7716425657272339,0.7689198851585388,0.7650490999221802,0.26003608107566833,1.186680555343628,0.49511002444987773,43.67219202898551,55.404130434782616,0.0,3.058181900468638,3.135760604338187,818.0,0.003218020917135961,0.0,0.27219093590775006,0.02654867256637168,0.02467149369804237,0.006167873424510592,0.0,0.0,16.634957550934065,0.7810189414092086,23.22588405797101,-49.60697101449273,17.297971014492756,57.73768115942029,8.777506112469437,6579.0,45.0,77.0,552.0,236.0,20498.258582667208,16767575.520621777,0.04156479217603912,0.06968215158924206,0.0,0.0012224938875305623,0.0012224938875305623,0.008557457212713936,0.0012224938875305623,0.1136919315403423,0.039119804400977995,0.0012224938875305623,0.004889975550122249,0.20048899755501223,0.3251833740831296,0.003667481662591687,0.004889975550122249,0.028117359413202935,0.01589242053789731,0.48303297482057195,0.0875934247899737,0.0,0.0,0.427536231884058,5.5777777777777775,0.758971388971563,12.266666666666667,4.0,20.722934155181793,14.265292616868656,2.8840579710144927,1.0,3.2539217447991957,0.0045662100456621,12.519927536231885,6.0,15.182213372670658,0.03298471440064361,0.04397961920085814,0.031375703942075624
Compress-29.json,Defects4J,0.7276884913444519,0.7243513464927673,0.7210179567337036,0.22008684277534485,1.142192006111145,0.5031446540880503,40.93102756892231,33.71127819548872,0.0,2.863819474537371,0.8786533846634567,159.0,0.07113316790736146,0.0,0.17535153019023986,0.10587262200165426,0.10587262200165426,0.10587262200165426,0.10587262200165426,0.0,1.4233432644354127,0.6636331975460052,19.621804511278203,33.3464411027569,24.049122807017547,82.67919799498748,7.3081761006289305,775.0,3.0,19.0,133.0,92.0,0.026106761476936594,4.150975074832918,0.012578616352201259,0.025157232704402517,0.0,0.0,0.006289308176100629,0.0440251572327044,0.0,0.0880503144654088,0.05660377358490566,0.012578616352201259,0.012578616352201259,0.1949685534591195,0.11320754716981132,0.012578616352201259,0.03773584905660377,0.08176100628930817,0.031446540880503145,0.4779880270274608,0.040237558705642974,0.0,0.0,0.6917293233082706,17.0,0.35112112760543823,44.333333333333336,19.0,46.082052423427875,18.243605946275583,1.518796992481203,1.0,0.9856222320706128,0.0,8.533834586466165,5.0,9.270819992916454,0.007444168734491315,0.007444168734491315,0.0
Cli-1.json,Defects4J,0.7499758005142212,0.7476891279220581,0.746131956577301,0.24008141458034515,1.2217223644256592,0.596401028277635,25.465222222222216,20.38464516129032,0.0,4.561012507509641,3.4519028279647617,389.0,0.04289544235924933,0.0,0.04289544235924933,0.04289544235924933,0.0,0.0,0.0,0.0017873100983020554,7.26453269640428,0.44077695347368717,14.896236559139787,49.61324372759859,17.77777777777778,59.2831541218638,5.295629820051414,1644.0,9.0,101.0,310.0,193.0,3.6727964698273863,1428.7178267628533,0.04627249357326478,0.03598971722365039,0.03598971722365039,0.033419023136246784,0.017994858611825194,0.038560411311053984,0.0,0.12339331619537275,0.038560411311053984,0.017994858611825194,0.033419023136246784,0.11568123393316196,0.17480719794344474,0.017994858611825194,0.017994858611825194,0.07197943444730077,0.010282776349614395,0.45090061242535373,0.07233658659171065,0.0,0.0,0.6225806451612903,8.555555555555555,0.41738478200776236,34.44444444444444,26.0,29.360257004291103,13.731508374201276,1.4451612903225806,1.0,1.1195732797919666,0.0,6.3,4.0,7.685575093389501,0.004021447721179625,0.004021447721179625,0.0
Cli-27.json,Defects4J,0.7278921604156494,0.7238211035728455,0.721123218536377,0.30998629331588745,1.1845901012420654,0.5176470588235295,29.74282608695652,29.784057971014487,0.0,2.9714693313222726,1.113640847278381,170.0,0.08473154362416108,0.0,0.07046979865771812,0.0,0.0,0.0,0.0,0.02936241610738255,2.1100037748091744,0.5082787871360779,11.420376811594206,62.34273913043479,14.228405797101452,60.208695652173915,6.652941176470589,702.0,5.0,25.0,138.0,99.0,0.04851924953071942,8.248272420222301,0.041176470588235294,0.023529411764705882,0.0,0.0058823529411764705,0.0058823529411764705,0.052941176470588235,0.0,0.12352941176470589,0.07058823529411765,0.01764705882352941,0.0,0.18235294117647058,0.13529411764705881,0.0058823529411764705,0.03529411764705882,0.058823529411764705,0.0058823529411764705,0.4731008044243338,0.041889980826235934,0.0,0.0,0.717391304347826,9.0,0.3740638792514801,27.6,18.0,17.556765077883796,11.602472056035307,1.3768115942028984,1.0,0.8271033665727695,0.0,7.934782608695652,5.0,9.174007486291806,0.007550335570469799,0.007550335570469799,0.0
Jsoup-22.json,Defects4J,0.8200947046279907,0.8159652352333069,0.8127316236495972,0.35195261240005493,1.2293754816055298,0.8347107438016529,22.90305555555556,21.59592592592593,0.0,2.8894683743256446,0.6252179658119649,121.0,0.0,0.0,0.0736196319018405,0.0,0.0,0.0,0.0,0.0,2.6742819166549343,0.36858078837394714,15.480740740740742,32.163333333333355,17.83703703703704,64.03703703703704,5.950413223140496,720.0,4.0,36.0,108.0,75.0,0.119850681847758,14.501932503578718,0.05785123966942149,0.09090909090909091,0.0,0.03305785123966942,0.008264462809917356,0.06611570247933884,0.0,0.19008264462809918,0.06611570247933884,0.01652892561983471,0.03305785123966942,0.1322314049586777,0.09917355371900827,0.03305785123966942,0.008264462809917356,0.11570247933884298,0.0,0.45737383713521096,0.034539435361550706,0.0,0.0,0.6944444444444444,10.0,0.22131402790546417,27.0,22.5,13.546217184144066,15.579741850924794,1.7407407407407407,1.0,1.1169599148148313,0.0196078431372549,6.546296296296297,5.0,5.963444597526169,0.0,0.0,0.0
JacksonDatabind-111.json,Defects4J,0.794694721698761,0.7930735548337301,0.7919196486473083,0.32087889313697815,1.1624375581741333,0.6152263374485597,26.49869080779944,20.80111420612813,0.0,4.388669890402735,3.502194791934178,486.0,0.022869789745481373,0.1364810033198082,0.24787901143489488,0.2298045001844338,0.2102545186278126,0.1652526742899299,0.1364810033198082,0.0,9.696290590423338,0.45998116996553207,20.268938718662955,13.686193593314783,22.382284122562677,67.37632311977715,4.98559670781893,2347.0,10.0,113.0,359.0,168.0,33.451009534514675,16257.190633774131,0.06378600823045268,0.05761316872427984,0.01440329218106996,0.026748971193415638,0.01646090534979424,0.0411522633744856,0.0,0.12757201646090535,0.024691358024691357,0.01440329218106996,0.0411522633744856,0.11316872427983539,0.26337448559670784,0.01440329218106996,0.00205761316872428,0.08024691358024691,0.02880658436213992,0.47726513703928763,0.052810779570125116,0.0,0.0,0.467966573816156,11.3,0.41956203058362007,35.9,19.5,33.91592546282646,18.458006810337128,1.8523676880222841,1.0,1.8108120706070563,0.006134969325153374,6.364902506963788,4.0,7.3346580204807905,0.0073773515308004425,0.011066027296200664,0.020656584286241238
Math-30.json,Defects4J,0.7457581758499146,0.7425494988759359,0.7394118309020996,0.1495780497789383,1.1956051588058472,0.5761316872427984,43.322399999999995,33.23519999999999,0.0,4.028259742951907,0.8296649183887144,243.0,0.10305343511450382,0.0,0.020719738276990186,0.0,0.0,0.0,0.0,0.029443838604143947,2.8808637480576165,0.8273172974586487,21.492,30.03100000000002,24.6,88.0,7.1234567901234565,1143.0,4.0,30.0,200.0,152.0,0.07337311469402161,17.82966687064725,0.02880658436213992,0.0411522633744856,0.0,0.00823045267489712,0.00823045267489712,0.03292181069958848,0.0,0.13580246913580246,0.053497942386831275,0.00823045267489712,0.00411522633744856,0.23045267489711935,0.13991769547325103,0.00411522633744856,0.02880658436213992,0.06995884773662552,0.012345679012345678,0.48212101693911397,0.035865448276286516,0.0,0.0,0.76,19.0,0.8510017693042755,50.0,47.5,18.506755523321747,16.827784334635936,1.49,1.0,1.1488690090693543,0.0,8.44,5.0,10.232125878819122,0.004907306434023991,0.004907306434023991,0.0
Closure-132.json,Defects4J,0.8244315981864929,0.8194592595100403,0.8154457211494446,1.0,0.9932227730751038,0.8333333333333334,5.905000000000001,9.646666666666668,0.0,1.3333333333333333,0.0,6.0,0.0,0.0,0.0,0.0,0.0,0.0,0.0,0.0,0.05298664906710747,,6.416666666666668,59.745000000000005,9.066666666666666,22.666666666666664,5.166666666666667,31.0,1.0,1.0,6.0,6.0,0.17573592793231638,1.0544155675938982,0.0,0.0,0.0,0.0,0.0,0.16666666666666666,0.0,0.16666666666666666,0.0,0.0,0.0,0.3333333333333333,0.0,0.0,0.0,0.16666666666666666,0.0,0.6666666666666666,0.0,0.0,0.0,1.0,1.0,,6.0,6.0,0.0,,1.6666666666666667,1.5,0.7453559924999299,0.0,5.166666666666667,5.0,3.0230595245361758,0.0,0.0,0.0
JacksonCore-23.json,Defects4J,0.8128874897956848,0.8113407293955485,0.8105658292770386,0.24538135528564453,1.2356131076812744,0.8064516129032258,19.66097619047619,18.296222222222216,0.0,4.135225987521094,2.7814523928173127,217.0,0.0,0.0,0.084375,0.084375,0.084375,0.084375,0.0,0.0,4.958957289045944,0.3905743444338441,14.301904761904762,38.32500000000002,15.841269841269844,52.93650793650794,5.147465437788019,1117.0,7.0,84.0,180.0,116.0,0.6564294436606816,142.4451892743679,0.08755760368663594,0.06451612903225806,0.03686635944700461,0.0967741935483871,0.027649769585253458,0.027649769585253458,0.0,0.21658986175115208,0.03225806451612903,0.03686635944700461,0.03686635944700461,0.04608294930875576,0.1382488479262673,0.027649769585253458,0.004608294930875576,0.10138248847926268,0.0,0.4485402960381498,0.07642558081506691,0.0,0.0,0.6444444444444445,7.0,0.31731838434934617,25.714285714285715,18.0,19.542731829172165,13.925175675911131,1.6833333333333333,1.0,1.39234015639538,0.011363636363636364,5.9944444444444445,4.0,6.210651443932809,0.01875,0.02109375,0.0
Jsoup-34.json,Defects4J,0.7854909300804138,0.7833403944969177,0.7813907861709595,0.3452870845794678,1.1231367588043213,0.6787878787878788,26.25245228455755,34.447819548872175,0.0,2.2589496212394247,0.8866714042395706,165.0,0.0,0.0,0.13735849056603774,0.0,0.0,0.0,0.0,0.0,3.8858246328962913,0.6154545447789133,17.412030075187975,-11.55073452862922,14.618623481781377,43.313475997686524,7.496969696969697,1201.0,13.0,41.0,133.0,84.0,0.29519449316961616,48.70709137298667,0.024242424242424242,0.09090909090909091,0.030303030303030304,0.030303030303030304,0.01818181818181818,0.05454545454545454,0.0,0.10303030303030303,0.048484848484848485,0.006060606060606061,0.024242424242424242,0.13333333333333333,0.18787878787878787,0.012121212121212121,0.006060606060606061,0.06666666666666667,0.048484848484848485,0.4751668069557157,0.09112334595087876,0.0,0.045454545454545456,0.631578947368421,3.3846153846153846,0.7028440778905695,10.23076923076923,5.0,10.555012270180866,12.502718667466524,2.4586466165413534,1.0,2.7543848246637896,0.017543859649122806,9.037593984962406,5.0,11.070794753166131,0.047547169811320754,0.1449056603773585,0.1509433962264151
Cli-31.json,Defects4J,0.7259382009506226,0.721653401851654,0.7193654775619507,0.15791115164756775,1.180511713027954,0.49673202614379086,36.119005376344084,29.52806451612903,0.0,3.064292114695341,1.2300289643334692,153.0,0.06387035271687322,0.0,0.08007626310772165,0.0,0.0,0.0,0.0,0.0,1.4070953879488317,0.8718380331993103,17.849354838709676,40.710698924731176,20.72688172043011,77.6236559139785,6.5359477124183005,673.0,3.0,17.0,124.0,93.0,0.026693303949319576,4.084075504245895,0.0,0.013071895424836602,0.006535947712418301,0.0,0.006535947712418301,0.058823529411764705,0.0,0.12418300653594772,0.06535947712418301,0.0,0.0,0.20915032679738563,0.1437908496732026,0.006535947712418301,0.0392156862745098,0.0718954248366013,0.006535947712418301,0.5188172043010754,0.046921245382028846,0.0,0.0,0.75,15.0,0.8574826717376709,41.333333333333336,40.0,26.144895401503437,15.021129683784007,1.467741935483871,1.0,0.9196377606547376,0.0,7.830645161290323,5.0,8.410555746849532,0.008579599618684462,0.008579599618684462,0.0
Math-88.json,Defects4J,0.7306687831878662,0.7259891033172607,0.7227407693862915,0.26595690846443176,1.150801658630371,0.51875,29.008045112781957,33.74947368421053,0.0,2.329350161117078,1.2930865233697366,160.0,0.07996768982229402,0.0,0.0,0.0,0.0,0.0,0.0,0.0032310177705977385,1.394551150813104,0.5105220104257265,9.919248120300754,57.78759398496243,11.810526315789474,58.849624060150376,7.39375,780.0,7.0,19.0,133.0,104.0,0.025207274274809982,4.033163883969597,0.01875,0.04375,0.0,0.0125,0.0,0.025,0.0,0.1,0.0625,0.0,0.025,0.24375,0.10625,0.0,0.05,0.05625,0.01875,0.40899122807017546,0.17740614272308242,0.0,0.0,0.7819548872180451,7.571428571428571,0.3638767212629318,19.0,10.0,17.05453437819816,11.20814326018867,1.5338345864661653,1.0,1.2893366726131423,0.0,8.691729323308271,6.0,9.722604041113058,0.007269789983844911,0.007269789983844911,0.0
Csv-9.json,Defects4J,0.7378703355789185,0.736855149269104,0.7355473041534424,0.16346058249473572,1.1879383325576782,0.5228426395939086,31.523850931677018,34.66434782608695,0.0,2.9817928175195,1.028837512970785,197.0,0.10848126232741617,0.0,0.055226824457593686,0.0,0.0,0.0,0.0,0.0381328073635766,1.7234926101469419,0.5860374768575033,10.67689440993789,59.480062111801246,12.678260869565218,62.130434782608695,7.375634517766497,941.0,7.0,22.0,161.0,119.0,0.028447041348696255,5.604067145693162,0.005076142131979695,0.04060913705583756,0.005076142131979695,0.01015228426395939,0.0,0.04568527918781726,0.0,0.14213197969543148,0.04568527918781726,0.005076142131979695,0.0,0.18274111675126903,0.13705583756345177,0.005076142131979695,0.03553299492385787,0.07614213197969544,0.025380710659898477,0.4726672092666043,0.06845427274916994,0.0,0.0,0.7391304347826086,9.0,0.4435151517391205,23.0,18.0,16.01784718903975,11.20814326018867,1.4658385093167703,1.0,1.0094648720772934,0.0,8.801242236024844,6.0,10.190008427316197,0.005917159763313609,0.005917159763313609,0.0
Math-67.json,Defects4J,0.7394519448280334,0.7371648748715719,0.735723078250885,0.30876362323760986,1.2007966041564941,0.5208333333333334,33.75530726256983,29.920446927374304,0.0,3.453104066985646,0.611989431976444,240.0,0.1197452229299363,0.0,0.13630573248407643,0.0,0.0,0.0,0.0,0.06496815286624204,3.6893331651881485,0.3323501702398062,16.170882681564247,42.889061452513985,18.78927374301676,69.3195530726257,6.158333333333333,1006.0,5.0,44.0,179.0,121.0,0.1667423023361083,40.01815256066599,0.0375,0.0375,0.008333333333333333,0.029166666666666667,0.008333333333333333,0.04583333333333333,0.0,0.12083333333333333,0.041666666666666664,0.0125,0.0125,0.1375,0.22083333333333333,0.004166666666666667,0.025,0.058333333333333334,0.0125,0.4441726475279107,0.04607843853922414,0.0,0.0,0.6759776536312849,12.0,0.09886295100053151,35.8,39.0,21.141428523162762,14.554592549557764,1.5083798882681565,1.0,1.0158999372480275,0.0,7.916201117318436,5.0,9.033068675847018,0.01910828025477707,0.005732484076433121,0.0
Collections-7.json,Defects4J,0.7299121022224426,0.7259355783462524,0.7236734628677368,0.4073101580142975,1.1915620565414429,0.5755102040816327,35.687005076142135,30.160406091370557,0.0,2.5273095258243776,1.429089122154172,245.0,0.08784176847004072,0.0,0.0,0.0,0.0,0.0,0.0,0.038394415357766144,3.2085280532167637,0.29765559919178486,17.565847715736044,39.29983756345182,20.227005076142134,72.90253807106599,6.591836734693878,1167.0,5.0,44.0,197.0,140.0,0.10099036554565194,24.742639558684726,0.024489795918367346,0.04081632653061224,0.004081632653061225,0.0163265306122449,0.012244897959183673,0.053061224489795916,0.0,0.17551020408163265,0.04081632653061224,0.00816326530612245,0.012244897959183673,0.15918367346938775,0.1469387755102041,0.004081632653061225,0.04081632653061224,0.07755102040816327,0.004081632653061225,0.357998363938958,0.18181633508775982,0.0,0.0,0.7106598984771574,13.2,0.1584741622209549,39.4,16.0,37.20537595563308,15.112257680678326,1.5076142131979695,1.0,1.203291970763781,0.0,7.944162436548224,5.0,9.233129982465684,0.008144269924374637,0.005235602094240838,0.0
Closure-165.json,Defects4J,0.8244315981864929,0.8194592595100403,0.8154457211494446,1.0,0.9932227730751038,0.8333333333333334,5.905000000000001,9.646666666666668,0.0,1.3333333333333333,0.0,6.0,0.0,0.0,0.0,0.0,0.0,0.0,0.0,0.0,0.05298664906710747,,6.416666666666668,59.745000000000005,9.066666666666666,22.666666666666664,5.166666666666667,31.0,1.0,1.0,6.0,6.0,0.17573592793231638,1.0544155675938982,0.0,0.0,0.0,0.0,0.0,0.16666666666666666,0.0,0.16666666666666666,0.0,0.0,0.0,0.3333333333333333,0.0,0.0,0.0,0.16666666666666666,0.0,0.6666666666666666,0.0,0.0,0.0,1.0,1.0,,6.0,6.0,0.0,,1.6666666666666667,1.5,0.7453559924999299,0.0,5.166666666666667,5.0,3.0230595245361758,0.0,0.0,0.0
JacksonDatabind-55.json,Defects4J,0.8076404333114624,0.8062255382537842,0.8045913577079773,0.24733352661132812,1.2109063863754272,0.8031496062992126,27.72550595238095,21.469642857142855,0.0,4.127341417663999,0.9875592852854325,127.0,0.0,0.0,0.1291866028708134,0.1291866028708134,0.1291866028708134,0.1291866028708134,0.1291866028708134,0.0,2.188699054739562,0.2317543551325798,19.514642857142864,21.6470238095238,22.076190476190476,66.79761904761905,5.850393700787402,743.0,3.0,39.0,112.0,76.0,0.07026453897249868,8.923596449507333,0.031496062992125984,0.06299212598425197,0.015748031496062992,0.015748031496062992,0.03937007874015748,0.05511811023622047,0.0,0.18110236220472442,0.08661417322834646,0.03937007874015748,0.05511811023622047,0.15748031496062992,0.06299212598425197,0.007874015748031496,0.031496062992125984,0.09448818897637795,0.0,0.44270957174182984,0.04142981871972657,0.0,0.0,0.6785714285714286,11.0,0.6312729120254517,37.333333333333336,28.0,19.136933459209764,17.879347455551382,1.7410714285714286,1.0,1.4438634662542278,0.04672897196261682,6.473214285714286,4.0,6.8334260145946395,0.0,0.0,0.0
JxPath-16.json,Defects4J,0.7364575862884521,0.7348080078760783,0.733025312423706,0.37157222628593445,1.184078574180603,0.5253456221198156,26.866,27.703999999999997,0.0,2.8634083178726035,0.9005902757773424,217.0,0.08046767537826685,0.0,0.10385144429160935,0.07977991746905089,0.07977991746905089,0.07977991746905089,0.0,0.0,2.9828386179115025,0.5537223269542059,10.882285714285715,61.56971428571431,13.657142857142857,61.0,6.32258064516129,926.0,7.0,29.0,175.0,124.0,0.09098517156038356,19.743782228603234,0.013824884792626729,0.03225806451612903,0.013824884792626729,0.018433179723502304,0.009216589861751152,0.018433179723502304,0.0,0.12903225806451613,0.06451612903225806,0.004608294930875576,0.013824884792626729,0.1935483870967742,0.16129032258064516,0.013824884792626729,0.02304147465437788,0.06912442396313365,0.013824884792626729,0.4824443413729128,0.04550905654024728,0.0,0.0,0.7085714285714285,9.0,0.502038699388504,25.0,13.0,21.360845355128486,11.765960540728905,1.417142857142857,1.0,0.8570666632801222,0.0,7.6,5.0,8.399999999999999,0.006189821182943604,0.0,0.0
Jsoup-63.json,Defects4J,0.8096617460250854,0.8070679306983948,0.8041764497756958,0.22476859390735626,1.1380563974380493,0.7787610619469026,34.558749999999996,23.518333333333334,0.0,3.5303212851405625,0.9636546184738954,113.0,0.0,0.3169107856191744,0.36750998668442075,0.36750998668442075,0.36750998668442075,0.36750998668442075,0.3169107856191744,0.0,1.637674578256908,0.5271078944206238,23.780000000000005,10.065000000000026,26.700000000000003,84.45833333333333,5.920353982300885,669.0,2.0,26.0,96.0,60.0,0.045515004395358834,5.143195496675548,0.035398230088495575,0.035398230088495575,0.0,0.05309734513274336,0.008849557522123894,0.017699115044247787,0.0,0.25663716814159293,0.04424778761061947,0.035398230088495575,0.035398230088495575,0.09734513274336283,0.1504424778761062,0.04424778761061947,0.008849557522123894,0.11504424778761062,0.02654867256637168,0.42891566265060244,0.028915662650602386,0.0,0.0,0.625,17.5,,48.0,48.0,20.0,,1.75,1.0,1.346291201783626,0.021739130434782608,6.791666666666667,4.0,6.666015593207751,0.0692410119840213,0.07456724367509987,0.10119840213049268
Closure-83.json,Defects4J,0.8244315981864929,0.8194592595100403,0.8154457211494446,1.0,0.9932227730751038,0.8333333333333334,5.905000000000001,9.646666666666668,0.0,1.3333333333333333,0.0,6.0,0.0,0.0,0.0,0.0,0.0,0.0,0.0,0.0,0.05298664906710747,,6.416666666666668,59.745000000000005,9.066666666666666,22.666666666666664,5.166666666666667,31.0,1.0,1.0,6.0,6.0,0.17573592793231638,1.0544155675938982,0.0,0.0,0.0,0.0,0.0,0.16666666666666666,0.0,0.16666666666666666,0.0,0.0,0.0,0.3333333333333333,0.0,0.0,0.0,0.16666666666666666,0.0,0.6666666666666666,0.0,0.0,0.0,1.0,1.0,,6.0,6.0,0.0,,1.6666666666666667,1.5,0.7453559924999299,0.0,5.166666666666667,5.0,3.0230595245361758,0.0,0.0,0.0
Jsoup-14.json,Defects4J,0.7857860922813416,0.7840676108996073,0.7808389663696289,0.2598893642425537,1.196547508239746,0.6895424836601307,15.700728744939276,17.136518218623475,0.0,3.0180434375276857,1.323624434714448,306.0,0.0,0.04929577464788732,0.15316901408450703,0.11737089201877934,0.11737089201877934,0.11737089201877934,0.11737089201877934,0.0,5.326096925816819,0.5757479767004648,10.78599190283401,51.57348178137653,13.591902834008096,47.74493927125506,4.9411764705882355,1474.0,13.0,71.0,247.0,142.0,0.6720058883071399,205.63380182198483,0.0718954248366013,0.0784313725490196,0.016339869281045753,0.0196078431372549,0.013071895424836602,0.05228758169934641,0.0,0.21241830065359477,0.0196078431372549,0.016339869281045753,0.029411764705882353,0.07516339869281045,0.16993464052287582,0.0032679738562091504,0.016339869281045753,0.08496732026143791,0.03594771241830065,0.4667007346053057,0.06241913495047298,0.0,0.0,0.5748987854251012,5.461538461538462,0.470170140943744,19.0,16.0,12.076678096486377,12.766815935922704,1.6072874493927125,1.0,1.2352889523975177,0.008968609865470852,5.866396761133603,5.0,5.842948306412312,0.03051643192488263,0.03990610328638498,0.05868544600938967
Cli-11.json,Defects4J,0.7088450789451599,0.70356818040212,0.6998552680015564,0.2107972949743271,1.1961252689361572,0.4836759371221282,15.65674960330054,10.915094890510947,0.0,4.794186679817789,7.84039853609428,827.0,0.05452127659574468,0.0574468085106383,0.19654255319148936,0.17553191489361702,0.12420212765957447,0.1077127659574468,0.07526595744680852,0.018617021276595744,13.769176980739129,0.5101731460202824,11.770034909552525,63.723316407489705,14.891145668041894,49.34465249127261,4.084643288996372,2659.0,23.0,177.0,685.0,249.0,1154.4418803781373,954723.4350727195,0.032648125755743655,0.044740024183796856,0.015719467956469165,0.026602176541717048,0.008464328899637243,0.045949214026602174,0.007255139056831923,0.23821039903264812,0.013301088270858524,0.008464328899637243,0.04353083434099154,0.07013301088270858,0.17049576783555018,0.006045949214026602,0.007255139056831923,0.05441354292623942,0.05078597339782346,0.44754547889321084,0.10135380035354946,0.004032258064516129,0.008064516129032258,0.3635036496350365,5.826086956521739,0.42473267834810985,29.782608695652176,20.0,28.373221486862104,11.635897716609016,1.3343065693430658,1.0,0.8564429882640319,0.0,4.712408759124088,3.0,6.675627806179626,0.04946808510638298,0.07101063829787234,0.0925531914893617
JacksonDatabind-22.json,Defects4J,0.8117679953575134,0.8097335497538248,0.8065731525421143,0.064342200756073,1.1466431617736816,0.8641975308641975,26.928468468468466,27.974054054054047,0.0,2.676282051282051,1.221326288383082,81.0,0.0,0.0,0.09717868338557993,0.09717868338557993,0.0,0.0,0.0,0.0,1.1596575193621492,-0.00667976588010788,17.470540540540544,13.74157657657662,20.67747747747748,66.55855855855856,7.074074074074074,573.0,3.0,22.0,74.0,55.0,0.039368407071483036,3.1888409727901257,0.07407407407407407,0.04938271604938271,0.0,0.04938271604938271,0.012345679012345678,0.0,0.0,0.24691358024691357,0.07407407407407407,0.037037037037037035,0.024691358024691357,0.13580246913580246,0.07407407407407407,0.037037037037037035,0.012345679012345678,0.13580246913580246,0.0,0.4407051282051282,0.047160060799878716,0.0,0.0,0.7432432432432432,10.333333333333334,0.3161660432815552,24.666666666666668,13.0,23.921166824012204,17.879347455551382,1.9864864864864864,1.0,1.4565160509153827,0.028169014084507043,7.648648648648648,5.5,6.607596840886053,0.032915360501567396,0.0,0.0
Closure-112.json,Defects4J,0.8244315981864929,0.8194592595100403,0.8154457211494446,1.0,0.9932227730751038,0.8333333333333334,5.905000000000001,9.646666666666668,0.0,1.3333333333333333,0.0,6.0,0.0,0.0,0.0,0.0,0.0,0.0,0.0,0.0,0.05298664906710747,,6.416666666666668,59.745000000000005,9.066666666666666,22.666666666666664,5.166666666666667,31.0,1.0,1.0,6.0,6.0,0.17573592793231638,1.0544155675938982,0.0,0.0,0.0,0.0,0.0,0.16666666666666666,0.0,0.16666666666666666,0.0,0.0,0.0,0.3333333333333333,0.0,0.0,0.0,0.16666666666666666,0.0,0.6666666666666666,0.0,0.0,0.0,1.0,1.0,,6.0,6.0,0.0,,1.6666666666666667,1.5,0.7453559924999299,0.0,5.166666666666667,5.0,3.0230595245361758,0.0,0.0,0.0
Math-10.json,Defects4J,0.7256871461868286,0.7223810156186422,0.7188747525215149,0.2320435643196106,1.255450963973999,0.5153374233128835,28.947014925373132,29.257910447761194,0.0,2.8074236874236873,1.250242733002798,163.0,0.07563764291996482,0.0,0.07387862796833773,0.0,0.0,0.0,0.0,0.0,1.779248044668229,0.5106986165046692,11.064985074626865,63.46583582089555,13.705074626865674,59.635820895522386,6.631901840490798,694.0,5.0,25.0,134.0,101.0,0.03635214176380367,5.925399107499998,0.018404907975460124,0.03680981595092025,0.012269938650306749,0.012269938650306749,0.012269938650306749,0.03680981595092025,0.0,0.10429447852760736,0.06748466257668712,0.006134969325153374,0.012269938650306749,0.1901840490797546,0.13496932515337423,0.0,0.03680981595092025,0.05521472392638037,0.03067484662576687,0.4924786324786325,0.07150051582755063,0.0,0.0,0.753731343283582,8.8,0.6087420185407003,26.8,15.0,23.701476747240875,11.20814326018867,1.373134328358209,1.0,0.8256308469217513,0.0,7.850746268656716,5.0,8.929665019110788,0.0079155672823219,0.0079155672823219,0.0
Lang-52.json,Defects4J,0.751719057559967,0.749884565671285,0.7477802634239197,0.2301369607448578,1.2773566246032715,0.5047619047619047,34.12048022598869,28.245084745762707,0.0,4.355266391714964,1.753151056791475,315.0,0.041666666666666664,0.0,0.08333333333333333,0.04693486590038314,0.0,0.0,0.0,0.0009578544061302681,3.925228894011803,0.7105404138565063,18.650000000000002,31.408276836158223,20.8180790960452,71.5367231638418,6.228571428571429,1563.0,6.0,38.0,236.0,153.0,0.16084023356224392,50.664673572106835,0.006349206349206349,0.02857142857142857,0.012698412698412698,0.0380952380952381,0.009523809523809525,0.015873015873015872,0.0,0.10476190476190476,0.04126984126984127,0.012698412698412698,0.009523809523809525,0.2,0.19682539682539682,0.006349206349206349,0.025396825396825397,0.0761904761904762,0.047619047619047616,0.44398481975388315,0.08454495623175627,0.0,0.0,0.6483050847457628,12.666666666666666,0.646796889603138,39.333333333333336,35.5,21.005290338917533,15.903189008614273,1.6016949152542372,1.0,1.4090496286773722,0.0,7.61864406779661,5.0,9.088006150337185,0.007662835249042145,0.004310344827586207,0.0
Gson-4.json,Defects4J,0.7756033539772034,0.7715933918952942,0.769315242767334,0.383273184299469,1.2183215618133545,0.6670235546038544,13.370721328489878,15.058536585365854,0.0,2.3322935975547763,0.8690796495880848,934.0,0.21355275895450146,0.33204259438528555,0.45188770571151987,0.4515004840271055,0.4356243949661181,0.423620522749274,0.3661181026137464,0.09564375605033881,18.1053295432951,0.5147353030650107,7.432060197197718,72.85307472755579,10.295796574987028,47.69071094966269,4.982869379014989,4233.0,47.0,264.0,820.0,297.0,78108.41723107635,72953261.69382532,0.029978586723768737,0.056745182012847964,0.019271948608137045,0.03961456102783726,0.014989293361884369,0.07066381156316917,0.011777301927194861,0.1745182012847966,0.05032119914346895,0.018201284796573874,0.02569593147751606,0.08565310492505353,0.09528907922912205,0.017130620985010708,0.023554603854389723,0.10278372591006424,0.006423982869379015,0.4592600223701819,0.10471849534405368,0.002699055330634278,0.005398110661268556,0.3621951219512195,5.276595744680851,0.4436710593601068,17.4468085106383,12.0,16.23734664237382,10.000582790830583,1.3743902439024391,1.0,0.807028723097771,0.017830609212481426,5.536585365853658,4.0,4.288370894132118,0.005421103581800581,0.010842207163601162,0.02032913843175218
Collections-12.json,Defects4J,0.7449610233306885,0.7423018415768942,0.7405916452407837,0.30523210763931274,1.1766215562820435,0.4851063829787234,33.34614285714286,35.38088888888889,0.0,3.2912859461966604,2.1307624910912275,235.0,0.05,0.040229885057471264,0.07241379310344828,0.07241379310344828,0.07241379310344828,0.040229885057471264,0.040229885057471264,0.0,2.1029579320560954,0.45456841836373013,15.481904761904765,29.86500000000001,17.174603174603174,66.82539682539682,7.068085106382979,1274.0,7.0,20.0,180.0,133.0,0.03485259850198134,8.190360647965614,0.03829787234042553,0.03404255319148936,0.00851063829787234,0.00851063829787234,0.0,0.01276595744680851,0.0,0.11063829787234042,0.0425531914893617,0.00425531914893617,0.01276595744680851,0.20425531914893616,0.18723404255319148,0.00851063829787234,0.03829787234042553,0.059574468085106386,0.02127659574468085,0.38324056895485464,0.1695150846919541,0.0,0.0,0.7388888888888889,10.571428571428571,0.3431155651807785,25.714285714285715,31.0,16.72222033885526,15.151101081350806,1.7833333333333334,1.0,1.6339284630063284,0.007575757575757576,8.9,6.0,9.7125920559058,0.006896551724137931,0.006896551724137931,0.0
Jsoup-43.json,Defects4J,0.8004950284957886,0.7973295251528422,0.795637309551239,0.30883651971817017,1.2443771362304688,0.7464788732394366,22.114761904761906,24.043809523809518,0.0,2.7654200504491206,0.8399244558987216,142.0,0.0,0.0,0.0,0.0,0.0,0.0,0.0,0.0,3.103760541202429,0.27435589730739596,15.357142857142858,22.362857142857166,16.33650793650794,54.33333333333333,6.338028169014085,898.0,6.0,46.0,126.0,89.0,0.15691256863965872,22.281584746831538,0.056338028169014086,0.06338028169014084,0.02112676056338028,0.04929577464788732,0.02112676056338028,0.04929577464788732,0.0,0.19718309859154928,0.056338028169014086,0.007042253521126761,0.04225352112676056,0.07746478873239436,0.1056338028169014,0.04225352112676056,0.007042253521126761,0.07746478873239436,0.04929577464788732,0.43339331856773716,0.0800094941871573,0.0,0.0,0.7063492063492064,7.0,0.2760403973516077,21.0,12.5,15.88500340992514,14.790194502661404,1.9285714285714286,1.0,1.657970510338446,0.017391304347826087,7.015873015873016,4.0,8.539343239851764,0.0,0.0,0.0
Time-10.json,Defects4J,0.7809896469116211,0.7798714439074198,0.778650164604187,0.3290545344352722,1.1832263469696045,0.5989304812834224,28.392482269503546,34.73021276595743,0.0,2.9070058935255014,2.1966062650893985,187.0,0.0,0.0,0.09297374024130589,0.063875088715401,0.0,0.0,0.0,0.0,4.041419938955565,0.457156885182485,16.881702127659576,1.9333333333333655,18.181560283687944,56.092198581560275,6.989304812834225,1307.0,9.0,31.0,141.0,94.0,0.30431598961410883,56.907090057838346,0.0748663101604278,0.0748663101604278,0.0,0.0213903743315508,0.0053475935828877,0.026737967914438502,0.0,0.11764705882352941,0.09090909090909091,0.0106951871657754,0.016042780748663103,0.15508021390374332,0.2192513368983957,0.0,0.0106951871657754,0.06951871657754011,0.016042780748663103,0.4812405731523379,0.07507854653536193,0.0,0.0,0.6666666666666666,6.333333333333333,0.4215197339653969,15.666666666666666,12.0,21.483844059096025,15.470042427545799,2.234042553191489,1.0,2.4397369288259685,0.032,8.914893617021276,5.0,11.27508353302209,0.008516678495386799,0.0127750177430802,0.017033356990773598
Closure-145.json,Defects4J,0.8244315981864929,0.8194592595100403,0.8154457211494446,1.0,0.9932227730751038,0.8333333333333334,5.905000000000001,9.646666666666668,0.0,1.3333333333333333,0.0,6.0,0.0,0.0,0.0,0.0,0.0,0.0,0.0,0.0,0.05298664906710747,,6.416666666666668,59.745000000000005,9.066666666666666,22.666666666666664,5.166666666666667,31.0,1.0,1.0,6.0,6.0,0.17573592793231638,1.0544155675938982,0.0,0.0,0.0,0.0,0.0,0.16666666666666666,0.0,0.16666666666666666,0.0,0.0,0.0,0.3333333333333333,0.0,0.0,0.0,0.16666666666666666,0.0,0.6666666666666666,0.0,0.0,0.0,1.0,1.0,,6.0,6.0,0.0,,1.6666666666666667,1.5,0.7453559924999299,0.0,5.166666666666667,5.0,3.0230595245361758,0.0,0.0,0.0
JacksonDatabind-75.json,Defects4J,0.7743017077445984,0.7737788756688436,0.7731524705886841,0.16117122769355774,1.2210417985916138,0.6597938144329897,17.40837662337662,21.832987012987008,0.0,2.2986303812591036,1.4434643433321448,194.0,0.008361204013377926,0.10033444816053512,0.13127090301003344,0.10033444816053512,0.10033444816053512,0.10033444816053512,0.10033444816053512,0.0,3.5260358036964226,0.34123364090919495,9.945324675324677,48.695129870129875,12.612987012987013,46.467532467532465,5.572164948453608,977.0,11.0,38.0,154.0,99.0,0.1752008313457596,33.98896128107736,0.08247422680412371,0.03608247422680412,0.005154639175257732,0.041237113402061855,0.015463917525773196,0.020618556701030927,0.005154639175257732,0.14432989690721648,0.05154639175257732,0.02577319587628866,0.030927835051546393,0.1134020618556701,0.19072164948453607,0.020618556701030927,0.005154639175257732,0.08247422680412371,0.02577319587628866,0.4593214273407803,0.05788651728449562,0.0,0.0,0.6428571428571429,4.545454545454546,0.4447248611185286,14.0,12.0,13.35528496003123,12.079253325248377,1.7012987012987013,1.0,1.400973085431055,0.014925373134328358,6.759740259740259,5.0,6.631345473557976,0.015050167224080268,0.017558528428093644,0.042642140468227424
Math-47.json,Defects4J,0.7260556817054749,0.7222055196762085,0.7199164032936096,0.257135808467865,1.222155213356018,0.5536723163841808,30.763581081081078,29.882432432432434,0.0,2.521772030651341,0.776512765547108,177.0,0.14657210401891252,0.0,0.07880220646178093,0.0,0.0,0.0,0.0,0.08037825059101655,2.0145470987284613,0.4148756377398968,11.979675675675676,61.89505405405406,15.353513513513514,64.05945945945946,6.813559322033898,743.0,5.0,30.0,148.0,108.0,0.042357802606730985,7.497331061391384,0.0,0.03954802259887006,0.02824858757062147,0.03389830508474576,0.0,0.022598870056497175,0.0,0.13559322033898305,0.06779661016949153,0.005649717514124294,0.011299435028248588,0.1807909604519774,0.11299435028248588,0.011299435028248588,0.03389830508474576,0.062146892655367235,0.01694915254237288,0.5125191570881226,0.040327144793355675,0.0,0.0,0.7297297297297297,10.2,0.3278520305951436,29.6,33.0,14.636939570825588,12.340626583579944,1.3581081081081081,1.0,0.7166941291786361,0.0,7.9391891891891895,5.0,9.29343443872663,0.0070921985815602835,0.0070921985815602835,0.0
Jsoup-55.json,Defects4J,0.8123772144317627,0.8068087100982666,0.8031306266784668,1.0,1.1776251792907715,0.8034188034188035,31.697788461538465,17.49730769230769,0.0,3.7041811846689896,0.2470383275261323,117.0,0.0,0.18285714285714286,0.18285714285714286,0.18285714285714286,0.18285714285714286,0.18285714285714286,0.18285714285714286,0.0,2.537733924070404,0.4885503649711609,24.20538461538462,14.13961538461541,27.338461538461537,78.92307692307692,5.256410256410256,615.0,2.0,42.0,104.0,68.0,0.1081279521774729,12.65097040476433,0.03418803418803419,0.05128205128205128,0.0,0.08547008547008547,0.02564102564102564,0.042735042735042736,0.0,0.1623931623931624,0.042735042735042736,0.017094017094017096,0.07692307692307693,0.09401709401709402,0.09401709401709402,0.05128205128205128,0.008547008547008548,0.09401709401709402,0.05982905982905983,0.4052264808362369,0.0337979094076655,0.0,0.0,0.6538461538461539,14.0,,52.0,52.0,19.0,,1.6538461538461537,1.0,1.2692307692307694,0.020202020202020204,5.759615384615385,4.0,5.815257108390513,0.07428571428571429,0.08,0.10857142857142857
Mockito-19.json,Defects4J,0.8153719902038574,0.8149269421895345,0.8145901560783386,0.2996058762073517,1.2284600734710693,0.8203592814371258,15.382269170579029,18.43211267605633,0.0,2.485327834837639,0.5579048345318234,167.0,0.0,0.0,0.0,0.0,0.0,0.0,0.0,0.0,4.387127402558939,0.32435924373567104,10.50699530516432,47.83464006259783,13.071674491392802,47.4679186228482,5.407185628742515,903.0,9.0,61.0,142.0,103.0,0.4814916402147486,80.40910391586301,0.059880239520958084,0.0658682634730539,0.029940119760479042,0.05389221556886228,0.041916167664670656,0.04790419161676647,0.0,0.1377245508982036,0.041916167664670656,0.023952095808383235,0.0658682634730539,0.11377245508982035,0.11377245508982035,0.029940119760479042,0.005988023952095809,0.12574850299401197,0.0,0.42194334424331253,0.0990852998547102,0.0,0.0,0.7253521126760564,5.0,0.22504469113690512,15.777777777777779,14.0,6.956655929999346,12.457975602129121,1.6901408450704225,1.0,1.2113494895349026,0.014388489208633094,6.140845070422535,4.0,5.648870695185578,0.005825242718446602,0.0,0.0
JxPath-20.json,Defects4J,0.7458701133728027,0.741740087668101,0.7376601696014404,0.30603668093681335,1.1486783027648926,0.5268817204301075,32.90960264900662,32.20688741721854,0.0,2.8715146094215864,1.5511280424881233,186.0,0.0636896046852123,0.0,0.07027818448023426,0.07027818448023426,0.0,0.0,0.0,0.0,2.391798831669514,0.33456586638931185,15.333695364238412,38.91709933774837,18.437615894039734,67.94834437086092,6.951612903225806,906.0,5.0,23.0,151.0,113.0,0.058780339511185026,10.933143149080415,0.03763440860215054,0.03225806451612903,0.005376344086021506,0.005376344086021506,0.005376344086021506,0.03763440860215054,0.0,0.0967741935483871,0.043010752688172046,0.010752688172043012,0.016129032258064516,0.20430107526881722,0.13440860215053763,0.010752688172043012,0.053763440860215055,0.08064516129032258,0.03225806451612903,0.3693208109719738,0.1893400243824887,0.0,0.0,0.7483443708609272,11.4,0.16044695427020392,30.2,21.0,22.569005294872873,15.6451,1.6225165562913908,1.0,1.670712747351553,0.0,8.331125827814569,5.0,10.171849125235367,0.006588579795021962,0.0,0.0
JacksonDatabind-63.json,Defects4J,0.7658612132072449,0.7648704250653585,0.7643436193466187,0.17883510887622833,1.1714462041854858,0.5491803278688525,33.09690476190476,39.0342857142857,0.0,3.2141866767504883,2.091124349720109,244.0,0.005567928730512249,0.052338530066815145,0.12583518930957685,0.08129175946547884,0.08129175946547884,0.052338530066815145,0.052338530066815145,0.0,3.2326336343995195,0.793392438441515,19.29357142857143,-10.01523809523809,19.371428571428574,62.71428571428571,6.926229508196721,1562.0,9.0,10.0,168.0,89.0,0.10387836923121156,25.346322092415623,0.10655737704918032,0.03278688524590164,0.004098360655737705,0.0,0.004098360655737705,0.0,0.0,0.22131147540983606,0.03278688524590164,0.004098360655737705,0.0,0.11885245901639344,0.3073770491803279,0.004098360655737705,0.004098360655737705,0.028688524590163935,0.012295081967213115,0.46934338114145263,0.035006579969194256,0.0,0.0,0.5297619047619048,8.222222222222221,0.7028485855885914,18.666666666666668,4.0,21.087120871912948,16.594172100314452,2.3392857142857144,2.0,1.9875516080237572,0.014285714285714285,9.595238095238095,6.0,10.204013038318198,0.0077951002227171495,0.022271714922048998,0.0
Closure-153.json,Defects4J,0.8244315981864929,0.8194592595100403,0.8154457211494446,1.0,0.9932227730751038,0.8333333333333334,5.905000000000001,9.646666666666668,0.0,1.3333333333333333,0.0,6.0,0.0,0.0,0.0,0.0,0.0,0.0,0.0,0.0,0.05298664906710747,,6.416666666666668,59.745000000000005,9.066666666666666,22.666666666666664,5.166666666666667,31.0,1.0,1.0,6.0,6.0,0.17573592793231638,1.0544155675938982,0.0,0.0,0.0,0.0,0.0,0.16666666666666666,0.0,0.16666666666666666,0.0,0.0,0.0,0.3333333333333333,0.0,0.0,0.0,0.16666666666666666,0.0,0.6666666666666666,0.0,0.0,0.0,1.0,1.0,,6.0,6.0,0.0,,1.6666666666666667,1.5,0.7453559924999299,0.0,5.166666666666667,5.0,3.0230595245361758,0.0,0.0,0.0
Math-51.json,Defects4J,0.7144126296043396,0.7098681529362997,0.7070893049240112,0.21780113875865936,1.2092617750167847,0.4609375,36.750156249999996,32.092291666666654,0.0,4.563703742640874,1.3907996898783184,256.0,0.08645533141210375,0.0,0.05763688760806916,0.0,0.0,0.0,0.0,0.03804034582132565,2.633052860697065,0.7246333062648773,18.13079166666667,33.46837500000001,20.776666666666667,76.42083333333332,6.45703125,1134.0,5.0,18.0,192.0,141.0,0.054360114477752165,13.916189306304554,0.03515625,0.03515625,0.0,0.0078125,0.0,0.015625,0.0,0.11328125,0.0546875,0.0,0.0,0.19140625,0.21875,0.0,0.02734375,0.06640625,0.015625,0.43721614802354924,0.06659962026785043,0.0,0.0,0.734375,14.6,0.7052921454111735,38.4,40.0,17.488281790959338,16.15616582465906,1.5885416666666667,1.0,1.173702279085525,0.0,8.276041666666666,5.0,9.073877855228007,0.0069164265129683,0.005187319884726225,0.0
Lang-13.json,Defects4J,0.7527883052825928,0.7498112320899963,0.7454984784126282,0.2903457283973694,1.1594074964523315,0.5265392781316348,31.026610169491526,30.26983050847458,0.0,4.584472971544309,3.604175575209665,471.0,0.030408615774469433,0.0,0.10801393728222997,0.07665505226480836,0.07665505226480836,0.03484320557491289,0.0,0.0,6.854354469519871,0.4794408841566606,17.381666666666664,22.987415254237334,19.25762711864407,64.24576271186442,6.267515923566879,2391.0,12.0,62.0,354.0,199.0,2.0127387876158758,947.9999689670774,0.03821656050955414,0.027600849256900213,0.012738853503184714,0.008492569002123142,0.006369426751592357,0.04883227176220807,0.0021231422505307855,0.16985138004246284,0.01910828025477707,0.004246284501061571,0.006369426751592357,0.13588110403397027,0.23142250530785563,0.012738853503184714,0.016985138004246284,0.06157112526539278,0.025477707006369428,0.4694851518444612,0.06814568006247596,0.0,0.0,0.5621468926553672,10.25,0.34319353494793176,29.5,21.0,27.587738822406838,16.52667757954773,1.8192090395480225,1.0,1.669288371782082,0.0,8.005649717514125,5.0,8.669054761251273,0.005701615457713019,0.008869179600886918,0.010136205258156478
Codec-15.json,Defects4J,0.7622547149658203,0.7601587176322937,0.7570450901985168,0.2870010733604431,1.234493374824524,0.5900900900900901,31.355483870967745,26.08172043010752,0.0,4.468605181536216,1.5062034715960093,222.0,0.04438466711499664,0.0,0.06455951580363148,0.06455951580363148,0.0,0.0,0.0,0.0,3.183892125865049,0.43924884125590324,17.062086021505376,38.99312903225808,19.396129032258067,71.60860215053765,6.243243243243243,1059.0,5.0,46.0,186.0,127.0,0.1087411212518813,24.14052891791765,0.018018018018018018,0.05405405405405406,0.009009009009009009,0.03153153153153153,0.013513513513513514,0.036036036036036036,0.0,0.10810810810810811,0.06306306306306306,0.009009009009009009,0.018018018018018018,0.20270270270270271,0.12162162162162163,0.009009009009009009,0.03153153153153153,0.06756756756756757,0.018018018018018018,0.47307060755336616,0.04826071771264519,0.0,0.0,0.6827956989247311,12.8,0.3869379808505376,37.2,33.0,19.742340286804907,14.836745963215662,1.5376344086021505,1.0,1.3445160602370665,0.006944444444444444,7.258064516129032,5.0,8.462317771175567,0.00605245460659045,0.0,0.0
Closure-95.json,Defects4J,0.8244315981864929,0.8194592595100403,0.8154457211494446,1.0,0.9932227730751038,0.8333333333333334,5.905000000000001,9.646666666666668,0.0,1.3333333333333333,0.0,6.0,0.0,0.0,0.0,0.0,0.0,0.0,0.0,0.0,0.05298664906710747,,6.416666666666668,59.745000000000005,9.066666666666666,22.666666666666664,5.166666666666667,31.0,1.0,1.0,6.0,6.0,0.17573592793231638,1.0544155675938982,0.0,0.0,0.0,0.0,0.0,0.16666666666666666,0.0,0.16666666666666666,0.0,0.0,0.0,0.3333333333333333,0.0,0.0,0.0,0.16666666666666666,0.0,0.6666666666666666,0.0,0.0,0.0,1.0,1.0,,6.0,6.0,0.0,,1.6666666666666667,1.5,0.7453559924999299,0.0,5.166666666666667,5.0,3.0230595245361758,0.0,0.0,0.0
JacksonCore-15.json,Defects4J,0.8017642498016357,0.8000303705533346,0.7969790697097778,0.15533743798732758,1.1943103075027466,0.8315789473684211,29.888902439024385,34.02682926829267,0.0,3.432594488844489,1.0632258023914796,95.0,0.0,0.0,0.07701863354037267,0.0,0.0,0.0,0.0,0.0,2.1731920431497045,0.050261735916137695,19.458658536585364,-7.933475609756073,19.419512195121953,60.743902439024396,7.663157894736842,728.0,4.0,31.0,82.0,68.0,0.09248721608967317,8.78628552851895,0.06315789473684211,0.07368421052631578,0.031578947368421054,0.06315789473684211,0.010526315789473684,0.06315789473684211,0.0,0.15789473684210525,0.06315789473684211,0.010526315789473684,0.05263157894736842,0.12631578947368421,0.09473684210526316,0.031578947368421054,0.010526315789473684,0.10526315789473684,0.021052631578947368,0.4066308691308691,0.062154436748802326,0.0,0.0,0.8292682926829268,8.25,0.16654485650360584,20.5,13.0,15.451537140362444,16.827784334635936,2.292682926829268,1.0,2.386383143843566,0.025,8.71951219512195,5.0,11.982990373802016,0.0782608695652174,0.0,0.0
Closure-104.json,Defects4J,0.8244315981864929,0.8194592595100403,0.8154457211494446,1.0,0.9932227730751038,0.8333333333333334,5.905000000000001,9.646666666666668,0.0,1.3333333333333333,0.0,6.0,0.0,0.0,0.0,0.0,0.0,0.0,0.0,0.0,0.05298664906710747,,6.416666666666668,59.745000000000005,9.066666666666666,22.666666666666664,5.166666666666667,31.0,1.0,1.0,6.0,6.0,0.17573592793231638,1.0544155675938982,0.0,0.0,0.0,0.0,0.0,0.16666666666666666,0.0,0.16666666666666666,0.0,0.0,0.0,0.3333333333333333,0.0,0.0,0.0,0.16666666666666666,0.0,0.6666666666666666,0.0,0.0,0.0,1.0,1.0,,6.0,6.0,0.0,,1.6666666666666667,1.5,0.7453559924999299,0.0,5.166666666666667,5.0,3.0230595245361758,0.0,0.0,0.0
JacksonDatabind-34.json,Defects4J,0.8201600909233093,0.8172533909479777,0.8144183158874512,0.08845679461956024,1.163350224494934,0.808695652173913,60.469090909090916,24.348282828282823,0.0,4.339130434782609,0.0,115.0,0.0,0.10687022900763359,0.10687022900763359,0.10687022900763359,0.10687022900763359,0.10687022900763359,0.10687022900763359,0.0,2.181911164544904,,45.30888888888889,-53.44999999999996,49.296969696969704,135.36363636363637,6.069565217391304,698.0,1.0,32.0,99.0,73.0,0.07707155801461349,8.863229171680551,0.034782608695652174,0.1565217391304348,0.02608695652173913,0.02608695652173913,0.02608695652173913,0.008695652173913044,0.0,0.2,0.05217391304347826,0.034782608695652174,0.017391304347826087,0.16521739130434782,0.11304347826086956,0.0,0.02608695652173913,0.08695652173913043,0.0,0.46956521739130436,0.0,0.0,0.0,0.7373737373737373,36.0,,99.0,99.0,0.0,,1.8888888888888888,1.0,1.3845386416711467,0.020833333333333332,6.878787878787879,5.0,6.3457179187621895,0.019083969465648856,0.0,0.0
Time-3.json,Defects4J,0.7742857933044434,0.7722727656364441,0.7699478268623352,0.24267242848873138,1.1840698719024658,0.4537037037037037,26.20571644042233,19.873665158371043,0.0,7.375992589785693,10.288789514979692,324.0,0.0,0.19479733817301875,0.22262552934059285,0.20931639443436176,0.19479733817301875,0.19479733817301875,0.19479733817301875,0.0,6.4641249007598764,0.27433435916900634,17.302601809954755,36.615682503770756,19.439215686274512,64.88763197586727,4.570987654320987,1459.0,6.0,41.0,221.0,124.0,1.9805634698781158,641.7025642405096,0.030864197530864196,0.040123456790123455,0.006172839506172839,0.012345679012345678,0.046296296296296294,0.033950617283950615,0.0030864197530864196,0.1574074074074074,0.11728395061728394,0.006172839506172839,0.006172839506172839,0.06790123456790123,0.30246913580246915,0.0030864197530864196,0.018518518518518517,0.05864197530864197,0.0030864197530864196,0.45598027451475726,0.10506396317128916,0.0,0.0,0.5610859728506787,10.333333333333334,0.32299720868468285,36.833333333333336,21.5,34.98769625009467,15.021129683784007,1.5701357466063348,1.0,1.3656465425981994,0.010309278350515464,6.203619909502263,4.0,6.977610315844861,0.010889292196007259,0.014519056261343012,0.021778584392014518
JacksonDatabind-8.json,Defects4J,0.8158196806907654,0.8136841654777527,0.8108637928962708,0.08185389637947083,1.1497414112091064,0.8584905660377359,28.864687500000002,26.08875,0.0,2.817948717948718,0.26723312616746453,106.0,0.0,0.15384615384615385,0.15384615384615385,0.15384615384615385,0.15384615384615385,0.15384615384615385,0.15384615384615385,0.0,1.781331115277036,0.3445679247379303,18.52333333333333,19.255000000000024,21.55,72.625,6.688679245283019,709.0,3.0,28.0,96.0,75.0,0.05601655657408857,5.937754996853388,0.09433962264150944,0.1509433962264151,0.02830188679245283,0.018867924528301886,0.009433962264150943,0.018867924528301886,0.0,0.2169811320754717,0.0660377358490566,0.018867924528301886,0.04716981132075472,0.14150943396226415,0.0660377358490566,0.009433962264150943,0.009433962264150943,0.07547169811320754,0.0,0.4815384615384615,0.07278077644624538,0.0,0.0,0.78125,13.0,0.3421952724456787,32.0,16.0,24.779023386727733,18.243605946275583,1.8333333333333333,1.0,1.552328000849763,0.021505376344086023,7.28125,5.5,6.838468281530594,0.0,0.0,0.0
Lang-44.json,Defects4J,0.7455955743789673,0.7426786025365194,0.740956723690033,0.17021213471889496,1.1439597606658936,0.5487179487179488,36.32791139240506,30.899999999999995,0.0,3.5003701078825107,0.9415479128842559,195.0,0.06200432588320115,0.0,0.0,0.0,0.0,0.0,0.0,0.0,2.598488157208153,0.6448901693026224,17.96310126582279,36.629841772151906,20.10379746835443,73.67721518987341,6.7384615384615385,927.0,4.0,34.0,158.0,119.0,0.06894050440396281,13.443398358772749,0.010256410256410256,0.046153846153846156,0.010256410256410256,0.015384615384615385,0.005128205128205128,0.035897435897435895,0.0,0.1282051282051282,0.05128205128205128,0.010256410256410256,0.010256410256410256,0.1794871794871795,0.14358974358974358,0.020512820512820513,0.035897435897435895,0.06666666666666667,0.015384615384615385,0.4523446728088826,0.04095481546212719,0.0,0.0,0.7531645569620253,13.5,0.5999609231948853,39.5,38.5,29.78674201721296,14.90622815163357,1.5379746835443038,1.0,1.32949060364557,0.0,8.069620253164556,5.0,9.545439025257364,0.006488824801730353,0.006488824801730353,0.0
Mockito-35.json,Defects4J,0.8273728489875793,0.8226843674977621,0.818372368812561,1.0,1.1956604719161987,0.8,3.678000000000001,6.504000000000001,0.0,1.2,0.0,5.0,0.0,0.0,0.0,0.0,0.0,0.0,0.0,0.0,0.05305602573781134,,2.879999999999999,83.32000000000004,10.0,25.0,4.8,24.0,1.0,1.0,5.0,5.0,0.21089774439461811,1.0544887219730905,0.0,0.0,0.0,0.0,0.0,0.2,0.0,0.2,0.0,0.0,0.0,0.2,0.0,0.0,0.0,0.2,0.0,0.6,0.0,0.0,0.0,1.0,1.0,,5.0,5.0,0.0,,1.4,1.0,0.8,0.0,4.8,4.0,3.3105890714493698,0.0,0.0,0.0
Collections-28.json,Defects4J,0.7253692150115967,0.7209938764572144,0.7185521721839905,0.31900855898857117,1.1957838535308838,0.38312829525483305,50.609634966378486,37.523227665706045,0.0,7.11411255722507,5.935378134420235,569.0,0.19741645605167088,0.3150800336983993,0.34990171300196576,0.3324908733501825,0.3324908733501825,0.3324908733501825,0.3324908733501825,0.018534119629317607,11.00314923322423,0.545542799308896,27.844538904899142,-1.5615105667627063,29.127569644572528,100.19644572526417,5.973637961335677,2692.0,6.0,39.0,347.0,181.0,105.5588691906275,60062.99656946705,0.0210896309314587,0.02460456942003515,0.005272407732864675,0.0035149384885764497,0.0017574692442882249,0.026362038664323375,0.0,0.1054481546572935,0.0492091388400703,0.0017574692442882249,0.0,0.14235500878734622,0.37961335676625657,0.0,0.015817223198594025,0.04569420035149385,0.02460456942003515,0.4295162173185307,0.08916267638037574,0.0,0.0,0.521613832853026,24.5,0.29241194389760494,57.833333333333336,39.0,49.596426842621995,19.946969662950774,1.7694524495677233,1.0,1.8390231995357207,0.0038461538461538464,9.155619596541786,6.0,10.715820476182474,0.014040999719180006,0.06178039876439202,0.010109519797809604
Jsoup-79.json,Defects4J,0.8026602268218994,0.7997839053471884,0.7967194318771362,0.3472415506839752,1.2055238485336304,0.7755102040816326,20.490822981366456,22.501366459627324,0.0,2.725023077412783,0.6348962923088761,196.0,0.0,0.10102604577742699,0.10102604577742699,0.10102604577742699,0.10102604577742699,0.10102604577742699,0.10102604577742699,0.0,5.254970306414153,0.37988963297435213,12.414029503105592,41.90501940993792,13.018944099378883,49.31754658385093,5.73469387755102,1124.0,8.0,74.0,161.0,89.0,0.9771214233628959,191.5157989791276,0.025510204081632654,0.04591836734693878,0.00510204081632653,0.04591836734693878,0.025510204081632654,0.08673469387755102,0.0,0.15306122448979592,0.02040816326530612,0.025510204081632654,0.05612244897959184,0.09183673469387756,0.17346938775510204,0.05612244897959184,0.00510204081632653,0.14285714285714285,0.0,0.43027756557168323,0.06811800374338253,0.0,0.0,0.5527950310559007,5.875,0.2956700685123603,20.125,16.5,12.663308217049762,12.161744961471694,1.7080745341614907,1.0,1.7715479126648026,0.0196078431372549,6.763975155279503,4.0,7.868101752769173,0.011049723756906077,0.04419889502762431,0.05998421468034728
Math-92.json,Defects4J,0.7429064512252808,0.7402702967325846,0.7387901544570923,0.31350716948509216,1.2489826679229736,0.4569377990430622,26.146806917914297,27.99530201342282,0.0,3.606670307542404,2.4162373475260406,418.0,0.040776699029126215,0.0,0.12699029126213593,0.07533980582524272,0.015533980582524271,0.0,0.0,0.0015533980582524273,5.328918599930471,0.5928340330719948,13.98020134228188,35.6600232318018,14.941042849767683,55.137842023748064,5.7631578947368425,1911.0,13.0,44.0,298.0,176.0,0.4933369683736405,206.21485278018173,0.03349282296650718,0.03827751196172249,0.014354066985645933,0.007177033492822967,0.02631578947368421,0.0215311004784689,0.004784688995215311,0.10287081339712918,0.050239234449760764,0.0023923444976076554,0.01674641148325359,0.15311004784688995,0.2583732057416268,0.004784688995215311,0.028708133971291867,0.05741626794258373,0.019138755980861243,0.36535901086130274,0.18802756378096966,0.014925373134328358,0.0,0.5906040268456376,7.384615384615385,0.396057527766309,22.923076923076923,22.0,17.157467710150353,13.518907172268552,1.7483221476510067,1.0,1.7341072796383492,0.0,7.667785234899329,5.0,9.547498835872673,0.005436893203883495,0.005825242718446602,0.044271844660194175
Compress-25.json,Defects4J,0.7623559236526489,0.7610307137171427,0.7589106559753418,0.245148167014122,1.1855049133300781,0.3572192513368984,37.46488779003423,29.919163179916314,0.0,8.936883511021442,16.98741326960813,935.0,0.021380846325167038,0.28329621380846326,0.47416481069042316,0.4066815144766147,0.38930957683741646,0.3866369710467706,0.37371937639198216,0.00044543429844097997,25.575571330321544,0.7612503141164779,16.884887790034238,51.40353176112593,19.892278432864206,106.84366679345759,4.5229946524064175,3529.0,11.0,22.0,478.0,219.0,136936079.37842897,128035234218.83107,0.039572192513368985,0.013903743315508022,0.006417112299465241,0.0010695187165775401,0.0032085561497326204,0.0032085561497326204,0.033155080213903745,0.12620320855614972,0.016042780748663103,0.0010695187165775401,0.0,0.09839572192513368,0.4716577540106952,0.0032085561497326204,0.009625668449197862,0.026737967914438502,0.019251336898395723,0.4546459404218025,0.0711234634789818,0.0076045627376425855,0.0,0.4581589958158996,27.545454545454547,0.6523714661598206,43.45454545454545,35.0,61.03406446234257,12.563389971838223,1.3158995815899581,1.0,0.9454794041774122,0.0,7.891213389121339,8.0,5.776221473502417,0.09487750556792873,0.14699331848552338,0.1447661469933185
JacksonDatabind-18.json,Defects4J,0.8138745427131653,0.8117959300676981,0.8094305396080017,0.2753715515136719,1.1825220584869385,0.8524590163934426,21.376666666666672,19.69037037037037,0.0,3.3347975000517374,0.750427843055085,183.0,0.0,0.0,0.04071246819338423,0.0,0.0,0.0,0.0,0.0,3.830712707638292,0.44218689799308775,15.91777777777778,29.03000000000003,18.45432098765432,59.098765432098766,5.622950819672131,1029.0,6.0,71.0,162.0,119.0,0.25188731726019775,46.09537905861619,0.07103825136612021,0.09836065573770492,0.03825136612021858,0.07650273224043716,0.01639344262295082,0.04371584699453552,0.0,0.18579234972677597,0.04371584699453552,0.03825136612021858,0.0546448087431694,0.060109289617486336,0.10382513661202186,0.01639344262295082,0.01092896174863388,0.12021857923497267,0.0,0.4367183350234198,0.06088522951135894,0.0,0.0,0.7345679012345679,8.666666666666666,0.3133970256894827,27.0,24.0,13.466006584482772,16.11434528070225,1.7777777777777777,1.0,1.4229164972072996,0.0189873417721519,6.222222222222222,5.0,6.169418805289663,0.0,0.0,0.0
Closure-56.json,Defects4J,0.8244315981864929,0.8194592595100403,0.8154457211494446,1.0,0.9932227730751038,0.8333333333333334,5.905000000000001,9.646666666666668,0.0,1.3333333333333333,0.0,6.0,0.0,0.0,0.0,0.0,0.0,0.0,0.0,0.0,0.05298664906710747,,6.416666666666668,59.745000000000005,9.066666666666666,22.666666666666664,5.166666666666667,31.0,1.0,1.0,6.0,6.0,0.17573592793231638,1.0544155675938982,0.0,0.0,0.0,0.0,0.0,0.16666666666666666,0.0,0.16666666666666666,0.0,0.0,0.0,0.3333333333333333,0.0,0.0,0.0,0.16666666666666666,0.0,0.6666666666666666,0.0,0.0,0.0,1.0,1.0,,6.0,6.0,0.0,,1.6666666666666667,1.5,0.7453559924999299,0.0,5.166666666666667,5.0,3.0230595245361758,0.0,0.0,0.0
Closure-128.json,Defects4J,0.8244315981864929,0.8194592595100403,0.8154457211494446,1.0,0.9932227730751038,0.8333333333333334,5.905000000000001,9.646666666666668,0.0,1.3333333333333333,0.0,6.0,0.0,0.0,0.0,0.0,0.0,0.0,0.0,0.0,0.05298664906710747,,6.416666666666668,59.745000000000005,9.066666666666666,22.666666666666664,5.166666666666667,31.0,1.0,1.0,6.0,6.0,0.17573592793231638,1.0544155675938982,0.0,0.0,0.0,0.0,0.0,0.16666666666666666,0.0,0.16666666666666666,0.0,0.0,0.0,0.3333333333333333,0.0,0.0,0.0,0.16666666666666666,0.0,0.6666666666666666,0.0,0.0,0.0,1.0,1.0,,6.0,6.0,0.0,,1.6666666666666667,1.5,0.7453559924999299,0.0,5.166666666666667,5.0,3.0230595245361758,0.0,0.0,0.0
Closure-40.json,Defects4J,0.8244315981864929,0.8194592595100403,0.8154457211494446,1.0,0.9932227730751038,0.8333333333333334,5.905000000000001,9.646666666666668,0.0,1.3333333333333333,0.0,6.0,0.0,0.0,0.0,0.0,0.0,0.0,0.0,0.0,0.05298664906710747,,6.416666666666668,59.745000000000005,9.066666666666666,22.666666666666664,5.166666666666667,31.0,1.0,1.0,6.0,6.0,0.17573592793231638,1.0544155675938982,0.0,0.0,0.0,0.0,0.0,0.16666666666666666,0.0,0.16666666666666666,0.0,0.0,0.0,0.3333333333333333,0.0,0.0,0.0,0.16666666666666666,0.0,0.6666666666666666,0.0,0.0,0.0,1.0,1.0,,6.0,6.0,0.0,,1.6666666666666667,1.5,0.7453559924999299,0.0,5.166666666666667,5.0,3.0230595245361758,0.0,0.0,0.0
Compress-33.json,Defects4J,0.7565865516662598,0.755237360795339,0.753351092338562,0.21046675741672516,1.2544173002243042,0.5990783410138248,35.847033898305085,27.415141242937853,0.0,3.4835470085470086,1.9544873021279183,217.0,0.045081967213114756,0.0,0.0942622950819672,0.06557377049180328,0.0,0.0,0.0,0.0,3.0836471630818654,0.5152501811583837,19.20083333333334,36.21616525423731,21.541807909604522,75.32344632768363,6.299539170506913,1040.0,4.0,42.0,177.0,121.0,0.10063550104686926,21.83790372717063,0.018433179723502304,0.03686635944700461,0.009216589861751152,0.03225806451612903,0.013824884792626729,0.041474654377880185,0.0,0.10138248847926268,0.041474654377880185,0.02304147465437788,0.02304147465437788,0.19815668202764977,0.12442396313364056,0.009216589861751152,0.03686635944700461,0.09216589861751152,0.018433179723502304,0.4984508547008547,0.06664052998914606,0.0,0.0,0.6836158192090396,13.75,0.5548658445477486,44.25,37.5,29.819247140060394,14.90622815163357,1.4858757062146892,1.0,1.235571391105005,0.0,7.463276836158192,5.0,8.455938073175147,0.01912568306010929,0.006147540983606557,0.07377049180327869
Jsoup-38.json,Defects4J,0.7953395843505859,0.7938227852185568,0.7923780679702759,0.344748318195343,1.2623205184936523,0.580110497237569,14.70877100840336,15.664999999999996,0.0,3.421909292753282,2.924185610644678,181.0,0.0935412026726058,0.2583518930957684,0.3207126948775056,0.3207126948775056,0.3207126948775056,0.3207126948775056,0.2583518930957684,0.0,3.336851444475422,0.21408641586701074,10.38126050420168,55.238529411764716,12.183193277310924,48.10504201680672,4.464088397790055,794.0,7.0,28.0,136.0,80.0,0.15541666820557418,28.13041694520893,0.022099447513812154,0.027624309392265192,0.0,0.027624309392265192,0.011049723756906077,0.03314917127071823,0.0,0.19889502762430938,0.03867403314917127,0.022099447513812154,0.022099447513812154,0.143646408839779,0.23204419889502761,0.0055248618784530384,0.016574585635359115,0.03314917127071823,0.0718232044198895,0.4745816843003543,0.117744555162757,0.0,0.0,0.5882352941176471,5.571428571428571,0.3258503183722496,19.428571428571427,10.0,19.638570960936924,11.491704259439757,1.5588235294117647,1.0,1.103235254912415,0.01680672268907563,5.610294117647059,4.0,5.472085302748271,0.013363028953229399,0.013363028953229399,0.0
Mockito-23.json,Defects4J,0.8273728489875793,0.8226843674977621,0.818372368812561,1.0,1.1956604719161987,0.8,3.678000000000001,6.504000000000001,0.0,1.2,0.0,5.0,0.0,0.0,0.0,0.0,0.0,0.0,0.0,0.0,0.05305602573781134,,2.879999999999999,83.32000000000004,10.0,25.0,4.8,24.0,1.0,1.0,5.0,5.0,0.21089774439461811,1.0544887219730905,0.0,0.0,0.0,0.0,0.0,0.2,0.0,0.2,0.0,0.0,0.0,0.2,0.0,0.0,0.0,0.2,0.0,0.6,0.0,0.0,0.0,1.0,1.0,,5.0,5.0,0.0,,1.4,1.0,0.8,0.0,4.8,4.0,3.3105890714493698,0.0,0.0,0.0
Jsoup-80.json,Defects4J,0.7939636707305908,0.7910756866137186,0.7894807457923889,0.34490931034088135,1.1605149507522583,0.5302013422818792,35.559056603773584,40.71622641509434,0.0,7.24954802259887,10.333904707539963,149.0,0.0,0.0,0.09905254091300603,0.0,0.0,0.0,0.0,0.0,2.91227769199383,0.6678400337696075,23.84781132075472,-38.1546981132075,20.55547169811321,63.652830188679246,7.409395973154362,1096.0,5.0,14.0,106.0,71.0,0.1234809218306068,18.398657352760413,0.040268456375838924,0.08053691275167785,0.0,0.0,0.006711409395973154,0.0,0.0,0.10738255033557047,0.09395973154362416,0.0,0.006711409395973154,0.15436241610738255,0.2953020134228188,0.0,0.006711409395973154,0.026845637583892617,0.06040268456375839,0.4812429378531073,0.055697619121169446,0.0,0.0,0.6698113207547169,9.0,0.6064787159363428,21.2,4.0,29.72810118389669,17.58133193835471,2.641509433962264,1.0,2.8022520567453673,0.02247191011235955,9.849056603773585,5.0,11.476631263037923,0.020671834625323,0.034453057708871665,0.09474590869939707
Closure-17.json,Defects4J,0.8244315981864929,0.8194592595100403,0.8154457211494446,1.0,0.9932227730751038,0.8333333333333334,5.905000000000001,9.646666666666668,0.0,1.3333333333333333,0.0,6.0,0.0,0.0,0.0,0.0,0.0,0.0,0.0,0.0,0.05298664906710747,,6.416666666666668,59.745000000000005,9.066666666666666,22.666666666666664,5.166666666666667,31.0,1.0,1.0,6.0,6.0,0.17573592793231638,1.0544155675938982,0.0,0.0,0.0,0.0,0.0,0.16666666666666666,0.0,0.16666666666666666,0.0,0.0,0.0,0.3333333333333333,0.0,0.0,0.0,0.16666666666666666,0.0,0.6666666666666666,0.0,0.0,0.0,1.0,1.0,,6.0,6.0,0.0,,1.6666666666666667,1.5,0.7453559924999299,0.0,5.166666666666667,5.0,3.0230595245361758,0.0,0.0,0.0
JacksonDatabind-59.json,Defects4J,0.7817906737327576,0.7804708480834961,0.7789884805679321,0.1635625958442688,1.1970049142837524,0.5123839009287926,33.425944392556936,41.598040089086865,0.0,2.7559972549924074,1.8863640869032194,646.0,0.06524341580207502,0.18874700718276138,0.39205905826017556,0.24960095770151636,0.22505985634477255,0.2031125299281724,0.18874700718276138,0.0,10.527515862266673,0.7671872730056445,18.441783174078598,-11.358333932035293,17.374840146562253,63.481643796249735,7.340557275541796,4318.0,31.0,35.0,449.0,185.0,57.78425643067862,37328.629654218385,0.07430340557275542,0.018575851393188854,0.010835913312693499,0.0046439628482972135,0.007739938080495356,0.006191950464396285,0.0,0.14860681114551083,0.018575851393188854,0.007739938080495356,0.0015479876160990713,0.19195046439628483,0.30495356037151705,0.0015479876160990713,0.0046439628482972135,0.04179566563467492,0.02631578947368421,0.4796508180124997,0.06979091585663397,0.0,0.0,0.41202672605790647,7.096774193548387,0.7114586753064188,14.483870967741936,7.0,25.87547221665652,14.82775045980284,2.4053452115812917,2.0,2.0776824352543333,0.005479452054794521,10.10913140311804,6.0,9.708404799163757,0.007581803671189146,0.030327214684756583,0.05446927374301676
Closure-169.json,Defects4J,0.8244315981864929,0.8194592595100403,0.8154457211494446,1.0,0.9932227730751038,0.8333333333333334,5.905000000000001,9.646666666666668,0.0,1.3333333333333333,0.0,6.0,0.0,0.0,0.0,0.0,0.0,0.0,0.0,0.0,0.05298664906710747,,6.416666666666668,59.745000000000005,9.066666666666666,22.666666666666664,5.166666666666667,31.0,1.0,1.0,6.0,6.0,0.17573592793231638,1.0544155675938982,0.0,0.0,0.0,0.0,0.0,0.16666666666666666,0.0,0.16666666666666666,0.0,0.0,0.0,0.3333333333333333,0.0,0.0,0.0,0.16666666666666666,0.0,0.6666666666666666,0.0,0.0,0.0,1.0,1.0,,6.0,6.0,0.0,,1.6666666666666667,1.5,0.7453559924999299,0.0,5.166666666666667,5.0,3.0230595245361758,0.0,0.0,0.0
JacksonXml-3.json,Defects4J,0.8181653618812561,0.8115114569664001,0.8059102892875671,0.14870019257068634,1.1441564559936523,0.8202247191011236,24.468116883116885,27.94597402597402,0.0,2.2106036324786325,0.702499143136816,89.0,0.0,0.0,0.08592592592592592,0.0,0.0,0.0,0.0,0.0,1.8437284794569533,0.23789697885513306,16.436980519480517,11.504042207792253,19.64805194805195,60.80844155844156,6.797752808988764,605.0,4.0,25.0,77.0,63.0,0.07101189432445133,6.320058594876168,0.0898876404494382,0.07865168539325842,0.02247191011235955,0.0449438202247191,0.02247191011235955,0.0449438202247191,0.0,0.19101123595505617,0.07865168539325842,0.011235955056179775,0.033707865168539325,0.14606741573033707,0.10112359550561797,0.011235955056179775,0.02247191011235955,0.07865168539325842,0.0,0.45392628205128205,0.0728010054084281,0.0,0.0,0.8181818181818182,8.0,0.3603988215327263,19.25,15.5,13.40475661845451,16.827784334635936,2.0779220779220777,1.0,1.6016731006047638,0.04,7.701298701298701,6.0,7.259682178054488,0.0,0.0,0.0
Lang-29.json,Defects4J,0.7687901258468628,0.7660685578982035,0.7626830339431763,0.2765846848487854,1.1696830987930298,0.4404332129963899,36.512217484008524,37.58109452736318,0.0,3.275576942399781,1.0828212549726892,277.0,0.033037475345167655,0.19674556213017752,0.2583826429980276,0.2583826429980276,0.21104536489151873,0.21104536489151873,0.21104536489151873,0.0,3.0243882351874998,0.7133008142312368,18.034442075337598,16.907910447761196,18.848898365316277,65.53020611229567,7.036101083032491,1622.0,7.0,22.0,201.0,117.0,0.07430111868843448,20.58140987669635,0.007220216606498195,0.04693140794223827,0.007220216606498195,0.007220216606498195,0.0,0.010830324909747292,0.0,0.07581227436823104,0.09025270758122744,0.0,0.0,0.23826714801444043,0.19855595667870035,0.0,0.06498194945848375,0.036101083032490974,0.01444043321299639,0.4632462182624601,0.06208209189866505,0.0,0.0,0.582089552238806,10.571428571428571,0.5886211395263672,28.714285714285715,14.0,21.4590259778576,16.26309291913925,1.900497512437811,1.0,2.0124116744608322,0.0,9.253731343283581,5.0,11.728703512199345,0.008875739644970414,0.013313609467455622,0.07544378698224852
Csv-5.json,Defects4J,0.7258629202842712,0.7231042782465616,0.7204452157020569,0.205290749669075,1.1958491802215576,0.4797297297297297,34.54823691460056,28.173553719008265,0.0,5.2440476190476195,1.9403483744057295,148.0,0.06896551724137931,0.0,0.0,0.0,0.0,0.0,0.0,0.0,1.1239889452064773,0.8025699853897095,16.035867768595043,51.93137741046834,19.108539944903583,73.39118457300276,6.97972972972973,690.0,3.0,14.0,121.0,92.0,0.02079124428868374,3.0771041547251934,0.013513513513513514,0.006756756756756757,0.006756756756756757,0.013513513513513514,0.0,0.02702702702702703,0.0,0.0945945945945946,0.05405405405405406,0.0,0.013513513513513514,0.22972972972972974,0.12162162162162163,0.006756756756756757,0.04054054054054054,0.060810810810810814,0.02702702702702703,0.4851190476190476,0.04299196166670723,0.0,0.0,0.7603305785123967,13.333333333333334,0.6508488655090332,40.333333333333336,40.0,23.27134623427608,13.023866798666859,1.3471074380165289,1.0,0.7464598963687364,0.0,7.603305785123967,5.0,8.514915779071293,0.008387698042870456,0.008387698042870456,0.0
Math-84.json,Defects4J,0.7429366707801819,0.7397505044937134,0.7357532978057861,0.17749173939228058,1.1958951950073242,0.53,35.54623693379791,39.44195121951219,0.0,3.0395033759772567,2.02216582378377,200.0,0.11302795954788816,0.0,0.0,0.0,0.0,0.0,0.0,0.03271861986912552,1.9928305092717171,0.5492080822587013,12.614216027874566,46.3537804878049,14.005574912891985,66.11149825783971,8.065,1025.0,7.0,25.0,164.0,120.0,0.03668134890677027,7.336269781354054,0.015,0.03,0.005,0.01,0.0,0.045,0.0,0.12,0.05,0.005,0.005,0.225,0.13,0.01,0.035,0.055,0.02,0.3907096945343214,0.17275818526104403,0.0,0.0,0.7317073170731707,10.0,0.40620587170124056,23.428571428571427,13.0,20.95476176949589,12.540900571622839,1.6158536585365855,1.0,1.665281746629485,0.0,9.609756097560975,6.0,11.415389801962766,0.005353955978584176,0.005353955978584176,0.0
Chart-12.json,Defects4J,0.86002516746521,0.853623648484548,0.850304365158081,1.0,1.2957031726837158,0.8181818181818182,15.807931034482756,11.565517241379307,0.0,3.0606060606060606,0.0,33.0,0.0,0.0,0.0,0.0,0.0,0.0,0.0,0.0,1.079723042081304,,11.58896551724138,63.62758620689657,14.358620689655172,53.13793103448276,4.363636363636363,144.0,1.0,16.0,29.0,24.0,0.08920800338400742,2.943864111672245,0.0,0.12121212121212122,0.0,0.15151515151515152,0.0,0.06060606060606061,0.0,0.18181818181818182,0.030303030303030304,0.030303030303030304,0.030303030303030304,0.030303030303030304,0.09090909090909091,0.09090909090909091,0.030303030303030304,0.12121212121212122,0.0,0.45454545454545453,0.0,0.0,0.0,0.8275862068965517,7.0,,29.0,29.0,0.0,,1.3448275862068966,1.0,0.6032019201564104,0.03571428571428571,4.827586206896552,3.0,3.723818632544503,0.0,0.0,0.0
JxPath-11.json,Defects4J,0.7580956816673279,0.7574045658111572,0.7562099695205688,0.23519189655780792,1.2001469135284424,0.550185873605948,25.19009049773755,27.266606334841622,0.0,2.29283707380499,1.7054190953457493,269.0,0.07017543859649122,0.0,0.15679824561403508,0.14912280701754385,0.09649122807017543,0.09649122807017543,0.09649122807017543,0.0,3.4403308716899272,0.39876309947835076,11.930357466063352,48.89037782805431,13.726877828054299,61.01402714932127,6.397769516728625,1348.0,10.0,44.0,221.0,145.0,0.1159750139671505,31.197278757163485,0.01486988847583643,0.03717472118959108,0.011152416356877323,0.01486988847583643,0.0037174721189591076,0.040892193308550186,0.0,0.14869888475836432,0.040892193308550186,0.007434944237918215,0.022304832713754646,0.15613382899628253,0.1449814126394052,0.011152416356877323,0.02973977695167286,0.07434944237918216,0.048327137546468404,0.44955564182673047,0.1761134612581116,0.0,0.0,0.6561085972850679,8.6,0.4072275566868484,22.1,7.5,25.539968676566538,12.516099999999998,1.6018099547511313,1.0,1.3368418176174648,0.0,7.552036199095022,5.0,8.597761358561897,0.01918859649122807,0.0,0.0
Mockito-28.json,Defects4J,0.8273728489875793,0.8226843674977621,0.818372368812561,1.0,1.1956604719161987,0.8,3.678000000000001,6.504000000000001,0.0,1.2,0.0,5.0,0.0,0.0,0.0,0.0,0.0,0.0,0.0,0.0,0.05305602573781134,,2.879999999999999,83.32000000000004,10.0,25.0,4.8,24.0,1.0,1.0,5.0,5.0,0.21089774439461811,1.0544887219730905,0.0,0.0,0.0,0.0,0.0,0.2,0.0,0.2,0.0,0.0,0.0,0.2,0.0,0.0,0.0,0.2,0.0,0.6,0.0,0.0,0.0,1.0,1.0,,5.0,5.0,0.0,,1.4,1.0,0.8,0.0,4.8,4.0,3.3105890714493698,0.0,0.0,0.0
Closure-162.json,Defects4J,0.8244315981864929,0.8194592595100403,0.8154457211494446,1.0,0.9932227730751038,0.8333333333333334,5.905000000000001,9.646666666666668,0.0,1.3333333333333333,0.0,6.0,0.0,0.0,0.0,0.0,0.0,0.0,0.0,0.0,0.05298664906710747,,6.416666666666668,59.745000000000005,9.066666666666666,22.666666666666664,5.166666666666667,31.0,1.0,1.0,6.0,6.0,0.17573592793231638,1.0544155675938982,0.0,0.0,0.0,0.0,0.0,0.16666666666666666,0.0,0.16666666666666666,0.0,0.0,0.0,0.3333333333333333,0.0,0.0,0.0,0.16666666666666666,0.0,0.6666666666666666,0.0,0.0,0.0,1.0,1.0,,6.0,6.0,0.0,,1.6666666666666667,1.5,0.7453559924999299,0.0,5.166666666666667,5.0,3.0230595245361758,0.0,0.0,0.0
JacksonDatabind-52.json,Defects4J,0.8075458407402039,0.8062161803245544,0.8044229745864868,0.14373736083507538,1.1779041290283203,0.8252427184466019,40.190439560439565,32.0756043956044,0.0,3.672204641350211,0.21387130801687748,103.0,0.0,0.0,0.0,0.0,0.0,0.0,0.0,0.0,2.1156805725379026,0.58501797914505,28.218736263736265,-26.211236263736254,26.991208791208795,87.25824175824175,7.427184466019417,765.0,2.0,33.0,91.0,68.0,0.08053620728892004,8.295229350758763,0.0970873786407767,0.019417475728155338,0.038834951456310676,0.06796116504854369,0.009708737864077669,0.05825242718446602,0.0,0.1553398058252427,0.06796116504854369,0.038834951456310676,0.04854368932038835,0.0970873786407767,0.08737864077669903,0.02912621359223301,0.009708737864077669,0.10679611650485436,0.0,0.42800632911392406,0.053006329113924056,0.0,0.0,0.7472527472527473,19.0,,45.5,45.5,22.5,,2.208791208791209,1.0,2.731647989149775,0.023255813953488372,8.252747252747254,5.0,13.245437453392139,0.0,0.0,0.0
Jsoup-64.json,Defects4J,0.7655068039894104,0.765234112739563,0.764841616153717,0.15116938948631287,1.1876258850097656,0.5656565656565656,59.19965517241379,12.195862068965514,0.0,6.367717468131431,5.1790648831832735,396.0,0.03180396246089677,0.22314911366006257,0.23931178310740356,0.23149113660062565,0.23149113660062565,0.23149113660062565,0.22314911366006257,0.0,5.6473292780222675,0.41825056076049805,45.8919540229885,-27.351551724137906,49.15862068965518,136.11494252873564,4.363636363636363,1663.0,3.0,80.0,348.0,142.0,0.7159929680476546,283.5332153468712,0.027777777777777776,0.047979797979797977,0.010101010101010102,0.03535353535353535,0.03535353535353535,0.03282828282828283,0.0,0.15404040404040403,0.015151515151515152,0.010101010101010102,0.030303030303030304,0.0707070707070707,0.09595959595959595,0.010101010101010102,0.007575757575757576,0.06565656565656566,0.24494949494949494,0.4237551811953244,0.014829818424880934,0.0,0.0,0.40804597701149425,23.333333333333332,0.10571401566267014,116.0,35.0,120.9710709219357,19.287186520377343,1.3764367816091954,1.0,1.0690080018748225,0.009708737864077669,4.804597701149425,3.0,6.363670379602057,0.011470281543274244,0.010948905109489052,0.03962460896767466
Lang-22.json,Defects4J,0.7703047394752502,0.7697846492131551,0.7690557241439819,0.2905924916267395,1.2756903171539307,0.48514851485148514,22.54389884088514,26.824840182648405,0.0,3.631310356310356,1.9962508256419083,303.0,0.04263356718834323,0.0,0.24015110631408526,0.1894225580140313,0.10415542363734484,0.06368051807879115,0.06368051807879115,0.0021586616297895305,5.515739208188432,0.6195987313985825,10.48502283105023,49.895057955742914,12.035265191429575,55.20231822971549,5.755775577557756,1417.0,13.0,34.0,219.0,136.0,0.8203751057195285,248.57365703301716,0.009900990099009901,0.0297029702970297,0.006600660066006601,0.019801980198019802,0.009900990099009901,0.0297029702970297,0.0,0.12871287128712872,0.04950495049504951,0.009900990099009901,0.0,0.18811881188118812,0.24752475247524752,0.006600660066006601,0.026402640264026403,0.052805280528052806,0.0033003300330033004,0.4055444555444555,0.08597076218023526,0.0,0.010362694300518135,0.6210045662100456,6.461538461538462,0.49776205962354486,16.846153846153847,14.0,16.04247321162053,11.661520659325951,1.6529680365296804,1.0,1.2671212308181916,0.0,7.5479452054794525,5.0,7.791297854776041,0.04317323259579061,0.013491635186184566,0.008634646519158122
Math-60.json,Defects4J,0.749447226524353,0.747091273466746,0.7444449663162231,0.19320440292358398,1.2401169538497925,0.461038961038961,31.359051724137927,30.97965517241379,0.0,3.1953009102259897,1.2513987961721944,308.0,0.09012048192771084,0.0,0.0,0.0,0.0,0.0,0.0,0.026024096385542168,3.7303946590970076,0.5506406192268644,15.810517241379312,33.36120689655172,17.80689655172414,60.896551724137936,6.37012987012987,1388.0,8.0,38.0,232.0,156.0,0.1353751962647075,41.695560449529914,0.04220779220779221,0.04220779220779221,0.012987012987012988,0.003246753246753247,0.016233766233766232,0.022727272727272728,0.003246753246753247,0.09740259740259741,0.05844155844155844,0.012987012987012988,0.016233766233766232,0.1396103896103896,0.22077922077922077,0.0,0.025974025974025976,0.05844155844155844,0.00974025974025974,0.4994742288791832,0.051065502080293264,0.0,0.0,0.6724137931034483,9.25,0.4182518993814786,29.0,25.0,18.648056198971517,15.247664890283005,1.7025862068965518,1.0,1.8033475197673714,0.0,8.129310344827585,4.0,10.154012433018435,0.005783132530120482,0.004337349397590362,0.0
Mockito-7.json,Defects4J,0.7738119959831238,0.7730401953061422,0.7719705700874329,0.31238001585006714,1.2065389156341553,0.6906906906906907,36.773146766169155,28.317462686567158,0.0,4.059161223584579,1.650049706495439,333.0,0.006893580353295993,0.08875484704868591,0.13700990952175787,0.13313227057302887,0.1046962516156829,0.1046962516156829,0.08875484704868591,0.0,5.888895449722728,0.4121359303593636,26.530746268656717,-15.593457711442767,26.971144278606968,82.72636815920399,6.324324324324325,1986.0,6.0,79.0,268.0,154.0,1.084103046387264,361.0063144469589,0.07507507507507508,0.05105105105105105,0.009009009009009009,0.036036036036036036,0.015015015015015015,0.06006006006006006,0.0,0.1831831831831832,0.021021021021021023,0.018018018018018018,0.021021021021021023,0.10510510510510511,0.1981981981981982,0.015015015015015015,0.006006006006006006,0.08108108108108109,0.012012012012012012,0.48616169419559746,0.026689141843303683,0.0,0.0,0.5746268656716418,17.0,0.3174584358930588,44.666666666666664,34.0,29.702225879927283,21.344311912025617,2.093283582089552,1.0,2.2316146942207107,0.008438818565400843,7.615671641791045,5.0,9.21254299471619,0.006031882809133994,0.012063765618267988,0.013787160706591986
Closure-135.json,Defects4J,0.8244315981864929,0.8194592595100403,0.8154457211494446,1.0,0.9932227730751038,0.8333333333333334,5.905000000000001,9.646666666666668,0.0,1.3333333333333333,0.0,6.0,0.0,0.0,0.0,0.0,0.0,0.0,0.0,0.0,0.05298664906710747,,6.416666666666668,59.745000000000005,9.066666666666666,22.666666666666664,5.166666666666667,31.0,1.0,1.0,6.0,6.0,0.17573592793231638,1.0544155675938982,0.0,0.0,0.0,0.0,0.0,0.16666666666666666,0.0,0.16666666666666666,0.0,0.0,0.0,0.3333333333333333,0.0,0.0,0.0,0.16666666666666666,0.0,0.6666666666666666,0.0,0.0,0.0,1.0,1.0,,6.0,6.0,0.0,,1.6666666666666667,1.5,0.7453559924999299,0.0,5.166666666666667,5.0,3.0230595245361758,0.0,0.0,0.0
Compress-38.json,Defects4J,0.7768995761871338,0.7757631738980612,0.7744073271751404,0.3094329535961151,1.1940765380859375,0.6885245901639344,18.49123762376238,17.104554455445548,0.0,2.9547467469177993,1.0009780360012324,366.0,0.03228962818003914,0.0,0.046966731898238745,0.046966731898238745,0.0,0.0,0.0,0.0,6.930546071103668,0.4082564386454495,10.458160066006602,65.05575495049507,13.268316831683169,49.34240924092409,4.978142076502732,1495.0,12.0,107.0,303.0,182.0,2.7952253729971086,1023.0524865169417,0.030054644808743168,0.04371584699453552,0.0273224043715847,0.04371584699453552,0.00819672131147541,0.06830601092896176,0.0,0.15027322404371585,0.0273224043715847,0.02185792349726776,0.040983606557377046,0.10382513661202186,0.14207650273224043,0.0273224043715847,0.02459016393442623,0.11475409836065574,0.01092896174863388,0.4731448570922254,0.057045334344738796,0.0,0.0,0.6006600660066007,6.083333333333333,0.37057211250066757,25.25,22.5,13.522358029081564,11.20814326018867,1.372937293729373,1.0,0.7286183991949979,0.0,5.795379537953796,4.0,5.930653582756053,0.019569471624266144,0.004403131115459882,0.0
Cli-36.json,Defects4J,0.7572606205940247,0.7545367876688639,0.752525806427002,0.3964458703994751,1.199067234992981,0.47840531561461797,28.29358597285068,27.960180995475103,0.0,4.748177887709138,5.081623774373042,301.0,0.0400427122263748,0.0,0.021356113187399894,0.0,0.0,0.0,0.0,0.0010678056593699946,4.257979765246617,0.4900023245385715,14.405469457013577,40.985670248868786,16.66085972850679,63.37160633484163,5.870431893687708,1368.0,8.0,30.0,221.0,145.0,0.23477433577297427,70.66707506766525,0.019933554817275746,0.036544850498338874,0.0033222591362126247,0.023255813953488372,0.0033222591362126247,0.036544850498338874,0.0,0.12624584717607973,0.04318936877076412,0.006644518272425249,0.0033222591362126247,0.16943521594684385,0.23588039867109634,0.0033222591362126247,0.023255813953488372,0.05647840531561462,0.013289036544850499,0.47217241795366793,0.06437024246228858,0.0,0.0,0.6561085972850679,9.875,0.2533934662739436,27.625,23.0,17.87412585275151,14.37465228746014,1.6289592760180995,1.0,1.331101440007645,0.012269938650306749,7.624434389140271,5.0,8.632734725623179,0.012813667912439935,0.01761879337960491,0.014949279231179925
Jsoup-33.json,Defects4J,0.816961407661438,0.8157027363777161,0.81452476978302,0.24274727702140808,1.207180380821228,0.856,26.60297297297297,20.269189189189188,0.0,3.1615870310895544,0.8352813572639332,125.0,0.0,0.14869888475836432,0.20074349442379183,0.14869888475836432,0.14869888475836432,0.14869888475836432,0.14869888475836432,0.0,3.0342229490268844,0.6458756029605865,18.294054054054055,29.80432432432434,20.565765765765768,69.43243243243244,5.68,710.0,3.0,39.0,111.0,69.0,0.16627856606105224,20.78482075763153,0.032,0.072,0.008,0.072,0.024,0.08,0.0,0.272,0.048,0.032,0.008,0.088,0.104,0.016,0.008,0.112,0.0,0.5016567987007785,0.09827826930861075,0.0,0.0,0.6216216216216216,12.0,0.5052393674850464,37.0,30.0,20.607442021431645,16.32212239822248,1.6486486486486487,1.0,1.39270071837658,0.018518518518518517,6.27027027027027,4.0,6.970912468800243,0.03965303593556382,0.07434944237918216,0.07063197026022305
JacksonCore-24.json,Defects4J,0.8116471171379089,0.8090959787368774,0.8060346841812134,0.17393778264522552,1.221437692642212,0.8539823008849557,24.88077051926298,20.41949748743718,0.0,3.444756672070158,0.898162916515744,226.0,0.0,0.12347354138398914,0.12347354138398914,0.12347354138398914,0.12347354138398914,0.12347354138398914,0.12347354138398914,0.0,4.223381815715854,0.3792778342962265,17.802286432160802,26.50249162479065,19.899832495812394,65.82998324958123,5.6902654867256635,1286.0,6.0,71.0,199.0,132.0,0.3020528782001233,68.26395047322787,0.07079646017699115,0.10176991150442478,0.048672566371681415,0.03982300884955752,0.030973451327433628,0.008849557522123894,0.0,0.252212389380531,0.030973451327433628,0.035398230088495575,0.04424778761061947,0.048672566371681415,0.11061946902654868,0.017699115044247787,0.004424778761061947,0.12831858407079647,0.0,0.49723148682976515,0.06879112313624929,0.0,0.0,0.6633165829145728,10.833333333333334,0.4442973881959915,33.166666666666664,27.0,21.129889309275196,16.52667757954773,1.7336683417085428,1.0,1.4086673949876423,0.010309278350515464,6.311557788944723,4.0,6.231176041464868,0.005427408412483039,0.03459972862957938,0.0
Math-37.json,Defects4J,0.759834885597229,0.7544358174006144,0.7502334117889404,0.2603195309638977,1.2517642974853516,0.5182724252491694,28.761478260869566,27.883999999999997,0.0,4.107200891050557,1.2264482884606558,301.0,0.10020661157024793,0.0,0.010330578512396695,0.010330578512396695,0.010330578512396695,0.0,0.0,0.029442148760330578,4.510191176825363,0.6218043736049107,12.450326086956526,57.006793478260875,15.847826086956523,64.83695652173913,6.059800664451827,1224.0,8.0,52.0,230.0,160.0,0.302123595736831,90.93920231678614,0.023255813953488372,0.029900332225913623,0.009966777408637873,0.03322259136212625,0.016611295681063124,0.03322259136212625,0.0,0.08970099667774087,0.04318936877076412,0.009966777408637873,0.026578073089700997,0.18604651162790697,0.18604651162790697,0.016611295681063124,0.026578073089700997,0.04983388704318937,0.019933554817275746,0.4404377739634024,0.10653808009451526,0.0,0.0,0.6956521739130435,10.375,0.5175241529941559,28.75,22.0,20.216020874544032,13.227904075235838,1.4260869565217391,1.0,0.8294667702044164,0.0,7.604347826086957,5.0,9.257428427830718,0.0046487603305785125,0.0046487603305785125,0.0
Closure-123.json,Defects4J,0.8244315981864929,0.8194592595100403,0.8154457211494446,1.0,0.9932227730751038,0.8333333333333334,5.905000000000001,9.646666666666668,0.0,1.3333333333333333,0.0,6.0,0.0,0.0,0.0,0.0,0.0,0.0,0.0,0.0,0.05298664906710747,,6.416666666666668,59.745000000000005,9.066666666666666,22.666666666666664,5.166666666666667,31.0,1.0,1.0,6.0,6.0,0.17573592793231638,1.0544155675938982,0.0,0.0,0.0,0.0,0.0,0.16666666666666666,0.0,0.16666666666666666,0.0,0.0,0.0,0.3333333333333333,0.0,0.0,0.0,0.16666666666666666,0.0,0.6666666666666666,0.0,0.0,0.0,1.0,1.0,,6.0,6.0,0.0,,1.6666666666666667,1.5,0.7453559924999299,0.0,5.166666666666667,5.0,3.0230595245361758,0.0,0.0,0.0
JacksonDatabind-13.json,Defects4J,0.8170483112335205,0.8131187558174133,0.8086418509483337,0.3503468334674835,1.182286024093628,0.8410596026490066,19.570458015267178,17.90137404580153,0.0,2.8099963856510346,0.4992385033352294,151.0,0.0,0.0,0.0,0.0,0.0,0.0,0.0,0.0,2.8160783974704477,0.43248895183205605,15.07532824427481,33.645053435114534,17.1975572519084,54.444274809160305,5.271523178807947,796.0,5.0,48.0,131.0,90.0,0.11067011502613792,16.711187368946828,0.08609271523178808,0.08609271523178808,0.013245033112582781,0.046357615894039736,0.019867549668874173,0.033112582781456956,0.0,0.16556291390728478,0.039735099337748346,0.039735099337748346,0.026490066225165563,0.17218543046357615,0.11258278145695365,0.013245033112582781,0.019867549668874173,0.10596026490066225,0.0,0.504294298364507,0.0618298324077899,0.0,0.0,0.6870229007633588,7.4,0.39528337121009827,26.2,27.0,11.54816002660164,15.112257680678326,1.7328244274809161,1.0,1.2770698061519494,0.0234375,5.923664122137405,5.0,5.4136078480979375,0.008771929824561403,0.029605263157894735,0.0
Jsoup-25.json,Defects4J,0.8123244047164917,0.8108135064442953,0.808631420135498,0.35682153701782227,1.1928654909133911,0.728,26.88064102564102,22.018461538461533,0.0,3.4341880341880344,0.21433743536056984,125.0,0.0,0.0,0.10817610062893082,0.10817610062893082,0.10817610062893082,0.10817610062893082,0.0,0.0,2.305013219115172,0.28003592044115067,17.218461538461543,33.35987179487182,20.78974358974359,70.24358974358975,5.648,705.0,3.0,31.0,104.0,77.0,0.08019448611254093,10.024310764067616,0.096,0.072,0.032,0.064,0.008,0.04,0.0,0.168,0.048,0.016,0.024,0.104,0.144,0.0,0.008,0.08,0.048,0.4277777777777778,0.0165622413462189,0.0,0.0,0.7403846153846154,12.333333333333334,0.45882827043533325,34.666666666666664,25.0,15.839472494022296,17.122413403193683,1.6346153846153846,1.0,1.1012029463246467,0.02040816326530612,6.576923076923077,4.5,6.041033259322174,0.0,0.0,0.0
Cli-20.json,Defects4J,0.7454889416694641,0.7439578572909037,0.7420525550842285,0.19406546652317047,1.2220724821090698,0.5590909090909091,25.332033898305085,23.16067796610169,0.0,3.595847338145725,1.1046443110985125,220.0,0.05003734129947722,0.1075429424943988,0.17027632561613143,0.1075429424943988,0.1075429424943988,0.1075429424943988,0.1075429424943988,0.0,3.0728869655392383,0.5784180700778961,13.315000000000001,52.14334745762713,16.319774011299437,60.00847457627118,5.668181818181818,920.0,6.0,32.0,177.0,122.0,0.09820083301533704,21.60418326337415,0.045454545454545456,0.045454545454545456,0.013636363636363636,0.02727272727272727,0.00909090909090909,0.05,0.0,0.11363636363636363,0.045454545454545456,0.0,0.0,0.15,0.16818181818181818,0.004545454545454545,0.02727272727272727,0.08181818181818182,0.022727272727272728,0.48042299546331807,0.05695503059361707,0.011834319526627219,0.0,0.6892655367231638,9.0,0.3925342932343483,29.5,29.0,14.419315748906627,13.5591,1.4745762711864407,1.0,0.8508407049499073,0.0,6.796610169491525,5.0,7.244977986382941,0.011202389843166542,0.0537714712471994,0.0
Lang-63.json,Defects4J,0.7336204648017883,0.7292728622754415,0.7265293598175049,0.3043597340583801,1.1841919422149658,0.4381625441696113,25.890647972716934,31.632709359605908,0.0,2.8886294611753858,1.0509703043545258,283.0,0.047058823529411764,0.0,0.11711229946524064,0.04973262032085562,0.04973262032085562,0.0,0.0,0.0010695187165775401,4.924675588573635,0.6666082416971525,9.624137931034483,53.875039787798414,11.96043956043956,55.516862447896926,6.307420494699647,1273.0,13.0,25.0,203.0,139.0,0.4863769642818433,137.64468089176165,0.014134275618374558,0.024734982332155476,0.0176678445229682,0.0176678445229682,0.0035335689045936395,0.014134275618374558,0.0,0.0812720848056537,0.0812720848056537,0.0,0.014134275618374558,0.1978798586572438,0.24734982332155478,0.0035335689045936395,0.03180212014134275,0.053003533568904596,0.007067137809187279,0.3779491349956333,0.13238585670410258,0.0,0.0,0.6847290640394089,6.230769230769231,0.6373629488728263,15.615384615384615,6.0,21.051360129778065,11.661520659325951,1.6206896551724137,1.0,1.4918383928514494,0.0,8.389162561576354,6.0,9.121580581435598,0.0106951871657754,0.052941176470588235,0.10106951871657754
Compress-1.json,Defects4J,0.7246469259262085,0.720159113407135,0.7178453207015991,0.35068419575691223,1.20573890209198,0.5048231511254019,32.965081585081585,37.43726495726496,0.0,3.769914280609468,2.5578811441651066,311.0,0.06379383185466836,0.0,0.08365019011406843,0.0,0.0,0.0,0.0,0.02788339670468948,3.993677451045696,0.555321803689003,13.633714063714066,35.204720279720306,14.32105672105672,61.87101787101787,7.244372990353698,1702.0,11.0,42.0,234.0,151.0,0.17445028788038655,54.25403953080022,0.04180064308681672,0.05144694533762058,0.012861736334405145,0.00964630225080386,0.003215434083601286,0.028938906752411574,0.0,0.12540192926045016,0.028938906752411574,0.003215434083601286,0.00964630225080386,0.16720257234726688,0.22186495176848875,0.00964630225080386,0.02572347266881029,0.06109324758842444,0.012861736334405145,0.47843111285624657,0.056161921656250696,0.0,0.00558659217877095,0.6452991452991453,8.636363636363637,0.42587102204561234,21.272727272727273,10.0,20.815601269200634,13.172668634160413,1.7735042735042734,1.0,1.981749773435499,0.0,9.290598290598291,5.0,11.996837068246293,0.006759611322348965,0.018588931136459652,0.060836501901140684
JacksonDatabind-100.json,Defects4J,0.8154486417770386,0.8124887347221375,0.8098726272583008,0.2248331755399704,1.1881963014602661,0.8529411764705882,21.708999999999996,26.71866666666666,0.0,2.436984126984127,0.4413339281999493,102.0,0.0,0.0,0.08483290488431877,0.08483290488431877,0.0,0.0,0.0,0.0,2.254522157684467,0.2512473903596401,13.991111111111113,21.470000000000027,14.444444444444446,60.55555555555556,6.803921568627451,694.0,6.0,36.0,90.0,73.0,0.09343860815638402,9.53073803195117,0.0784313725490196,0.0784313725490196,0.0392156862745098,0.06862745098039216,0.0196078431372549,0.049019607843137254,0.0,0.10784313725490197,0.08823529411764706,0.029411764705882353,0.029411764705882353,0.16666666666666666,0.09803921568627451,0.00980392156862745,0.00980392156862745,0.10784313725490197,0.0,0.43622655122655113,0.05834008836641012,0.0,0.0,0.8111111111111111,6.833333333333333,0.18398229405283928,15.0,12.5,6.782329983125268,13.295006501635747,2.011111111111111,1.0,1.5669818437893377,0.0449438202247191,7.566666666666666,5.5,7.150835227051765,0.0,0.0,0.0
Gson-11.json,Defects4J,0.7753323316574097,0.7710797985394796,0.7681095004081726,0.32727503776550293,1.2464656829833984,0.6860986547085202,13.326635042576825,15.862808219178085,0.0,2.3299489388525463,1.177248181736917,669.0,0.18379814077025233,0.22895086321381142,0.34422310756972113,0.34422310756972113,0.33094289508632135,0.3144754316069057,0.3046480743691899,0.10942895086321382,13.97371138720391,0.47216528669620556,7.174579785264715,71.73706219918552,10.286116253239541,45.74953720844132,5.109118086696562,3070.0,37.0,203.0,584.0,246.0,1750.9737260741144,1171401.4227435826,0.026905829596412557,0.07324364723467862,0.025411061285500747,0.04633781763826607,0.01046337817638266,0.07922272047832586,0.02242152466367713,0.14947683109118087,0.03587443946188341,0.02092675635276532,0.028400597907324365,0.06576980568011959,0.11808669656203288,0.01195814648729447,0.005979073243647235,0.1210762331838565,0.0014947683109118087,0.45683185804313586,0.07715387339532226,0.0,0.0,0.4212328767123288,4.72972972972973,0.44486609527042936,15.783783783783784,10.0,15.77739596767534,10.281603360665013,1.4075342465753424,1.0,0.7948968759202164,0.008333333333333333,5.703767123287672,4.0,4.675012217464214,0.006905710491367862,0.016733067729083666,0.031606905710491365
Math-21.json,Defects4J,0.7568849921226501,0.752015749613444,0.7477006912231445,0.6571476459503174,1.2563201189041138,0.3868378812199037,54.92495318634854,36.90570824524313,0.0,7.576618657893273,10.319244728682097,623.0,0.046675191815856776,0.0,0.09313725490196079,0.06947996589940324,0.03665814151747655,0.0,0.0,0.00042625745950554135,9.196703000536035,0.4790882021188736,27.72691633947448,16.626321353065535,30.664935064935065,105.20356387798248,7.112359550561798,3989.0,7.0,83.0,473.0,261.0,15.833951785532946,9864.551962387026,0.02086677367576244,0.03691813804173355,0.012841091492776886,0.012841091492776886,0.0032102728731942215,0.03210272873194221,0.0,0.08346709470304976,0.15569823434991975,0.011235955056179775,0.012841091492776886,0.13964686998394862,0.22150882825040127,0.0032102728731942215,0.01765650080256822,0.038523274478330656,0.011235955056179775,0.45886608700339454,0.0306291406548343,0.0,0.0,0.5517970401691332,25.428571428571427,0.18819925393909215,67.57142857142857,36.0,92.91295026276269,17.288020509699884,1.437632135306554,1.0,1.454314967726077,0.0,9.038054968287527,4.0,13.289054693708264,0.010230179028132993,0.012148337595907928,0.010230179028132993
JacksonDatabind-44.json,Defects4J,0.8163847923278809,0.8123339215914408,0.8078191876411438,0.10447800159454346,1.1758692264556885,0.7837837837837838,35.666304347826085,26.122608695652172,0.0,5.106020066889632,1.1983277591973243,111.0,0.0,0.0,0.13298565840938723,0.13298565840938723,0.13298565840938723,0.13298565840938723,0.0,0.0,1.6800111114224368,0.5692724585533142,25.436956521739138,-5.376739130434771,27.530434782608694,84.04347826086956,6.1891891891891895,687.0,2.0,28.0,92.0,77.0,0.048338879192902744,5.3656155904122045,0.08108108108108109,0.10810810810810811,0.04504504504504504,0.04504504504504504,0.009009009009009009,0.0,0.0,0.1891891891891892,0.09009009009009009,0.009009009009009009,0.02702702702702703,0.08108108108108109,0.12612612612612611,0.018018018018018018,0.02702702702702703,0.11711711711711711,0.0,0.41237458193979937,0.06454849498327761,0.0,0.0,0.8369565217391305,17.5,,46.0,46.0,7.0,,1.9565217391304348,1.0,1.6212786384333984,0.0449438202247191,7.239130434782608,5.0,6.9538377974627466,0.05867014341590613,0.0,0.0
Closure-174.json,Defects4J,0.8244315981864929,0.8194592595100403,0.8154457211494446,1.0,0.9932227730751038,0.8333333333333334,5.905000000000001,9.646666666666668,0.0,1.3333333333333333,0.0,6.0,0.0,0.0,0.0,0.0,0.0,0.0,0.0,0.0,0.05298664906710747,,6.416666666666668,59.745000000000005,9.066666666666666,22.666666666666664,5.166666666666667,31.0,1.0,1.0,6.0,6.0,0.17573592793231638,1.0544155675938982,0.0,0.0,0.0,0.0,0.0,0.16666666666666666,0.0,0.16666666666666666,0.0,0.0,0.0,0.3333333333333333,0.0,0.0,0.0,0.16666666666666666,0.0,0.6666666666666666,0.0,0.0,0.0,1.0,1.0,,6.0,6.0,0.0,,1.6666666666666667,1.5,0.7453559924999299,0.0,5.166666666666667,5.0,3.0230595245361758,0.0,0.0,0.0
Jsoup-72.json,Defects4J,0.7869436740875244,0.7841162085533142,0.7808345556259155,0.16204483807086945,1.1025235652923584,0.7261904761904762,41.00764705882353,40.05411764705882,0.0,3.022688598979013,0.04707884288145214,84.0,0.0,0.17606602475928473,0.17606602475928473,0.17606602475928473,0.17606602475928473,0.17606602475928473,0.17606602475928473,0.0,1.368219220316802,0.6548684239387512,22.137647058823536,-3.095588235294116,21.83529411764706,73.70588235294117,8.0,672.0,2.0,19.0,68.0,47.0,0.04676605879820034,3.928348939048828,0.03571428571428571,0.05952380952380952,0.0,0.047619047619047616,0.011904761904761904,0.0,0.0,0.15476190476190477,0.09523809523809523,0.0,0.05952380952380952,0.15476190476190477,0.13095238095238096,0.047619047619047616,0.05952380952380952,0.09523809523809523,0.0,0.42824730572887126,0.013613159387407842,0.0,0.0,0.6911764705882353,13.5,,34.0,34.0,4.0,,2.073529411764706,1.0,2.0530907580766256,0.03125,9.647058823529411,6.0,11.195803712161341,0.07152682255845942,0.07702888583218707,0.10453920220082531
Collections-23.json,Defects4J,0.726795494556427,0.7228475411732992,0.719870924949646,0.23047149181365967,1.1615856885910034,0.5325443786982249,27.344738095238093,29.257428571428573,0.0,3.5468695576454192,1.7852415765599534,169.0,0.07304785894206549,0.0,0.07052896725440806,0.0,0.0,0.0,0.0,0.0,1.9070331393394273,0.5676422774791717,10.535714285714288,61.08595238095239,13.904761904761905,58.33333333333333,6.6982248520710055,745.0,6.0,27.0,140.0,99.0,0.03984072791062429,6.733083016895505,0.029585798816568046,0.023668639053254437,0.023668639053254437,0.04142011834319527,0.0,0.047337278106508875,0.0,0.09467455621301775,0.05917159763313609,0.011834319526627219,0.005917159763313609,0.1893491124260355,0.1242603550295858,0.0,0.03550295857988166,0.05917159763313609,0.01775147928994083,0.49539359108324627,0.057839298592978636,0.0,0.0,0.7071428571428572,8.166666666666666,0.32621774077415466,23.333333333333332,17.0,14.313940369055926,12.457975602129121,1.4428571428571428,1.0,0.9279118536602845,0.0,7.878571428571429,5.0,8.634207596318642,0.007556675062972292,0.007556675062972292,0.0
Math-99.json,Defects4J,0.7112364768981934,0.7066657543182373,0.703437328338623,0.41828903555870056,1.1926090717315674,0.5083798882681564,34.54430952380952,38.24542857142856,0.0,2.802281746031746,1.1231125263972097,179.0,0.15226628895184136,0.0,0.11968838526912182,0.0,0.0,0.0,0.0,0.09348441926345609,2.4149282918101482,0.4508910447359085,11.8,52.021666666666675,14.476190476190476,64.76190476190476,7.575418994413408,849.0,6.0,20.0,140.0,95.0,0.06250820105108426,11.188967988144082,0.00558659217877095,0.03910614525139665,0.0111731843575419,0.01675977653631285,0.0,0.0335195530726257,0.0,0.1005586592178771,0.055865921787709494,0.0,0.0,0.2569832402234637,0.1564245810055866,0.0,0.03910614525139665,0.061452513966480445,0.0111731843575419,0.49229497354497354,0.05460741578226001,0.0,0.0,0.6785714285714286,9.666666666666666,0.4438287504017353,23.333333333333332,17.0,14.360439485692012,13.023866798666859,1.55,1.0,1.1105018170693313,0.0,9.407142857142857,6.0,10.755660588447254,0.03541076487252125,0.023371104815864022,0.0
Lang-34.json,Defects4J,0.7422376275062561,0.7397574385007223,0.7375457286834717,0.16297172009944916,1.2189546823501587,0.5927835051546392,31.19981481481482,28.765679012345675,0.0,3.5514317042606516,2.42542623256917,194.0,0.0635500365230095,0.0,0.061358655953250546,0.0,0.0,0.0,0.0,0.0,2.8605371691814456,0.47019677609205246,14.673160493827162,47.57122222222225,17.404444444444444,65.73333333333332,6.628865979381444,899.0,5.0,36.0,162.0,120.0,0.09005623324964239,17.470909250430623,0.010309278350515464,0.04639175257731959,0.005154639175257732,0.02577319587628866,0.015463917525773196,0.04639175257731959,0.0,0.17010309278350516,0.041237113402061855,0.010309278350515464,0.010309278350515464,0.16494845360824742,0.12886597938144329,0.005154639175257732,0.030927835051546393,0.07216494845360824,0.015463917525773196,0.48674498746867173,0.052741602017531995,0.0,0.0,0.7407407407407407,10.8,0.32566815117994946,32.4,29.0,25.523322667709234,13.968273953766033,1.4938271604938271,1.0,1.090061237266376,0.0,7.734567901234568,5.0,9.087906229055484,0.006574141709276844,0.006574141709276844,0.0
JacksonCore-4.json,Defects4J,0.7884526252746582,0.7867774367332458,0.7855476140975952,0.23320826888084412,1.2135984897613525,0.7033898305084746,27.798153846153845,35.26523076923077,0.0,2.405509838601944,1.0731177776994545,236.0,0.0,0.0,0.1509433962264151,0.0,0.0,0.0,0.0,0.0,6.125682811222245,0.5412537040455001,16.226666666666667,1.8800000000000239,13.61025641025641,44.794871794871796,7.686440677966102,1778.0,15.0,65.0,195.0,117.0,1.9383769635641293,457.4569634011345,0.07627118644067797,0.07627118644067797,0.029661016949152543,0.0635593220338983,0.01694915254237288,0.029661016949152543,0.0,0.11440677966101695,0.08050847457627118,0.00847457627118644,0.03389830508474576,0.1228813559322034,0.1694915254237288,0.025423728813559324,0.00423728813559322,0.059322033898305086,0.00847457627118644,0.47708361570203667,0.0843874559541511,0.0,0.04,0.6,4.133333333333334,0.572648925276903,13.0,8.0,12.457929201917949,12.573866699077325,2.2666666666666666,1.0,2.749483245931519,0.011363636363636364,9.071794871794872,5.0,13.195763669819087,0.02855685874553799,0.02855685874553799,0.1223865374808771
Math-76.json,Defects4J,0.7564740180969238,0.7515740195910136,0.7476726770401001,0.3517169654369354,1.26957368850708,0.5395189003436426,22.909615384615385,22.186153846153847,0.0,2.913464758090362,1.171867849307996,291.0,0.04979965655409273,0.0,0.0,0.0,0.0,0.0,0.0,0.0011448196908986834,4.699864153766386,0.44863818772137165,11.544017094017097,58.60653846153849,14.160683760683762,52.92307692307692,5.570446735395189,1230.0,9.0,59.0,234.0,156.0,0.37777401222438817,109.93223755729696,0.01718213058419244,0.037800687285223365,0.01718213058419244,0.027491408934707903,0.003436426116838488,0.05154639175257732,0.0,0.13745704467353953,0.061855670103092786,0.006872852233676976,0.020618556701030927,0.15120274914089346,0.15463917525773196,0.013745704467353952,0.020618556701030927,0.058419243986254296,0.024054982817869417,0.49232632191569387,0.0765950099304075,0.0,0.0,0.6666666666666666,7.0,0.30070799376283375,26.0,19.0,21.28118626601649,12.060818386365153,1.4401709401709402,1.0,1.186934558429037,0.0,6.653846153846154,4.0,7.90892645595678,0.0045792787635947334,0.005151688609044075,0.0
Closure-71.json,Defects4J,0.8244315981864929,0.8194592595100403,0.8154457211494446,1.0,0.9932227730751038,0.8333333333333334,5.905000000000001,9.646666666666668,0.0,1.3333333333333333,0.0,6.0,0.0,0.0,0.0,0.0,0.0,0.0,0.0,0.0,0.05298664906710747,,6.416666666666668,59.745000000000005,9.066666666666666,22.666666666666664,5.166666666666667,31.0,1.0,1.0,6.0,6.0,0.17573592793231638,1.0544155675938982,0.0,0.0,0.0,0.0,0.0,0.16666666666666666,0.0,0.16666666666666666,0.0,0.0,0.0,0.3333333333333333,0.0,0.0,0.0,0.16666666666666666,0.0,0.6666666666666666,0.0,0.0,0.0,1.0,1.0,,6.0,6.0,0.0,,1.6666666666666667,1.5,0.7453559924999299,0.0,5.166666666666667,5.0,3.0230595245361758,0.0,0.0,0.0
Time-8.json,Defects4J,0.8114202618598938,0.8075815439224243,0.802882730960846,0.39954009652137756,1.1911777257919312,0.7727272727272727,26.60196202531646,30.33670886075949,0.0,2.5808531746031744,0.33298881182417456,88.0,0.0,0.0,0.15223463687150837,0.15223463687150837,0.15223463687150837,0.10614525139664804,0.0,0.0,1.4456203133446763,0.1659299172461033,16.75806962025317,10.092547468354468,18.53291139240506,58.99050632911392,7.375,649.0,4.0,20.0,79.0,60.0,0.04823277541577062,4.244484236587814,0.10227272727272728,0.045454545454545456,0.022727272727272728,0.06818181818181818,0.022727272727272728,0.011363636363636364,0.0,0.14772727272727273,0.09090909090909091,0.03409090909090909,0.022727272727272728,0.11363636363636363,0.09090909090909091,0.0,0.011363636363636364,0.14772727272727273,0.03409090909090909,0.45552248677248675,0.05735193896642202,0.0,0.0,0.759493670886076,7.75,0.22358960285782814,19.75,12.5,17.166464400102893,16.218646115125612,2.088607594936709,1.0,1.758810540366512,0.02631578947368421,8.10126582278481,5.0,9.690913056366108,0.025139664804469275,0.05446927374301676,0.09217877094972067
JacksonDatabind-3.json,Defects4J,0.8090401887893677,0.8075578808784485,0.8059561848640442,0.2832639515399933,1.1585499048233032,0.7737556561085973,19.473473684210525,19.19305263157894,0.0,2.9806817916591157,0.7049366154855103,221.0,0.033527696793002916,0.08017492711370262,0.14868804664723032,0.14868804664723032,0.14868804664723032,0.08017492711370262,0.08017492711370262,0.0,4.843902593466056,0.33100281336477827,14.291447368421057,34.901381578947394,17.5,57.43421052631579,5.493212669683258,1214.0,8.0,80.0,190.0,122.0,0.5744971698140875,126.96387452891334,0.04524886877828054,0.09502262443438914,0.02262443438914027,0.058823529411764705,0.027149321266968326,0.058823529411764705,0.004524886877828055,0.167420814479638,0.06787330316742081,0.03167420814479638,0.04524886877828054,0.09049773755656108,0.09954751131221719,0.00904977375565611,0.00904977375565611,0.09954751131221719,0.00904977375565611,0.444146354748866,0.056335910320724096,0.0,0.0,0.6421052631578947,8.0,0.21920996283491453,23.75,20.0,19.632562237262867,15.579741850924794,1.7473684210526317,1.0,1.3453109290587346,0.01098901098901099,6.163157894736842,4.0,5.64565137972449,0.008746355685131196,0.0,0.0
JacksonDatabind-87.json,Defects4J,0.790480375289917,0.7892374595006307,0.7879519462585449,0.24060051143169403,1.177516222000122,0.5921787709497207,33.35940476190476,22.835714285714285,0.0,4.62429772767937,1.7445259457066902,179.0,0.0,0.18651892890120036,0.2077562326869806,0.18651892890120036,0.18651892890120036,0.18651892890120036,0.18651892890120036,0.0,2.608458175584965,0.4916685223579407,22.670000000000005,15.648333333333369,24.952380952380953,80.95238095238095,5.4636871508379885,977.0,3.0,29.0,140.0,85.0,0.07585530535691141,13.578099658887142,0.0335195530726257,0.08379888268156424,0.0111731843575419,0.01675977653631285,0.0111731843575419,0.0335195530726257,0.0,0.1787709497206704,0.12290502793296089,0.00558659217877095,0.00558659217877095,0.1340782122905028,0.18435754189944134,0.0,0.0335195530726257,0.0782122905027933,0.00558659217877095,0.4814099123277867,0.09685489557628445,0.0,0.07692307692307693,0.6071428571428571,16.0,0.6482486724853516,46.666666666666664,57.0,20.531818125912658,18.599290044081553,1.7,1.0,1.4817942791475092,0.015503875968992248,6.678571428571429,4.0,7.3797675700360035,0.0110803324099723,0.014773776546629732,0.0221606648199446
Mockito-12.json,Defects4J,0.8273728489875793,0.8226843674977621,0.818372368812561,1.0,1.1956604719161987,0.8,3.678000000000001,6.504000000000001,0.0,1.2,0.0,5.0,0.0,0.0,0.0,0.0,0.0,0.0,0.0,0.0,0.05305602573781134,,2.879999999999999,83.32000000000004,10.0,25.0,4.8,24.0,1.0,1.0,5.0,5.0,0.21089774439461811,1.0544887219730905,0.0,0.0,0.0,0.0,0.0,0.2,0.0,0.2,0.0,0.0,0.0,0.2,0.0,0.0,0.0,0.2,0.0,0.6,0.0,0.0,0.0,1.0,1.0,,5.0,5.0,0.0,,1.4,1.0,0.8,0.0,4.8,4.0,3.3105890714493698,0.0,0.0,0.0
Closure-158.json,Defects4J,0.8244315981864929,0.8194592595100403,0.8154457211494446,1.0,0.9932227730751038,0.8333333333333334,5.905000000000001,9.646666666666668,0.0,1.3333333333333333,0.0,6.0,0.0,0.0,0.0,0.0,0.0,0.0,0.0,0.0,0.05298664906710747,,6.416666666666668,59.745000000000005,9.066666666666666,22.666666666666664,5.166666666666667,31.0,1.0,1.0,6.0,6.0,0.17573592793231638,1.0544155675938982,0.0,0.0,0.0,0.0,0.0,0.16666666666666666,0.0,0.16666666666666666,0.0,0.0,0.0,0.3333333333333333,0.0,0.0,0.0,0.16666666666666666,0.0,0.6666666666666666,0.0,0.0,0.0,1.0,1.0,,6.0,6.0,0.0,,1.6666666666666667,1.5,0.7453559924999299,0.0,5.166666666666667,5.0,3.0230595245361758,0.0,0.0,0.0
Closure-26.json,Defects4J,0.8244315981864929,0.8194592595100403,0.8154457211494446,1.0,0.9932227730751038,0.8333333333333334,5.905000000000001,9.646666666666668,0.0,1.3333333333333333,0.0,6.0,0.0,0.0,0.0,0.0,0.0,0.0,0.0,0.0,0.05298664906710747,,6.416666666666668,59.745000000000005,9.066666666666666,22.666666666666664,5.166666666666667,31.0,1.0,1.0,6.0,6.0,0.17573592793231638,1.0544155675938982,0.0,0.0,0.0,0.0,0.0,0.16666666666666666,0.0,0.16666666666666666,0.0,0.0,0.0,0.3333333333333333,0.0,0.0,0.0,0.16666666666666666,0.0,0.6666666666666666,0.0,0.0,0.0,1.0,1.0,,6.0,6.0,0.0,,1.6666666666666667,1.5,0.7453559924999299,0.0,5.166666666666667,5.0,3.0230595245361758,0.0,0.0,0.0
JacksonDatabind-68.json,Defects4J,0.7609677910804749,0.7601367433865865,0.7593708038330078,0.19923318922519684,1.1436806917190552,0.5275,52.798047788510424,51.07217081850534,0.0,6.181667352255588,5.088504366337582,400.0,0.020779960148021633,0.0,0.24565898092798177,0.05209222886421862,0.032450896669513236,0.032450896669513236,0.0,0.0,6.647433949383764,0.6343212326367696,31.560376207422475,-59.71071174377224,25.594509405185562,82.49161159125572,8.375,3093.0,7.0,42.0,281.0,156.0,1.9270096597737372,770.8038639094949,0.0475,0.065,0.0125,0.0075,0.01,0.005,0.0,0.145,0.0425,0.0075,0.0025,0.1575,0.2875,0.0025,0.0125,0.04,0.03,0.41259720671485384,0.06791661638748248,0.0,0.0,0.5551601423487544,17.0,0.5403999403119087,40.142857142857146,13.0,45.68347175770177,20.80303759183278,2.6690391459074734,1.0,3.4291095513549252,0.008658008658008658,11.498220640569395,6.0,15.922884571007792,0.02391118701964133,0.03188158269285511,0.07685738684884715
Lang-6.json,Defects4J,0.7534010410308838,0.7505499919255575,0.7470664978027344,0.3161643147468567,1.1874310970306396,0.5487364620938628,33.05809090909091,38.25927272727273,0.0,3.0347510822510824,2.0707104636517073,277.0,0.038375725122713075,0.0,0.0785363676929942,0.0,0.0,0.0,0.0,0.0,4.2402816777518195,0.4362880945205688,13.932727272727274,30.794090909090954,14.363636363636363,57.27272727272727,7.714801444043322,1746.0,11.0,40.0,220.0,149.0,0.25064045213057595,69.42740524016953,0.039711191335740074,0.06498194945848375,0.0036101083032490976,0.01444043321299639,0.0,0.02888086642599278,0.0,0.1444043321299639,0.039711191335740074,0.0,0.018050541516245487,0.1624548736462094,0.16967509025270758,0.007220216606498195,0.02527075812274368,0.05776173285198556,0.021660649819494584,0.47535419126328216,0.04773561657339502,0.0,0.0,0.6772727272727272,7.454545454545454,0.3097456867496173,20.0,12.0,22.655523107461615,13.319297830178854,1.8409090909090908,1.0,1.9925221775677113,0.0,9.445454545454545,5.0,12.446676346162285,0.00892458723784025,0.00892458723784025,0.0
Jsoup-48.json,Defects4J,0.7766993641853333,0.7736593882242838,0.7717688083648682,0.25888675451278687,1.2093918323516846,0.4968553459119497,40.28031347962382,20.951473354231975,0.0,6.785870753207748,3.913810018699931,477.0,0.017789072426937738,0.06268530283778061,0.1711139347734011,0.1592545531554426,0.12621770436255825,0.08216857263871241,0.06268530283778061,0.0,7.030365979165707,0.7941489517688751,27.195448275862066,13.719379310344863,30.661065830721004,97.65579937304075,4.580712788259958,1815.0,5.0,63.0,319.0,164.0,2.369904095459365,1130.444253534117,0.06289308176100629,0.031446540880503145,0.012578616352201259,0.010482180293501049,0.0020964360587002098,0.018867924528301886,0.0,0.129979035639413,0.03773584905660377,0.006289308176100629,0.012578616352201259,0.14675052410901468,0.31236897274633124,0.020964360587002098,0.010482180293501049,0.050314465408805034,0.016771488469601678,0.3886869879148534,0.0261299537453397,0.0,0.0,0.5141065830721003,21.6,0.668599267800649,63.8,50.0,35.6,19.48791578843652,1.5172413793103448,1.0,1.1898936656132078,0.007575757575757576,6.329153605015674,4.0,6.293360902302118,0.00847098686997035,0.005082592121982211,0.0169419737399407
Collections-19.json,Defects4J,0.7403079271316528,0.736997922261556,0.734041690826416,0.47301891446113586,1.2185298204421997,0.4839650145772595,27.92547619047619,25.213650793650796,0.0,4.082101658217939,2.595773831679679,343.0,0.03273809523809524,0.0,0.036210317460317464,0.0,0.0,0.0,0.0,0.0,4.733878427002357,0.5520392869200025,15.237857142857145,41.91964285714289,18.314285714285713,69.5952380952381,5.513119533527697,1370.0,8.0,35.0,252.0,159.0,0.33159132398434055,113.73582412662881,0.043731778425655975,0.026239067055393587,0.0,0.011661807580174927,0.0,0.03498542274052478,0.0,0.13411078717201166,0.03498542274052478,0.0,0.02040816326530612,0.15160349854227406,0.239067055393586,0.0029154518950437317,0.01749271137026239,0.0641399416909621,0.03498542274052478,0.4679267843489184,0.060813509157818676,0.0,0.0,0.6309523809523809,12.0,0.4103112568457921,31.5,21.0,22.655021518418383,15.247664890283005,1.5714285714285714,1.0,1.0268504120403728,0.0,7.134920634920635,5.0,7.554934448260337,0.011904761904761904,0.03819444444444445,0.00744047619047619
JacksonDatabind-91.json,Defects4J,0.7768090963363647,0.7728796203931173,0.7689306735992432,0.22322748601436615,1.1726887226104736,0.32724719101123595,28.013053097345136,27.24353982300885,0.0,5.2241310121486295,3.953323606500421,712.0,0.15240811153358683,0.32984790874524716,0.4055766793409379,0.35994930291508237,0.35994930291508237,0.35994930291508237,0.32984790874524716,0.0,16.846652318569525,0.5748492506417361,18.679417404129797,11.456825221238944,19.913569321533927,67.18805309734513,4.095505617977528,2675.0,12.0,42.0,339.0,174.0,29102.35585669752,20720877.369968634,0.026685393258426966,0.014044943820224719,0.004213483146067416,0.004213483146067416,0.004213483146067416,0.007022471910112359,0.0028089887640449437,0.13623595505617977,0.033707865168539325,0.0056179775280898875,0.0,0.08146067415730338,0.5168539325842697,0.0014044943820224719,0.0028089887640449437,0.0351123595505618,0.007022471910112359,0.4154776198623867,0.04901833349142705,0.0,0.0,0.5132743362831859,11.0,0.5663541585206986,28.25,16.0,26.523967149228138,17.219254097808864,1.9705014749262537,1.0,1.8335652961990618,0.0078125,7.498525073746313,5.0,7.305945625475846,0.051330798479087454,0.04594423320659062,0.025348542458808618
Closure-30.json,Defects4J,0.8244315981864929,0.8194592595100403,0.8154457211494446,1.0,0.9932227730751038,0.8333333333333334,5.905000000000001,9.646666666666668,0.0,1.3333333333333333,0.0,6.0,0.0,0.0,0.0,0.0,0.0,0.0,0.0,0.0,0.05298664906710747,,6.416666666666668,59.745000000000005,9.066666666666666,22.666666666666664,5.166666666666667,31.0,1.0,1.0,6.0,6.0,0.17573592793231638,1.0544155675938982,0.0,0.0,0.0,0.0,0.0,0.16666666666666666,0.0,0.16666666666666666,0.0,0.0,0.0,0.3333333333333333,0.0,0.0,0.0,0.16666666666666666,0.0,0.6666666666666666,0.0,0.0,0.0,1.0,1.0,,6.0,6.0,0.0,,1.6666666666666667,1.5,0.7453559924999299,0.0,5.166666666666667,5.0,3.0230595245361758,0.0,0.0,0.0
Compress-43.json,Defects4J,0.7530702948570251,0.7512029409408569,0.7490264177322388,0.3810613751411438,1.226574182510376,0.6503496503496503,27.754090909090912,24.70227272727273,0.0,3.6981806156806156,1.7059531583902907,429.0,0.03390435403283369,0.0,0.05353319057815846,0.03140613847251963,0.03140613847251963,0.03140613847251963,0.0,0.0,7.333071728762208,0.5049376964569092,15.025795454545456,44.33056818181822,17.345454545454544,66.6590909090909,5.967365967365968,2032.0,11.0,102.0,352.0,213.0,3.566607307250131,1530.0745348103062,0.04195804195804196,0.037296037296037296,0.009324009324009324,0.04895104895104895,0.013986013986013986,0.046620046620046623,0.0,0.15151515151515152,0.027972027972027972,0.02564102564102564,0.02097902097902098,0.13053613053613053,0.15384615384615385,0.027972027972027972,0.013986013986013986,0.09324009324009325,0.013986013986013986,0.4817508417508417,0.07795423939831056,0.0,0.0,0.6051136363636364,11.090909090909092,0.3383659565200408,32.0,28.0,15.123732103130918,14.02287970970757,1.5369318181818181,1.0,1.1744436380634038,0.0,7.045454545454546,5.0,7.797740189703405,0.0032119914346895075,0.0032119914346895075,0.0
Jsoup-7.json,Defects4J,0.8132363557815552,0.8110217650731405,0.8081907033920288,0.08534305542707443,1.151265025138855,0.8390804597701149,23.21112554112554,22.755844155844148,0.0,2.955840455840456,0.7306262112703645,87.0,0.0,0.0,0.0,0.0,0.0,0.0,0.0,0.0,1.692938663822879,0.2615242935717106,16.02779220779221,25.866450216450232,18.57835497835498,64.62770562770564,6.091954022988506,530.0,3.0,24.0,77.0,61.0,0.062476208742345773,5.435430160584082,0.05747126436781609,0.09195402298850575,0.0,0.034482758620689655,0.022988505747126436,0.05747126436781609,0.0,0.21839080459770116,0.06896551724137931,0.0,0.04597701149425287,0.16091954022988506,0.09195402298850575,0.011494252873563218,0.022988505747126436,0.06896551724137931,0.011494252873563218,0.41248812915479577,0.04651621858476435,0.0,0.0,0.7922077922077922,10.0,0.5199512839317322,25.666666666666668,14.0,17.21110752456745,16.32212239822248,1.8311688311688312,1.0,1.293365662807623,0.02702702702702703,6.753246753246753,5.0,6.07561838904014,0.050335570469798654,0.0,0.0
Closure-88.json,Defects4J,0.8244315981864929,0.8194592595100403,0.8154457211494446,1.0,0.9932227730751038,0.8333333333333334,5.905000000000001,9.646666666666668,0.0,1.3333333333333333,0.0,6.0,0.0,0.0,0.0,0.0,0.0,0.0,0.0,0.0,0.05298664906710747,,6.416666666666668,59.745000000000005,9.066666666666666,22.666666666666664,5.166666666666667,31.0,1.0,1.0,6.0,6.0,0.17573592793231638,1.0544155675938982,0.0,0.0,0.0,0.0,0.0,0.16666666666666666,0.0,0.16666666666666666,0.0,0.0,0.0,0.3333333333333333,0.0,0.0,0.0,0.16666666666666666,0.0,0.6666666666666666,0.0,0.0,0.0,1.0,1.0,,6.0,6.0,0.0,,1.6666666666666667,1.5,0.7453559924999299,0.0,5.166666666666667,5.0,3.0230595245361758,0.0,0.0,0.0
Compress-14.json,Defects4J,0.7620769739151001,0.7603176434834799,0.7578752636909485,0.3236449658870697,1.236291527748108,0.525987525987526,37.74881150244031,45.627036011080335,0.0,3.988327358575339,3.066819615891019,481.0,0.08503974945796193,0.14165261382799327,0.3252228378703927,0.16477957118766562,0.14165261382799327,0.14165261382799327,0.14165261382799327,0.000481811611659841,9.143591943713659,0.8076809406280517,17.78686189157104,-1.8421421975992587,16.405276348766655,56.525656245877855,8.313929313929314,3628.0,21.0,73.0,361.0,194.0,19.44761953460319,9354.304996144136,0.02702702702702703,0.10187110187110188,0.004158004158004158,0.010395010395010396,0.008316008316008316,0.016632016632016633,0.0,0.11642411642411643,0.056133056133056136,0.004158004158004158,0.004158004158004158,0.18087318087318088,0.22661122661122662,0.0,0.018711018711018712,0.0395010395010395,0.012474012474012475,0.47718384965241367,0.09192947893315964,0.0,0.0,0.5373961218836565,6.761904761904762,0.7739346890073073,17.19047619047619,9.0,19.130178222401945,14.689810185797409,2.260387811634349,1.0,2.740646922894908,0.0,10.739612188365651,5.0,13.837554139324746,0.03276318959286919,0.03854492893278728,0.0563719585642014
Closure-119.json,Defects4J,0.8244315981864929,0.8194592595100403,0.8154457211494446,1.0,0.9932227730751038,0.8333333333333334,5.905000000000001,9.646666666666668,0.0,1.3333333333333333,0.0,6.0,0.0,0.0,0.0,0.0,0.0,0.0,0.0,0.0,0.05298664906710747,,6.416666666666668,59.745000000000005,9.066666666666666,22.666666666666664,5.166666666666667,31.0,1.0,1.0,6.0,6.0,0.17573592793231638,1.0544155675938982,0.0,0.0,0.0,0.0,0.0,0.16666666666666666,0.0,0.16666666666666666,0.0,0.0,0.0,0.3333333333333333,0.0,0.0,0.0,0.16666666666666666,0.0,0.6666666666666666,0.0,0.0,0.0,1.0,1.0,,6.0,6.0,0.0,,1.6666666666666667,1.5,0.7453559924999299,0.0,5.166666666666667,5.0,3.0230595245361758,0.0,0.0,0.0
JacksonDatabind-29.json,Defects4J,0.7807835936546326,0.778538445631663,0.7746835350990295,0.27823925018310547,1.2240065336227417,0.7221750212404418,12.412456743825167,15.538334928229666,0.0,2.145240587856513,0.6518828760832983,1177.0,0.26792564178223666,0.39495426379462967,0.440100324579522,0.440100324579522,0.440100324579522,0.43095308350545886,0.4114783121864857,0.22351726172912365,26.622561903605984,0.416388803544416,5.79379606879607,78.67609950859952,8.90223716539506,40.43741109530583,5.165675446049278,5441.0,74.0,396.0,1045.0,348.0,309924040.9872985,364780596242.0503,0.05352591333899745,0.04927782497875956,0.0237892948173322,0.05777400169923534,0.0118946474086661,0.06881903143585387,0.029736618521665252,0.16907391673746813,0.029736618521665252,0.022939677145284623,0.051826677994902294,0.051826677994902294,0.10535259133389975,0.022090059473237042,0.002548853016142736,0.11129991503823279,0.0,0.4623033872685589,0.07311112882294851,0.0,0.0009066183136899365,0.33301435406698565,3.7162162162162162,0.3850108127420147,14.121621621621621,10.0,11.686158019735794,9.251737382167388,1.3454545454545455,1.0,1.073513619826513,0.003389830508474576,5.686124401913876,4.0,6.167288983077744,0.004426084390675715,0.009294777220419003,0.011950427854824431
Closure-67.json,Defects4J,0.8244315981864929,0.8194592595100403,0.8154457211494446,1.0,0.9932227730751038,0.8333333333333334,5.905000000000001,9.646666666666668,0.0,1.3333333333333333,0.0,6.0,0.0,0.0,0.0,0.0,0.0,0.0,0.0,0.0,0.05298664906710747,,6.416666666666668,59.745000000000005,9.066666666666666,22.666666666666664,5.166666666666667,31.0,1.0,1.0,6.0,6.0,0.17573592793231638,1.0544155675938982,0.0,0.0,0.0,0.0,0.0,0.16666666666666666,0.0,0.16666666666666666,0.0,0.0,0.0,0.3333333333333333,0.0,0.0,0.0,0.16666666666666666,0.0,0.6666666666666666,0.0,0.0,0.0,1.0,1.0,,6.0,6.0,0.0,,1.6666666666666667,1.5,0.7453559924999299,0.0,5.166666666666667,5.0,3.0230595245361758,0.0,0.0,0.0
Lang-59.json,Defects4J,0.7327753305435181,0.7297312617301941,0.7262908816337585,0.3911634683609009,1.1972758769989014,0.45481049562682213,31.30581512605042,26.484392156862743,0.0,4.176564775094187,3.313311122329888,343.0,0.04821002386634845,0.0,0.0954653937947494,0.0954653937947494,0.036276849642004776,0.036276849642004776,0.036276849642004776,0.0,3.9471369439297526,0.4052246113618215,15.877535014005606,46.11176470588238,18.022408963585434,67.80112044817928,5.711370262390671,1361.0,7.0,38.0,255.0,140.0,0.15098217383089382,51.78688562399658,0.014577259475218658,0.023323615160349854,0.008746355685131196,0.01749271137026239,0.008746355685131196,0.01749271137026239,0.0029154518950437317,0.16034985422740525,0.037900874635568516,0.0029154518950437317,0.029154518950437316,0.15451895043731778,0.22448979591836735,0.011661807580174927,0.02040816326530612,0.05539358600583091,0.026239067055393587,0.3792645916175328,0.15829391937701784,0.0,0.0,0.5490196078431373,11.428571428571429,0.2918302729725838,36.42857142857143,17.0,31.649225415288683,13.25671669890799,1.4627450980392156,1.0,1.245220003290028,0.0,7.329411764705882,5.0,8.264815434344749,0.005727923627684964,0.028639618138424822,0.020047732696897375
Csv-11.json,Defects4J,0.7268358469009399,0.7233203252156576,0.7202370762825012,0.22047533094882965,1.1364089250564575,0.5212121212121212,40.72743781094527,33.254029850746264,0.0,2.4965675057208236,1.8258527557337498,165.0,0.07686017988552739,0.0,0.0686835650040883,0.0,0.0,0.0,0.0,0.0,1.8039926264857225,0.09907731413841248,19.265820895522385,36.49236318407961,21.448756218905473,77.50248756218906,7.054545454545455,761.0,3.0,23.0,134.0,100.0,0.03681121048643423,6.073849730261648,0.01818181818181818,0.03636363636363636,0.0,0.006060606060606061,0.01818181818181818,0.03636363636363636,0.0,0.11515151515151516,0.05454545454545454,0.006060606060606061,0.0,0.21212121212121213,0.1393939393939394,0.012121212121212121,0.04242424242424243,0.05454545454545454,0.01818181818181818,0.3344520722095093,0.2398599640024207,0.0,0.0,0.746268656716418,14.666666666666666,0.8873633146286011,44.666666666666664,58.0,31.647362537114457,14.554592549557764,1.4776119402985075,1.0,1.1507065831281424,0.0,8.455223880597014,5.0,9.725804783215667,0.007358953393295176,0.007358953393295176,0.0
Math-83.json,Defects4J,0.7553689479827881,0.7514541347821554,0.7484931945800781,0.44261157512664795,1.269930362701416,0.3826955074875208,18.026328950760508,17.27517401392112,0.0,5.502612412541491,4.329518527322053,601.0,0.10558170813718896,0.17047747141896435,0.1906523201075992,0.17955615332885003,0.17955615332885003,0.1788836583725622,0.17753866845998656,0.0006724949562878278,11.207875381834512,0.7050445167457356,11.023971384377422,58.673848285640645,14.310956432070121,49.23446764630059,4.474209650582362,2300.0,18.0,47.0,431.0,203.0,122.64333741532177,73708.64578660838,0.028286189683860232,0.02329450915141431,0.004991680532445923,0.014975041597337771,0.019966722129783693,0.018302828618968387,0.0,0.07487520798668885,0.1497504159733777,0.004991680532445923,0.008319467554076539,0.19966722129783693,0.23627287853577372,0.0033277870216306157,0.02329450915141431,0.029950083194675542,0.03826955074875208,0.35551036749680887,0.10974618213742003,0.0,0.01,0.4709976798143852,6.055555555555555,0.5561304336297326,23.944444444444443,15.0,28.673394989901592,12.745084868956482,1.4640371229698377,1.0,1.0826543983126333,0.0,5.835266821345708,3.0,7.307515113428279,0.019166106254203095,0.01882985877605918,0.01613987895090787
Csv-2.json,Defects4J,0.7470571994781494,0.74544225136439,0.7429757714271545,0.18394657969474792,1.2137771844863892,0.5047169811320755,34.255552147239264,27.555582822085885,0.0,4.154422514619883,1.5293562398164018,212.0,0.05192878338278932,0.0,0.12462908011869436,0.12462908011869436,0.07418397626112759,0.07418397626112759,0.07418397626112759,0.002967359050445104,2.885529916134056,0.7471609314282736,18.6902300613497,33.64307515337424,20.717177914110433,73.26533742331289,5.995283018867925,935.0,4.0,23.0,163.0,112.0,0.08449555424080438,17.913057499050527,0.0330188679245283,0.02830188679245283,0.0,0.014150943396226415,0.0,0.04716981132075472,0.0,0.12264150943396226,0.04245283018867924,0.009433962264150943,0.0,0.18396226415094338,0.19339622641509435,0.009433962264150943,0.02830188679245283,0.05660377358490566,0.02358490566037736,0.4640594541910331,0.04742409655495592,0.0,0.0,0.6871165644171779,13.25,0.7340888381004333,40.75,42.5,5.539629951540085,15.247664890283005,1.5582822085889572,1.0,1.1516760765896752,0.0,7.4969325153374236,5.0,8.043878313388337,0.008902077151335312,0.0066765578635014835,0.0
Closure-10.json,Defects4J,0.8244315981864929,0.8194592595100403,0.8154457211494446,1.0,0.9932227730751038,0.8333333333333334,5.905000000000001,9.646666666666668,0.0,1.3333333333333333,0.0,6.0,0.0,0.0,0.0,0.0,0.0,0.0,0.0,0.0,0.05298664906710747,,6.416666666666668,59.745000000000005,9.066666666666666,22.666666666666664,5.166666666666667,31.0,1.0,1.0,6.0,6.0,0.17573592793231638,1.0544155675938982,0.0,0.0,0.0,0.0,0.0,0.16666666666666666,0.0,0.16666666666666666,0.0,0.0,0.0,0.3333333333333333,0.0,0.0,0.0,0.16666666666666666,0.0,0.6666666666666666,0.0,0.0,0.0,1.0,1.0,,6.0,6.0,0.0,,1.6666666666666667,1.5,0.7453559924999299,0.0,5.166666666666667,5.0,3.0230595245361758,0.0,0.0,0.0
JxPath-7.json,Defects4J,0.7583979964256287,0.7573521335919698,0.7567196488380432,0.2357926070690155,1.2308237552642822,0.6228287841191067,31.059602803738315,23.944548286604356,0.0,4.147491573761991,1.3930444036957752,403.0,0.0272,0.11,0.1484,0.1484,0.11,0.11,0.11,0.0008,8.415268942670721,0.5393767527171544,18.29177180685358,35.38662967289724,20.90981308411215,70.34306853582555,5.687344913151365,1764.0,8.0,103.0,321.0,175.0,11.204689328551153,4515.489799406115,0.03722084367245657,0.04714640198511166,0.01488833746898263,0.04218362282878412,0.019851116625310174,0.06451612903225806,0.004962779156327543,0.15632754342431762,0.03225806451612903,0.01240694789081886,0.009925558312655087,0.12406947890818859,0.18610421836228289,0.022332506203473945,0.017369727047146403,0.05707196029776675,0.02481389578163772,0.4264925514216576,0.06478997025987507,0.0,0.0,0.5451713395638629,12.125,0.3267541242142518,40.125,32.0,29.733976777417446,15.742502247213078,1.5451713395638629,1.0,1.2425416314334283,0.0,6.8847352024922115,4.0,7.906922556015666,0.012,0.0128,0.0156
Mockito-24.json,Defects4J,0.8273728489875793,0.8226843674977621,0.818372368812561,1.0,1.1956604719161987,0.8,3.678000000000001,6.504000000000001,0.0,1.2,0.0,5.0,0.0,0.0,0.0,0.0,0.0,0.0,0.0,0.0,0.05305602573781134,,2.879999999999999,83.32000000000004,10.0,25.0,4.8,24.0,1.0,1.0,5.0,5.0,0.21089774439461811,1.0544887219730905,0.0,0.0,0.0,0.0,0.0,0.2,0.0,0.2,0.0,0.0,0.0,0.2,0.0,0.0,0.0,0.2,0.0,0.6,0.0,0.0,0.0,1.0,1.0,,5.0,5.0,0.0,,1.4,1.0,0.8,0.0,4.8,4.0,3.3105890714493698,0.0,0.0,0.0
Jsoup-87.json,Defects4J,0.7544560432434082,0.7535569270451864,0.7529474496841431,0.1913846880197525,1.1762112379074097,0.44710327455919396,105.6159443457667,25.505150976909416,0.0,15.327765607886091,8.951742658805719,794.0,0.04532130777903044,0.5413754227733935,0.6755355129650508,0.6644870349492672,0.6011273957158962,0.5900789177001128,0.582412626832018,0.0,7.5334578378948045,0.9345990419387817,75.72966252220249,-113.62712847838952,81.38993487270574,220.34872705743044,5.292191435768262,3861.0,3.0,66.0,563.0,151.0,2.354608276399897,1869.5589714615182,0.02644836272040302,0.005037783375314861,0.0012594458438287153,0.017632241813602016,0.010075566750629723,0.036523929471032744,0.0,0.1574307304785894,0.015113350125944584,0.0012594458438287153,0.011335012594458438,0.12468513853904283,0.22795969773299748,0.007556675062972292,0.06801007556675064,0.02644836272040302,0.1712846347607053,0.32007517248481104,0.03626009730346659,0.0,0.0,0.2682060390763766,61.333333333333336,0.9466779828071594,187.66666666666666,240.0,121.31593281822283,34.24478109490776,1.536412078152753,1.0,1.2359358370266063,0.06326530612244897,7.051509769094139,4.0,7.952066234689037,0.03923337091319053,0.04577226606538895,0.18151071025930102
Jsoup-68.json,Defects4J,0.805984377861023,0.8018040458361307,0.7983963489532471,0.19262096285820007,1.0947304964065552,0.7241379310344828,39.53714285714286,35.51116883116883,0.0,3.9722222222222223,0.4722222222222223,87.0,0.0,0.1713520749665328,0.28647925033467203,0.1713520749665328,0.1713520749665328,0.1713520749665328,0.1713520749665328,0.0,1.4958166621905238,0.7781880497932434,24.710714285714293,-13.528214285714256,25.27012987012987,82.65584415584416,7.954022988505747,692.0,2.0,16.0,77.0,48.0,0.0512986185271128,4.462979811858814,0.034482758620689655,0.011494252873563218,0.0,0.04597701149425287,0.011494252873563218,0.011494252873563218,0.0,0.16091954022988506,0.10344827586206896,0.0,0.04597701149425287,0.19540229885057472,0.10344827586206896,0.04597701149425287,0.011494252873563218,0.11494252873563218,0.0,0.39126984126984127,0.0134920634920635,0.0,0.0,0.6233766233766234,17.0,,38.5,38.5,2.5,,2.142857142857143,1.0,1.8775106876364884,0.029411764705882353,8.857142857142858,6.0,9.384588479397687,0.06961178045515395,0.0749665327978581,0.10174029451137885
JacksonXml-4.json,Defects4J,0.7933340072631836,0.7898503144582113,0.7867938280105591,0.1053086519241333,1.1770622730255127,0.6624203821656051,28.882241379310344,27.887586206896554,0.0,3.0016835016835017,1.2081989711701766,157.0,0.0,0.20883534136546184,0.28112449799196787,0.28112449799196787,0.20883534136546184,0.20883534136546184,0.20883534136546184,0.0,1.7621250272405524,0.4729791631301244,17.895862068965517,18.410344827586215,18.841379310344827,70.37931034482759,5.89171974522293,903.0,4.0,29.0,116.0,82.0,0.03710065041548409,5.824802115231002,0.03821656050955414,0.03184713375796178,0.012738853503184714,0.05732484076433121,0.006369426751592357,0.0,0.0,0.14012738853503184,0.050955414012738856,0.01910828025477707,0.01910828025477707,0.2229299363057325,0.10191082802547771,0.03184713375796178,0.14012738853503184,0.05732484076433121,0.006369426751592357,0.4252946127946128,0.05118570176687509,0.0,0.0,0.7068965517241379,12.0,0.19877210119739175,29.0,22.0,24.155744658362327,16.218646115125612,1.8793103448275863,1.0,1.576525929737397,0.018691588785046728,7.603448275862069,5.0,7.491235465465542,0.01606425702811245,0.0,0.0
Codec-7.json,Defects4J,0.7573655247688293,0.7561641335487366,0.7546294331550598,0.44309306144714355,1.1907448768615723,0.41785714285714287,42.00730952380952,46.19355555555555,0.0,6.694398303432435,8.622868861511721,280.0,0.06013257575757576,0.12215909090909091,0.2059659090909091,0.20359848484848486,0.12215909090909091,0.12215909090909091,0.12215909090909091,0.0,3.6125812338138212,0.5885757356882095,17.120793650793654,18.11500000000001,18.28571428571429,67.93650793650794,7.275,1654.0,7.0,18.0,180.0,125.0,0.13236283605162497,37.06159409445499,0.025,0.014285714285714285,0.0035714285714285713,0.010714285714285714,0.0,0.014285714285714285,0.0035714285714285713,0.07142857142857142,0.03214285714285714,0.007142857142857143,0.010714285714285714,0.18928571428571428,0.31785714285714284,0.0,0.03214285714285714,0.05,0.03571428571428571,0.42342152042187226,0.09393388131553496,0.0,0.0,0.6944444444444444,10.857142857142858,0.4300437033176422,25.714285714285715,22.0,16.61079068999844,16.084390811093357,1.9222222222222223,1.0,1.9161754604058907,0.0,10.738888888888889,6.0,12.51726092192914,0.013257575757575758,0.011363636363636364,0.011363636363636364
Compress-34.json,Defects4J,0.7343971729278564,0.7308696905771891,0.7279386520385742,0.3533765375614166,1.1566474437713623,0.5481099656357389,23.36570512820513,26.85700854700855,0.0,2.965921187774539,2.0027240373669266,582.0,0.02393684746625923,0.0,0.15584415584415584,0.024446142093200916,0.0,0.0,0.0,0.0,11.188244309755436,0.5474994333926588,12.285158974358975,40.3265076923077,12.359794871794872,45.00205128205128,6.256013745704467,3150.0,25.0,122.0,468.0,237.0,124.18518289547109,72275.77644516417,0.030927835051546393,0.06529209621993128,0.013745704467353952,0.02577319587628866,0.00859106529209622,0.0429553264604811,0.0,0.13402061855670103,0.0859106529209622,0.012027491408934709,0.018900343642611683,0.12199312714776632,0.17353951890034364,0.013745704467353952,0.03608247422680412,0.06013745704467354,0.015463917525773196,0.4791865335520519,0.09902124802607196,0.0,0.0,0.5064102564102564,4.92,0.5970111366199411,18.72,8.0,21.554618994544995,11.75515770905806,1.7435897435897436,1.0,2.0303418353670923,0.0,7.523504273504273,4.0,11.257926120763985,0.015278838808250574,0.017825311942959002,0.10771581359816654
Closure-139.json,Defects4J,0.8244315981864929,0.8194592595100403,0.8154457211494446,1.0,0.9932227730751038,0.8333333333333334,5.905000000000001,9.646666666666668,0.0,1.3333333333333333,0.0,6.0,0.0,0.0,0.0,0.0,0.0,0.0,0.0,0.0,0.05298664906710747,,6.416666666666668,59.745000000000005,9.066666666666666,22.666666666666664,5.166666666666667,31.0,1.0,1.0,6.0,6.0,0.17573592793231638,1.0544155675938982,0.0,0.0,0.0,0.0,0.0,0.16666666666666666,0.0,0.16666666666666666,0.0,0.0,0.0,0.3333333333333333,0.0,0.0,0.0,0.16666666666666666,0.0,0.6666666666666666,0.0,0.0,0.0,1.0,1.0,,6.0,6.0,0.0,,1.6666666666666667,1.5,0.7453559924999299,0.0,5.166666666666667,5.0,3.0230595245361758,0.0,0.0,0.0
Closure-47.json,Defects4J,0.8244315981864929,0.8194592595100403,0.8154457211494446,1.0,0.9932227730751038,0.8333333333333334,5.905000000000001,9.646666666666668,0.0,1.3333333333333333,0.0,6.0,0.0,0.0,0.0,0.0,0.0,0.0,0.0,0.0,0.05298664906710747,,6.416666666666668,59.745000000000005,9.066666666666666,22.666666666666664,5.166666666666667,31.0,1.0,1.0,6.0,6.0,0.17573592793231638,1.0544155675938982,0.0,0.0,0.0,0.0,0.0,0.16666666666666666,0.0,0.16666666666666666,0.0,0.0,0.0,0.3333333333333333,0.0,0.0,0.0,0.16666666666666666,0.0,0.6666666666666666,0.0,0.0,0.0,1.0,1.0,,6.0,6.0,0.0,,1.6666666666666667,1.5,0.7453559924999299,0.0,5.166666666666667,5.0,3.0230595245361758,0.0,0.0,0.0
Closure-51.json,Defects4J,0.8244315981864929,0.8194592595100403,0.8154457211494446,1.0,0.9932227730751038,0.8333333333333334,5.905000000000001,9.646666666666668,0.0,1.3333333333333333,0.0,6.0,0.0,0.0,0.0,0.0,0.0,0.0,0.0,0.0,0.05298664906710747,,6.416666666666668,59.745000000000005,9.066666666666666,22.666666666666664,5.166666666666667,31.0,1.0,1.0,6.0,6.0,0.17573592793231638,1.0544155675938982,0.0,0.0,0.0,0.0,0.0,0.16666666666666666,0.0,0.16666666666666666,0.0,0.0,0.0,0.3333333333333333,0.0,0.0,0.0,0.16666666666666666,0.0,0.6666666666666666,0.0,0.0,0.0,1.0,1.0,,6.0,6.0,0.0,,1.6666666666666667,1.5,0.7453559924999299,0.0,5.166666666666667,5.0,3.0230595245361758,0.0,0.0,0.0
Compress-22.json,Defects4J,0.7503935098648071,0.7467881639798483,0.7429878115653992,0.3104720711708069,1.275238275527954,0.5797101449275363,30.418685714285715,32.1392,0.0,2.912298963953614,1.7903917874462527,207.0,0.041483343808925204,0.0,0.06033940917661848,0.06033940917661848,0.0,0.0,0.0,0.0,2.160723990529007,0.3972145377968748,12.230857142857143,51.90114285714287,13.885714285714286,62.714285714285715,7.222222222222222,1082.0,7.0,28.0,175.0,124.0,0.04191989252702464,8.677417753094101,0.01932367149758454,0.057971014492753624,0.004830917874396135,0.00966183574879227,0.00966183574879227,0.033816425120772944,0.0,0.16908212560386474,0.06280193236714976,0.00966183574879227,0.0,0.18840579710144928,0.10144927536231885,0.004830917874396135,0.03864734299516908,0.07729468599033816,0.01932367149758454,0.4501962295094955,0.1924058586037541,0.0,0.0,0.7085714285714285,9.428571428571429,0.18606946635991334,25.0,21.0,16.681897802279998,12.031772070788634,1.5314285714285714,1.0,1.227255108785788,0.0,8.354285714285714,5.0,9.22234376337143,0.02199874292897549,0.0056568196103079825,0.0
Jsoup-29.json,Defects4J,0.7866830825805664,0.7862704594930013,0.7858730554580688,0.20983317494392395,1.2004214525222778,0.723404255319149,21.300089659294677,15.365523012552295,0.0,3.745440823312637,1.2379631283931192,282.0,0.0,0.20385852090032155,0.2617363344051447,0.2617363344051447,0.2617363344051447,0.2617363344051447,0.2617363344051447,0.0,5.231333507396009,0.41830299391100806,15.74663478780634,42.97916317991633,19.180155409444115,55.48176927674836,4.840425531914893,1346.0,7.0,79.0,239.0,122.0,0.663269713689481,187.04205926043363,0.04609929078014184,0.06382978723404255,0.01773049645390071,0.024822695035460994,0.05319148936170213,0.04964539007092199,0.0,0.13120567375886524,0.028368794326241134,0.010638297872340425,0.028368794326241134,0.17375886524822695,0.13829787234042554,0.014184397163120567,0.01773049645390071,0.09219858156028368,0.03546099290780142,0.4044536646494285,0.046864427473432356,0.0,0.0,0.5104602510460251,7.285714285714286,0.5714808762073517,34.142857142857146,31.0,22.51620731465969,15.532846611407376,1.5271966527196652,1.0,1.4253726250786225,0.0091324200913242,5.447698744769874,4.0,7.450561247655185,0.030868167202572346,0.05016077170418006,0.03858520900321544
JacksonCore-8.json,Defects4J,0.8052631616592407,0.8023748596509298,0.7978847026824951,0.40800559520721436,1.2057397365570068,0.632258064516129,24.50911882510014,30.07289719626169,0.0,2.9015023621507754,1.1235807071148527,155.0,0.0,0.0,0.09421000981354269,0.09421000981354269,0.06869479882237488,0.0,0.0,0.0,3.033596403971978,0.25062693519673,17.390120160213616,-2.390280373831729,17.703070761014686,60.14552736982643,5.961290322580645,924.0,7.0,33.0,107.0,77.0,0.1340116271596645,20.771802209747996,0.07096774193548387,0.01935483870967742,0.025806451612903226,0.03225806451612903,0.012903225806451613,0.0064516129032258064,0.0,0.15483870967741936,0.04516129032258064,0.0064516129032258064,0.04516129032258064,0.1032258064516129,0.24516129032258063,0.03225806451612903,0.0064516129032258064,0.0967741935483871,0.03870967741935484,0.40943789093634436,0.04835373212483971,0.0,0.0,0.719626168224299,6.857142857142857,0.301401747885393,15.285714285714286,14.0,6.407903283430229,15.151101081350806,2.289719626168224,1.0,1.8393890990867356,0.07920792079207921,8.130841121495328,6.0,7.207322486426963,0.011776251226692836,0.011776251226692836,0.017664376840039256
Lang-38.json,Defects4J,0.7657032608985901,0.7641754945119222,0.7616845369338989,0.33271417021751404,1.209525465965271,0.47702407002188185,38.32141509433962,25.152830188679243,0.0,5.6923294343637485,4.12328812493092,457.0,0.1850135187331016,0.39745075318655854,0.39745075318655854,0.39745075318655854,0.39745075318655854,0.39745075318655854,0.39745075318655854,0.000772499034376207,8.000337029104227,0.4765338733792305,23.63345911949686,20.021132075471712,26.483018867924528,85.38993710691824,5.264770240700219,2008.0,6.0,53.0,318.0,181.0,6.525082770158222,2981.9628259623073,0.03282275711159737,0.0262582056892779,0.019693654266958426,0.019693654266958426,0.0,0.028446389496717725,0.0,0.12472647702407003,0.06564551422319474,0.01312910284463895,0.00437636761487965,0.1400437636761488,0.2778993435448578,0.0087527352297593,0.019693654266958426,0.05908096280087528,0.01312910284463895,0.437461412951609,0.0686546341131819,0.0,0.0,0.5691823899371069,17.166666666666668,0.3120997678488493,53.0,59.0,30.506829836393468,18.243605946275583,1.5723270440251573,1.0,1.2760942745129458,0.0,7.059748427672956,5.0,7.619047791219547,0.008497489378138278,0.01892622634221707,0.006179992275009656
Math-95.json,Defects4J,0.7406243681907654,0.7341923912366232,0.7294365167617798,0.19076555967330933,1.1845643520355225,0.5850746268656717,28.86704379562044,28.80773722627737,0.0,3.138216376653761,1.047619163080571,335.0,0.06840530141085935,0.0,0.0,0.0,0.0,0.0,0.0,0.02907225309961522,6.508272024110917,0.5968101157082452,16.456583941605846,25.879474452554746,17.821313868613142,63.53138686131387,6.537313432835821,1697.0,10.0,76.0,274.0,179.0,2.0019896124353767,670.6665201658512,0.026865671641791045,0.07164179104477612,0.023880597014925373,0.023880597014925373,0.008955223880597015,0.06567164179104477,0.0,0.11940298507462686,0.050746268656716415,0.005970149253731343,0.01791044776119403,0.15522388059701492,0.15522388059701492,0.0029850746268656717,0.020895522388059702,0.05970149253731343,0.008955223880597015,0.47580170423744683,0.06955831905787056,0.0,0.0,0.6532846715328468,9.9,0.5266435146331787,27.4,26.5,10.974515934655159,15.514038796780547,1.8102189781021898,1.0,1.8444347015026,0.0,7.7700729927007295,5.0,9.424791542262886,0.003847798204360838,0.003847798204360838,0.0
Jsoup-91.json,Defects4J,0.8066856861114502,0.8034242192904154,0.799904465675354,0.28402939438819885,1.159310221672058,0.8465346534653465,16.237570621468926,17.443389830508476,0.0,3.0743864160530827,1.231184417621559,202.0,0.0,0.0,0.1514907332796132,0.1514907332796132,0.09347300564061241,0.09347300564061241,0.09347300564061241,0.0,4.557757766300341,0.28129378939047456,11.080000000000002,50.65299435028251,13.290395480225989,47.91525423728814,5.301980198019802,1071.0,9.0,64.0,177.0,114.0,0.4721257397489996,95.36939942929791,0.07920792079207921,0.054455445544554455,0.0049504950495049506,0.024752475247524754,0.034653465346534656,0.07425742574257425,0.0,0.24752475247524752,0.04455445544554455,0.024752475247524754,0.04950495049504951,0.07920792079207921,0.10396039603960396,0.01485148514851485,0.024752475247524754,0.12871287128712872,0.0,0.4515972710417155,0.06953440271561073,0.0,0.0,0.6440677966101694,5.555555555555555,0.2785093049917902,19.666666666666668,16.0,12.30176139149729,12.457975602129121,1.6101694915254237,1.0,1.0998245749056565,0.011428571428571429,5.909604519774011,5.0,5.599916097190456,0.041901692183722805,0.0547945205479452,0.08058017727639001
Mockito-32.json,Defects4J,0.8273728489875793,0.8226843674977621,0.818372368812561,1.0,1.1956604719161987,0.8,3.678000000000001,6.504000000000001,0.0,1.2,0.0,5.0,0.0,0.0,0.0,0.0,0.0,0.0,0.0,0.0,0.05305602573781134,,2.879999999999999,83.32000000000004,10.0,25.0,4.8,24.0,1.0,1.0,5.0,5.0,0.21089774439461811,1.0544887219730905,0.0,0.0,0.0,0.0,0.0,0.2,0.0,0.2,0.0,0.0,0.0,0.2,0.0,0.0,0.0,0.2,0.0,0.6,0.0,0.0,0.0,1.0,1.0,,5.0,5.0,0.0,,1.4,1.0,0.8,0.0,4.8,4.0,3.3105890714493698,0.0,0.0,0.0
JacksonDatabind-48.json,Defects4J,0.7749293446540833,0.7738178968429565,0.772335410118103,0.1404780000448227,1.201561450958252,0.5084337349397591,27.566203400915633,35.137122302158275,0.0,2.469633518496505,2.128755742191978,415.0,0.02399435426958363,0.03952011291460833,0.33168666196189134,0.3048694424841214,0.28334509527170076,0.26040931545518703,0.19195483415666903,0.0,8.75601561183349,0.5253950740609851,17.437462393721386,-7.448463047743587,15.702027468933943,56.521255722694576,6.412048192771084,2492.0,22.0,50.0,278.0,141.0,15.298229329495193,6348.765171740505,0.04578313253012048,0.012048192771084338,0.01927710843373494,0.02650602409638554,0.016867469879518072,0.016867469879518072,0.0,0.1710843373493976,0.02650602409638554,0.00963855421686747,0.021686746987951807,0.11325301204819277,0.3204819277108434,0.0024096385542168677,0.012048192771084338,0.06987951807228916,0.014457831325301205,0.38936666641901196,0.10233245550349325,0.0,0.0,0.5071942446043165,5.545454545454546,0.7542152367532253,12.636363636363637,4.0,19.67357585130013,13.606401829973382,2.381294964028777,1.0,2.510111016643272,0.00847457627118644,9.06115107913669,6.0,9.885670254103085,0.011291460832745237,0.029640084685956247,0.17501764290755117
Time-4.json,Defects4J,0.784602701663971,0.7836646238962809,0.7820687890052795,0.46904855966567993,1.227866291999817,0.5534351145038168,18.054935064935066,22.02190476190476,0.0,3.322211822065195,1.7588462431409604,262.0,0.0,0.15129682997118155,0.20893371757925072,0.20461095100864554,0.15129682997118155,0.15129682997118155,0.15129682997118155,0.0,5.577227719158766,0.4867400236427784,13.0532683982684,28.679610389610417,15.870995670995672,53.96320346320346,4.721374045801527,1237.0,11.0,47.0,168.0,107.0,1.008922788246823,264.3377705206676,0.0648854961832061,0.03435114503816794,0.022900763358778626,0.03435114503816794,0.007633587786259542,0.03816793893129771,0.0,0.11068702290076336,0.07633587786259542,0.015267175572519083,0.015267175572519083,0.0648854961832061,0.29770992366412213,0.003816793893129771,0.007633587786259542,0.09541984732824428,0.06870229007633588,0.3358136161655223,0.13888563237211352,0.0,0.0,0.6369047619047619,5.909090909090909,0.46929046842787003,15.272727272727273,17.0,10.871906323522017,14.158211354625415,1.9226190476190477,1.0,1.511846174342907,0.018867924528301886,6.761904761904762,4.0,6.724367641749363,0.01729106628242075,0.019452449567723344,0.045389048991354465
Lang-43.json,Defects4J,0.7562395334243774,0.7546995878219604,0.7529133558273315,0.28322815895080566,1.1617162227630615,0.48138297872340424,25.148450349650354,27.745309090909085,0.0,3.527814473779257,1.521726395207288,376.0,0.07819804504887377,0.09392265193370165,0.1738206544836379,0.12452188695282618,0.09392265193370165,0.09392265193370165,0.09392265193370165,0.0,3.9413473559574586,0.6462603956460953,11.840363636363637,47.85039160839162,13.552447552447553,58.97202797202797,5.86436170212766,1783.0,13.0,33.0,275.0,168.0,0.13693597646841832,51.48792715212529,0.05053191489361702,0.026595744680851064,0.0,0.007978723404255319,0.015957446808510637,0.026595744680851064,0.0,0.11702127659574468,0.0398936170212766,0.007978723404255319,0.0026595744680851063,0.19414893617021275,0.21010638297872342,0.007978723404255319,0.023936170212765957,0.061170212765957445,0.034574468085106384,0.43355877227850814,0.0691764010830255,0.0,0.0,0.610909090909091,8.0,0.6084502664479342,21.153846153846153,26.0,14.010140030300876,12.502718667466524,1.6254545454545455,1.0,1.3489683845366203,0.0,7.643636363636364,6.0,8.030187672127393,0.006799830004249894,0.003824904377390565,0.0
Closure-92.json,Defects4J,0.8244315981864929,0.8194592595100403,0.8154457211494446,1.0,0.9932227730751038,0.8333333333333334,5.905000000000001,9.646666666666668,0.0,1.3333333333333333,0.0,6.0,0.0,0.0,0.0,0.0,0.0,0.0,0.0,0.0,0.05298664906710747,,6.416666666666668,59.745000000000005,9.066666666666666,22.666666666666664,5.166666666666667,31.0,1.0,1.0,6.0,6.0,0.17573592793231638,1.0544155675938982,0.0,0.0,0.0,0.0,0.0,0.16666666666666666,0.0,0.16666666666666666,0.0,0.0,0.0,0.3333333333333333,0.0,0.0,0.0,0.16666666666666666,0.0,0.6666666666666666,0.0,0.0,0.0,1.0,1.0,,6.0,6.0,0.0,,1.6666666666666667,1.5,0.7453559924999299,0.0,5.166666666666667,5.0,3.0230595245361758,0.0,0.0,0.0
JacksonCore-12.json,Defects4J,0.7882964611053467,0.7856316765149435,0.7841774821281433,0.17851820588111877,1.2490607500076294,0.6094674556213018,24.431045254305168,27.137621145374442,0.0,4.379954258824328,3.477441115891424,338.0,0.0009896091044037606,0.0,0.11924789708065314,0.11034141514101929,0.08560118753092529,0.045522018802572985,0.045522018802572985,0.0,7.920810268481068,0.5146337762475014,14.81060472567081,25.63358430116142,16.360272326792153,54.99759711653985,5.449704142011834,1771.0,11.0,85.0,227.0,140.0,8.147933794782645,2754.001622636534,0.05621301775147929,0.04437869822485207,0.026627218934911243,0.03254437869822485,0.020710059171597635,0.038461538461538464,0.0,0.12130177514792899,0.026627218934911243,0.029585798816568046,0.047337278106508875,0.09763313609467456,0.2781065088757396,0.01775147928994083,0.0029585798816568047,0.07396449704142012,0.005917159763313609,0.4198135408469886,0.06462877094488706,0.0,0.0,0.6167400881057269,7.090909090909091,0.4935883854826291,20.636363636363637,21.0,14.8156718454279,14.811377253095038,1.894273127753304,1.0,1.7018551099518053,0.009523809523809525,7.546255506607929,5.0,8.047837238454486,0.01583374567046017,0.024245423057892134,0.009896091044037604
Math-100.json,Defects4J,0.7361292839050293,0.7327160040537516,0.7306382656097412,0.2492741495370865,1.2097935676574707,0.6240875912408759,26.86736971484759,27.641592920353983,0.0,3.1451331692998363,1.191101896028993,274.0,0.08307045215562565,0.0,0.046267087276550996,0.046267087276550996,0.046267087276550996,0.0,0.0,0.03470031545741325,4.8681685893985875,0.4827792572323233,13.208643067846609,45.08881514257621,16.062143559488693,56.52704031465093,6.434306569343065,1299.0,9.0,68.0,226.0,146.0,0.47475351900259,130.08246420670966,0.025547445255474453,0.06569343065693431,0.0072992700729927005,0.040145985401459854,0.0072992700729927005,0.072992700729927,0.0,0.18248175182481752,0.040145985401459854,0.0,0.01824817518248175,0.12773722627737227,0.14233576642335766,0.014598540145985401,0.025547445255474453,0.06204379562043796,0.010948905109489052,0.4776188317854985,0.03501020457099572,0.0,0.0,0.6460176991150443,7.888888888888889,0.3109906728246382,25.11111111111111,25.0,15.687535352377656,14.232682905230785,1.6106194690265487,1.0,1.2928231323952843,0.00546448087431694,7.588495575221239,4.0,8.816399162746833,0.005257623554153523,0.03627760252365931,0.0
Closure-103.json,Defects4J,0.8244315981864929,0.8194592595100403,0.8154457211494446,1.0,0.9932227730751038,0.8333333333333334,5.905000000000001,9.646666666666668,0.0,1.3333333333333333,0.0,6.0,0.0,0.0,0.0,0.0,0.0,0.0,0.0,0.0,0.05298664906710747,,6.416666666666668,59.745000000000005,9.066666666666666,22.666666666666664,5.166666666666667,31.0,1.0,1.0,6.0,6.0,0.17573592793231638,1.0544155675938982,0.0,0.0,0.0,0.0,0.0,0.16666666666666666,0.0,0.16666666666666666,0.0,0.0,0.0,0.3333333333333333,0.0,0.0,0.0,0.16666666666666666,0.0,0.6666666666666666,0.0,0.0,0.0,1.0,1.0,,6.0,6.0,0.0,,1.6666666666666667,1.5,0.7453559924999299,0.0,5.166666666666667,5.0,3.0230595245361758,0.0,0.0,0.0
JacksonDatabind-33.json,Defects4J,0.7710062861442566,0.7688384652137756,0.7677469849586487,0.16669833660125732,1.1910372972488403,0.5913978494623656,29.77233412322275,30.535734597156402,0.0,2.9845994943175893,1.7243782594316455,279.0,0.007828810020876827,0.0,0.027139874739039668,0.0,0.0,0.0,0.0,0.0,4.328467555577504,0.6056568026542664,18.01662914691943,12.869114336492913,19.080805687203792,64.76362559241707,6.369175627240144,1609.0,8.0,41.0,211.0,122.0,0.27178492938539983,75.82799529852655,0.07885304659498207,0.03942652329749104,0.014336917562724014,0.025089605734767026,0.010752688172043012,0.014336917562724014,0.0,0.12186379928315412,0.021505376344086023,0.02867383512544803,0.021505376344086023,0.11827956989247312,0.23655913978494625,0.0035842293906810036,0.021505376344086023,0.0931899641577061,0.007168458781362007,0.479912048621972,0.04063940278261944,0.0,0.0,0.5781990521327014,10.125,0.5561809862653414,26.375,11.0,32.09726429152491,16.678067442207542,1.9763033175355451,1.0,1.7070824263544337,0.011627906976744186,8.071090047393366,6.0,8.435406548941188,0.007306889352818371,0.022964509394572025,0.0
Math-56.json,Defects4J,0.7474973201751709,0.7441177566846212,0.7418214082717896,0.19411545991897583,1.2405004501342773,0.311787072243346,19.94926315789474,22.440421052631574,0.0,2.8609330879481756,0.858489406870152,263.0,0.061153578874218205,0.031966643502432245,0.043085476025017375,0.031966643502432245,0.031966643502432245,0.031966643502432245,0.031966643502432245,0.001389854065323141,3.016954186163826,0.7817853060033586,9.333684210526318,61.985789473684235,11.389473684210527,46.89473684210526,5.167300380228137,959.0,10.0,15.0,190.0,117.0,0.07767670713575923,20.42897397670468,0.0076045627376425855,0.022813688212927757,0.0,0.019011406844106463,0.0076045627376425855,0.0076045627376425855,0.0,0.07604562737642585,0.155893536121673,0.0,0.0076045627376425855,0.1634980988593156,0.20532319391634982,0.0,0.034220532319391636,0.04182509505703422,0.04182509505703422,0.4738610062336538,0.05560587745378739,0.0,0.0,0.6157894736842106,5.3,0.6546731516718864,19.0,16.0,14.656056768449009,10.793553405168563,1.4842105263157894,1.0,1.5718789152157115,0.0,6.768421052631579,4.0,9.381339407881615,0.009728978457261988,0.010423905489923557,0.0
Codec-12.json,Defects4J,0.7629551291465759,0.7610861659049988,0.7593457698822021,0.28897425532341003,1.2157610654830933,0.4691358024691358,25.998438818565397,25.848607594936706,0.0,3.298753798636204,1.629046079376915,324.0,0.034482758620689655,0.0,0.0,0.0,0.0,0.0,0.0,0.0,4.512150358442106,0.5352651383727789,13.05215189873418,48.38767932489452,16.271729957805906,61.77637130801688,5.592592592592593,1429.0,9.0,31.0,237.0,160.0,0.28122698572352484,91.11754337442204,0.033950617283950615,0.024691358024691357,0.015432098765432098,0.018518518518518517,0.018518518518518517,0.021604938271604937,0.0,0.11728395061728394,0.06481481481481481,0.015432098765432098,0.0030864197530864196,0.12654320987654322,0.24382716049382716,0.009259259259259259,0.018518518518518517,0.07407407407407407,0.015432098765432098,0.40679022049000435,0.154486417199055,0.0,0.0,0.6751054852320675,9.333333333333334,0.40821624773421455,26.333333333333332,18.0,17.8947540419594,14.232682905230785,1.5569620253164558,1.0,1.17009324281023,0.0,7.274261603375527,5.0,7.997671864765282,0.0051466803911477095,0.0,0.0
Lang-14.json,Defects4J,0.7627158164978027,0.7601925333340963,0.7578738927841187,0.23696990311145782,1.2177684307098389,0.6335227272727273,22.96878947368421,23.55663157894737,0.0,2.708486877858075,1.163437410563135,352.0,0.03915391539153915,0.0,0.0,0.0,0.0,0.0,0.0,0.00045004500450045,6.8462638718918285,0.4177135994488543,10.73074561403509,60.429802631578966,13.42982456140351,58.83771929824561,5.78125,1647.0,12.0,84.0,285.0,192.0,2.6714801879036547,940.3610261420865,0.03977272727272727,0.05965909090909091,0.022727272727272728,0.036931818181818184,0.008522727272727272,0.05965909090909091,0.0,0.13920454545454544,0.05397727272727273,0.002840909090909091,0.011363636363636364,0.15625,0.16477272727272727,0.014204545454545454,0.019886363636363636,0.06818181818181818,0.011363636363636364,0.42407030558653275,0.1462505308540996,0.0,0.0,0.6736842105263158,8.333333333333334,0.35079863090068103,23.75,23.0,15.286840746210448,11.855464076750408,1.4456140350877194,1.0,0.8673553624180214,0.0041841004184100415,6.905263157894737,5.0,7.269364243845214,0.0054005400540054005,0.004050405040504051,0.0
Jsoup-52.json,Defects4J,0.7969240546226501,0.7948822577794393,0.7934379577636719,0.19757848978042603,1.1541939973831177,0.6771653543307087,22.096530612244898,27.685714285714287,0.0,2.9459902913850278,1.473248442089455,127.0,0.0,0.0,0.13318025258323765,0.13318025258323765,0.13318025258323765,0.13318025258323765,0.13318025258323765,0.0,2.0116256153619583,0.347778615852197,13.710816326530612,21.698469387755125,15.39591836734694,51.755102040816325,6.2362204724409445,792.0,7.0,22.0,98.0,74.0,0.05886188738087859,7.475459697371581,0.06299212598425197,0.023622047244094488,0.007874015748031496,0.06299212598425197,0.015748031496062992,0.015748031496062992,0.007874015748031496,0.1732283464566929,0.05511811023622047,0.007874015748031496,0.047244094488188976,0.14173228346456693,0.18110236220472442,0.007874015748031496,0.03937007874015748,0.07874015748031496,0.0,0.5111531986531986,0.08138542663407804,0.0,0.0,0.7551020408163265,5.285714285714286,0.20291082188487053,14.0,13.0,8.34950811211569,13.707050652182112,2.020408163265306,1.0,1.6962118167494,0.022222222222222223,7.755102040816326,5.5,8.502174061091543,0.05970149253731343,0.07807118254879448,0.1148105625717566
JacksonDatabind-64.json,Defects4J,0.8131077885627747,0.8099190592765808,0.8048293590545654,0.042526230216026306,1.140903115272522,0.7831325301204819,33.596712328767126,29.301369863013694,0.0,3.8933333333333335,0.2266666666666668,83.0,0.0,0.0,0.0,0.0,0.0,0.0,0.0,0.0,1.1736954149611232,0.6950047612190247,21.113493150684935,8.699828767123307,23.367123287671234,77.5958904109589,6.9879518072289155,579.0,2.0,19.0,73.0,62.0,0.03896290681165934,3.233921265367725,0.08433734939759036,0.12048192771084337,0.012048192771084338,0.012048192771084338,0.012048192771084338,0.0,0.0,0.20481927710843373,0.0963855421686747,0.012048192771084338,0.024096385542168676,0.14457831325301204,0.0963855421686747,0.024096385542168676,0.024096385542168676,0.060240963855421686,0.0,0.4872727272727273,0.032727272727272744,0.0,0.0,0.8493150684931506,15.0,,36.5,36.5,6.5,,1.904109589041096,1.0,1.4254476207483358,0.04477611940298507,7.808219178082192,5.0,7.033496245212123,0.0,0.0,0.0
Closure-154.json,Defects4J,0.8244315981864929,0.8194592595100403,0.8154457211494446,1.0,0.9932227730751038,0.8333333333333334,5.905000000000001,9.646666666666668,0.0,1.3333333333333333,0.0,6.0,0.0,0.0,0.0,0.0,0.0,0.0,0.0,0.0,0.05298664906710747,,6.416666666666668,59.745000000000005,9.066666666666666,22.666666666666664,5.166666666666667,31.0,1.0,1.0,6.0,6.0,0.17573592793231638,1.0544155675938982,0.0,0.0,0.0,0.0,0.0,0.16666666666666666,0.0,0.16666666666666666,0.0,0.0,0.0,0.3333333333333333,0.0,0.0,0.0,0.16666666666666666,0.0,0.6666666666666666,0.0,0.0,0.0,1.0,1.0,,6.0,6.0,0.0,,1.6666666666666667,1.5,0.7453559924999299,0.0,5.166666666666667,5.0,3.0230595245361758,0.0,0.0,0.0
Closure-7.json,Defects4J,0.8244315981864929,0.8194592595100403,0.8154457211494446,1.0,0.9932227730751038,0.8333333333333334,5.905000000000001,9.646666666666668,0.0,1.3333333333333333,0.0,6.0,0.0,0.0,0.0,0.0,0.0,0.0,0.0,0.0,0.05298664906710747,,6.416666666666668,59.745000000000005,9.066666666666666,22.666666666666664,5.166666666666667,31.0,1.0,1.0,6.0,6.0,0.17573592793231638,1.0544155675938982,0.0,0.0,0.0,0.0,0.0,0.16666666666666666,0.0,0.16666666666666666,0.0,0.0,0.0,0.3333333333333333,0.0,0.0,0.0,0.16666666666666666,0.0,0.6666666666666666,0.0,0.0,0.0,1.0,1.0,,6.0,6.0,0.0,,1.6666666666666667,1.5,0.7453559924999299,0.0,5.166666666666667,5.0,3.0230595245361758,0.0,0.0,0.0
Math-40.json,Defects4J,0.7620103359222412,0.7587855656941732,0.7553896307945251,0.3007216155529022,1.2793076038360596,0.6175438596491228,22.336026365348403,21.341016949152543,0.0,3.271250222573744,1.2745183419736867,285.0,0.056896551724137934,0.0,0.04827586206896552,0.0,0.0,0.0,0.0,0.0022988505747126436,5.956034983153138,0.5091220643371344,11.486666666666668,59.41351224105465,14.217702448210924,56.30696798493408,5.56140350877193,1182.0,9.0,71.0,236.0,152.0,1.354653636565119,386.0762864210589,0.05263157894736842,0.042105263157894736,0.04912280701754386,0.017543859649122806,0.014035087719298246,0.06666666666666667,0.0,0.10526315789473684,0.06315789473684211,0.007017543859649123,0.02456140350877193,0.14736842105263157,0.14385964912280702,0.010526315789473684,0.028070175438596492,0.07368421052631578,0.014035087719298246,0.45167991733383084,0.08984802692314442,0.0,0.0,0.6440677966101694,7.888888888888889,0.3275157277073179,26.22222222222222,27.0,13.281380264430164,12.060818386365153,1.4279661016949152,1.0,0.9472874380969741,0.0,6.508474576271187,4.0,7.407904347764274,0.013793103448275862,0.005172413793103448,0.0
Time-17.json,Defects4J,0.7849234938621521,0.7844276229540507,0.7840012907981873,0.3230137526988983,1.265047550201416,0.5814606741573034,18.55291666666667,14.795909090909092,0.0,3.6653189890032,1.530211068898661,356.0,0.028209556706966035,0.3454231433506045,0.4104778353483017,0.4052964881980426,0.4052964881980426,0.38687392055267705,0.3454231433506045,0.0,7.633029449157094,0.5337750026956201,12.65606060606061,56.57075757575758,14.763636363636364,46.75757575757576,4.275280898876405,1521.0,9.0,108.0,264.0,97.0,5.801396812535607,2065.2972652626763,0.05337078651685393,0.047752808988764044,0.025280898876404494,0.03651685393258427,0.0056179775280898875,0.08146067415730338,0.0056179775280898875,0.16853932584269662,0.08426966292134831,0.019662921348314606,0.028089887640449437,0.025280898876404494,0.2247191011235955,0.016853932584269662,0.019662921348314606,0.07584269662921349,0.0,0.4093835550414498,0.0862034395639888,0.0,0.0,0.36742424242424243,5.111111111111111,0.4114277394754546,29.333333333333332,23.0,16.646654652245033,11.645159339076184,1.4242424242424243,1.0,1.145618875497935,0.00425531914893617,5.375,4.0,6.674202653546419,0.011514104778353483,0.010362694300518135,0.023028209556706966
Collections-15.json,Defects4J,0.7283760905265808,0.7233567833900452,0.7196958065032959,0.3275166451931,1.2377169132232666,0.45302013422818793,40.50214285714286,34.59523809523809,0.0,5.36842043314501,4.623643735640165,298.0,0.11127744510978044,0.10828343313373254,0.13273453093812376,0.13273453093812376,0.13273453093812376,0.13273453093812376,0.13273453093812376,0.000998003992015968,3.668573254894494,0.4615732952952385,21.861428571428572,13.133571428571457,22.133333333333336,78.66666666666666,6.419463087248322,1439.0,5.0,30.0,210.0,144.0,0.1315300111656531,39.195943327364624,0.016778523489932886,0.02348993288590604,0.010067114093959731,0.016778523489932886,0.0,0.010067114093959731,0.0,0.12416107382550336,0.0436241610738255,0.010067114093959731,0.010067114093959731,0.1912751677852349,0.25838926174496646,0.003355704697986577,0.03691275167785235,0.04697986577181208,0.016778523489932886,0.44332627118644063,0.07539218060445109,0.0,0.0,0.6857142857142857,15.4,0.3191356075306733,42.0,40.0,25.163465580082566,16.647925096878797,1.7857142857142858,1.0,1.777313573181437,0.0,8.69047619047619,5.0,10.245296470734393,0.011976047904191617,0.016467065868263474,0.011976047904191617
Jsoup-44.json,Defects4J,0.7713809609413147,0.7706085642178854,0.7693889141082764,0.22492149472236633,1.1981977224349976,0.6155988857938719,28.48840169731259,18.81557755775577,0.0,6.399483326534999,5.317163258676718,359.0,0.0,0.0,0.07156673114119923,0.07156673114119923,0.07156673114119923,0.0,0.0,0.0,6.1486950516506536,0.36297818304349977,19.984497878359267,28.88019801980198,23.51890617633192,72.65865157944366,5.222841225626741,1583.0,7.0,74.0,303.0,160.0,1.303916807007818,468.10613371580666,0.06406685236768803,0.06406685236768803,0.016713091922005572,0.036211699164345405,0.013927576601671309,0.04456824512534819,0.0,0.1615598885793872,0.019498607242339833,0.013927576601671309,0.016713091922005572,0.055710306406685235,0.15877437325905291,0.008356545961002786,0.013927576601671309,0.08356545961002786,0.12813370473537605,0.40863174734755275,0.07230782364855079,0.0,0.0,0.528052805280528,12.714285714285714,0.23602770641446114,43.285714285714285,27.0,36.02266859994168,17.931933174767593,1.5841584158415842,1.0,1.162681492125915,0.00749063670411985,6.003300330033003,5.0,6.090894762578957,0.008704061895551257,0.027079303675048357,0.015473887814313346
Closure-142.json,Defects4J,0.8244315981864929,0.8194592595100403,0.8154457211494446,1.0,0.9932227730751038,0.8333333333333334,5.905000000000001,9.646666666666668,0.0,1.3333333333333333,0.0,6.0,0.0,0.0,0.0,0.0,0.0,0.0,0.0,0.0,0.05298664906710747,,6.416666666666668,59.745000000000005,9.066666666666666,22.666666666666664,5.166666666666667,31.0,1.0,1.0,6.0,6.0,0.17573592793231638,1.0544155675938982,0.0,0.0,0.0,0.0,0.0,0.16666666666666666,0.0,0.16666666666666666,0.0,0.0,0.0,0.3333333333333333,0.0,0.0,0.0,0.16666666666666666,0.0,0.6666666666666666,0.0,0.0,0.0,1.0,1.0,,6.0,6.0,0.0,,1.6666666666666667,1.5,0.7453559924999299,0.0,5.166666666666667,5.0,3.0230595245361758,0.0,0.0,0.0
JacksonDatabind-72.json,Defects4J,0.7739977836608887,0.7724461158116659,0.7711178660392761,0.18907283246517181,1.1753087043762207,0.5901639344262295,43.20602941176471,54.2264705882353,0.0,2.857236467236467,2.084165433504807,183.0,0.0,0.0,0.17676486937187327,0.040022234574763754,0.040022234574763754,0.0,0.0,0.0,3.106199889239329,0.45227925619110465,24.419882352941183,-55.79252941176469,18.67529411764706,60.65882352941176,9.382513661202186,1657.0,10.0,22.0,136.0,83.0,0.12205466466207605,22.33600363315992,0.11475409836065574,0.07103825136612021,0.0,0.01092896174863388,0.01092896174863388,0.00546448087431694,0.0,0.12568306010928962,0.060109289617486336,0.0,0.01639344262295082,0.16393442622950818,0.23497267759562843,0.01092896174863388,0.00546448087431694,0.03278688524590164,0.00546448087431694,0.4475356125356125,0.0900929707057633,0.0,0.0,0.6102941176470589,6.4,0.37013212870806456,13.6,7.0,14.029967925836466,15.247664890283005,2.9411764705882355,1.0,3.304997788293184,0.017857142857142856,12.279411764705882,6.0,15.621766101326939,0.010005558643690939,0.016675931072818232,0.0933852140077821
Math-17.json,Defects4J,0.7389171123504639,0.7370428641637167,0.7357274889945984,0.18504934012889862,1.2250826358795166,0.5343915343915344,29.63333333333334,30.48331210191083,0.0,3.1885206676696036,0.40174788296353664,189.0,0.08945454545454545,0.0,0.0,0.0,0.0,0.0,0.0,0.027636363636363636,2.099294315120657,0.6933653235435486,12.277420382165605,53.64526008492571,15.052653927813166,61.83545647558387,6.867724867724868,894.0,6.0,29.0,157.0,116.0,0.043176768268783916,8.16040920280016,0.015873015873015872,0.05291005291005291,0.0,0.026455026455026454,0.0,0.037037037037037035,0.0,0.08994708994708994,0.06349206349206349,0.010582010582010581,0.010582010582010581,0.24338624338624337,0.12698412698412698,0.005291005291005291,0.037037037037037035,0.042328042328042326,0.031746031746031744,0.46158320796618674,0.052313364545689044,0.0,0.0,0.7388535031847133,9.333333333333334,0.6179571449756622,26.166666666666668,26.5,9.227073690444271,13.023866798666859,1.4968152866242037,1.0,1.1377942893431399,0.0,8.063694267515924,5.0,9.303572034139668,0.004363636363636364,0.006545454545454545,0.0
Gson-3.json,Defects4J,0.7967660427093506,0.7953634659449259,0.7930288910865784,0.17907708883285522,1.170999526977539,0.7252747252747253,15.692096153846158,20.456,0.0,2.2473352337605736,0.6108912772461149,182.0,0.0,0.0,0.0,0.0,0.0,0.0,0.0,0.0,3.537588405127506,0.4551316263775031,11.630000000000003,33.60269230769234,14.423076923076923,44.18269230769231,5.9010989010989015,1074.0,13.0,44.0,160.0,114.0,0.18892252247761168,34.383899090925325,0.06043956043956044,0.08791208791208792,0.02197802197802198,0.038461538461538464,0.01098901098901099,0.038461538461538464,0.005494505494505495,0.17032967032967034,0.06043956043956044,0.0,0.02197802197802198,0.14285714285714285,0.10989010989010989,0.0,0.01098901098901099,0.0989010989010989,0.02197802197802198,0.4707147526152051,0.07322342735026807,0.0,0.0,0.7125,3.923076923076923,0.3429065316238187,12.307692307692308,11.0,7.749785261388418,12.896187039172386,1.9,1.0,1.5459624833740306,0.028169014084507043,6.575,4.0,6.575095056347094,0.00502092050209205,0.0,0.0
Lang-55.json,Defects4J,0.7147563099861145,0.7105741699536642,0.7077570557594299,0.26176533102989197,1.235216736793518,0.41690962099125367,32.99129523809524,31.15537777777777,0.0,4.905850234421663,4.378073716770518,343.0,0.13178294573643412,0.19864341085271317,0.32170542635658916,0.3013565891472868,0.2548449612403101,0.23304263565891473,0.19864341085271317,0.0,4.486126691277004,0.5888239306708177,14.25238095238095,50.130000000000024,16.05714285714286,73.92063492063492,5.711370262390671,1318.0,7.0,40.0,225.0,132.0,0.2588248357603253,88.77691866579157,0.0058309037900874635,0.026239067055393587,0.011661807580174927,0.023323615160349854,0.0029154518950437317,0.01749271137026239,0.0,0.10204081632653061,0.05539358600583091,0.008746355685131196,0.011661807580174927,0.15160349854227406,0.2944606413994169,0.008746355685131196,0.037900874635568516,0.04664723032069971,0.014577259475218658,0.456703613846471,0.05752716297399575,0.0,0.0,0.5866666666666667,13.428571428571429,0.42355442941188814,32.142857142857146,25.0,22.408088918504227,12.28987398476788,1.4666666666666666,1.0,1.169995251652283,0.0,8.142222222222221,5.0,8.992206227589877,0.016472868217054265,0.07994186046511628,0.03488372093023256
Cli-16.json,Defects4J,0.7657814621925354,0.7639469504356384,0.7630184292793274,0.2223045527935028,1.2147502899169922,0.6627450980392157,25.65741312741313,22.254774774774777,0.0,3.03888634651046,1.0887549983223292,255.0,0.04321363359707851,0.0,0.0,0.0,0.0,0.0,0.0,0.002434570906877663,3.7569033917778123,0.43504177282253903,14.000193050193051,51.17472972972975,16.46949806949807,63.6962676962677,5.909803921568628,1180.0,7.0,73.0,222.0,145.0,0.16790445973810536,42.81563723321687,0.047058823529411764,0.050980392156862744,0.0196078431372549,0.050980392156862744,0.023529411764705882,0.047058823529411764,0.0,0.09803921568627451,0.03529411764705882,0.0196078431372549,0.023529411764705882,0.18823529411764706,0.09019607843137255,0.027450980392156862,0.03137254901960784,0.07058823529411765,0.011764705882352941,0.46487109519024405,0.06320398949453514,0.0,0.0,0.6531531531531531,10.142857142857142,0.2104188546538353,31.714285714285715,31.0,20.987848768236525,13.023866798666859,1.4594594594594594,1.0,1.0378753746965526,0.0055248618784530384,6.63063063063063,5.0,7.612729888749617,0.005477784540474742,0.005477784540474742,0.0
Jsoup-13.json,Defects4J,0.8196461796760559,0.8172893126805624,0.8158459663391113,0.4051852226257324,1.1780881881713867,0.7938144329896907,24.400370370370375,23.46518518518518,0.0,2.8395627361144604,0.6549365237388167,97.0,0.0,0.0,0.1088646967340591,0.1088646967340591,0.1088646967340591,0.0,0.0,0.0,2.1531112829881813,0.3692874014377594,16.93753086419753,21.7188888888889,20.67654320987654,60.33333333333333,5.896907216494846,572.0,3.0,30.0,81.0,64.0,0.08877948366244119,8.611609915256796,0.061855670103092786,0.061855670103092786,0.0,0.030927835051546393,0.020618556701030927,0.061855670103092786,0.0,0.1958762886597938,0.07216494845360824,0.041237113402061855,0.020618556701030927,0.12371134020618557,0.15463917525773196,0.010309278350515464,0.010309278350515464,0.10309278350515463,0.0,0.4445462583393618,0.0754458242794229,0.0,0.0,0.7901234567901234,9.0,0.36212611198425293,27.0,22.0,13.92838827718412,17.879347455551382,1.8641975308641976,1.0,1.412056432437799,0.02564102564102564,6.864197530864198,4.0,6.518261311798016,0.0,0.0,0.0
Closure-84.json,Defects4J,0.8244315981864929,0.8194592595100403,0.8154457211494446,1.0,0.9932227730751038,0.8333333333333334,5.905000000000001,9.646666666666668,0.0,1.3333333333333333,0.0,6.0,0.0,0.0,0.0,0.0,0.0,0.0,0.0,0.0,0.05298664906710747,,6.416666666666668,59.745000000000005,9.066666666666666,22.666666666666664,5.166666666666667,31.0,1.0,1.0,6.0,6.0,0.17573592793231638,1.0544155675938982,0.0,0.0,0.0,0.0,0.0,0.16666666666666666,0.0,0.16666666666666666,0.0,0.0,0.0,0.3333333333333333,0.0,0.0,0.0,0.16666666666666666,0.0,0.6666666666666666,0.0,0.0,0.0,1.0,1.0,,6.0,6.0,0.0,,1.6666666666666667,1.5,0.7453559924999299,0.0,5.166666666666667,5.0,3.0230595245361758,0.0,0.0,0.0
JacksonDatabind-25.json,Defects4J,0.7693740129470825,0.7670748035113016,0.7637931704521179,0.19107751548290253,1.1681039333343506,0.5928338762214984,53.96668141592921,59.644247787610624,0.0,4.822617340627209,3.2858236062119435,307.0,0.07792207792207792,0.21792841305036428,0.3674374406081723,0.21792841305036428,0.21792841305036428,0.21792841305036428,0.21792841305036428,0.0,7.08057887555689,0.600489833525249,30.98413716814159,-76.76175884955751,23.15840707964602,74.26769911504425,9.846905537459284,2815.0,8.0,60.0,226.0,120.0,3.8718449626303437,1188.6564035275155,0.04234527687296417,0.08794788273615635,0.0,0.013029315960912053,0.013029315960912053,0.05211726384364821,0.0,0.09771986970684039,0.04234527687296417,0.006514657980456026,0.016286644951140065,0.17263843648208468,0.23778501628664495,0.009771986970684038,0.003257328990228013,0.05537459283387622,0.03257328990228013,0.4524450147805411,0.06628052879207365,0.0,0.0,0.5309734513274337,13.0,0.5576341524720192,28.25,21.5,25.148310082389234,19.661554785965695,3.0132743362831858,1.0,3.8929026508035633,0.010416666666666666,13.008849557522124,6.0,17.985488533579684,0.059233449477351915,0.060817231548938866,0.17073170731707318
Closure-115.json,Defects4J,0.8244315981864929,0.8194592595100403,0.8154457211494446,1.0,0.9932227730751038,0.8333333333333334,5.905000000000001,9.646666666666668,0.0,1.3333333333333333,0.0,6.0,0.0,0.0,0.0,0.0,0.0,0.0,0.0,0.0,0.05298664906710747,,6.416666666666668,59.745000000000005,9.066666666666666,22.666666666666664,5.166666666666667,31.0,1.0,1.0,6.0,6.0,0.17573592793231638,1.0544155675938982,0.0,0.0,0.0,0.0,0.0,0.16666666666666666,0.0,0.16666666666666666,0.0,0.0,0.0,0.3333333333333333,0.0,0.0,0.0,0.16666666666666666,0.0,0.6666666666666666,0.0,0.0,0.0,1.0,1.0,,6.0,6.0,0.0,,1.6666666666666667,1.5,0.7453559924999299,0.0,5.166666666666667,5.0,3.0230595245361758,0.0,0.0,0.0
Compress-18.json,Defects4J,0.7620041966438293,0.7595394253730774,0.7564233541488647,0.2789500653743744,1.2374187707901,0.5668316831683168,42.02134615384615,46.045384615384606,0.0,4.775274489178561,5.085544630693423,404.0,0.20316842690383546,0.22317954419121735,0.3187882156753752,0.22317954419121735,0.22317954419121735,0.22317954419121735,0.22317954419121735,0.1851028349082824,8.0950838386945,0.550160217014226,19.133333333333336,4.195000000000022,17.45128205128205,68.94871794871796,8.504950495049505,2856.0,12.0,73.0,312.0,180.0,8.114632883811813,3278.3116850599727,0.019801980198019802,0.08415841584158416,0.0024752475247524753,0.012376237623762377,0.0049504950495049506,0.04207920792079208,0.0,0.1311881188118812,0.06435643564356436,0.007425742574257425,0.007425742574257425,0.17326732673267325,0.18811881188118812,0.009900990099009901,0.024752475247524754,0.05693069306930693,0.01485148514851485,0.4352860164636214,0.15596537566506363,0.0,0.0,0.5769230769230769,11.166666666666666,0.49417565651237966,26.0,16.0,27.937430089397985,15.359359093739592,2.0833333333333335,1.0,2.6188623810617027,0.0,10.711538461538462,6.0,13.332296249114844,0.08893829905503058,0.08977209560867148,0.13368538076709283
Cli-17.json,Defects4J,0.7412364482879639,0.7400983572006226,0.7391612529754639,0.240142360329628,1.2219167947769165,0.5714285714285714,31.041566265060247,23.088192771084334,0.0,3.256762566137566,0.4854666533403395,196.0,0.05460472697636512,0.0,0.10920945395273024,0.0,0.0,0.0,0.0,0.0,2.5334585673345087,0.8194527427355448,17.584156626506026,42.90888554216869,20.214457831325305,72.82530120481928,5.86734693877551,823.0,4.0,31.0,166.0,115.0,0.06427040025571389,12.596998450119921,0.02040816326530612,0.025510204081632654,0.00510204081632653,0.04081632653061224,0.01020408163265306,0.04591836734693878,0.0,0.11734693877551021,0.05102040816326531,0.00510204081632653,0.00510204081632653,0.17346938775510204,0.12244897959183673,0.015306122448979591,0.030612244897959183,0.08163265306122448,0.025510204081632654,0.4969080687830688,0.05700991784974481,0.01744186046511628,0.0,0.6927710843373494,13.0,0.8113125264644623,41.5,44.0,13.955285736952863,14.191785591663535,1.4397590361445782,1.0,0.8246853739656147,0.0,6.734939759036145,5.0,7.494711930693659,0.014669926650366748,0.007334963325183374,0.0
Jsoup-12.json,Defects4J,0.7986445426940918,0.7983876466751099,0.7981275320053101,0.1617240309715271,1.1742045879364014,0.7142857142857143,52.64974683544305,26.99493670886076,0.0,3.5714285714285716,0.0,91.0,0.0,0.0,0.07339449541284404,0.07339449541284404,0.0,0.0,0.0,0.0,1.0588272238467222,,37.176962025316456,-30.770253164556934,40.20759493670886,116.9746835443038,6.5054945054945055,592.0,1.0,16.0,79.0,58.0,0.03168118578449949,2.8829879063894532,0.06593406593406594,0.06593406593406594,0.0,0.01098901098901099,0.03296703296703297,0.03296703296703297,0.0,0.14285714285714285,0.08791208791208792,0.01098901098901099,0.0,0.14285714285714285,0.13186813186813187,0.03296703296703297,0.01098901098901099,0.12087912087912088,0.02197802197802198,0.5054945054945055,0.0,0.0,0.0,0.7341772151898734,30.0,,79.0,79.0,0.0,,1.860759493670886,1.0,1.3662679205647408,0.028169014084507043,7.341772151898734,4.0,7.303347725441953,0.12996941896024464,0.08256880733944955,0.0963302752293578
Closure-85.json,Defects4J,0.8244315981864929,0.8194592595100403,0.8154457211494446,1.0,0.9932227730751038,0.8333333333333334,5.905000000000001,9.646666666666668,0.0,1.3333333333333333,0.0,6.0,0.0,0.0,0.0,0.0,0.0,0.0,0.0,0.0,0.05298664906710747,,6.416666666666668,59.745000000000005,9.066666666666666,22.666666666666664,5.166666666666667,31.0,1.0,1.0,6.0,6.0,0.17573592793231638,1.0544155675938982,0.0,0.0,0.0,0.0,0.0,0.16666666666666666,0.0,0.16666666666666666,0.0,0.0,0.0,0.3333333333333333,0.0,0.0,0.0,0.16666666666666666,0.0,0.6666666666666666,0.0,0.0,0.0,1.0,1.0,,6.0,6.0,0.0,,1.6666666666666667,1.5,0.7453559924999299,0.0,5.166666666666667,5.0,3.0230595245361758,0.0,0.0,0.0
JacksonDatabind-24.json,Defects4J,0.7695648074150085,0.767506996790568,0.764248251914978,0.16187766194343567,1.1910459995269775,0.5546875,31.12619047619048,36.23851851851852,0.0,3.519110249990041,1.3858879801940962,384.0,0.10167638483965015,0.19424198250728864,0.27696793002915454,0.27368804664723034,0.2598396501457726,0.2598396501457726,0.2510932944606414,0.0,7.445983587437743,0.641618916621575,17.716613756613757,2.3933333333333735,17.047619047619047,54.84126984126984,6.716145833333333,2483.0,14.0,49.0,270.0,147.0,4.460857601370832,1712.9693189263996,0.0546875,0.033854166666666664,0.0026041666666666665,0.013020833333333334,0.0026041666666666665,0.033854166666666664,0.0,0.1484375,0.06510416666666667,0.015625,0.0078125,0.14583333333333334,0.2682291666666667,0.015625,0.0234375,0.08072916666666667,0.0078125,0.4053969646304142,0.07720998780833101,0.0,0.0,0.5444444444444444,6.857142857142857,0.5398171556492647,19.285714285714285,15.5,14.032760503441182,15.247664890283005,2.185185185185185,1.0,2.5565752125760546,0.012295081967213115,9.11111111111111,5.0,14.629329579670332,0.006559766763848397,0.017857142857142856,0.011661807580174927
Closure-114.json,Defects4J,0.8244315981864929,0.8194592595100403,0.8154457211494446,1.0,0.9932227730751038,0.8333333333333334,5.905000000000001,9.646666666666668,0.0,1.3333333333333333,0.0,6.0,0.0,0.0,0.0,0.0,0.0,0.0,0.0,0.0,0.05298664906710747,,6.416666666666668,59.745000000000005,9.066666666666666,22.666666666666664,5.166666666666667,31.0,1.0,1.0,6.0,6.0,0.17573592793231638,1.0544155675938982,0.0,0.0,0.0,0.0,0.0,0.16666666666666666,0.0,0.16666666666666666,0.0,0.0,0.0,0.3333333333333333,0.0,0.0,0.0,0.16666666666666666,0.0,0.6666666666666666,0.0,0.0,0.0,1.0,1.0,,6.0,6.0,0.0,,1.6666666666666667,1.5,0.7453559924999299,0.0,5.166666666666667,5.0,3.0230595245361758,0.0,0.0,0.0
Compress-19.json,Defects4J,0.7683430314064026,0.764852503935496,0.7615700960159302,0.33389297127723694,1.1954306364059448,0.5681818181818182,30.36194968553459,25.96452830188679,0.0,3.2630123978558516,1.9997908665955137,264.0,0.039504716981132074,0.0,0.049528301886792456,0.0,0.0,0.0,0.0,0.0011792452830188679,2.8521495467228046,0.24307120107114316,15.945660377358493,43.67261006289311,18.850314465408808,73.54088050314465,6.026515151515151,1262.0,6.0,31.0,212.0,156.0,0.06562493448310643,17.324982703540098,0.01893939393939394,0.03787878787878788,0.003787878787878788,0.01893939393939394,0.007575757575757576,0.01893939393939394,0.003787878787878788,0.14772727272727273,0.045454545454545456,0.011363636363636364,0.011363636363636364,0.20075757575757575,0.14015151515151514,0.0,0.04924242424242424,0.08712121212121213,0.015151515151515152,0.3911806234386879,0.18073356396973958,0.0,0.0,0.7358490566037735,13.5,0.3508647074922919,35.333333333333336,27.0,31.82591536608003,14.790194502661404,1.5047169811320755,1.0,0.9491686606264531,0.0,7.245283018867925,5.0,7.63409843283177,0.01650943396226415,0.005306603773584905,0.0
Math-16.json,Defects4J,0.758890688419342,0.7572072545687357,0.75611412525177,0.3045073449611664,1.290365219116211,0.5324675324675324,23.457830898627712,21.76860557768924,0.0,2.8789429560655977,0.9492001656548869,308.0,0.04689203925845147,0.0,0.030534351145038167,0.0,0.0,0.0,0.0,0.0,3.8300112669608275,0.6910991966724396,11.975909694555117,58.87439132359454,15.617706949977867,58.16777335104028,5.542207792207792,1320.0,9.0,51.0,251.0,157.0,0.1495553805907535,46.06305722195208,0.022727272727272728,0.05519480519480519,0.016233766233766232,0.022727272727272728,0.006493506493506494,0.022727272727272728,0.0,0.10064935064935066,0.045454545454545456,0.012987012987012988,0.022727272727272728,0.20454545454545456,0.16233766233766234,0.006493506493506494,0.032467532467532464,0.06168831168831169,0.016233766233766232,0.4426869537097938,0.07281160758317007,0.0,0.0,0.6254980079681275,8.444444444444445,0.6237288202558245,27.88888888888889,25.0,24.646137603394006,13.205437297517054,1.4143426294820718,1.0,0.9166637205807494,0.0,6.569721115537849,4.0,7.762800733049138,0.004362050163576881,0.004907306434023991,0.0
Gson-2.json,Defects4J,0.7812524437904358,0.7772499720255533,0.7741619348526001,0.3774873614311218,1.1693614721298218,0.7011795543905636,13.011970580439964,15.567172011661803,0.0,2.2350385126555024,0.8124239924926604,763.0,0.2336448598130841,0.3391839525871894,0.38591292454980625,0.38591292454980625,0.38591292454980625,0.37178025985867336,0.3391839525871894,0.15431958057898337,16.629056912752205,0.5293209424545599,6.26392393320965,77.92247217068648,9.501669758812616,47.51510734163796,5.187418086500656,3552.0,44.0,236.0,686.0,259.0,21846.562848998416,16668927.453785792,0.02490170380078637,0.05897771952817824,0.02490170380078637,0.04325032765399738,0.007863695937090432,0.08125819134993446,0.019659239842726082,0.18086500655307994,0.03800786369593709,0.027522935779816515,0.03014416775884666,0.07470511140235911,0.08781127129750983,0.015727391874180863,0.010484927916120577,0.11140235910878113,0.0,0.46170222917416254,0.08015227071553686,0.0,0.005747126436781609,0.37755102040816324,4.9772727272727275,0.4474350256579263,15.590909090909092,12.0,12.597471214165783,9.573946990214175,1.336734693877551,1.0,0.6560042106304257,0.008896797153024912,5.6574344023323615,4.0,4.894290283863758,0.0063824937314793705,0.012764987462958741,0.027125598358787327
Lang-54.json,Defects4J,0.7573382258415222,0.7545620799064636,0.751552164554596,0.23132383823394775,1.1758770942687988,0.6111111111111112,27.819957983193277,26.47725490196078,0.0,3.1896768764073826,1.6561396156838744,252.0,0.0518783542039356,0.0,0.0,0.0,0.0,0.0,0.0,0.0,4.124942627407492,0.2583164156725009,13.591400560224091,49.52558823529412,15.970868347338936,64.92717086834733,6.154761904761905,1164.0,7.0,57.0,204.0,140.0,0.24549309458563073,61.86425983557894,0.011904761904761904,0.07142857142857142,0.007936507936507936,0.015873015873015872,0.015873015873015872,0.07539682539682539,0.0,0.1349206349206349,0.047619047619047616,0.003968253968253968,0.015873015873015872,0.1746031746031746,0.15476190476190477,0.0,0.027777777777777776,0.07539682539682539,0.007936507936507936,0.3938595865750449,0.17042901729468973,0.0,0.0,0.6862745098039216,10.428571428571429,0.2824573129415512,29.142857142857142,23.0,22.42720650987846,13.25671669890799,1.5098039215686274,1.0,1.1610095171048989,0.0,7.362745098039215,5.0,8.193480449491624,0.004770423375074538,0.005366726296958855,0.0
Time-16.json,Defects4J,0.8330011963844299,0.8306171695391337,0.8269839286804199,0.5197522640228271,1.2412139177322388,0.8285714285714286,10.650652173913045,8.60608695652174,0.0,3.354644913992762,0.7750576400874974,105.0,0.0,0.0,0.09504950495049505,0.0,0.0,0.0,0.0,0.0,3.0651197448040928,0.43849695722262066,8.386521739130437,75.9008695652174,10.069565217391306,40.391304347826086,3.980952380952381,418.0,4.0,49.0,92.0,60.0,0.20416217910773027,21.437028806311677,0.01904761904761905,0.09523809523809523,0.0380952380952381,0.09523809523809523,0.01904761904761905,0.10476190476190476,0.0,0.1619047619047619,0.05714285714285714,0.06666666666666667,0.01904761904761905,0.05714285714285714,0.08571428571428572,0.047619047619047616,0.009523809523809525,0.10476190476190476,0.0,0.4529855235812491,0.049355257315841256,0.0,0.0,0.6521739130434783,4.0,0.411067470908165,23.0,22.5,6.59545297913646,7.168621630094336,1.2717391304347827,1.0,0.8483136836454507,0.010752688172043012,4.369565217391305,4.0,3.302559584771194,0.053465346534653464,0.08316831683168317,0.0
Collections-14.json,Defects4J,0.7343721985816956,0.732346256573995,0.7298648953437805,0.33813732862472534,1.1627616882324219,0.47398843930635837,34.488102189781024,35.8251094890511,0.0,2.823053255118473,1.4832967311686338,173.0,0.05083459787556904,0.0,0.0,0.0,0.0,0.0,0.0,0.0,1.6919111044765214,0.4827965199947357,14.475562043795623,40.08239416058393,15.923503649635036,67.54598540145986,7.30635838150289,851.0,5.0,14.0,137.0,104.0,0.03138640348043122,5.429847802114601,0.011560693641618497,0.04046242774566474,0.005780346820809248,0.005780346820809248,0.0,0.023121387283236993,0.005780346820809248,0.1329479768786127,0.08092485549132948,0.0,0.0,0.2138728323699422,0.14450867052023122,0.0,0.05202312138728324,0.04046242774566474,0.011560693641618497,0.3656688520818956,0.18990272841086178,0.0,0.0,0.7591240875912408,11.0,0.32607183263947564,27.4,22.0,17.783138080777533,13.662883650711645,1.6423357664233578,1.0,1.4384563211967323,0.010309278350515464,8.963503649635037,6.0,9.932185210360627,0.006828528072837633,0.006828528072837633,0.0
Cli-40.json,Defects4J,0.736899197101593,0.7333266139030457,0.7309728860855103,0.12402147799730301,1.1313902139663696,0.5248618784530387,40.23136865342163,29.172185430463575,0.0,5.216360856269113,2.0975512234632627,181.0,0.0680379746835443,0.0,0.06645569620253164,0.0,0.0,0.0,0.0,0.0,1.7319041857363247,0.8706112504005432,20.528741721854306,37.53077262693158,24.10684326710817,85.43267108167771,6.629834254143646,813.0,3.0,21.0,151.0,111.0,0.031223232010649568,5.651404993927572,0.011049723756906077,0.027624309392265192,0.0055248618784530384,0.022099447513812154,0.0,0.03314917127071823,0.0,0.143646408839779,0.055248618784530384,0.0,0.0055248618784530384,0.20441988950276244,0.11602209944751381,0.011049723756906077,0.03867403314917127,0.06629834254143646,0.022099447513812154,0.5170744138634047,0.048651466609820726,0.005494505494505495,0.0,0.7350993377483444,17.666666666666668,0.8373722434043884,50.333333333333336,40.0,29.10135544762286,15.903189008614273,1.3973509933774835,1.0,0.7194503991267563,0.009259259259259259,7.748344370860927,5.0,8.339817952692835,0.007120253164556962,0.007120253164556962,0.0
Closure-143.json,Defects4J,0.8244315981864929,0.8194592595100403,0.8154457211494446,1.0,0.9932227730751038,0.8333333333333334,5.905000000000001,9.646666666666668,0.0,1.3333333333333333,0.0,6.0,0.0,0.0,0.0,0.0,0.0,0.0,0.0,0.0,0.05298664906710747,,6.416666666666668,59.745000000000005,9.066666666666666,22.666666666666664,5.166666666666667,31.0,1.0,1.0,6.0,6.0,0.17573592793231638,1.0544155675938982,0.0,0.0,0.0,0.0,0.0,0.16666666666666666,0.0,0.16666666666666666,0.0,0.0,0.0,0.3333333333333333,0.0,0.0,0.0,0.16666666666666666,0.0,0.6666666666666666,0.0,0.0,0.0,1.0,1.0,,6.0,6.0,0.0,,1.6666666666666667,1.5,0.7453559924999299,0.0,5.166666666666667,5.0,3.0230595245361758,0.0,0.0,0.0
JacksonDatabind-73.json,Defects4J,0.7749236822128296,0.7735105355580648,0.772714376449585,0.30523768067359924,1.2295366525650024,0.6150793650793651,21.579183673469387,21.39183673469388,0.0,4.909108128688368,4.689239500001737,252.0,0.02702702702702703,0.0,0.25675675675675674,0.25675675675675674,0.08783783783783784,0.0,0.0,0.0,4.916202773967552,0.3581306998218809,14.073163265306125,37.80219387755102,15.718367346938777,57.66326530612245,5.317460317460317,1228.0,8.0,50.0,196.0,109.0,0.5416006736642713,136.48336976339638,0.05952380952380952,0.027777777777777776,0.003968253968253968,0.027777777777777776,0.031746031746031744,0.031746031746031744,0.0,0.15873015873015872,0.04365079365079365,0.031746031746031744,0.03571428571428571,0.11904761904761904,0.21825396825396826,0.0,0.003968253968253968,0.07936507936507936,0.0,0.44961356497585797,0.07582672484885768,0.0,0.0,0.5561224489795918,8.125,0.20741613736997047,24.5,17.5,20.89258241577618,14.005844860021309,1.7040816326530612,1.0,1.3939313343076412,0.012048192771084338,6.530612244897959,5.5,6.052835533244161,0.024324324324324326,0.02364864864864865,0.05405405405405406
Math-41.json,Defects4J,0.7474697828292847,0.7448835372924805,0.7408140897750854,0.26216068863868713,1.1935279369354248,0.574468085106383,22.853626794258368,26.988631578947366,0.0,2.4717152761212278,1.0828733256879646,235.0,0.06056782334384858,0.0,0.0,0.0,0.0,0.0,0.0,0.0012618296529968455,3.8590385764853856,0.41394181698560717,8.473732057416271,65.07476076555027,10.066985645933016,48.32535885167464,6.31063829787234,1079.0,11.0,43.0,190.0,137.0,0.20178612337802745,47.419738993836454,0.03404255319148936,0.029787234042553193,0.00851063829787234,0.01702127659574468,0.00851063829787234,0.0425531914893617,0.0,0.1276595744680851,0.05531914893617021,0.02127659574468085,0.02127659574468085,0.17446808510638298,0.13617021276595745,0.0,0.029787234042553193,0.08085106382978724,0.029787234042553193,0.4190459331414923,0.14664013160875933,0.0,0.0,0.7210526315789474,5.363636363636363,0.20518915939869153,17.272727272727273,15.0,11.095379129012624,9.80015041476705,1.4684210526315788,1.0,1.259303329363605,0.0,7.568421052631579,5.0,8.7571355946288,0.0056782334384858045,0.0056782334384858045,0.0
Jsoup-53.json,Defects4J,0.8014164566993713,0.7991759975751241,0.7973141670227051,0.1567227989435196,1.2057280540466309,0.6535433070866141,26.800172413793106,29.473563218390805,0.0,4.500126008064516,2.4008435906630083,127.0,0.0,0.4352078239608802,0.4352078239608802,0.4352078239608802,0.4352078239608802,0.4352078239608802,0.4352078239608802,0.0,1.9741440556989727,0.4440863976875941,17.30629310344828,9.724267241379323,19.73448275862069,63.12931034482759,5.7637795275590555,732.0,4.0,31.0,87.0,55.0,0.05669648683445904,7.200453827976299,0.03937007874015748,0.031496062992125984,0.0,0.05511811023622047,0.06299212598425197,0.0,0.0,0.14173228346456693,0.05511811023622047,0.0,0.047244094488188976,0.08661417322834646,0.2755905511811024,0.047244094488188976,0.015748031496062992,0.10236220472440945,0.023622047244094488,0.4064180107526882,0.12708311565660324,0.0,0.0,0.632183908045977,9.0,0.11180154979228973,21.75,19.5,12.356678356257397,17.122413403193683,2.0689655172413794,1.0,1.7472020552298597,0.023529411764705882,7.931034482758621,6.0,8.103912923827098,0.029339853300733496,0.044009779951100246,0.09290953545232274
Closure-155.json,Defects4J,0.8244315981864929,0.8194592595100403,0.8154457211494446,1.0,0.9932227730751038,0.8333333333333334,5.905000000000001,9.646666666666668,0.0,1.3333333333333333,0.0,6.0,0.0,0.0,0.0,0.0,0.0,0.0,0.0,0.0,0.05298664906710747,,6.416666666666668,59.745000000000005,9.066666666666666,22.666666666666664,5.166666666666667,31.0,1.0,1.0,6.0,6.0,0.17573592793231638,1.0544155675938982,0.0,0.0,0.0,0.0,0.0,0.16666666666666666,0.0,0.16666666666666666,0.0,0.0,0.0,0.3333333333333333,0.0,0.0,0.0,0.16666666666666666,0.0,0.6666666666666666,0.0,0.0,0.0,1.0,1.0,,6.0,6.0,0.0,,1.6666666666666667,1.5,0.7453559924999299,0.0,5.166666666666667,5.0,3.0230595245361758,0.0,0.0,0.0
Closure-6.json,Defects4J,0.8244315981864929,0.8194592595100403,0.8154457211494446,1.0,0.9932227730751038,0.8333333333333334,5.905000000000001,9.646666666666668,0.0,1.3333333333333333,0.0,6.0,0.0,0.0,0.0,0.0,0.0,0.0,0.0,0.0,0.05298664906710747,,6.416666666666668,59.745000000000005,9.066666666666666,22.666666666666664,5.166666666666667,31.0,1.0,1.0,6.0,6.0,0.17573592793231638,1.0544155675938982,0.0,0.0,0.0,0.0,0.0,0.16666666666666666,0.0,0.16666666666666666,0.0,0.0,0.0,0.3333333333333333,0.0,0.0,0.0,0.16666666666666666,0.0,0.6666666666666666,0.0,0.0,0.0,1.0,1.0,,6.0,6.0,0.0,,1.6666666666666667,1.5,0.7453559924999299,0.0,5.166666666666667,5.0,3.0230595245361758,0.0,0.0,0.0
Math-57.json,Defects4J,0.750274121761322,0.7479385932286581,0.7446439266204834,0.2375483512878418,1.216503620147705,0.5930735930735931,25.43731958762887,26.3519587628866,0.0,2.5759609385104127,1.0575144344815086,231.0,0.05763141228625712,0.0,0.0,0.0,0.0,0.0,0.0,0.00253324889170361,3.2885633287611036,0.2272334737437112,10.959252577319589,59.68207474226806,13.617525773195878,55.177835051546396,6.359307359307359,1077.0,8.0,48.0,194.0,138.0,0.11603604750915034,26.804326974613726,0.03896103896103896,0.06493506493506493,0.017316017316017316,0.025974025974025976,0.0,0.05627705627705628,0.0,0.1341991341991342,0.06060606060606061,0.004329004329004329,0.017316017316017316,0.1471861471861472,0.12121212121212122,0.012987012987012988,0.030303030303030304,0.0735930735930736,0.008658008658008658,0.4382205011607214,0.1679808473234474,0.0,0.0,0.711340206185567,7.5,0.27014938617746037,24.25,18.0,17.012862780849083,11.93303328291395,1.4484536082474226,1.0,1.093524840936278,0.0,7.376288659793815,5.0,8.607576058763417,0.005699810006333122,0.005699810006333122,0.0
Codec-13.json,Defects4J,0.7605880498886108,0.7593793471654257,0.7585164904594421,0.20964103937149048,1.130776047706604,0.47715736040609136,38.19375,34.13605263157895,0.0,3.536792586304471,1.9956442051760905,197.0,0.05263157894736842,0.0,0.05894736842105263,0.0,0.0,0.0,0.0,0.0014035087719298245,1.8344838418644835,0.37792394558588666,18.482631578947366,30.2334210526316,20.46315789473684,74.84210526315789,6.883248730964467,1000.0,4.0,17.0,152.0,120.0,0.03178630040562919,6.261901179908952,0.04568527918781726,0.030456852791878174,0.0,0.005076142131979695,0.005076142131979695,0.02030456852791878,0.0,0.10152284263959391,0.06091370558375635,0.005076142131979695,0.0,0.20812182741116753,0.18781725888324874,0.005076142131979695,0.030456852791878174,0.06091370558375635,0.02030456852791878,0.5056663837011884,0.09552633413541493,0.0,0.0,0.7894736842105263,14.0,0.4493463262915611,38.0,39.0,23.345235059857504,15.903189008614273,1.631578947368421,1.0,1.5922683692006152,0.0,8.625,5.0,9.412905824060473,0.00631578947368421,0.07368421052631578,0.07578947368421053
Lang-15.json,Defects4J,0.7737100720405579,0.7698658108711243,0.7666440606117249,0.3051091134548187,1.2285406589508057,0.5338078291814946,33.40583333333333,28.962727272727275,0.0,5.321111884175399,4.931609238290918,281.0,0.057569296375266525,0.0,0.04157782515991471,0.0,0.0,0.0,0.0,0.02185501066098081,3.56805681376997,0.6241255044937134,18.23363636363636,29.64378787878789,19.575757575757578,73.03030303030303,6.288256227758007,1423.0,6.0,36.0,220.0,150.0,0.1261482021648039,35.447644808309896,0.03558718861209965,0.042704626334519574,0.0071174377224199285,0.014234875444839857,0.0035587188612099642,0.03202846975088968,0.0,0.1423487544483986,0.03558718861209965,0.0035587188612099642,0.017793594306049824,0.15658362989323843,0.18861209964412812,0.0035587188612099642,0.02491103202846975,0.08185053380782918,0.021352313167259787,0.5044637123378859,0.057587109791844254,0.0,0.0,0.6818181818181818,13.333333333333334,0.4670110456645489,36.666666666666664,40.0,17.441967269268172,15.247664890283005,1.6545454545454545,1.0,1.4980979676446924,0.0,7.75,5.0,9.246928236889362,0.0042643923240938165,0.004797441364605544,0.0
JacksonCore-13.json,Defects4J,0.772987961769104,0.7680983344713846,0.7653064727783203,0.3305332064628601,1.2225464582443237,0.7083969465648855,12.449208357612584,15.50252559726962,0.0,2.1810072841065646,0.6689817228405642,655.0,0.1746284501061571,0.208067940552017,0.31236730360934184,0.3012208067940552,0.3012208067940552,0.28476645435244163,0.2749469214437367,0.12845010615711253,14.832333451761096,0.4876324165612459,5.992678764671609,77.5548892866062,8.857004911346042,44.497461083825854,5.183206106870229,3054.0,41.0,215.0,586.0,253.0,4220.4549789092125,2764398.0111855343,0.025954198473282442,0.06412213740458016,0.03206106870229008,0.05801526717557252,0.010687022900763359,0.06564885496183206,0.022900763358778626,0.1465648854961832,0.03358778625954199,0.03969465648854962,0.035114503816793895,0.06259541984732825,0.09770992366412214,0.013740458015267175,0.0061068702290076335,0.13282442748091602,0.0,0.45679171644587147,0.0768398839434299,0.0,0.0,0.431740614334471,4.317073170731708,0.4250894583379611,14.292682926829269,11.0,12.099675267642162,9.180166465165762,1.3566552901023892,1.0,0.7371875393723114,0.00823045267489712,5.675767918088737,4.0,4.6561632802354636,0.0074309978768577496,0.016719745222929936,0.031581740976645435
Math-101.json,Defects4J,0.7308550477027893,0.7255519429842631,0.7222943305969238,0.2766893804073334,1.211652398109436,0.5221518987341772,29.839918032786883,28.197049180327863,0.0,3.4557836028026996,1.552754925104883,316.0,0.07596153846153846,0.0,0.06057692307692308,0.035576923076923075,0.0,0.0,0.0,0.032692307692307694,4.747326615566566,0.5109171292611531,15.068934426229507,41.349631147541004,18.265573770491805,66.97540983606558,6.1613924050632916,1422.0,8.0,49.0,244.0,151.0,0.3647965062401673,115.27569597189286,0.015822784810126583,0.0379746835443038,0.00949367088607595,0.006329113924050633,0.00949367088607595,0.04746835443037975,0.0,0.15822784810126583,0.04113924050632911,0.00949367088607595,0.0189873417721519,0.14240506329113925,0.20569620253164558,0.015822784810126583,0.0189873417721519,0.06645569620253164,0.012658227848101266,0.4922480866941348,0.06707648734743898,0.0,0.021621621621621623,0.6188524590163934,11.125,0.24397107462088266,30.5,17.5,29.862183443278223,15.414825405933506,1.5901639344262295,1.0,1.297880354943573,0.0,7.647540983606557,5.0,8.838182933148405,0.004807692307692308,0.004326923076923077,0.0
Closure-102.json,Defects4J,0.8244315981864929,0.8194592595100403,0.8154457211494446,1.0,0.9932227730751038,0.8333333333333334,5.905000000000001,9.646666666666668,0.0,1.3333333333333333,0.0,6.0,0.0,0.0,0.0,0.0,0.0,0.0,0.0,0.0,0.05298664906710747,,6.416666666666668,59.745000000000005,9.066666666666666,22.666666666666664,5.166666666666667,31.0,1.0,1.0,6.0,6.0,0.17573592793231638,1.0544155675938982,0.0,0.0,0.0,0.0,0.0,0.16666666666666666,0.0,0.16666666666666666,0.0,0.0,0.0,0.3333333333333333,0.0,0.0,0.0,0.16666666666666666,0.0,0.6666666666666666,0.0,0.0,0.0,1.0,1.0,,6.0,6.0,0.0,,1.6666666666666667,1.5,0.7453559924999299,0.0,5.166666666666667,5.0,3.0230595245361758,0.0,0.0,0.0
JacksonDatabind-32.json,Defects4J,0.7786644101142883,0.7767596046129862,0.7743510603904724,0.1105390265583992,1.1655055284500122,0.5222929936305732,24.71724246231156,31.66713567839196,0.0,2.9003797622563607,2.3199566205845445,314.0,0.0030721966205837174,0.06349206349206349,0.23553507424475167,0.23553507424475167,0.1740911418330773,0.13210445468509985,0.13210445468509985,0.0,6.176039062519115,0.49902671774228413,15.944042085427135,2.9044048366834545,14.824246231155781,50.62845477386934,5.764331210191083,1741.0,16.0,48.0,199.0,125.0,1.5321103160796743,481.08263924901775,0.050955414012738856,0.050955414012738856,0.009554140127388535,0.028662420382165606,0.012738853503184714,0.012738853503184714,0.0,0.10509554140127389,0.028662420382165606,0.006369426751592357,0.01592356687898089,0.14331210191082802,0.321656050955414,0.012738853503184714,0.009554140127388535,0.050955414012738856,0.044585987261146494,0.42848080600238525,0.08461728134511758,0.0,0.029411764705882353,0.628140703517588,4.75,0.5090111536639077,12.4375,7.0,11.889957684954139,13.126405980863044,2.2613065326633164,1.0,3.1610157233910057,0.023255813953488372,8.477386934673367,5.0,13.723333802663504,0.007168458781362007,0.006144393241167435,0.00819252432155658
Time-5.json,Defects4J,0.7748867273330688,0.7731600006421407,0.7718663811683655,0.3441685736179352,1.212098479270935,0.5204918032786885,34.706076388888896,41.51875,0.0,4.654090613739736,2.968315868290672,244.0,0.011627906976744186,0.27464008859357697,0.3549280177187154,0.3117386489479513,0.30509413067552604,0.30509413067552604,0.30509413067552604,0.0,4.217202061741834,0.6253723837435246,20.032083333333336,-16.89319444444442,19.361111111111114,59.02777777777778,6.938524590163935,1689.0,9.0,27.0,160.0,89.0,0.27804670840719375,67.84339685135528,0.06147540983606557,0.04918032786885246,0.00819672131147541,0.004098360655737705,0.00819672131147541,0.012295081967213115,0.0,0.13934426229508196,0.06967213114754098,0.00819672131147541,0.01639344262295082,0.1557377049180328,0.3073770491803279,0.0,0.020491803278688523,0.06967213114754098,0.0,0.4105256854668493,0.13621651273529595,0.0,0.0,0.55625,7.333333333333333,0.5493641836302621,17.77777777777778,15.0,9.806775183829433,16.45884130781739,2.43125,1.0,2.5947588399502566,0.013986013986013986,10.03125,5.0,13.670415993578981,0.015503875968992248,0.013289036544850499,0.013289036544850499
Lang-42.json,Defects4J,0.7523391842842102,0.7499903639157613,0.7486370801925659,0.22555933892726898,1.196548581123352,0.49363057324840764,25.34285087719298,25.609999999999996,0.0,3.303947088931845,1.5636025032667726,314.0,0.03628601921024546,0.0,0.0,0.0,0.0,0.0,0.0,0.0010672358591248667,3.9876713915577233,0.5035206549800932,12.24877192982456,52.36640350877195,15.396491228070175,62.6140350877193,5.554140127388535,1344.0,9.0,41.0,228.0,165.0,0.17174892717198192,53.92916313200232,0.03821656050955414,0.03184713375796178,0.022292993630573247,0.028662420382165606,0.012738853503184714,0.03184713375796178,0.0,0.10828025477707007,0.041401273885350316,0.009554140127388535,0.01592356687898089,0.13694267515923567,0.21019108280254778,0.0031847133757961785,0.03184713375796178,0.06369426751592357,0.03503184713375796,0.41187999838914474,0.1530568095732618,0.0,0.0,0.7236842105263158,9.444444444444445,0.3998607268024768,25.333333333333332,22.0,15.398412616601464,13.5591,1.5219298245614035,1.0,1.1138883036328844,0.017341040462427744,7.241228070175438,5.0,7.500214165404303,0.02934898612593383,0.0048025613660619,0.0
Jsoup-90.json,Defects4J,0.7739109992980957,0.7723573843638102,0.7715144753456116,0.24061748385429382,1.122056007385254,0.5517241379310345,46.97220634920635,57.981142857142856,0.0,2.941650428287257,0.988457178684607,203.0,0.0,0.08913934426229508,0.1716188524590164,0.08913934426229508,0.08913934426229508,0.08913934426229508,0.08913934426229508,0.0,3.327477836462154,0.8253474719822407,25.202380952380953,-57.91960317460317,19.936507936507937,64.12698412698413,9.187192118226601,1738.0,9.0,31.0,140.0,89.0,0.1372806178523866,27.86796542403448,0.024630541871921183,0.06896551724137931,0.0049261083743842365,0.03940886699507389,0.0049261083743842365,0.009852216748768473,0.0,0.12807881773399016,0.07389162561576355,0.0,0.019704433497536946,0.14285714285714285,0.3103448275862069,0.009852216748768473,0.0049261083743842365,0.04433497536945813,0.0,0.44882559303914804,0.04260393471024001,0.0,0.0,0.6357142857142857,7.555555555555555,0.7863853658948626,15.555555555555555,8.0,16.533542412059127,16.32212239822248,2.942857142857143,1.0,3.561242617344659,0.017094017094017096,12.871428571428572,6.0,16.015547293241053,0.01639344262295082,0.0860655737704918,0.09016393442622951
Mockito-33.json,Defects4J,0.8273728489875793,0.8226843674977621,0.818372368812561,1.0,1.1956604719161987,0.8,3.678000000000001,6.504000000000001,0.0,1.2,0.0,5.0,0.0,0.0,0.0,0.0,0.0,0.0,0.0,0.0,0.05305602573781134,,2.879999999999999,83.32000000000004,10.0,25.0,4.8,24.0,1.0,1.0,5.0,5.0,0.21089774439461811,1.0544887219730905,0.0,0.0,0.0,0.0,0.0,0.2,0.0,0.2,0.0,0.0,0.0,0.2,0.0,0.0,0.0,0.2,0.0,0.6,0.0,0.0,0.0,1.0,1.0,,5.0,5.0,0.0,,1.4,1.0,0.8,0.0,4.8,4.0,3.3105890714493698,0.0,0.0,0.0
JacksonDatabind-49.json,Defects4J,0.7738379240036011,0.7725023428599039,0.7699699401855469,0.1600731760263443,1.1841999292373657,0.696875,26.117460205164484,27.70801556420233,0.0,3.6110942501366754,1.5323225288932179,320.0,0.004486316733961417,0.0,0.03768506056527591,0.0,0.0,0.0,0.0,0.0,5.408055553428733,0.4641656957566738,16.662674212946587,17.212737884683435,16.504987619384508,57.604881499823136,6.3375,1912.0,11.0,83.0,257.0,148.0,0.697491157793847,223.197170494031,0.084375,0.028125,0.0375,0.05625,0.003125,0.05,0.0,0.153125,0.028125,0.03125,0.021875,0.1,0.175,0.028125,0.003125,0.090625,0.01875,0.42142471237902884,0.07740207656725681,0.0,0.0,0.5758754863813229,8.0,0.43149297104941475,23.363636363636363,26.0,14.398691400595638,14.811377253095038,1.961089494163424,1.0,2.4901446951704904,0.012987012987012988,7.614785992217898,5.0,11.122393685561265,0.01256168685509197,0.05383580080753701,0.05518169582772544
JacksonCore-9.json,Defects4J,0.8136252164840698,0.8101226290067037,0.8051286935806274,0.2011374831199646,1.1525031328201294,0.7964071856287425,16.559063492063494,20.013142857142856,0.0,2.5690218980541557,0.5917460834690862,167.0,0.0,0.10888252148997135,0.10888252148997135,0.10888252148997135,0.10888252148997135,0.10888252148997135,0.10888252148997135,0.0,4.155763226368883,0.4425549563020468,11.042380952380952,43.60039682539684,11.936507936507937,47.6984126984127,5.538922155688622,925.0,9.0,57.0,140.0,101.0,0.38203976228245684,63.80064030117029,0.05389221556886228,0.059880239520958084,0.017964071856287425,0.0718562874251497,0.011976047904191617,0.029940119760479042,0.0,0.16167664670658682,0.059880239520958084,0.041916167664670656,0.04790419161676647,0.11377245508982035,0.1497005988023952,0.029940119760479042,0.011976047904191617,0.10778443113772455,0.0,0.4479474925711485,0.055832758045679734,0.0,0.0,0.7214285714285714,5.0,0.3371001072227955,15.555555555555555,14.0,7.319852929778046,11.645159339076184,1.7428571428571429,1.0,1.600765123180736,0.022222222222222223,6.414285714285715,4.0,6.788630952119996,0.0057306590257879654,0.05730659025787966,0.06017191977077364
Lang-39.json,Defects4J,0.7719302773475647,0.7705819805463155,0.7690581679344177,0.2625117301940918,1.208837866783142,0.5588235294117647,18.601913145539903,20.794507042253517,0.0,3.13491341991342,1.5549121518494362,374.0,0.03193517635843661,0.0,0.028598665395614873,0.017159199237368923,0.0,0.0,0.0,0.0,6.724877206259626,0.5002562890627554,9.369352112676058,61.61132863849768,11.657840375586856,47.80657276995305,5.168449197860962,1573.0,15.0,71.0,284.0,174.0,2.2269243290947194,832.8696990814251,0.040106951871657755,0.034759358288770054,0.0106951871657754,0.040106951871657755,0.00267379679144385,0.029411764705882353,0.00267379679144385,0.1497326203208556,0.029411764705882353,0.0106951871657754,0.040106951871657755,0.11229946524064172,0.21657754010695188,0.01871657754010695,0.01871657754010695,0.058823529411764705,0.0213903743315508,0.47707792207792205,0.04732179036316987,0.0,0.0,0.6126760563380281,5.466666666666667,0.40016214549541473,18.933333333333334,16.0,15.128192959577897,11.072351349416056,1.4894366197183098,1.0,0.9803856489314943,0.0,6.48943661971831,4.0,6.734128003260169,0.009532888465204958,0.004289799809342231,0.014299332697807437
Math-94.json,Defects4J,0.7261373400688171,0.7225509881973267,0.720511794090271,0.29063093662261963,1.2584501504898071,0.47619047619047616,29.49876404494382,24.726741573033703,0.0,5.340647291305187,2.1839426281866974,231.0,0.10793423874195854,0.0,0.09864188706218728,0.012866333095067906,0.0,0.0,0.0,0.04717655468191565,2.986706895694963,0.5984554849565029,13.474898876404495,61.86167415730341,17.16134831460674,64.81348314606741,5.64935064935065,834.0,5.0,32.0,178.0,110.0,0.08580218429515066,19.8203045721798,0.021645021645021644,0.047619047619047616,0.004329004329004329,0.0,0.008658008658008658,0.030303030303030304,0.0,0.14285714285714285,0.07792207792207792,0.0,0.021645021645021644,0.15584415584415584,0.19047619047619047,0.025974025974025976,0.025974025974025976,0.05194805194805195,0.008658008658008658,0.4176707795128848,0.11845063216424362,0.0,0.0,0.6179775280898876,10.4,0.4491165677706401,35.6,40.0,17.511139311878026,12.340626583579944,1.2865168539325842,1.0,0.6885403892971517,0.0,7.033707865168539,4.0,8.976810872617689,0.006433166547533953,0.006433166547533953,0.0
Closure-50.json,Defects4J,0.8244315981864929,0.8194592595100403,0.8154457211494446,1.0,0.9932227730751038,0.8333333333333334,5.905000000000001,9.646666666666668,0.0,1.3333333333333333,0.0,6.0,0.0,0.0,0.0,0.0,0.0,0.0,0.0,0.0,0.05298664906710747,,6.416666666666668,59.745000000000005,9.066666666666666,22.666666666666664,5.166666666666667,31.0,1.0,1.0,6.0,6.0,0.17573592793231638,1.0544155675938982,0.0,0.0,0.0,0.0,0.0,0.16666666666666666,0.0,0.16666666666666666,0.0,0.0,0.0,0.3333333333333333,0.0,0.0,0.0,0.16666666666666666,0.0,0.6666666666666666,0.0,0.0,0.0,1.0,1.0,,6.0,6.0,0.0,,1.6666666666666667,1.5,0.7453559924999299,0.0,5.166666666666667,5.0,3.0230595245361758,0.0,0.0,0.0
Compress-23.json,Defects4J,0.7658001780509949,0.7630122502644857,0.7585154175758362,0.31503623723983765,1.247886300086975,0.5765765765765766,24.65021478727798,30.417843866171,0.0,2.769748028295828,1.7509801595393053,333.0,0.027351844177372565,0.0,0.16659759635308743,0.03978450062163282,0.0,0.0,0.0,0.0,5.984761344736089,0.6032266616821289,12.215285006195788,34.10282011565471,12.669227591904173,47.658199091284594,6.813813813813814,1899.0,18.0,61.0,269.0,166.0,1.193176233001873,397.3276855896237,0.024024024024024024,0.06006006006006006,0.021021021021021023,0.012012012012012012,0.009009009009009009,0.03903903903903904,0.0,0.12612612612612611,0.06006006006006006,0.009009009009009009,0.03003003003003003,0.16216216216216217,0.16516516516516516,0.009009009009009009,0.021021021021021023,0.06606606606606606,0.012012012012012012,0.4564966243326911,0.14661209813278747,0.0,0.0,0.6171003717472119,4.888888888888889,0.4954165320377797,14.944444444444445,8.0,17.661861680601266,12.161744961471694,1.862453531598513,1.0,2.150396160155194,0.0,8.197026022304833,4.0,10.71054749238728,0.014919187733112309,0.016576875259013676,0.12432656444260257
Jsoup-28.json,Defects4J,0.7667955160140991,0.7665416598320007,0.7663936018943787,0.16492271423339844,1.2587890625,0.4900662251655629,30.853162816281625,34.141980198019795,0.0,4.312433087819518,2.9632392391004054,302.0,0.09679012345679013,0.18074074074074073,0.334320987654321,0.3190123456790123,0.2311111111111111,0.2311111111111111,0.18074074074074073,0.0,4.761109302961575,0.5658783912658691,15.770264026402643,21.973690869086937,18.482728272827284,54.62266226622662,6.245033112582782,1721.0,9.0,24.0,202.0,105.0,0.3870049813176751,116.87550435793787,0.052980132450331126,0.023178807947019868,0.013245033112582781,0.006622516556291391,0.056291390728476824,0.013245033112582781,0.0,0.152317880794702,0.023178807947019868,0.009933774834437087,0.0,0.12251655629139073,0.2814569536423841,0.0,0.039735099337748346,0.04966887417218543,0.026490066225165563,0.43900781433576136,0.07198629457928543,0.25,0.025,0.5198019801980198,7.222222222222222,0.6875963423933301,22.444444444444443,19.0,18.013026836222423,16.32212239822248,1.9158415841584158,1.0,1.7141942467230717,0.04216867469879518,8.717821782178218,5.0,11.550773803230106,0.0345679012345679,0.011851851851851851,0.013333333333333334
Compress-35.json,Defects4J,0.7515270709991455,0.7509397268295288,0.7505881786346436,0.21565699577331543,1.2474240064620972,0.6289592760180995,25.38125,21.740000000000006,0.0,3.2050418005106667,0.9652988651322018,221.0,0.04737975592246949,0.0,0.0990667623833453,0.06891600861450108,0.0,0.0,0.0,0.0,3.415009175020873,0.5003649473190308,12.74625,60.67375000000003,15.716666666666667,61.16666666666667,5.8144796380090495,958.0,6.0,50.0,192.0,131.0,0.13763451812213282,30.41722850499135,0.027149321266968326,0.06787330316742081,0.027149321266968326,0.02262443438914027,0.004524886877828055,0.06787330316742081,0.0,0.14027149321266968,0.05429864253393665,0.004524886877828055,0.00904977375565611,0.14479638009049775,0.09502262443438914,0.00904977375565611,0.027149321266968326,0.09049773755656108,0.01809954751131222,0.4816762416604892,0.032389398878609,0.0,0.0,0.6822916666666666,9.333333333333334,0.18363497778773308,32.0,29.5,14.95548951611637,11.855464076750408,1.34375,1.0,0.658725489740099,0.0,6.541666666666667,5.0,6.958083827862062,0.006460875807609476,0.006460875807609476,0.07753050969131371
Closure-138.json,Defects4J,0.8244315981864929,0.8194592595100403,0.8154457211494446,1.0,0.9932227730751038,0.8333333333333334,5.905000000000001,9.646666666666668,0.0,1.3333333333333333,0.0,6.0,0.0,0.0,0.0,0.0,0.0,0.0,0.0,0.0,0.05298664906710747,,6.416666666666668,59.745000000000005,9.066666666666666,22.666666666666664,5.166666666666667,31.0,1.0,1.0,6.0,6.0,0.17573592793231638,1.0544155675938982,0.0,0.0,0.0,0.0,0.0,0.16666666666666666,0.0,0.16666666666666666,0.0,0.0,0.0,0.3333333333333333,0.0,0.0,0.0,0.16666666666666666,0.0,0.6666666666666666,0.0,0.0,0.0,1.0,1.0,,6.0,6.0,0.0,,1.6666666666666667,1.5,0.7453559924999299,0.0,5.166666666666667,5.0,3.0230595245361758,0.0,0.0,0.0
Closure-46.json,Defects4J,0.8244315981864929,0.8194592595100403,0.8154457211494446,1.0,0.9932227730751038,0.8333333333333334,5.905000000000001,9.646666666666668,0.0,1.3333333333333333,0.0,6.0,0.0,0.0,0.0,0.0,0.0,0.0,0.0,0.0,0.05298664906710747,,6.416666666666668,59.745000000000005,9.066666666666666,22.666666666666664,5.166666666666667,31.0,1.0,1.0,6.0,6.0,0.17573592793231638,1.0544155675938982,0.0,0.0,0.0,0.0,0.0,0.16666666666666666,0.0,0.16666666666666666,0.0,0.0,0.0,0.3333333333333333,0.0,0.0,0.0,0.16666666666666666,0.0,0.6666666666666666,0.0,0.0,0.0,1.0,1.0,,6.0,6.0,0.0,,1.6666666666666667,1.5,0.7453559924999299,0.0,5.166666666666667,5.0,3.0230595245361758,0.0,0.0,0.0
Codec-6.json,Defects4J,0.7610759735107422,0.7597664793332418,0.7579740881919861,0.30959436297416687,1.1730486154556274,0.5296803652968036,30.39441233140655,29.87352601156069,0.0,2.7361921294624296,1.9922477397686835,219.0,0.050397877984084884,0.1419098143236074,0.1419098143236074,0.1419098143236074,0.1419098143236074,0.1419098143236074,0.1419098143236074,0.001326259946949602,2.271040646849517,0.15346678998321295,14.27580924855491,44.06743256262047,17.313680154142585,66.40558766859344,6.4840182648401825,1076.0,6.0,27.0,173.0,124.0,0.044244195867521874,9.68947889498729,0.0228310502283105,0.0502283105022831,0.0182648401826484,0.0182648401826484,0.0,0.0182648401826484,0.0,0.1004566210045662,0.0593607305936073,0.0,0.0182648401826484,0.2146118721461187,0.1643835616438356,0.0045662100456621,0.0365296803652968,0.0547945205479452,0.0410958904109589,0.3803773472850225,0.17162148074088007,0.0,0.0,0.7167630057803468,10.833333333333334,0.14236065419390798,28.833333333333332,12.0,29.784876848643997,14.790194502661404,1.5780346820809248,1.0,1.2073870219455196,0.014925373134328358,7.942196531791907,5.0,8.156497450902414,0.005968169761273209,0.0,0.0
Closure-11.json,Defects4J,0.8244315981864929,0.8194592595100403,0.8154457211494446,1.0,0.9932227730751038,0.8333333333333334,5.905000000000001,9.646666666666668,0.0,1.3333333333333333,0.0,6.0,0.0,0.0,0.0,0.0,0.0,0.0,0.0,0.0,0.05298664906710747,,6.416666666666668,59.745000000000005,9.066666666666666,22.666666666666664,5.166666666666667,31.0,1.0,1.0,6.0,6.0,0.17573592793231638,1.0544155675938982,0.0,0.0,0.0,0.0,0.0,0.16666666666666666,0.0,0.16666666666666666,0.0,0.0,0.0,0.3333333333333333,0.0,0.0,0.0,0.16666666666666666,0.0,0.6666666666666666,0.0,0.0,0.0,1.0,1.0,,6.0,6.0,0.0,,1.6666666666666667,1.5,0.7453559924999299,0.0,5.166666666666667,5.0,3.0230595245361758,0.0,0.0,0.0
JxPath-6.json,Defects4J,0.7356039881706238,0.7344307700792948,0.7331803441047668,0.15147876739501953,1.20477294921875,0.4900990099009901,26.99392156862745,24.584836601307185,0.0,2.789723839379012,0.898547124080405,202.0,0.09022556390977443,0.0,0.19047619047619047,0.020050125313283207,0.0,0.0,0.0,0.03592314118629908,2.988094496609074,0.5837928354740143,13.31132026143791,54.128941176470605,15.638692810457517,65.24052287581699,5.574257425742574,781.0,5.0,24.0,153.0,110.0,0.09825656601543503,19.847826335117876,0.024752475247524754,0.0297029702970297,0.01485148514851485,0.009900990099009901,0.0049504950495049506,0.034653465346534656,0.0,0.11386138613861387,0.04950495049504951,0.01485148514851485,0.01485148514851485,0.16336633663366337,0.1782178217821782,0.009900990099009901,0.034653465346534656,0.06930693069306931,0.0297029702970297,0.49597551873413936,0.049624439975952735,0.0,0.0,0.7189542483660131,10.6,0.5184301833311716,30.6,21.0,26.32565288839006,12.340626583579944,1.4379084967320261,1.0,0.7989377372280153,0.0,7.032679738562091,5.0,7.774954175224724,0.007518796992481203,0.08771929824561403,0.09022556390977443
Mockito-25.json,Defects4J,0.8273728489875793,0.8226843674977621,0.818372368812561,1.0,1.1956604719161987,0.8,3.678000000000001,6.504000000000001,0.0,1.2,0.0,5.0,0.0,0.0,0.0,0.0,0.0,0.0,0.0,0.0,0.05305602573781134,,2.879999999999999,83.32000000000004,10.0,25.0,4.8,24.0,1.0,1.0,5.0,5.0,0.21089774439461811,1.0544887219730905,0.0,0.0,0.0,0.0,0.0,0.2,0.0,0.2,0.0,0.0,0.0,0.2,0.0,0.0,0.0,0.2,0.0,0.6,0.0,0.0,0.0,1.0,1.0,,5.0,5.0,0.0,,1.4,1.0,0.8,0.0,4.8,4.0,3.3105890714493698,0.0,0.0,0.0
Jsoup-86.json,Defects4J,0.7922729253768921,0.7911717494328817,0.7895802855491638,0.1990065723657608,1.178074836730957,0.6906474820143885,22.727513736263738,28.060384615384617,0.0,2.487539246467818,0.45287556381287586,139.0,0.0,0.1851063829787234,0.1851063829787234,0.1851063829787234,0.1851063829787234,0.1851063829787234,0.1851063829787234,0.0,3.17950797131712,0.21963549521751702,13.57736263736264,24.181923076923084,14.78901098901099,45.62637362637363,6.115107913669065,849.0,7.0,45.0,104.0,65.0,0.17291312784083046,24.034924769875435,0.05755395683453238,0.02158273381294964,0.007194244604316547,0.1079136690647482,0.007194244604316547,0.014388489208633094,0.007194244604316547,0.1510791366906475,0.06474820143884892,0.02158273381294964,0.07913669064748201,0.09352517985611511,0.22302158273381295,0.02158273381294964,0.007194244604316547,0.06474820143884892,0.0,0.406124629338915,0.03418551374992747,0.0,0.0,0.625,4.571428571428571,0.058692507445812225,14.857142857142858,10.0,10.006120575907119,13.484332010920856,1.9807692307692308,1.0,2.023804344216268,0.02,7.798076923076923,4.0,9.511511050070924,0.06808510638297872,0.07234042553191489,0.09361702127659574
Jsoup-69.json,Defects4J,0.7989295721054077,0.7955611944198608,0.7935739159584045,0.20160244405269623,1.239202857017517,0.6018099547511312,21.5105625,23.84325,0.0,3.3050531711679154,1.689486361622753,221.0,0.05995388162951576,0.14757878554957723,0.22367409684857803,0.1614142966948501,0.14757878554957723,0.14757878554957723,0.14757878554957723,0.0,3.9300218603882815,0.4720887528798942,14.703750000000003,25.266250000000042,17.5,55.625,5.389140271493213,1191.0,8.0,37.0,160.0,95.0,0.23035335080390604,50.908090527663234,0.01809954751131222,0.03167420814479638,0.00904977375565611,0.02262443438914027,0.013574660633484163,0.03167420814479638,0.0,0.22624434389140272,0.027149321266968326,0.013574660633484163,0.02262443438914027,0.08597285067873303,0.28054298642533937,0.004524886877828055,0.01809954751131222,0.09954751131221719,0.013574660633484163,0.4239749524829268,0.08710519564144484,0.0,0.0,0.59375,7.125,0.3468584989507993,20.0,21.5,11.979148550710939,15.579741850924794,1.90625,1.0,1.4611505526467832,0.013888888888888888,6.99375,5.0,7.6219230472040325,0.013835511145272867,0.027671022290545733,0.01921598770176787
JacksonXml-5.json,Defects4J,0.7748523354530334,0.773525615533193,0.7715990543365479,0.1601780503988266,1.181028127670288,0.6698564593301436,29.63079840319361,29.507544910179636,0.0,3.7104869632854705,1.7182650228443537,209.0,0.006720430107526882,0.0,0.11760752688172044,0.10215053763440861,0.08602150537634409,0.08602150537634409,0.08602150537634409,0.0,3.7643497268583728,0.4950145184993744,19.218293413173658,6.851232534930148,19.99560878243513,68.55189620758483,6.507177033492823,1288.0,6.0,45.0,167.0,114.0,0.20639065447495833,43.13564678526629,0.09569377990430622,0.028708133971291867,0.014354066985645933,0.014354066985645933,0.03349282296650718,0.03827751196172249,0.0,0.16267942583732056,0.03827751196172249,0.009569377990430622,0.03827751196172249,0.09090909090909091,0.19138755980861244,0.014354066985645933,0.019138755980861243,0.10047846889952153,0.023923444976076555,0.4456195338658026,0.047371222475672194,0.0,0.0,0.6826347305389222,11.333333333333334,0.40664755180478096,27.833333333333332,25.5,18.898118660038328,17.315433740611066,2.029940119760479,1.0,1.8936551788892606,0.02,7.88622754491018,5.0,8.723578868993657,0.005376344086021506,0.0,0.0
Math-82.json,Defects4J,0.7507820129394531,0.7458925644556681,0.7423020601272583,0.16350923478603363,1.3013125658035278,0.2901849217638691,12.568511904761905,13.76388888888889,0.0,5.079870404343476,4.077699925052457,703.0,0.22512919896640826,0.24967700258397932,0.29295865633074936,0.2819767441860465,0.2768087855297158,0.2541989664082687,0.2541989664082687,0.018733850129198967,11.587629069753289,0.6587589973652804,9.036349206349207,62.33642857142857,12.438095238095238,41.611111111111114,4.093883357041252,2306.0,28.0,29.0,504.0,176.0,153.28089879364805,107756.47185193458,0.041251778093883355,0.00995732574679943,0.0,0.002844950213371266,0.0,0.01849217638691323,0.005689900426742532,0.1763869132290185,0.10384068278805121,0.004267425320056899,0.011379800853485065,0.12802275960170698,0.23470839260312945,0.001422475106685633,0.02702702702702703,0.02702702702702703,0.06827880512091039,0.36928100103923533,0.1162559214143904,0.0,0.0,0.3492063492063492,4.25,0.6432586802312961,18.0,13.0,19.730324738475904,11.899873341045819,1.492063492063492,1.0,1.175112502186133,0.0,5.307539682539683,2.0,8.006115141635405,0.05167958656330749,0.07364341085271318,0.09302325581395349
Csv-3.json,Defects4J,0.7391530871391296,0.7383870283762614,0.7370530962944031,0.5171480178833008,1.1997417211532593,0.6275862068965518,25.19929418407679,19.03288537549407,0.0,3.8536938304215163,1.1042838609751409,290.0,0.03387850467289719,0.0,0.04964953271028037,0.0,0.0,0.0,0.0,0.0,4.2910900063284,0.612679565946261,15.01638622247318,51.77687747035576,18.093506493506496,64.9966120835686,5.417241379310345,1206.0,7.0,69.0,253.0,155.0,0.251882916462227,73.04604577404582,0.034482758620689655,0.034482758620689655,0.010344827586206896,0.04827586206896552,0.006896551724137931,0.041379310344827586,0.0,0.13793103448275862,0.027586206896551724,0.03103448275862069,0.020689655172413793,0.15172413793103448,0.11379310344827587,0.02413793103448276,0.020689655172413793,0.07931034482758621,0.05172413793103448,0.4585765403356189,0.04041728611731406,0.0,0.0,0.6126482213438735,10.428571428571429,0.4264294862747192,36.142857142857146,26.0,21.52359881902766,13.484332010920856,1.3992094861660078,1.0,0.8772032495925808,0.0,6.063241106719367,4.0,7.2605349769389385,0.007009345794392523,0.014018691588785047,0.0
Lang-58.json,Defects4J,0.7450395822525024,0.7424001495043436,0.7409155964851379,0.24526236951351166,1.1396995782852173,0.5277777777777778,30.444372549019604,30.22988235294117,0.0,2.7487412202135437,0.6587967415622148,216.0,0.05760214333556597,0.0,0.05626255860683188,0.0,0.0,0.0,0.0,0.0,2.53802764471369,0.7018025040626525,13.992941176470591,45.204901960784355,16.03921568627451,61.27450980392156,6.527777777777778,1022.0,6.0,30.0,170.0,128.0,0.05858651297080713,12.65468680169434,0.018518518518518517,0.037037037037037035,0.004629629629629629,0.013888888888888888,0.004629629629629629,0.032407407407407406,0.0,0.12037037037037036,0.05555555555555555,0.004629629629629629,0.009259259259259259,0.18055555555555555,0.1712962962962963,0.013888888888888888,0.032407407407407406,0.07407407407407407,0.023148148148148147,0.511918347331233,0.04963000050301915,0.0,0.005649717514124294,0.7529411764705882,9.333333333333334,0.5865181609988213,28.333333333333332,25.5,11.756794725698931,13.5591,1.5705882352941176,1.0,1.4093238703812188,0.0,8.005882352941176,5.0,9.190466325506927,0.006028131279303416,0.006028131279303416,0.0
Csv-10.json,Defects4J,0.7344699501991272,0.7304893136024475,0.7284946441650391,0.29053282737731934,1.2365474700927734,0.5144230769230769,28.88331010452962,31.123902439024388,0.0,3.9012755102040813,2.0672043395953645,208.0,0.102880658436214,0.0,0.1262002743484225,0.0,0.0,0.0,0.0,0.04526748971193416,2.8935902609729363,0.4700092764105648,11.750801393728228,52.54402439024392,14.981184668989549,60.01393728222996,6.6923076923076925,935.0,7.0,33.0,164.0,121.0,0.08681743454009634,18.05802638434004,0.014423076923076924,0.03365384615384615,0.019230769230769232,0.03365384615384615,0.0,0.028846153846153848,0.0,0.09134615384615384,0.04326923076923077,0.004807692307692308,0.019230769230769232,0.1778846153846154,0.1875,0.009615384615384616,0.03365384615384615,0.0625,0.009615384615384616,0.4572278911564626,0.0773498292796584,0.0,0.0,0.7378048780487805,8.571428571428571,0.4217970669269562,23.428571428571427,21.0,12.726318543611479,13.484332010920856,1.5426829268292683,1.0,1.1653043659569213,0.01694915254237288,8.195121951219512,5.0,9.74046002868929,0.006172839506172839,0.006172839506172839,0.0
Closure-89.json,Defects4J,0.8244315981864929,0.8194592595100403,0.8154457211494446,1.0,0.9932227730751038,0.8333333333333334,5.905000000000001,9.646666666666668,0.0,1.3333333333333333,0.0,6.0,0.0,0.0,0.0,0.0,0.0,0.0,0.0,0.0,0.05298664906710747,,6.416666666666668,59.745000000000005,9.066666666666666,22.666666666666664,5.166666666666667,31.0,1.0,1.0,6.0,6.0,0.17573592793231638,1.0544155675938982,0.0,0.0,0.0,0.0,0.0,0.16666666666666666,0.0,0.16666666666666666,0.0,0.0,0.0,0.3333333333333333,0.0,0.0,0.0,0.16666666666666666,0.0,0.6666666666666666,0.0,0.0,0.0,1.0,1.0,,6.0,6.0,0.0,,1.6666666666666667,1.5,0.7453559924999299,0.0,5.166666666666667,5.0,3.0230595245361758,0.0,0.0,0.0
Compress-15.json,Defects4J,0.7720801830291748,0.7708626786867777,0.7685462236404419,0.38778334856033325,1.1727917194366455,0.6923076923076923,19.07405238828968,19.993898305084752,0.0,2.8893479703825777,1.3217621886401396,273.0,0.03905325443786982,0.0,0.05680473372781065,0.05680473372781065,0.0,0.0,0.0,0.0,5.471245906767674,0.4451482564210892,8.72727272727273,70.7052465331279,11.124191063174115,49.420647149460706,5.622710622710622,1208.0,11.0,87.0,236.0,145.0,0.8709019428635035,237.75623040173647,0.014652014652014652,0.04395604395604396,0.02564102564102564,0.06227106227106227,0.018315018315018316,0.06593406593406594,0.0,0.13186813186813187,0.03296703296703297,0.029304029304029304,0.054945054945054944,0.12087912087912088,0.09157509157509157,0.02197802197802198,0.02197802197802198,0.0989010989010989,0.014652014652014652,0.48682554117755994,0.12476237233871529,0.0,0.0,0.614406779661017,6.0,0.25324566496743095,21.454545454545453,16.0,15.819226715749968,9.80015041476705,1.3516949152542372,1.0,0.8873148458900353,0.010050251256281407,6.322033898305085,4.0,7.031263545743279,0.0053254437869822485,0.0053254437869822485,0.0
Closure-118.json,Defects4J,0.8244315981864929,0.8194592595100403,0.8154457211494446,1.0,0.9932227730751038,0.8333333333333334,5.905000000000001,9.646666666666668,0.0,1.3333333333333333,0.0,6.0,0.0,0.0,0.0,0.0,0.0,0.0,0.0,0.0,0.05298664906710747,,6.416666666666668,59.745000000000005,9.066666666666666,22.666666666666664,5.166666666666667,31.0,1.0,1.0,6.0,6.0,0.17573592793231638,1.0544155675938982,0.0,0.0,0.0,0.0,0.0,0.16666666666666666,0.0,0.16666666666666666,0.0,0.0,0.0,0.3333333333333333,0.0,0.0,0.0,0.16666666666666666,0.0,0.6666666666666666,0.0,0.0,0.0,1.0,1.0,,6.0,6.0,0.0,,1.6666666666666667,1.5,0.7453559924999299,0.0,5.166666666666667,5.0,3.0230595245361758,0.0,0.0,0.0
Closure-66.json,Defects4J,0.8244315981864929,0.8194592595100403,0.8154457211494446,1.0,0.9932227730751038,0.8333333333333334,5.905000000000001,9.646666666666668,0.0,1.3333333333333333,0.0,6.0,0.0,0.0,0.0,0.0,0.0,0.0,0.0,0.0,0.05298664906710747,,6.416666666666668,59.745000000000005,9.066666666666666,22.666666666666664,5.166666666666667,31.0,1.0,1.0,6.0,6.0,0.17573592793231638,1.0544155675938982,0.0,0.0,0.0,0.0,0.0,0.16666666666666666,0.0,0.16666666666666666,0.0,0.0,0.0,0.3333333333333333,0.0,0.0,0.0,0.16666666666666666,0.0,0.6666666666666666,0.0,0.0,0.0,1.0,1.0,,6.0,6.0,0.0,,1.6666666666666667,1.5,0.7453559924999299,0.0,5.166666666666667,5.0,3.0230595245361758,0.0,0.0,0.0
JacksonDatabind-28.json,Defects4J,0.7681294083595276,0.7666810750961304,0.7640285491943359,0.1838294416666031,1.1988815069198608,0.5109649122807017,36.52216033966034,40.509740259740255,0.0,4.158553312872199,2.612829594245081,456.0,0.026737967914438502,0.0368389780154486,0.23321449792038026,0.10160427807486631,0.10160427807486631,0.052881758764111705,0.052881758764111705,0.0,7.53012944641852,0.6615396911899248,21.272727272727277,-15.253601398601376,19.347052947052948,66.54945054945054,6.951754385964913,2906.0,13.0,55.0,308.0,151.0,4.086286604169724,1863.3466915013944,0.04824561403508772,0.07456140350877193,0.013157894736842105,0.008771929824561403,0.0043859649122807015,0.008771929824561403,0.0021929824561403508,0.10964912280701754,0.03728070175438596,0.006578947368421052,0.006578947368421052,0.16228070175438597,0.3157894736842105,0.0043859649122807015,0.0021929824561403508,0.05482456140350877,0.013157894736842105,0.43639308232187496,0.039067977622471405,0.0,0.030303030303030304,0.4902597402597403,10.153846153846153,0.6152301349423148,23.692307692307693,15.0,21.200089315430926,16.941846955676066,2.340909090909091,1.0,2.8348506828990025,0.008,9.78896103896104,6.0,13.307707276106353,0.03594771241830065,0.035650623885918005,0.06387403446226976
Jsoup-6.json,Defects4J,0.7926605343818665,0.7904251416524252,0.7889114618301392,0.3837169408798218,1.113049864768982,0.7049180327868853,35.59183673469388,45.32367346938774,0.0,2.5729399585921326,1.5333644270781108,122.0,0.0,0.11120764552562988,0.2050390964378801,0.11120764552562988,0.11120764552562988,0.11120764552562988,0.11120764552562988,0.0,2.827943797124351,0.610582923250539,20.734438775510203,-31.774260204081628,17.144897959183677,55.107142857142854,8.87704918032787,1083.0,8.0,27.0,98.0,60.0,0.13861191243587312,16.91065331717652,0.02459016393442623,0.09016393442622951,0.0,0.03278688524590164,0.00819672131147541,0.0,0.0,0.1557377049180328,0.04918032786885246,0.0,0.03278688524590164,0.14754098360655737,0.1885245901639344,0.04918032786885246,0.00819672131147541,0.09016393442622951,0.040983606557377046,0.47085403726708075,0.04793059234371781,0.0,0.0,0.6122448979591837,5.25,0.6100900260110697,12.25,6.0,11.723374087693355,14.191785591663535,2.673469387755102,1.0,2.7618963841567252,0.022727272727272728,10.806122448979592,5.0,13.085790832016686,0.020851433536055605,0.02432667245873154,0.06602953953084274
Jsoup-49.json,Defects4J,0.7664706110954285,0.7664042909940084,0.7662762999534607,0.41433075070381165,1.2282546758651733,0.550314465408805,30.106944444444444,25.24555555555555,0.0,4.970157808907155,3.6411830940034666,318.0,0.0,0.0706401766004415,0.14955849889624723,0.10816777041942605,0.10816777041942605,0.0706401766004415,0.0706401766004415,0.0,5.765128605434713,0.34478860795497895,19.646296296296295,18.328333333333347,21.066666666666666,73.03703703703704,5.160377358490566,1485.0,6.0,55.0,216.0,127.0,1.003081962164431,318.980063968289,0.05345911949685535,0.03773584905660377,0.009433962264150943,0.015723270440251572,0.012578616352201259,0.02830188679245283,0.0,0.16981132075471697,0.02830188679245283,0.006289308176100629,0.025157232704402517,0.0880503144654088,0.32075471698113206,0.015723270440251572,0.0031446540880503146,0.07547169811320754,0.031446540880503145,0.47044623232950783,0.1441746057798408,0.0,0.0,0.5879629629629629,13.333333333333334,0.2847086312249303,36.0,22.0,36.51483716701107,17.122413403193683,1.7962962962962963,1.0,1.6929005311904186,0.010416666666666666,7.12037037037037,5.0,7.590463793706319,0.012141280353200883,0.01545253863134658,0.04304635761589404
Collections-18.json,Defects4J,0.7315283417701721,0.7266539533933004,0.7224628925323486,0.21433328092098236,1.2042512893676758,0.5364667747163695,23.524740259740263,20.13532467532467,0.0,3.9618015194676928,2.36705683326124,617.0,0.026482094492928078,0.0367138128197412,0.1724345470959976,0.11977129100210653,0.09027986758952754,0.06139030996087872,0.0367138128197412,0.0006018657839301836,13.408907583266519,0.5090888664126396,14.888233766233768,43.17949350649354,17.947705627705627,61.10303030303031,4.954619124797407,2512.0,15.0,144.0,462.0,220.0,1079.2682663804715,665908.5203567509,0.03565640194489465,0.03565640194489465,0.01620745542949757,0.03727714748784441,0.009724473257698542,0.05672609400324149,0.0016207455429497568,0.12479740680713128,0.03079416531604538,0.006482982171799027,0.03079416531604538,0.10210696920583469,0.233387358184765,0.017828200972447326,0.014586709886547812,0.06482982171799027,0.022690437601296597,0.4747294310796126,0.07407833162941438,0.0,0.004484304932735426,0.47619047619047616,9.333333333333334,0.48551199527887196,30.8,21.0,20.588670023421457,15.021129683784007,1.5649350649350648,1.0,1.2074372238187339,0.0,6.274891774891775,4.0,7.327539340085123,0.0066205236232320195,0.013241047246464039,0.02527836292506771
JacksonDatabind-90.json,Defects4J,0.7872884273529053,0.7851170301437378,0.7829954624176025,0.19291289150714874,1.1778792142868042,0.5349462365591398,37.97329545454546,42.145303030303026,0.0,3.791852721239614,3.5713890626076727,372.0,0.009592326139088728,0.0,0.10140459061322371,0.03905447070914697,0.03905447070914697,0.0,0.0,0.0,5.873627585824801,0.6335692226886749,24.834393939393944,-40.24090909090907,19.448484848484853,69.07575757575758,7.446236559139785,2597.0,11.0,31.0,264.0,159.0,0.9557429637535608,355.53638251632464,0.056451612903225805,0.043010752688172046,0.002688172043010753,0.010752688172043012,0.010752688172043012,0.005376344086021506,0.0,0.18010752688172044,0.01881720430107527,0.010752688172043012,0.0,0.1478494623655914,0.271505376344086,0.0,0.002688172043010753,0.06182795698924731,0.0456989247311828,0.4835896655135556,0.08636988947829763,0.0,0.0,0.6022727272727273,10.818181818181818,0.5959753427240584,24.0,10.0,28.012984002552688,17.015998829145012,2.632575757575758,1.0,3.5554907646616276,0.013824884792626729,10.06439393939394,6.0,14.787113721360507,0.004796163069544364,0.010277492291880781,0.04933196300102775
Closure-31.json,Defects4J,0.8244315981864929,0.8194592595100403,0.8154457211494446,1.0,0.9932227730751038,0.8333333333333334,5.905000000000001,9.646666666666668,0.0,1.3333333333333333,0.0,6.0,0.0,0.0,0.0,0.0,0.0,0.0,0.0,0.0,0.05298664906710747,,6.416666666666668,59.745000000000005,9.066666666666666,22.666666666666664,5.166666666666667,31.0,1.0,1.0,6.0,6.0,0.17573592793231638,1.0544155675938982,0.0,0.0,0.0,0.0,0.0,0.16666666666666666,0.0,0.16666666666666666,0.0,0.0,0.0,0.3333333333333333,0.0,0.0,0.0,0.16666666666666666,0.0,0.6666666666666666,0.0,0.0,0.0,1.0,1.0,,6.0,6.0,0.0,,1.6666666666666667,1.5,0.7453559924999299,0.0,5.166666666666667,5.0,3.0230595245361758,0.0,0.0,0.0
Compress-42.json,Defects4J,0.7672725915908813,0.7649870117505392,0.7632634043693542,0.3131357729434967,1.184342861175537,0.5961538461538461,27.516270871985164,19.541678004535147,0.0,3.746982777008526,2.2509124035453736,572.0,0.021725239616613417,0.030031948881789138,0.1463258785942492,0.07156549520766774,0.04600638977635783,0.030031948881789138,0.030031948881789138,0.0,10.0756315751297,0.4321988239884377,17.303957946815093,42.40803339517626,20.027293341579057,69.3426097711812,4.961538461538462,2446.0,11.0,109.0,441.0,233.0,41.5331782508417,23756.977959481454,0.04895104895104895,0.038461538461538464,0.008741258741258742,0.027972027972027972,0.015734265734265736,0.05419580419580419,0.0,0.16433566433566432,0.045454545454545456,0.01048951048951049,0.017482517482517484,0.12412587412587413,0.1958041958041958,0.008741258741258742,0.02097902097902098,0.07167832167832168,0.019230769230769232,0.44642734366161924,0.07530709306440471,0.0,0.0,0.528344671201814,11.727272727272727,0.4082659375336435,40.09090909090909,32.0,42.03127525038413,14.554592549557764,1.4625850340136055,1.0,1.0385239973680687,0.0,6.136054421768708,5.0,6.217858256921005,0.01437699680511182,0.012779552715654952,0.01437699680511182
Math-1.json,Defects4J,0.7441268563270569,0.7419250806172689,0.7405060529708862,0.21777859330177307,1.1948564052581787,0.5544554455445545,30.673352941176475,27.152705882352937,0.0,2.928691202090592,0.5866723184394447,202.0,0.06218365871294288,0.0,0.03181489515545915,0.0,0.0,0.0,0.0,0.0,2.318106725315701,0.6906352788209915,14.675882352941176,50.40147058823533,17.6,66.94117647058823,6.430693069306931,911.0,5.0,33.0,170.0,119.0,0.05027934250151722,10.156427185306478,0.0297029702970297,0.0594059405940594,0.01485148514851485,0.019801980198019802,0.0049504950495049506,0.04950495049504951,0.0,0.12871287128712872,0.0594059405940594,0.0049504950495049506,0.0049504950495049506,0.18316831683168316,0.11386138613861387,0.0049504950495049506,0.034653465346534656,0.054455445544554455,0.019801980198019802,0.49848649825783975,0.022680817374347392,0.0,0.0,0.7,11.2,0.6485704978307089,34.0,35.0,13.251415018781957,13.662883650711645,1.4411764705882353,1.0,1.0789749075910307,0.0,7.452941176470588,5.0,8.789741189193819,0.006507592190889371,0.006507592190889371,0.0
Lang-7.json,Defects4J,0.7620861530303955,0.7614103754361471,0.7605370283126831,0.20135201513767242,1.1557732820510864,0.5982905982905983,25.70637593984962,25.012210526315787,0.0,3.2840037438192473,2.7379330779442115,234.0,0.043593130779392336,0.0,0.0,0.0,0.0,0.0,0.0,0.0,4.251822220525707,0.27872673235833645,12.633609022556392,52.83026315789478,15.278195488721805,59.774436090225564,5.987179487179487,1074.0,7.0,52.0,190.0,136.0,0.3001422065420361,70.23327633083645,0.021367521367521368,0.06837606837606838,0.017094017094017096,0.029914529914529916,0.008547008547008548,0.04700854700854701,0.0,0.11965811965811966,0.042735042735042736,0.01282051282051282,0.017094017094017096,0.1581196581196581,0.1452991452991453,0.01282051282051282,0.029914529914529916,0.07692307692307693,0.021367521367521368,0.4362194956414035,0.1838291906055352,0.0,0.0,0.7157894736842105,8.857142857142858,0.2235665019165026,27.142857142857142,18.0,21.589869128357215,13.023866798666859,1.4947368421052631,1.0,1.1227192948188112,0.013245033112582781,7.126315789473685,5.0,7.877672786544003,0.0059445178335535,0.0059445178335535,0.0
Lang-19.json,Defects4J,0.7674579620361328,0.7661637663841248,0.7648311853408813,0.3222791850566864,1.1480201482772827,0.46987951807228917,39.40147540983607,40.133770491803276,0.0,4.646290758461811,3.3194110677354898,249.0,0.04184100418410042,0.0,0.14644351464435146,0.0502092050209205,0.0,0.0,0.0,0.002615062761506276,3.172425530327653,0.5359408497810364,19.32467213114754,10.838155737704938,18.101639344262296,69.29781420765028,7.377510040160643,1493.0,6.0,22.0,183.0,126.0,0.09584457919871878,23.865300220480975,0.008032128514056224,0.04417670682730924,0.004016064257028112,0.004016064257028112,0.008032128514056224,0.024096385542168676,0.0,0.1285140562248996,0.06827309236947791,0.0,0.004016064257028112,0.18072289156626506,0.2248995983935743,0.008032128514056224,0.028112449799196786,0.04819277108433735,0.01606425702811245,0.4598883572567783,0.04791495690032753,0.0,0.0,0.6885245901639344,11.833333333333334,0.47491494566202164,30.5,33.0,20.36950334855189,15.247664890283005,1.9508196721311475,1.0,2.4478800653782846,0.007518796992481203,9.6775956284153,5.0,13.15896464404211,0.012552301255230125,0.01307531380753138,0.09414225941422594
JacksonDatabind-86.json,Defects4J,0.8048600554466248,0.8015290300051371,0.799235999584198,0.443534791469574,1.1939201354980469,0.7453416149068323,25.98339416058394,21.148029197080287,0.0,3.353663357234786,0.7018026295921825,161.0,0.0,0.0,0.09931840311587146,0.09931840311587146,0.09931840311587146,0.09931840311587146,0.0,0.0,2.628305490686153,0.45072097579638165,18.69742700729927,22.01431569343069,22.16715328467153,67.82664233576642,5.645962732919255,909.0,4.0,38.0,137.0,88.0,0.08602658743399577,13.850280576873319,0.049689440993788817,0.055900621118012424,0.018633540372670808,0.043478260869565216,0.018633540372670808,0.049689440993788817,0.0,0.2608695652173913,0.06832298136645963,0.0,0.012422360248447204,0.09937888198757763,0.13043478260869565,0.031055900621118012,0.006211180124223602,0.08074534161490683,0.024844720496894408,0.47192958264386836,0.04876099149059455,0.0,0.0,0.6423357664233577,11.5,0.444140762090683,34.25,34.0,14.566657131957214,18.511140095513987,1.7737226277372262,1.0,1.656628802344707,0.015267175572519083,6.430656934306569,4.0,7.373057700873371,0.03894839337877313,0.0,0.0
Mockito-13.json,Defects4J,0.8273728489875793,0.8226843674977621,0.818372368812561,1.0,1.1956604719161987,0.8,3.678000000000001,6.504000000000001,0.0,1.2,0.0,5.0,0.0,0.0,0.0,0.0,0.0,0.0,0.0,0.0,0.05305602573781134,,2.879999999999999,83.32000000000004,10.0,25.0,4.8,24.0,1.0,1.0,5.0,5.0,0.21089774439461811,1.0544887219730905,0.0,0.0,0.0,0.0,0.0,0.2,0.0,0.2,0.0,0.0,0.0,0.2,0.0,0.0,0.0,0.2,0.0,0.6,0.0,0.0,0.0,1.0,1.0,,5.0,5.0,0.0,,1.4,1.0,0.8,0.0,4.8,4.0,3.3105890714493698,0.0,0.0,0.0
Closure-159.json,Defects4J,0.8244315981864929,0.8194592595100403,0.8154457211494446,1.0,0.9932227730751038,0.8333333333333334,5.905000000000001,9.646666666666668,0.0,1.3333333333333333,0.0,6.0,0.0,0.0,0.0,0.0,0.0,0.0,0.0,0.0,0.05298664906710747,,6.416666666666668,59.745000000000005,9.066666666666666,22.666666666666664,5.166666666666667,31.0,1.0,1.0,6.0,6.0,0.17573592793231638,1.0544155675938982,0.0,0.0,0.0,0.0,0.0,0.16666666666666666,0.0,0.16666666666666666,0.0,0.0,0.0,0.3333333333333333,0.0,0.0,0.0,0.16666666666666666,0.0,0.6666666666666666,0.0,0.0,0.0,1.0,1.0,,6.0,6.0,0.0,,1.6666666666666667,1.5,0.7453559924999299,0.0,5.166666666666667,5.0,3.0230595245361758,0.0,0.0,0.0
JacksonDatabind-69.json,Defects4J,0.7725762724876404,0.7697442571322123,0.7677357792854309,0.2667943835258484,1.1703417301177979,0.5517751479289941,42.41092165314401,53.21198275862068,0.0,3.51754440827977,3.4291477134606914,676.0,0.0037680209698558323,0.0,0.23574705111402358,0.028505897771952816,0.010157273918741808,0.0,0.0,0.0,15.146015933574908,0.7594174155683229,25.48838742393509,-63.369350912778884,19.25192697768763,56.75050709939148,8.631656804733728,5720.0,34.0,112.0,464.0,219.0,5596.08686036793,3782954.7176087205,0.04585798816568047,0.08136094674556213,0.005917159763313609,0.01775147928994083,0.008875739644970414,0.020710059171597635,0.0,0.11538461538461539,0.038461538461538464,0.005917159763313609,0.008875739644970414,0.14792899408284024,0.3047337278106509,0.0073964497041420114,0.005917159763313609,0.04437869822485207,0.01775147928994083,0.47138237029760516,0.08506390403098382,0.0,0.0,0.47198275862068967,5.882352941176471,0.735325255067437,13.647058823529411,5.0,15.269890313064147,15.521786647896054,3.0301724137931036,1.0,3.523803779117356,0.0078125,12.105603448275861,6.0,15.980714766975737,0.02490170380078637,0.030307994757536042,0.03391218872870249
Closure-27.json,Defects4J,0.8244315981864929,0.8194592595100403,0.8154457211494446,1.0,0.9932227730751038,0.8333333333333334,5.905000000000001,9.646666666666668,0.0,1.3333333333333333,0.0,6.0,0.0,0.0,0.0,0.0,0.0,0.0,0.0,0.0,0.05298664906710747,,6.416666666666668,59.745000000000005,9.066666666666666,22.666666666666664,5.166666666666667,31.0,1.0,1.0,6.0,6.0,0.17573592793231638,1.0544155675938982,0.0,0.0,0.0,0.0,0.0,0.16666666666666666,0.0,0.16666666666666666,0.0,0.0,0.0,0.3333333333333333,0.0,0.0,0.0,0.16666666666666666,0.0,0.6666666666666666,0.0,0.0,0.0,1.0,1.0,,6.0,6.0,0.0,,1.6666666666666667,1.5,0.7453559924999299,0.0,5.166666666666667,5.0,3.0230595245361758,0.0,0.0,0.0
Time-9.json,Defects4J,0.8070864677429199,0.8051149050394694,0.8019605278968811,0.19481372833251953,1.177873134613037,0.821917808219178,21.40407692307692,25.70953846153846,0.0,2.455614657210402,0.7988984798862719,73.0,0.0,0.0,0.08839779005524862,0.08839779005524862,0.08839779005524862,0.0,0.0,0.0,1.4537421574316105,0.35770825544993085,14.165961538461541,22.44278846153847,15.115384615384617,48.55769230769231,6.671232876712328,487.0,4.0,20.0,65.0,52.0,0.058617775998370196,4.2790976478810245,0.0821917808219178,0.0410958904109589,0.0136986301369863,0.0273972602739726,0.0136986301369863,0.0821917808219178,0.0,0.1643835616438356,0.0958904109589041,0.0136986301369863,0.0273972602739726,0.1780821917808219,0.0547945205479452,0.0,0.0547945205479452,0.1232876712328767,0.0,0.4424940898345153,0.03675662061674999,0.0,0.0,0.8,5.25,0.3179491311311722,16.25,10.0,14.566657131957214,13.81666964889586,1.9846153846153847,1.0,1.835481975623906,0.031746031746031744,7.369230769230769,5.0,7.950944270519031,0.027624309392265192,0.03314917127071823,0.049723756906077346
JacksonDatabind-2.json,Defects4J,0.7749664783477783,0.7727627158164978,0.7700337171554565,0.2942403554916382,1.1904923915863037,0.6341463414634146,21.711688963210698,23.41188405797101,0.0,3.4413993170572117,2.4561519585242433,369.0,0.062301045929968164,0.12369258753979082,0.16371077762619374,0.16371077762619374,0.16371077762619374,0.16371077762619374,0.12369258753979082,0.0,7.791353335574053,0.3347831207017104,13.938550724637683,32.94446488294315,16.318394648829432,54.20178372352285,5.425474254742547,1899.0,13.0,84.0,276.0,172.0,6.557154158534795,2419.5898844993394,0.051490514905149054,0.056910569105691054,0.02981029810298103,0.024390243902439025,0.016260162601626018,0.02710027100271003,0.0,0.17886178861788618,0.02981029810298103,0.01084010840108401,0.03523035230352303,0.1002710027100271,0.23848238482384823,0.01084010840108401,0.005420054200542005,0.07046070460704607,0.016260162601626018,0.4135721959102526,0.05909466134908037,0.0,0.0,0.6231884057971014,7.0,0.31253223053433676,21.23076923076923,13.0,18.803247862470858,14.772240535888997,1.8007246376811594,1.0,1.491570341484398,0.00823045267489712,6.905797101449275,4.0,7.021073538996127,0.009095043201455207,0.030013642564802184,0.007276034561164165
Closure-70.json,Defects4J,0.8244315981864929,0.8194592595100403,0.8154457211494446,1.0,0.9932227730751038,0.8333333333333334,5.905000000000001,9.646666666666668,0.0,1.3333333333333333,0.0,6.0,0.0,0.0,0.0,0.0,0.0,0.0,0.0,0.0,0.05298664906710747,,6.416666666666668,59.745000000000005,9.066666666666666,22.666666666666664,5.166666666666667,31.0,1.0,1.0,6.0,6.0,0.17573592793231638,1.0544155675938982,0.0,0.0,0.0,0.0,0.0,0.16666666666666666,0.0,0.16666666666666666,0.0,0.0,0.0,0.3333333333333333,0.0,0.0,0.0,0.16666666666666666,0.0,0.6666666666666666,0.0,0.0,0.0,1.0,1.0,,6.0,6.0,0.0,,1.6666666666666667,1.5,0.7453559924999299,0.0,5.166666666666667,5.0,3.0230595245361758,0.0,0.0,0.0
Math-98.json,Defects4J,0.7358772158622742,0.7321531375249227,0.7287409901618958,0.25259751081466675,1.2320892810821533,0.5806451612903226,34.41014492753624,31.51826086956522,0.0,4.069735116500783,1.7870431132392353,248.0,0.1325366648560565,0.0,0.21510048886474742,0.049972840847365564,0.049972840847365564,0.0,0.0,0.06409560021727322,3.3843174587105853,0.3410768652334809,15.308478260869567,46.75663043478262,17.66473429951691,63.968599033816425,7.004032258064516,1106.0,6.0,47.0,207.0,138.0,0.11894295298968802,29.497852341442627,0.06048387096774194,0.05241935483870968,0.016129032258064516,0.028225806451612902,0.004032258064516129,0.04838709677419355,0.0,0.14919354838709678,0.036290322580645164,0.012096774193548387,0.012096774193548387,0.13709677419354838,0.10887096774193548,0.008064516129032258,0.024193548387096774,0.07258064516129033,0.03225806451612903,0.4463825919647168,0.04460872232891473,0.0,0.0,0.6666666666666666,10.166666666666666,0.22637184336781502,34.5,28.5,15.326991442115007,13.5591,1.4782608695652173,1.0,1.1328476664268292,0.012658227848101266,8.193236714975846,5.0,10.241591468315333,0.004888647474198805,0.004888647474198805,0.0
Lang-35.json,Defects4J,0.757235050201416,0.7554195920626322,0.7531942129135132,0.3943203389644623,1.2138696908950806,0.5781818181818181,22.37762790697675,24.0926511627907,0.0,3.2222691398436085,1.5713350501840728,275.0,0.051479289940828406,0.05562130177514793,0.08520710059171598,0.05562130177514793,0.05562130177514793,0.05562130177514793,0.05562130177514793,0.0,5.204423971863907,0.5314865459998449,10.357790697674421,59.09622093023259,13.437209302325583,54.52325581395349,5.709090909090909,1183.0,10.0,56.0,215.0,144.0,0.6620944061053767,182.0759616789786,0.04363636363636364,0.02181818181818182,0.01818181818181818,0.04363636363636364,0.007272727272727273,0.05090909090909091,0.0,0.12,0.03272727272727273,0.01818181818181818,0.01818181818181818,0.13454545454545455,0.16,0.01090909090909091,0.02181818181818182,0.09090909090909091,0.03636363636363636,0.4529856857090899,0.08615665950362983,0.0,0.0,0.6697674418604651,7.1,0.3444159853970632,21.5,20.5,11.377609590770813,12.340626583579944,1.4883720930232558,1.0,0.978182772269777,0.0,7.018604651162791,5.0,7.913463823188213,0.004733727810650888,0.014201183431952662,0.015976331360946745
JacksonCore-5.json,Defects4J,0.772955060005188,0.7722933689753214,0.7719103693962097,0.2579086422920227,1.1822582483291626,0.6715867158671587,16.486375062845653,15.001990950226244,0.0,3.2133078560102732,1.3815636877220405,271.0,0.006258692628650904,0.0,0.059805285118219746,0.059805285118219746,0.059805285118219746,0.0,0.0,0.0,5.106389982528853,0.43879868276417255,12.087119155354454,52.140070387129214,15.071091000502769,52.15736551030669,4.642066420664206,1129.0,9.0,85.0,221.0,137.0,0.609126790505845,165.07336022708398,0.04797047970479705,0.04059040590405904,0.01845018450184502,0.055350553505535055,0.01107011070110701,0.055350553505535055,0.0036900369003690036,0.16974169741697417,0.04797047970479705,0.01107011070110701,0.07380073800738007,0.08487084870848709,0.16605166051660517,0.03690036900369004,0.0036900369003690036,0.07749077490774908,0.014760147601476014,0.4199603809989619,0.06787370427826216,0.0,0.0,0.6199095022624435,6.777777777777778,0.29622913737382206,24.555555555555557,22.0,16.180311156952527,13.383793397009324,1.5339366515837105,1.0,1.1235759717583722,0.009950248756218905,5.4434389140271495,4.0,5.2436313392375435,0.005563282336578581,0.0,0.0
Math-77.json,Defects4J,0.745218813419342,0.7434071898460388,0.7422236204147339,0.28453680872917175,1.290687918663025,0.508274231678487,28.785949367088605,21.484556962025312,0.0,4.071599216729074,1.7975789149587966,423.0,0.07804459691252144,0.08833619210977701,0.13679245283018868,0.10077186963979416,0.08833619210977701,0.08833619210977701,0.08833619210977701,0.0008576329331046312,6.132310527419836,0.6786026571478162,16.730822784810133,45.46465189873419,20.483544303797473,70.5126582278481,5.087470449172577,1603.0,8.0,71.0,316.0,182.0,1.0886499475895242,460.4989278303687,0.0591016548463357,0.04018912529550828,0.014184397163120567,0.02127659574468085,0.009456264775413711,0.05673758865248227,0.0,0.1536643026004728,0.03309692671394799,0.0070921985815602835,0.016548463356973995,0.11347517730496454,0.2293144208037825,0.0070921985815602835,0.018912529550827423,0.0425531914893617,0.009456264775413711,0.48912291183003687,0.04715207379217447,0.0,0.0,0.5759493670886076,12.25,0.6129393180211385,39.5,36.5,20.19282050630867,15.414825405933506,1.4335443037974684,1.0,0.8923096726107153,0.0,6.468354430379747,5.0,6.605205931185374,0.010291595197255575,0.022298456260720412,0.03344768439108062
JacksonDatabind-45.json,Defects4J,0.7840466499328613,0.7801684935887655,0.7778646349906921,0.2952880859375,1.1763635873794556,0.6914739884393064,13.236127214431455,15.830689941812132,0.0,2.243019186647272,0.7554129283012738,1384.0,0.24831102613129383,0.4367112810707457,0.45748884639898024,0.4564690885914595,0.4564690885914595,0.441427660930529,0.4367112810707457,0.1950286806883365,31.550862671565742,0.40804205146177036,6.393391197331351,77.0520856948538,9.341619976033941,43.71980222603664,5.091763005780347,6332.0,77.0,451.0,1203.0,398.0,36410736809.47686,50392459744315.98,0.03395953757225433,0.05852601156069364,0.04190751445086705,0.0476878612716763,0.010115606936416185,0.0708092485549133,0.025289017341040464,0.15245664739884393,0.04407514450867052,0.01878612716763006,0.04552023121387283,0.052745664739884394,0.11560693641618497,0.015173410404624277,0.00939306358381503,0.11560693641618497,0.001445086705202312,0.4668106101913509,0.07156910026105888,0.0,0.0015625,0.33083956774729845,4.3896103896103895,0.41615186534821985,15.623376623376624,10.0,13.358239794845591,9.40738530441524,1.346633416458853,1.0,0.8593787822522839,0.01383399209486166,5.701579384871155,4.0,5.320787430956724,0.005863607393244105,0.006883365200764819,0.010325047801147227
Closure-175.json,Defects4J,0.8244315981864929,0.8194592595100403,0.8154457211494446,1.0,0.9932227730751038,0.8333333333333334,5.905000000000001,9.646666666666668,0.0,1.3333333333333333,0.0,6.0,0.0,0.0,0.0,0.0,0.0,0.0,0.0,0.0,0.05298664906710747,,6.416666666666668,59.745000000000005,9.066666666666666,22.666666666666664,5.166666666666667,31.0,1.0,1.0,6.0,6.0,0.17573592793231638,1.0544155675938982,0.0,0.0,0.0,0.0,0.0,0.16666666666666666,0.0,0.16666666666666666,0.0,0.0,0.0,0.3333333333333333,0.0,0.0,0.0,0.16666666666666666,0.0,0.6666666666666666,0.0,0.0,0.0,1.0,1.0,,6.0,6.0,0.0,,1.6666666666666667,1.5,0.7453559924999299,0.0,5.166666666666667,5.0,3.0230595245361758,0.0,0.0,0.0
Jsoup-73.json,Defects4J,0.8123900294303894,0.8088971773783366,0.8031637072563171,0.1551448255777359,1.201314091682434,0.837037037037037,20.046750000000003,19.765666666666664,0.0,2.3052272727272727,1.092269417011592,135.0,0.0,0.14645308924485126,0.2471395881006865,0.2471395881006865,0.2471395881006865,0.14645308924485126,0.14645308924485126,0.0,2.8514005405932266,0.389861274510622,12.945,45.00000000000003,15.600000000000001,59.833333333333336,5.674074074074074,765.0,5.0,45.0,120.0,75.0,0.12823711884320788,17.312011043833063,0.037037037037037035,0.037037037037037035,0.014814814814814815,0.1037037037037037,0.02962962962962963,0.022222222222222223,0.0,0.1925925925925926,0.044444444444444446,0.007407407407407408,0.08148148148148149,0.08888888888888889,0.1111111111111111,0.044444444444444446,0.007407407407407408,0.13333333333333333,0.0,0.5154545454545454,0.10466791246999456,0.0,0.0,0.625,8.6,0.3708457847436269,24.0,22.0,19.51409746824075,13.968273953766033,1.625,1.0,1.2520816001097266,0.017543859649122806,6.258333333333334,4.0,6.175888375142658,0.059496567505720827,0.06407322654462243,0.08695652173913043
Collections-22.json,Defects4J,0.7616475820541382,0.7606936494509379,0.7601799368858337,0.3011694550514221,1.1877093315124512,0.5698924731182796,27.35,29.906666666666663,0.0,3.02753367003367,2.302779676908678,279.0,0.03425357873210634,0.0,0.04294478527607362,0.0,0.0,0.0,0.0,0.0010224948875255625,4.706255014197954,0.3920805636379454,12.628360360360357,44.064162162162205,14.285405405405406,55.53333333333333,6.577060931899641,1464.0,10.0,48.0,222.0,153.0,0.3965485624412028,110.63704892109558,0.025089605734767026,0.053763440860215055,0.017921146953405017,0.014336917562724014,0.0,0.04659498207885305,0.0035842293906810036,0.15770609318996415,0.05017921146953405,0.0,0.025089605734767026,0.14336917562724014,0.17204301075268819,0.014336917562724014,0.025089605734767026,0.05734767025089606,0.017921146953405017,0.4132239057239057,0.16841026473658324,0.0,0.0,0.6891891891891891,7.4,0.31154376931954175,22.2,15.5,19.898743678936114,13.023866798666859,1.6576576576576576,1.0,1.5711102145378417,0.005747126436781609,8.0,5.0,9.559203856931726,0.0081799591002045,0.004601226993865031,0.0
Time-20.json,Defects4J,0.7703115940093994,0.7686520218849182,0.7662190794944763,0.22266064584255219,1.2567721605300903,0.5142857142857142,22.564472049689442,22.539710144927536,0.0,2.911542843802161,2.1240180053530584,490.0,0.01847063169560399,0.0,0.13816032508311785,0.0842260805319542,0.04469892870336165,0.0,0.0,0.0,7.724157095337399,0.5629881597482241,16.59462732919255,19.979021739130474,17.625258799171842,51.30952380952381,5.030612244897959,2451.0,14.0,58.0,345.0,148.0,4.617030290887624,2262.3448425349357,0.05510204081632653,0.0326530612244898,0.01020408163265306,0.014285714285714285,0.024489795918367346,0.014285714285714285,0.0,0.16938775510204082,0.0326530612244898,0.004081632653061225,0.024489795918367346,0.09591836734693877,0.2816326530612245,0.01020408163265306,0.012244897959183673,0.07959183673469387,0.012244897959183673,0.48324051724672834,0.06585787287967934,0.0,0.0,0.4289855072463768,6.571428571428571,0.4260853168865045,24.642857142857142,10.5,51.245358177047386,15.626461121452799,1.9130434782608696,1.0,2.035476160756542,0.0035335689045936395,6.72463768115942,4.0,8.935005345320112,0.023642408570373107,0.01884004432951607,0.010343553749538234
Chart-1.json,Defects4J,0.8267059326171875,0.8205664356549581,0.8152536153793335,0.2324398010969162,1.2253754138946533,0.5754189944134078,12.46992481203008,13.103157894736842,0.0,2.9796344006870323,1.8453058455953533,179.0,0.01904761904761905,0.07142857142857142,0.12261904761904761,0.11071428571428571,0.11071428571428571,0.07142857142857142,0.07142857142857142,0.0,3.517472178409321,0.19531278063853583,10.451578947368422,53.97105263157897,11.509774436090225,43.81203007518797,4.11731843575419,737.0,7.0,42.0,133.0,69.0,0.1882633257235335,33.699135304512495,0.05027932960893855,0.0782122905027933,0.00558659217877095,0.0335195530726257,0.0,0.055865921787709494,0.0,0.20670391061452514,0.0223463687150838,0.0111731843575419,0.0223463687150838,0.055865921787709494,0.2569832402234637,0.0335195530726257,0.0111731843575419,0.061452513966480445,0.00558659217877095,0.39380356485619644,0.16907264809933117,0.0,0.05555555555555555,0.518796992481203,4.714285714285714,0.2371469110250473,19.0,12.0,21.347465557163588,10.914260884657427,1.5789473684210527,1.0,1.2756276728089322,0.008547008547008548,5.180451127819549,4.0,6.050954795056896,0.014285714285714285,0.014285714285714285,0.0
Lang-62.json,Defects4J,0.7187609076499939,0.7144263982772827,0.7112736105918884,0.1631665676832199,1.1532962322235107,0.40869565217391307,42.39382352941176,39.228496732026144,0.0,6.214932712215321,7.379168205768728,230.0,0.09490886235072282,0.0,0.14079195474544312,0.008799497171590195,0.0,0.0,0.0,0.041483343808925204,2.791649491449263,0.3577982510129611,17.374558823529416,38.62301470588238,21.051633986928106,80.08006535947712,6.647826086956521,1042.0,4.0,21.0,153.0,112.0,0.07090390159042903,16.307897365798677,0.013043478260869565,0.021739130434782608,0.008695652173913044,0.030434782608695653,0.021739130434782608,0.008695652173913044,0.0,0.09565217391304348,0.06086956521739131,0.0,0.0,0.16521739130434782,0.26521739130434785,0.004347826086956522,0.043478260869565216,0.043478260869565216,0.017391304347826087,0.3613483436853002,0.21453876727414473,0.0,0.0,0.7320261437908496,16.0,0.32029973808676004,38.25,28.5,35.57650207651112,16.52667757954773,1.5294117647058822,1.0,1.1606783205449995,0.08411214953271028,9.490196078431373,6.0,10.483798672336096,0.00754242614707731,0.01005656819610308,0.02262727844123193
JacksonDatabind-101.json,Defects4J,0.7598419189453125,0.7585670550664266,0.7578964233398438,0.19703242182731628,1.1830800771713257,0.5982905982905983,30.5785838150289,21.446705202312142,0.0,4.212651821862348,2.934714843337674,234.0,0.01753048780487805,0.13414634146341464,0.1600609756097561,0.13414634146341464,0.13414634146341464,0.13414634146341464,0.13414634146341464,0.0,3.9109301603629545,0.0949846828977267,20.30755780346821,26.500411849711014,23.08034682080925,76.77601156069363,5.047008547008547,1005.0,4.0,41.0,173.0,99.0,0.21344182732318448,49.94538759362517,0.05128205128205128,0.01282051282051282,0.004273504273504274,0.02564102564102564,0.01282051282051282,0.03418803418803419,0.0,0.14102564102564102,0.05982905982905983,0.008547008547008548,0.03418803418803419,0.11965811965811966,0.24786324786324787,0.02564102564102564,0.008547008547008548,0.08974358974358974,0.017094017094017096,0.39190283400809717,0.03252375672633818,0.0,0.0,0.5722543352601156,14.5,-0.024893089197576046,43.25,17.5,52.77961254120761,17.410965686947208,1.6127167630057804,1.0,1.327895512467431,0.013333333333333334,6.4508670520231215,5.0,6.4748657539332655,0.038109756097560975,0.018292682926829267,0.0
Math-20.json,Defects4J,0.7536938786506653,0.7506576577822367,0.7472102046012878,0.1891765594482422,1.2217185497283936,0.6032388663967612,22.64128078817734,25.089458128078807,0.0,2.711142385476301,0.8002392023700329,247.0,0.05788177339901478,0.0,0.0,0.0,0.0,0.0,0.0,0.0,3.8120873209362243,0.3337778098260363,9.35852709359606,64.12311083743845,12.257931034482759,53.30492610837439,6.097165991902834,1099.0,10.0,59.0,203.0,145.0,0.1831772499971036,45.244780749284594,0.032388663967611336,0.06477732793522267,0.024291497975708502,0.032388663967611336,0.008097165991902834,0.05263157894736842,0.0,0.10526315789473684,0.044534412955465584,0.008097165991902834,0.020242914979757085,0.16194331983805668,0.13765182186234817,0.012145748987854251,0.02834008097165992,0.08097165991902834,0.016194331983805668,0.46922446005047336,0.10793708197510427,0.0,0.0,0.7142857142857143,6.7,0.31228489242494106,20.3,18.5,10.75220907534819,11.407655852321103,1.4433497536945812,1.0,1.0173338141903145,0.0,7.201970443349754,5.0,8.124256453078186,0.007389162561576354,0.005541871921182266,0.0
Gson-10.json,Defects4J,0.7704355120658875,0.7695043683052063,0.7687744498252869,0.31112390756607056,1.1836662292480469,0.4830508474576271,24.329252873563213,18.753333333333334,0.0,4.423239593592979,2.8673709052968634,708.0,0.02185792349726776,0.15437158469945356,0.2314207650273224,0.1937158469945355,0.1885245901639344,0.17103825136612022,0.16010928961748633,0.0,9.843473650675687,0.46835995625172344,18.236406130268197,26.299206896551738,19.360613026819923,60.85363984674329,4.716101694915254,3184.0,15.0,83.0,522.0,207.0,26.603148062037786,18835.028827922753,0.05790960451977401,0.02824858757062147,0.01694915254237288,0.014124293785310734,0.059322033898305086,0.02401129943502825,0.0,0.1483050847457627,0.026836158192090395,0.007062146892655367,0.01977401129943503,0.10734463276836158,0.2033898305084746,0.007062146892655367,0.052259887005649715,0.052259887005649715,0.03531073446327684,0.432542031414376,0.0865123429790521,0.014925373134328358,0.0,0.39655172413793105,9.066666666666666,0.4541055253491952,34.8,21.0,32.73367277488631,15.557879425188943,1.7164750957854407,1.0,1.740897682174698,0.00468384074941452,6.021072796934866,4.0,8.260227400230146,0.02185792349726776,0.011475409836065573,0.009836065573770493
Cli-7.json,Defects4J,0.7518745064735413,0.7490049997965494,0.7463980317115784,0.2420303076505661,1.16624915599823,0.49280575539568344,33.02472222222223,37.32851851851852,0.0,3.7025432973706467,1.8653608579688548,278.0,0.040892193308550186,0.0,0.13986988847583642,0.0762081784386617,0.031598513011152414,0.031598513011152414,0.031598513011152414,0.0009293680297397769,3.8496107313034678,0.7055011590321859,14.795111111111115,27.461000000000013,14.751111111111113,62.803703703703704,7.428057553956834,1614.0,10.0,32.0,216.0,142.0,0.16897400670172422,46.974773863079335,0.0035971223021582736,0.05755395683453238,0.0,0.017985611510791366,0.014388489208633094,0.007194244604316547,0.0,0.09712230215827339,0.0683453237410072,0.007194244604316547,0.0035971223021582736,0.22661870503597123,0.1906474820143885,0.0,0.025179856115107913,0.04316546762589928,0.04316546762589928,0.4604011342526273,0.09467042006599966,0.0,0.0,0.6574074074074074,8.9,0.5814814679324627,21.6,17.0,14.478950238190613,13.506818969022046,1.8611111111111112,1.0,2.0814806577038043,0.0,9.268518518518519,5.0,11.5322466423515,0.03578066914498141,0.027881040892193308,0.03903345724907063
Closure-122.json,Defects4J,0.8244315981864929,0.8194592595100403,0.8154457211494446,1.0,0.9932227730751038,0.8333333333333334,5.905000000000001,9.646666666666668,0.0,1.3333333333333333,0.0,6.0,0.0,0.0,0.0,0.0,0.0,0.0,0.0,0.0,0.05298664906710747,,6.416666666666668,59.745000000000005,9.066666666666666,22.666666666666664,5.166666666666667,31.0,1.0,1.0,6.0,6.0,0.17573592793231638,1.0544155675938982,0.0,0.0,0.0,0.0,0.0,0.16666666666666666,0.0,0.16666666666666666,0.0,0.0,0.0,0.3333333333333333,0.0,0.0,0.0,0.16666666666666666,0.0,0.6666666666666666,0.0,0.0,0.0,1.0,1.0,,6.0,6.0,0.0,,1.6666666666666667,1.5,0.7453559924999299,0.0,5.166666666666667,5.0,3.0230595245361758,0.0,0.0,0.0
JacksonDatabind-12.json,Defects4J,0.7872150540351868,0.7839497725168864,0.781898021697998,0.20896205306053162,1.1653282642364502,0.5864978902953587,22.20972562986413,26.227922437673126,0.0,2.6780902799631323,1.3650712114521115,474.0,0.018109976950938425,0.0,0.225880803424432,0.15113598946328613,0.08561080013170892,0.08561080013170892,0.0,0.0,8.138219878095267,0.6563667312264443,12.75306687772062,34.247608494921536,13.745996570373302,54.586598074132695,5.905063291139241,2503.0,21.0,74.0,361.0,173.0,7.221137986910192,3422.819405795431,0.05485232067510549,0.04852320675105485,0.012658227848101266,0.008438818565400843,0.0189873417721519,0.02531645569620253,0.002109704641350211,0.14556962025316456,0.03164556962025317,0.008438818565400843,0.023206751054852322,0.18143459915611815,0.24050632911392406,0.002109704641350211,0.006329113924050633,0.052742616033755275,0.02109704641350211,0.49914468025292774,0.07854601222193117,0.0,0.0,0.4792243767313019,6.428571428571429,0.6091687193042353,17.19047619047619,4.0,20.678074534151126,12.94502277883236,1.8337950138504155,1.0,1.5613295180063216,0.006535947712418301,7.4404432132963985,6.0,7.19667696651369,0.029634507737899243,0.018439249259137307,0.03161014158709253
Jsoup-24.json,Defects4J,0.7868196964263916,0.7858423391977946,0.7841691970825195,0.15818782150745392,1.2194515466690063,0.5142857142857142,27.3178587196468,13.050860927152314,0.0,6.6278338945005615,5.227443363302596,175.0,0.0,0.0,0.2633333333333333,0.24333333333333335,0.24333333333333335,0.0,0.0,0.0,1.9050127871382354,0.3153245821595192,21.38834437086093,31.36785871964682,24.371743929359827,74.83664459161147,4.685714285714286,790.0,3.0,19.0,151.0,78.0,0.03839710600101996,6.719493550178493,0.05142857142857143,0.03428571428571429,0.0,0.022857142857142857,0.017142857142857144,0.03428571428571429,0.0,0.13142857142857142,0.04,0.0,0.011428571428571429,0.10285714285714286,0.12571428571428572,0.011428571428571429,0.005714285714285714,0.05142857142857143,0.22285714285714286,0.3889450056116723,0.07219852024527922,0.0,0.0,0.5165562913907285,12.333333333333334,0.39271143078804016,50.333333333333336,49.0,33.48963355361709,16.32212239822248,1.4701986754966887,1.0,1.0345549449101197,0.015503875968992248,5.006622516556291,3.0,5.884649115718128,0.013333333333333334,0.013333333333333334,0.0
Cli-21.json,Defects4J,0.7411215901374817,0.7364953358968099,0.7337021231651306,0.23710811138153076,1.1498359441757202,0.5023255813953489,41.994476744186045,35.85046511627907,0.0,4.037614213716037,1.2459585867220588,215.0,0.05263157894736842,0.0,0.0,0.0,0.0,0.0,0.0,0.0012099213551119178,2.0037548822518145,0.709184487660726,22.173023255813956,12.68069767441861,23.013953488372096,81.95348837209303,7.32093023255814,1143.0,4.0,22.0,172.0,127.0,0.034496992044014775,7.416853289463177,0.037209302325581395,0.037209302325581395,0.004651162790697674,0.0,0.004651162790697674,0.03255813953488372,0.0,0.13023255813953488,0.05116279069767442,0.0,0.004651162790697674,0.19069767441860466,0.16279069767441862,0.009302325581395349,0.037209302325581395,0.06976744186046512,0.013953488372093023,0.5051333544874579,0.023558900357985194,0.0,0.0,0.7383720930232558,16.75,0.7534723281860352,43.0,39.0,22.978250586152114,17.410965686947208,1.7790697674418605,1.0,1.9283754024584843,0.0,8.901162790697674,6.0,12.091540327234041,0.0054446460980036296,0.0054446460980036296,0.007259528130671506
Math-36.json,Defects4J,0.7474679946899414,0.7447640101114908,0.7425264716148376,0.2665054202079773,1.2220098972320557,0.5560538116591929,24.502380050505053,27.82204545454545,0.0,2.4112647432117353,0.809870665977467,223.0,0.058310991957104555,0.0,0.0,0.0,0.0,0.0,0.0,0.0,3.584016541106532,0.31707606837153435,11.345757575757581,48.54974747474748,12.822222222222223,51.94191919191919,6.273542600896861,1010.0,9.0,43.0,176.0,134.0,0.1615153280408328,36.01791815310571,0.02242152466367713,0.04484304932735426,0.017937219730941704,0.017937219730941704,0.008968609865470852,0.03587443946188341,0.0,0.12556053811659193,0.053811659192825115,0.013452914798206279,0.02242152466367713,0.14798206278026907,0.16591928251121077,0.017937219730941704,0.03587443946188341,0.07174887892376682,0.013452914798206279,0.5206290801668645,0.08101176541573825,0.0,0.0,0.7613636363636364,6.333333333333333,0.2749775084001677,19.555555555555557,17.0,14.399931412731036,12.060818386365153,1.6363636363636365,1.0,1.4276635249581282,0.0,7.676136363636363,5.0,8.6407266939527,0.006702412868632708,0.006032171581769437,0.0
Closure-134.json,Defects4J,0.8244315981864929,0.8194592595100403,0.8154457211494446,1.0,0.9932227730751038,0.8333333333333334,5.905000000000001,9.646666666666668,0.0,1.3333333333333333,0.0,6.0,0.0,0.0,0.0,0.0,0.0,0.0,0.0,0.0,0.05298664906710747,,6.416666666666668,59.745000000000005,9.066666666666666,22.666666666666664,5.166666666666667,31.0,1.0,1.0,6.0,6.0,0.17573592793231638,1.0544155675938982,0.0,0.0,0.0,0.0,0.0,0.16666666666666666,0.0,0.16666666666666666,0.0,0.0,0.0,0.3333333333333333,0.0,0.0,0.0,0.16666666666666666,0.0,0.6666666666666666,0.0,0.0,0.0,1.0,1.0,,6.0,6.0,0.0,,1.6666666666666667,1.5,0.7453559924999299,0.0,5.166666666666667,5.0,3.0230595245361758,0.0,0.0,0.0
Compress-39.json,Defects4J,0.7397845387458801,0.7352419098218282,0.731294572353363,0.1815856397151947,1.145999550819397,0.5251396648044693,25.70229310344827,30.093517241379306,0.0,2.3197252580449303,1.310996669292666,179.0,0.05292259083728278,0.0,0.07582938388625593,0.07582938388625593,0.0,0.0,0.0,0.001579778830963665,1.7213981751260814,0.40589869394898415,10.358750000000004,53.07812500000003,12.49137931034483,60.19396551724138,6.737430167597766,878.0,8.0,17.0,145.0,110.0,0.03124213449268332,5.592342074190314,0.0223463687150838,0.03910614525139665,0.0,0.0,0.00558659217877095,0.03910614525139665,0.0,0.1340782122905028,0.061452513966480445,0.0,0.0,0.2011173184357542,0.1452513966480447,0.0,0.03910614525139665,0.0670391061452514,0.0223463687150838,0.40302633576199154,0.1666170750376681,0.0,0.0,0.7586206896551724,7.625,0.25821620722611743,18.125,12.5,16.442608521764424,11.93303328291395,1.6,1.0,1.3359743957901653,0.0,8.082758620689654,6.0,8.71977811191583,0.0071090047393364926,0.0071090047393364926,0.0
Cli-37.json,Defects4J,0.7246357798576355,0.7218237121899923,0.7193301916122437,0.19481638073921204,1.181784987449646,0.5,47.60047619047619,30.583492063492063,0.0,4.862096919473968,0.6653756079985587,152.0,0.0687732342007435,0.0,0.0,0.0,0.0,0.0,0.0,0.0,0.8729961902799483,0.9201189875602722,26.11809523809524,20.018571428571462,29.644444444444446,101.88888888888889,6.776315789473684,687.0,2.0,14.0,126.0,100.0,0.015750481691886416,2.3940732171667354,0.02631578947368421,0.02631578947368421,0.0,0.0,0.0,0.019736842105263157,0.0,0.11842105263157894,0.046052631578947366,0.006578947368421052,0.019736842105263157,0.23026315789473684,0.1118421052631579,0.006578947368421052,0.046052631578947366,0.05263157894736842,0.02631578947368421,0.5121599711763646,0.06161052062691405,0.0,0.0,0.7936507936507936,24.5,,63.0,63.0,12.0,,1.4523809523809523,1.0,0.8028435857184459,0.0,7.968253968253968,6.0,8.299872353136358,0.008364312267657992,0.008364312267657992,0.0
Jsoup-32.json,Defects4J,0.817201554775238,0.8146564364433289,0.8128244876861572,0.4917046129703522,1.1975148916244507,0.8376068376068376,22.345000000000006,22.20404040404041,0.0,3.478827207275483,0.043195973755786,117.0,0.0,0.0,0.15135834411384216,0.10090556274256145,0.10090556274256145,0.10090556274256145,0.0,0.0,2.746720795525745,0.44446274638175964,13.609974747474748,41.56829545454548,16.364646464646466,63.13383838383838,5.811965811965812,680.0,4.0,33.0,99.0,65.0,0.13326000434104252,15.591420507901974,0.08547008547008547,0.05128205128205128,0.03418803418803419,0.05128205128205128,0.017094017094017096,0.09401709401709402,0.0,0.17094017094017094,0.05128205128205128,0.017094017094017096,0.008547008547008548,0.17094017094017094,0.1282051282051282,0.008547008547008548,0.008547008547008548,0.08547008547008547,0.0,0.4212085806913393,0.039453274357010806,0.0,0.0,0.6565656565656566,9.5,0.33325818181037903,24.75,19.5,13.348689074212494,14.554592549557764,1.6565656565656566,1.0,1.036326224539847,0.020202020202020204,6.666666666666667,5.0,5.577733510227171,0.09055627425614489,0.06597671410090557,0.0815006468305304
JacksonCore-25.json,Defects4J,0.7697001695632935,0.7644990483919779,0.7615146636962891,0.3022027313709259,1.2178478240966797,0.714828897338403,12.272565460429533,15.399870550161804,0.0,2.1794225504909934,0.6829771744435356,1052.0,0.22272272272272273,0.30430430430430433,0.3738738738738739,0.3408408408408408,0.3408408408408408,0.33049716383049715,0.30430430430430433,0.20003336670003335,23.327246013750948,0.4076188983682256,5.697436010591353,79.23129082082967,8.552378150436402,40.36692164362067,5.11787072243346,4788.0,66.0,367.0,927.0,348.0,12849270.797939982,13517432879.432861,0.03231939163498099,0.06178707224334601,0.03326996197718631,0.049429657794676805,0.010456273764258554,0.07034220532319392,0.03136882129277566,0.15019011406844107,0.027566539923954372,0.02376425855513308,0.055133079847908745,0.053231939163498096,0.10931558935361217,0.019961977186311788,0.0038022813688212928,0.12832699619771862,0.0,0.4714582125694154,0.07769842800643215,0.0,0.0,0.37540453074433655,3.696969696969697,0.3734158251027111,14.045454545454545,10.0,10.401677921434946,8.927757054556999,1.3398058252427185,1.0,0.8269732474150397,0.00510204081632653,5.664509169363538,4.0,5.297682458402631,0.005672339005672339,0.008008008008008008,0.012012012012012012
Lang-23.json,Defects4J,0.7566097974777222,0.754586935043335,0.7530661225318909,0.26421234011650085,1.2120369672775269,0.6245210727969349,22.556997377622373,25.745192307692303,0.0,2.9982403182403186,1.7051112837111673,261.0,0.05555555555555555,0.0,0.14269005847953217,0.14269005847953217,0.14269005847953217,0.14269005847953217,0.14269005847953217,0.0,5.42158087170696,0.3002994578331709,9.144160839160843,63.18265734265735,11.217482517482518,50.63986013986014,6.084291187739463,1185.0,11.0,60.0,208.0,136.0,0.8668064782310081,226.2364908182931,0.007662835249042145,0.022988505747126436,0.022988505747126436,0.034482758620689655,0.01532567049808429,0.06130268199233716,0.0,0.13409961685823754,0.034482758620689655,0.03065134099616858,0.02681992337164751,0.14942528735632185,0.15708812260536398,0.011494252873563218,0.022988505747126436,0.09578544061302682,0.01532567049808429,0.4003549003549004,0.0837615756618815,0.0,0.0,0.6538461538461539,6.0,0.33064312405056423,18.90909090909091,17.0,16.708487475502032,10.63711953065702,1.4711538461538463,1.0,0.9088954705197737,0.0,7.331730769230769,5.0,8.180685090070355,0.038011695906432746,0.005263157894736842,0.0
Math-61.json,Defects4J,0.7325329780578613,0.7296471993128458,0.727173924446106,0.28603658080101013,1.2232906818389893,0.5547945205479452,25.782792792792797,26.543783783783777,0.0,3.2099843283750946,1.8487713377508175,292.0,0.08188720173535792,0.0,0.05422993492407809,0.0,0.0,0.0,0.0,0.03579175704989154,5.05992883738058,0.4657101072371006,12.739909909909912,47.657792792792804,15.452252252252254,59.351351351351354,5.883561643835616,1239.0,9.0,58.0,222.0,154.0,0.5396551444124955,157.5793021684487,0.03767123287671233,0.04452054794520548,0.017123287671232876,0.030821917808219176,0.00684931506849315,0.05136986301369863,0.0,0.1232876712328767,0.04452054794520548,0.0136986301369863,0.017123287671232876,0.1267123287671233,0.20205479452054795,0.00684931506849315,0.023972602739726026,0.0684931506849315,0.02054794520547945,0.4459894072240956,0.0925130091771075,0.0,0.0,0.6936936936936937,8.555555555555555,0.22660192527941295,24.666666666666668,18.0,21.9291789378647,13.731508374201276,1.5855855855855856,1.0,1.1661012926230248,0.0,7.405405405405405,5.0,8.340586081744965,0.004880694143167028,0.004880694143167028,0.0
Collections-1.json,Defects4J,0.7452587485313416,0.7430192828178406,0.7418134212493896,0.30006349086761475,1.2314093112945557,0.504885993485342,42.81449367088607,26.919662447257384,0.0,4.785771167460171,3.064505595986173,307.0,0.04594734124935467,0.0,0.073309241094476,0.0,0.0,0.0,0.0,0.0010325245224574084,4.405229689380047,0.43095068633556366,23.798512658227853,29.969667721519016,27.413080168776375,92.58333333333333,5.915309446254072,1216.0,4.0,46.0,237.0,157.0,0.2667034110046703,81.87794717843379,0.03257328990228013,0.035830618892508145,0.016286644951140065,0.019543973941368076,0.003257328990228013,0.035830618892508145,0.0,0.13680781758957655,0.06514657980456026,0.006514657980456026,0.013029315960912053,0.14006514657980457,0.18892508143322476,0.009771986970684038,0.02280130293159609,0.05863192182410423,0.013029315960912053,0.49599757899686103,0.037049017150122425,0.0,0.0,0.6624472573839663,19.75,0.497817724943161,59.25,62.5,34.368408458932166,16.52667757954773,1.379746835443038,1.0,0.8710602318260708,0.0,7.350210970464135,5.0,7.65168206031301,0.003097573567372225,0.004646360351058337,0.0
Mockito-6.json,Defects4J,0.8052372336387634,0.8008801738421122,0.7965534329414368,0.2137497216463089,1.1761301755905151,0.6302083333333334,18.855824175824175,20.292587412587405,0.0,2.668643290649593,1.9083822211386534,192.0,0.0,0.11688311688311688,0.15213358070500926,0.15213358070500926,0.11688311688311688,0.11688311688311688,0.11688311688311688,0.0,3.7746943632565504,0.33540721237659454,13.666653346653348,33.46503496503499,15.444155844155844,49.0999000999001,5.015625,963.0,7.0,43.0,143.0,94.0,0.22700096537164996,43.584185351356794,0.046875,0.026041666666666668,0.020833333333333332,0.041666666666666664,0.015625,0.057291666666666664,0.0,0.17708333333333334,0.052083333333333336,0.015625,0.020833333333333332,0.0625,0.23958333333333334,0.015625,0.010416666666666666,0.10416666666666667,0.036458333333333336,0.4020147344652147,0.20854288311664418,0.0,0.0,0.6573426573426573,5.857142857142857,0.3918524295091629,20.428571428571427,13.0,20.353007098686515,14.138980108339055,1.8041958041958042,1.0,1.4735843805821511,0.015037593984962405,6.384615384615385,5.0,7.436371659180948,0.012987012987012988,0.008348794063079777,0.0
JxPath-10.json,Defects4J,0.7583979964256287,0.7573521335919698,0.7567196488380432,0.2357926070690155,1.2308237552642822,0.6228287841191067,31.059602803738315,23.944548286604356,0.0,4.147491573761991,1.3930444036957752,403.0,0.0272,0.11,0.1484,0.1484,0.11,0.11,0.11,0.0008,8.415268942670721,0.5393767527171544,18.29177180685358,35.38662967289724,20.90981308411215,70.34306853582555,5.687344913151365,1764.0,8.0,103.0,321.0,175.0,11.204689328551153,4515.489799406115,0.03722084367245657,0.04714640198511166,0.01488833746898263,0.04218362282878412,0.019851116625310174,0.06451612903225806,0.004962779156327543,0.15632754342431762,0.03225806451612903,0.01240694789081886,0.009925558312655087,0.12406947890818859,0.18610421836228289,0.022332506203473945,0.017369727047146403,0.05707196029776675,0.02481389578163772,0.4264925514216576,0.06478997025987507,0.0,0.0,0.5451713395638629,12.125,0.3267541242142518,40.125,32.0,29.733976777417446,15.742502247213078,1.5451713395638629,1.0,1.2425416314334283,0.0,6.8847352024922115,4.0,7.906922556015666,0.012,0.0128,0.0156
Mockito-29.json,Defects4J,0.8273728489875793,0.8226843674977621,0.818372368812561,1.0,1.1956604719161987,0.8,3.678000000000001,6.504000000000001,0.0,1.2,0.0,5.0,0.0,0.0,0.0,0.0,0.0,0.0,0.0,0.0,0.05305602573781134,,2.879999999999999,83.32000000000004,10.0,25.0,4.8,24.0,1.0,1.0,5.0,5.0,0.21089774439461811,1.0544887219730905,0.0,0.0,0.0,0.0,0.0,0.2,0.0,0.2,0.0,0.0,0.0,0.2,0.0,0.0,0.0,0.2,0.0,0.6,0.0,0.0,0.0,1.0,1.0,,5.0,5.0,0.0,,1.4,1.0,0.8,0.0,4.8,4.0,3.3105890714493698,0.0,0.0,0.0
Closure-163.json,Defects4J,0.8244315981864929,0.8194592595100403,0.8154457211494446,1.0,0.9932227730751038,0.8333333333333334,5.905000000000001,9.646666666666668,0.0,1.3333333333333333,0.0,6.0,0.0,0.0,0.0,0.0,0.0,0.0,0.0,0.0,0.05298664906710747,,6.416666666666668,59.745000000000005,9.066666666666666,22.666666666666664,5.166666666666667,31.0,1.0,1.0,6.0,6.0,0.17573592793231638,1.0544155675938982,0.0,0.0,0.0,0.0,0.0,0.16666666666666666,0.0,0.16666666666666666,0.0,0.0,0.0,0.3333333333333333,0.0,0.0,0.0,0.16666666666666666,0.0,0.6666666666666666,0.0,0.0,0.0,1.0,1.0,,6.0,6.0,0.0,,1.6666666666666667,1.5,0.7453559924999299,0.0,5.166666666666667,5.0,3.0230595245361758,0.0,0.0,0.0
JacksonDatabind-53.json,Defects4J,0.7947573065757751,0.7907520135243734,0.7866962552070618,0.1928756833076477,1.1964466571807861,0.7534246575342466,31.117217741935484,18.243064516129035,0.0,3.290192743764172,1.2330743289177875,292.0,0.0,0.0,0.06900584795321638,0.06900584795321638,0.06900584795321638,0.06900584795321638,0.0,0.0,6.066752325296811,0.3315069004893303,22.881419354838716,19.357129032258086,25.80774193548387,80.24516129032259,5.154109589041096,1452.0,5.0,97.0,248.0,147.0,1.476978612425758,431.27775482832135,0.03767123287671233,0.08904109589041095,0.010273972602739725,0.02054794520547945,0.0273972602739726,0.05821917808219178,0.0,0.17465753424657535,0.04452054794520548,0.0136986301369863,0.06506849315068493,0.09246575342465753,0.14383561643835616,0.02054794520547945,0.010273972602739725,0.11301369863013698,0.010273972602739725,0.48852229780801204,0.04157841566713159,0.0,0.0,0.592741935483871,15.2,0.3474995692571004,49.6,26.0,39.29681920970195,18.669449996058646,1.6209677419354838,1.0,1.2121211874862041,0.008771929824561403,5.891129032258065,4.0,5.575746906379076,0.0035087719298245615,0.005263157894736842,0.007017543859649123
Jsoup-65.json,Defects4J,0.771796703338623,0.7687025864919027,0.7628475427627563,0.3439564108848572,1.1949574947357178,0.6032786885245902,24.490210772833727,18.920000000000005,0.0,4.046564318453537,2.5072912318088303,305.0,0.0,0.2224188790560472,0.3663716814159292,0.3238938053097345,0.3238938053097345,0.2908554572271386,0.2908554572271386,0.0,3.3704383662970407,0.4057966445883115,16.816580796252925,36.5804098360656,18.860889929742388,69.28337236533957,5.081967213114754,1418.0,7.0,43.0,244.0,118.0,0.09538123573236992,29.091276898372826,0.06229508196721312,0.05245901639344262,0.006557377049180328,0.01639344262295082,0.01639344262295082,0.01639344262295082,0.006557377049180328,0.2098360655737705,0.036065573770491806,0.0,0.01639344262295082,0.06557377049180328,0.13114754098360656,0.022950819672131147,0.05573770491803279,0.05245901639344262,0.16721311475409836,0.4571523237706067,0.03312679341091424,0.0,0.0,0.48360655737704916,12.0,0.34796482473611834,34.857142857142854,20.0,31.56140758869274,14.955608360458719,1.5942622950819672,1.0,1.2752884071319806,0.013333333333333334,6.049180327868853,4.0,6.469794203300104,0.05781710914454277,0.061946902654867256,0.058997050147492625
