bug_id,project,percent_agreement,cohens_kappa,aggregated_raw,aggregated_derived,aggregated_zscore
Chart-1,Chart,1.0,1.0,"{'Actionability': 0, 'Clarity': 0, 'Specificity': 1, 'Reproducibility': 0, 'ReasoningQuality': 1, 'TechnicalContext': 0, 'Ambiguity': 0, 'RepairReadiness': 1, 'RootCauseEvidence': 1, 'HiddenReproducibility': 0, 'ImpactScope': 1}","{'repair_difficulty': 4, 'ambiguity_count': 0, 'hidden_s2r_present': False, 'root_cause_evidence': 1, 'impact_scope': 1}","{'Actionability': -0.7200034083082247, 'Clarity': -0.7200034083082247, 'Specificity': -0.1107697551243423, 'Reproducibility': -0.7200034083082247, 'ReasoningQuality': -0.1107697551243423, 'TechnicalContext': -0.7200034083082247, 'Ambiguity': 2.3261648576111877, 'RepairReadiness': 1.716931204427305, 'RootCauseEvidence': -0.1107697551243423, 'HiddenReproducibility': -0.7200034083082247, 'ImpactScope': -0.1107697551243423}"
Chart-11,Chart,1.0,1.0,"{'Actionability': 0, 'Clarity': 0, 'Specificity': 0, 'Reproducibility': 0, 'ReasoningQuality': 0, 'TechnicalContext': 0, 'Ambiguity': 0, 'RepairReadiness': 0, 'RootCauseEvidence': 1, 'HiddenReproducibility': 0, 'ImpactScope': 0}","{'repair_difficulty': 5, 'ambiguity_count': 0, 'hidden_s2r_present': False, 'root_cause_evidence': 1, 'impact_scope': 0}","{'Actionability': -0.5244044240850757, 'Clarity': -0.5244044240850757, 'Specificity': -0.5244044240850757, 'Reproducibility': -0.5244044240850757, 'ReasoningQuality': -0.5244044240850757, 'TechnicalContext': -0.5244044240850757, 'Ambiguity': 2.097617696340303, 'RepairReadiness': 2.097617696340303, 'RootCauseEvidence': 0.0, 'HiddenReproducibility': -0.5244044240850757, 'ImpactScope': -0.5244044240850757}"
Chart-12,Chart,1.0,1.0,"{'Actionability': 0, 'Clarity': 0, 'Specificity': 0, 'Reproducibility': 0, 'ReasoningQuality': 0, 'TechnicalContext': 0, 'Ambiguity': 0, 'RepairReadiness': 0, 'RootCauseEvidence': 1, 'HiddenReproducibility': 0, 'ImpactScope': 0}","{'repair_difficulty': 5, 'ambiguity_count': 0, 'hidden_s2r_present': False, 'root_cause_evidence': 1, 'impact_scope': 0}","{'Actionability': -0.5244044240850757, 'Clarity': -0.5244044240850757, 'Specificity': -0.5244044240850757, 'Reproducibility': -0.5244044240850757, 'ReasoningQuality': -0.5244044240850757, 'TechnicalContext': -0.5244044240850757, 'Ambiguity': 2.097617696340303, 'RepairReadiness': 2.097617696340303, 'RootCauseEvidence': 0.0, 'HiddenReproducibility': -0.5244044240850757, 'ImpactScope': -0.5244044240850757}"
Chart-16,Chart,1.0,1.0,"{'Actionability': 0, 'Clarity': 1, 'Specificity': 1, 'Reproducibility': 1, 'ReasoningQuality': 1, 'TechnicalContext': 0, 'Ambiguity': 0, 'RepairReadiness': 1, 'RootCauseEvidence': 1, 'HiddenReproducibility': 1, 'ImpactScope': 0}","{'repair_difficulty': 4, 'ambiguity_count': 0, 'hidden_s2r_present': True, 'root_cause_evidence': 1, 'impact_scope': 0}","{'Actionability': -0.8778086039709792, 'Clarity': -0.23408229439226108, 'Specificity': -0.23408229439226108, 'Reproducibility': -0.23408229439226108, 'ReasoningQuality': -0.23408229439226108, 'TechnicalContext': -0.8778086039709792, 'Ambiguity': 2.3408229439226114, 'RepairReadiness': 1.6970966343438934, 'RootCauseEvidence': -0.23408229439226108, 'HiddenReproducibility': -0.23408229439226108, 'ImpactScope': -0.8778086039709792}"
Chart-17,Chart,1.0,1.0,"{'Actionability': 0, 'Clarity': 0, 'Specificity': 0, 'Reproducibility': 0, 'ReasoningQuality': 0, 'TechnicalContext': 0, 'Ambiguity': 0, 'RepairReadiness': 0, 'RootCauseEvidence': 1, 'HiddenReproducibility': 1, 'ImpactScope': 0}","{'repair_difficulty': 5, 'ambiguity_count': 0, 'hidden_s2r_present': True, 'root_cause_evidence': 1, 'impact_scope': 0}","{'Actionability': -0.5800418934273981, 'Clarity': -0.5800418934273981, 'Specificity': -0.5800418934273981, 'Reproducibility': -0.5800418934273981, 'ReasoningQuality': -0.5800418934273981, 'TechnicalContext': -0.5800418934273981, 'Ambiguity': 2.078483451448177, 'RepairReadiness': 2.078483451448177, 'RootCauseEvidence': -0.048336824452283135, 'HiddenReproducibility': -0.048336824452283135, 'ImpactScope': -0.5800418934273981}"
Chart-2,Chart,1.0,1.0,"{'Actionability': 0, 'Clarity': 0, 'Specificity': 0, 'Reproducibility': 0, 'ReasoningQuality': 0, 'TechnicalContext': 0, 'Ambiguity': 0, 'RepairReadiness': 0, 'RootCauseEvidence': 0, 'HiddenReproducibility': 0, 'ImpactScope': 0}","{'repair_difficulty': 5, 'ambiguity_count': 0, 'hidden_s2r_present': False, 'root_cause_evidence': 0, 'impact_scope': 0}","{'Actionability': -0.4714045207910317, 'Clarity': -0.4714045207910317, 'Specificity': -0.4714045207910317, 'Reproducibility': -0.4714045207910317, 'ReasoningQuality': -0.4714045207910317, 'TechnicalContext': -0.4714045207910317, 'Ambiguity': 2.121320343559643, 'RepairReadiness': 2.121320343559643, 'RootCauseEvidence': -0.4714045207910317, 'HiddenReproducibility': -0.4714045207910317, 'ImpactScope': -0.4714045207910317}"
Chart-5,Chart,1.0,1.0,"{'Actionability': 0, 'Clarity': 1, 'Specificity': 0, 'Reproducibility': 2, 'ReasoningQuality': 1, 'TechnicalContext': 0, 'Ambiguity': 0, 'RepairReadiness': 1, 'RootCauseEvidence': 1, 'HiddenReproducibility': 1, 'ImpactScope': 0}","{'repair_difficulty': 4, 'ambiguity_count': 0, 'hidden_s2r_present': True, 'root_cause_evidence': 1, 'impact_scope': 0}","{'Actionability': -0.8464989719746505, 'Clarity': -0.22573305919324008, 'Specificity': -0.8464989719746505, 'Reproducibility': 0.3950328535881703, 'ReasoningQuality': -0.22573305919324008, 'TechnicalContext': -0.8464989719746505, 'Ambiguity': 2.257330591932402, 'RepairReadiness': 1.6365646791509914, 'RootCauseEvidence': -0.22573305919324008, 'HiddenReproducibility': -0.22573305919324008, 'ImpactScope': -0.8464989719746505}"
Chart-9,Chart,1.0,1.0,"{'Actionability': 0, 'Clarity': 2, 'Specificity': 1, 'Reproducibility': 2, 'ReasoningQuality': 1, 'TechnicalContext': 0, 'Ambiguity': 0, 'RepairReadiness': 1, 'RootCauseEvidence': 1, 'HiddenReproducibility': 0, 'ImpactScope': 0}","{'repair_difficulty': 4, 'ambiguity_count': 0, 'hidden_s2r_present': False, 'root_cause_evidence': 1, 'impact_scope': 0}","{'Actionability': -0.900070320740819, 'Clarity': 0.33752637027780713, 'Specificity': -0.281271975231506, 'Reproducibility': 0.33752637027780713, 'ReasoningQuality': -0.281271975231506, 'TechnicalContext': -0.900070320740819, 'Ambiguity': 2.1939214068057464, 'RepairReadiness': 1.5751230612964333, 'RootCauseEvidence': -0.281271975231506, 'HiddenReproducibility': -0.900070320740819, 'ImpactScope': -0.900070320740819}"
Cli-1,Cli,1.0,1.0,"{'Actionability': 0, 'Clarity': 2, 'Specificity': 1, 'Reproducibility': 4, 'ReasoningQuality': 2, 'TechnicalContext': 0, 'Ambiguity': 0, 'RepairReadiness': 0, 'RootCauseEvidence': 1, 'HiddenReproducibility': 1, 'ImpactScope': 1}","{'repair_difficulty': 5, 'ambiguity_count': 0, 'hidden_s2r_present': True, 'root_cause_evidence': 1, 'impact_scope': 1}","{'Actionability': -1.137592917989042, 'Clarity': 0.0, 'Specificity': -0.568796458994521, 'Reproducibility': 1.137592917989042, 'ReasoningQuality': 0.0, 'TechnicalContext': -1.137592917989042, 'Ambiguity': 1.7063893769835632, 'RepairReadiness': 1.7063893769835632, 'RootCauseEvidence': -0.568796458994521, 'HiddenReproducibility': -0.568796458994521, 'ImpactScope': -0.568796458994521}"
Cli-10,Cli,1.0,1.0,"{'Actionability': 0, 'Clarity': 1, 'Specificity': 1, 'Reproducibility': 4, 'ReasoningQuality': 1, 'TechnicalContext': 0, 'Ambiguity': 2, 'RepairReadiness': 2, 'RootCauseEvidence': 1, 'HiddenReproducibility': 0, 'ImpactScope': 0}","{'repair_difficulty': 3, 'ambiguity_count': 2, 'hidden_s2r_present': False, 'root_cause_evidence': 1, 'impact_scope': 0}","{'Actionability': -0.9396184772996339, 'Clarity': -0.20134681656420725, 'Specificity': -0.20134681656420725, 'Reproducibility': 2.013468165642073, 'ReasoningQuality': -0.20134681656420725, 'TechnicalContext': -0.9396184772996339, 'Ambiguity': 1.275196504906646, 'RepairReadiness': 1.275196504906646, 'RootCauseEvidence': -0.20134681656420725, 'HiddenReproducibility': -0.9396184772996339, 'ImpactScope': -0.9396184772996339}"
Cli-11,Cli,1.0,1.0,"{'Actionability': 0, 'Clarity': 2, 'Specificity': 1, 'Reproducibility': 2, 'ReasoningQuality': 1, 'TechnicalContext': 0, 'Ambiguity': 0, 'RepairReadiness': 3, 'RootCauseEvidence': 1, 'HiddenReproducibility': 1, 'ImpactScope': 0}","{'repair_difficulty': 2, 'ambiguity_count': 0, 'hidden_s2r_present': True, 'root_cause_evidence': 1, 'impact_scope': 0}","{'Actionability': -0.9977851578566089, 'Clarity': 0.4656330736664176, 'Specificity': -0.26607604209509567, 'Reproducibility': 0.4656330736664176, 'ReasoningQuality': -0.26607604209509567, 'TechnicalContext': -0.9977851578566089, 'Ambiguity': 2.6607604209509574, 'RepairReadiness': 0.4656330736664176, 'RootCauseEvidence': -0.26607604209509567, 'HiddenReproducibility': -0.26607604209509567, 'ImpactScope': -0.9977851578566089}"
Cli-12,Cli,1.0,1.0,"{'Actionability': 0, 'Clarity': 2, 'Specificity': 1, 'Reproducibility': 2, 'ReasoningQuality': 1, 'TechnicalContext': 0, 'Ambiguity': 0, 'RepairReadiness': 3, 'RootCauseEvidence': 1, 'HiddenReproducibility': 1, 'ImpactScope': 0}","{'repair_difficulty': 2, 'ambiguity_count': 0, 'hidden_s2r_present': True, 'root_cause_evidence': 1, 'impact_scope': 0}","{'Actionability': -0.9977851578566089, 'Clarity': 0.4656330736664176, 'Specificity': -0.26607604209509567, 'Reproducibility': 0.4656330736664176, 'ReasoningQuality': -0.26607604209509567, 'TechnicalContext': -0.9977851578566089, 'Ambiguity': 2.6607604209509574, 'RepairReadiness': 0.4656330736664176, 'RootCauseEvidence': -0.26607604209509567, 'HiddenReproducibility': -0.26607604209509567, 'ImpactScope': -0.9977851578566089}"
Cli-13,Cli,1.0,1.0,"{'Actionability': 0, 'Clarity': 2, 'Specificity': 0, 'Reproducibility': 1, 'ReasoningQuality': 1, 'TechnicalContext': 0, 'Ambiguity': 0, 'RepairReadiness': 0, 'RootCauseEvidence': 1, 'HiddenReproducibility': 1, 'ImpactScope': 0}","{'repair_difficulty': 5, 'ambiguity_count': 0, 'hidden_s2r_present': True, 'root_cause_evidence': 1, 'impact_scope': 0}","{'Actionability': -0.8186312161546414, 'Clarity': 0.3069867060579905, 'Specificity': -0.8186312161546414, 'Reproducibility': -0.25582225504832545, 'ReasoningQuality': -0.25582225504832545, 'TechnicalContext': -0.8186312161546414, 'Ambiguity': 1.9954135893769382, 'RepairReadiness': 1.9954135893769382, 'RootCauseEvidence': -0.25582225504832545, 'HiddenReproducibility': -0.25582225504832545, 'ImpactScope': -0.8186312161546414}"
Cli-14,Cli,1.0,1.0,"{'Actionability': 0, 'Clarity': 2, 'Specificity': 0, 'Reproducibility': 3, 'ReasoningQuality': 1, 'TechnicalContext': 0, 'Ambiguity': 0, 'RepairReadiness': 1, 'RootCauseEvidence': 1, 'HiddenReproducibility': 1, 'ImpactScope': 0}","{'repair_difficulty': 4, 'ambiguity_count': 0, 'hidden_s2r_present': True, 'root_cause_evidence': 1, 'impact_scope': 0}","{'Actionability': -0.9246780984747159, 'Clarity': 0.27196414661021057, 'Specificity': -0.9246780984747159, 'Reproducibility': 0.8702852691526738, 'ReasoningQuality': -0.32635697593225266, 'TechnicalContext': -0.9246780984747159, 'Ambiguity': 2.0669275142376002, 'RepairReadiness': 1.468606391695137, 'RootCauseEvidence': -0.32635697593225266, 'HiddenReproducibility': -0.32635697593225266, 'ImpactScope': -0.9246780984747159}"
Cli-15,Cli,1.0,1.0,"{'Actionability': 0, 'Clarity': 1, 'Specificity': 0, 'Reproducibility': 3, 'ReasoningQuality': 1, 'TechnicalContext': 0, 'Ambiguity': 1, 'RepairReadiness': 2, 'RootCauseEvidence': 1, 'HiddenReproducibility': 1, 'ImpactScope': 0}","{'repair_difficulty': 3, 'ambiguity_count': 1, 'hidden_s2r_present': True, 'root_cause_evidence': 1, 'impact_scope': 0}","{'Actionability': -0.9396184772996339, 'Clarity': -0.20134681656420725, 'Specificity': -0.9396184772996339, 'Reproducibility': 1.275196504906646, 'ReasoningQuality': -0.20134681656420725, 'TechnicalContext': -0.9396184772996339, 'Ambiguity': 2.013468165642073, 'RepairReadiness': 1.275196504906646, 'RootCauseEvidence': -0.20134681656420725, 'HiddenReproducibility': -0.20134681656420725, 'ImpactScope': -0.9396184772996339}"
Cli-16,Cli,1.0,1.0,"{'Actionability': 0, 'Clarity': 1, 'Specificity': 1, 'Reproducibility': 2, 'ReasoningQuality': 1, 'TechnicalContext': 0, 'Ambiguity': 0, 'RepairReadiness': 0, 'RootCauseEvidence': 2, 'HiddenReproducibility': 0, 'ImpactScope': 0}","{'repair_difficulty': 5, 'ambiguity_count': 0, 'hidden_s2r_present': False, 'root_cause_evidence': 2, 'impact_scope': 0}","{'Actionability': -0.8697956671643065, 'Clarity': -0.3069867060579905, 'Specificity': -0.3069867060579905, 'Reproducibility': 0.25582225504832545, 'ReasoningQuality': -0.3069867060579905, 'TechnicalContext': -0.8697956671643065, 'Ambiguity': 1.9442491383672733, 'RepairReadiness': 1.9442491383672733, 'RootCauseEvidence': 0.25582225504832545, 'HiddenReproducibility': -0.8697956671643065, 'ImpactScope': -0.8697956671643065}"
Cli-17,Cli,1.0,1.0,"{'Actionability': 0, 'Clarity': 1, 'Specificity': 0, 'Reproducibility': 2, 'ReasoningQuality': 1, 'TechnicalContext': 0, 'Ambiguity': 0, 'RepairReadiness': 0, 'RootCauseEvidence': 1, 'HiddenReproducibility': 0, 'ImpactScope': 0}","{'repair_difficulty': 5, 'ambiguity_count': 0, 'hidden_s2r_present': False, 'root_cause_evidence': 1, 'impact_scope': 0}","{'Actionability': -0.7481320020807246, 'Clarity': -0.19950186722152652, 'Specificity': -0.7481320020807246, 'Reproducibility': 0.3491282676376716, 'ReasoningQuality': -0.19950186722152652, 'TechnicalContext': -0.7481320020807246, 'Ambiguity': 1.995018672215266, 'RepairReadiness': 1.995018672215266, 'RootCauseEvidence': -0.19950186722152652, 'HiddenReproducibility': -0.7481320020807246, 'ImpactScope': -0.7481320020807246}"
Cli-18,Cli,1.0,1.0,"{'Actionability': 0, 'Clarity': 1, 'Specificity': 0, 'Reproducibility': 1, 'ReasoningQuality': 1, 'TechnicalContext': 0, 'Ambiguity': 0, 'RepairReadiness': 0, 'RootCauseEvidence': 1, 'HiddenReproducibility': 0, 'ImpactScope': 0}","{'repair_difficulty': 5, 'ambiguity_count': 0, 'hidden_s2r_present': False, 'root_cause_evidence': 1, 'impact_scope': 0}","{'Actionability': -0.7017565899639198, 'Clarity': -0.15037641213512565, 'Specificity': -0.7017565899639198, 'Reproducibility': -0.15037641213512565, 'ReasoningQuality': -0.15037641213512565, 'TechnicalContext': -0.7017565899639198, 'Ambiguity': 2.055144299180051, 'RepairReadiness': 2.055144299180051, 'RootCauseEvidence': -0.15037641213512565, 'HiddenReproducibility': -0.7017565899639198, 'ImpactScope': -0.7017565899639198}"
Cli-19,Cli,1.0,1.0,"{'Actionability': 0, 'Clarity': 1, 'Specificity': 0, 'Reproducibility': 1, 'ReasoningQuality': 1, 'TechnicalContext': 0, 'Ambiguity': 0, 'RepairReadiness': 0, 'RootCauseEvidence': 1, 'HiddenReproducibility': 0, 'ImpactScope': 0}","{'repair_difficulty': 5, 'ambiguity_count': 0, 'hidden_s2r_present': False, 'root_cause_evidence': 1, 'impact_scope': 0}","{'Actionability': -0.7017565899639198, 'Clarity': -0.15037641213512565, 'Specificity': -0.7017565899639198, 'Reproducibility': -0.15037641213512565, 'ReasoningQuality': -0.15037641213512565, 'TechnicalContext': -0.7017565899639198, 'Ambiguity': 2.055144299180051, 'RepairReadiness': 2.055144299180051, 'RootCauseEvidence': -0.15037641213512565, 'HiddenReproducibility': -0.7017565899639198, 'ImpactScope': -0.7017565899639198}"
Cli-2,Cli,1.0,1.0,"{'Actionability': 0, 'Clarity': 1, 'Specificity': 1, 'Reproducibility': 1, 'ReasoningQuality': 1, 'TechnicalContext': 0, 'Ambiguity': 2, 'RepairReadiness': 1, 'RootCauseEvidence': 1, 'HiddenReproducibility': 0, 'ImpactScope': 0}","{'repair_difficulty': 4, 'ambiguity_count': 2, 'hidden_s2r_present': False, 'root_cause_evidence': 1, 'impact_scope': 0}","{'Actionability': -0.8798826901281197, 'Clarity': -0.07332355751067658, 'Specificity': -0.07332355751067658, 'Reproducibility': -0.07332355751067658, 'ReasoningQuality': -0.07332355751067658, 'TechnicalContext': -0.8798826901281197, 'Ambiguity': 1.5397947077242098, 'RepairReadiness': 2.346353840341653, 'RootCauseEvidence': -0.07332355751067658, 'HiddenReproducibility': -0.8798826901281197, 'ImpactScope': -0.8798826901281197}"
Cli-20,Cli,1.0,1.0,"{'Actionability': 0, 'Clarity': 2, 'Specificity': 0, 'Reproducibility': 2, 'ReasoningQuality': 1, 'TechnicalContext': 0, 'Ambiguity': 0, 'RepairReadiness': 0, 'RootCauseEvidence': 1, 'HiddenReproducibility': 0, 'ImpactScope': 0}","{'repair_difficulty': 5, 'ambiguity_count': 0, 'hidden_s2r_present': False, 'root_cause_evidence': 1, 'impact_scope': 0}","{'Actionability': -0.7960297521679913, 'Clarity': 0.2985111570629967, 'Specificity': -0.7960297521679913, 'Reproducibility': 0.2985111570629967, 'ReasoningQuality': -0.24875929755249732, 'TechnicalContext': -0.7960297521679913, 'Ambiguity': 1.9403225209094788, 'RepairReadiness': 1.9403225209094788, 'RootCauseEvidence': -0.24875929755249732, 'HiddenReproducibility': -0.7960297521679913, 'ImpactScope': -0.7960297521679913}"
Cli-21,Cli,1.0,1.0,"{'Actionability': 0, 'Clarity': 1, 'Specificity': 0, 'Reproducibility': 2, 'ReasoningQuality': 1, 'TechnicalContext': 0, 'Ambiguity': 1, 'RepairReadiness': 1, 'RootCauseEvidence': 1, 'HiddenReproducibility': 0, 'ImpactScope': 0}","{'repair_difficulty': 4, 'ambiguity_count': 1, 'hidden_s2r_present': False, 'root_cause_evidence': 1, 'impact_scope': 0}","{'Actionability': -0.806225774829855, 'Clarity': -0.1240347345892085, 'Specificity': -0.806225774829855, 'Reproducibility': 0.558156305651438, 'ReasoningQuality': -0.1240347345892085, 'TechnicalContext': -0.806225774829855, 'Ambiguity': 1.9225383861327312, 'RepairReadiness': 1.9225383861327312, 'RootCauseEvidence': -0.1240347345892085, 'HiddenReproducibility': -0.806225774829855, 'ImpactScope': -0.806225774829855}"
Cli-22,Cli,1.0,1.0,"{'Actionability': 0, 'Clarity': 2, 'Specificity': 1, 'Reproducibility': 2, 'ReasoningQuality': 1, 'TechnicalContext': 0, 'Ambiguity': 0, 'RepairReadiness': 3, 'RootCauseEvidence': 1, 'HiddenReproducibility': 1, 'ImpactScope': 0}","{'repair_difficulty': 2, 'ambiguity_count': 0, 'hidden_s2r_present': True, 'root_cause_evidence': 1, 'impact_scope': 0}","{'Actionability': -0.9977851578566089, 'Clarity': 0.4656330736664176, 'Specificity': -0.26607604209509567, 'Reproducibility': 0.4656330736664176, 'ReasoningQuality': -0.26607604209509567, 'TechnicalContext': -0.9977851578566089, 'Ambiguity': 2.6607604209509574, 'RepairReadiness': 0.4656330736664176, 'RootCauseEvidence': -0.26607604209509567, 'HiddenReproducibility': -0.26607604209509567, 'ImpactScope': -0.9977851578566089}"
Cli-23,Cli,1.0,1.0,"{'Actionability': 1, 'Clarity': 0, 'Specificity': 0, 'Reproducibility': 0, 'ReasoningQuality': 0, 'TechnicalContext': 0, 'Ambiguity': 0, 'RepairReadiness': 1, 'RootCauseEvidence': 1, 'HiddenReproducibility': 0, 'ImpactScope': 0}","{'repair_difficulty': 4, 'ambiguity_count': 0, 'hidden_s2r_present': False, 'root_cause_evidence': 1, 'impact_scope': 0}","{'Actionability': 0.0, 'Clarity': -0.5863019699779287, 'Specificity': -0.5863019699779287, 'Reproducibility': -0.5863019699779287, 'ReasoningQuality': -0.5863019699779287, 'TechnicalContext': -0.5863019699779287, 'Ambiguity': 2.345207879911715, 'RepairReadiness': 1.758905909933786, 'RootCauseEvidence': 0.0, 'HiddenReproducibility': -0.5863019699779287, 'ImpactScope': -0.5863019699779287}"
Cli-24,Cli,1.0,1.0,"{'Actionability': 1, 'Clarity': 0, 'Specificity': 0, 'Reproducibility': 0, 'ReasoningQuality': 0, 'TechnicalContext': 0, 'Ambiguity': 0, 'RepairReadiness': 1, 'RootCauseEvidence': 1, 'HiddenReproducibility': 0, 'ImpactScope': 0}","{'repair_difficulty': 4, 'ambiguity_count': 0, 'hidden_s2r_present': False, 'root_cause_evidence': 1, 'impact_scope': 0}","{'Actionability': 0.0, 'Clarity': -0.5863019699779287, 'Specificity': -0.5863019699779287, 'Reproducibility': -0.5863019699779287, 'ReasoningQuality': -0.5863019699779287, 'TechnicalContext': -0.5863019699779287, 'Ambiguity': 2.345207879911715, 'RepairReadiness': 1.758905909933786, 'RootCauseEvidence': 0.0, 'HiddenReproducibility': -0.5863019699779287, 'ImpactScope': -0.5863019699779287}"
Cli-25,Cli,1.0,1.0,"{'Actionability': 1, 'Clarity': 0, 'Specificity': 0, 'Reproducibility': 0, 'ReasoningQuality': 0, 'TechnicalContext': 0, 'Ambiguity': 0, 'RepairReadiness': 1, 'RootCauseEvidence': 1, 'HiddenReproducibility': 0, 'ImpactScope': 0}","{'repair_difficulty': 4, 'ambiguity_count': 0, 'hidden_s2r_present': False, 'root_cause_evidence': 1, 'impact_scope': 0}","{'Actionability': 0.0, 'Clarity': -0.5863019699779287, 'Specificity': -0.5863019699779287, 'Reproducibility': -0.5863019699779287, 'ReasoningQuality': -0.5863019699779287, 'TechnicalContext': -0.5863019699779287, 'Ambiguity': 2.345207879911715, 'RepairReadiness': 1.758905909933786, 'RootCauseEvidence': 0.0, 'HiddenReproducibility': -0.5863019699779287, 'ImpactScope': -0.5863019699779287}"
Cli-26,Cli,1.0,1.0,"{'Actionability': 0, 'Clarity': 1, 'Specificity': 0, 'Reproducibility': 1, 'ReasoningQuality': 1, 'TechnicalContext': 0, 'Ambiguity': 0, 'RepairReadiness': 0, 'RootCauseEvidence': 1, 'HiddenReproducibility': 0, 'ImpactScope': 0}","{'repair_difficulty': 5, 'ambiguity_count': 0, 'hidden_s2r_present': False, 'root_cause_evidence': 1, 'impact_scope': 0}","{'Actionability': -0.7017565899639198, 'Clarity': -0.15037641213512565, 'Specificity': -0.7017565899639198, 'Reproducibility': -0.15037641213512565, 'ReasoningQuality': -0.15037641213512565, 'TechnicalContext': -0.7017565899639198, 'Ambiguity': 2.055144299180051, 'RepairReadiness': 2.055144299180051, 'RootCauseEvidence': -0.15037641213512565, 'HiddenReproducibility': -0.7017565899639198, 'ImpactScope': -0.7017565899639198}"
Cli-27,Cli,1.0,1.0,"{'Actionability': 0, 'Clarity': 1, 'Specificity': 0, 'Reproducibility': 1, 'ReasoningQuality': 1, 'TechnicalContext': 0, 'Ambiguity': 0, 'RepairReadiness': 0, 'RootCauseEvidence': 1, 'HiddenReproducibility': 0, 'ImpactScope': 0}","{'repair_difficulty': 5, 'ambiguity_count': 0, 'hidden_s2r_present': False, 'root_cause_evidence': 1, 'impact_scope': 0}","{'Actionability': -0.7017565899639198, 'Clarity': -0.15037641213512565, 'Specificity': -0.7017565899639198, 'Reproducibility': -0.15037641213512565, 'ReasoningQuality': -0.15037641213512565, 'TechnicalContext': -0.7017565899639198, 'Ambiguity': 2.055144299180051, 'RepairReadiness': 2.055144299180051, 'RootCauseEvidence': -0.15037641213512565, 'HiddenReproducibility': -0.7017565899639198, 'ImpactScope': -0.7017565899639198}"
Cli-28,Cli,1.0,1.0,"{'Actionability': 0, 'Clarity': 1, 'Specificity': 1, 'Reproducibility': 2, 'ReasoningQuality': 1, 'TechnicalContext': 0, 'Ambiguity': 2, 'RepairReadiness': 0, 'RootCauseEvidence': 2, 'HiddenReproducibility': 0, 'ImpactScope': 0}","{'repair_difficulty': 5, 'ambiguity_count': 2, 'hidden_s2r_present': False, 'root_cause_evidence': 2, 'impact_scope': 0}","{'Actionability': -0.9128709291752768, 'Clarity': -0.24343224778007377, 'Specificity': -0.24343224778007377, 'Reproducibility': 0.4260064336151293, 'ReasoningQuality': -0.24343224778007377, 'TechnicalContext': -0.9128709291752768, 'Ambiguity': 1.0954451150103324, 'RepairReadiness': 2.4343224778007384, 'RootCauseEvidence': 0.4260064336151293, 'HiddenReproducibility': -0.9128709291752768, 'ImpactScope': -0.9128709291752768}"
Cli-29,Cli,1.0,1.0,"{'Actionability': 0, 'Clarity': 1, 'Specificity': 0, 'Reproducibility': 1, 'ReasoningQuality': 1, 'TechnicalContext': 0, 'Ambiguity': 0, 'RepairReadiness': 2, 'RootCauseEvidence': 1, 'HiddenReproducibility': 0, 'ImpactScope': 0}","{'repair_difficulty': 3, 'ambiguity_count': 0, 'hidden_s2r_present': False, 'root_cause_evidence': 1, 'impact_scope': 0}","{'Actionability': -0.7249465119962123, 'Clarity': -0.06041220933301764, 'Specificity': -0.7249465119962123, 'Reproducibility': -0.06041220933301764, 'ReasoningQuality': -0.06041220933301764, 'TechnicalContext': -0.7249465119962123, 'Ambiguity': 2.5977250013197613, 'RepairReadiness': 1.2686563959933717, 'RootCauseEvidence': -0.06041220933301764, 'HiddenReproducibility': -0.7249465119962123, 'ImpactScope': -0.7249465119962123}"
Cli-3,Cli,1.0,1.0,"{'Actionability': 0, 'Clarity': 2, 'Specificity': 1, 'Reproducibility': 2, 'ReasoningQuality': 1, 'TechnicalContext': 0, 'Ambiguity': 0, 'RepairReadiness': 3, 'RootCauseEvidence': 1, 'HiddenReproducibility': 1, 'ImpactScope': 0}","{'repair_difficulty': 2, 'ambiguity_count': 0, 'hidden_s2r_present': True, 'root_cause_evidence': 1, 'impact_scope': 0}","{'Actionability': -0.9977851578566089, 'Clarity': 0.4656330736664176, 'Specificity': -0.26607604209509567, 'Reproducibility': 0.4656330736664176, 'ReasoningQuality': -0.26607604209509567, 'TechnicalContext': -0.9977851578566089, 'Ambiguity': 2.6607604209509574, 'RepairReadiness': 0.4656330736664176, 'RootCauseEvidence': -0.26607604209509567, 'HiddenReproducibility': -0.26607604209509567, 'ImpactScope': -0.9977851578566089}"
Cli-30,Cli,1.0,1.0,"{'Actionability': 0, 'Clarity': 1, 'Specificity': 0, 'Reproducibility': 2, 'ReasoningQuality': 1, 'TechnicalContext': 0, 'Ambiguity': 0, 'RepairReadiness': 0, 'RootCauseEvidence': 1, 'HiddenReproducibility': 0, 'ImpactScope': 0}","{'repair_difficulty': 5, 'ambiguity_count': 0, 'hidden_s2r_present': False, 'root_cause_evidence': 1, 'impact_scope': 0}","{'Actionability': -0.7481320020807246, 'Clarity': -0.19950186722152652, 'Specificity': -0.7481320020807246, 'Reproducibility': 0.3491282676376716, 'ReasoningQuality': -0.19950186722152652, 'TechnicalContext': -0.7481320020807246, 'Ambiguity': 1.995018672215266, 'RepairReadiness': 1.995018672215266, 'RootCauseEvidence': -0.19950186722152652, 'HiddenReproducibility': -0.7481320020807246, 'ImpactScope': -0.7481320020807246}"
Cli-31,Cli,1.0,1.0,"{'Actionability': 0, 'Clarity': 1, 'Specificity': 0, 'Reproducibility': 1, 'ReasoningQuality': 1, 'TechnicalContext': 0, 'Ambiguity': 0, 'RepairReadiness': 0, 'RootCauseEvidence': 2, 'HiddenReproducibility': 0, 'ImpactScope': 0}","{'repair_difficulty': 5, 'ambiguity_count': 0, 'hidden_s2r_present': False, 'root_cause_evidence': 2, 'impact_scope': 0}","{'Actionability': -0.7481320020807246, 'Clarity': -0.19950186722152652, 'Specificity': -0.7481320020807246, 'Reproducibility': -0.19950186722152652, 'ReasoningQuality': -0.19950186722152652, 'TechnicalContext': -0.7481320020807246, 'Ambiguity': 1.995018672215266, 'RepairReadiness': 1.995018672215266, 'RootCauseEvidence': 0.3491282676376716, 'HiddenReproducibility': -0.7481320020807246, 'ImpactScope': -0.7481320020807246}"
Cli-32,Cli,1.0,1.0,"{'Actionability': 0, 'Clarity': 1, 'Specificity': 1, 'Reproducibility': 0, 'ReasoningQuality': 0, 'TechnicalContext': 0, 'Ambiguity': 0, 'RepairReadiness': 0, 'RootCauseEvidence': 1, 'HiddenReproducibility': 0, 'ImpactScope': 0}","{'repair_difficulty': 5, 'ambiguity_count': 0, 'hidden_s2r_present': False, 'root_cause_evidence': 1, 'impact_scope': 0}","{'Actionability': -0.6389151433378876, 'Clarity': -0.09829463743659811, 'Specificity': -0.09829463743659811, 'Reproducibility': -0.6389151433378876, 'ReasoningQuality': -0.6389151433378876, 'TechnicalContext': -0.6389151433378876, 'Ambiguity': 2.06418738616856, 'RepairReadiness': 2.06418738616856, 'RootCauseEvidence': -0.09829463743659811, 'HiddenReproducibility': -0.6389151433378876, 'ImpactScope': -0.6389151433378876}"
Cli-33,Cli,1.0,1.0,"{'Actionability': 0, 'Clarity': 1, 'Specificity': 1, 'Reproducibility': 1, 'ReasoningQuality': 0, 'TechnicalContext': 0, 'Ambiguity': 0, 'RepairReadiness': 1, 'RootCauseEvidence': 1, 'HiddenReproducibility': 1, 'ImpactScope': 0}","{'repair_difficulty': 4, 'ambiguity_count': 0, 'hidden_s2r_present': True, 'root_cause_evidence': 1, 'impact_scope': 0}","{'Actionability': -0.7951465679458908, 'Clarity': -0.17038855027411945, 'Specificity': -0.17038855027411945, 'Reproducibility': -0.17038855027411945, 'ReasoningQuality': -0.7951465679458908, 'TechnicalContext': -0.7951465679458908, 'Ambiguity': 2.328643520412966, 'RepairReadiness': 1.7038855027411945, 'RootCauseEvidence': -0.17038855027411945, 'HiddenReproducibility': -0.17038855027411945, 'ImpactScope': -0.7951465679458908}"
Cli-34,Cli,1.0,1.0,"{'Actionability': 0, 'Clarity': 1, 'Specificity': 0, 'Reproducibility': 3, 'ReasoningQuality': 2, 'TechnicalContext': 0, 'Ambiguity': 0, 'RepairReadiness': 0, 'RootCauseEvidence': 1, 'HiddenReproducibility': 0, 'ImpactScope': 0}","{'repair_difficulty': 5, 'ambiguity_count': 0, 'hidden_s2r_present': False, 'root_cause_evidence': 1, 'impact_scope': 0}","{'Actionability': -0.8236526912895656, 'Clarity': -0.29070094986690553, 'Specificity': -0.8236526912895656, 'Reproducibility': 0.7752025329784148, 'ReasoningQuality': 0.24225079155575463, 'TechnicalContext': -0.8236526912895656, 'Ambiguity': 1.8411060158237351, 'RepairReadiness': 1.8411060158237351, 'RootCauseEvidence': -0.29070094986690553, 'HiddenReproducibility': -0.8236526912895656, 'ImpactScope': -0.8236526912895656}"
Cli-35,Cli,1.0,1.0,"{'Actionability': 0, 'Clarity': 1, 'Specificity': 1, 'Reproducibility': 0, 'ReasoningQuality': 1, 'TechnicalContext': 0, 'Ambiguity': 0, 'RepairReadiness': 0, 'RootCauseEvidence': 2, 'HiddenReproducibility': 0, 'ImpactScope': 0}","{'repair_difficulty': 5, 'ambiguity_count': 0, 'hidden_s2r_present': False, 'root_cause_evidence': 2, 'impact_scope': 0}","{'Actionability': -0.7481320020807246, 'Clarity': -0.19950186722152652, 'Specificity': -0.19950186722152652, 'Reproducibility': -0.7481320020807246, 'ReasoningQuality': -0.19950186722152652, 'TechnicalContext': -0.7481320020807246, 'Ambiguity': 1.995018672215266, 'RepairReadiness': 1.995018672215266, 'RootCauseEvidence': 0.3491282676376716, 'HiddenReproducibility': -0.7481320020807246, 'ImpactScope': -0.7481320020807246}"
Cli-36,Cli,1.0,1.0,"{'Actionability': 0, 'Clarity': 1, 'Specificity': 1, 'Reproducibility': 0, 'ReasoningQuality': 2, 'TechnicalContext': 0, 'Ambiguity': 0, 'RepairReadiness': 1, 'RootCauseEvidence': 1, 'HiddenReproducibility': 0, 'ImpactScope': 0}","{'repair_difficulty': 4, 'ambiguity_count': 0, 'hidden_s2r_present': False, 'root_cause_evidence': 1, 'impact_scope': 0}","{'Actionability': -0.7683498199278324, 'Clarity': -0.16464638998453549, 'Specificity': -0.16464638998453549, 'Reproducibility': -0.7683498199278324, 'ReasoningQuality': 0.4390570399587614, 'TechnicalContext': -0.7683498199278324, 'Ambiguity': 2.250167329788652, 'RepairReadiness': 1.6464638998453551, 'RootCauseEvidence': -0.16464638998453549, 'HiddenReproducibility': -0.7683498199278324, 'ImpactScope': -0.7683498199278324}"
Cli-37,Cli,1.0,1.0,"{'Actionability': 0, 'Clarity': 0, 'Specificity': 0, 'Reproducibility': 0, 'ReasoningQuality': 0, 'TechnicalContext': 0, 'Ambiguity': 0, 'RepairReadiness': 0, 'RootCauseEvidence': 0, 'HiddenReproducibility': 0, 'ImpactScope': 0}","{'repair_difficulty': 5, 'ambiguity_count': 0, 'hidden_s2r_present': False, 'root_cause_evidence': 0, 'impact_scope': 0}","{'Actionability': -0.4714045207910317, 'Clarity': -0.4714045207910317, 'Specificity': -0.4714045207910317, 'Reproducibility': -0.4714045207910317, 'ReasoningQuality': -0.4714045207910317, 'TechnicalContext': -0.4714045207910317, 'Ambiguity': 2.121320343559643, 'RepairReadiness': 2.121320343559643, 'RootCauseEvidence': -0.4714045207910317, 'HiddenReproducibility': -0.4714045207910317, 'ImpactScope': -0.4714045207910317}"
Cli-38,Cli,1.0,1.0,"{'Actionability': 0, 'Clarity': 0, 'Specificity': 0, 'Reproducibility': 0, 'ReasoningQuality': 0, 'TechnicalContext': 0, 'Ambiguity': 0, 'RepairReadiness': 0, 'RootCauseEvidence': 0, 'HiddenReproducibility': 0, 'ImpactScope': 0}","{'repair_difficulty': 5, 'ambiguity_count': 0, 'hidden_s2r_present': False, 'root_cause_evidence': 0, 'impact_scope': 0}","{'Actionability': -0.4714045207910317, 'Clarity': -0.4714045207910317, 'Specificity': -0.4714045207910317, 'Reproducibility': -0.4714045207910317, 'ReasoningQuality': -0.4714045207910317, 'TechnicalContext': -0.4714045207910317, 'Ambiguity': 2.121320343559643, 'RepairReadiness': 2.121320343559643, 'RootCauseEvidence': -0.4714045207910317, 'HiddenReproducibility': -0.4714045207910317, 'ImpactScope': -0.4714045207910317}"
Cli-39,Cli,1.0,1.0,"{'Actionability': 0, 'Clarity': 1, 'Specificity': 0, 'Reproducibility': 3, 'ReasoningQuality': 1, 'TechnicalContext': 0, 'Ambiguity': 1, 'RepairReadiness': 3, 'RootCauseEvidence': 1, 'HiddenReproducibility': 0, 'ImpactScope': 0}","{'repair_difficulty': 2, 'ambiguity_count': 1, 'hidden_s2r_present': False, 'root_cause_evidence': 1, 'impact_scope': 0}","{'Actionability': -0.8320502943378436, 'Clarity': -0.06933752452815357, 'Specificity': -0.8320502943378436, 'Reproducibility': 1.4560880150912263, 'ReasoningQuality': -0.06933752452815357, 'TechnicalContext': -0.8320502943378436, 'Ambiguity': 2.2188007849009166, 'RepairReadiness': 0.6933752452815364, 'RootCauseEvidence': -0.06933752452815357, 'HiddenReproducibility': -0.8320502943378436, 'ImpactScope': -0.8320502943378436}"
Cli-4,Cli,1.0,1.0,"{'Actionability': 0, 'Clarity': 2, 'Specificity': 1, 'Reproducibility': 2, 'ReasoningQuality': 1, 'TechnicalContext': 0, 'Ambiguity': 0, 'RepairReadiness': 3, 'RootCauseEvidence': 1, 'HiddenReproducibility': 1, 'ImpactScope': 0}","{'repair_difficulty': 2, 'ambiguity_count': 0, 'hidden_s2r_present': True, 'root_cause_evidence': 1, 'impact_scope': 0}","{'Actionability': -0.9977851578566089, 'Clarity': 0.4656330736664176, 'Specificity': -0.26607604209509567, 'Reproducibility': 0.4656330736664176, 'ReasoningQuality': -0.26607604209509567, 'TechnicalContext': -0.9977851578566089, 'Ambiguity': 2.6607604209509574, 'RepairReadiness': 0.4656330736664176, 'RootCauseEvidence': -0.26607604209509567, 'HiddenReproducibility': -0.26607604209509567, 'ImpactScope': -0.9977851578566089}"
Cli-40,Cli,1.0,1.0,"{'Actionability': 0, 'Clarity': 1, 'Specificity': 1, 'Reproducibility': 1, 'ReasoningQuality': 1, 'TechnicalContext': 0, 'Ambiguity': 0, 'RepairReadiness': 1, 'RootCauseEvidence': 1, 'HiddenReproducibility': 0, 'ImpactScope': 0}","{'repair_difficulty': 4, 'ambiguity_count': 0, 'hidden_s2r_present': False, 'root_cause_evidence': 1, 'impact_scope': 0}","{'Actionability': -0.7951465679458908, 'Clarity': -0.17038855027411945, 'Specificity': -0.17038855027411945, 'Reproducibility': -0.17038855027411945, 'ReasoningQuality': -0.17038855027411945, 'TechnicalContext': -0.7951465679458908, 'Ambiguity': 2.328643520412966, 'RepairReadiness': 1.7038855027411945, 'RootCauseEvidence': -0.17038855027411945, 'HiddenReproducibility': -0.7951465679458908, 'ImpactScope': -0.7951465679458908}"
Cli-5,Cli,1.0,1.0,"{'Actionability': 0, 'Clarity': 1, 'Specificity': 0, 'Reproducibility': 1, 'ReasoningQuality': 1, 'TechnicalContext': 0, 'Ambiguity': 0, 'RepairReadiness': 0, 'RootCauseEvidence': 1, 'HiddenReproducibility': 0, 'ImpactScope': 0}","{'repair_difficulty': 5, 'ambiguity_count': 0, 'hidden_s2r_present': False, 'root_cause_evidence': 1, 'impact_scope': 0}","{'Actionability': -0.7017565899639198, 'Clarity': -0.15037641213512565, 'Specificity': -0.7017565899639198, 'Reproducibility': -0.15037641213512565, 'ReasoningQuality': -0.15037641213512565, 'TechnicalContext': -0.7017565899639198, 'Ambiguity': 2.055144299180051, 'RepairReadiness': 2.055144299180051, 'RootCauseEvidence': -0.15037641213512565, 'HiddenReproducibility': -0.7017565899639198, 'ImpactScope': -0.7017565899639198}"
Cli-7,Cli,1.0,1.0,"{'Actionability': 0, 'Clarity': 0, 'Specificity': 1, 'Reproducibility': 1, 'ReasoningQuality': 0, 'TechnicalContext': 0, 'Ambiguity': 1, 'RepairReadiness': 0, 'RootCauseEvidence': 0, 'HiddenReproducibility': 0, 'ImpactScope': 0}","{'repair_difficulty': 5, 'ambiguity_count': 1, 'hidden_s2r_present': False, 'root_cause_evidence': 0, 'impact_scope': 0}","{'Actionability': -0.5863019699779287, 'Clarity': -0.5863019699779287, 'Specificity': 0.0, 'Reproducibility': 0.0, 'ReasoningQuality': -0.5863019699779287, 'TechnicalContext': -0.5863019699779287, 'Ambiguity': 1.758905909933786, 'RepairReadiness': 2.345207879911715, 'RootCauseEvidence': -0.5863019699779287, 'HiddenReproducibility': -0.5863019699779287, 'ImpactScope': -0.5863019699779287}"
Cli-8,Cli,1.0,1.0,"{'Actionability': 0, 'Clarity': 1, 'Specificity': 1, 'Reproducibility': 1, 'ReasoningQuality': 1, 'TechnicalContext': 0, 'Ambiguity': 1, 'RepairReadiness': 2, 'RootCauseEvidence': 2, 'HiddenReproducibility': 1, 'ImpactScope': 0}","{'repair_difficulty': 3, 'ambiguity_count': 1, 'hidden_s2r_present': True, 'root_cause_evidence': 2, 'impact_scope': 0}","{'Actionability': -1.049344364594206, 'Clarity': -0.2248595066987584, 'Specificity': -0.2248595066987584, 'Reproducibility': -0.2248595066987584, 'ReasoningQuality': -0.2248595066987584, 'TechnicalContext': -1.049344364594206, 'Ambiguity': 2.2485950669875843, 'RepairReadiness': 1.4241102090921367, 'RootCauseEvidence': 0.5996253511966891, 'HiddenReproducibility': -0.2248595066987584, 'ImpactScope': -1.049344364594206}"
Cli-9,Cli,1.0,1.0,"{'Actionability': 0, 'Clarity': 1, 'Specificity': 0, 'Reproducibility': 1, 'ReasoningQuality': 1, 'TechnicalContext': 0, 'Ambiguity': 0, 'RepairReadiness': 0, 'RootCauseEvidence': 1, 'HiddenReproducibility': 0, 'ImpactScope': 0}","{'repair_difficulty': 5, 'ambiguity_count': 0, 'hidden_s2r_present': False, 'root_cause_evidence': 1, 'impact_scope': 0}","{'Actionability': -0.7017565899639198, 'Clarity': -0.15037641213512565, 'Specificity': -0.7017565899639198, 'Reproducibility': -0.15037641213512565, 'ReasoningQuality': -0.15037641213512565, 'TechnicalContext': -0.7017565899639198, 'Ambiguity': 2.055144299180051, 'RepairReadiness': 2.055144299180051, 'RootCauseEvidence': -0.15037641213512565, 'HiddenReproducibility': -0.7017565899639198, 'ImpactScope': -0.7017565899639198}"
Closure-1,Closure,1.0,1.0,"{'Actionability': 1, 'Clarity': 1, 'Specificity': 2, 'Reproducibility': 3, 'ReasoningQuality': 0, 'TechnicalContext': 0, 'Ambiguity': 2, 'RepairReadiness': 1, 'RootCauseEvidence': 1, 'HiddenReproducibility': 1, 'ImpactScope': 0}","{'repair_difficulty': 4, 'ambiguity_count': 2, 'hidden_s2r_present': True, 'root_cause_evidence': 1, 'impact_scope': 0}","{'Actionability': -0.34836650714580886, 'Clarity': -0.34836650714580886, 'Specificity': 0.41803980857497053, 'Reproducibility': 1.1844461242957498, 'ReasoningQuality': -1.1147728228665883, 'TechnicalContext': -1.1147728228665883, 'Ambiguity': 1.1844461242957498, 'RepairReadiness': 1.9508524400165292, 'RootCauseEvidence': -0.34836650714580886, 'HiddenReproducibility': -0.34836650714580886, 'ImpactScope': -1.1147728228665883}"
Closure-10,Closure,1.0,1.0,"{'Actionability': 1, 'Clarity': 3, 'Specificity': 3, 'Reproducibility': 4, 'ReasoningQuality': 1, 'TechnicalContext': 0, 'Ambiguity': 2, 'RepairReadiness': 3, 'RootCauseEvidence': 1, 'HiddenReproducibility': 1, 'ImpactScope': 0}","{'repair_difficulty': 2, 'ambiguity_count': 2, 'hidden_s2r_present': True, 'root_cause_evidence': 1, 'impact_scope': 0}","{'Actionability': -0.565685424949238, 'Clarity': 0.9899494936611665, 'Specificity': 0.9899494936611665, 'Reproducibility': 1.7677669529663684, 'ReasoningQuality': -0.565685424949238, 'TechnicalContext': -1.3435028842544403, 'Ambiguity': 0.9899494936611665, 'RepairReadiness': 0.21213203435596423, 'RootCauseEvidence': -0.565685424949238, 'HiddenReproducibility': -0.565685424949238, 'ImpactScope': -1.3435028842544403}"
Closure-100,Closure,1.0,1.0,"{'Actionability': 2, 'Clarity': 3, 'Specificity': 3, 'Reproducibility': 3, 'ReasoningQuality': 1, 'TechnicalContext': 0, 'Ambiguity': 2, 'RepairReadiness': 2, 'RootCauseEvidence': 1, 'HiddenReproducibility': 1, 'ImpactScope': 0}","{'repair_difficulty': 3, 'ambiguity_count': 2, 'hidden_s2r_present': True, 'root_cause_evidence': 1, 'impact_scope': 0}","{'Actionability': 0.15249857033260472, 'Clarity': 0.9912407071619304, 'Specificity': 0.9912407071619304, 'Reproducibility': 0.9912407071619304, 'ReasoningQuality': -0.6862435664967209, 'TechnicalContext': -1.5249857033260465, 'Ambiguity': 0.9912407071619304, 'RepairReadiness': 0.9912407071619304, 'RootCauseEvidence': -0.6862435664967209, 'HiddenReproducibility': -0.6862435664967209, 'ImpactScope': -1.5249857033260465}"
Closure-101,Closure,1.0,1.0,"{'Actionability': 1, 'Clarity': 3, 'Specificity': 2, 'Reproducibility': 3, 'ReasoningQuality': 1, 'TechnicalContext': 0, 'Ambiguity': 2, 'RepairReadiness': 1, 'RootCauseEvidence': 1, 'HiddenReproducibility': 1, 'ImpactScope': 0}","{'repair_difficulty': 4, 'ambiguity_count': 2, 'hidden_s2r_present': True, 'root_cause_evidence': 1, 'impact_scope': 0}","{'Actionability': -0.565685424949238, 'Clarity': 0.9899494936611665, 'Specificity': 0.21213203435596423, 'Reproducibility': 0.9899494936611665, 'ReasoningQuality': -0.565685424949238, 'TechnicalContext': -1.3435028842544403, 'Ambiguity': 0.9899494936611665, 'RepairReadiness': 1.7677669529663684, 'RootCauseEvidence': -0.565685424949238, 'HiddenReproducibility': -0.565685424949238, 'ImpactScope': -1.3435028842544403}"
Closure-102,Closure,1.0,1.0,"{'Actionability': 4, 'Clarity': 2, 'Specificity': 1, 'Reproducibility': 0, 'ReasoningQuality': 2, 'TechnicalContext': 0, 'Ambiguity': 2, 'RepairReadiness': 1, 'RootCauseEvidence': 1, 'HiddenReproducibility': 0, 'ImpactScope': 1}","{'repair_difficulty': 4, 'ambiguity_count': 2, 'hidden_s2r_present': False, 'root_cause_evidence': 1, 'impact_scope': 1}","{'Actionability': 1.6510016510024763, 'Clarity': 0.25400025400038095, 'Specificity': -0.44450044450066684, 'Reproducibility': -1.1430011430017146, 'ReasoningQuality': 0.25400025400038095, 'TechnicalContext': -1.1430011430017146, 'Ambiguity': 0.9525009525014287, 'RepairReadiness': 1.6510016510024763, 'RootCauseEvidence': -0.44450044450066684, 'HiddenReproducibility': -1.1430011430017146, 'ImpactScope': -0.44450044450066684}"
Closure-103,Closure,1.0,1.0,"{'Actionability': 0, 'Clarity': 1, 'Specificity': 1, 'Reproducibility': 1, 'ReasoningQuality': 1, 'TechnicalContext': 0, 'Ambiguity': 0, 'RepairReadiness': 1, 'RootCauseEvidence': 2, 'HiddenReproducibility': 1, 'ImpactScope': 1}","{'repair_difficulty': 4, 'ambiguity_count': 0, 'hidden_s2r_present': True, 'root_cause_evidence': 2, 'impact_scope': 1}","{'Actionability': -1.0307764064044151, 'Clarity': -0.36380343755449945, 'Specificity': -0.36380343755449945, 'Reproducibility': -0.36380343755449945, 'ReasoningQuality': -0.36380343755449945, 'TechnicalContext': -1.0307764064044151, 'Ambiguity': 2.3040884378451634, 'RepairReadiness': 1.6371154689952476, 'RootCauseEvidence': 0.30316953129541624, 'HiddenReproducibility': -0.36380343755449945, 'ImpactScope': -0.36380343755449945}"
Closure-104,Closure,1.0,1.0,"{'Actionability': 1, 'Clarity': 2, 'Specificity': 0, 'Reproducibility': 1, 'ReasoningQuality': 1, 'TechnicalContext': 0, 'Ambiguity': 0, 'RepairReadiness': 0, 'RootCauseEvidence': 1, 'HiddenReproducibility': 0, 'ImpactScope': 0}","{'repair_difficulty': 5, 'ambiguity_count': 0, 'hidden_s2r_present': False, 'root_cause_evidence': 1, 'impact_scope': 0}","{'Actionability': -0.25582225504832545, 'Clarity': 0.3069867060579905, 'Specificity': -0.8186312161546414, 'Reproducibility': -0.25582225504832545, 'ReasoningQuality': -0.25582225504832545, 'TechnicalContext': -0.8186312161546414, 'Ambiguity': 1.9954135893769382, 'RepairReadiness': 1.9954135893769382, 'RootCauseEvidence': -0.25582225504832545, 'HiddenReproducibility': -0.8186312161546414, 'ImpactScope': -0.8186312161546414}"
Closure-105,Closure,1.0,1.0,"{'Actionability': 0, 'Clarity': 1, 'Specificity': 0, 'Reproducibility': 1, 'ReasoningQuality': 1, 'TechnicalContext': 0, 'Ambiguity': 0, 'RepairReadiness': 2, 'RootCauseEvidence': 1, 'HiddenReproducibility': 0, 'ImpactScope': 0}","{'repair_difficulty': 3, 'ambiguity_count': 0, 'hidden_s2r_present': False, 'root_cause_evidence': 1, 'impact_scope': 0}","{'Actionability': -0.7249465119962123, 'Clarity': -0.06041220933301764, 'Specificity': -0.7249465119962123, 'Reproducibility': -0.06041220933301764, 'ReasoningQuality': -0.06041220933301764, 'TechnicalContext': -0.7249465119962123, 'Ambiguity': 2.5977250013197613, 'RepairReadiness': 1.2686563959933717, 'RootCauseEvidence': -0.06041220933301764, 'HiddenReproducibility': -0.7249465119962123, 'ImpactScope': -0.7249465119962123}"
Closure-106,Closure,1.0,1.0,"{'Actionability': 0, 'Clarity': 2, 'Specificity': 1, 'Reproducibility': 3, 'ReasoningQuality': 1, 'TechnicalContext': 0, 'Ambiguity': 1, 'RepairReadiness': 0, 'RootCauseEvidence': 2, 'HiddenReproducibility': 0, 'ImpactScope': 0}","{'repair_difficulty': 5, 'ambiguity_count': 1, 'hidden_s2r_present': False, 'root_cause_evidence': 2, 'impact_scope': 0}","{'Actionability': -0.9819805060619657, 'Clarity': 0.2182178902359923, 'Specificity': -0.38188130791298674, 'Reproducibility': 0.8183170883849714, 'ReasoningQuality': -0.38188130791298674, 'TechnicalContext': -0.9819805060619657, 'Ambiguity': 1.4184162865339502, 'RepairReadiness': 2.018515484682929, 'RootCauseEvidence': 0.2182178902359923, 'HiddenReproducibility': -0.9819805060619657, 'ImpactScope': -0.9819805060619657}"
Closure-107,Closure,1.0,1.0,"{'Actionability': 0, 'Clarity': 1, 'Specificity': 0, 'Reproducibility': 1, 'ReasoningQuality': 0, 'TechnicalContext': 1, 'Ambiguity': 0, 'RepairReadiness': 2, 'RootCauseEvidence': 2, 'HiddenReproducibility': 0, 'ImpactScope': 1}","{'repair_difficulty': 3, 'ambiguity_count': 0, 'hidden_s2r_present': False, 'root_cause_evidence': 2, 'impact_scope': 1}","{'Actionability': -0.8583950752789522, 'Clarity': -0.18394180184548975, 'Specificity': -0.8583950752789522, 'Reproducibility': -0.18394180184548975, 'ReasoningQuality': -0.8583950752789522, 'TechnicalContext': -0.18394180184548975, 'Ambiguity': 2.51387129188836, 'RepairReadiness': 1.164964745021435, 'RootCauseEvidence': 0.4905114715879727, 'HiddenReproducibility': -0.8583950752789522, 'ImpactScope': -0.18394180184548975}"
Closure-108,Closure,1.0,1.0,"{'Actionability': 0, 'Clarity': 0, 'Specificity': 0, 'Reproducibility': 0, 'ReasoningQuality': 0, 'TechnicalContext': 0, 'Ambiguity': 0, 'RepairReadiness': 0, 'RootCauseEvidence': 1, 'HiddenReproducibility': 0, 'ImpactScope': 0}","{'repair_difficulty': 5, 'ambiguity_count': 0, 'hidden_s2r_present': False, 'root_cause_evidence': 1, 'impact_scope': 0}","{'Actionability': -0.5244044240850757, 'Clarity': -0.5244044240850757, 'Specificity': -0.5244044240850757, 'Reproducibility': -0.5244044240850757, 'ReasoningQuality': -0.5244044240850757, 'TechnicalContext': -0.5244044240850757, 'Ambiguity': 2.097617696340303, 'RepairReadiness': 2.097617696340303, 'RootCauseEvidence': 0.0, 'HiddenReproducibility': -0.5244044240850757, 'ImpactScope': -0.5244044240850757}"
Closure-109,Closure,1.0,1.0,"{'Actionability': 0, 'Clarity': 0, 'Specificity': 1, 'Reproducibility': 0, 'ReasoningQuality': 0, 'TechnicalContext': 0, 'Ambiguity': 0, 'RepairReadiness': 1, 'RootCauseEvidence': 1, 'HiddenReproducibility': 0, 'ImpactScope': 0}","{'repair_difficulty': 4, 'ambiguity_count': 0, 'hidden_s2r_present': False, 'root_cause_evidence': 1, 'impact_scope': 0}","{'Actionability': -0.5863019699779287, 'Clarity': -0.5863019699779287, 'Specificity': 0.0, 'Reproducibility': -0.5863019699779287, 'ReasoningQuality': -0.5863019699779287, 'TechnicalContext': -0.5863019699779287, 'Ambiguity': 2.345207879911715, 'RepairReadiness': 1.758905909933786, 'RootCauseEvidence': 0.0, 'HiddenReproducibility': -0.5863019699779287, 'ImpactScope': -0.5863019699779287}"
Closure-11,Closure,1.0,1.0,"{'Actionability': 4, 'Clarity': 2, 'Specificity': 1, 'Reproducibility': 1, 'ReasoningQuality': 2, 'TechnicalContext': 0, 'Ambiguity': 2, 'RepairReadiness': 1, 'RootCauseEvidence': 1, 'HiddenReproducibility': 0, 'ImpactScope': 1}","{'repair_difficulty': 4, 'ambiguity_count': 2, 'hidden_s2r_present': False, 'root_cause_evidence': 1, 'impact_scope': 1}","{'Actionability': 1.6778901380350604, 'Clarity': 0.20134681656420725, 'Specificity': -0.5369248441712194, 'Reproducibility': -0.5369248441712194, 'ReasoningQuality': 0.20134681656420725, 'TechnicalContext': -1.275196504906646, 'Ambiguity': 0.9396184772996339, 'RepairReadiness': 1.6778901380350604, 'RootCauseEvidence': -0.5369248441712194, 'HiddenReproducibility': -1.275196504906646, 'ImpactScope': -0.5369248441712194}"
Closure-110,Closure,1.0,1.0,"{'Actionability': 0, 'Clarity': 2, 'Specificity': 0, 'Reproducibility': 3, 'ReasoningQuality': 1, 'TechnicalContext': 0, 'Ambiguity': 1, 'RepairReadiness': 2, 'RootCauseEvidence': 1, 'HiddenReproducibility': 1, 'ImpactScope': 0}","{'repair_difficulty': 3, 'ambiguity_count': 1, 'hidden_s2r_present': True, 'root_cause_evidence': 1, 'impact_scope': 0}","{'Actionability': -0.9977851578566089, 'Clarity': 0.4656330736664176, 'Specificity': -0.9977851578566089, 'Reproducibility': 1.1973421894279308, 'ReasoningQuality': -0.26607604209509567, 'TechnicalContext': -0.9977851578566089, 'Ambiguity': 1.9290513051894442, 'RepairReadiness': 1.1973421894279308, 'RootCauseEvidence': -0.26607604209509567, 'HiddenReproducibility': -0.26607604209509567, 'ImpactScope': -0.9977851578566089}"
Closure-111,Closure,1.0,1.0,"{'Actionability': 1, 'Clarity': 1, 'Specificity': 2, 'Reproducibility': 4, 'ReasoningQuality': 0, 'TechnicalContext': 0, 'Ambiguity': 2, 'RepairReadiness': 2, 'RootCauseEvidence': 1, 'HiddenReproducibility': 1, 'ImpactScope': 0}","{'repair_difficulty': 3, 'ambiguity_count': 2, 'hidden_s2r_present': True, 'root_cause_evidence': 1, 'impact_scope': 0}","{'Actionability': -0.34836650714580886, 'Clarity': -0.34836650714580886, 'Specificity': 0.41803980857497053, 'Reproducibility': 1.9508524400165292, 'ReasoningQuality': -1.1147728228665883, 'TechnicalContext': -1.1147728228665883, 'Ambiguity': 1.1844461242957498, 'RepairReadiness': 1.1844461242957498, 'RootCauseEvidence': -0.34836650714580886, 'HiddenReproducibility': -0.34836650714580886, 'ImpactScope': -1.1147728228665883}"
Closure-112,Closure,1.0,1.0,"{'Actionability': 0, 'Clarity': 1, 'Specificity': 1, 'Reproducibility': 1, 'ReasoningQuality': 1, 'TechnicalContext': 0, 'Ambiguity': 0, 'RepairReadiness': 2, 'RootCauseEvidence': 1, 'HiddenReproducibility': 1, 'ImpactScope': 0}","{'repair_difficulty': 3, 'ambiguity_count': 0, 'hidden_s2r_present': True, 'root_cause_evidence': 1, 'impact_scope': 0}","{'Actionability': -0.8962581595302718, 'Clarity': -0.19205531989934393, 'Specificity': -0.19205531989934393, 'Reproducibility': -0.19205531989934393, 'ReasoningQuality': -0.19205531989934393, 'TechnicalContext': -0.8962581595302718, 'Ambiguity': 2.624756038624368, 'RepairReadiness': 1.2163503593625118, 'RootCauseEvidence': -0.19205531989934393, 'HiddenReproducibility': -0.19205531989934393, 'ImpactScope': -0.8962581595302718}"
Closure-113,Closure,1.0,1.0,"{'Actionability': 4, 'Clarity': 2, 'Specificity': 1, 'Reproducibility': 1, 'ReasoningQuality': 3, 'TechnicalContext': 0, 'Ambiguity': 2, 'RepairReadiness': 1, 'RootCauseEvidence': 2, 'HiddenReproducibility': 1, 'ImpactScope': 1}","{'repair_difficulty': 4, 'ambiguity_count': 2, 'hidden_s2r_present': True, 'root_cause_evidence': 2, 'impact_scope': 1}","{'Actionability': 1.563471919941143, 'Clarity': 0.0, 'Specificity': -0.7817359599705715, 'Reproducibility': -0.7817359599705715, 'ReasoningQuality': 0.7817359599705715, 'TechnicalContext': -1.563471919941143, 'Ambiguity': 0.7817359599705715, 'RepairReadiness': 1.563471919941143, 'RootCauseEvidence': 0.0, 'HiddenReproducibility': -0.7817359599705715, 'ImpactScope': -0.7817359599705715}"
Closure-114,Closure,1.0,1.0,"{'Actionability': 4, 'Clarity': 2, 'Specificity': 1, 'Reproducibility': 3, 'ReasoningQuality': 3, 'TechnicalContext': 0, 'Ambiguity': 3, 'RepairReadiness': 2, 'RootCauseEvidence': 3, 'HiddenReproducibility': 0, 'ImpactScope': 1}","{'repair_difficulty': 3, 'ambiguity_count': 3, 'hidden_s2r_present': False, 'root_cause_evidence': 3, 'impact_scope': 1}","{'Actionability': 1.563471919941143, 'Clarity': 0.0, 'Specificity': -0.7817359599705715, 'Reproducibility': 0.7817359599705715, 'ReasoningQuality': 0.7817359599705715, 'TechnicalContext': -1.563471919941143, 'Ambiguity': 0.0, 'RepairReadiness': 0.7817359599705715, 'RootCauseEvidence': 0.7817359599705715, 'HiddenReproducibility': -1.563471919941143, 'ImpactScope': -0.7817359599705715}"
Closure-115,Closure,1.0,1.0,"{'Actionability': 0, 'Clarity': 1, 'Specificity': 2, 'Reproducibility': 3, 'ReasoningQuality': 0, 'TechnicalContext': 0, 'Ambiguity': 1, 'RepairReadiness': 1, 'RootCauseEvidence': 1, 'HiddenReproducibility': 1, 'ImpactScope': 0}","{'repair_difficulty': 4, 'ambiguity_count': 1, 'hidden_s2r_present': True, 'root_cause_evidence': 1, 'impact_scope': 0}","{'Actionability': -0.970142500145332, 'Clarity': -0.30316953129541624, 'Specificity': 0.36380343755449945, 'Reproducibility': 1.0307764064044151, 'ReasoningQuality': -0.970142500145332, 'TechnicalContext': -0.970142500145332, 'Ambiguity': 1.697749375254331, 'RepairReadiness': 1.697749375254331, 'RootCauseEvidence': -0.30316953129541624, 'HiddenReproducibility': -0.30316953129541624, 'ImpactScope': -0.970142500145332}"
Closure-116,Closure,1.0,1.0,"{'Actionability': 0, 'Clarity': 1, 'Specificity': 2, 'Reproducibility': 3, 'ReasoningQuality': 0, 'TechnicalContext': 0, 'Ambiguity': 1, 'RepairReadiness': 1, 'RootCauseEvidence': 1, 'HiddenReproducibility': 1, 'ImpactScope': 0}","{'repair_difficulty': 4, 'ambiguity_count': 1, 'hidden_s2r_present': True, 'root_cause_evidence': 1, 'impact_scope': 0}","{'Actionability': -0.970142500145332, 'Clarity': -0.30316953129541624, 'Specificity': 0.36380343755449945, 'Reproducibility': 1.0307764064044151, 'ReasoningQuality': -0.970142500145332, 'TechnicalContext': -0.970142500145332, 'Ambiguity': 1.697749375254331, 'RepairReadiness': 1.697749375254331, 'RootCauseEvidence': -0.30316953129541624, 'HiddenReproducibility': -0.30316953129541624, 'ImpactScope': -0.970142500145332}"
Closure-117,Closure,1.0,1.0,"{'Actionability': 0, 'Clarity': 0, 'Specificity': 0, 'Reproducibility': 0, 'ReasoningQuality': 0, 'TechnicalContext': 0, 'Ambiguity': 0, 'RepairReadiness': 0, 'RootCauseEvidence': 0, 'HiddenReproducibility': 0, 'ImpactScope': 0}","{'repair_difficulty': 5, 'ambiguity_count': 0, 'hidden_s2r_present': False, 'root_cause_evidence': 0, 'impact_scope': 0}","{'Actionability': -0.4714045207910317, 'Clarity': -0.4714045207910317, 'Specificity': -0.4714045207910317, 'Reproducibility': -0.4714045207910317, 'ReasoningQuality': -0.4714045207910317, 'TechnicalContext': -0.4714045207910317, 'Ambiguity': 2.121320343559643, 'RepairReadiness': 2.121320343559643, 'RootCauseEvidence': -0.4714045207910317, 'HiddenReproducibility': -0.4714045207910317, 'ImpactScope': -0.4714045207910317}"
Closure-118,Closure,1.0,1.0,"{'Actionability': 0, 'Clarity': 0, 'Specificity': 0, 'Reproducibility': 0, 'ReasoningQuality': 0, 'TechnicalContext': 0, 'Ambiguity': 0, 'RepairReadiness': 0, 'RootCauseEvidence': 0, 'HiddenReproducibility': 0, 'ImpactScope': 0}","{'repair_difficulty': 5, 'ambiguity_count': 0, 'hidden_s2r_present': False, 'root_cause_evidence': 0, 'impact_scope': 0}","{'Actionability': -0.4714045207910317, 'Clarity': -0.4714045207910317, 'Specificity': -0.4714045207910317, 'Reproducibility': -0.4714045207910317, 'ReasoningQuality': -0.4714045207910317, 'TechnicalContext': -0.4714045207910317, 'Ambiguity': 2.121320343559643, 'RepairReadiness': 2.121320343559643, 'RootCauseEvidence': -0.4714045207910317, 'HiddenReproducibility': -0.4714045207910317, 'ImpactScope': -0.4714045207910317}"
Closure-119,Closure,1.0,1.0,"{'Actionability': 1, 'Clarity': 1, 'Specificity': 2, 'Reproducibility': 3, 'ReasoningQuality': 0, 'TechnicalContext': 1, 'Ambiguity': 2, 'RepairReadiness': 2, 'RootCauseEvidence': 1, 'HiddenReproducibility': 1, 'ImpactScope': 0}","{'repair_difficulty': 3, 'ambiguity_count': 2, 'hidden_s2r_present': True, 'root_cause_evidence': 1, 'impact_scope': 0}","{'Actionability': -0.42257712736425834, 'Clarity': -0.42257712736425834, 'Specificity': 0.50709255283711, 'Reproducibility': 1.4367622330384784, 'ReasoningQuality': -1.3522468075656267, 'TechnicalContext': -0.42257712736425834, 'Ambiguity': 1.4367622330384784, 'RepairReadiness': 1.4367622330384784, 'RootCauseEvidence': -0.42257712736425834, 'HiddenReproducibility': -0.42257712736425834, 'ImpactScope': -1.3522468075656267}"
Closure-12,Closure,1.0,1.0,"{'Actionability': 1, 'Clarity': 2, 'Specificity': 3, 'Reproducibility': 4, 'ReasoningQuality': 1, 'TechnicalContext': 1, 'Ambiguity': 2, 'RepairReadiness': 3, 'RootCauseEvidence': 1, 'HiddenReproducibility': 1, 'ImpactScope': 1}","{'repair_difficulty': 2, 'ambiguity_count': 2, 'hidden_s2r_present': True, 'root_cause_evidence': 1, 'impact_scope': 1}","{'Actionability': -0.7954951288348658, 'Clarity': 0.17677669529663692, 'Specificity': 1.1490485194281397, 'Reproducibility': 2.1213203435596424, 'ReasoningQuality': -0.7954951288348658, 'TechnicalContext': -0.7954951288348658, 'Ambiguity': 1.1490485194281397, 'RepairReadiness': 0.17677669529663692, 'RootCauseEvidence': -0.7954951288348658, 'HiddenReproducibility': -0.7954951288348658, 'ImpactScope': -0.7954951288348658}"
Closure-120,Closure,1.0,1.0,"{'Actionability': 0, 'Clarity': 1, 'Specificity': 0, 'Reproducibility': 1, 'ReasoningQuality': 1, 'TechnicalContext': 0, 'Ambiguity': 0, 'RepairReadiness': 1, 'RootCauseEvidence': 1, 'HiddenReproducibility': 0, 'ImpactScope': 0}","{'repair_difficulty': 4, 'ambiguity_count': 0, 'hidden_s2r_present': False, 'root_cause_evidence': 1, 'impact_scope': 0}","{'Actionability': -0.7200034083082247, 'Clarity': -0.1107697551243423, 'Specificity': -0.7200034083082247, 'Reproducibility': -0.1107697551243423, 'ReasoningQuality': -0.1107697551243423, 'TechnicalContext': -0.7200034083082247, 'Ambiguity': 2.3261648576111877, 'RepairReadiness': 1.716931204427305, 'RootCauseEvidence': -0.1107697551243423, 'HiddenReproducibility': -0.7200034083082247, 'ImpactScope': -0.7200034083082247}"
Closure-121,Closure,1.0,1.0,"{'Actionability': 0, 'Clarity': 1, 'Specificity': 0, 'Reproducibility': 1, 'ReasoningQuality': 1, 'TechnicalContext': 0, 'Ambiguity': 0, 'RepairReadiness': 1, 'RootCauseEvidence': 1, 'HiddenReproducibility': 0, 'ImpactScope': 0}","{'repair_difficulty': 4, 'ambiguity_count': 0, 'hidden_s2r_present': False, 'root_cause_evidence': 1, 'impact_scope': 0}","{'Actionability': -0.7200034083082247, 'Clarity': -0.1107697551243423, 'Specificity': -0.7200034083082247, 'Reproducibility': -0.1107697551243423, 'ReasoningQuality': -0.1107697551243423, 'TechnicalContext': -0.7200034083082247, 'Ambiguity': 2.3261648576111877, 'RepairReadiness': 1.716931204427305, 'RootCauseEvidence': -0.1107697551243423, 'HiddenReproducibility': -0.7200034083082247, 'ImpactScope': -0.7200034083082247}"
Closure-122,Closure,1.0,1.0,"{'Actionability': 1, 'Clarity': 3, 'Specificity': 3, 'Reproducibility': 3, 'ReasoningQuality': 1, 'TechnicalContext': 1, 'Ambiguity': 3, 'RepairReadiness': 2, 'RootCauseEvidence': 1, 'HiddenReproducibility': 1, 'ImpactScope': 0}","{'repair_difficulty': 3, 'ambiguity_count': 3, 'hidden_s2r_present': True, 'root_cause_evidence': 1, 'impact_scope': 0}","{'Actionability': -0.691094740465088, 'Clarity': 1.209415795813904, 'Specificity': 1.209415795813904, 'Reproducibility': 1.209415795813904, 'ReasoningQuality': -0.691094740465088, 'TechnicalContext': -0.691094740465088, 'Ambiguity': 0.259160527674408, 'RepairReadiness': 1.209415795813904, 'RootCauseEvidence': -0.691094740465088, 'HiddenReproducibility': -0.691094740465088, 'ImpactScope': -1.641350008604584}"
Closure-123,Closure,1.0,1.0,"{'Actionability': 1, 'Clarity': 3, 'Specificity': 3, 'Reproducibility': 3, 'ReasoningQuality': 1, 'TechnicalContext': 0, 'Ambiguity': 2, 'RepairReadiness': 2, 'RootCauseEvidence': 1, 'HiddenReproducibility': 1, 'ImpactScope': 0}","{'repair_difficulty': 3, 'ambiguity_count': 2, 'hidden_s2r_present': True, 'root_cause_evidence': 1, 'impact_scope': 0}","{'Actionability': -0.5996253511966891, 'Clarity': 1.049344364594206, 'Specificity': 1.049344364594206, 'Reproducibility': 1.049344364594206, 'ReasoningQuality': -0.5996253511966891, 'TechnicalContext': -1.4241102090921367, 'Ambiguity': 1.049344364594206, 'RepairReadiness': 1.049344364594206, 'RootCauseEvidence': -0.5996253511966891, 'HiddenReproducibility': -0.5996253511966891, 'ImpactScope': -1.4241102090921367}"
Closure-124,Closure,1.0,1.0,"{'Actionability': 1, 'Clarity': 3, 'Specificity': 3, 'Reproducibility': 3, 'ReasoningQuality': 1, 'TechnicalContext': 0, 'Ambiguity': 2, 'RepairReadiness': 2, 'RootCauseEvidence': 1, 'HiddenReproducibility': 1, 'ImpactScope': 0}","{'repair_difficulty': 3, 'ambiguity_count': 2, 'hidden_s2r_present': True, 'root_cause_evidence': 1, 'impact_scope': 0}","{'Actionability': -0.5996253511966891, 'Clarity': 1.049344364594206, 'Specificity': 1.049344364594206, 'Reproducibility': 1.049344364594206, 'ReasoningQuality': -0.5996253511966891, 'TechnicalContext': -1.4241102090921367, 'Ambiguity': 1.049344364594206, 'RepairReadiness': 1.049344364594206, 'RootCauseEvidence': -0.5996253511966891, 'HiddenReproducibility': -0.5996253511966891, 'ImpactScope': -1.4241102090921367}"
Closure-125,Closure,1.0,1.0,"{'Actionability': 1, 'Clarity': 3, 'Specificity': 2, 'Reproducibility': 4, 'ReasoningQuality': 1, 'TechnicalContext': 0, 'Ambiguity': 3, 'RepairReadiness': 2, 'RootCauseEvidence': 2, 'HiddenReproducibility': 1, 'ImpactScope': 0}","{'repair_difficulty': 3, 'ambiguity_count': 3, 'hidden_s2r_present': True, 'root_cause_evidence': 2, 'impact_scope': 0}","{'Actionability': -0.5996253511966891, 'Clarity': 1.049344364594206, 'Specificity': 0.2248595066987584, 'Reproducibility': 1.8738292224896533, 'ReasoningQuality': -0.5996253511966891, 'TechnicalContext': -1.4241102090921367, 'Ambiguity': 0.2248595066987584, 'RepairReadiness': 1.049344364594206, 'RootCauseEvidence': 0.2248595066987584, 'HiddenReproducibility': -0.5996253511966891, 'ImpactScope': -1.4241102090921367}"
Closure-126,Closure,1.0,1.0,"{'Actionability': 0, 'Clarity': 2, 'Specificity': 0, 'Reproducibility': 2, 'ReasoningQuality': 1, 'TechnicalContext': 0, 'Ambiguity': 1, 'RepairReadiness': 1, 'RootCauseEvidence': 1, 'HiddenReproducibility': 0, 'ImpactScope': 0}","{'repair_difficulty': 4, 'ambiguity_count': 1, 'hidden_s2r_present': False, 'root_cause_evidence': 1, 'impact_scope': 0}","{'Actionability': -0.8583950752789522, 'Clarity': 0.4905114715879727, 'Specificity': -0.8583950752789522, 'Reproducibility': 0.4905114715879727, 'ReasoningQuality': -0.18394180184548975, 'TechnicalContext': -0.8583950752789522, 'Ambiguity': 1.8394180184548978, 'RepairReadiness': 1.8394180184548978, 'RootCauseEvidence': -0.18394180184548975, 'HiddenReproducibility': -0.8583950752789522, 'ImpactScope': -0.8583950752789522}"
Closure-127,Closure,1.0,1.0,"{'Actionability': 0, 'Clarity': 2, 'Specificity': 0, 'Reproducibility': 2, 'ReasoningQuality': 1, 'TechnicalContext': 0, 'Ambiguity': 1, 'RepairReadiness': 1, 'RootCauseEvidence': 1, 'HiddenReproducibility': 0, 'ImpactScope': 0}","{'repair_difficulty': 4, 'ambiguity_count': 1, 'hidden_s2r_present': False, 'root_cause_evidence': 1, 'impact_scope': 0}","{'Actionability': -0.8583950752789522, 'Clarity': 0.4905114715879727, 'Specificity': -0.8583950752789522, 'Reproducibility': 0.4905114715879727, 'ReasoningQuality': -0.18394180184548975, 'TechnicalContext': -0.8583950752789522, 'Ambiguity': 1.8394180184548978, 'RepairReadiness': 1.8394180184548978, 'RootCauseEvidence': -0.18394180184548975, 'HiddenReproducibility': -0.8583950752789522, 'ImpactScope': -0.8583950752789522}"
Closure-128,Closure,1.0,1.0,"{'Actionability': 0, 'Clarity': 1, 'Specificity': 1, 'Reproducibility': 3, 'ReasoningQuality': 0, 'TechnicalContext': 0, 'Ambiguity': 1, 'RepairReadiness': 1, 'RootCauseEvidence': 1, 'HiddenReproducibility': 1, 'ImpactScope': 0}","{'repair_difficulty': 4, 'ambiguity_count': 1, 'hidden_s2r_present': True, 'root_cause_evidence': 1, 'impact_scope': 0}","{'Actionability': -0.9128709291752768, 'Clarity': -0.24343224778007377, 'Specificity': -0.24343224778007377, 'Reproducibility': 1.0954451150103324, 'ReasoningQuality': -0.9128709291752768, 'TechnicalContext': -0.9128709291752768, 'Ambiguity': 1.7648837964055355, 'RepairReadiness': 1.7648837964055355, 'RootCauseEvidence': -0.24343224778007377, 'HiddenReproducibility': -0.24343224778007377, 'ImpactScope': -0.9128709291752768}"
Closure-129,Closure,1.0,1.0,"{'Actionability': 4, 'Clarity': 2, 'Specificity': 1, 'Reproducibility': 2, 'ReasoningQuality': 3, 'TechnicalContext': 1, 'Ambiguity': 2, 'RepairReadiness': 1, 'RootCauseEvidence': 2, 'HiddenReproducibility': 1, 'ImpactScope': 1}","{'repair_difficulty': 4, 'ambiguity_count': 2, 'hidden_s2r_present': True, 'root_cause_evidence': 2, 'impact_scope': 1}","{'Actionability': 1.6329931618554523, 'Clarity': -0.16329931618554508, 'Specificity': -1.0614455552060438, 'Reproducibility': -0.16329931618554508, 'ReasoningQuality': 0.7348469228349536, 'TechnicalContext': -1.0614455552060438, 'Ambiguity': 0.7348469228349536, 'RepairReadiness': 1.6329931618554523, 'RootCauseEvidence': -0.16329931618554508, 'HiddenReproducibility': -1.0614455552060438, 'ImpactScope': -1.0614455552060438}"
Closure-13,Closure,1.0,1.0,"{'Actionability': 1, 'Clarity': 1, 'Specificity': 3, 'Reproducibility': 3, 'ReasoningQuality': 0, 'TechnicalContext': 0, 'Ambiguity': 2, 'RepairReadiness': 1, 'RootCauseEvidence': 1, 'HiddenReproducibility': 1, 'ImpactScope': 0}","{'repair_difficulty': 4, 'ambiguity_count': 2, 'hidden_s2r_present': True, 'root_cause_evidence': 1, 'impact_scope': 0}","{'Actionability': -0.39735970711951313, 'Clarity': -0.39735970711951313, 'Specificity': 1.059625885652035, 'Reproducibility': 1.059625885652035, 'ReasoningQuality': -1.1258525035052873, 'TechnicalContext': -1.1258525035052873, 'Ambiguity': 1.059625885652035, 'RepairReadiness': 1.7881186820378092, 'RootCauseEvidence': -0.39735970711951313, 'HiddenReproducibility': -0.39735970711951313, 'ImpactScope': -1.1258525035052873}"
Closure-130,Closure,1.0,1.0,"{'Actionability': 0, 'Clarity': 1, 'Specificity': 0, 'Reproducibility': 0, 'ReasoningQuality': 0, 'TechnicalContext': 0, 'Ambiguity': 0, 'RepairReadiness': 0, 'RootCauseEvidence': 1, 'HiddenReproducibility': 0, 'ImpactScope': 0}","{'repair_difficulty': 5, 'ambiguity_count': 0, 'hidden_s2r_present': False, 'root_cause_evidence': 1, 'impact_scope': 0}","{'Actionability': -0.5800418934273981, 'Clarity': -0.048336824452283135, 'Specificity': -0.5800418934273981, 'Reproducibility': -0.5800418934273981, 'ReasoningQuality': -0.5800418934273981, 'TechnicalContext': -0.5800418934273981, 'Ambiguity': 2.078483451448177, 'RepairReadiness': 2.078483451448177, 'RootCauseEvidence': -0.048336824452283135, 'HiddenReproducibility': -0.5800418934273981, 'ImpactScope': -0.5800418934273981}"
Closure-131,Closure,1.0,1.0,"{'Actionability': 1, 'Clarity': 3, 'Specificity': 2, 'Reproducibility': 3, 'ReasoningQuality': 1, 'TechnicalContext': 0, 'Ambiguity': 2, 'RepairReadiness': 2, 'RootCauseEvidence': 2, 'HiddenReproducibility': 1, 'ImpactScope': 1}","{'repair_difficulty': 3, 'ambiguity_count': 2, 'hidden_s2r_present': True, 'root_cause_evidence': 2, 'impact_scope': 1}","{'Actionability': -0.7954951288348658, 'Clarity': 1.1490485194281397, 'Specificity': 0.17677669529663692, 'Reproducibility': 1.1490485194281397, 'ReasoningQuality': -0.7954951288348658, 'TechnicalContext': -1.7677669529663687, 'Ambiguity': 1.1490485194281397, 'RepairReadiness': 1.1490485194281397, 'RootCauseEvidence': 0.17677669529663692, 'HiddenReproducibility': -0.7954951288348658, 'ImpactScope': -0.7954951288348658}"
Closure-132,Closure,1.0,1.0,"{'Actionability': 0, 'Clarity': 1, 'Specificity': 0, 'Reproducibility': 1, 'ReasoningQuality': 0, 'TechnicalContext': 0, 'Ambiguity': 0, 'RepairReadiness': 0, 'RootCauseEvidence': 1, 'HiddenReproducibility': 1, 'ImpactScope': 0}","{'repair_difficulty': 5, 'ambiguity_count': 0, 'hidden_s2r_present': True, 'root_cause_evidence': 1, 'impact_scope': 0}","{'Actionability': -0.7017565899639198, 'Clarity': -0.15037641213512565, 'Specificity': -0.7017565899639198, 'Reproducibility': -0.15037641213512565, 'ReasoningQuality': -0.7017565899639198, 'TechnicalContext': -0.7017565899639198, 'Ambiguity': 2.055144299180051, 'RepairReadiness': 2.055144299180051, 'RootCauseEvidence': -0.15037641213512565, 'HiddenReproducibility': -0.15037641213512565, 'ImpactScope': -0.7017565899639198}"
Closure-133,Closure,1.0,1.0,"{'Actionability': 0, 'Clarity': 0, 'Specificity': 0, 'Reproducibility': 0, 'ReasoningQuality': 0, 'TechnicalContext': 0, 'Ambiguity': 0, 'RepairReadiness': 1, 'RootCauseEvidence': 2, 'HiddenReproducibility': 0, 'ImpactScope': 0}","{'repair_difficulty': 4, 'ambiguity_count': 0, 'hidden_s2r_present': False, 'root_cause_evidence': 2, 'impact_scope': 0}","{'Actionability': -0.568796458994521, 'Clarity': -0.568796458994521, 'Specificity': -0.568796458994521, 'Reproducibility': -0.568796458994521, 'ReasoningQuality': -0.568796458994521, 'TechnicalContext': -0.568796458994521, 'Ambiguity': 2.275185835978084, 'RepairReadiness': 1.7063893769835632, 'RootCauseEvidence': 0.568796458994521, 'HiddenReproducibility': -0.568796458994521, 'ImpactScope': -0.568796458994521}"
Closure-134,Closure,1.0,1.0,"{'Actionability': 0, 'Clarity': 0, 'Specificity': 0, 'Reproducibility': 0, 'ReasoningQuality': 0, 'TechnicalContext': 0, 'Ambiguity': 0, 'RepairReadiness': 2, 'RootCauseEvidence': 1, 'HiddenReproducibility': 0, 'ImpactScope': 0}","{'repair_difficulty': 3, 'ambiguity_count': 0, 'hidden_s2r_present': False, 'root_cause_evidence': 1, 'impact_scope': 0}","{'Actionability': -0.516185401208764, 'Clarity': -0.516185401208764, 'Specificity': -0.516185401208764, 'Reproducibility': -0.516185401208764, 'ReasoningQuality': -0.516185401208764, 'TechnicalContext': -0.516185401208764, 'Ambiguity': 2.63828093951146, 'RepairReadiness': 1.3764944032233704, 'RootCauseEvidence': 0.11470786693528084, 'HiddenReproducibility': -0.516185401208764, 'ImpactScope': -0.516185401208764}"
Closure-135,Closure,1.0,1.0,"{'Actionability': 0, 'Clarity': 1, 'Specificity': 0, 'Reproducibility': 2, 'ReasoningQuality': 1, 'TechnicalContext': 0, 'Ambiguity': 0, 'RepairReadiness': 2, 'RootCauseEvidence': 1, 'HiddenReproducibility': 0, 'ImpactScope': 0}","{'repair_difficulty': 3, 'ambiguity_count': 0, 'hidden_s2r_present': False, 'root_cause_evidence': 1, 'impact_scope': 0}","{'Actionability': -0.7741387344280378, 'Clarity': -0.11909826683508278, 'Specificity': -0.7741387344280378, 'Reproducibility': 0.5359422007578722, 'ReasoningQuality': -0.11909826683508278, 'TechnicalContext': -0.7741387344280378, 'Ambiguity': 2.5010636035367373, 'RepairReadiness': 1.1909826683508273, 'RootCauseEvidence': -0.11909826683508278, 'HiddenReproducibility': -0.7741387344280378, 'ImpactScope': -0.7741387344280378}"
Closure-136,Closure,1.0,1.0,"{'Actionability': 1, 'Clarity': 1, 'Specificity': 3, 'Reproducibility': 3, 'ReasoningQuality': 0, 'TechnicalContext': 0, 'Ambiguity': 2, 'RepairReadiness': 2, 'RootCauseEvidence': 1, 'HiddenReproducibility': 1, 'ImpactScope': 0}","{'repair_difficulty': 3, 'ambiguity_count': 2, 'hidden_s2r_present': True, 'root_cause_evidence': 1, 'impact_scope': 0}","{'Actionability': -0.36860489038724287, 'Clarity': -0.36860489038724287, 'Specificity': 1.2532566273166255, 'Reproducibility': 1.2532566273166255, 'ReasoningQuality': -1.179535649239177, 'TechnicalContext': -1.179535649239177, 'Ambiguity': 1.2532566273166255, 'RepairReadiness': 1.2532566273166255, 'RootCauseEvidence': -0.36860489038724287, 'HiddenReproducibility': -0.36860489038724287, 'ImpactScope': -1.179535649239177}"
Closure-137,Closure,1.0,1.0,"{'Actionability': 0, 'Clarity': 1, 'Specificity': 0, 'Reproducibility': 3, 'ReasoningQuality': 0, 'TechnicalContext': 0, 'Ambiguity': 1, 'RepairReadiness': 2, 'RootCauseEvidence': 1, 'HiddenReproducibility': 1, 'ImpactScope': 0}","{'repair_difficulty': 3, 'ambiguity_count': 1, 'hidden_s2r_present': True, 'root_cause_evidence': 1, 'impact_scope': 0}","{'Actionability': -0.8426648406178138, 'Clarity': -0.1296407447104329, 'Specificity': -0.8426648406178138, 'Reproducibility': 1.2964074471043288, 'ReasoningQuality': -0.8426648406178138, 'TechnicalContext': -0.8426648406178138, 'Ambiguity': 2.0094315430117096, 'RepairReadiness': 1.2964074471043288, 'RootCauseEvidence': -0.1296407447104329, 'HiddenReproducibility': -0.1296407447104329, 'ImpactScope': -0.8426648406178138}"
Closure-138,Closure,1.0,1.0,"{'Actionability': 0, 'Clarity': 1, 'Specificity': 0, 'Reproducibility': 3, 'ReasoningQuality': 0, 'TechnicalContext': 0, 'Ambiguity': 1, 'RepairReadiness': 2, 'RootCauseEvidence': 1, 'HiddenReproducibility': 1, 'ImpactScope': 0}","{'repair_difficulty': 3, 'ambiguity_count': 1, 'hidden_s2r_present': True, 'root_cause_evidence': 1, 'impact_scope': 0}","{'Actionability': -0.8426648406178138, 'Clarity': -0.1296407447104329, 'Specificity': -0.8426648406178138, 'Reproducibility': 1.2964074471043288, 'ReasoningQuality': -0.8426648406178138, 'TechnicalContext': -0.8426648406178138, 'Ambiguity': 2.0094315430117096, 'RepairReadiness': 1.2964074471043288, 'RootCauseEvidence': -0.1296407447104329, 'HiddenReproducibility': -0.1296407447104329, 'ImpactScope': -0.8426648406178138}"
Closure-139,Closure,1.0,1.0,"{'Actionability': 1, 'Clarity': 3, 'Specificity': 3, 'Reproducibility': 2, 'ReasoningQuality': 1, 'TechnicalContext': 0, 'Ambiguity': 1, 'RepairReadiness': 1, 'RootCauseEvidence': 1, 'HiddenReproducibility': 1, 'ImpactScope': 0}","{'repair_difficulty': 4, 'ambiguity_count': 1, 'hidden_s2r_present': True, 'root_cause_evidence': 1, 'impact_scope': 0}","{'Actionability': -0.5833833511969478, 'Clarity': 0.8426648406178138, 'Specificity': 0.8426648406178138, 'Reproducibility': 0.1296407447104329, 'ReasoningQuality': -0.5833833511969478, 'TechnicalContext': -1.2964074471043288, 'Ambiguity': 1.5556889365251945, 'RepairReadiness': 1.5556889365251945, 'RootCauseEvidence': -0.5833833511969478, 'HiddenReproducibility': -0.5833833511969478, 'ImpactScope': -1.2964074471043288}"
Closure-14,Closure,1.0,1.0,"{'Actionability': 0, 'Clarity': 1, 'Specificity': 0, 'Reproducibility': 2, 'ReasoningQuality': 0, 'TechnicalContext': 0, 'Ambiguity': 1, 'RepairReadiness': 2, 'RootCauseEvidence': 1, 'HiddenReproducibility': 0, 'ImpactScope': 0}","{'repair_difficulty': 3, 'ambiguity_count': 1, 'hidden_s2r_present': False, 'root_cause_evidence': 1, 'impact_scope': 0}","{'Actionability': -0.7416198487095663, 'Clarity': 0.0, 'Specificity': -0.7416198487095663, 'Reproducibility': 0.7416198487095663, 'ReasoningQuality': -0.7416198487095663, 'TechnicalContext': -0.7416198487095663, 'Ambiguity': 2.224859546128699, 'RepairReadiness': 1.4832396974191326, 'RootCauseEvidence': 0.0, 'HiddenReproducibility': -0.7416198487095663, 'ImpactScope': -0.7416198487095663}"
Closure-140,Closure,1.0,1.0,"{'Actionability': 0, 'Clarity': 0, 'Specificity': 0, 'Reproducibility': 0, 'ReasoningQuality': 0, 'TechnicalContext': 0, 'Ambiguity': 0, 'RepairReadiness': 0, 'RootCauseEvidence': 0, 'HiddenReproducibility': 0, 'ImpactScope': 0}","{'repair_difficulty': 5, 'ambiguity_count': 0, 'hidden_s2r_present': False, 'root_cause_evidence': 0, 'impact_scope': 0}","{'Actionability': -0.4714045207910317, 'Clarity': -0.4714045207910317, 'Specificity': -0.4714045207910317, 'Reproducibility': -0.4714045207910317, 'ReasoningQuality': -0.4714045207910317, 'TechnicalContext': -0.4714045207910317, 'Ambiguity': 2.121320343559643, 'RepairReadiness': 2.121320343559643, 'RootCauseEvidence': -0.4714045207910317, 'HiddenReproducibility': -0.4714045207910317, 'ImpactScope': -0.4714045207910317}"
Closure-141,Closure,1.0,1.0,"{'Actionability': 1, 'Clarity': 1, 'Specificity': 2, 'Reproducibility': 3, 'ReasoningQuality': 0, 'TechnicalContext': 0, 'Ambiguity': 2, 'RepairReadiness': 1, 'RootCauseEvidence': 1, 'HiddenReproducibility': 1, 'ImpactScope': 0}","{'repair_difficulty': 4, 'ambiguity_count': 2, 'hidden_s2r_present': True, 'root_cause_evidence': 1, 'impact_scope': 0}","{'Actionability': -0.34836650714580886, 'Clarity': -0.34836650714580886, 'Specificity': 0.41803980857497053, 'Reproducibility': 1.1844461242957498, 'ReasoningQuality': -1.1147728228665883, 'TechnicalContext': -1.1147728228665883, 'Ambiguity': 1.1844461242957498, 'RepairReadiness': 1.9508524400165292, 'RootCauseEvidence': -0.34836650714580886, 'HiddenReproducibility': -0.34836650714580886, 'ImpactScope': -1.1147728228665883}"
Closure-142,Closure,1.0,1.0,"{'Actionability': 1, 'Clarity': 3, 'Specificity': 3, 'Reproducibility': 4, 'ReasoningQuality': 1, 'TechnicalContext': 1, 'Ambiguity': 2, 'RepairReadiness': 3, 'RootCauseEvidence': 1, 'HiddenReproducibility': 1, 'ImpactScope': 0}","{'repair_difficulty': 2, 'ambiguity_count': 2, 'hidden_s2r_present': True, 'root_cause_evidence': 1, 'impact_scope': 0}","{'Actionability': -0.6862435664967209, 'Clarity': 0.9912407071619304, 'Specificity': 0.9912407071619304, 'Reproducibility': 1.8299828439912558, 'ReasoningQuality': -0.6862435664967209, 'TechnicalContext': -0.6862435664967209, 'Ambiguity': 0.9912407071619304, 'RepairReadiness': 0.15249857033260472, 'RootCauseEvidence': -0.6862435664967209, 'HiddenReproducibility': -0.6862435664967209, 'ImpactScope': -1.5249857033260465}"
Closure-143,Closure,1.0,1.0,"{'Actionability': 0, 'Clarity': 1, 'Specificity': 0, 'Reproducibility': 1, 'ReasoningQuality': 1, 'TechnicalContext': 0, 'Ambiguity': 0, 'RepairReadiness': 0, 'RootCauseEvidence': 1, 'HiddenReproducibility': 0, 'ImpactScope': 0}","{'repair_difficulty': 5, 'ambiguity_count': 0, 'hidden_s2r_present': False, 'root_cause_evidence': 1, 'impact_scope': 0}","{'Actionability': -0.7017565899639198, 'Clarity': -0.15037641213512565, 'Specificity': -0.7017565899639198, 'Reproducibility': -0.15037641213512565, 'ReasoningQuality': -0.15037641213512565, 'TechnicalContext': -0.7017565899639198, 'Ambiguity': 2.055144299180051, 'RepairReadiness': 2.055144299180051, 'RootCauseEvidence': -0.15037641213512565, 'HiddenReproducibility': -0.7017565899639198, 'ImpactScope': -0.7017565899639198}"
Closure-144,Closure,1.0,1.0,"{'Actionability': 0, 'Clarity': 0, 'Specificity': 0, 'Reproducibility': 0, 'ReasoningQuality': 0, 'TechnicalContext': 0, 'Ambiguity': 0, 'RepairReadiness': 0, 'RootCauseEvidence': 0, 'HiddenReproducibility': 0, 'ImpactScope': 0}","{'repair_difficulty': 5, 'ambiguity_count': 0, 'hidden_s2r_present': False, 'root_cause_evidence': 0, 'impact_scope': 0}","{'Actionability': -0.4714045207910317, 'Clarity': -0.4714045207910317, 'Specificity': -0.4714045207910317, 'Reproducibility': -0.4714045207910317, 'ReasoningQuality': -0.4714045207910317, 'TechnicalContext': -0.4714045207910317, 'Ambiguity': 2.121320343559643, 'RepairReadiness': 2.121320343559643, 'RootCauseEvidence': -0.4714045207910317, 'HiddenReproducibility': -0.4714045207910317, 'ImpactScope': -0.4714045207910317}"
Closure-145,Closure,1.0,1.0,"{'Actionability': 1, 'Clarity': 3, 'Specificity': 2, 'Reproducibility': 3, 'ReasoningQuality': 1, 'TechnicalContext': 1, 'Ambiguity': 2, 'RepairReadiness': 2, 'RootCauseEvidence': 1, 'HiddenReproducibility': 1, 'ImpactScope': 0}","{'repair_difficulty': 3, 'ambiguity_count': 2, 'hidden_s2r_present': True, 'root_cause_evidence': 1, 'impact_scope': 0}","{'Actionability': -0.691094740465088, 'Clarity': 1.209415795813904, 'Specificity': 0.259160527674408, 'Reproducibility': 1.209415795813904, 'ReasoningQuality': -0.691094740465088, 'TechnicalContext': -0.691094740465088, 'Ambiguity': 1.209415795813904, 'RepairReadiness': 1.209415795813904, 'RootCauseEvidence': -0.691094740465088, 'HiddenReproducibility': -0.691094740465088, 'ImpactScope': -1.641350008604584}"
Closure-146,Closure,1.0,1.0,"{'Actionability': 0, 'Clarity': 1, 'Specificity': 0, 'Reproducibility': 3, 'ReasoningQuality': 0, 'TechnicalContext': 0, 'Ambiguity': 1, 'RepairReadiness': 1, 'RootCauseEvidence': 1, 'HiddenReproducibility': 1, 'ImpactScope': 0}","{'repair_difficulty': 4, 'ambiguity_count': 1, 'hidden_s2r_present': True, 'root_cause_evidence': 1, 'impact_scope': 0}","{'Actionability': -0.8249579113843054, 'Clarity': -0.17677669529663687, 'Specificity': -0.8249579113843054, 'Reproducibility': 1.1195857368787, 'ReasoningQuality': -0.8249579113843054, 'TechnicalContext': -0.8249579113843054, 'Ambiguity': 1.7677669529663689, 'RepairReadiness': 1.7677669529663689, 'RootCauseEvidence': -0.17677669529663687, 'HiddenReproducibility': -0.17677669529663687, 'ImpactScope': -0.8249579113843054}"
Closure-147,Closure,1.0,1.0,"{'Actionability': 4, 'Clarity': 3, 'Specificity': 3, 'Reproducibility': 3, 'ReasoningQuality': 3, 'TechnicalContext': 0, 'Ambiguity': 4, 'RepairReadiness': 1, 'RootCauseEvidence': 1, 'HiddenReproducibility': 1, 'ImpactScope': 1}","{'repair_difficulty': 4, 'ambiguity_count': 4, 'hidden_s2r_present': True, 'root_cause_evidence': 1, 'impact_scope': 1}","{'Actionability': 1.3608276348795434, 'Clarity': 0.6123724356957946, 'Specificity': 0.6123724356957946, 'Reproducibility': 0.6123724356957946, 'ReasoningQuality': 0.6123724356957946, 'TechnicalContext': -1.6329931618554518, 'Ambiguity': -0.884537962671703, 'RepairReadiness': 1.3608276348795434, 'RootCauseEvidence': -0.884537962671703, 'HiddenReproducibility': -0.884537962671703, 'ImpactScope': -0.884537962671703}"
Closure-148,Closure,1.0,1.0,"{'Actionability': 1, 'Clarity': 0, 'Specificity': 0, 'Reproducibility': 0, 'ReasoningQuality': 1, 'TechnicalContext': 0, 'Ambiguity': 0, 'RepairReadiness': 0, 'RootCauseEvidence': 2, 'HiddenReproducibility': 0, 'ImpactScope': 0}","{'repair_difficulty': 5, 'ambiguity_count': 0, 'hidden_s2r_present': False, 'root_cause_evidence': 2, 'impact_scope': 0}","{'Actionability': -0.14638501094227996, 'Clarity': -0.6831300510639732, 'Specificity': -0.6831300510639732, 'Reproducibility': -0.6831300510639732, 'ReasoningQuality': -0.14638501094227996, 'TechnicalContext': -0.6831300510639732, 'Ambiguity': 2.000595149544493, 'RepairReadiness': 2.000595149544493, 'RootCauseEvidence': 0.39036002917941326, 'HiddenReproducibility': -0.6831300510639732, 'ImpactScope': -0.6831300510639732}"
Closure-149,Closure,1.0,1.0,"{'Actionability': 0, 'Clarity': 2, 'Specificity': 0, 'Reproducibility': 3, 'ReasoningQuality': 1, 'TechnicalContext': 0, 'Ambiguity': 1, 'RepairReadiness': 2, 'RootCauseEvidence': 1, 'HiddenReproducibility': 1, 'ImpactScope': 0}","{'repair_difficulty': 3, 'ambiguity_count': 1, 'hidden_s2r_present': True, 'root_cause_evidence': 1, 'impact_scope': 0}","{'Actionability': -0.9977851578566089, 'Clarity': 0.4656330736664176, 'Specificity': -0.9977851578566089, 'Reproducibility': 1.1973421894279308, 'ReasoningQuality': -0.26607604209509567, 'TechnicalContext': -0.9977851578566089, 'Ambiguity': 1.9290513051894442, 'RepairReadiness': 1.1973421894279308, 'RootCauseEvidence': -0.26607604209509567, 'HiddenReproducibility': -0.26607604209509567, 'ImpactScope': -0.9977851578566089}"
Closure-15,Closure,1.0,1.0,"{'Actionability': 0, 'Clarity': 0, 'Specificity': 0, 'Reproducibility': 0, 'ReasoningQuality': 0, 'TechnicalContext': 0, 'Ambiguity': 0, 'RepairReadiness': 0, 'RootCauseEvidence': 0, 'HiddenReproducibility': 0, 'ImpactScope': 0}","{'repair_difficulty': 5, 'ambiguity_count': 0, 'hidden_s2r_present': False, 'root_cause_evidence': 0, 'impact_scope': 0}","{'Actionability': -0.4714045207910317, 'Clarity': -0.4714045207910317, 'Specificity': -0.4714045207910317, 'Reproducibility': -0.4714045207910317, 'ReasoningQuality': -0.4714045207910317, 'TechnicalContext': -0.4714045207910317, 'Ambiguity': 2.121320343559643, 'RepairReadiness': 2.121320343559643, 'RootCauseEvidence': -0.4714045207910317, 'HiddenReproducibility': -0.4714045207910317, 'ImpactScope': -0.4714045207910317}"
Closure-150,Closure,1.0,1.0,"{'Actionability': 1, 'Clarity': 3, 'Specificity': 3, 'Reproducibility': 2, 'ReasoningQuality': 2, 'TechnicalContext': 1, 'Ambiguity': 2, 'RepairReadiness': 2, 'RootCauseEvidence': 1, 'HiddenReproducibility': 1, 'ImpactScope': 1}","{'repair_difficulty': 3, 'ambiguity_count': 2, 'hidden_s2r_present': True, 'root_cause_evidence': 1, 'impact_scope': 1}","{'Actionability': -1.0101525445522108, 'Clarity': 1.212183053462653, 'Specificity': 1.212183053462653, 'Reproducibility': 0.10101525445522098, 'ReasoningQuality': 0.10101525445522098, 'TechnicalContext': -1.0101525445522108, 'Ambiguity': 1.212183053462653, 'RepairReadiness': 1.212183053462653, 'RootCauseEvidence': -1.0101525445522108, 'HiddenReproducibility': -1.0101525445522108, 'ImpactScope': -1.0101525445522108}"
Closure-151,Closure,1.0,1.0,"{'Actionability': 4, 'Clarity': 2, 'Specificity': 3, 'Reproducibility': 3, 'ReasoningQuality': 2, 'TechnicalContext': 0, 'Ambiguity': 4, 'RepairReadiness': 1, 'RootCauseEvidence': 1, 'HiddenReproducibility': 1, 'ImpactScope': 1}","{'repair_difficulty': 4, 'ambiguity_count': 4, 'hidden_s2r_present': True, 'root_cause_evidence': 1, 'impact_scope': 1}","{'Actionability': 1.563471919941143, 'Clarity': 0.0, 'Specificity': 0.7817359599705715, 'Reproducibility': 0.7817359599705715, 'ReasoningQuality': 0.0, 'TechnicalContext': -1.563471919941143, 'Ambiguity': -0.7817359599705715, 'RepairReadiness': 1.563471919941143, 'RootCauseEvidence': -0.7817359599705715, 'HiddenReproducibility': -0.7817359599705715, 'ImpactScope': -0.7817359599705715}"
Closure-152,Closure,1.0,1.0,"{'Actionability': 0, 'Clarity': 2, 'Specificity': 2, 'Reproducibility': 2, 'ReasoningQuality': 1, 'TechnicalContext': 1, 'Ambiguity': 1, 'RepairReadiness': 1, 'RootCauseEvidence': 2, 'HiddenReproducibility': 1, 'ImpactScope': 0}","{'repair_difficulty': 4, 'ambiguity_count': 1, 'hidden_s2r_present': True, 'root_cause_evidence': 2, 'impact_scope': 0}","{'Actionability': -1.3435028842544403, 'Clarity': 0.21213203435596423, 'Specificity': 0.21213203435596423, 'Reproducibility': 0.21213203435596423, 'ReasoningQuality': -0.565685424949238, 'TechnicalContext': -0.565685424949238, 'Ambiguity': 1.7677669529663684, 'RepairReadiness': 1.7677669529663684, 'RootCauseEvidence': 0.21213203435596423, 'HiddenReproducibility': -0.565685424949238, 'ImpactScope': -1.3435028842544403}"
Closure-153,Closure,1.0,1.0,"{'Actionability': 0, 'Clarity': 2, 'Specificity': 1, 'Reproducibility': 3, 'ReasoningQuality': 1, 'TechnicalContext': 0, 'Ambiguity': 2, 'RepairReadiness': 1, 'RootCauseEvidence': 1, 'HiddenReproducibility': 1, 'ImpactScope': 0}","{'repair_difficulty': 4, 'ambiguity_count': 2, 'hidden_s2r_present': True, 'root_cause_evidence': 1, 'impact_scope': 0}","{'Actionability': -1.1147728228665883, 'Clarity': 0.41803980857497053, 'Specificity': -0.34836650714580886, 'Reproducibility': 1.1844461242957498, 'ReasoningQuality': -0.34836650714580886, 'TechnicalContext': -1.1147728228665883, 'Ambiguity': 1.1844461242957498, 'RepairReadiness': 1.9508524400165292, 'RootCauseEvidence': -0.34836650714580886, 'HiddenReproducibility': -0.34836650714580886, 'ImpactScope': -1.1147728228665883}"
Closure-154,Closure,1.0,1.0,"{'Actionability': 0, 'Clarity': 0, 'Specificity': 0, 'Reproducibility': 0, 'ReasoningQuality': 0, 'TechnicalContext': 0, 'Ambiguity': 0, 'RepairReadiness': 0, 'RootCauseEvidence': 0, 'HiddenReproducibility': 0, 'ImpactScope': 0}","{'repair_difficulty': 5, 'ambiguity_count': 0, 'hidden_s2r_present': False, 'root_cause_evidence': 0, 'impact_scope': 0}","{'Actionability': -0.4714045207910317, 'Clarity': -0.4714045207910317, 'Specificity': -0.4714045207910317, 'Reproducibility': -0.4714045207910317, 'ReasoningQuality': -0.4714045207910317, 'TechnicalContext': -0.4714045207910317, 'Ambiguity': 2.121320343559643, 'RepairReadiness': 2.121320343559643, 'RootCauseEvidence': -0.4714045207910317, 'HiddenReproducibility': -0.4714045207910317, 'ImpactScope': -0.4714045207910317}"
Closure-155,Closure,1.0,1.0,"{'Actionability': 0, 'Clarity': 0, 'Specificity': 0, 'Reproducibility': 0, 'ReasoningQuality': 0, 'TechnicalContext': 0, 'Ambiguity': 0, 'RepairReadiness': 1, 'RootCauseEvidence': 2, 'HiddenReproducibility': 0, 'ImpactScope': 0}","{'repair_difficulty': 4, 'ambiguity_count': 0, 'hidden_s2r_present': False, 'root_cause_evidence': 2, 'impact_scope': 0}","{'Actionability': -0.568796458994521, 'Clarity': -0.568796458994521, 'Specificity': -0.568796458994521, 'Reproducibility': -0.568796458994521, 'ReasoningQuality': -0.568796458994521, 'TechnicalContext': -0.568796458994521, 'Ambiguity': 2.275185835978084, 'RepairReadiness': 1.7063893769835632, 'RootCauseEvidence': 0.568796458994521, 'HiddenReproducibility': -0.568796458994521, 'ImpactScope': -0.568796458994521}"
Closure-156,Closure,1.0,1.0,"{'Actionability': 4, 'Clarity': 2, 'Specificity': 1, 'Reproducibility': 3, 'ReasoningQuality': 3, 'TechnicalContext': 0, 'Ambiguity': 3, 'RepairReadiness': 2, 'RootCauseEvidence': 3, 'HiddenReproducibility': 0, 'ImpactScope': 1}","{'repair_difficulty': 3, 'ambiguity_count': 3, 'hidden_s2r_present': False, 'root_cause_evidence': 3, 'impact_scope': 1}","{'Actionability': 1.563471919941143, 'Clarity': 0.0, 'Specificity': -0.7817359599705715, 'Reproducibility': 0.7817359599705715, 'ReasoningQuality': 0.7817359599705715, 'TechnicalContext': -1.563471919941143, 'Ambiguity': 0.0, 'RepairReadiness': 0.7817359599705715, 'RootCauseEvidence': 0.7817359599705715, 'HiddenReproducibility': -1.563471919941143, 'ImpactScope': -0.7817359599705715}"
Closure-157,Closure,1.0,1.0,"{'Actionability': 0, 'Clarity': 1, 'Specificity': 1, 'Reproducibility': 1, 'ReasoningQuality': 1, 'TechnicalContext': 0, 'Ambiguity': 0, 'RepairReadiness': 0, 'RootCauseEvidence': 2, 'HiddenReproducibility': 0, 'ImpactScope': 0}","{'repair_difficulty': 5, 'ambiguity_count': 0, 'hidden_s2r_present': False, 'root_cause_evidence': 2, 'impact_scope': 0}","{'Actionability': -0.8186312161546414, 'Clarity': -0.25582225504832545, 'Specificity': -0.25582225504832545, 'Reproducibility': -0.25582225504832545, 'ReasoningQuality': -0.25582225504832545, 'TechnicalContext': -0.8186312161546414, 'Ambiguity': 1.9954135893769382, 'RepairReadiness': 1.9954135893769382, 'RootCauseEvidence': 0.3069867060579905, 'HiddenReproducibility': -0.8186312161546414, 'ImpactScope': -0.8186312161546414}"
Closure-158,Closure,1.0,1.0,"{'Actionability': 0, 'Clarity': 1, 'Specificity': 1, 'Reproducibility': 2, 'ReasoningQuality': 1, 'TechnicalContext': 0, 'Ambiguity': 0, 'RepairReadiness': 0, 'RootCauseEvidence': 1, 'HiddenReproducibility': 0, 'ImpactScope': 0}","{'repair_difficulty': 5, 'ambiguity_count': 0, 'hidden_s2r_present': False, 'root_cause_evidence': 1, 'impact_scope': 0}","{'Actionability': -0.8186312161546414, 'Clarity': -0.25582225504832545, 'Specificity': -0.25582225504832545, 'Reproducibility': 0.3069867060579905, 'ReasoningQuality': -0.25582225504832545, 'TechnicalContext': -0.8186312161546414, 'Ambiguity': 1.9954135893769382, 'RepairReadiness': 1.9954135893769382, 'RootCauseEvidence': -0.25582225504832545, 'HiddenReproducibility': -0.8186312161546414, 'ImpactScope': -0.8186312161546414}"
Closure-159,Closure,1.0,1.0,"{'Actionability': 0, 'Clarity': 1, 'Specificity': 1, 'Reproducibility': 3, 'ReasoningQuality': 0, 'TechnicalContext': 0, 'Ambiguity': 1, 'RepairReadiness': 2, 'RootCauseEvidence': 1, 'HiddenReproducibility': 1, 'ImpactScope': 0}","{'repair_difficulty': 3, 'ambiguity_count': 1, 'hidden_s2r_present': True, 'root_cause_evidence': 1, 'impact_scope': 0}","{'Actionability': -0.9396184772996339, 'Clarity': -0.20134681656420725, 'Specificity': -0.20134681656420725, 'Reproducibility': 1.275196504906646, 'ReasoningQuality': -0.9396184772996339, 'TechnicalContext': -0.9396184772996339, 'Ambiguity': 2.013468165642073, 'RepairReadiness': 1.275196504906646, 'RootCauseEvidence': -0.20134681656420725, 'HiddenReproducibility': -0.20134681656420725, 'ImpactScope': -0.9396184772996339}"
Closure-16,Closure,1.0,1.0,"{'Actionability': 0, 'Clarity': 0, 'Specificity': 1, 'Reproducibility': 0, 'ReasoningQuality': 0, 'TechnicalContext': 0, 'Ambiguity': 0, 'RepairReadiness': 0, 'RootCauseEvidence': 1, 'HiddenReproducibility': 1, 'ImpactScope': 0}","{'repair_difficulty': 5, 'ambiguity_count': 0, 'hidden_s2r_present': True, 'root_cause_evidence': 1, 'impact_scope': 0}","{'Actionability': -0.6389151433378876, 'Clarity': -0.6389151433378876, 'Specificity': -0.09829463743659811, 'Reproducibility': -0.6389151433378876, 'ReasoningQuality': -0.6389151433378876, 'TechnicalContext': -0.6389151433378876, 'Ambiguity': 2.06418738616856, 'RepairReadiness': 2.06418738616856, 'RootCauseEvidence': -0.09829463743659811, 'HiddenReproducibility': -0.09829463743659811, 'ImpactScope': -0.6389151433378876}"
Closure-160,Closure,1.0,1.0,"{'Actionability': 0, 'Clarity': 1, 'Specificity': 1, 'Reproducibility': 1, 'ReasoningQuality': 1, 'TechnicalContext': 0, 'Ambiguity': 0, 'RepairReadiness': 0, 'RootCauseEvidence': 1, 'HiddenReproducibility': 0, 'ImpactScope': 0}","{'repair_difficulty': 5, 'ambiguity_count': 0, 'hidden_s2r_present': False, 'root_cause_evidence': 1, 'impact_scope': 0}","{'Actionability': -0.7694837640638655, 'Clarity': -0.20519567041703077, 'Specificity': -0.20519567041703077, 'Reproducibility': -0.20519567041703077, 'ReasoningQuality': -0.20519567041703077, 'TechnicalContext': -0.7694837640638655, 'Ambiguity': 2.0519567041703084, 'RepairReadiness': 2.0519567041703084, 'RootCauseEvidence': -0.20519567041703077, 'HiddenReproducibility': -0.7694837640638655, 'ImpactScope': -0.7694837640638655}"
Closure-161,Closure,1.0,1.0,"{'Actionability': 0, 'Clarity': 1, 'Specificity': 1, 'Reproducibility': 3, 'ReasoningQuality': 0, 'TechnicalContext': 0, 'Ambiguity': 1, 'RepairReadiness': 2, 'RootCauseEvidence': 1, 'HiddenReproducibility': 1, 'ImpactScope': 0}","{'repair_difficulty': 3, 'ambiguity_count': 1, 'hidden_s2r_present': True, 'root_cause_evidence': 1, 'impact_scope': 0}","{'Actionability': -0.9396184772996339, 'Clarity': -0.20134681656420725, 'Specificity': -0.20134681656420725, 'Reproducibility': 1.275196504906646, 'ReasoningQuality': -0.9396184772996339, 'TechnicalContext': -0.9396184772996339, 'Ambiguity': 2.013468165642073, 'RepairReadiness': 1.275196504906646, 'RootCauseEvidence': -0.20134681656420725, 'HiddenReproducibility': -0.20134681656420725, 'ImpactScope': -0.9396184772996339}"
Closure-162,Closure,1.0,1.0,"{'Actionability': 1, 'Clarity': 1, 'Specificity': 2, 'Reproducibility': 4, 'ReasoningQuality': 1, 'TechnicalContext': 0, 'Ambiguity': 2, 'RepairReadiness': 2, 'RootCauseEvidence': 1, 'HiddenReproducibility': 1, 'ImpactScope': 0}","{'repair_difficulty': 3, 'ambiguity_count': 2, 'hidden_s2r_present': True, 'root_cause_evidence': 1, 'impact_scope': 0}","{'Actionability': -0.44232586846469135, 'Clarity': -0.44232586846469135, 'Specificity': 0.36860489038724287, 'Reproducibility': 1.9904664080911112, 'ReasoningQuality': -0.44232586846469135, 'TechnicalContext': -1.2532566273166255, 'Ambiguity': 1.179535649239177, 'RepairReadiness': 1.179535649239177, 'RootCauseEvidence': -0.44232586846469135, 'HiddenReproducibility': -0.44232586846469135, 'ImpactScope': -1.2532566273166255}"
Closure-163,Closure,1.0,1.0,"{'Actionability': 0, 'Clarity': 1, 'Specificity': 0, 'Reproducibility': 1, 'ReasoningQuality': 0, 'TechnicalContext': 0, 'Ambiguity': 1, 'RepairReadiness': 1, 'RootCauseEvidence': 2, 'HiddenReproducibility': 0, 'ImpactScope': 0}","{'repair_difficulty': 4, 'ambiguity_count': 1, 'hidden_s2r_present': False, 'root_cause_evidence': 2, 'impact_scope': 0}","{'Actionability': -0.7249465119962123, 'Clarity': -0.06041220933301764, 'Specificity': -0.7249465119962123, 'Reproducibility': -0.06041220933301764, 'ReasoningQuality': -0.7249465119962123, 'TechnicalContext': -0.7249465119962123, 'Ambiguity': 1.9331906986565663, 'RepairReadiness': 1.9331906986565663, 'RootCauseEvidence': 0.6041220933301771, 'HiddenReproducibility': -0.7249465119962123, 'ImpactScope': -0.7249465119962123}"
Closure-164,Closure,1.0,1.0,"{'Actionability': 0, 'Clarity': 0, 'Specificity': 0, 'Reproducibility': 0, 'ReasoningQuality': 0, 'TechnicalContext': 0, 'Ambiguity': 0, 'RepairReadiness': 0, 'RootCauseEvidence': 1, 'HiddenReproducibility': 0, 'ImpactScope': 0}","{'repair_difficulty': 5, 'ambiguity_count': 0, 'hidden_s2r_present': False, 'root_cause_evidence': 1, 'impact_scope': 0}","{'Actionability': -0.5244044240850757, 'Clarity': -0.5244044240850757, 'Specificity': -0.5244044240850757, 'Reproducibility': -0.5244044240850757, 'ReasoningQuality': -0.5244044240850757, 'TechnicalContext': -0.5244044240850757, 'Ambiguity': 2.097617696340303, 'RepairReadiness': 2.097617696340303, 'RootCauseEvidence': 0.0, 'HiddenReproducibility': -0.5244044240850757, 'ImpactScope': -0.5244044240850757}"
Closure-165,Closure,1.0,1.0,"{'Actionability': 0, 'Clarity': 1, 'Specificity': 0, 'Reproducibility': 1, 'ReasoningQuality': 1, 'TechnicalContext': 0, 'Ambiguity': 0, 'RepairReadiness': 1, 'RootCauseEvidence': 1, 'HiddenReproducibility': 0, 'ImpactScope': 0}","{'repair_difficulty': 4, 'ambiguity_count': 0, 'hidden_s2r_present': False, 'root_cause_evidence': 1, 'impact_scope': 0}","{'Actionability': -0.7200034083082247, 'Clarity': -0.1107697551243423, 'Specificity': -0.7200034083082247, 'Reproducibility': -0.1107697551243423, 'ReasoningQuality': -0.1107697551243423, 'TechnicalContext': -0.7200034083082247, 'Ambiguity': 2.3261648576111877, 'RepairReadiness': 1.716931204427305, 'RootCauseEvidence': -0.1107697551243423, 'HiddenReproducibility': -0.7200034083082247, 'ImpactScope': -0.7200034083082247}"
Closure-166,Closure,1.0,1.0,"{'Actionability': 0, 'Clarity': 1, 'Specificity': 0, 'Reproducibility': 3, 'ReasoningQuality': 1, 'TechnicalContext': 0, 'Ambiguity': 1, 'RepairReadiness': 1, 'RootCauseEvidence': 1, 'HiddenReproducibility': 0, 'ImpactScope': 0}","{'repair_difficulty': 4, 'ambiguity_count': 1, 'hidden_s2r_present': False, 'root_cause_evidence': 1, 'impact_scope': 0}","{'Actionability': -0.8249579113843054, 'Clarity': -0.17677669529663687, 'Specificity': -0.8249579113843054, 'Reproducibility': 1.1195857368787, 'ReasoningQuality': -0.17677669529663687, 'TechnicalContext': -0.8249579113843054, 'Ambiguity': 1.7677669529663689, 'RepairReadiness': 1.7677669529663689, 'RootCauseEvidence': -0.17677669529663687, 'HiddenReproducibility': -0.8249579113843054, 'ImpactScope': -0.8249579113843054}"
Closure-167,Closure,1.0,1.0,"{'Actionability': 0, 'Clarity': 2, 'Specificity': 0, 'Reproducibility': 1, 'ReasoningQuality': 1, 'TechnicalContext': 0, 'Ambiguity': 0, 'RepairReadiness': 1, 'RootCauseEvidence': 1, 'HiddenReproducibility': 0, 'ImpactScope': 0}","{'repair_difficulty': 4, 'ambiguity_count': 0, 'hidden_s2r_present': False, 'root_cause_evidence': 1, 'impact_scope': 0}","{'Actionability': -0.7683498199278324, 'Clarity': 0.4390570399587614, 'Specificity': -0.7683498199278324, 'Reproducibility': -0.16464638998453549, 'ReasoningQuality': -0.16464638998453549, 'TechnicalContext': -0.7683498199278324, 'Ambiguity': 2.250167329788652, 'RepairReadiness': 1.6464638998453551, 'RootCauseEvidence': -0.16464638998453549, 'HiddenReproducibility': -0.7683498199278324, 'ImpactScope': -0.7683498199278324}"
Closure-168,Closure,1.0,1.0,"{'Actionability': 4, 'Clarity': 2, 'Specificity': 1, 'Reproducibility': 2, 'ReasoningQuality': 3, 'TechnicalContext': 0, 'Ambiguity': 2, 'RepairReadiness': 2, 'RootCauseEvidence': 1, 'HiddenReproducibility': 0, 'ImpactScope': 1}","{'repair_difficulty': 3, 'ambiguity_count': 2, 'hidden_s2r_present': False, 'root_cause_evidence': 1, 'impact_scope': 1}","{'Actionability': 1.7230995806825713, 'Clarity': 0.14359163172354766, 'Specificity': -0.6461623427559643, 'Reproducibility': 0.14359163172354766, 'ReasoningQuality': 0.9333456062030596, 'TechnicalContext': -1.435916317235476, 'Ambiguity': 0.9333456062030596, 'RepairReadiness': 0.9333456062030596, 'RootCauseEvidence': -0.6461623427559643, 'HiddenReproducibility': -1.435916317235476, 'ImpactScope': -0.6461623427559643}"
Closure-169,Closure,1.0,1.0,"{'Actionability': 1, 'Clarity': 1, 'Specificity': 2, 'Reproducibility': 4, 'ReasoningQuality': 0, 'TechnicalContext': 0, 'Ambiguity': 2, 'RepairReadiness': 2, 'RootCauseEvidence': 1, 'HiddenReproducibility': 1, 'ImpactScope': 0}","{'repair_difficulty': 3, 'ambiguity_count': 2, 'hidden_s2r_present': True, 'root_cause_evidence': 1, 'impact_scope': 0}","{'Actionability': -0.34836650714580886, 'Clarity': -0.34836650714580886, 'Specificity': 0.41803980857497053, 'Reproducibility': 1.9508524400165292, 'ReasoningQuality': -1.1147728228665883, 'TechnicalContext': -1.1147728228665883, 'Ambiguity': 1.1844461242957498, 'RepairReadiness': 1.1844461242957498, 'RootCauseEvidence': -0.34836650714580886, 'HiddenReproducibility': -0.34836650714580886, 'ImpactScope': -1.1147728228665883}"
Closure-17,Closure,1.0,1.0,"{'Actionability': 1, 'Clarity': 3, 'Specificity': 1, 'Reproducibility': 2, 'ReasoningQuality': 1, 'TechnicalContext': 0, 'Ambiguity': 1, 'RepairReadiness': 2, 'RootCauseEvidence': 1, 'HiddenReproducibility': 0, 'ImpactScope': 0}","{'repair_difficulty': 3, 'ambiguity_count': 1, 'hidden_s2r_present': False, 'root_cause_evidence': 1, 'impact_scope': 0}","{'Actionability': -0.34836650714580886, 'Clarity': 1.1844461242957498, 'Specificity': -0.34836650714580886, 'Reproducibility': 0.41803980857497053, 'ReasoningQuality': -0.34836650714580886, 'TechnicalContext': -1.1147728228665883, 'Ambiguity': 1.9508524400165292, 'RepairReadiness': 1.1844461242957498, 'RootCauseEvidence': -0.34836650714580886, 'HiddenReproducibility': -1.1147728228665883, 'ImpactScope': -1.1147728228665883}"
Closure-170,Closure,1.0,1.0,"{'Actionability': 2, 'Clarity': 0, 'Specificity': 0, 'Reproducibility': 0, 'ReasoningQuality': 1, 'TechnicalContext': 0, 'Ambiguity': 0, 'RepairReadiness': 1, 'RootCauseEvidence': 1, 'HiddenReproducibility': 0, 'ImpactScope': 0}","{'repair_difficulty': 4, 'ambiguity_count': 0, 'hidden_s2r_present': False, 'root_cause_evidence': 1, 'impact_scope': 0}","{'Actionability': 0.48245064067700766, 'Clarity': -0.6968731476445666, 'Specificity': -0.6968731476445666, 'Reproducibility': -0.6968731476445666, 'ReasoningQuality': -0.10721125348377952, 'TechnicalContext': -0.6968731476445666, 'Ambiguity': 2.251436323159369, 'RepairReadiness': 1.661774428998582, 'RootCauseEvidence': -0.10721125348377952, 'HiddenReproducibility': -0.6968731476445666, 'ImpactScope': -0.6968731476445666}"
Closure-171,Closure,1.0,1.0,"{'Actionability': 0, 'Clarity': 0, 'Specificity': 0, 'Reproducibility': 0, 'ReasoningQuality': 0, 'TechnicalContext': 0, 'Ambiguity': 0, 'RepairReadiness': 0, 'RootCauseEvidence': 0, 'HiddenReproducibility': 0, 'ImpactScope': 0}","{'repair_difficulty': 5, 'ambiguity_count': 0, 'hidden_s2r_present': False, 'root_cause_evidence': 0, 'impact_scope': 0}","{'Actionability': -0.4714045207910317, 'Clarity': -0.4714045207910317, 'Specificity': -0.4714045207910317, 'Reproducibility': -0.4714045207910317, 'ReasoningQuality': -0.4714045207910317, 'TechnicalContext': -0.4714045207910317, 'Ambiguity': 2.121320343559643, 'RepairReadiness': 2.121320343559643, 'RootCauseEvidence': -0.4714045207910317, 'HiddenReproducibility': -0.4714045207910317, 'ImpactScope': -0.4714045207910317}"
Closure-172,Closure,1.0,1.0,"{'Actionability': 0, 'Clarity': 1, 'Specificity': 0, 'Reproducibility': 3, 'ReasoningQuality': 0, 'TechnicalContext': 0, 'Ambiguity': 1, 'RepairReadiness': 2, 'RootCauseEvidence': 1, 'HiddenReproducibility': 1, 'ImpactScope': 0}","{'repair_difficulty': 3, 'ambiguity_count': 1, 'hidden_s2r_present': True, 'root_cause_evidence': 1, 'impact_scope': 0}","{'Actionability': -0.8426648406178138, 'Clarity': -0.1296407447104329, 'Specificity': -0.8426648406178138, 'Reproducibility': 1.2964074471043288, 'ReasoningQuality': -0.8426648406178138, 'TechnicalContext': -0.8426648406178138, 'Ambiguity': 2.0094315430117096, 'RepairReadiness': 1.2964074471043288, 'RootCauseEvidence': -0.1296407447104329, 'HiddenReproducibility': -0.1296407447104329, 'ImpactScope': -0.8426648406178138}"
Closure-173,Closure,1.0,1.0,"{'Actionability': 1, 'Clarity': 3, 'Specificity': 2, 'Reproducibility': 3, 'ReasoningQuality': 1, 'TechnicalContext': 0, 'Ambiguity': 2, 'RepairReadiness': 1, 'RootCauseEvidence': 1, 'HiddenReproducibility': 1, 'ImpactScope': 1}","{'repair_difficulty': 4, 'ambiguity_count': 2, 'hidden_s2r_present': True, 'root_cause_evidence': 1, 'impact_scope': 1}","{'Actionability': -0.6862435664967209, 'Clarity': 0.9912407071619304, 'Specificity': 0.15249857033260472, 'Reproducibility': 0.9912407071619304, 'ReasoningQuality': -0.6862435664967209, 'TechnicalContext': -1.5249857033260465, 'Ambiguity': 0.9912407071619304, 'RepairReadiness': 1.8299828439912558, 'RootCauseEvidence': -0.6862435664967209, 'HiddenReproducibility': -0.6862435664967209, 'ImpactScope': -0.6862435664967209}"
Closure-174,Closure,1.0,1.0,"{'Actionability': 4, 'Clarity': 2, 'Specificity': 1, 'Reproducibility': 2, 'ReasoningQuality': 3, 'TechnicalContext': 0, 'Ambiguity': 2, 'RepairReadiness': 0, 'RootCauseEvidence': 1, 'HiddenReproducibility': 0, 'ImpactScope': 1}","{'repair_difficulty': 5, 'ambiguity_count': 2, 'hidden_s2r_present': False, 'root_cause_evidence': 1, 'impact_scope': 1}","{'Actionability': 1.3008872711759818, 'Clarity': 0.0, 'Specificity': -0.6504436355879909, 'Reproducibility': 0.0, 'ReasoningQuality': 0.6504436355879909, 'TechnicalContext': -1.3008872711759818, 'Ambiguity': 0.6504436355879909, 'RepairReadiness': 1.9513309067639726, 'RootCauseEvidence': -0.6504436355879909, 'HiddenReproducibility': -1.3008872711759818, 'ImpactScope': -0.6504436355879909}"
Closure-175,Closure,1.0,1.0,"{'Actionability': 0, 'Clarity': 1, 'Specificity': 2, 'Reproducibility': 3, 'ReasoningQuality': 0, 'TechnicalContext': 0, 'Ambiguity': 1, 'RepairReadiness': 1, 'RootCauseEvidence': 1, 'HiddenReproducibility': 1, 'ImpactScope': 0}","{'repair_difficulty': 4, 'ambiguity_count': 1, 'hidden_s2r_present': True, 'root_cause_evidence': 1, 'impact_scope': 0}","{'Actionability': -0.970142500145332, 'Clarity': -0.30316953129541624, 'Specificity': 0.36380343755449945, 'Reproducibility': 1.0307764064044151, 'ReasoningQuality': -0.970142500145332, 'TechnicalContext': -0.970142500145332, 'Ambiguity': 1.697749375254331, 'RepairReadiness': 1.697749375254331, 'RootCauseEvidence': -0.30316953129541624, 'HiddenReproducibility': -0.30316953129541624, 'ImpactScope': -0.970142500145332}"
Closure-176,Closure,1.0,1.0,"{'Actionability': 0, 'Clarity': 2, 'Specificity': 1, 'Reproducibility': 3, 'ReasoningQuality': 2, 'TechnicalContext': 0, 'Ambiguity': 2, 'RepairReadiness': 4, 'RootCauseEvidence': 1, 'HiddenReproducibility': 1, 'ImpactScope': 1}","{'repair_difficulty': 1, 'ambiguity_count': 2, 'hidden_s2r_present': True, 'root_cause_evidence': 1, 'impact_scope': 1}","{'Actionability': -1.3927150363278888, 'Clarity': 0.6499336836196816, 'Specificity': -0.3713906763541036, 'Reproducibility': 1.671258043593467, 'ReasoningQuality': 0.6499336836196816, 'TechnicalContext': -1.3927150363278888, 'Ambiguity': 1.671258043593467, 'RepairReadiness': -0.3713906763541036, 'RootCauseEvidence': -0.3713906763541036, 'HiddenReproducibility': -0.3713906763541036, 'ImpactScope': -0.3713906763541036}"
Closure-18,Closure,1.0,1.0,"{'Actionability': 1, 'Clarity': 3, 'Specificity': 2, 'Reproducibility': 4, 'ReasoningQuality': 1, 'TechnicalContext': 0, 'Ambiguity': 2, 'RepairReadiness': 2, 'RootCauseEvidence': 2, 'HiddenReproducibility': 1, 'ImpactScope': 0}","{'repair_difficulty': 3, 'ambiguity_count': 2, 'hidden_s2r_present': True, 'root_cause_evidence': 2, 'impact_scope': 0}","{'Actionability': -0.6461623427559643, 'Clarity': 0.9333456062030596, 'Specificity': 0.14359163172354766, 'Reproducibility': 1.7230995806825713, 'ReasoningQuality': -0.6461623427559643, 'TechnicalContext': -1.435916317235476, 'Ambiguity': 0.9333456062030596, 'RepairReadiness': 0.9333456062030596, 'RootCauseEvidence': 0.14359163172354766, 'HiddenReproducibility': -0.6461623427559643, 'ImpactScope': -1.435916317235476}"
Closure-19,Closure,1.0,1.0,"{'Actionability': 1, 'Clarity': 3, 'Specificity': 2, 'Reproducibility': 3, 'ReasoningQuality': 1, 'TechnicalContext': 0, 'Ambiguity': 2, 'RepairReadiness': 1, 'RootCauseEvidence': 1, 'HiddenReproducibility': 1, 'ImpactScope': 0}","{'repair_difficulty': 4, 'ambiguity_count': 2, 'hidden_s2r_present': True, 'root_cause_evidence': 1, 'impact_scope': 0}","{'Actionability': -0.565685424949238, 'Clarity': 0.9899494936611665, 'Specificity': 0.21213203435596423, 'Reproducibility': 0.9899494936611665, 'ReasoningQuality': -0.565685424949238, 'TechnicalContext': -1.3435028842544403, 'Ambiguity': 0.9899494936611665, 'RepairReadiness': 1.7677669529663684, 'RootCauseEvidence': -0.565685424949238, 'HiddenReproducibility': -0.565685424949238, 'ImpactScope': -1.3435028842544403}"
Closure-2,Closure,1.0,1.0,"{'Actionability': 1, 'Clarity': 2, 'Specificity': 0, 'Reproducibility': 2, 'ReasoningQuality': 1, 'TechnicalContext': 0, 'Ambiguity': 0, 'RepairReadiness': 1, 'RootCauseEvidence': 2, 'HiddenReproducibility': 0, 'ImpactScope': 1}","{'repair_difficulty': 4, 'ambiguity_count': 0, 'hidden_s2r_present': False, 'root_cause_evidence': 2, 'impact_scope': 1}","{'Actionability': -0.40964401518645704, 'Clarity': 0.23408229439226108, 'Specificity': -1.0533703247651751, 'Reproducibility': 0.23408229439226108, 'ReasoningQuality': -0.40964401518645704, 'TechnicalContext': -1.0533703247651751, 'Ambiguity': 2.1652612231284154, 'RepairReadiness': 1.5215349135496972, 'RootCauseEvidence': 0.23408229439226108, 'HiddenReproducibility': -1.0533703247651751, 'ImpactScope': -0.40964401518645704}"
Closure-20,Closure,1.0,1.0,"{'Actionability': 1, 'Clarity': 1, 'Specificity': 2, 'Reproducibility': 3, 'ReasoningQuality': 0, 'TechnicalContext': 0, 'Ambiguity': 2, 'RepairReadiness': 1, 'RootCauseEvidence': 1, 'HiddenReproducibility': 1, 'ImpactScope': 0}","{'repair_difficulty': 4, 'ambiguity_count': 2, 'hidden_s2r_present': True, 'root_cause_evidence': 1, 'impact_scope': 0}","{'Actionability': -0.34836650714580886, 'Clarity': -0.34836650714580886, 'Specificity': 0.41803980857497053, 'Reproducibility': 1.1844461242957498, 'ReasoningQuality': -1.1147728228665883, 'TechnicalContext': -1.1147728228665883, 'Ambiguity': 1.1844461242957498, 'RepairReadiness': 1.9508524400165292, 'RootCauseEvidence': -0.34836650714580886, 'HiddenReproducibility': -0.34836650714580886, 'ImpactScope': -1.1147728228665883}"
Closure-21,Closure,1.0,1.0,"{'Actionability': 0, 'Clarity': 2, 'Specificity': 0, 'Reproducibility': 4, 'ReasoningQuality': 1, 'TechnicalContext': 0, 'Ambiguity': 1, 'RepairReadiness': 3, 'RootCauseEvidence': 1, 'HiddenReproducibility': 0, 'ImpactScope': 0}","{'repair_difficulty': 2, 'ambiguity_count': 1, 'hidden_s2r_present': False, 'root_cause_evidence': 1, 'impact_scope': 0}","{'Actionability': -0.8583950752789522, 'Clarity': 0.4905114715879727, 'Specificity': -0.8583950752789522, 'Reproducibility': 1.8394180184548978, 'ReasoningQuality': -0.18394180184548975, 'TechnicalContext': -0.8583950752789522, 'Ambiguity': 1.8394180184548978, 'RepairReadiness': 0.4905114715879727, 'RootCauseEvidence': -0.18394180184548975, 'HiddenReproducibility': -0.8583950752789522, 'ImpactScope': -0.8583950752789522}"
Closure-22,Closure,1.0,1.0,"{'Actionability': 0, 'Clarity': 2, 'Specificity': 0, 'Reproducibility': 4, 'ReasoningQuality': 1, 'TechnicalContext': 0, 'Ambiguity': 1, 'RepairReadiness': 3, 'RootCauseEvidence': 1, 'HiddenReproducibility': 0, 'ImpactScope': 0}","{'repair_difficulty': 2, 'ambiguity_count': 1, 'hidden_s2r_present': False, 'root_cause_evidence': 1, 'impact_scope': 0}","{'Actionability': -0.8583950752789522, 'Clarity': 0.4905114715879727, 'Specificity': -0.8583950752789522, 'Reproducibility': 1.8394180184548978, 'ReasoningQuality': -0.18394180184548975, 'TechnicalContext': -0.8583950752789522, 'Ambiguity': 1.8394180184548978, 'RepairReadiness': 0.4905114715879727, 'RootCauseEvidence': -0.18394180184548975, 'HiddenReproducibility': -0.8583950752789522, 'ImpactScope': -0.8583950752789522}"
Closure-23,Closure,1.0,1.0,"{'Actionability': 1, 'Clarity': 1, 'Specificity': 3, 'Reproducibility': 3, 'ReasoningQuality': 0, 'TechnicalContext': 0, 'Ambiguity': 2, 'RepairReadiness': 1, 'RootCauseEvidence': 1, 'HiddenReproducibility': 1, 'ImpactScope': 0}","{'repair_difficulty': 4, 'ambiguity_count': 2, 'hidden_s2r_present': True, 'root_cause_evidence': 1, 'impact_scope': 0}","{'Actionability': -0.39735970711951313, 'Clarity': -0.39735970711951313, 'Specificity': 1.059625885652035, 'Reproducibility': 1.059625885652035, 'ReasoningQuality': -1.1258525035052873, 'TechnicalContext': -1.1258525035052873, 'Ambiguity': 1.059625885652035, 'RepairReadiness': 1.7881186820378092, 'RootCauseEvidence': -0.39735970711951313, 'HiddenReproducibility': -0.39735970711951313, 'ImpactScope': -1.1258525035052873}"
Closure-24,Closure,1.0,1.0,"{'Actionability': 0, 'Clarity': 1, 'Specificity': 0, 'Reproducibility': 1, 'ReasoningQuality': 0, 'TechnicalContext': 0, 'Ambiguity': 0, 'RepairReadiness': 1, 'RootCauseEvidence': 2, 'HiddenReproducibility': 0, 'ImpactScope': 0}","{'repair_difficulty': 4, 'ambiguity_count': 0, 'hidden_s2r_present': False, 'root_cause_evidence': 2, 'impact_scope': 0}","{'Actionability': -0.6968731476445666, 'Clarity': -0.10721125348377952, 'Specificity': -0.6968731476445666, 'Reproducibility': -0.10721125348377952, 'ReasoningQuality': -0.6968731476445666, 'TechnicalContext': -0.6968731476445666, 'Ambiguity': 2.251436323159369, 'RepairReadiness': 1.661774428998582, 'RootCauseEvidence': 0.48245064067700766, 'HiddenReproducibility': -0.6968731476445666, 'ImpactScope': -0.6968731476445666}"
Closure-25,Closure,1.0,1.0,"{'Actionability': 0, 'Clarity': 0, 'Specificity': 0, 'Reproducibility': 2, 'ReasoningQuality': 0, 'TechnicalContext': 0, 'Ambiguity': 1, 'RepairReadiness': 2, 'RootCauseEvidence': 1, 'HiddenReproducibility': 0, 'ImpactScope': 0}","{'repair_difficulty': 3, 'ambiguity_count': 1, 'hidden_s2r_present': False, 'root_cause_evidence': 1, 'impact_scope': 0}","{'Actionability': -0.659380473395787, 'Clarity': -0.659380473395787, 'Specificity': -0.659380473395787, 'Reproducibility': 0.7912565680749444, 'ReasoningQuality': -0.659380473395787, 'TechnicalContext': -0.659380473395787, 'Ambiguity': 2.241893609545676, 'RepairReadiness': 1.51657508881031, 'RootCauseEvidence': 0.06593804733957873, 'HiddenReproducibility': -0.659380473395787, 'ImpactScope': -0.659380473395787}"
Closure-26,Closure,1.0,1.0,"{'Actionability': 0, 'Clarity': 2, 'Specificity': 2, 'Reproducibility': 1, 'ReasoningQuality': 1, 'TechnicalContext': 1, 'Ambiguity': 0, 'RepairReadiness': 0, 'RootCauseEvidence': 2, 'HiddenReproducibility': 0, 'ImpactScope': 0}","{'repair_difficulty': 5, 'ambiguity_count': 0, 'hidden_s2r_present': False, 'root_cause_evidence': 2, 'impact_scope': 0}","{'Actionability': -1.0098386065601943, 'Clarity': 0.15944820103582014, 'Specificity': 0.15944820103582014, 'Reproducibility': -0.4251952027621871, 'ReasoningQuality': -0.4251952027621871, 'TechnicalContext': -0.4251952027621871, 'Ambiguity': 1.9133784124298419, 'RepairReadiness': 1.9133784124298419, 'RootCauseEvidence': 0.15944820103582014, 'HiddenReproducibility': -1.0098386065601943, 'ImpactScope': -1.0098386065601943}"
Closure-27,Closure,1.0,1.0,"{'Actionability': 4, 'Clarity': 2, 'Specificity': 1, 'Reproducibility': 1, 'ReasoningQuality': 2, 'TechnicalContext': 0, 'Ambiguity': 2, 'RepairReadiness': 0, 'RootCauseEvidence': 1, 'HiddenReproducibility': 0, 'ImpactScope': 1}","{'repair_difficulty': 5, 'ambiguity_count': 2, 'hidden_s2r_present': False, 'root_cause_evidence': 1, 'impact_scope': 1}","{'Actionability': 1.4291792020209926, 'Clarity': 0.11909826683508278, 'Specificity': -0.5359422007578722, 'Reproducibility': -0.5359422007578722, 'ReasoningQuality': 0.11909826683508278, 'TechnicalContext': -1.1909826683508273, 'Ambiguity': 0.7741387344280378, 'RepairReadiness': 2.084219669613948, 'RootCauseEvidence': -0.5359422007578722, 'HiddenReproducibility': -1.1909826683508273, 'ImpactScope': -0.5359422007578722}"
Closure-28,Closure,1.0,1.0,"{'Actionability': 0, 'Clarity': 0, 'Specificity': 0, 'Reproducibility': 0, 'ReasoningQuality': 0, 'TechnicalContext': 0, 'Ambiguity': 0, 'RepairReadiness': 0, 'RootCauseEvidence': 0, 'HiddenReproducibility': 0, 'ImpactScope': 0}","{'repair_difficulty': 5, 'ambiguity_count': 0, 'hidden_s2r_present': False, 'root_cause_evidence': 0, 'impact_scope': 0}","{'Actionability': -0.4714045207910317, 'Clarity': -0.4714045207910317, 'Specificity': -0.4714045207910317, 'Reproducibility': -0.4714045207910317, 'ReasoningQuality': -0.4714045207910317, 'TechnicalContext': -0.4714045207910317, 'Ambiguity': 2.121320343559643, 'RepairReadiness': 2.121320343559643, 'RootCauseEvidence': -0.4714045207910317, 'HiddenReproducibility': -0.4714045207910317, 'ImpactScope': -0.4714045207910317}"
Closure-29,Closure,1.0,1.0,"{'Actionability': 0, 'Clarity': 1, 'Specificity': 1, 'Reproducibility': 1, 'ReasoningQuality': 1, 'TechnicalContext': 0, 'Ambiguity': 0, 'RepairReadiness': 1, 'RootCauseEvidence': 1, 'HiddenReproducibility': 1, 'ImpactScope': 0}","{'repair_difficulty': 4, 'ambiguity_count': 0, 'hidden_s2r_present': True, 'root_cause_evidence': 1, 'impact_scope': 0}","{'Actionability': -0.8778086039709792, 'Clarity': -0.23408229439226108, 'Specificity': -0.23408229439226108, 'Reproducibility': -0.23408229439226108, 'ReasoningQuality': -0.23408229439226108, 'TechnicalContext': -0.8778086039709792, 'Ambiguity': 2.3408229439226114, 'RepairReadiness': 1.6970966343438934, 'RootCauseEvidence': -0.23408229439226108, 'HiddenReproducibility': -0.23408229439226108, 'ImpactScope': -0.8778086039709792}"
Closure-3,Closure,1.0,1.0,"{'Actionability': 0, 'Clarity': 0, 'Specificity': 0, 'Reproducibility': 0, 'ReasoningQuality': 1, 'TechnicalContext': 0, 'Ambiguity': 0, 'RepairReadiness': 0, 'RootCauseEvidence': 2, 'HiddenReproducibility': 0, 'ImpactScope': 0}","{'repair_difficulty': 5, 'ambiguity_count': 0, 'hidden_s2r_present': False, 'root_cause_evidence': 2, 'impact_scope': 0}","{'Actionability': -0.6225870853937484, 'Clarity': -0.6225870853937484, 'Specificity': -0.6225870853937484, 'Reproducibility': -0.6225870853937484, 'ReasoningQuality': -0.09578262852211517, 'TechnicalContext': -0.6225870853937484, 'Ambiguity': 2.011435198964418, 'RepairReadiness': 2.011435198964418, 'RootCauseEvidence': 0.4310218283495181, 'HiddenReproducibility': -0.6225870853937484, 'ImpactScope': -0.6225870853937484}"
Closure-30,Closure,1.0,1.0,"{'Actionability': 1, 'Clarity': 3, 'Specificity': 3, 'Reproducibility': 3, 'ReasoningQuality': 1, 'TechnicalContext': 0, 'Ambiguity': 2, 'RepairReadiness': 2, 'RootCauseEvidence': 1, 'HiddenReproducibility': 1, 'ImpactScope': 1}","{'repair_difficulty': 3, 'ambiguity_count': 2, 'hidden_s2r_present': True, 'root_cause_evidence': 1, 'impact_scope': 1}","{'Actionability': -0.7348469228349535, 'Clarity': 1.061445555206044, 'Specificity': 1.061445555206044, 'Reproducibility': 1.061445555206044, 'ReasoningQuality': -0.7348469228349535, 'TechnicalContext': -1.632993161855452, 'Ambiguity': 1.061445555206044, 'RepairReadiness': 1.061445555206044, 'RootCauseEvidence': -0.7348469228349535, 'HiddenReproducibility': -0.7348469228349535, 'ImpactScope': -0.7348469228349535}"
Closure-31,Closure,1.0,1.0,"{'Actionability': 0, 'Clarity': 1, 'Specificity': 0, 'Reproducibility': 3, 'ReasoningQuality': 2, 'TechnicalContext': 0, 'Ambiguity': 0, 'RepairReadiness': 0, 'RootCauseEvidence': 2, 'HiddenReproducibility': 0, 'ImpactScope': 0}","{'repair_difficulty': 5, 'ambiguity_count': 0, 'hidden_s2r_present': False, 'root_cause_evidence': 2, 'impact_scope': 0}","{'Actionability': -0.8741572761215378, 'Clarity': -0.3399500518250425, 'Specificity': -0.8741572761215378, 'Reproducibility': 0.728464396767948, 'ReasoningQuality': 0.19425717247145277, 'TechnicalContext': -0.8741572761215378, 'Ambiguity': 1.7968788453609386, 'RepairReadiness': 1.7968788453609386, 'RootCauseEvidence': 0.19425717247145277, 'HiddenReproducibility': -0.8741572761215378, 'ImpactScope': -0.8741572761215378}"
Closure-32,Closure,1.0,1.0,"{'Actionability': 1, 'Clarity': 1, 'Specificity': 2, 'Reproducibility': 3, 'ReasoningQuality': 0, 'TechnicalContext': 0, 'Ambiguity': 2, 'RepairReadiness': 2, 'RootCauseEvidence': 1, 'HiddenReproducibility': 1, 'ImpactScope': 0}","{'repair_difficulty': 3, 'ambiguity_count': 2, 'hidden_s2r_present': True, 'root_cause_evidence': 1, 'impact_scope': 0}","{'Actionability': -0.3162277660168379, 'Clarity': -0.3162277660168379, 'Specificity': 0.5533985905294665, 'Reproducibility': 1.4230249470757708, 'ReasoningQuality': -1.1858541225631423, 'TechnicalContext': -1.1858541225631423, 'Ambiguity': 1.4230249470757708, 'RepairReadiness': 1.4230249470757708, 'RootCauseEvidence': -0.3162277660168379, 'HiddenReproducibility': -0.3162277660168379, 'ImpactScope': -1.1858541225631423}"
Closure-33,Closure,1.0,1.0,"{'Actionability': 4, 'Clarity': 2, 'Specificity': 1, 'Reproducibility': 1, 'ReasoningQuality': 3, 'TechnicalContext': 0, 'Ambiguity': 2, 'RepairReadiness': 2, 'RootCauseEvidence': 2, 'HiddenReproducibility': 0, 'ImpactScope': 1}","{'repair_difficulty': 3, 'ambiguity_count': 2, 'hidden_s2r_present': False, 'root_cause_evidence': 2, 'impact_scope': 1}","{'Actionability': 1.7230995806825713, 'Clarity': 0.14359163172354766, 'Specificity': -0.6461623427559643, 'Reproducibility': -0.6461623427559643, 'ReasoningQuality': 0.9333456062030596, 'TechnicalContext': -1.435916317235476, 'Ambiguity': 0.9333456062030596, 'RepairReadiness': 0.9333456062030596, 'RootCauseEvidence': 0.14359163172354766, 'HiddenReproducibility': -1.435916317235476, 'ImpactScope': -0.6461623427559643}"
Closure-34,Closure,1.0,1.0,"{'Actionability': 1, 'Clarity': 3, 'Specificity': 2, 'Reproducibility': 3, 'ReasoningQuality': 1, 'TechnicalContext': 1, 'Ambiguity': 2, 'RepairReadiness': 2, 'RootCauseEvidence': 2, 'HiddenReproducibility': 1, 'ImpactScope': 0}","{'repair_difficulty': 3, 'ambiguity_count': 2, 'hidden_s2r_present': True, 'root_cause_evidence': 2, 'impact_scope': 0}","{'Actionability': -0.7954951288348658, 'Clarity': 1.1490485194281397, 'Specificity': 0.17677669529663692, 'Reproducibility': 1.1490485194281397, 'ReasoningQuality': -0.7954951288348658, 'TechnicalContext': -0.7954951288348658, 'Ambiguity': 1.1490485194281397, 'RepairReadiness': 1.1490485194281397, 'RootCauseEvidence': 0.17677669529663692, 'HiddenReproducibility': -0.7954951288348658, 'ImpactScope': -1.7677669529663687}"
Closure-35,Closure,1.0,1.0,"{'Actionability': 0, 'Clarity': 2, 'Specificity': 1, 'Reproducibility': 1, 'ReasoningQuality': 1, 'TechnicalContext': 0, 'Ambiguity': 1, 'RepairReadiness': 1, 'RootCauseEvidence': 2, 'HiddenReproducibility': 0, 'ImpactScope': 0}","{'repair_difficulty': 4, 'ambiguity_count': 1, 'hidden_s2r_present': False, 'root_cause_evidence': 2, 'impact_scope': 0}","{'Actionability': -0.9525009525014287, 'Clarity': 0.44450044450066684, 'Specificity': -0.25400025400038095, 'Reproducibility': -0.25400025400038095, 'ReasoningQuality': -0.25400025400038095, 'TechnicalContext': -0.9525009525014287, 'Ambiguity': 1.8415018415027626, 'RepairReadiness': 1.8415018415027626, 'RootCauseEvidence': 0.44450044450066684, 'HiddenReproducibility': -0.9525009525014287, 'ImpactScope': -0.9525009525014287}"
Closure-36,Closure,1.0,1.0,"{'Actionability': 1, 'Clarity': 1, 'Specificity': 2, 'Reproducibility': 3, 'ReasoningQuality': 0, 'TechnicalContext': 0, 'Ambiguity': 2, 'RepairReadiness': 2, 'RootCauseEvidence': 1, 'HiddenReproducibility': 1, 'ImpactScope': 0}","{'repair_difficulty': 3, 'ambiguity_count': 2, 'hidden_s2r_present': True, 'root_cause_evidence': 1, 'impact_scope': 0}","{'Actionability': -0.3162277660168379, 'Clarity': -0.3162277660168379, 'Specificity': 0.5533985905294665, 'Reproducibility': 1.4230249470757708, 'ReasoningQuality': -1.1858541225631423, 'TechnicalContext': -1.1858541225631423, 'Ambiguity': 1.4230249470757708, 'RepairReadiness': 1.4230249470757708, 'RootCauseEvidence': -0.3162277660168379, 'HiddenReproducibility': -0.3162277660168379, 'ImpactScope': -1.1858541225631423}"
Closure-37,Closure,1.0,1.0,"{'Actionability': 0, 'Clarity': 1, 'Specificity': 1, 'Reproducibility': 3, 'ReasoningQuality': 1, 'TechnicalContext': 0, 'Ambiguity': 1, 'RepairReadiness': 2, 'RootCauseEvidence': 3, 'HiddenReproducibility': 0, 'ImpactScope': 0}","{'repair_difficulty': 3, 'ambiguity_count': 1, 'hidden_s2r_present': False, 'root_cause_evidence': 3, 'impact_scope': 0}","{'Actionability': -1.0119288512538815, 'Clarity': -0.316227766016838, 'Specificity': -0.316227766016838, 'Reproducibility': 1.075174404457249, 'ReasoningQuality': -0.316227766016838, 'TechnicalContext': -1.0119288512538815, 'Ambiguity': 1.7708754896942926, 'RepairReadiness': 1.075174404457249, 'RootCauseEvidence': 1.075174404457249, 'HiddenReproducibility': -1.0119288512538815, 'ImpactScope': -1.0119288512538815}"
Closure-38,Closure,1.0,1.0,"{'Actionability': 1, 'Clarity': 3, 'Specificity': 3, 'Reproducibility': 3, 'ReasoningQuality': 1, 'TechnicalContext': 0, 'Ambiguity': 4, 'RepairReadiness': 1, 'RootCauseEvidence': 2, 'HiddenReproducibility': 1, 'ImpactScope': 1}","{'repair_difficulty': 4, 'ambiguity_count': 4, 'hidden_s2r_present': True, 'root_cause_evidence': 2, 'impact_scope': 1}","{'Actionability': -0.6862435664967209, 'Clarity': 0.9912407071619304, 'Specificity': 0.9912407071619304, 'Reproducibility': 0.9912407071619304, 'ReasoningQuality': -0.6862435664967209, 'TechnicalContext': -1.5249857033260465, 'Ambiguity': -0.6862435664967209, 'RepairReadiness': 1.8299828439912558, 'RootCauseEvidence': 0.15249857033260472, 'HiddenReproducibility': -0.6862435664967209, 'ImpactScope': -0.6862435664967209}"
Closure-39,Closure,1.0,1.0,"{'Actionability': 1, 'Clarity': 4, 'Specificity': 3, 'Reproducibility': 3, 'ReasoningQuality': 2, 'TechnicalContext': 0, 'Ambiguity': 2, 'RepairReadiness': 2, 'RootCauseEvidence': 2, 'HiddenReproducibility': 1, 'ImpactScope': 0}","{'repair_difficulty': 3, 'ambiguity_count': 2, 'hidden_s2r_present': True, 'root_cause_evidence': 2, 'impact_scope': 0}","{'Actionability': -0.7817359599705715, 'Clarity': 1.563471919941143, 'Specificity': 0.7817359599705715, 'Reproducibility': 0.7817359599705715, 'ReasoningQuality': 0.0, 'TechnicalContext': -1.563471919941143, 'Ambiguity': 0.7817359599705715, 'RepairReadiness': 0.7817359599705715, 'RootCauseEvidence': 0.0, 'HiddenReproducibility': -0.7817359599705715, 'ImpactScope': -1.563471919941143}"
Closure-4,Closure,1.0,1.0,"{'Actionability': 0, 'Clarity': 1, 'Specificity': 1, 'Reproducibility': 2, 'ReasoningQuality': 1, 'TechnicalContext': 0, 'Ambiguity': 0, 'RepairReadiness': 0, 'RootCauseEvidence': 2, 'HiddenReproducibility': 0, 'ImpactScope': 0}","{'repair_difficulty': 5, 'ambiguity_count': 0, 'hidden_s2r_present': False, 'root_cause_evidence': 2, 'impact_scope': 0}","{'Actionability': -0.8697956671643065, 'Clarity': -0.3069867060579905, 'Specificity': -0.3069867060579905, 'Reproducibility': 0.25582225504832545, 'ReasoningQuality': -0.3069867060579905, 'TechnicalContext': -0.8697956671643065, 'Ambiguity': 1.9442491383672733, 'RepairReadiness': 1.9442491383672733, 'RootCauseEvidence': 0.25582225504832545, 'HiddenReproducibility': -0.8697956671643065, 'ImpactScope': -0.8697956671643065}"
Closure-40,Closure,1.0,1.0,"{'Actionability': 0, 'Clarity': 2, 'Specificity': 0, 'Reproducibility': 3, 'ReasoningQuality': 2, 'TechnicalContext': 0, 'Ambiguity': 1, 'RepairReadiness': 2, 'RootCauseEvidence': 2, 'HiddenReproducibility': 1, 'ImpactScope': 0}","{'repair_difficulty': 3, 'ambiguity_count': 1, 'hidden_s2r_present': True, 'root_cause_evidence': 2, 'impact_scope': 0}","{'Actionability': -1.1258525035052873, 'Clarity': 0.331133089266261, 'Specificity': -1.1258525035052873, 'Reproducibility': 1.059625885652035, 'ReasoningQuality': 0.331133089266261, 'TechnicalContext': -1.1258525035052873, 'Ambiguity': 1.7881186820378092, 'RepairReadiness': 1.059625885652035, 'RootCauseEvidence': 0.331133089266261, 'HiddenReproducibility': -0.39735970711951313, 'ImpactScope': -1.1258525035052873}"
Closure-41,Closure,1.0,1.0,"{'Actionability': 0, 'Clarity': 2, 'Specificity': 1, 'Reproducibility': 1, 'ReasoningQuality': 1, 'TechnicalContext': 0, 'Ambiguity': 0, 'RepairReadiness': 1, 'RootCauseEvidence': 1, 'HiddenReproducibility': 1, 'ImpactScope': 1}","{'repair_difficulty': 4, 'ambiguity_count': 0, 'hidden_s2r_present': True, 'root_cause_evidence': 1, 'impact_scope': 1}","{'Actionability': -1.0307764064044151, 'Clarity': 0.30316953129541624, 'Specificity': -0.36380343755449945, 'Reproducibility': -0.36380343755449945, 'ReasoningQuality': -0.36380343755449945, 'TechnicalContext': -1.0307764064044151, 'Ambiguity': 2.3040884378451634, 'RepairReadiness': 1.6371154689952476, 'RootCauseEvidence': -0.36380343755449945, 'HiddenReproducibility': -0.36380343755449945, 'ImpactScope': -0.36380343755449945}"
Closure-42,Closure,1.0,1.0,"{'Actionability': 1, 'Clarity': 1, 'Specificity': 2, 'Reproducibility': 3, 'ReasoningQuality': 0, 'TechnicalContext': 0, 'Ambiguity': 2, 'RepairReadiness': 2, 'RootCauseEvidence': 1, 'HiddenReproducibility': 1, 'ImpactScope': 0}","{'repair_difficulty': 3, 'ambiguity_count': 2, 'hidden_s2r_present': True, 'root_cause_evidence': 1, 'impact_scope': 0}","{'Actionability': -0.3162277660168379, 'Clarity': -0.3162277660168379, 'Specificity': 0.5533985905294665, 'Reproducibility': 1.4230249470757708, 'ReasoningQuality': -1.1858541225631423, 'TechnicalContext': -1.1858541225631423, 'Ambiguity': 1.4230249470757708, 'RepairReadiness': 1.4230249470757708, 'RootCauseEvidence': -0.3162277660168379, 'HiddenReproducibility': -0.3162277660168379, 'ImpactScope': -1.1858541225631423}"
Closure-43,Closure,1.0,1.0,"{'Actionability': 0, 'Clarity': 2, 'Specificity': 1, 'Reproducibility': 3, 'ReasoningQuality': 1, 'TechnicalContext': 0, 'Ambiguity': 1, 'RepairReadiness': 2, 'RootCauseEvidence': 1, 'HiddenReproducibility': 1, 'ImpactScope': 0}","{'repair_difficulty': 3, 'ambiguity_count': 1, 'hidden_s2r_present': True, 'root_cause_evidence': 1, 'impact_scope': 0}","{'Actionability': -1.1147728228665883, 'Clarity': 0.41803980857497053, 'Specificity': -0.34836650714580886, 'Reproducibility': 1.1844461242957498, 'ReasoningQuality': -0.34836650714580886, 'TechnicalContext': -1.1147728228665883, 'Ambiguity': 1.9508524400165292, 'RepairReadiness': 1.1844461242957498, 'RootCauseEvidence': -0.34836650714580886, 'HiddenReproducibility': -0.34836650714580886, 'ImpactScope': -1.1147728228665883}"
Closure-44,Closure,1.0,1.0,"{'Actionability': 0, 'Clarity': 0, 'Specificity': 0, 'Reproducibility': 0, 'ReasoningQuality': 0, 'TechnicalContext': 0, 'Ambiguity': 0, 'RepairReadiness': 0, 'RootCauseEvidence': 0, 'HiddenReproducibility': 0, 'ImpactScope': 0}","{'repair_difficulty': 5, 'ambiguity_count': 0, 'hidden_s2r_present': False, 'root_cause_evidence': 0, 'impact_scope': 0}","{'Actionability': -0.4714045207910317, 'Clarity': -0.4714045207910317, 'Specificity': -0.4714045207910317, 'Reproducibility': -0.4714045207910317, 'ReasoningQuality': -0.4714045207910317, 'TechnicalContext': -0.4714045207910317, 'Ambiguity': 2.121320343559643, 'RepairReadiness': 2.121320343559643, 'RootCauseEvidence': -0.4714045207910317, 'HiddenReproducibility': -0.4714045207910317, 'ImpactScope': -0.4714045207910317}"
Closure-45,Closure,1.0,1.0,"{'Actionability': 0, 'Clarity': 1, 'Specificity': 1, 'Reproducibility': 3, 'ReasoningQuality': 0, 'TechnicalContext': 0, 'Ambiguity': 2, 'RepairReadiness': 2, 'RootCauseEvidence': 1, 'HiddenReproducibility': 1, 'ImpactScope': 0}","{'repair_difficulty': 3, 'ambiguity_count': 2, 'hidden_s2r_present': True, 'root_cause_evidence': 1, 'impact_scope': 0}","{'Actionability': -0.9912407071619304, 'Clarity': -0.15249857033260472, 'Specificity': -0.15249857033260472, 'Reproducibility': 1.5249857033260465, 'ReasoningQuality': -0.9912407071619304, 'TechnicalContext': -0.9912407071619304, 'Ambiguity': 1.5249857033260465, 'RepairReadiness': 1.5249857033260465, 'RootCauseEvidence': -0.15249857033260472, 'HiddenReproducibility': -0.15249857033260472, 'ImpactScope': -0.9912407071619304}"
Closure-46,Closure,1.0,1.0,"{'Actionability': 1, 'Clarity': 1, 'Specificity': 1, 'Reproducibility': 1, 'ReasoningQuality': 1, 'TechnicalContext': 0, 'Ambiguity': 0, 'RepairReadiness': 2, 'RootCauseEvidence': 2, 'HiddenReproducibility': 1, 'ImpactScope': 0}","{'repair_difficulty': 3, 'ambiguity_count': 0, 'hidden_s2r_present': True, 'root_cause_evidence': 2, 'impact_scope': 0}","{'Actionability': -0.331133089266261, 'Clarity': -0.331133089266261, 'Specificity': -0.331133089266261, 'Reproducibility': -0.331133089266261, 'ReasoningQuality': -0.331133089266261, 'TechnicalContext': -1.059625885652035, 'Ambiguity': 2.5828380962768356, 'RepairReadiness': 1.1258525035052873, 'RootCauseEvidence': 0.39735970711951313, 'HiddenReproducibility': -0.331133089266261, 'ImpactScope': -1.059625885652035}"
Closure-47,Closure,1.0,1.0,"{'Actionability': 0, 'Clarity': 0, 'Specificity': 0, 'Reproducibility': 0, 'ReasoningQuality': 0, 'TechnicalContext': 0, 'Ambiguity': 0, 'RepairReadiness': 0, 'RootCauseEvidence': 0, 'HiddenReproducibility': 0, 'ImpactScope': 0}","{'repair_difficulty': 5, 'ambiguity_count': 0, 'hidden_s2r_present': False, 'root_cause_evidence': 0, 'impact_scope': 0}","{'Actionability': -0.4714045207910317, 'Clarity': -0.4714045207910317, 'Specificity': -0.4714045207910317, 'Reproducibility': -0.4714045207910317, 'ReasoningQuality': -0.4714045207910317, 'TechnicalContext': -0.4714045207910317, 'Ambiguity': 2.121320343559643, 'RepairReadiness': 2.121320343559643, 'RootCauseEvidence': -0.4714045207910317, 'HiddenReproducibility': -0.4714045207910317, 'ImpactScope': -0.4714045207910317}"
Closure-48,Closure,1.0,1.0,"{'Actionability': 4, 'Clarity': 2, 'Specificity': 1, 'Reproducibility': 1, 'ReasoningQuality': 2, 'TechnicalContext': 0, 'Ambiguity': 2, 'RepairReadiness': 1, 'RootCauseEvidence': 2, 'HiddenReproducibility': 0, 'ImpactScope': 1}","{'repair_difficulty': 4, 'ambiguity_count': 2, 'hidden_s2r_present': False, 'root_cause_evidence': 2, 'impact_scope': 1}","{'Actionability': 1.6329931618554518, 'Clarity': 0.13608276348795437, 'Specificity': -0.6123724356957945, 'Reproducibility': -0.6123724356957945, 'ReasoningQuality': 0.13608276348795437, 'TechnicalContext': -1.3608276348795434, 'Ambiguity': 0.8845379626717033, 'RepairReadiness': 1.6329931618554518, 'RootCauseEvidence': 0.13608276348795437, 'HiddenReproducibility': -1.3608276348795434, 'ImpactScope': -0.6123724356957945}"
Closure-49,Closure,1.0,1.0,"{'Actionability': 1, 'Clarity': 3, 'Specificity': 3, 'Reproducibility': 3, 'ReasoningQuality': 1, 'TechnicalContext': 0, 'Ambiguity': 4, 'RepairReadiness': 1, 'RootCauseEvidence': 1, 'HiddenReproducibility': 1, 'ImpactScope': 0}","{'repair_difficulty': 4, 'ambiguity_count': 4, 'hidden_s2r_present': True, 'root_cause_evidence': 1, 'impact_scope': 0}","{'Actionability': -0.4900980294098035, 'Clarity': 1.0502100630210072, 'Specificity': 1.0502100630210072, 'Reproducibility': 1.0502100630210072, 'ReasoningQuality': -0.4900980294098035, 'TechnicalContext': -1.260252075625209, 'Ambiguity': -0.4900980294098035, 'RepairReadiness': 1.8203641092364125, 'RootCauseEvidence': -0.4900980294098035, 'HiddenReproducibility': -0.4900980294098035, 'ImpactScope': -1.260252075625209}"
Closure-5,Closure,1.0,1.0,"{'Actionability': 1, 'Clarity': 2, 'Specificity': 0, 'Reproducibility': 3, 'ReasoningQuality': 1, 'TechnicalContext': 0, 'Ambiguity': 1, 'RepairReadiness': 1, 'RootCauseEvidence': 1, 'HiddenReproducibility': 0, 'ImpactScope': 0}","{'repair_difficulty': 4, 'ambiguity_count': 1, 'hidden_s2r_present': False, 'root_cause_evidence': 1, 'impact_scope': 0}","{'Actionability': -0.30316953129541624, 'Clarity': 0.36380343755449945, 'Specificity': -0.970142500145332, 'Reproducibility': 1.0307764064044151, 'ReasoningQuality': -0.30316953129541624, 'TechnicalContext': -0.970142500145332, 'Ambiguity': 1.697749375254331, 'RepairReadiness': 1.697749375254331, 'RootCauseEvidence': -0.30316953129541624, 'HiddenReproducibility': -0.970142500145332, 'ImpactScope': -0.970142500145332}"
Closure-50,Closure,1.0,1.0,"{'Actionability': 1, 'Clarity': 3, 'Specificity': 2, 'Reproducibility': 3, 'ReasoningQuality': 1, 'TechnicalContext': 0, 'Ambiguity': 2, 'RepairReadiness': 3, 'RootCauseEvidence': 1, 'HiddenReproducibility': 1, 'ImpactScope': 0}","{'repair_difficulty': 2, 'ambiguity_count': 2, 'hidden_s2r_present': True, 'root_cause_evidence': 1, 'impact_scope': 0}","{'Actionability': -0.50709255283711, 'Clarity': 1.3522468075656267, 'Specificity': 0.42257712736425834, 'Reproducibility': 1.3522468075656267, 'ReasoningQuality': -0.50709255283711, 'TechnicalContext': -1.4367622330384784, 'Ambiguity': 1.3522468075656267, 'RepairReadiness': 0.42257712736425834, 'RootCauseEvidence': -0.50709255283711, 'HiddenReproducibility': -0.50709255283711, 'ImpactScope': -1.4367622330384784}"
Closure-51,Closure,1.0,1.0,"{'Actionability': 0, 'Clarity': 0, 'Specificity': 0, 'Reproducibility': 0, 'ReasoningQuality': 0, 'TechnicalContext': 0, 'Ambiguity': 0, 'RepairReadiness': 0, 'RootCauseEvidence': 0, 'HiddenReproducibility': 0, 'ImpactScope': 0}","{'repair_difficulty': 5, 'ambiguity_count': 0, 'hidden_s2r_present': False, 'root_cause_evidence': 0, 'impact_scope': 0}","{'Actionability': -0.4714045207910317, 'Clarity': -0.4714045207910317, 'Specificity': -0.4714045207910317, 'Reproducibility': -0.4714045207910317, 'ReasoningQuality': -0.4714045207910317, 'TechnicalContext': -0.4714045207910317, 'Ambiguity': 2.121320343559643, 'RepairReadiness': 2.121320343559643, 'RootCauseEvidence': -0.4714045207910317, 'HiddenReproducibility': -0.4714045207910317, 'ImpactScope': -0.4714045207910317}"
Closure-52,Closure,1.0,1.0,"{'Actionability': 1, 'Clarity': 1, 'Specificity': 2, 'Reproducibility': 3, 'ReasoningQuality': 0, 'TechnicalContext': 0, 'Ambiguity': 2, 'RepairReadiness': 1, 'RootCauseEvidence': 1, 'HiddenReproducibility': 1, 'ImpactScope': 0}","{'repair_difficulty': 4, 'ambiguity_count': 2, 'hidden_s2r_present': True, 'root_cause_evidence': 1, 'impact_scope': 0}","{'Actionability': -0.34836650714580886, 'Clarity': -0.34836650714580886, 'Specificity': 0.41803980857497053, 'Reproducibility': 1.1844461242957498, 'ReasoningQuality': -1.1147728228665883, 'TechnicalContext': -1.1147728228665883, 'Ambiguity': 1.1844461242957498, 'RepairReadiness': 1.9508524400165292, 'RootCauseEvidence': -0.34836650714580886, 'HiddenReproducibility': -0.34836650714580886, 'ImpactScope': -1.1147728228665883}"
Closure-53,Closure,1.0,1.0,"{'Actionability': 1, 'Clarity': 3, 'Specificity': 2, 'Reproducibility': 3, 'ReasoningQuality': 1, 'TechnicalContext': 0, 'Ambiguity': 2, 'RepairReadiness': 2, 'RootCauseEvidence': 1, 'HiddenReproducibility': 1, 'ImpactScope': 0}","{'repair_difficulty': 3, 'ambiguity_count': 2, 'hidden_s2r_present': True, 'root_cause_evidence': 1, 'impact_scope': 0}","{'Actionability': -0.5533985905294665, 'Clarity': 1.1858541225631423, 'Specificity': 0.3162277660168379, 'Reproducibility': 1.1858541225631423, 'ReasoningQuality': -0.5533985905294665, 'TechnicalContext': -1.4230249470757708, 'Ambiguity': 1.1858541225631423, 'RepairReadiness': 1.1858541225631423, 'RootCauseEvidence': -0.5533985905294665, 'HiddenReproducibility': -0.5533985905294665, 'ImpactScope': -1.4230249470757708}"
Closure-54,Closure,1.0,1.0,"{'Actionability': 0, 'Clarity': 1, 'Specificity': 1, 'Reproducibility': 2, 'ReasoningQuality': 1, 'TechnicalContext': 0, 'Ambiguity': 0, 'RepairReadiness': 1, 'RootCauseEvidence': 1, 'HiddenReproducibility': 0, 'ImpactScope': 0}","{'repair_difficulty': 4, 'ambiguity_count': 0, 'hidden_s2r_present': False, 'root_cause_evidence': 1, 'impact_scope': 0}","{'Actionability': -0.8464989719746505, 'Clarity': -0.22573305919324008, 'Specificity': -0.22573305919324008, 'Reproducibility': 0.3950328535881703, 'ReasoningQuality': -0.22573305919324008, 'TechnicalContext': -0.8464989719746505, 'Ambiguity': 2.257330591932402, 'RepairReadiness': 1.6365646791509914, 'RootCauseEvidence': -0.22573305919324008, 'HiddenReproducibility': -0.8464989719746505, 'ImpactScope': -0.8464989719746505}"
Closure-55,Closure,1.0,1.0,"{'Actionability': 0, 'Clarity': 1, 'Specificity': 0, 'Reproducibility': 2, 'ReasoningQuality': 1, 'TechnicalContext': 0, 'Ambiguity': 1, 'RepairReadiness': 2, 'RootCauseEvidence': 3, 'HiddenReproducibility': 0, 'ImpactScope': 0}","{'repair_difficulty': 3, 'ambiguity_count': 1, 'hidden_s2r_present': False, 'root_cause_evidence': 3, 'impact_scope': 0}","{'Actionability': -0.8962581595302718, 'Clarity': -0.19205531989934393, 'Specificity': -0.8962581595302718, 'Reproducibility': 0.5121475197315839, 'ReasoningQuality': -0.19205531989934393, 'TechnicalContext': -0.8962581595302718, 'Ambiguity': 1.92055319899344, 'RepairReadiness': 1.2163503593625118, 'RootCauseEvidence': 1.2163503593625118, 'HiddenReproducibility': -0.8962581595302718, 'ImpactScope': -0.8962581595302718}"
Closure-56,Closure,1.0,1.0,"{'Actionability': 0, 'Clarity': 2, 'Specificity': 0, 'Reproducibility': 2, 'ReasoningQuality': 1, 'TechnicalContext': 0, 'Ambiguity': 0, 'RepairReadiness': 0, 'RootCauseEvidence': 1, 'HiddenReproducibility': 0, 'ImpactScope': 0}","{'repair_difficulty': 5, 'ambiguity_count': 0, 'hidden_s2r_present': False, 'root_cause_evidence': 1, 'impact_scope': 0}","{'Actionability': -0.7960297521679913, 'Clarity': 0.2985111570629967, 'Specificity': -0.7960297521679913, 'Reproducibility': 0.2985111570629967, 'ReasoningQuality': -0.24875929755249732, 'TechnicalContext': -0.7960297521679913, 'Ambiguity': 1.9403225209094788, 'RepairReadiness': 1.9403225209094788, 'RootCauseEvidence': -0.24875929755249732, 'HiddenReproducibility': -0.7960297521679913, 'ImpactScope': -0.7960297521679913}"
Closure-57,Closure,1.0,1.0,"{'Actionability': 4, 'Clarity': 2, 'Specificity': 1, 'Reproducibility': 3, 'ReasoningQuality': 2, 'TechnicalContext': 0, 'Ambiguity': 3, 'RepairReadiness': 1, 'RootCauseEvidence': 1, 'HiddenReproducibility': 1, 'ImpactScope': 1}","{'repair_difficulty': 4, 'ambiguity_count': 3, 'hidden_s2r_present': True, 'root_cause_evidence': 1, 'impact_scope': 1}","{'Actionability': 1.6864418227455629, 'Clarity': 0.07332355751067658, 'Specificity': -0.7332355751067665, 'Reproducibility': 0.8798826901281197, 'ReasoningQuality': 0.07332355751067658, 'TechnicalContext': -1.5397947077242098, 'Ambiguity': 0.07332355751067658, 'RepairReadiness': 1.6864418227455629, 'RootCauseEvidence': -0.7332355751067665, 'HiddenReproducibility': -0.7332355751067665, 'ImpactScope': -0.7332355751067665}"
Closure-58,Closure,1.0,1.0,"{'Actionability': 4, 'Clarity': 2, 'Specificity': 2, 'Reproducibility': 3, 'ReasoningQuality': 2, 'TechnicalContext': 0, 'Ambiguity': 3, 'RepairReadiness': 2, 'RootCauseEvidence': 1, 'HiddenReproducibility': 1, 'ImpactScope': 1}","{'repair_difficulty': 3, 'ambiguity_count': 3, 'hidden_s2r_present': True, 'root_cause_evidence': 1, 'impact_scope': 1}","{'Actionability': 1.930117124082385, 'Clarity': 0.08391813582966884, 'Specificity': 0.08391813582966884, 'Reproducibility': 1.007017629956027, 'ReasoningQuality': 0.08391813582966884, 'TechnicalContext': -1.7622808524230473, 'Ambiguity': 0.08391813582966884, 'RepairReadiness': 1.007017629956027, 'RootCauseEvidence': -0.8391813582966892, 'HiddenReproducibility': -0.8391813582966892, 'ImpactScope': -0.8391813582966892}"
Closure-59,Closure,1.0,1.0,"{'Actionability': 1, 'Clarity': 3, 'Specificity': 3, 'Reproducibility': 3, 'ReasoningQuality': 1, 'TechnicalContext': 0, 'Ambiguity': 2, 'RepairReadiness': 1, 'RootCauseEvidence': 1, 'HiddenReproducibility': 1, 'ImpactScope': 0}","{'repair_difficulty': 4, 'ambiguity_count': 2, 'hidden_s2r_present': True, 'root_cause_evidence': 1, 'impact_scope': 0}","{'Actionability': -0.6123724356957945, 'Clarity': 0.8845379626717033, 'Specificity': 0.8845379626717033, 'Reproducibility': 0.8845379626717033, 'ReasoningQuality': -0.6123724356957945, 'TechnicalContext': -1.3608276348795434, 'Ambiguity': 0.8845379626717033, 'RepairReadiness': 1.6329931618554518, 'RootCauseEvidence': -0.6123724356957945, 'HiddenReproducibility': -0.6123724356957945, 'ImpactScope': -1.3608276348795434}"
Closure-6,Closure,1.0,1.0,"{'Actionability': 0, 'Clarity': 0, 'Specificity': 0, 'Reproducibility': 0, 'ReasoningQuality': 0, 'TechnicalContext': 0, 'Ambiguity': 0, 'RepairReadiness': 0, 'RootCauseEvidence': 0, 'HiddenReproducibility': 0, 'ImpactScope': 0}","{'repair_difficulty': 5, 'ambiguity_count': 0, 'hidden_s2r_present': False, 'root_cause_evidence': 0, 'impact_scope': 0}","{'Actionability': -0.4714045207910317, 'Clarity': -0.4714045207910317, 'Specificity': -0.4714045207910317, 'Reproducibility': -0.4714045207910317, 'ReasoningQuality': -0.4714045207910317, 'TechnicalContext': -0.4714045207910317, 'Ambiguity': 2.121320343559643, 'RepairReadiness': 2.121320343559643, 'RootCauseEvidence': -0.4714045207910317, 'HiddenReproducibility': -0.4714045207910317, 'ImpactScope': -0.4714045207910317}"
Closure-60,Closure,1.0,1.0,"{'Actionability': 0, 'Clarity': 1, 'Specificity': 0, 'Reproducibility': 1, 'ReasoningQuality': 1, 'TechnicalContext': 0, 'Ambiguity': 0, 'RepairReadiness': 1, 'RootCauseEvidence': 1, 'HiddenReproducibility': 0, 'ImpactScope': 0}","{'repair_difficulty': 4, 'ambiguity_count': 0, 'hidden_s2r_present': False, 'root_cause_evidence': 1, 'impact_scope': 0}","{'Actionability': -0.7200034083082247, 'Clarity': -0.1107697551243423, 'Specificity': -0.7200034083082247, 'Reproducibility': -0.1107697551243423, 'ReasoningQuality': -0.1107697551243423, 'TechnicalContext': -0.7200034083082247, 'Ambiguity': 2.3261648576111877, 'RepairReadiness': 1.716931204427305, 'RootCauseEvidence': -0.1107697551243423, 'HiddenReproducibility': -0.7200034083082247, 'ImpactScope': -0.7200034083082247}"
Closure-61,Closure,1.0,1.0,"{'Actionability': 1, 'Clarity': 3, 'Specificity': 3, 'Reproducibility': 3, 'ReasoningQuality': 1, 'TechnicalContext': 0, 'Ambiguity': 2, 'RepairReadiness': 2, 'RootCauseEvidence': 1, 'HiddenReproducibility': 1, 'ImpactScope': 0}","{'repair_difficulty': 3, 'ambiguity_count': 2, 'hidden_s2r_present': True, 'root_cause_evidence': 1, 'impact_scope': 0}","{'Actionability': -0.5996253511966891, 'Clarity': 1.049344364594206, 'Specificity': 1.049344364594206, 'Reproducibility': 1.049344364594206, 'ReasoningQuality': -0.5996253511966891, 'TechnicalContext': -1.4241102090921367, 'Ambiguity': 1.049344364594206, 'RepairReadiness': 1.049344364594206, 'RootCauseEvidence': -0.5996253511966891, 'HiddenReproducibility': -0.5996253511966891, 'ImpactScope': -1.4241102090921367}"
Closure-62,Closure,1.0,1.0,"{'Actionability': 0, 'Clarity': 2, 'Specificity': 2, 'Reproducibility': 2, 'ReasoningQuality': 1, 'TechnicalContext': 0, 'Ambiguity': 1, 'RepairReadiness': 0, 'RootCauseEvidence': 1, 'HiddenReproducibility': 0, 'ImpactScope': 0}","{'repair_difficulty': 5, 'ambiguity_count': 1, 'hidden_s2r_present': False, 'root_cause_evidence': 1, 'impact_scope': 0}","{'Actionability': -0.9563247157871202, 'Clarity': 0.281271975231506, 'Specificity': 0.281271975231506, 'Reproducibility': 0.281271975231506, 'ReasoningQuality': -0.33752637027780713, 'TechnicalContext': -0.9563247157871202, 'Ambiguity': 1.518868666250132, 'RepairReadiness': 2.1376670117594454, 'RootCauseEvidence': -0.33752637027780713, 'HiddenReproducibility': -0.9563247157871202, 'ImpactScope': -0.9563247157871202}"
Closure-64,Closure,1.0,1.0,"{'Actionability': 1, 'Clarity': 3, 'Specificity': 2, 'Reproducibility': 3, 'ReasoningQuality': 1, 'TechnicalContext': 0, 'Ambiguity': 2, 'RepairReadiness': 1, 'RootCauseEvidence': 1, 'HiddenReproducibility': 1, 'ImpactScope': 0}","{'repair_difficulty': 4, 'ambiguity_count': 2, 'hidden_s2r_present': True, 'root_cause_evidence': 1, 'impact_scope': 0}","{'Actionability': -0.565685424949238, 'Clarity': 0.9899494936611665, 'Specificity': 0.21213203435596423, 'Reproducibility': 0.9899494936611665, 'ReasoningQuality': -0.565685424949238, 'TechnicalContext': -1.3435028842544403, 'Ambiguity': 0.9899494936611665, 'RepairReadiness': 1.7677669529663684, 'RootCauseEvidence': -0.565685424949238, 'HiddenReproducibility': -0.565685424949238, 'ImpactScope': -1.3435028842544403}"
Closure-65,Closure,1.0,1.0,"{'Actionability': 1, 'Clarity': 3, 'Specificity': 3, 'Reproducibility': 4, 'ReasoningQuality': 2, 'TechnicalContext': 0, 'Ambiguity': 2, 'RepairReadiness': 3, 'RootCauseEvidence': 1, 'HiddenReproducibility': 1, 'ImpactScope': 0}","{'repair_difficulty': 2, 'ambiguity_count': 2, 'hidden_s2r_present': True, 'root_cause_evidence': 1, 'impact_scope': 0}","{'Actionability': -0.6461623427559643, 'Clarity': 0.9333456062030596, 'Specificity': 0.9333456062030596, 'Reproducibility': 1.7230995806825713, 'ReasoningQuality': 0.14359163172354766, 'TechnicalContext': -1.435916317235476, 'Ambiguity': 0.9333456062030596, 'RepairReadiness': 0.14359163172354766, 'RootCauseEvidence': -0.6461623427559643, 'HiddenReproducibility': -0.6461623427559643, 'ImpactScope': -1.435916317235476}"
Closure-66,Closure,1.0,1.0,"{'Actionability': 1, 'Clarity': 1, 'Specificity': 2, 'Reproducibility': 3, 'ReasoningQuality': 0, 'TechnicalContext': 0, 'Ambiguity': 2, 'RepairReadiness': 1, 'RootCauseEvidence': 1, 'HiddenReproducibility': 1, 'ImpactScope': 0}","{'repair_difficulty': 4, 'ambiguity_count': 2, 'hidden_s2r_present': True, 'root_cause_evidence': 1, 'impact_scope': 0}","{'Actionability': -0.34836650714580886, 'Clarity': -0.34836650714580886, 'Specificity': 0.41803980857497053, 'Reproducibility': 1.1844461242957498, 'ReasoningQuality': -1.1147728228665883, 'TechnicalContext': -1.1147728228665883, 'Ambiguity': 1.1844461242957498, 'RepairReadiness': 1.9508524400165292, 'RootCauseEvidence': -0.34836650714580886, 'HiddenReproducibility': -0.34836650714580886, 'ImpactScope': -1.1147728228665883}"
Closure-67,Closure,1.0,1.0,"{'Actionability': 4, 'Clarity': 2, 'Specificity': 1, 'Reproducibility': 3, 'ReasoningQuality': 3, 'TechnicalContext': 0, 'Ambiguity': 3, 'RepairReadiness': 2, 'RootCauseEvidence': 1, 'HiddenReproducibility': 0, 'ImpactScope': 1}","{'repair_difficulty': 3, 'ambiguity_count': 3, 'hidden_s2r_present': False, 'root_cause_evidence': 1, 'impact_scope': 1}","{'Actionability': 1.7230995806825713, 'Clarity': 0.14359163172354766, 'Specificity': -0.6461623427559643, 'Reproducibility': 0.9333456062030596, 'ReasoningQuality': 0.9333456062030596, 'TechnicalContext': -1.435916317235476, 'Ambiguity': 0.14359163172354766, 'RepairReadiness': 0.9333456062030596, 'RootCauseEvidence': -0.6461623427559643, 'HiddenReproducibility': -1.435916317235476, 'ImpactScope': -0.6461623427559643}"
Closure-68,Closure,1.0,1.0,"{'Actionability': 4, 'Clarity': 2, 'Specificity': 3, 'Reproducibility': 3, 'ReasoningQuality': 2, 'TechnicalContext': 0, 'Ambiguity': 4, 'RepairReadiness': 2, 'RootCauseEvidence': 1, 'HiddenReproducibility': 1, 'ImpactScope': 1}","{'repair_difficulty': 3, 'ambiguity_count': 4, 'hidden_s2r_present': True, 'root_cause_evidence': 1, 'impact_scope': 1}","{'Actionability': 1.7959982617189696, 'Clarity': 0.07808688094430297, 'Specificity': 0.9370425713316364, 'Reproducibility': 0.9370425713316364, 'ReasoningQuality': 0.07808688094430297, 'TechnicalContext': -1.6398244998303637, 'Ambiguity': -0.7808688094430304, 'RepairReadiness': 0.9370425713316364, 'RootCauseEvidence': -0.7808688094430304, 'HiddenReproducibility': -0.7808688094430304, 'ImpactScope': -0.7808688094430304}"
Closure-69,Closure,1.0,1.0,"{'Actionability': 1, 'Clarity': 4, 'Specificity': 3, 'Reproducibility': 3, 'ReasoningQuality': 2, 'TechnicalContext': 0, 'Ambiguity': 2, 'RepairReadiness': 2, 'RootCauseEvidence': 2, 'HiddenReproducibility': 1, 'ImpactScope': 0}","{'repair_difficulty': 3, 'ambiguity_count': 2, 'hidden_s2r_present': True, 'root_cause_evidence': 2, 'impact_scope': 0}","{'Actionability': -0.7817359599705715, 'Clarity': 1.563471919941143, 'Specificity': 0.7817359599705715, 'Reproducibility': 0.7817359599705715, 'ReasoningQuality': 0.0, 'TechnicalContext': -1.563471919941143, 'Ambiguity': 0.7817359599705715, 'RepairReadiness': 0.7817359599705715, 'RootCauseEvidence': 0.0, 'HiddenReproducibility': -0.7817359599705715, 'ImpactScope': -1.563471919941143}"
Closure-7,Closure,1.0,1.0,"{'Actionability': 0, 'Clarity': 1, 'Specificity': 0, 'Reproducibility': 1, 'ReasoningQuality': 1, 'TechnicalContext': 0, 'Ambiguity': 0, 'RepairReadiness': 0, 'RootCauseEvidence': 1, 'HiddenReproducibility': 0, 'ImpactScope': 0}","{'repair_difficulty': 5, 'ambiguity_count': 0, 'hidden_s2r_present': False, 'root_cause_evidence': 1, 'impact_scope': 0}","{'Actionability': -0.7017565899639198, 'Clarity': -0.15037641213512565, 'Specificity': -0.7017565899639198, 'Reproducibility': -0.15037641213512565, 'ReasoningQuality': -0.15037641213512565, 'TechnicalContext': -0.7017565899639198, 'Ambiguity': 2.055144299180051, 'RepairReadiness': 2.055144299180051, 'RootCauseEvidence': -0.15037641213512565, 'HiddenReproducibility': -0.7017565899639198, 'ImpactScope': -0.7017565899639198}"
Closure-70,Closure,1.0,1.0,"{'Actionability': 1, 'Clarity': 1, 'Specificity': 2, 'Reproducibility': 3, 'ReasoningQuality': 0, 'TechnicalContext': 0, 'Ambiguity': 2, 'RepairReadiness': 1, 'RootCauseEvidence': 1, 'HiddenReproducibility': 1, 'ImpactScope': 0}","{'repair_difficulty': 4, 'ambiguity_count': 2, 'hidden_s2r_present': True, 'root_cause_evidence': 1, 'impact_scope': 0}","{'Actionability': -0.34836650714580886, 'Clarity': -0.34836650714580886, 'Specificity': 0.41803980857497053, 'Reproducibility': 1.1844461242957498, 'ReasoningQuality': -1.1147728228665883, 'TechnicalContext': -1.1147728228665883, 'Ambiguity': 1.1844461242957498, 'RepairReadiness': 1.9508524400165292, 'RootCauseEvidence': -0.34836650714580886, 'HiddenReproducibility': -0.34836650714580886, 'ImpactScope': -1.1147728228665883}"
Closure-71,Closure,1.0,1.0,"{'Actionability': 0, 'Clarity': 1, 'Specificity': 1, 'Reproducibility': 3, 'ReasoningQuality': 0, 'TechnicalContext': 0, 'Ambiguity': 1, 'RepairReadiness': 2, 'RootCauseEvidence': 1, 'HiddenReproducibility': 1, 'ImpactScope': 0}","{'repair_difficulty': 3, 'ambiguity_count': 1, 'hidden_s2r_present': True, 'root_cause_evidence': 1, 'impact_scope': 0}","{'Actionability': -0.9396184772996339, 'Clarity': -0.20134681656420725, 'Specificity': -0.20134681656420725, 'Reproducibility': 1.275196504906646, 'ReasoningQuality': -0.9396184772996339, 'TechnicalContext': -0.9396184772996339, 'Ambiguity': 2.013468165642073, 'RepairReadiness': 1.275196504906646, 'RootCauseEvidence': -0.20134681656420725, 'HiddenReproducibility': -0.20134681656420725, 'ImpactScope': -0.9396184772996339}"
Closure-72,Closure,1.0,1.0,"{'Actionability': 4, 'Clarity': 2, 'Specificity': 2, 'Reproducibility': 4, 'ReasoningQuality': 3, 'TechnicalContext': 0, 'Ambiguity': 4, 'RepairReadiness': 1, 'RootCauseEvidence': 2, 'HiddenReproducibility': 1, 'ImpactScope': 1}","{'repair_difficulty': 4, 'ambiguity_count': 4, 'hidden_s2r_present': True, 'root_cause_evidence': 2, 'impact_scope': 1}","{'Actionability': 1.3608276348795434, 'Clarity': -0.1360827634879542, 'Specificity': -0.1360827634879542, 'Reproducibility': 1.3608276348795434, 'ReasoningQuality': 0.6123724356957946, 'TechnicalContext': -1.6329931618554518, 'Ambiguity': -0.884537962671703, 'RepairReadiness': 1.3608276348795434, 'RootCauseEvidence': -0.1360827634879542, 'HiddenReproducibility': -0.884537962671703, 'ImpactScope': -0.884537962671703}"
Closure-73,Closure,1.0,1.0,"{'Actionability': 1, 'Clarity': 3, 'Specificity': 3, 'Reproducibility': 3, 'ReasoningQuality': 1, 'TechnicalContext': 1, 'Ambiguity': 2, 'RepairReadiness': 2, 'RootCauseEvidence': 2, 'HiddenReproducibility': 1, 'ImpactScope': 0}","{'repair_difficulty': 3, 'ambiguity_count': 2, 'hidden_s2r_present': True, 'root_cause_evidence': 2, 'impact_scope': 0}","{'Actionability': -0.8391813582966892, 'Clarity': 1.007017629956027, 'Specificity': 1.007017629956027, 'Reproducibility': 1.007017629956027, 'ReasoningQuality': -0.8391813582966892, 'TechnicalContext': -0.8391813582966892, 'Ambiguity': 1.007017629956027, 'RepairReadiness': 1.007017629956027, 'RootCauseEvidence': 0.08391813582966884, 'HiddenReproducibility': -0.8391813582966892, 'ImpactScope': -1.7622808524230473}"
Closure-74,Closure,1.0,1.0,"{'Actionability': 0, 'Clarity': 0, 'Specificity': 0, 'Reproducibility': 0, 'ReasoningQuality': 0, 'TechnicalContext': 0, 'Ambiguity': 0, 'RepairReadiness': 0, 'RootCauseEvidence': 0, 'HiddenReproducibility': 0, 'ImpactScope': 0}","{'repair_difficulty': 5, 'ambiguity_count': 0, 'hidden_s2r_present': False, 'root_cause_evidence': 0, 'impact_scope': 0}","{'Actionability': -0.4714045207910317, 'Clarity': -0.4714045207910317, 'Specificity': -0.4714045207910317, 'Reproducibility': -0.4714045207910317, 'ReasoningQuality': -0.4714045207910317, 'TechnicalContext': -0.4714045207910317, 'Ambiguity': 2.121320343559643, 'RepairReadiness': 2.121320343559643, 'RootCauseEvidence': -0.4714045207910317, 'HiddenReproducibility': -0.4714045207910317, 'ImpactScope': -0.4714045207910317}"
Closure-75,Closure,1.0,1.0,"{'Actionability': 0, 'Clarity': 0, 'Specificity': 0, 'Reproducibility': 0, 'ReasoningQuality': 0, 'TechnicalContext': 0, 'Ambiguity': 0, 'RepairReadiness': 1, 'RootCauseEvidence': 0, 'HiddenReproducibility': 0, 'ImpactScope': 0}","{'repair_difficulty': 4, 'ambiguity_count': 0, 'hidden_s2r_present': False, 'root_cause_evidence': 0, 'impact_scope': 0}","{'Actionability': -0.46788772041903276, 'Clarity': -0.46788772041903276, 'Specificity': -0.46788772041903276, 'Reproducibility': -0.46788772041903276, 'ReasoningQuality': -0.46788772041903276, 'TechnicalContext': -0.46788772041903276, 'Ambiguity': 2.391426126586167, 'RepairReadiness': 1.819563357185127, 'RootCauseEvidence': -0.46788772041903276, 'HiddenReproducibility': -0.46788772041903276, 'ImpactScope': -0.46788772041903276}"
Closure-76,Closure,1.0,1.0,"{'Actionability': 1, 'Clarity': 1, 'Specificity': 3, 'Reproducibility': 4, 'ReasoningQuality': 0, 'TechnicalContext': 0, 'Ambiguity': 3, 'RepairReadiness': 2, 'RootCauseEvidence': 1, 'HiddenReproducibility': 1, 'ImpactScope': 0}","{'repair_difficulty': 3, 'ambiguity_count': 3, 'hidden_s2r_present': True, 'root_cause_evidence': 1, 'impact_scope': 0}","{'Actionability': -0.34836650714580886, 'Clarity': -0.34836650714580886, 'Specificity': 1.1844461242957498, 'Reproducibility': 1.9508524400165292, 'ReasoningQuality': -1.1147728228665883, 'TechnicalContext': -1.1147728228665883, 'Ambiguity': 0.41803980857497053, 'RepairReadiness': 1.1844461242957498, 'RootCauseEvidence': -0.34836650714580886, 'HiddenReproducibility': -0.34836650714580886, 'ImpactScope': -1.1147728228665883}"
Closure-77,Closure,1.0,1.0,"{'Actionability': 1, 'Clarity': 3, 'Specificity': 3, 'Reproducibility': 3, 'ReasoningQuality': 1, 'TechnicalContext': 0, 'Ambiguity': 2, 'RepairReadiness': 1, 'RootCauseEvidence': 2, 'HiddenReproducibility': 1, 'ImpactScope': 0}","{'repair_difficulty': 4, 'ambiguity_count': 2, 'hidden_s2r_present': True, 'root_cause_evidence': 2, 'impact_scope': 0}","{'Actionability': -0.6933752452815364, 'Clarity': 0.8320502943378436, 'Specificity': 0.8320502943378436, 'Reproducibility': 0.8320502943378436, 'ReasoningQuality': -0.6933752452815364, 'TechnicalContext': -1.4560880150912263, 'Ambiguity': 0.8320502943378436, 'RepairReadiness': 1.5947630641475337, 'RootCauseEvidence': 0.06933752452815357, 'HiddenReproducibility': -0.6933752452815364, 'ImpactScope': -1.4560880150912263}"
Closure-78,Closure,1.0,1.0,"{'Actionability': 1, 'Clarity': 1, 'Specificity': 3, 'Reproducibility': 3, 'ReasoningQuality': 0, 'TechnicalContext': 0, 'Ambiguity': 2, 'RepairReadiness': 2, 'RootCauseEvidence': 1, 'HiddenReproducibility': 1, 'ImpactScope': 1}","{'repair_difficulty': 3, 'ambiguity_count': 2, 'hidden_s2r_present': True, 'root_cause_evidence': 1, 'impact_scope': 1}","{'Actionability': -0.4714045207910316, 'Clarity': -0.4714045207910316, 'Specificity': 1.2570787221094177, 'Reproducibility': 1.2570787221094177, 'ReasoningQuality': -1.3356461422412562, 'TechnicalContext': -1.3356461422412562, 'Ambiguity': 1.2570787221094177, 'RepairReadiness': 1.2570787221094177, 'RootCauseEvidence': -0.4714045207910316, 'HiddenReproducibility': -0.4714045207910316, 'ImpactScope': -0.4714045207910316}"
Closure-79,Closure,1.0,1.0,"{'Actionability': 4, 'Clarity': 2, 'Specificity': 2, 'Reproducibility': 4, 'ReasoningQuality': 3, 'TechnicalContext': 0, 'Ambiguity': 5, 'RepairReadiness': 1, 'RootCauseEvidence': 3, 'HiddenReproducibility': 1, 'ImpactScope': 1}","{'repair_difficulty': 4, 'ambiguity_count': 5, 'hidden_s2r_present': True, 'root_cause_evidence': 3, 'impact_scope': 1}","{'Actionability': 1.2403473458920846, 'Clarity': -0.12403473458920834, 'Specificity': -0.12403473458920834, 'Reproducibility': 1.2403473458920846, 'ReasoningQuality': 0.5581563056514381, 'TechnicalContext': -1.4884168150705013, 'Ambiguity': -1.4884168150705013, 'RepairReadiness': 1.2403473458920846, 'RootCauseEvidence': 0.5581563056514381, 'HiddenReproducibility': -0.8062257748298548, 'ImpactScope': -0.8062257748298548}"
Closure-8,Closure,1.0,1.0,"{'Actionability': 1, 'Clarity': 3, 'Specificity': 3, 'Reproducibility': 3, 'ReasoningQuality': 1, 'TechnicalContext': 0, 'Ambiguity': 2, 'RepairReadiness': 3, 'RootCauseEvidence': 1, 'HiddenReproducibility': 1, 'ImpactScope': 0}","{'repair_difficulty': 2, 'ambiguity_count': 2, 'hidden_s2r_present': True, 'root_cause_evidence': 1, 'impact_scope': 0}","{'Actionability': -0.5533985905294665, 'Clarity': 1.1858541225631423, 'Specificity': 1.1858541225631423, 'Reproducibility': 1.1858541225631423, 'ReasoningQuality': -0.5533985905294665, 'TechnicalContext': -1.4230249470757708, 'Ambiguity': 1.1858541225631423, 'RepairReadiness': 0.3162277660168379, 'RootCauseEvidence': -0.5533985905294665, 'HiddenReproducibility': -0.5533985905294665, 'ImpactScope': -1.4230249470757708}"
Closure-80,Closure,1.0,1.0,"{'Actionability': 4, 'Clarity': 2, 'Specificity': 1, 'Reproducibility': 3, 'ReasoningQuality': 3, 'TechnicalContext': 0, 'Ambiguity': 4, 'RepairReadiness': 2, 'RootCauseEvidence': 2, 'HiddenReproducibility': 0, 'ImpactScope': 1}","{'repair_difficulty': 3, 'ambiguity_count': 4, 'hidden_s2r_present': False, 'root_cause_evidence': 2, 'impact_scope': 1}","{'Actionability': 1.7230995806825713, 'Clarity': 0.14359163172354766, 'Specificity': -0.6461623427559643, 'Reproducibility': 0.9333456062030596, 'ReasoningQuality': 0.9333456062030596, 'TechnicalContext': -1.435916317235476, 'Ambiguity': -0.6461623427559643, 'RepairReadiness': 0.9333456062030596, 'RootCauseEvidence': 0.14359163172354766, 'HiddenReproducibility': -1.435916317235476, 'ImpactScope': -0.6461623427559643}"
Closure-81,Closure,1.0,1.0,"{'Actionability': 0, 'Clarity': 0, 'Specificity': 0, 'Reproducibility': 0, 'ReasoningQuality': 0, 'TechnicalContext': 0, 'Ambiguity': 0, 'RepairReadiness': 0, 'RootCauseEvidence': 0, 'HiddenReproducibility': 0, 'ImpactScope': 0}","{'repair_difficulty': 5, 'ambiguity_count': 0, 'hidden_s2r_present': False, 'root_cause_evidence': 0, 'impact_scope': 0}","{'Actionability': -0.4714045207910317, 'Clarity': -0.4714045207910317, 'Specificity': -0.4714045207910317, 'Reproducibility': -0.4714045207910317, 'ReasoningQuality': -0.4714045207910317, 'TechnicalContext': -0.4714045207910317, 'Ambiguity': 2.121320343559643, 'RepairReadiness': 2.121320343559643, 'RootCauseEvidence': -0.4714045207910317, 'HiddenReproducibility': -0.4714045207910317, 'ImpactScope': -0.4714045207910317}"
Closure-82,Closure,1.0,1.0,"{'Actionability': 0, 'Clarity': 0, 'Specificity': 0, 'Reproducibility': 0, 'ReasoningQuality': 0, 'TechnicalContext': 0, 'Ambiguity': 0, 'RepairReadiness': 1, 'RootCauseEvidence': 1, 'HiddenReproducibility': 0, 'ImpactScope': 0}","{'repair_difficulty': 4, 'ambiguity_count': 0, 'hidden_s2r_present': False, 'root_cause_evidence': 1, 'impact_scope': 0}","{'Actionability': -0.5255883312276367, 'Clarity': -0.5255883312276367, 'Specificity': -0.5255883312276367, 'Reproducibility': -0.5255883312276367, 'ReasoningQuality': -0.5255883312276367, 'TechnicalContext': -0.5255883312276367, 'Ambiguity': 2.3651474905243655, 'RepairReadiness': 1.7870003261739649, 'RootCauseEvidence': 0.052558833122763694, 'HiddenReproducibility': -0.5255883312276367, 'ImpactScope': -0.5255883312276367}"
Closure-83,Closure,1.0,1.0,"{'Actionability': 1, 'Clarity': 3, 'Specificity': 2, 'Reproducibility': 3, 'ReasoningQuality': 1, 'TechnicalContext': 0, 'Ambiguity': 2, 'RepairReadiness': 2, 'RootCauseEvidence': 1, 'HiddenReproducibility': 1, 'ImpactScope': 0}","{'repair_difficulty': 3, 'ambiguity_count': 2, 'hidden_s2r_present': True, 'root_cause_evidence': 1, 'impact_scope': 0}","{'Actionability': -0.5533985905294665, 'Clarity': 1.1858541225631423, 'Specificity': 0.3162277660168379, 'Reproducibility': 1.1858541225631423, 'ReasoningQuality': -0.5533985905294665, 'TechnicalContext': -1.4230249470757708, 'Ambiguity': 1.1858541225631423, 'RepairReadiness': 1.1858541225631423, 'RootCauseEvidence': -0.5533985905294665, 'HiddenReproducibility': -0.5533985905294665, 'ImpactScope': -1.4230249470757708}"
Closure-84,Closure,1.0,1.0,"{'Actionability': 0, 'Clarity': 2, 'Specificity': 0, 'Reproducibility': 3, 'ReasoningQuality': 1, 'TechnicalContext': 0, 'Ambiguity': 1, 'RepairReadiness': 2, 'RootCauseEvidence': 2, 'HiddenReproducibility': 1, 'ImpactScope': 0}","{'repair_difficulty': 3, 'ambiguity_count': 1, 'hidden_s2r_present': True, 'root_cause_evidence': 2, 'impact_scope': 0}","{'Actionability': -1.059625885652035, 'Clarity': 0.39735970711951313, 'Specificity': -1.059625885652035, 'Reproducibility': 1.1258525035052873, 'ReasoningQuality': -0.331133089266261, 'TechnicalContext': -1.059625885652035, 'Ambiguity': 1.8543452998910612, 'RepairReadiness': 1.1258525035052873, 'RootCauseEvidence': 0.39735970711951313, 'HiddenReproducibility': -0.331133089266261, 'ImpactScope': -1.059625885652035}"
Closure-85,Closure,1.0,1.0,"{'Actionability': 4, 'Clarity': 2, 'Specificity': 2, 'Reproducibility': 2, 'ReasoningQuality': 3, 'TechnicalContext': 1, 'Ambiguity': 3, 'RepairReadiness': 1, 'RootCauseEvidence': 1, 'HiddenReproducibility': 0, 'ImpactScope': 1}","{'repair_difficulty': 4, 'ambiguity_count': 3, 'hidden_s2r_present': False, 'root_cause_evidence': 1, 'impact_scope': 1}","{'Actionability': 1.6583123951777, 'Clarity': 0.0, 'Specificity': 0.0, 'Reproducibility': 0.0, 'ReasoningQuality': 0.82915619758885, 'TechnicalContext': -0.82915619758885, 'Ambiguity': 0.0, 'RepairReadiness': 1.6583123951777, 'RootCauseEvidence': -0.82915619758885, 'HiddenReproducibility': -1.6583123951777, 'ImpactScope': -0.82915619758885}"
Closure-86,Closure,1.0,1.0,"{'Actionability': 0, 'Clarity': 0, 'Specificity': 0, 'Reproducibility': 0, 'ReasoningQuality': 0, 'TechnicalContext': 0, 'Ambiguity': 0, 'RepairReadiness': 2, 'RootCauseEvidence': 1, 'HiddenReproducibility': 0, 'ImpactScope': 0}","{'repair_difficulty': 3, 'ambiguity_count': 0, 'hidden_s2r_present': False, 'root_cause_evidence': 1, 'impact_scope': 0}","{'Actionability': -0.516185401208764, 'Clarity': -0.516185401208764, 'Specificity': -0.516185401208764, 'Reproducibility': -0.516185401208764, 'ReasoningQuality': -0.516185401208764, 'TechnicalContext': -0.516185401208764, 'Ambiguity': 2.63828093951146, 'RepairReadiness': 1.3764944032233704, 'RootCauseEvidence': 0.11470786693528084, 'HiddenReproducibility': -0.516185401208764, 'ImpactScope': -0.516185401208764}"
Closure-87,Closure,1.0,1.0,"{'Actionability': 0, 'Clarity': 2, 'Specificity': 1, 'Reproducibility': 3, 'ReasoningQuality': 1, 'TechnicalContext': 0, 'Ambiguity': 1, 'RepairReadiness': 1, 'RootCauseEvidence': 1, 'HiddenReproducibility': 1, 'ImpactScope': 0}","{'repair_difficulty': 4, 'ambiguity_count': 1, 'hidden_s2r_present': True, 'root_cause_evidence': 1, 'impact_scope': 0}","{'Actionability': -1.075174404457249, 'Clarity': 0.316227766016838, 'Specificity': -0.37947331922020555, 'Reproducibility': 1.0119288512538815, 'ReasoningQuality': -0.37947331922020555, 'TechnicalContext': -1.075174404457249, 'Ambiguity': 1.707629936490925, 'RepairReadiness': 1.707629936490925, 'RootCauseEvidence': -0.37947331922020555, 'HiddenReproducibility': -0.37947331922020555, 'ImpactScope': -1.075174404457249}"
Closure-88,Closure,1.0,1.0,"{'Actionability': 0, 'Clarity': 0, 'Specificity': 0, 'Reproducibility': 0, 'ReasoningQuality': 0, 'TechnicalContext': 0, 'Ambiguity': 0, 'RepairReadiness': 1, 'RootCauseEvidence': 1, 'HiddenReproducibility': 0, 'ImpactScope': 0}","{'repair_difficulty': 4, 'ambiguity_count': 0, 'hidden_s2r_present': False, 'root_cause_evidence': 1, 'impact_scope': 0}","{'Actionability': -0.5255883312276367, 'Clarity': -0.5255883312276367, 'Specificity': -0.5255883312276367, 'Reproducibility': -0.5255883312276367, 'ReasoningQuality': -0.5255883312276367, 'TechnicalContext': -0.5255883312276367, 'Ambiguity': 2.3651474905243655, 'RepairReadiness': 1.7870003261739649, 'RootCauseEvidence': 0.052558833122763694, 'HiddenReproducibility': -0.5255883312276367, 'ImpactScope': -0.5255883312276367}"
Closure-89,Closure,1.0,1.0,"{'Actionability': 0, 'Clarity': 2, 'Specificity': 1, 'Reproducibility': 4, 'ReasoningQuality': 1, 'TechnicalContext': 0, 'Ambiguity': 1, 'RepairReadiness': 3, 'RootCauseEvidence': 1, 'HiddenReproducibility': 0, 'ImpactScope': 0}","{'repair_difficulty': 2, 'ambiguity_count': 1, 'hidden_s2r_present': False, 'root_cause_evidence': 1, 'impact_scope': 0}","{'Actionability': -0.9525009525014287, 'Clarity': 0.44450044450066684, 'Specificity': -0.25400025400038095, 'Reproducibility': 1.8415018415027626, 'ReasoningQuality': -0.25400025400038095, 'TechnicalContext': -0.9525009525014287, 'Ambiguity': 1.8415018415027626, 'RepairReadiness': 0.44450044450066684, 'RootCauseEvidence': -0.25400025400038095, 'HiddenReproducibility': -0.9525009525014287, 'ImpactScope': -0.9525009525014287}"
Closure-9,Closure,1.0,1.0,"{'Actionability': 2, 'Clarity': 1, 'Specificity': 2, 'Reproducibility': 4, 'ReasoningQuality': 0, 'TechnicalContext': 1, 'Ambiguity': 2, 'RepairReadiness': 2, 'RootCauseEvidence': 1, 'HiddenReproducibility': 1, 'ImpactScope': 0}","{'repair_difficulty': 3, 'ambiguity_count': 2, 'hidden_s2r_present': True, 'root_cause_evidence': 1, 'impact_scope': 0}","{'Actionability': 0.2964997266644404, 'Clarity': -0.5188745216627709, 'Specificity': 0.2964997266644404, 'Reproducibility': 1.9272482233188628, 'ReasoningQuality': -1.3342487699899823, 'TechnicalContext': -0.5188745216627709, 'Ambiguity': 1.1118739749916517, 'RepairReadiness': 1.1118739749916517, 'RootCauseEvidence': -0.5188745216627709, 'HiddenReproducibility': -0.5188745216627709, 'ImpactScope': -1.3342487699899823}"
Closure-90,Closure,1.0,1.0,"{'Actionability': 0, 'Clarity': 1, 'Specificity': 2, 'Reproducibility': 1, 'ReasoningQuality': 0, 'TechnicalContext': 0, 'Ambiguity': 0, 'RepairReadiness': 1, 'RootCauseEvidence': 2, 'HiddenReproducibility': 1, 'ImpactScope': 0}","{'repair_difficulty': 4, 'ambiguity_count': 0, 'hidden_s2r_present': True, 'root_cause_evidence': 2, 'impact_scope': 0}","{'Actionability': -0.900070320740819, 'Clarity': -0.281271975231506, 'Specificity': 0.33752637027780713, 'Reproducibility': -0.281271975231506, 'ReasoningQuality': -0.900070320740819, 'TechnicalContext': -0.900070320740819, 'Ambiguity': 2.1939214068057464, 'RepairReadiness': 1.5751230612964333, 'RootCauseEvidence': 0.33752637027780713, 'HiddenReproducibility': -0.281271975231506, 'ImpactScope': -0.900070320740819}"
Closure-91,Closure,1.0,1.0,"{'Actionability': 2, 'Clarity': 2, 'Specificity': 1, 'Reproducibility': 2, 'ReasoningQuality': 1, 'TechnicalContext': 0, 'Ambiguity': 0, 'RepairReadiness': 2, 'RootCauseEvidence': 1, 'HiddenReproducibility': 0, 'ImpactScope': 0}","{'repair_difficulty': 3, 'ambiguity_count': 0, 'hidden_s2r_present': False, 'root_cause_evidence': 1, 'impact_scope': 0}","{'Actionability': 0.316227766016838, 'Clarity': 0.316227766016838, 'Specificity': -0.37947331922020555, 'Reproducibility': 0.316227766016838, 'ReasoningQuality': -0.37947331922020555, 'TechnicalContext': -1.075174404457249, 'Ambiguity': 2.4033310217279684, 'RepairReadiness': 1.0119288512538815, 'RootCauseEvidence': -0.37947331922020555, 'HiddenReproducibility': -1.075174404457249, 'ImpactScope': -1.075174404457249}"
Closure-92,Closure,1.0,1.0,"{'Actionability': 0, 'Clarity': 1, 'Specificity': 0, 'Reproducibility': 2, 'ReasoningQuality': 1, 'TechnicalContext': 1, 'Ambiguity': 0, 'RepairReadiness': 1, 'RootCauseEvidence': 3, 'HiddenReproducibility': 1, 'ImpactScope': 1}","{'repair_difficulty': 4, 'ambiguity_count': 0, 'hidden_s2r_present': True, 'root_cause_evidence': 3, 'impact_scope': 1}","{'Actionability': -1.1195857368787, 'Clarity': -0.4714045207910317, 'Specificity': -1.1195857368787, 'Reproducibility': 0.17677669529663687, 'ReasoningQuality': -0.4714045207910317, 'TechnicalContext': -0.4714045207910317, 'Ambiguity': 2.1213203435596424, 'RepairReadiness': 1.4731391274719738, 'RootCauseEvidence': 0.8249579113843054, 'HiddenReproducibility': -0.4714045207910317, 'ImpactScope': -0.4714045207910317}"
Closure-94,Closure,1.0,1.0,"{'Actionability': 1, 'Clarity': 3, 'Specificity': 1, 'Reproducibility': 3, 'ReasoningQuality': 1, 'TechnicalContext': 0, 'Ambiguity': 1, 'RepairReadiness': 1, 'RootCauseEvidence': 1, 'HiddenReproducibility': 1, 'ImpactScope': 0}","{'repair_difficulty': 4, 'ambiguity_count': 1, 'hidden_s2r_present': True, 'root_cause_evidence': 1, 'impact_scope': 0}","{'Actionability': -0.5121475197315839, 'Clarity': 0.8962581595302718, 'Specificity': -0.5121475197315839, 'Reproducibility': 0.8962581595302718, 'ReasoningQuality': -0.5121475197315839, 'TechnicalContext': -1.2163503593625118, 'Ambiguity': 1.6004609991611995, 'RepairReadiness': 1.6004609991611995, 'RootCauseEvidence': -0.5121475197315839, 'HiddenReproducibility': -0.5121475197315839, 'ImpactScope': -1.2163503593625118}"
Closure-95,Closure,1.0,1.0,"{'Actionability': 1, 'Clarity': 3, 'Specificity': 1, 'Reproducibility': 2, 'ReasoningQuality': 2, 'TechnicalContext': 0, 'Ambiguity': 2, 'RepairReadiness': 3, 'RootCauseEvidence': 3, 'HiddenReproducibility': 1, 'ImpactScope': 1}","{'repair_difficulty': 2, 'ambiguity_count': 2, 'hidden_s2r_present': True, 'root_cause_evidence': 3, 'impact_scope': 1}","{'Actionability': -0.7559289460184545, 'Clarity': 1.3228756555322954, 'Specificity': -0.7559289460184545, 'Reproducibility': 0.28347335475692037, 'ReasoningQuality': 0.28347335475692037, 'TechnicalContext': -1.7953312467938294, 'Ambiguity': 1.3228756555322954, 'RepairReadiness': 0.28347335475692037, 'RootCauseEvidence': 1.3228756555322954, 'HiddenReproducibility': -0.7559289460184545, 'ImpactScope': -0.7559289460184545}"
Closure-96,Closure,1.0,1.0,"{'Actionability': 1, 'Clarity': 3, 'Specificity': 2, 'Reproducibility': 3, 'ReasoningQuality': 1, 'TechnicalContext': 0, 'Ambiguity': 3, 'RepairReadiness': 1, 'RootCauseEvidence': 1, 'HiddenReproducibility': 1, 'ImpactScope': 0}","{'repair_difficulty': 4, 'ambiguity_count': 3, 'hidden_s2r_present': True, 'root_cause_evidence': 1, 'impact_scope': 0}","{'Actionability': -0.5188745216627709, 'Clarity': 1.1118739749916517, 'Specificity': 0.2964997266644404, 'Reproducibility': 1.1118739749916517, 'ReasoningQuality': -0.5188745216627709, 'TechnicalContext': -1.3342487699899823, 'Ambiguity': 0.2964997266644404, 'RepairReadiness': 1.9272482233188628, 'RootCauseEvidence': -0.5188745216627709, 'HiddenReproducibility': -0.5188745216627709, 'ImpactScope': -1.3342487699899823}"
Closure-97,Closure,1.0,1.0,"{'Actionability': 1, 'Clarity': 3, 'Specificity': 2, 'Reproducibility': 3, 'ReasoningQuality': 1, 'TechnicalContext': 1, 'Ambiguity': 2, 'RepairReadiness': 1, 'RootCauseEvidence': 1, 'HiddenReproducibility': 1, 'ImpactScope': 0}","{'repair_difficulty': 4, 'ambiguity_count': 2, 'hidden_s2r_present': True, 'root_cause_evidence': 1, 'impact_scope': 0}","{'Actionability': -0.6862435664967209, 'Clarity': 0.9912407071619304, 'Specificity': 0.15249857033260472, 'Reproducibility': 0.9912407071619304, 'ReasoningQuality': -0.6862435664967209, 'TechnicalContext': -0.6862435664967209, 'Ambiguity': 0.9912407071619304, 'RepairReadiness': 1.8299828439912558, 'RootCauseEvidence': -0.6862435664967209, 'HiddenReproducibility': -0.6862435664967209, 'ImpactScope': -1.5249857033260465}"
Closure-98,Closure,1.0,1.0,"{'Actionability': 0, 'Clarity': 0, 'Specificity': 0, 'Reproducibility': 0, 'ReasoningQuality': 0, 'TechnicalContext': 0, 'Ambiguity': 0, 'RepairReadiness': 0, 'RootCauseEvidence': 0, 'HiddenReproducibility': 0, 'ImpactScope': 0}","{'repair_difficulty': 5, 'ambiguity_count': 0, 'hidden_s2r_present': False, 'root_cause_evidence': 0, 'impact_scope': 0}","{'Actionability': -0.4714045207910317, 'Clarity': -0.4714045207910317, 'Specificity': -0.4714045207910317, 'Reproducibility': -0.4714045207910317, 'ReasoningQuality': -0.4714045207910317, 'TechnicalContext': -0.4714045207910317, 'Ambiguity': 2.121320343559643, 'RepairReadiness': 2.121320343559643, 'RootCauseEvidence': -0.4714045207910317, 'HiddenReproducibility': -0.4714045207910317, 'ImpactScope': -0.4714045207910317}"
Closure-99,Closure,1.0,1.0,"{'Actionability': 0, 'Clarity': 2, 'Specificity': 1, 'Reproducibility': 2, 'ReasoningQuality': 1, 'TechnicalContext': 0, 'Ambiguity': 0, 'RepairReadiness': 2, 'RootCauseEvidence': 1, 'HiddenReproducibility': 0, 'ImpactScope': 0}","{'repair_difficulty': 3, 'ambiguity_count': 0, 'hidden_s2r_present': False, 'root_cause_evidence': 1, 'impact_scope': 0}","{'Actionability': -0.9128709291752768, 'Clarity': 0.4260064336151293, 'Specificity': -0.24343224778007377, 'Reproducibility': 0.4260064336151293, 'ReasoningQuality': -0.24343224778007377, 'TechnicalContext': -0.9128709291752768, 'Ambiguity': 2.4343224778007384, 'RepairReadiness': 1.0954451150103324, 'RootCauseEvidence': -0.24343224778007377, 'HiddenReproducibility': -0.9128709291752768, 'ImpactScope': -0.9128709291752768}"
Codec-1,Codec,1.0,1.0,"{'Actionability': 0, 'Clarity': 1, 'Specificity': 1, 'Reproducibility': 2, 'ReasoningQuality': 1, 'TechnicalContext': 0, 'Ambiguity': 0, 'RepairReadiness': 1, 'RootCauseEvidence': 1, 'HiddenReproducibility': 1, 'ImpactScope': 0}","{'repair_difficulty': 4, 'ambiguity_count': 0, 'hidden_s2r_present': True, 'root_cause_evidence': 1, 'impact_scope': 0}","{'Actionability': -0.933138949631687, 'Clarity': -0.2916059217599022, 'Specificity': -0.2916059217599022, 'Reproducibility': 0.3499271061118826, 'ReasoningQuality': -0.2916059217599022, 'TechnicalContext': -0.933138949631687, 'Ambiguity': 2.274526189727237, 'RepairReadiness': 1.632993161855452, 'RootCauseEvidence': -0.2916059217599022, 'HiddenReproducibility': -0.2916059217599022, 'ImpactScope': -0.933138949631687}"
Codec-10,Codec,1.0,1.0,"{'Actionability': 0, 'Clarity': 1, 'Specificity': 0, 'Reproducibility': 1, 'ReasoningQuality': 1, 'TechnicalContext': 0, 'Ambiguity': 0, 'RepairReadiness': 2, 'RootCauseEvidence': 1, 'HiddenReproducibility': 0, 'ImpactScope': 0}","{'repair_difficulty': 3, 'ambiguity_count': 0, 'hidden_s2r_present': False, 'root_cause_evidence': 1, 'impact_scope': 0}","{'Actionability': -0.7249465119962123, 'Clarity': -0.06041220933301764, 'Specificity': -0.7249465119962123, 'Reproducibility': -0.06041220933301764, 'ReasoningQuality': -0.06041220933301764, 'TechnicalContext': -0.7249465119962123, 'Ambiguity': 2.5977250013197613, 'RepairReadiness': 1.2686563959933717, 'RootCauseEvidence': -0.06041220933301764, 'HiddenReproducibility': -0.7249465119962123, 'ImpactScope': -0.7249465119962123}"
Codec-11,Codec,1.0,1.0,"{'Actionability': 0, 'Clarity': 0, 'Specificity': 1, 'Reproducibility': 2, 'ReasoningQuality': 0, 'TechnicalContext': 0, 'Ambiguity': 1, 'RepairReadiness': 3, 'RootCauseEvidence': 1, 'HiddenReproducibility': 0, 'ImpactScope': 0}","{'repair_difficulty': 2, 'ambiguity_count': 1, 'hidden_s2r_present': False, 'root_cause_evidence': 1, 'impact_scope': 0}","{'Actionability': -0.7332355751067665, 'Clarity': -0.7332355751067665, 'Specificity': 0.07332355751067668, 'Reproducibility': 0.8798826901281197, 'ReasoningQuality': -0.7332355751067665, 'TechnicalContext': -0.7332355751067665, 'Ambiguity': 2.493000955363006, 'RepairReadiness': 0.8798826901281197, 'RootCauseEvidence': 0.07332355751067668, 'HiddenReproducibility': -0.7332355751067665, 'ImpactScope': -0.7332355751067665}"
Codec-12,Codec,1.0,1.0,"{'Actionability': 0, 'Clarity': 0, 'Specificity': 0, 'Reproducibility': 2, 'ReasoningQuality': 0, 'TechnicalContext': 0, 'Ambiguity': 1, 'RepairReadiness': 2, 'RootCauseEvidence': 1, 'HiddenReproducibility': 0, 'ImpactScope': 0}","{'repair_difficulty': 3, 'ambiguity_count': 1, 'hidden_s2r_present': False, 'root_cause_evidence': 1, 'impact_scope': 0}","{'Actionability': -0.659380473395787, 'Clarity': -0.659380473395787, 'Specificity': -0.659380473395787, 'Reproducibility': 0.7912565680749444, 'ReasoningQuality': -0.659380473395787, 'TechnicalContext': -0.659380473395787, 'Ambiguity': 2.241893609545676, 'RepairReadiness': 1.51657508881031, 'RootCauseEvidence': 0.06593804733957873, 'HiddenReproducibility': -0.659380473395787, 'ImpactScope': -0.659380473395787}"
Codec-13,Codec,1.0,1.0,"{'Actionability': 0, 'Clarity': 0, 'Specificity': 0, 'Reproducibility': 0, 'ReasoningQuality': 0, 'TechnicalContext': 0, 'Ambiguity': 0, 'RepairReadiness': 1, 'RootCauseEvidence': 1, 'HiddenReproducibility': 0, 'ImpactScope': 0}","{'repair_difficulty': 4, 'ambiguity_count': 0, 'hidden_s2r_present': False, 'root_cause_evidence': 1, 'impact_scope': 0}","{'Actionability': -0.5255883312276367, 'Clarity': -0.5255883312276367, 'Specificity': -0.5255883312276367, 'Reproducibility': -0.5255883312276367, 'ReasoningQuality': -0.5255883312276367, 'TechnicalContext': -0.5255883312276367, 'Ambiguity': 2.3651474905243655, 'RepairReadiness': 1.7870003261739649, 'RootCauseEvidence': 0.052558833122763694, 'HiddenReproducibility': -0.5255883312276367, 'ImpactScope': -0.5255883312276367}"
Codec-14,Codec,1.0,1.0,"{'Actionability': 0, 'Clarity': 2, 'Specificity': 1, 'Reproducibility': 3, 'ReasoningQuality': 1, 'TechnicalContext': 0, 'Ambiguity': 2, 'RepairReadiness': 2, 'RootCauseEvidence': 1, 'HiddenReproducibility': 0, 'ImpactScope': 0}","{'repair_difficulty': 3, 'ambiguity_count': 2, 'hidden_s2r_present': False, 'root_cause_evidence': 1, 'impact_scope': 0}","{'Actionability': -1.049344364594206, 'Clarity': 0.5996253511966891, 'Specificity': -0.2248595066987584, 'Reproducibility': 1.4241102090921367, 'ReasoningQuality': -0.2248595066987584, 'TechnicalContext': -1.049344364594206, 'Ambiguity': 1.4241102090921367, 'RepairReadiness': 1.4241102090921367, 'RootCauseEvidence': -0.2248595066987584, 'HiddenReproducibility': -1.049344364594206, 'ImpactScope': -1.049344364594206}"
Codec-15,Codec,1.0,1.0,"{'Actionability': 0, 'Clarity': 1, 'Specificity': 1, 'Reproducibility': 1, 'ReasoningQuality': 0, 'TechnicalContext': 0, 'Ambiguity': 0, 'RepairReadiness': 1, 'RootCauseEvidence': 1, 'HiddenReproducibility': 1, 'ImpactScope': 0}","{'repair_difficulty': 4, 'ambiguity_count': 0, 'hidden_s2r_present': True, 'root_cause_evidence': 1, 'impact_scope': 0}","{'Actionability': -0.7951465679458908, 'Clarity': -0.17038855027411945, 'Specificity': -0.17038855027411945, 'Reproducibility': -0.17038855027411945, 'ReasoningQuality': -0.7951465679458908, 'TechnicalContext': -0.7951465679458908, 'Ambiguity': 2.328643520412966, 'RepairReadiness': 1.7038855027411945, 'RootCauseEvidence': -0.17038855027411945, 'HiddenReproducibility': -0.17038855027411945, 'ImpactScope': -0.7951465679458908}"
Codec-16,Codec,1.0,1.0,"{'Actionability': 0, 'Clarity': 0, 'Specificity': 1, 'Reproducibility': 0, 'ReasoningQuality': 0, 'TechnicalContext': 0, 'Ambiguity': 2, 'RepairReadiness': 1, 'RootCauseEvidence': 1, 'HiddenReproducibility': 0, 'ImpactScope': 0}","{'repair_difficulty': 4, 'ambiguity_count': 2, 'hidden_s2r_present': False, 'root_cause_evidence': 1, 'impact_scope': 0}","{'Actionability': -0.6123724356957946, 'Clarity': -0.6123724356957946, 'Specificity': 0.13608276348795428, 'Reproducibility': -0.6123724356957946, 'ReasoningQuality': -0.6123724356957946, 'TechnicalContext': -0.6123724356957946, 'Ambiguity': 1.6329931618554518, 'RepairReadiness': 2.3814483610392005, 'RootCauseEvidence': 0.13608276348795428, 'HiddenReproducibility': -0.6123724356957946, 'ImpactScope': -0.6123724356957946}"
Codec-17,Codec,1.0,1.0,"{'Actionability': 0, 'Clarity': 1, 'Specificity': 0, 'Reproducibility': 2, 'ReasoningQuality': 1, 'TechnicalContext': 0, 'Ambiguity': 0, 'RepairReadiness': 1, 'RootCauseEvidence': 1, 'HiddenReproducibility': 0, 'ImpactScope': 0}","{'repair_difficulty': 4, 'ambiguity_count': 0, 'hidden_s2r_present': False, 'root_cause_evidence': 1, 'impact_scope': 0}","{'Actionability': -0.7683498199278324, 'Clarity': -0.16464638998453549, 'Specificity': -0.7683498199278324, 'Reproducibility': 0.4390570399587614, 'ReasoningQuality': -0.16464638998453549, 'TechnicalContext': -0.7683498199278324, 'Ambiguity': 2.250167329788652, 'RepairReadiness': 1.6464638998453551, 'RootCauseEvidence': -0.16464638998453549, 'HiddenReproducibility': -0.7683498199278324, 'ImpactScope': -0.7683498199278324}"
Codec-18,Codec,1.0,1.0,"{'Actionability': 0, 'Clarity': 1, 'Specificity': 0, 'Reproducibility': 1, 'ReasoningQuality': 0, 'TechnicalContext': 0, 'Ambiguity': 0, 'RepairReadiness': 0, 'RootCauseEvidence': 1, 'HiddenReproducibility': 0, 'ImpactScope': 0}","{'repair_difficulty': 5, 'ambiguity_count': 0, 'hidden_s2r_present': False, 'root_cause_evidence': 1, 'impact_scope': 0}","{'Actionability': -0.6389151433378876, 'Clarity': -0.09829463743659811, 'Specificity': -0.6389151433378876, 'Reproducibility': -0.09829463743659811, 'ReasoningQuality': -0.6389151433378876, 'TechnicalContext': -0.6389151433378876, 'Ambiguity': 2.06418738616856, 'RepairReadiness': 2.06418738616856, 'RootCauseEvidence': -0.09829463743659811, 'HiddenReproducibility': -0.6389151433378876, 'ImpactScope': -0.6389151433378876}"
Codec-2,Codec,1.0,1.0,"{'Actionability': 0, 'Clarity': 0, 'Specificity': 0, 'Reproducibility': 0, 'ReasoningQuality': 0, 'TechnicalContext': 0, 'Ambiguity': 0, 'RepairReadiness': 0, 'RootCauseEvidence': 0, 'HiddenReproducibility': 0, 'ImpactScope': 0}","{'repair_difficulty': 5, 'ambiguity_count': 0, 'hidden_s2r_present': False, 'root_cause_evidence': 0, 'impact_scope': 0}","{'Actionability': -0.4714045207910317, 'Clarity': -0.4714045207910317, 'Specificity': -0.4714045207910317, 'Reproducibility': -0.4714045207910317, 'ReasoningQuality': -0.4714045207910317, 'TechnicalContext': -0.4714045207910317, 'Ambiguity': 2.121320343559643, 'RepairReadiness': 2.121320343559643, 'RootCauseEvidence': -0.4714045207910317, 'HiddenReproducibility': -0.4714045207910317, 'ImpactScope': -0.4714045207910317}"
Codec-3,Codec,1.0,1.0,"{'Actionability': 0, 'Clarity': 2, 'Specificity': 1, 'Reproducibility': 1, 'ReasoningQuality': 1, 'TechnicalContext': 0, 'Ambiguity': 2, 'RepairReadiness': 1, 'RootCauseEvidence': 2, 'HiddenReproducibility': 1, 'ImpactScope': 0}","{'repair_difficulty': 4, 'ambiguity_count': 2, 'hidden_s2r_present': True, 'root_cause_evidence': 2, 'impact_scope': 0}","{'Actionability': -1.1118739749916517, 'Clarity': 0.5188745216627709, 'Specificity': -0.2964997266644404, 'Reproducibility': -0.2964997266644404, 'ReasoningQuality': -0.2964997266644404, 'TechnicalContext': -1.1118739749916517, 'Ambiguity': 1.3342487699899823, 'RepairReadiness': 2.1496230183171936, 'RootCauseEvidence': 0.5188745216627709, 'HiddenReproducibility': -0.2964997266644404, 'ImpactScope': -1.1118739749916517}"
Codec-4,Codec,1.0,1.0,"{'Actionability': 0, 'Clarity': 2, 'Specificity': 0, 'Reproducibility': 1, 'ReasoningQuality': 1, 'TechnicalContext': 0, 'Ambiguity': 0, 'RepairReadiness': 1, 'RootCauseEvidence': 1, 'HiddenReproducibility': 0, 'ImpactScope': 0}","{'repair_difficulty': 4, 'ambiguity_count': 0, 'hidden_s2r_present': False, 'root_cause_evidence': 1, 'impact_scope': 0}","{'Actionability': -0.7683498199278324, 'Clarity': 0.4390570399587614, 'Specificity': -0.7683498199278324, 'Reproducibility': -0.16464638998453549, 'ReasoningQuality': -0.16464638998453549, 'TechnicalContext': -0.7683498199278324, 'Ambiguity': 2.250167329788652, 'RepairReadiness': 1.6464638998453551, 'RootCauseEvidence': -0.16464638998453549, 'HiddenReproducibility': -0.7683498199278324, 'ImpactScope': -0.7683498199278324}"
Codec-5,Codec,1.0,1.0,"{'Actionability': 0, 'Clarity': 1, 'Specificity': 2, 'Reproducibility': 1, 'ReasoningQuality': 1, 'TechnicalContext': 0, 'Ambiguity': 1, 'RepairReadiness': 2, 'RootCauseEvidence': 2, 'HiddenReproducibility': 1, 'ImpactScope': 0}","{'repair_difficulty': 3, 'ambiguity_count': 1, 'hidden_s2r_present': True, 'root_cause_evidence': 2, 'impact_scope': 0}","{'Actionability': -1.1118739749916517, 'Clarity': -0.2964997266644404, 'Specificity': 0.5188745216627709, 'Reproducibility': -0.2964997266644404, 'ReasoningQuality': -0.2964997266644404, 'TechnicalContext': -1.1118739749916517, 'Ambiguity': 2.1496230183171936, 'RepairReadiness': 1.3342487699899823, 'RootCauseEvidence': 0.5188745216627709, 'HiddenReproducibility': -0.2964997266644404, 'ImpactScope': -1.1118739749916517}"
Codec-6,Codec,1.0,1.0,"{'Actionability': 0, 'Clarity': 0, 'Specificity': 0, 'Reproducibility': 0, 'ReasoningQuality': 0, 'TechnicalContext': 0, 'Ambiguity': 0, 'RepairReadiness': 0, 'RootCauseEvidence': 0, 'HiddenReproducibility': 0, 'ImpactScope': 0}","{'repair_difficulty': 5, 'ambiguity_count': 0, 'hidden_s2r_present': False, 'root_cause_evidence': 0, 'impact_scope': 0}","{'Actionability': -0.4714045207910317, 'Clarity': -0.4714045207910317, 'Specificity': -0.4714045207910317, 'Reproducibility': -0.4714045207910317, 'ReasoningQuality': -0.4714045207910317, 'TechnicalContext': -0.4714045207910317, 'Ambiguity': 2.121320343559643, 'RepairReadiness': 2.121320343559643, 'RootCauseEvidence': -0.4714045207910317, 'HiddenReproducibility': -0.4714045207910317, 'ImpactScope': -0.4714045207910317}"
Codec-7,Codec,1.0,1.0,"{'Actionability': 0, 'Clarity': 0, 'Specificity': 0, 'Reproducibility': 0, 'ReasoningQuality': 0, 'TechnicalContext': 0, 'Ambiguity': 0, 'RepairReadiness': 1, 'RootCauseEvidence': 1, 'HiddenReproducibility': 0, 'ImpactScope': 0}","{'repair_difficulty': 4, 'ambiguity_count': 0, 'hidden_s2r_present': False, 'root_cause_evidence': 1, 'impact_scope': 0}","{'Actionability': -0.5255883312276367, 'Clarity': -0.5255883312276367, 'Specificity': -0.5255883312276367, 'Reproducibility': -0.5255883312276367, 'ReasoningQuality': -0.5255883312276367, 'TechnicalContext': -0.5255883312276367, 'Ambiguity': 2.3651474905243655, 'RepairReadiness': 1.7870003261739649, 'RootCauseEvidence': 0.052558833122763694, 'HiddenReproducibility': -0.5255883312276367, 'ImpactScope': -0.5255883312276367}"
Codec-8,Codec,1.0,1.0,"{'Actionability': 0, 'Clarity': 1, 'Specificity': 2, 'Reproducibility': 1, 'ReasoningQuality': 1, 'TechnicalContext': 0, 'Ambiguity': 1, 'RepairReadiness': 1, 'RootCauseEvidence': 2, 'HiddenReproducibility': 0, 'ImpactScope': 0}","{'repair_difficulty': 4, 'ambiguity_count': 1, 'hidden_s2r_present': False, 'root_cause_evidence': 2, 'impact_scope': 0}","{'Actionability': -0.9525009525014287, 'Clarity': -0.25400025400038095, 'Specificity': 0.44450044450066684, 'Reproducibility': -0.25400025400038095, 'ReasoningQuality': -0.25400025400038095, 'TechnicalContext': -0.9525009525014287, 'Ambiguity': 1.8415018415027626, 'RepairReadiness': 1.8415018415027626, 'RootCauseEvidence': 0.44450044450066684, 'HiddenReproducibility': -0.9525009525014287, 'ImpactScope': -0.9525009525014287}"
Codec-9,Codec,1.0,1.0,"{'Actionability': 0, 'Clarity': 0, 'Specificity': 0, 'Reproducibility': 0, 'ReasoningQuality': 0, 'TechnicalContext': 0, 'Ambiguity': 0, 'RepairReadiness': 0, 'RootCauseEvidence': 0, 'HiddenReproducibility': 0, 'ImpactScope': 0}","{'repair_difficulty': 5, 'ambiguity_count': 0, 'hidden_s2r_present': False, 'root_cause_evidence': 0, 'impact_scope': 0}","{'Actionability': -0.4714045207910317, 'Clarity': -0.4714045207910317, 'Specificity': -0.4714045207910317, 'Reproducibility': -0.4714045207910317, 'ReasoningQuality': -0.4714045207910317, 'TechnicalContext': -0.4714045207910317, 'Ambiguity': 2.121320343559643, 'RepairReadiness': 2.121320343559643, 'RootCauseEvidence': -0.4714045207910317, 'HiddenReproducibility': -0.4714045207910317, 'ImpactScope': -0.4714045207910317}"
Collections-1,Collections,1.0,1.0,"{'Actionability': 0, 'Clarity': 2, 'Specificity': 0, 'Reproducibility': 2, 'ReasoningQuality': 1, 'TechnicalContext': 0, 'Ambiguity': 0, 'RepairReadiness': 2, 'RootCauseEvidence': 1, 'HiddenReproducibility': 0, 'ImpactScope': 0}","{'repair_difficulty': 3, 'ambiguity_count': 0, 'hidden_s2r_present': False, 'root_cause_evidence': 1, 'impact_scope': 0}","{'Actionability': -0.8249579113843054, 'Clarity': 0.4714045207910317, 'Specificity': -0.8249579113843054, 'Reproducibility': 0.4714045207910317, 'ReasoningQuality': -0.17677669529663687, 'TechnicalContext': -0.8249579113843054, 'Ambiguity': 2.415948169054037, 'RepairReadiness': 1.1195857368787, 'RootCauseEvidence': -0.17677669529663687, 'HiddenReproducibility': -0.8249579113843054, 'ImpactScope': -0.8249579113843054}"
Collections-10,Collections,1.0,1.0,"{'Actionability': 0, 'Clarity': 0, 'Specificity': 0, 'Reproducibility': 1, 'ReasoningQuality': 0, 'TechnicalContext': 0, 'Ambiguity': 0, 'RepairReadiness': 1, 'RootCauseEvidence': 1, 'HiddenReproducibility': 0, 'ImpactScope': 0}","{'repair_difficulty': 4, 'ambiguity_count': 0, 'hidden_s2r_present': False, 'root_cause_evidence': 1, 'impact_scope': 0}","{'Actionability': -0.5863019699779287, 'Clarity': -0.5863019699779287, 'Specificity': -0.5863019699779287, 'Reproducibility': 0.0, 'ReasoningQuality': -0.5863019699779287, 'TechnicalContext': -0.5863019699779287, 'Ambiguity': 2.345207879911715, 'RepairReadiness': 1.758905909933786, 'RootCauseEvidence': 0.0, 'HiddenReproducibility': -0.5863019699779287, 'ImpactScope': -0.5863019699779287}"
Collections-11,Collections,1.0,1.0,"{'Actionability': 0, 'Clarity': 2, 'Specificity': 0, 'Reproducibility': 1, 'ReasoningQuality': 1, 'TechnicalContext': 0, 'Ambiguity': 0, 'RepairReadiness': 1, 'RootCauseEvidence': 2, 'HiddenReproducibility': 0, 'ImpactScope': 0}","{'repair_difficulty': 4, 'ambiguity_count': 0, 'hidden_s2r_present': False, 'root_cause_evidence': 2, 'impact_scope': 0}","{'Actionability': -0.8183170883849714, 'Clarity': 0.38188130791298674, 'Specificity': -0.8183170883849714, 'Reproducibility': -0.2182178902359923, 'ReasoningQuality': -0.2182178902359923, 'TechnicalContext': -0.8183170883849714, 'Ambiguity': 2.182178902359924, 'RepairReadiness': 1.582079704210945, 'RootCauseEvidence': 0.38188130791298674, 'HiddenReproducibility': -0.8183170883849714, 'ImpactScope': -0.8183170883849714}"
Collections-12,Collections,1.0,1.0,"{'Actionability': 0, 'Clarity': 0, 'Specificity': 0, 'Reproducibility': 0, 'ReasoningQuality': 0, 'TechnicalContext': 0, 'Ambiguity': 0, 'RepairReadiness': 0, 'RootCauseEvidence': 1, 'HiddenReproducibility': 0, 'ImpactScope': 0}","{'repair_difficulty': 5, 'ambiguity_count': 0, 'hidden_s2r_present': False, 'root_cause_evidence': 1, 'impact_scope': 0}","{'Actionability': -0.5244044240850757, 'Clarity': -0.5244044240850757, 'Specificity': -0.5244044240850757, 'Reproducibility': -0.5244044240850757, 'ReasoningQuality': -0.5244044240850757, 'TechnicalContext': -0.5244044240850757, 'Ambiguity': 2.097617696340303, 'RepairReadiness': 2.097617696340303, 'RootCauseEvidence': 0.0, 'HiddenReproducibility': -0.5244044240850757, 'ImpactScope': -0.5244044240850757}"
Collections-13,Collections,1.0,1.0,"{'Actionability': 1, 'Clarity': 2, 'Specificity': 1, 'Reproducibility': 2, 'ReasoningQuality': 1, 'TechnicalContext': 0, 'Ambiguity': 0, 'RepairReadiness': 0, 'RootCauseEvidence': 1, 'HiddenReproducibility': 0, 'ImpactScope': 0}","{'repair_difficulty': 5, 'ambiguity_count': 0, 'hidden_s2r_present': False, 'root_cause_evidence': 1, 'impact_scope': 0}","{'Actionability': -0.369961495807183, 'Clarity': 0.21140656903267593, 'Specificity': -0.369961495807183, 'Reproducibility': 0.21140656903267593, 'ReasoningQuality': -0.369961495807183, 'TechnicalContext': -0.951329560647042, 'Ambiguity': 1.9555107635522526, 'RepairReadiness': 1.9555107635522526, 'RootCauseEvidence': -0.369961495807183, 'HiddenReproducibility': -0.951329560647042, 'ImpactScope': -0.951329560647042}"
Collections-14,Collections,1.0,1.0,"{'Actionability': 0, 'Clarity': 1, 'Specificity': 1, 'Reproducibility': 3, 'ReasoningQuality': 1, 'TechnicalContext': 0, 'Ambiguity': 1, 'RepairReadiness': 2, 'RootCauseEvidence': 1, 'HiddenReproducibility': 1, 'ImpactScope': 0}","{'repair_difficulty': 3, 'ambiguity_count': 1, 'hidden_s2r_present': True, 'root_cause_evidence': 1, 'impact_scope': 0}","{'Actionability': -1.0502100630210072, 'Clarity': -0.2800560168056019, 'Specificity': -0.2800560168056019, 'Reproducibility': 1.260252075625209, 'ReasoningQuality': -0.2800560168056019, 'TechnicalContext': -1.0502100630210072, 'Ambiguity': 2.030406121840614, 'RepairReadiness': 1.260252075625209, 'RootCauseEvidence': -0.2800560168056019, 'HiddenReproducibility': -0.2800560168056019, 'ImpactScope': -1.0502100630210072}"
Collections-15,Collections,1.0,1.0,"{'Actionability': 0, 'Clarity': 1, 'Specificity': 1, 'Reproducibility': 1, 'ReasoningQuality': 1, 'TechnicalContext': 0, 'Ambiguity': 0, 'RepairReadiness': 1, 'RootCauseEvidence': 1, 'HiddenReproducibility': 0, 'ImpactScope': 0}","{'repair_difficulty': 4, 'ambiguity_count': 0, 'hidden_s2r_present': False, 'root_cause_evidence': 1, 'impact_scope': 0}","{'Actionability': -0.7951465679458908, 'Clarity': -0.17038855027411945, 'Specificity': -0.17038855027411945, 'Reproducibility': -0.17038855027411945, 'ReasoningQuality': -0.17038855027411945, 'TechnicalContext': -0.7951465679458908, 'Ambiguity': 2.328643520412966, 'RepairReadiness': 1.7038855027411945, 'RootCauseEvidence': -0.17038855027411945, 'HiddenReproducibility': -0.7951465679458908, 'ImpactScope': -0.7951465679458908}"
Collections-16,Collections,1.0,1.0,"{'Actionability': 0, 'Clarity': 0, 'Specificity': 1, 'Reproducibility': 1, 'ReasoningQuality': 0, 'TechnicalContext': 0, 'Ambiguity': 2, 'RepairReadiness': 0, 'RootCauseEvidence': 1, 'HiddenReproducibility': 0, 'ImpactScope': 0}","{'repair_difficulty': 5, 'ambiguity_count': 2, 'hidden_s2r_present': False, 'root_cause_evidence': 1, 'impact_scope': 0}","{'Actionability': -0.6504436355879909, 'Clarity': -0.6504436355879909, 'Specificity': 0.0, 'Reproducibility': 0.0, 'ReasoningQuality': -0.6504436355879909, 'TechnicalContext': -0.6504436355879909, 'Ambiguity': 1.3008872711759818, 'RepairReadiness': 2.6017745423519636, 'RootCauseEvidence': 0.0, 'HiddenReproducibility': -0.6504436355879909, 'ImpactScope': -0.6504436355879909}"
Collections-17,Collections,1.0,1.0,"{'Actionability': 0, 'Clarity': 0, 'Specificity': 1, 'Reproducibility': 0, 'ReasoningQuality': 0, 'TechnicalContext': 0, 'Ambiguity': 0, 'RepairReadiness': 1, 'RootCauseEvidence': 1, 'HiddenReproducibility': 0, 'ImpactScope': 0}","{'repair_difficulty': 4, 'ambiguity_count': 0, 'hidden_s2r_present': False, 'root_cause_evidence': 1, 'impact_scope': 0}","{'Actionability': -0.5863019699779287, 'Clarity': -0.5863019699779287, 'Specificity': 0.0, 'Reproducibility': -0.5863019699779287, 'ReasoningQuality': -0.5863019699779287, 'TechnicalContext': -0.5863019699779287, 'Ambiguity': 2.345207879911715, 'RepairReadiness': 1.758905909933786, 'RootCauseEvidence': 0.0, 'HiddenReproducibility': -0.5863019699779287, 'ImpactScope': -0.5863019699779287}"
Collections-18,Collections,1.0,1.0,"{'Actionability': 2, 'Clarity': 2, 'Specificity': 1, 'Reproducibility': 3, 'ReasoningQuality': 2, 'TechnicalContext': 0, 'Ambiguity': 3, 'RepairReadiness': 3, 'RootCauseEvidence': 2, 'HiddenReproducibility': 1, 'ImpactScope': 1}","{'repair_difficulty': 2, 'ambiguity_count': 3, 'hidden_s2r_present': True, 'root_cause_evidence': 2, 'impact_scope': 1}","{'Actionability': 0.4714045207910315, 'Clarity': 0.4714045207910315, 'Specificity': -0.8249579113843055, 'Reproducibility': 1.7677669529663687, 'ReasoningQuality': 0.4714045207910315, 'TechnicalContext': -2.1213203435596424, 'Ambiguity': 0.4714045207910315, 'RepairReadiness': 0.4714045207910315, 'RootCauseEvidence': 0.4714045207910315, 'HiddenReproducibility': -0.8249579113843055, 'ImpactScope': -0.8249579113843055}"
Collections-19,Collections,1.0,1.0,"{'Actionability': 0, 'Clarity': 0, 'Specificity': 1, 'Reproducibility': 0, 'ReasoningQuality': 0, 'TechnicalContext': 0, 'Ambiguity': 2, 'RepairReadiness': 0, 'RootCauseEvidence': 1, 'HiddenReproducibility': 1, 'ImpactScope': 0}","{'repair_difficulty': 5, 'ambiguity_count': 2, 'hidden_s2r_present': True, 'root_cause_evidence': 1, 'impact_scope': 0}","{'Actionability': -0.6504436355879909, 'Clarity': -0.6504436355879909, 'Specificity': 0.0, 'Reproducibility': -0.6504436355879909, 'ReasoningQuality': -0.6504436355879909, 'TechnicalContext': -0.6504436355879909, 'Ambiguity': 1.3008872711759818, 'RepairReadiness': 2.6017745423519636, 'RootCauseEvidence': 0.0, 'HiddenReproducibility': 0.0, 'ImpactScope': -0.6504436355879909}"
Collections-2,Collections,1.0,1.0,"{'Actionability': 0, 'Clarity': 1, 'Specificity': 1, 'Reproducibility': 2, 'ReasoningQuality': 1, 'TechnicalContext': 0, 'Ambiguity': 0, 'RepairReadiness': 0, 'RootCauseEvidence': 1, 'HiddenReproducibility': 0, 'ImpactScope': 0}","{'repair_difficulty': 5, 'ambiguity_count': 0, 'hidden_s2r_present': False, 'root_cause_evidence': 1, 'impact_scope': 0}","{'Actionability': -0.8186312161546414, 'Clarity': -0.25582225504832545, 'Specificity': -0.25582225504832545, 'Reproducibility': 0.3069867060579905, 'ReasoningQuality': -0.25582225504832545, 'TechnicalContext': -0.8186312161546414, 'Ambiguity': 1.9954135893769382, 'RepairReadiness': 1.9954135893769382, 'RootCauseEvidence': -0.25582225504832545, 'HiddenReproducibility': -0.8186312161546414, 'ImpactScope': -0.8186312161546414}"
Collections-20,Collections,1.0,1.0,"{'Actionability': 4, 'Clarity': 2, 'Specificity': 1, 'Reproducibility': 2, 'ReasoningQuality': 3, 'TechnicalContext': 0, 'Ambiguity': 2, 'RepairReadiness': 2, 'RootCauseEvidence': 2, 'HiddenReproducibility': 1, 'ImpactScope': 1}","{'repair_difficulty': 3, 'ambiguity_count': 2, 'hidden_s2r_present': True, 'root_cause_evidence': 2, 'impact_scope': 1}","{'Actionability': 1.7728105208558367, 'Clarity': 0.0, 'Specificity': -0.8864052604279183, 'Reproducibility': 0.0, 'ReasoningQuality': 0.8864052604279183, 'TechnicalContext': -1.7728105208558367, 'Ambiguity': 0.8864052604279183, 'RepairReadiness': 0.8864052604279183, 'RootCauseEvidence': 0.0, 'HiddenReproducibility': -0.8864052604279183, 'ImpactScope': -0.8864052604279183}"
Collections-21,Collections,1.0,1.0,"{'Actionability': 0, 'Clarity': 1, 'Specificity': 1, 'Reproducibility': 3, 'ReasoningQuality': 1, 'TechnicalContext': 0, 'Ambiguity': 3, 'RepairReadiness': 1, 'RootCauseEvidence': 2, 'HiddenReproducibility': 0, 'ImpactScope': 0}","{'repair_difficulty': 4, 'ambiguity_count': 3, 'hidden_s2r_present': False, 'root_cause_evidence': 2, 'impact_scope': 0}","{'Actionability': -0.9899494936611665, 'Clarity': -0.21213203435596423, 'Specificity': -0.21213203435596423, 'Reproducibility': 1.3435028842544403, 'ReasoningQuality': -0.21213203435596423, 'TechnicalContext': -0.9899494936611665, 'Ambiguity': 0.565685424949238, 'RepairReadiness': 2.121320343559643, 'RootCauseEvidence': 0.565685424949238, 'HiddenReproducibility': -0.9899494936611665, 'ImpactScope': -0.9899494936611665}"
Collections-22,Collections,1.0,1.0,"{'Actionability': 4, 'Clarity': 2, 'Specificity': 1, 'Reproducibility': 1, 'ReasoningQuality': 2, 'TechnicalContext': 0, 'Ambiguity': 2, 'RepairReadiness': 1, 'RootCauseEvidence': 1, 'HiddenReproducibility': 1, 'ImpactScope': 1}","{'repair_difficulty': 4, 'ambiguity_count': 2, 'hidden_s2r_present': True, 'root_cause_evidence': 1, 'impact_scope': 1}","{'Actionability': 1.7230995806825713, 'Clarity': 0.14359163172354766, 'Specificity': -0.6461623427559643, 'Reproducibility': -0.6461623427559643, 'ReasoningQuality': 0.14359163172354766, 'TechnicalContext': -1.435916317235476, 'Ambiguity': 0.9333456062030596, 'RepairReadiness': 1.7230995806825713, 'RootCauseEvidence': -0.6461623427559643, 'HiddenReproducibility': -0.6461623427559643, 'ImpactScope': -0.6461623427559643}"
Collections-23,Collections,1.0,1.0,"{'Actionability': 0, 'Clarity': 0, 'Specificity': 0, 'Reproducibility': 0, 'ReasoningQuality': 0, 'TechnicalContext': 0, 'Ambiguity': 0, 'RepairReadiness': 0, 'RootCauseEvidence': 1, 'HiddenReproducibility': 0, 'ImpactScope': 0}","{'repair_difficulty': 5, 'ambiguity_count': 0, 'hidden_s2r_present': False, 'root_cause_evidence': 1, 'impact_scope': 0}","{'Actionability': -0.5244044240850757, 'Clarity': -0.5244044240850757, 'Specificity': -0.5244044240850757, 'Reproducibility': -0.5244044240850757, 'ReasoningQuality': -0.5244044240850757, 'TechnicalContext': -0.5244044240850757, 'Ambiguity': 2.097617696340303, 'RepairReadiness': 2.097617696340303, 'RootCauseEvidence': 0.0, 'HiddenReproducibility': -0.5244044240850757, 'ImpactScope': -0.5244044240850757}"
Collections-24,Collections,1.0,1.0,"{'Actionability': 0, 'Clarity': 0, 'Specificity': 0, 'Reproducibility': 0, 'ReasoningQuality': 0, 'TechnicalContext': 0, 'Ambiguity': 0, 'RepairReadiness': 0, 'RootCauseEvidence': 1, 'HiddenReproducibility': 0, 'ImpactScope': 0}","{'repair_difficulty': 5, 'ambiguity_count': 0, 'hidden_s2r_present': False, 'root_cause_evidence': 1, 'impact_scope': 0}","{'Actionability': -0.5244044240850757, 'Clarity': -0.5244044240850757, 'Specificity': -0.5244044240850757, 'Reproducibility': -0.5244044240850757, 'ReasoningQuality': -0.5244044240850757, 'TechnicalContext': -0.5244044240850757, 'Ambiguity': 2.097617696340303, 'RepairReadiness': 2.097617696340303, 'RootCauseEvidence': 0.0, 'HiddenReproducibility': -0.5244044240850757, 'ImpactScope': -0.5244044240850757}"
Collections-25,Collections,1.0,1.0,"{'Actionability': 0, 'Clarity': 0, 'Specificity': 0, 'Reproducibility': 2, 'ReasoningQuality': 0, 'TechnicalContext': 0, 'Ambiguity': 0, 'RepairReadiness': 1, 'RootCauseEvidence': 1, 'HiddenReproducibility': 0, 'ImpactScope': 0}","{'repair_difficulty': 4, 'ambiguity_count': 0, 'hidden_s2r_present': False, 'root_cause_evidence': 1, 'impact_scope': 0}","{'Actionability': -0.630705997473164, 'Clarity': -0.630705997473164, 'Specificity': -0.630705997473164, 'Reproducibility': 0.5255883312276368, 'ReasoningQuality': -0.630705997473164, 'TechnicalContext': -0.630705997473164, 'Ambiguity': 2.260029824278838, 'RepairReadiness': 1.6818826599284376, 'RootCauseEvidence': -0.052558833122763625, 'HiddenReproducibility': -0.630705997473164, 'ImpactScope': -0.630705997473164}"
Collections-26,Collections,1.0,1.0,"{'Actionability': 2, 'Clarity': 2, 'Specificity': 0, 'Reproducibility': 2, 'ReasoningQuality': 2, 'TechnicalContext': 0, 'Ambiguity': 2, 'RepairReadiness': 1, 'RootCauseEvidence': 1, 'HiddenReproducibility': 0, 'ImpactScope': 0}","{'repair_difficulty': 4, 'ambiguity_count': 2, 'hidden_s2r_present': False, 'root_cause_evidence': 1, 'impact_scope': 0}","{'Actionability': 0.41803980857497053, 'Clarity': 0.41803980857497053, 'Specificity': -1.1147728228665883, 'Reproducibility': 0.41803980857497053, 'ReasoningQuality': 0.41803980857497053, 'TechnicalContext': -1.1147728228665883, 'Ambiguity': 1.1844461242957498, 'RepairReadiness': 1.9508524400165292, 'RootCauseEvidence': -0.34836650714580886, 'HiddenReproducibility': -1.1147728228665883, 'ImpactScope': -1.1147728228665883}"
Collections-27,Collections,1.0,1.0,"{'Actionability': 0, 'Clarity': 2, 'Specificity': 1, 'Reproducibility': 1, 'ReasoningQuality': 1, 'TechnicalContext': 0, 'Ambiguity': 0, 'RepairReadiness': 1, 'RootCauseEvidence': 1, 'HiddenReproducibility': 0, 'ImpactScope': 0}","{'repair_difficulty': 4, 'ambiguity_count': 0, 'hidden_s2r_present': False, 'root_cause_evidence': 1, 'impact_scope': 0}","{'Actionability': -0.8464989719746505, 'Clarity': 0.3950328535881703, 'Specificity': -0.22573305919324008, 'Reproducibility': -0.22573305919324008, 'ReasoningQuality': -0.22573305919324008, 'TechnicalContext': -0.8464989719746505, 'Ambiguity': 2.257330591932402, 'RepairReadiness': 1.6365646791509914, 'RootCauseEvidence': -0.22573305919324008, 'HiddenReproducibility': -0.8464989719746505, 'ImpactScope': -0.8464989719746505}"
Collections-28,Collections,1.0,1.0,"{'Actionability': 0, 'Clarity': 1, 'Specificity': 0, 'Reproducibility': 2, 'ReasoningQuality': 1, 'TechnicalContext': 0, 'Ambiguity': 0, 'RepairReadiness': 2, 'RootCauseEvidence': 1, 'HiddenReproducibility': 1, 'ImpactScope': 0}","{'repair_difficulty': 3, 'ambiguity_count': 0, 'hidden_s2r_present': True, 'root_cause_evidence': 1, 'impact_scope': 0}","{'Actionability': -0.8583950752789522, 'Clarity': -0.18394180184548975, 'Specificity': -0.8583950752789522, 'Reproducibility': 0.4905114715879727, 'ReasoningQuality': -0.18394180184548975, 'TechnicalContext': -0.8583950752789522, 'Ambiguity': 2.51387129188836, 'RepairReadiness': 1.164964745021435, 'RootCauseEvidence': -0.18394180184548975, 'HiddenReproducibility': -0.18394180184548975, 'ImpactScope': -0.8583950752789522}"
Collections-3,Collections,1.0,1.0,"{'Actionability': 0, 'Clarity': 0, 'Specificity': 0, 'Reproducibility': 0, 'ReasoningQuality': 0, 'TechnicalContext': 0, 'Ambiguity': 0, 'RepairReadiness': 0, 'RootCauseEvidence': 1, 'HiddenReproducibility': 0, 'ImpactScope': 0}","{'repair_difficulty': 5, 'ambiguity_count': 0, 'hidden_s2r_present': False, 'root_cause_evidence': 1, 'impact_scope': 0}","{'Actionability': -0.5244044240850757, 'Clarity': -0.5244044240850757, 'Specificity': -0.5244044240850757, 'Reproducibility': -0.5244044240850757, 'ReasoningQuality': -0.5244044240850757, 'TechnicalContext': -0.5244044240850757, 'Ambiguity': 2.097617696340303, 'RepairReadiness': 2.097617696340303, 'RootCauseEvidence': 0.0, 'HiddenReproducibility': -0.5244044240850757, 'ImpactScope': -0.5244044240850757}"
Collections-4,Collections,1.0,1.0,"{'Actionability': 0, 'Clarity': 1, 'Specificity': 0, 'Reproducibility': 1, 'ReasoningQuality': 1, 'TechnicalContext': 0, 'Ambiguity': 0, 'RepairReadiness': 1, 'RootCauseEvidence': 2, 'HiddenReproducibility': 0, 'ImpactScope': 0}","{'repair_difficulty': 4, 'ambiguity_count': 0, 'hidden_s2r_present': False, 'root_cause_evidence': 2, 'impact_scope': 0}","{'Actionability': -0.7683498199278324, 'Clarity': -0.16464638998453549, 'Specificity': -0.7683498199278324, 'Reproducibility': -0.16464638998453549, 'ReasoningQuality': -0.16464638998453549, 'TechnicalContext': -0.7683498199278324, 'Ambiguity': 2.250167329788652, 'RepairReadiness': 1.6464638998453551, 'RootCauseEvidence': 0.4390570399587614, 'HiddenReproducibility': -0.7683498199278324, 'ImpactScope': -0.7683498199278324}"
Collections-5,Collections,1.0,1.0,"{'Actionability': 0, 'Clarity': 0, 'Specificity': 0, 'Reproducibility': 0, 'ReasoningQuality': 0, 'TechnicalContext': 0, 'Ambiguity': 0, 'RepairReadiness': 1, 'RootCauseEvidence': 1, 'HiddenReproducibility': 0, 'ImpactScope': 0}","{'repair_difficulty': 4, 'ambiguity_count': 0, 'hidden_s2r_present': False, 'root_cause_evidence': 1, 'impact_scope': 0}","{'Actionability': -0.5255883312276367, 'Clarity': -0.5255883312276367, 'Specificity': -0.5255883312276367, 'Reproducibility': -0.5255883312276367, 'ReasoningQuality': -0.5255883312276367, 'TechnicalContext': -0.5255883312276367, 'Ambiguity': 2.3651474905243655, 'RepairReadiness': 1.7870003261739649, 'RootCauseEvidence': 0.052558833122763694, 'HiddenReproducibility': -0.5255883312276367, 'ImpactScope': -0.5255883312276367}"
Collections-6,Collections,1.0,1.0,"{'Actionability': 0, 'Clarity': 0, 'Specificity': 0, 'Reproducibility': 0, 'ReasoningQuality': 0, 'TechnicalContext': 0, 'Ambiguity': 0, 'RepairReadiness': 2, 'RootCauseEvidence': 1, 'HiddenReproducibility': 0, 'ImpactScope': 0}","{'repair_difficulty': 3, 'ambiguity_count': 0, 'hidden_s2r_present': False, 'root_cause_evidence': 1, 'impact_scope': 0}","{'Actionability': -0.516185401208764, 'Clarity': -0.516185401208764, 'Specificity': -0.516185401208764, 'Reproducibility': -0.516185401208764, 'ReasoningQuality': -0.516185401208764, 'TechnicalContext': -0.516185401208764, 'Ambiguity': 2.63828093951146, 'RepairReadiness': 1.3764944032233704, 'RootCauseEvidence': 0.11470786693528084, 'HiddenReproducibility': -0.516185401208764, 'ImpactScope': -0.516185401208764}"
Collections-7,Collections,1.0,1.0,"{'Actionability': 0, 'Clarity': 1, 'Specificity': 0, 'Reproducibility': 1, 'ReasoningQuality': 1, 'TechnicalContext': 0, 'Ambiguity': 0, 'RepairReadiness': 2, 'RootCauseEvidence': 1, 'HiddenReproducibility': 0, 'ImpactScope': 0}","{'repair_difficulty': 3, 'ambiguity_count': 0, 'hidden_s2r_present': False, 'root_cause_evidence': 1, 'impact_scope': 0}","{'Actionability': -0.7249465119962123, 'Clarity': -0.06041220933301764, 'Specificity': -0.7249465119962123, 'Reproducibility': -0.06041220933301764, 'ReasoningQuality': -0.06041220933301764, 'TechnicalContext': -0.7249465119962123, 'Ambiguity': 2.5977250013197613, 'RepairReadiness': 1.2686563959933717, 'RootCauseEvidence': -0.06041220933301764, 'HiddenReproducibility': -0.7249465119962123, 'ImpactScope': -0.7249465119962123}"
Collections-8,Collections,1.0,1.0,"{'Actionability': 0, 'Clarity': 2, 'Specificity': 0, 'Reproducibility': 2, 'ReasoningQuality': 1, 'TechnicalContext': 0, 'Ambiguity': 0, 'RepairReadiness': 1, 'RootCauseEvidence': 1, 'HiddenReproducibility': 0, 'ImpactScope': 1}","{'repair_difficulty': 4, 'ambiguity_count': 0, 'hidden_s2r_present': False, 'root_cause_evidence': 1, 'impact_scope': 1}","{'Actionability': -0.900070320740819, 'Clarity': 0.33752637027780713, 'Specificity': -0.900070320740819, 'Reproducibility': 0.33752637027780713, 'ReasoningQuality': -0.281271975231506, 'TechnicalContext': -0.900070320740819, 'Ambiguity': 2.1939214068057464, 'RepairReadiness': 1.5751230612964333, 'RootCauseEvidence': -0.281271975231506, 'HiddenReproducibility': -0.900070320740819, 'ImpactScope': -0.281271975231506}"
Collections-9,Collections,1.0,1.0,"{'Actionability': 0, 'Clarity': 0, 'Specificity': 0, 'Reproducibility': 0, 'ReasoningQuality': 0, 'TechnicalContext': 0, 'Ambiguity': 0, 'RepairReadiness': 0, 'RootCauseEvidence': 1, 'HiddenReproducibility': 0, 'ImpactScope': 0}","{'repair_difficulty': 5, 'ambiguity_count': 0, 'hidden_s2r_present': False, 'root_cause_evidence': 1, 'impact_scope': 0}","{'Actionability': -0.5244044240850757, 'Clarity': -0.5244044240850757, 'Specificity': -0.5244044240850757, 'Reproducibility': -0.5244044240850757, 'ReasoningQuality': -0.5244044240850757, 'TechnicalContext': -0.5244044240850757, 'Ambiguity': 2.097617696340303, 'RepairReadiness': 2.097617696340303, 'RootCauseEvidence': 0.0, 'HiddenReproducibility': -0.5244044240850757, 'ImpactScope': -0.5244044240850757}"
Compress-1,Compress,1.0,1.0,"{'Actionability': 4, 'Clarity': 1, 'Specificity': 1, 'Reproducibility': 2, 'ReasoningQuality': 3, 'TechnicalContext': 0, 'Ambiguity': 3, 'RepairReadiness': 2, 'RootCauseEvidence': 1, 'HiddenReproducibility': 0, 'ImpactScope': 1}","{'repair_difficulty': 3, 'ambiguity_count': 3, 'hidden_s2r_present': False, 'root_cause_evidence': 1, 'impact_scope': 1}","{'Actionability': 1.9272482233188628, 'Clarity': -0.5188745216627709, 'Specificity': -0.5188745216627709, 'Reproducibility': 0.2964997266644404, 'ReasoningQuality': 1.1118739749916517, 'TechnicalContext': -1.3342487699899823, 'Ambiguity': 0.2964997266644404, 'RepairReadiness': 1.1118739749916517, 'RootCauseEvidence': -0.5188745216627709, 'HiddenReproducibility': -1.3342487699899823, 'ImpactScope': -0.5188745216627709}"
Compress-10,Compress,1.0,1.0,"{'Actionability': 0, 'Clarity': 2, 'Specificity': 1, 'Reproducibility': 2, 'ReasoningQuality': 1, 'TechnicalContext': 0, 'Ambiguity': 3, 'RepairReadiness': 1, 'RootCauseEvidence': 2, 'HiddenReproducibility': 1, 'ImpactScope': 0}","{'repair_difficulty': 4, 'ambiguity_count': 3, 'hidden_s2r_present': True, 'root_cause_evidence': 2, 'impact_scope': 0}","{'Actionability': -1.1858541225631423, 'Clarity': 0.5533985905294665, 'Specificity': -0.3162277660168379, 'Reproducibility': 0.5533985905294665, 'ReasoningQuality': -0.3162277660168379, 'TechnicalContext': -1.1858541225631423, 'Ambiguity': 0.5533985905294665, 'RepairReadiness': 2.2926513036220753, 'RootCauseEvidence': 0.5533985905294665, 'HiddenReproducibility': -0.3162277660168379, 'ImpactScope': -1.1858541225631423}"
Compress-11,Compress,1.0,1.0,"{'Actionability': 0, 'Clarity': 1, 'Specificity': 1, 'Reproducibility': 1, 'ReasoningQuality': 0, 'TechnicalContext': 0, 'Ambiguity': 1, 'RepairReadiness': 0, 'RootCauseEvidence': 1, 'HiddenReproducibility': 0, 'ImpactScope': 0}","{'repair_difficulty': 5, 'ambiguity_count': 1, 'hidden_s2r_present': False, 'root_cause_evidence': 1, 'impact_scope': 0}","{'Actionability': -0.7200034083082247, 'Clarity': -0.1107697551243423, 'Specificity': -0.1107697551243423, 'Reproducibility': -0.1107697551243423, 'ReasoningQuality': -0.7200034083082247, 'TechnicalContext': -0.7200034083082247, 'Ambiguity': 1.716931204427305, 'RepairReadiness': 2.3261648576111877, 'RootCauseEvidence': -0.1107697551243423, 'HiddenReproducibility': -0.7200034083082247, 'ImpactScope': -0.7200034083082247}"
Compress-12,Compress,1.0,1.0,"{'Actionability': 1, 'Clarity': 0, 'Specificity': 0, 'Reproducibility': 4, 'ReasoningQuality': 0, 'TechnicalContext': 0, 'Ambiguity': 2, 'RepairReadiness': 3, 'RootCauseEvidence': 1, 'HiddenReproducibility': 0, 'ImpactScope': 0}","{'repair_difficulty': 2, 'ambiguity_count': 2, 'hidden_s2r_present': False, 'root_cause_evidence': 1, 'impact_scope': 0}","{'Actionability': 0.0, 'Clarity': -0.7416198487095663, 'Specificity': -0.7416198487095663, 'Reproducibility': 2.224859546128699, 'ReasoningQuality': -0.7416198487095663, 'TechnicalContext': -0.7416198487095663, 'Ambiguity': 1.4832396974191326, 'RepairReadiness': 0.7416198487095663, 'RootCauseEvidence': 0.0, 'HiddenReproducibility': -0.7416198487095663, 'ImpactScope': -0.7416198487095663}"
Compress-13,Compress,1.0,1.0,"{'Actionability': 1, 'Clarity': 2, 'Specificity': 1, 'Reproducibility': 1, 'ReasoningQuality': 1, 'TechnicalContext': 0, 'Ambiguity': 0, 'RepairReadiness': 2, 'RootCauseEvidence': 1, 'HiddenReproducibility': 0, 'ImpactScope': 0}","{'repair_difficulty': 3, 'ambiguity_count': 0, 'hidden_s2r_present': False, 'root_cause_evidence': 1, 'impact_scope': 0}","{'Actionability': -0.25400025400038095, 'Clarity': 0.44450044450066684, 'Specificity': -0.25400025400038095, 'Reproducibility': -0.25400025400038095, 'ReasoningQuality': -0.25400025400038095, 'TechnicalContext': -0.9525009525014287, 'Ambiguity': 2.5400025400038104, 'RepairReadiness': 1.1430011430017146, 'RootCauseEvidence': -0.25400025400038095, 'HiddenReproducibility': -0.9525009525014287, 'ImpactScope': -0.9525009525014287}"
Compress-14,Compress,1.0,1.0,"{'Actionability': 0, 'Clarity': 2, 'Specificity': 1, 'Reproducibility': 2, 'ReasoningQuality': 1, 'TechnicalContext': 0, 'Ambiguity': 3, 'RepairReadiness': 1, 'RootCauseEvidence': 2, 'HiddenReproducibility': 0, 'ImpactScope': 0}","{'repair_difficulty': 4, 'ambiguity_count': 3, 'hidden_s2r_present': False, 'root_cause_evidence': 2, 'impact_scope': 0}","{'Actionability': -1.049344364594206, 'Clarity': 0.5996253511966891, 'Specificity': -0.2248595066987584, 'Reproducibility': 0.5996253511966891, 'ReasoningQuality': -0.2248595066987584, 'TechnicalContext': -1.049344364594206, 'Ambiguity': 0.5996253511966891, 'RepairReadiness': 2.2485950669875843, 'RootCauseEvidence': 0.5996253511966891, 'HiddenReproducibility': -1.049344364594206, 'ImpactScope': -1.049344364594206}"
Compress-15,Compress,1.0,1.0,"{'Actionability': 0, 'Clarity': 2, 'Specificity': 1, 'Reproducibility': 2, 'ReasoningQuality': 1, 'TechnicalContext': 0, 'Ambiguity': 1, 'RepairReadiness': 1, 'RootCauseEvidence': 1, 'HiddenReproducibility': 0, 'ImpactScope': 1}","{'repair_difficulty': 4, 'ambiguity_count': 1, 'hidden_s2r_present': False, 'root_cause_evidence': 1, 'impact_scope': 1}","{'Actionability': -1.059625885652035, 'Clarity': 0.39735970711951313, 'Specificity': -0.331133089266261, 'Reproducibility': 0.39735970711951313, 'ReasoningQuality': -0.331133089266261, 'TechnicalContext': -1.059625885652035, 'Ambiguity': 1.8543452998910612, 'RepairReadiness': 1.8543452998910612, 'RootCauseEvidence': -0.331133089266261, 'HiddenReproducibility': -1.059625885652035, 'ImpactScope': -0.331133089266261}"
Compress-16,Compress,1.0,1.0,"{'Actionability': 0, 'Clarity': 0, 'Specificity': 1, 'Reproducibility': 0, 'ReasoningQuality': 0, 'TechnicalContext': 0, 'Ambiguity': 0, 'RepairReadiness': 0, 'RootCauseEvidence': 1, 'HiddenReproducibility': 0, 'ImpactScope': 0}","{'repair_difficulty': 5, 'ambiguity_count': 0, 'hidden_s2r_present': False, 'root_cause_evidence': 1, 'impact_scope': 0}","{'Actionability': -0.5800418934273981, 'Clarity': -0.5800418934273981, 'Specificity': -0.048336824452283135, 'Reproducibility': -0.5800418934273981, 'ReasoningQuality': -0.5800418934273981, 'TechnicalContext': -0.5800418934273981, 'Ambiguity': 2.078483451448177, 'RepairReadiness': 2.078483451448177, 'RootCauseEvidence': -0.048336824452283135, 'HiddenReproducibility': -0.5800418934273981, 'ImpactScope': -0.5800418934273981}"
Compress-17,Compress,1.0,1.0,"{'Actionability': 0, 'Clarity': 0, 'Specificity': 0, 'Reproducibility': 0, 'ReasoningQuality': 0, 'TechnicalContext': 0, 'Ambiguity': 0, 'RepairReadiness': 0, 'RootCauseEvidence': 0, 'HiddenReproducibility': 0, 'ImpactScope': 0}","{'repair_difficulty': 5, 'ambiguity_count': 0, 'hidden_s2r_present': False, 'root_cause_evidence': 0, 'impact_scope': 0}","{'Actionability': -0.4714045207910317, 'Clarity': -0.4714045207910317, 'Specificity': -0.4714045207910317, 'Reproducibility': -0.4714045207910317, 'ReasoningQuality': -0.4714045207910317, 'TechnicalContext': -0.4714045207910317, 'Ambiguity': 2.121320343559643, 'RepairReadiness': 2.121320343559643, 'RootCauseEvidence': -0.4714045207910317, 'HiddenReproducibility': -0.4714045207910317, 'ImpactScope': -0.4714045207910317}"
Compress-18,Compress,1.0,1.0,"{'Actionability': 0, 'Clarity': 2, 'Specificity': 2, 'Reproducibility': 2, 'ReasoningQuality': 1, 'TechnicalContext': 0, 'Ambiguity': 1, 'RepairReadiness': 2, 'RootCauseEvidence': 2, 'HiddenReproducibility': 0, 'ImpactScope': 0}","{'repair_difficulty': 3, 'ambiguity_count': 1, 'hidden_s2r_present': False, 'root_cause_evidence': 2, 'impact_scope': 0}","{'Actionability': -1.1147728228665883, 'Clarity': 0.41803980857497053, 'Specificity': 0.41803980857497053, 'Reproducibility': 0.41803980857497053, 'ReasoningQuality': -0.34836650714580886, 'TechnicalContext': -1.1147728228665883, 'Ambiguity': 1.9508524400165292, 'RepairReadiness': 1.1844461242957498, 'RootCauseEvidence': 0.41803980857497053, 'HiddenReproducibility': -1.1147728228665883, 'ImpactScope': -1.1147728228665883}"
Compress-19,Compress,1.0,1.0,"{'Actionability': 1, 'Clarity': 3, 'Specificity': 0, 'Reproducibility': 2, 'ReasoningQuality': 1, 'TechnicalContext': 0, 'Ambiguity': 1, 'RepairReadiness': 1, 'RootCauseEvidence': 1, 'HiddenReproducibility': 0, 'ImpactScope': 0}","{'repair_difficulty': 4, 'ambiguity_count': 1, 'hidden_s2r_present': False, 'root_cause_evidence': 1, 'impact_scope': 0}","{'Actionability': -0.30316953129541624, 'Clarity': 1.0307764064044151, 'Specificity': -0.970142500145332, 'Reproducibility': 0.36380343755449945, 'ReasoningQuality': -0.30316953129541624, 'TechnicalContext': -0.970142500145332, 'Ambiguity': 1.697749375254331, 'RepairReadiness': 1.697749375254331, 'RootCauseEvidence': -0.30316953129541624, 'HiddenReproducibility': -0.970142500145332, 'ImpactScope': -0.970142500145332}"
Compress-2,Compress,1.0,1.0,"{'Actionability': 0, 'Clarity': 1, 'Specificity': 1, 'Reproducibility': 1, 'ReasoningQuality': 1, 'TechnicalContext': 0, 'Ambiguity': 2, 'RepairReadiness': 1, 'RootCauseEvidence': 1, 'HiddenReproducibility': 0, 'ImpactScope': 0}","{'repair_difficulty': 4, 'ambiguity_count': 2, 'hidden_s2r_present': False, 'root_cause_evidence': 1, 'impact_scope': 0}","{'Actionability': -0.8798826901281197, 'Clarity': -0.07332355751067658, 'Specificity': -0.07332355751067658, 'Reproducibility': -0.07332355751067658, 'ReasoningQuality': -0.07332355751067658, 'TechnicalContext': -0.8798826901281197, 'Ambiguity': 1.5397947077242098, 'RepairReadiness': 2.346353840341653, 'RootCauseEvidence': -0.07332355751067658, 'HiddenReproducibility': -0.8798826901281197, 'ImpactScope': -0.8798826901281197}"
Compress-20,Compress,1.0,1.0,"{'Actionability': 0, 'Clarity': 1, 'Specificity': 0, 'Reproducibility': 1, 'ReasoningQuality': 1, 'TechnicalContext': 0, 'Ambiguity': 0, 'RepairReadiness': 0, 'RootCauseEvidence': 2, 'HiddenReproducibility': 0, 'ImpactScope': 0}","{'repair_difficulty': 5, 'ambiguity_count': 0, 'hidden_s2r_present': False, 'root_cause_evidence': 2, 'impact_scope': 0}","{'Actionability': -0.7481320020807246, 'Clarity': -0.19950186722152652, 'Specificity': -0.7481320020807246, 'Reproducibility': -0.19950186722152652, 'ReasoningQuality': -0.19950186722152652, 'TechnicalContext': -0.7481320020807246, 'Ambiguity': 1.995018672215266, 'RepairReadiness': 1.995018672215266, 'RootCauseEvidence': 0.3491282676376716, 'HiddenReproducibility': -0.7481320020807246, 'ImpactScope': -0.7481320020807246}"
Compress-21,Compress,1.0,1.0,"{'Actionability': 0, 'Clarity': 2, 'Specificity': 1, 'Reproducibility': 3, 'ReasoningQuality': 1, 'TechnicalContext': 0, 'Ambiguity': 3, 'RepairReadiness': 2, 'RootCauseEvidence': 2, 'HiddenReproducibility': 0, 'ImpactScope': 0}","{'repair_difficulty': 3, 'ambiguity_count': 3, 'hidden_s2r_present': False, 'root_cause_evidence': 2, 'impact_scope': 0}","{'Actionability': -1.12089707663561, 'Clarity': 0.6405126152203486, 'Specificity': -0.2401922307076307, 'Reproducibility': 1.5212174611483278, 'ReasoningQuality': -0.2401922307076307, 'TechnicalContext': -1.12089707663561, 'Ambiguity': 0.6405126152203486, 'RepairReadiness': 1.5212174611483278, 'RootCauseEvidence': 0.6405126152203486, 'HiddenReproducibility': -1.12089707663561, 'ImpactScope': -1.12089707663561}"
Compress-22,Compress,1.0,1.0,"{'Actionability': 0, 'Clarity': 2, 'Specificity': 1, 'Reproducibility': 2, 'ReasoningQuality': 1, 'TechnicalContext': 0, 'Ambiguity': 1, 'RepairReadiness': 1, 'RootCauseEvidence': 1, 'HiddenReproducibility': 0, 'ImpactScope': 0}","{'repair_difficulty': 4, 'ambiguity_count': 1, 'hidden_s2r_present': False, 'root_cause_evidence': 1, 'impact_scope': 0}","{'Actionability': -0.9525009525014287, 'Clarity': 0.44450044450066684, 'Specificity': -0.25400025400038095, 'Reproducibility': 0.44450044450066684, 'ReasoningQuality': -0.25400025400038095, 'TechnicalContext': -0.9525009525014287, 'Ambiguity': 1.8415018415027626, 'RepairReadiness': 1.8415018415027626, 'RootCauseEvidence': -0.25400025400038095, 'HiddenReproducibility': -0.9525009525014287, 'ImpactScope': -0.9525009525014287}"
Compress-23,Compress,1.0,1.0,"{'Actionability': 4, 'Clarity': 1, 'Specificity': 1, 'Reproducibility': 1, 'ReasoningQuality': 3, 'TechnicalContext': 0, 'Ambiguity': 2, 'RepairReadiness': 1, 'RootCauseEvidence': 1, 'HiddenReproducibility': 1, 'ImpactScope': 1}","{'repair_difficulty': 4, 'ambiguity_count': 2, 'hidden_s2r_present': True, 'root_cause_evidence': 1, 'impact_scope': 1}","{'Actionability': 1.6329931618554518, 'Clarity': -0.6123724356957945, 'Specificity': -0.6123724356957945, 'Reproducibility': -0.6123724356957945, 'ReasoningQuality': 0.8845379626717033, 'TechnicalContext': -1.3608276348795434, 'Ambiguity': 0.8845379626717033, 'RepairReadiness': 1.6329931618554518, 'RootCauseEvidence': -0.6123724356957945, 'HiddenReproducibility': -0.6123724356957945, 'ImpactScope': -0.6123724356957945}"
Compress-24,Compress,1.0,1.0,"{'Actionability': 0, 'Clarity': 0, 'Specificity': 0, 'Reproducibility': 0, 'ReasoningQuality': 0, 'TechnicalContext': 0, 'Ambiguity': 1, 'RepairReadiness': 0, 'RootCauseEvidence': 0, 'HiddenReproducibility': 0, 'ImpactScope': 0}","{'repair_difficulty': 5, 'ambiguity_count': 1, 'hidden_s2r_present': False, 'root_cause_evidence': 0, 'impact_scope': 0}","{'Actionability': -0.46788772041903276, 'Clarity': -0.46788772041903276, 'Specificity': -0.46788772041903276, 'Reproducibility': -0.46788772041903276, 'ReasoningQuality': -0.46788772041903276, 'TechnicalContext': -0.46788772041903276, 'Ambiguity': 1.819563357185127, 'RepairReadiness': 2.391426126586167, 'RootCauseEvidence': -0.46788772041903276, 'HiddenReproducibility': -0.46788772041903276, 'ImpactScope': -0.46788772041903276}"
Compress-25,Compress,1.0,1.0,"{'Actionability': 0, 'Clarity': 0, 'Specificity': 0, 'Reproducibility': 0, 'ReasoningQuality': 0, 'TechnicalContext': 0, 'Ambiguity': 0, 'RepairReadiness': 2, 'RootCauseEvidence': 1, 'HiddenReproducibility': 0, 'ImpactScope': 0}","{'repair_difficulty': 3, 'ambiguity_count': 0, 'hidden_s2r_present': False, 'root_cause_evidence': 1, 'impact_scope': 0}","{'Actionability': -0.516185401208764, 'Clarity': -0.516185401208764, 'Specificity': -0.516185401208764, 'Reproducibility': -0.516185401208764, 'ReasoningQuality': -0.516185401208764, 'TechnicalContext': -0.516185401208764, 'Ambiguity': 2.63828093951146, 'RepairReadiness': 1.3764944032233704, 'RootCauseEvidence': 0.11470786693528084, 'HiddenReproducibility': -0.516185401208764, 'ImpactScope': -0.516185401208764}"
Compress-26,Compress,1.0,1.0,"{'Actionability': 0, 'Clarity': 1, 'Specificity': 1, 'Reproducibility': 1, 'ReasoningQuality': 1, 'TechnicalContext': 0, 'Ambiguity': 1, 'RepairReadiness': 1, 'RootCauseEvidence': 2, 'HiddenReproducibility': 0, 'ImpactScope': 1}","{'repair_difficulty': 4, 'ambiguity_count': 1, 'hidden_s2r_present': False, 'root_cause_evidence': 2, 'impact_scope': 1}","{'Actionability': -0.9977851578566089, 'Clarity': -0.26607604209509567, 'Specificity': -0.26607604209509567, 'Reproducibility': -0.26607604209509567, 'ReasoningQuality': -0.26607604209509567, 'TechnicalContext': -0.9977851578566089, 'Ambiguity': 1.9290513051894442, 'RepairReadiness': 1.9290513051894442, 'RootCauseEvidence': 0.4656330736664176, 'HiddenReproducibility': -0.9977851578566089, 'ImpactScope': -0.26607604209509567}"
Compress-27,Compress,1.0,1.0,"{'Actionability': 4, 'Clarity': 2, 'Specificity': 2, 'Reproducibility': 2, 'ReasoningQuality': 3, 'TechnicalContext': 0, 'Ambiguity': 3, 'RepairReadiness': 3, 'RootCauseEvidence': 3, 'HiddenReproducibility': 0, 'ImpactScope': 1}","{'repair_difficulty': 2, 'ambiguity_count': 3, 'hidden_s2r_present': False, 'root_cause_evidence': 3, 'impact_scope': 1}","{'Actionability': 1.7959982617189696, 'Clarity': 0.07808688094430297, 'Specificity': 0.07808688094430297, 'Reproducibility': 0.07808688094430297, 'ReasoningQuality': 0.9370425713316364, 'TechnicalContext': -1.6398244998303637, 'Ambiguity': 0.07808688094430297, 'RepairReadiness': 0.07808688094430297, 'RootCauseEvidence': 0.9370425713316364, 'HiddenReproducibility': -1.6398244998303637, 'ImpactScope': -0.7808688094430304}"
Compress-28,Compress,1.0,1.0,"{'Actionability': 0, 'Clarity': 0, 'Specificity': 0, 'Reproducibility': 2, 'ReasoningQuality': 0, 'TechnicalContext': 0, 'Ambiguity': 1, 'RepairReadiness': 1, 'RootCauseEvidence': 1, 'HiddenReproducibility': 0, 'ImpactScope': 0}","{'repair_difficulty': 4, 'ambiguity_count': 1, 'hidden_s2r_present': False, 'root_cause_evidence': 1, 'impact_scope': 0}","{'Actionability': -0.6504436355879909, 'Clarity': -0.6504436355879909, 'Specificity': -0.6504436355879909, 'Reproducibility': 0.6504436355879909, 'ReasoningQuality': -0.6504436355879909, 'TechnicalContext': -0.6504436355879909, 'Ambiguity': 1.9513309067639726, 'RepairReadiness': 1.9513309067639726, 'RootCauseEvidence': 0.0, 'HiddenReproducibility': -0.6504436355879909, 'ImpactScope': -0.6504436355879909}"
Compress-29,Compress,1.0,1.0,"{'Actionability': 0, 'Clarity': 0, 'Specificity': 0, 'Reproducibility': 0, 'ReasoningQuality': 0, 'TechnicalContext': 0, 'Ambiguity': 0, 'RepairReadiness': 0, 'RootCauseEvidence': 1, 'HiddenReproducibility': 0, 'ImpactScope': 0}","{'repair_difficulty': 5, 'ambiguity_count': 0, 'hidden_s2r_present': False, 'root_cause_evidence': 1, 'impact_scope': 0}","{'Actionability': -0.5244044240850757, 'Clarity': -0.5244044240850757, 'Specificity': -0.5244044240850757, 'Reproducibility': -0.5244044240850757, 'ReasoningQuality': -0.5244044240850757, 'TechnicalContext': -0.5244044240850757, 'Ambiguity': 2.097617696340303, 'RepairReadiness': 2.097617696340303, 'RootCauseEvidence': 0.0, 'HiddenReproducibility': -0.5244044240850757, 'ImpactScope': -0.5244044240850757}"
Compress-3,Compress,1.0,1.0,"{'Actionability': 0, 'Clarity': 2, 'Specificity': 1, 'Reproducibility': 2, 'ReasoningQuality': 1, 'TechnicalContext': 0, 'Ambiguity': 0, 'RepairReadiness': 0, 'RootCauseEvidence': 1, 'HiddenReproducibility': 0, 'ImpactScope': 0}","{'repair_difficulty': 5, 'ambiguity_count': 0, 'hidden_s2r_present': False, 'root_cause_evidence': 1, 'impact_scope': 0}","{'Actionability': -0.8697956671643065, 'Clarity': 0.25582225504832545, 'Specificity': -0.3069867060579905, 'Reproducibility': 0.25582225504832545, 'ReasoningQuality': -0.3069867060579905, 'TechnicalContext': -0.8697956671643065, 'Ambiguity': 1.9442491383672733, 'RepairReadiness': 1.9442491383672733, 'RootCauseEvidence': -0.3069867060579905, 'HiddenReproducibility': -0.8697956671643065, 'ImpactScope': -0.8697956671643065}"
Compress-30,Compress,1.0,1.0,"{'Actionability': 0, 'Clarity': 2, 'Specificity': 3, 'Reproducibility': 2, 'ReasoningQuality': 1, 'TechnicalContext': 0, 'Ambiguity': 1, 'RepairReadiness': 1, 'RootCauseEvidence': 1, 'HiddenReproducibility': 1, 'ImpactScope': 0}","{'repair_difficulty': 4, 'ambiguity_count': 1, 'hidden_s2r_present': True, 'root_cause_evidence': 1, 'impact_scope': 0}","{'Actionability': -1.1430011430017146, 'Clarity': 0.25400025400038095, 'Specificity': 0.9525009525014287, 'Reproducibility': 0.25400025400038095, 'ReasoningQuality': -0.44450044450066684, 'TechnicalContext': -1.1430011430017146, 'Ambiguity': 1.6510016510024763, 'RepairReadiness': 1.6510016510024763, 'RootCauseEvidence': -0.44450044450066684, 'HiddenReproducibility': -0.44450044450066684, 'ImpactScope': -1.1430011430017146}"
Compress-31,Compress,1.0,1.0,"{'Actionability': 2, 'Clarity': 2, 'Specificity': 1, 'Reproducibility': 2, 'ReasoningQuality': 1, 'TechnicalContext': 0, 'Ambiguity': 1, 'RepairReadiness': 1, 'RootCauseEvidence': 2, 'HiddenReproducibility': 0, 'ImpactScope': 0}","{'repair_difficulty': 4, 'ambiguity_count': 1, 'hidden_s2r_present': False, 'root_cause_evidence': 2, 'impact_scope': 0}","{'Actionability': 0.26607604209509567, 'Clarity': 0.26607604209509567, 'Specificity': -0.4656330736664176, 'Reproducibility': 0.26607604209509567, 'ReasoningQuality': -0.4656330736664176, 'TechnicalContext': -1.1973421894279308, 'Ambiguity': 1.729494273618122, 'RepairReadiness': 1.729494273618122, 'RootCauseEvidence': 0.26607604209509567, 'HiddenReproducibility': -1.1973421894279308, 'ImpactScope': -1.1973421894279308}"
Compress-32,Compress,1.0,1.0,"{'Actionability': 0, 'Clarity': 1, 'Specificity': 1, 'Reproducibility': 2, 'ReasoningQuality': 1, 'TechnicalContext': 0, 'Ambiguity': 1, 'RepairReadiness': 1, 'RootCauseEvidence': 1, 'HiddenReproducibility': 0, 'ImpactScope': 0}","{'repair_difficulty': 4, 'ambiguity_count': 1, 'hidden_s2r_present': False, 'root_cause_evidence': 1, 'impact_scope': 0}","{'Actionability': -0.8962581595302718, 'Clarity': -0.19205531989934393, 'Specificity': -0.19205531989934393, 'Reproducibility': 0.5121475197315839, 'ReasoningQuality': -0.19205531989934393, 'TechnicalContext': -0.8962581595302718, 'Ambiguity': 1.92055319899344, 'RepairReadiness': 1.92055319899344, 'RootCauseEvidence': -0.19205531989934393, 'HiddenReproducibility': -0.8962581595302718, 'ImpactScope': -0.8962581595302718}"
Compress-33,Compress,1.0,1.0,"{'Actionability': 0, 'Clarity': 1, 'Specificity': 0, 'Reproducibility': 1, 'ReasoningQuality': 1, 'TechnicalContext': 0, 'Ambiguity': 0, 'RepairReadiness': 0, 'RootCauseEvidence': 1, 'HiddenReproducibility': 0, 'ImpactScope': 0}","{'repair_difficulty': 5, 'ambiguity_count': 0, 'hidden_s2r_present': False, 'root_cause_evidence': 1, 'impact_scope': 0}","{'Actionability': -0.7017565899639198, 'Clarity': -0.15037641213512565, 'Specificity': -0.7017565899639198, 'Reproducibility': -0.15037641213512565, 'ReasoningQuality': -0.15037641213512565, 'TechnicalContext': -0.7017565899639198, 'Ambiguity': 2.055144299180051, 'RepairReadiness': 2.055144299180051, 'RootCauseEvidence': -0.15037641213512565, 'HiddenReproducibility': -0.7017565899639198, 'ImpactScope': -0.7017565899639198}"
Compress-34,Compress,1.0,1.0,"{'Actionability': 0, 'Clarity': 2, 'Specificity': 1, 'Reproducibility': 2, 'ReasoningQuality': 1, 'TechnicalContext': 0, 'Ambiguity': 1, 'RepairReadiness': 1, 'RootCauseEvidence': 1, 'HiddenReproducibility': 1, 'ImpactScope': 0}","{'repair_difficulty': 4, 'ambiguity_count': 1, 'hidden_s2r_present': True, 'root_cause_evidence': 1, 'impact_scope': 0}","{'Actionability': -1.059625885652035, 'Clarity': 0.39735970711951313, 'Specificity': -0.331133089266261, 'Reproducibility': 0.39735970711951313, 'ReasoningQuality': -0.331133089266261, 'TechnicalContext': -1.059625885652035, 'Ambiguity': 1.8543452998910612, 'RepairReadiness': 1.8543452998910612, 'RootCauseEvidence': -0.331133089266261, 'HiddenReproducibility': -0.331133089266261, 'ImpactScope': -1.059625885652035}"
Compress-35,Compress,1.0,1.0,"{'Actionability': 0, 'Clarity': 2, 'Specificity': 1, 'Reproducibility': 3, 'ReasoningQuality': 2, 'TechnicalContext': 0, 'Ambiguity': 1, 'RepairReadiness': 2, 'RootCauseEvidence': 1, 'HiddenReproducibility': 0, 'ImpactScope': 0}","{'repair_difficulty': 3, 'ambiguity_count': 1, 'hidden_s2r_present': False, 'root_cause_evidence': 1, 'impact_scope': 0}","{'Actionability': -1.059625885652035, 'Clarity': 0.39735970711951313, 'Specificity': -0.331133089266261, 'Reproducibility': 1.1258525035052873, 'ReasoningQuality': 0.39735970711951313, 'TechnicalContext': -1.059625885652035, 'Ambiguity': 1.8543452998910612, 'RepairReadiness': 1.1258525035052873, 'RootCauseEvidence': -0.331133089266261, 'HiddenReproducibility': -1.059625885652035, 'ImpactScope': -1.059625885652035}"
Compress-36,Compress,1.0,1.0,"{'Actionability': 0, 'Clarity': 1, 'Specificity': 1, 'Reproducibility': 1, 'ReasoningQuality': 1, 'TechnicalContext': 0, 'Ambiguity': 0, 'RepairReadiness': 2, 'RootCauseEvidence': 1, 'HiddenReproducibility': 0, 'ImpactScope': 0}","{'repair_difficulty': 3, 'ambiguity_count': 0, 'hidden_s2r_present': False, 'root_cause_evidence': 1, 'impact_scope': 0}","{'Actionability': -0.806225774829855, 'Clarity': -0.1240347345892085, 'Specificity': -0.1240347345892085, 'Reproducibility': -0.1240347345892085, 'ReasoningQuality': -0.1240347345892085, 'TechnicalContext': -0.806225774829855, 'Ambiguity': 2.604729426373378, 'RepairReadiness': 1.2403473458920844, 'RootCauseEvidence': -0.1240347345892085, 'HiddenReproducibility': -0.806225774829855, 'ImpactScope': -0.806225774829855}"
Compress-37,Compress,1.0,1.0,"{'Actionability': 0, 'Clarity': 1, 'Specificity': 1, 'Reproducibility': 1, 'ReasoningQuality': 1, 'TechnicalContext': 0, 'Ambiguity': 0, 'RepairReadiness': 0, 'RootCauseEvidence': 1, 'HiddenReproducibility': 0, 'ImpactScope': 0}","{'repair_difficulty': 5, 'ambiguity_count': 0, 'hidden_s2r_present': False, 'root_cause_evidence': 1, 'impact_scope': 0}","{'Actionability': -0.7694837640638655, 'Clarity': -0.20519567041703077, 'Specificity': -0.20519567041703077, 'Reproducibility': -0.20519567041703077, 'ReasoningQuality': -0.20519567041703077, 'TechnicalContext': -0.7694837640638655, 'Ambiguity': 2.0519567041703084, 'RepairReadiness': 2.0519567041703084, 'RootCauseEvidence': -0.20519567041703077, 'HiddenReproducibility': -0.7694837640638655, 'ImpactScope': -0.7694837640638655}"
Compress-38,Compress,1.0,1.0,"{'Actionability': 0, 'Clarity': 2, 'Specificity': 1, 'Reproducibility': 1, 'ReasoningQuality': 2, 'TechnicalContext': 0, 'Ambiguity': 0, 'RepairReadiness': 1, 'RootCauseEvidence': 3, 'HiddenReproducibility': 1, 'ImpactScope': 0}","{'repair_difficulty': 4, 'ambiguity_count': 0, 'hidden_s2r_present': True, 'root_cause_evidence': 3, 'impact_scope': 0}","{'Actionability': -1.0791274850694232, 'Clarity': 0.17038855027411945, 'Specificity': -0.4543694673976519, 'Reproducibility': -0.4543694673976519, 'ReasoningQuality': 0.17038855027411945, 'TechnicalContext': -1.0791274850694232, 'Ambiguity': 2.0446626032894333, 'RepairReadiness': 1.419904585617662, 'RootCauseEvidence': 0.7951465679458908, 'HiddenReproducibility': -0.4543694673976519, 'ImpactScope': -1.0791274850694232}"
Compress-39,Compress,1.0,1.0,"{'Actionability': 0, 'Clarity': 2, 'Specificity': 0, 'Reproducibility': 1, 'ReasoningQuality': 2, 'TechnicalContext': 0, 'Ambiguity': 0, 'RepairReadiness': 0, 'RootCauseEvidence': 1, 'HiddenReproducibility': 0, 'ImpactScope': 0}","{'repair_difficulty': 5, 'ambiguity_count': 0, 'hidden_s2r_present': False, 'root_cause_evidence': 1, 'impact_scope': 0}","{'Actionability': -0.7960297521679913, 'Clarity': 0.2985111570629967, 'Specificity': -0.7960297521679913, 'Reproducibility': -0.24875929755249732, 'ReasoningQuality': 0.2985111570629967, 'TechnicalContext': -0.7960297521679913, 'Ambiguity': 1.9403225209094788, 'RepairReadiness': 1.9403225209094788, 'RootCauseEvidence': -0.24875929755249732, 'HiddenReproducibility': -0.7960297521679913, 'ImpactScope': -0.7960297521679913}"
Compress-4,Compress,1.0,1.0,"{'Actionability': 0, 'Clarity': 2, 'Specificity': 1, 'Reproducibility': 2, 'ReasoningQuality': 1, 'TechnicalContext': 0, 'Ambiguity': 0, 'RepairReadiness': 0, 'RootCauseEvidence': 1, 'HiddenReproducibility': 0, 'ImpactScope': 0}","{'repair_difficulty': 5, 'ambiguity_count': 0, 'hidden_s2r_present': False, 'root_cause_evidence': 1, 'impact_scope': 0}","{'Actionability': -0.8697956671643065, 'Clarity': 0.25582225504832545, 'Specificity': -0.3069867060579905, 'Reproducibility': 0.25582225504832545, 'ReasoningQuality': -0.3069867060579905, 'TechnicalContext': -0.8697956671643065, 'Ambiguity': 1.9442491383672733, 'RepairReadiness': 1.9442491383672733, 'RootCauseEvidence': -0.3069867060579905, 'HiddenReproducibility': -0.8697956671643065, 'ImpactScope': -0.8697956671643065}"
Compress-40,Compress,1.0,1.0,"{'Actionability': 0, 'Clarity': 0, 'Specificity': 0, 'Reproducibility': 0, 'ReasoningQuality': 0, 'TechnicalContext': 0, 'Ambiguity': 0, 'RepairReadiness': 0, 'RootCauseEvidence': 0, 'HiddenReproducibility': 0, 'ImpactScope': 0}","{'repair_difficulty': 5, 'ambiguity_count': 0, 'hidden_s2r_present': False, 'root_cause_evidence': 0, 'impact_scope': 0}","{'Actionability': -0.4714045207910317, 'Clarity': -0.4714045207910317, 'Specificity': -0.4714045207910317, 'Reproducibility': -0.4714045207910317, 'ReasoningQuality': -0.4714045207910317, 'TechnicalContext': -0.4714045207910317, 'Ambiguity': 2.121320343559643, 'RepairReadiness': 2.121320343559643, 'RootCauseEvidence': -0.4714045207910317, 'HiddenReproducibility': -0.4714045207910317, 'ImpactScope': -0.4714045207910317}"
Compress-41,Compress,1.0,1.0,"{'Actionability': 0, 'Clarity': 0, 'Specificity': 1, 'Reproducibility': 1, 'ReasoningQuality': 0, 'TechnicalContext': 0, 'Ambiguity': 1, 'RepairReadiness': 0, 'RootCauseEvidence': 0, 'HiddenReproducibility': 0, 'ImpactScope': 0}","{'repair_difficulty': 5, 'ambiguity_count': 1, 'hidden_s2r_present': False, 'root_cause_evidence': 0, 'impact_scope': 0}","{'Actionability': -0.5863019699779287, 'Clarity': -0.5863019699779287, 'Specificity': 0.0, 'Reproducibility': 0.0, 'ReasoningQuality': -0.5863019699779287, 'TechnicalContext': -0.5863019699779287, 'Ambiguity': 1.758905909933786, 'RepairReadiness': 2.345207879911715, 'RootCauseEvidence': -0.5863019699779287, 'HiddenReproducibility': -0.5863019699779287, 'ImpactScope': -0.5863019699779287}"
Compress-42,Compress,1.0,1.0,"{'Actionability': 4, 'Clarity': 2, 'Specificity': 1, 'Reproducibility': 2, 'ReasoningQuality': 3, 'TechnicalContext': 0, 'Ambiguity': 2, 'RepairReadiness': 2, 'RootCauseEvidence': 3, 'HiddenReproducibility': 0, 'ImpactScope': 1}","{'repair_difficulty': 3, 'ambiguity_count': 2, 'hidden_s2r_present': False, 'root_cause_evidence': 3, 'impact_scope': 1}","{'Actionability': 1.563471919941143, 'Clarity': 0.0, 'Specificity': -0.7817359599705715, 'Reproducibility': 0.0, 'ReasoningQuality': 0.7817359599705715, 'TechnicalContext': -1.563471919941143, 'Ambiguity': 0.7817359599705715, 'RepairReadiness': 0.7817359599705715, 'RootCauseEvidence': 0.7817359599705715, 'HiddenReproducibility': -1.563471919941143, 'ImpactScope': -0.7817359599705715}"
Compress-43,Compress,1.0,1.0,"{'Actionability': 4, 'Clarity': 2, 'Specificity': 1, 'Reproducibility': 3, 'ReasoningQuality': 3, 'TechnicalContext': 0, 'Ambiguity': 3, 'RepairReadiness': 2, 'RootCauseEvidence': 3, 'HiddenReproducibility': 0, 'ImpactScope': 1}","{'repair_difficulty': 3, 'ambiguity_count': 3, 'hidden_s2r_present': False, 'root_cause_evidence': 3, 'impact_scope': 1}","{'Actionability': 1.563471919941143, 'Clarity': 0.0, 'Specificity': -0.7817359599705715, 'Reproducibility': 0.7817359599705715, 'ReasoningQuality': 0.7817359599705715, 'TechnicalContext': -1.563471919941143, 'Ambiguity': 0.0, 'RepairReadiness': 0.7817359599705715, 'RootCauseEvidence': 0.7817359599705715, 'HiddenReproducibility': -1.563471919941143, 'ImpactScope': -0.7817359599705715}"
Compress-44,Compress,1.0,1.0,"{'Actionability': 1, 'Clarity': 1, 'Specificity': 0, 'Reproducibility': 3, 'ReasoningQuality': 0, 'TechnicalContext': 0, 'Ambiguity': 1, 'RepairReadiness': 2, 'RootCauseEvidence': 1, 'HiddenReproducibility': 1, 'ImpactScope': 0}","{'repair_difficulty': 3, 'ambiguity_count': 1, 'hidden_s2r_present': True, 'root_cause_evidence': 1, 'impact_scope': 0}","{'Actionability': -0.20134681656420725, 'Clarity': -0.20134681656420725, 'Specificity': -0.9396184772996339, 'Reproducibility': 1.275196504906646, 'ReasoningQuality': -0.9396184772996339, 'TechnicalContext': -0.9396184772996339, 'Ambiguity': 2.013468165642073, 'RepairReadiness': 1.275196504906646, 'RootCauseEvidence': -0.20134681656420725, 'HiddenReproducibility': -0.20134681656420725, 'ImpactScope': -0.9396184772996339}"
Compress-45,Compress,1.0,1.0,"{'Actionability': 0, 'Clarity': 1, 'Specificity': 0, 'Reproducibility': 1, 'ReasoningQuality': 0, 'TechnicalContext': 0, 'Ambiguity': 0, 'RepairReadiness': 0, 'RootCauseEvidence': 1, 'HiddenReproducibility': 0, 'ImpactScope': 0}","{'repair_difficulty': 5, 'ambiguity_count': 0, 'hidden_s2r_present': False, 'root_cause_evidence': 1, 'impact_scope': 0}","{'Actionability': -0.6389151433378876, 'Clarity': -0.09829463743659811, 'Specificity': -0.6389151433378876, 'Reproducibility': -0.09829463743659811, 'ReasoningQuality': -0.6389151433378876, 'TechnicalContext': -0.6389151433378876, 'Ambiguity': 2.06418738616856, 'RepairReadiness': 2.06418738616856, 'RootCauseEvidence': -0.09829463743659811, 'HiddenReproducibility': -0.6389151433378876, 'ImpactScope': -0.6389151433378876}"
Compress-46,Compress,1.0,1.0,"{'Actionability': 0, 'Clarity': 1, 'Specificity': 1, 'Reproducibility': 1, 'ReasoningQuality': 1, 'TechnicalContext': 0, 'Ambiguity': 0, 'RepairReadiness': 0, 'RootCauseEvidence': 1, 'HiddenReproducibility': 1, 'ImpactScope': 0}","{'repair_difficulty': 5, 'ambiguity_count': 0, 'hidden_s2r_present': True, 'root_cause_evidence': 1, 'impact_scope': 0}","{'Actionability': -0.8432740427115679, 'Clarity': -0.26352313834736496, 'Specificity': -0.26352313834736496, 'Reproducibility': -0.26352313834736496, 'ReasoningQuality': -0.26352313834736496, 'TechnicalContext': -0.8432740427115679, 'Ambiguity': 2.0554804791094465, 'RepairReadiness': 2.0554804791094465, 'RootCauseEvidence': -0.26352313834736496, 'HiddenReproducibility': -0.26352313834736496, 'ImpactScope': -0.8432740427115679}"
Compress-47,Compress,1.0,1.0,"{'Actionability': 1, 'Clarity': 0, 'Specificity': 0, 'Reproducibility': 0, 'ReasoningQuality': 0, 'TechnicalContext': 0, 'Ambiguity': 0, 'RepairReadiness': 1, 'RootCauseEvidence': 1, 'HiddenReproducibility': 0, 'ImpactScope': 0}","{'repair_difficulty': 4, 'ambiguity_count': 0, 'hidden_s2r_present': False, 'root_cause_evidence': 1, 'impact_scope': 0}","{'Actionability': 0.0, 'Clarity': -0.5863019699779287, 'Specificity': -0.5863019699779287, 'Reproducibility': -0.5863019699779287, 'ReasoningQuality': -0.5863019699779287, 'TechnicalContext': -0.5863019699779287, 'Ambiguity': 2.345207879911715, 'RepairReadiness': 1.758905909933786, 'RootCauseEvidence': 0.0, 'HiddenReproducibility': -0.5863019699779287, 'ImpactScope': -0.5863019699779287}"
Compress-5,Compress,1.0,1.0,"{'Actionability': 4, 'Clarity': 2, 'Specificity': 1, 'Reproducibility': 0, 'ReasoningQuality': 2, 'TechnicalContext': 0, 'Ambiguity': 2, 'RepairReadiness': 0, 'RootCauseEvidence': 2, 'HiddenReproducibility': 0, 'ImpactScope': 1}","{'repair_difficulty': 5, 'ambiguity_count': 2, 'hidden_s2r_present': False, 'root_cause_evidence': 2, 'impact_scope': 1}","{'Actionability': 1.3764944032233704, 'Clarity': 0.11470786693528091, 'Specificity': -0.5161854012087639, 'Reproducibility': -1.1470786693528088, 'ReasoningQuality': 0.11470786693528091, 'TechnicalContext': -1.1470786693528088, 'Ambiguity': 0.7456011350793257, 'RepairReadiness': 2.007387671367415, 'RootCauseEvidence': 0.11470786693528091, 'HiddenReproducibility': -1.1470786693528088, 'ImpactScope': -0.5161854012087639}"
Compress-6,Compress,1.0,1.0,"{'Actionability': 1, 'Clarity': 2, 'Specificity': 1, 'Reproducibility': 1, 'ReasoningQuality': 1, 'TechnicalContext': 1, 'Ambiguity': 0, 'RepairReadiness': 1, 'RootCauseEvidence': 3, 'HiddenReproducibility': 1, 'ImpactScope': 0}","{'repair_difficulty': 4, 'ambiguity_count': 0, 'hidden_s2r_present': True, 'root_cause_evidence': 3, 'impact_scope': 0}","{'Actionability': -0.558156305651438, 'Clarity': 0.1240347345892085, 'Specificity': -0.558156305651438, 'Reproducibility': -0.558156305651438, 'ReasoningQuality': -0.558156305651438, 'TechnicalContext': -0.558156305651438, 'Ambiguity': 2.1706078553111476, 'RepairReadiness': 1.4884168150705013, 'RootCauseEvidence': 0.806225774829855, 'HiddenReproducibility': -0.558156305651438, 'ImpactScope': -1.2403473458920844}"
Compress-7,Compress,1.0,1.0,"{'Actionability': 0, 'Clarity': 2, 'Specificity': 1, 'Reproducibility': 2, 'ReasoningQuality': 1, 'TechnicalContext': 0, 'Ambiguity': 2, 'RepairReadiness': 1, 'RootCauseEvidence': 1, 'HiddenReproducibility': 0, 'ImpactScope': 0}","{'repair_difficulty': 4, 'ambiguity_count': 2, 'hidden_s2r_present': False, 'root_cause_evidence': 1, 'impact_scope': 0}","{'Actionability': -0.9899494936611665, 'Clarity': 0.565685424949238, 'Specificity': -0.21213203435596423, 'Reproducibility': 0.565685424949238, 'ReasoningQuality': -0.21213203435596423, 'TechnicalContext': -0.9899494936611665, 'Ambiguity': 1.3435028842544403, 'RepairReadiness': 2.121320343559643, 'RootCauseEvidence': -0.21213203435596423, 'HiddenReproducibility': -0.9899494936611665, 'ImpactScope': -0.9899494936611665}"
Compress-8,Compress,1.0,1.0,"{'Actionability': 0, 'Clarity': 0, 'Specificity': 0, 'Reproducibility': 1, 'ReasoningQuality': 0, 'TechnicalContext': 0, 'Ambiguity': 0, 'RepairReadiness': 0, 'RootCauseEvidence': 1, 'HiddenReproducibility': 0, 'ImpactScope': 0}","{'repair_difficulty': 5, 'ambiguity_count': 0, 'hidden_s2r_present': False, 'root_cause_evidence': 1, 'impact_scope': 0}","{'Actionability': -0.5800418934273981, 'Clarity': -0.5800418934273981, 'Specificity': -0.5800418934273981, 'Reproducibility': -0.048336824452283135, 'ReasoningQuality': -0.5800418934273981, 'TechnicalContext': -0.5800418934273981, 'Ambiguity': 2.078483451448177, 'RepairReadiness': 2.078483451448177, 'RootCauseEvidence': -0.048336824452283135, 'HiddenReproducibility': -0.5800418934273981, 'ImpactScope': -0.5800418934273981}"
Compress-9,Compress,1.0,1.0,"{'Actionability': 0, 'Clarity': 1, 'Specificity': 1, 'Reproducibility': 3, 'ReasoningQuality': 2, 'TechnicalContext': 0, 'Ambiguity': 2, 'RepairReadiness': 2, 'RootCauseEvidence': 2, 'HiddenReproducibility': 0, 'ImpactScope': 0}","{'repair_difficulty': 3, 'ambiguity_count': 2, 'hidden_s2r_present': False, 'root_cause_evidence': 2, 'impact_scope': 0}","{'Actionability': -1.1118739749916517, 'Clarity': -0.2964997266644404, 'Specificity': -0.2964997266644404, 'Reproducibility': 1.3342487699899823, 'ReasoningQuality': 0.5188745216627709, 'TechnicalContext': -1.1118739749916517, 'Ambiguity': 1.3342487699899823, 'RepairReadiness': 1.3342487699899823, 'RootCauseEvidence': 0.5188745216627709, 'HiddenReproducibility': -1.1118739749916517, 'ImpactScope': -1.1118739749916517}"
Csv-1,Csv,1.0,1.0,"{'Actionability': 0, 'Clarity': 2, 'Specificity': 0, 'Reproducibility': 1, 'ReasoningQuality': 1, 'TechnicalContext': 0, 'Ambiguity': 0, 'RepairReadiness': 1, 'RootCauseEvidence': 1, 'HiddenReproducibility': 0, 'ImpactScope': 0}","{'repair_difficulty': 4, 'ambiguity_count': 0, 'hidden_s2r_present': False, 'root_cause_evidence': 1, 'impact_scope': 0}","{'Actionability': -0.7683498199278324, 'Clarity': 0.4390570399587614, 'Specificity': -0.7683498199278324, 'Reproducibility': -0.16464638998453549, 'ReasoningQuality': -0.16464638998453549, 'TechnicalContext': -0.7683498199278324, 'Ambiguity': 2.250167329788652, 'RepairReadiness': 1.6464638998453551, 'RootCauseEvidence': -0.16464638998453549, 'HiddenReproducibility': -0.7683498199278324, 'ImpactScope': -0.7683498199278324}"
Csv-10,Csv,1.0,1.0,"{'Actionability': 0, 'Clarity': 1, 'Specificity': 0, 'Reproducibility': 0, 'ReasoningQuality': 0, 'TechnicalContext': 0, 'Ambiguity': 0, 'RepairReadiness': 1, 'RootCauseEvidence': 1, 'HiddenReproducibility': 0, 'ImpactScope': 0}","{'repair_difficulty': 4, 'ambiguity_count': 0, 'hidden_s2r_present': False, 'root_cause_evidence': 1, 'impact_scope': 0}","{'Actionability': -0.5863019699779287, 'Clarity': 0.0, 'Specificity': -0.5863019699779287, 'Reproducibility': -0.5863019699779287, 'ReasoningQuality': -0.5863019699779287, 'TechnicalContext': -0.5863019699779287, 'Ambiguity': 2.345207879911715, 'RepairReadiness': 1.758905909933786, 'RootCauseEvidence': 0.0, 'HiddenReproducibility': -0.5863019699779287, 'ImpactScope': -0.5863019699779287}"
Csv-11,Csv,1.0,1.0,"{'Actionability': 0, 'Clarity': 1, 'Specificity': 0, 'Reproducibility': 1, 'ReasoningQuality': 1, 'TechnicalContext': 0, 'Ambiguity': 0, 'RepairReadiness': 0, 'RootCauseEvidence': 1, 'HiddenReproducibility': 0, 'ImpactScope': 0}","{'repair_difficulty': 5, 'ambiguity_count': 0, 'hidden_s2r_present': False, 'root_cause_evidence': 1, 'impact_scope': 0}","{'Actionability': -0.7017565899639198, 'Clarity': -0.15037641213512565, 'Specificity': -0.7017565899639198, 'Reproducibility': -0.15037641213512565, 'ReasoningQuality': -0.15037641213512565, 'TechnicalContext': -0.7017565899639198, 'Ambiguity': 2.055144299180051, 'RepairReadiness': 2.055144299180051, 'RootCauseEvidence': -0.15037641213512565, 'HiddenReproducibility': -0.7017565899639198, 'ImpactScope': -0.7017565899639198}"
Csv-12,Csv,1.0,1.0,"{'Actionability': 0, 'Clarity': 2, 'Specificity': 1, 'Reproducibility': 2, 'ReasoningQuality': 1, 'TechnicalContext': 0, 'Ambiguity': 2, 'RepairReadiness': 0, 'RootCauseEvidence': 2, 'HiddenReproducibility': 0, 'ImpactScope': 0}","{'repair_difficulty': 5, 'ambiguity_count': 2, 'hidden_s2r_present': False, 'root_cause_evidence': 2, 'impact_scope': 0}","{'Actionability': -0.970142500145332, 'Clarity': 0.36380343755449945, 'Specificity': -0.30316953129541624, 'Reproducibility': 0.36380343755449945, 'ReasoningQuality': -0.30316953129541624, 'TechnicalContext': -0.970142500145332, 'Ambiguity': 1.0307764064044151, 'RepairReadiness': 2.3647223441042464, 'RootCauseEvidence': 0.36380343755449945, 'HiddenReproducibility': -0.970142500145332, 'ImpactScope': -0.970142500145332}"
Csv-13,Csv,1.0,1.0,"{'Actionability': 0, 'Clarity': 3, 'Specificity': 1, 'Reproducibility': 1, 'ReasoningQuality': 1, 'TechnicalContext': 0, 'Ambiguity': 0, 'RepairReadiness': 0, 'RootCauseEvidence': 2, 'HiddenReproducibility': 0, 'ImpactScope': 0}","{'repair_difficulty': 5, 'ambiguity_count': 0, 'hidden_s2r_present': False, 'root_cause_evidence': 2, 'impact_scope': 0}","{'Actionability': -0.8977584024968697, 'Clarity': 0.7481320020807246, 'Specificity': -0.3491282676376716, 'Reproducibility': -0.3491282676376716, 'ReasoningQuality': -0.3491282676376716, 'TechnicalContext': -0.8977584024968697, 'Ambiguity': 1.8453922717991207, 'RepairReadiness': 1.8453922717991207, 'RootCauseEvidence': 0.19950186722152652, 'HiddenReproducibility': -0.8977584024968697, 'ImpactScope': -0.8977584024968697}"
Csv-14,Csv,1.0,1.0,"{'Actionability': 0, 'Clarity': 1, 'Specificity': 0, 'Reproducibility': 2, 'ReasoningQuality': 1, 'TechnicalContext': 0, 'Ambiguity': 0, 'RepairReadiness': 1, 'RootCauseEvidence': 1, 'HiddenReproducibility': 0, 'ImpactScope': 1}","{'repair_difficulty': 4, 'ambiguity_count': 0, 'hidden_s2r_present': False, 'root_cause_evidence': 1, 'impact_scope': 1}","{'Actionability': -0.8464989719746505, 'Clarity': -0.22573305919324008, 'Specificity': -0.8464989719746505, 'Reproducibility': 0.3950328535881703, 'ReasoningQuality': -0.22573305919324008, 'TechnicalContext': -0.8464989719746505, 'Ambiguity': 2.257330591932402, 'RepairReadiness': 1.6365646791509914, 'RootCauseEvidence': -0.22573305919324008, 'HiddenReproducibility': -0.8464989719746505, 'ImpactScope': -0.22573305919324008}"
Csv-15,Csv,1.0,1.0,"{'Actionability': 0, 'Clarity': 0, 'Specificity': 1, 'Reproducibility': 3, 'ReasoningQuality': 0, 'TechnicalContext': 0, 'Ambiguity': 3, 'RepairReadiness': 2, 'RootCauseEvidence': 1, 'HiddenReproducibility': 0, 'ImpactScope': 0}","{'repair_difficulty': 3, 'ambiguity_count': 3, 'hidden_s2r_present': False, 'root_cause_evidence': 1, 'impact_scope': 0}","{'Actionability': -0.7808688094430303, 'Clarity': -0.7808688094430303, 'Specificity': 0.07808688094430306, 'Reproducibility': 1.7959982617189696, 'ReasoningQuality': -0.7808688094430303, 'TechnicalContext': -0.7808688094430303, 'Ambiguity': 0.9370425713316364, 'RepairReadiness': 1.7959982617189696, 'RootCauseEvidence': 0.07808688094430306, 'HiddenReproducibility': -0.7808688094430303, 'ImpactScope': -0.7808688094430303}"
Csv-16,Csv,1.0,1.0,"{'Actionability': 0, 'Clarity': 2, 'Specificity': 1, 'Reproducibility': 2, 'ReasoningQuality': 1, 'TechnicalContext': 0, 'Ambiguity': 0, 'RepairReadiness': 1, 'RootCauseEvidence': 1, 'HiddenReproducibility': 0, 'ImpactScope': 1}","{'repair_difficulty': 4, 'ambiguity_count': 0, 'hidden_s2r_present': False, 'root_cause_evidence': 1, 'impact_scope': 1}","{'Actionability': -0.9914601339836674, 'Clarity': 0.2916059217599022, 'Specificity': -0.3499271061118826, 'Reproducibility': 0.2916059217599022, 'ReasoningQuality': -0.3499271061118826, 'TechnicalContext': -0.9914601339836674, 'Ambiguity': 2.2162050053752567, 'RepairReadiness': 1.5746719775034717, 'RootCauseEvidence': -0.3499271061118826, 'HiddenReproducibility': -0.9914601339836674, 'ImpactScope': -0.3499271061118826}"
Csv-2,Csv,1.0,1.0,"{'Actionability': 0, 'Clarity': 0, 'Specificity': 1, 'Reproducibility': 0, 'ReasoningQuality': 0, 'TechnicalContext': 0, 'Ambiguity': 0, 'RepairReadiness': 0, 'RootCauseEvidence': 1, 'HiddenReproducibility': 0, 'ImpactScope': 0}","{'repair_difficulty': 5, 'ambiguity_count': 0, 'hidden_s2r_present': False, 'root_cause_evidence': 1, 'impact_scope': 0}","{'Actionability': -0.5800418934273981, 'Clarity': -0.5800418934273981, 'Specificity': -0.048336824452283135, 'Reproducibility': -0.5800418934273981, 'ReasoningQuality': -0.5800418934273981, 'TechnicalContext': -0.5800418934273981, 'Ambiguity': 2.078483451448177, 'RepairReadiness': 2.078483451448177, 'RootCauseEvidence': -0.048336824452283135, 'HiddenReproducibility': -0.5800418934273981, 'ImpactScope': -0.5800418934273981}"
Csv-3,Csv,1.0,1.0,"{'Actionability': 0, 'Clarity': 2, 'Specificity': 0, 'Reproducibility': 2, 'ReasoningQuality': 1, 'TechnicalContext': 0, 'Ambiguity': 0, 'RepairReadiness': 1, 'RootCauseEvidence': 1, 'HiddenReproducibility': 0, 'ImpactScope': 1}","{'repair_difficulty': 4, 'ambiguity_count': 0, 'hidden_s2r_present': False, 'root_cause_evidence': 1, 'impact_scope': 1}","{'Actionability': -0.900070320740819, 'Clarity': 0.33752637027780713, 'Specificity': -0.900070320740819, 'Reproducibility': 0.33752637027780713, 'ReasoningQuality': -0.281271975231506, 'TechnicalContext': -0.900070320740819, 'Ambiguity': 2.1939214068057464, 'RepairReadiness': 1.5751230612964333, 'RootCauseEvidence': -0.281271975231506, 'HiddenReproducibility': -0.900070320740819, 'ImpactScope': -0.281271975231506}"
Csv-4,Csv,1.0,1.0,"{'Actionability': 0, 'Clarity': 0, 'Specificity': 0, 'Reproducibility': 0, 'ReasoningQuality': 1, 'TechnicalContext': 0, 'Ambiguity': 0, 'RepairReadiness': 0, 'RootCauseEvidence': 2, 'HiddenReproducibility': 0, 'ImpactScope': 0}","{'repair_difficulty': 5, 'ambiguity_count': 0, 'hidden_s2r_present': False, 'root_cause_evidence': 2, 'impact_scope': 0}","{'Actionability': -0.6225870853937484, 'Clarity': -0.6225870853937484, 'Specificity': -0.6225870853937484, 'Reproducibility': -0.6225870853937484, 'ReasoningQuality': -0.09578262852211517, 'TechnicalContext': -0.6225870853937484, 'Ambiguity': 2.011435198964418, 'RepairReadiness': 2.011435198964418, 'RootCauseEvidence': 0.4310218283495181, 'HiddenReproducibility': -0.6225870853937484, 'ImpactScope': -0.6225870853937484}"
Csv-5,Csv,1.0,1.0,"{'Actionability': 0, 'Clarity': 0, 'Specificity': 0, 'Reproducibility': 2, 'ReasoningQuality': 0, 'TechnicalContext': 0, 'Ambiguity': 1, 'RepairReadiness': 1, 'RootCauseEvidence': 1, 'HiddenReproducibility': 0, 'ImpactScope': 0}","{'repair_difficulty': 4, 'ambiguity_count': 1, 'hidden_s2r_present': False, 'root_cause_evidence': 1, 'impact_scope': 0}","{'Actionability': -0.6504436355879909, 'Clarity': -0.6504436355879909, 'Specificity': -0.6504436355879909, 'Reproducibility': 0.6504436355879909, 'ReasoningQuality': -0.6504436355879909, 'TechnicalContext': -0.6504436355879909, 'Ambiguity': 1.9513309067639726, 'RepairReadiness': 1.9513309067639726, 'RootCauseEvidence': 0.0, 'HiddenReproducibility': -0.6504436355879909, 'ImpactScope': -0.6504436355879909}"
Csv-6,Csv,1.0,1.0,"{'Actionability': 0, 'Clarity': 0, 'Specificity': 0, 'Reproducibility': 0, 'ReasoningQuality': 0, 'TechnicalContext': 0, 'Ambiguity': 0, 'RepairReadiness': 0, 'RootCauseEvidence': 0, 'HiddenReproducibility': 0, 'ImpactScope': 0}","{'repair_difficulty': 5, 'ambiguity_count': 0, 'hidden_s2r_present': False, 'root_cause_evidence': 0, 'impact_scope': 0}","{'Actionability': -0.4714045207910317, 'Clarity': -0.4714045207910317, 'Specificity': -0.4714045207910317, 'Reproducibility': -0.4714045207910317, 'ReasoningQuality': -0.4714045207910317, 'TechnicalContext': -0.4714045207910317, 'Ambiguity': 2.121320343559643, 'RepairReadiness': 2.121320343559643, 'RootCauseEvidence': -0.4714045207910317, 'HiddenReproducibility': -0.4714045207910317, 'ImpactScope': -0.4714045207910317}"
Csv-7,Csv,1.0,1.0,"{'Actionability': 0, 'Clarity': 3, 'Specificity': 0, 'Reproducibility': 3, 'ReasoningQuality': 1, 'TechnicalContext': 0, 'Ambiguity': 2, 'RepairReadiness': 2, 'RootCauseEvidence': 2, 'HiddenReproducibility': 0, 'ImpactScope': 0}","{'repair_difficulty': 3, 'ambiguity_count': 2, 'hidden_s2r_present': False, 'root_cause_evidence': 2, 'impact_scope': 0}","{'Actionability': -0.9977851578566089, 'Clarity': 1.1973421894279308, 'Specificity': -0.9977851578566089, 'Reproducibility': 1.1973421894279308, 'ReasoningQuality': -0.26607604209509567, 'TechnicalContext': -0.9977851578566089, 'Ambiguity': 1.1973421894279308, 'RepairReadiness': 1.1973421894279308, 'RootCauseEvidence': 0.4656330736664176, 'HiddenReproducibility': -0.9977851578566089, 'ImpactScope': -0.9977851578566089}"
Csv-8,Csv,1.0,1.0,"{'Actionability': 0, 'Clarity': 1, 'Specificity': 1, 'Reproducibility': 1, 'ReasoningQuality': 0, 'TechnicalContext': 0, 'Ambiguity': 0, 'RepairReadiness': 0, 'RootCauseEvidence': 1, 'HiddenReproducibility': 0, 'ImpactScope': 0}","{'repair_difficulty': 5, 'ambiguity_count': 0, 'hidden_s2r_present': False, 'root_cause_evidence': 1, 'impact_scope': 0}","{'Actionability': -0.7017565899639198, 'Clarity': -0.15037641213512565, 'Specificity': -0.15037641213512565, 'Reproducibility': -0.15037641213512565, 'ReasoningQuality': -0.7017565899639198, 'TechnicalContext': -0.7017565899639198, 'Ambiguity': 2.055144299180051, 'RepairReadiness': 2.055144299180051, 'RootCauseEvidence': -0.15037641213512565, 'HiddenReproducibility': -0.7017565899639198, 'ImpactScope': -0.7017565899639198}"
Csv-9,Csv,1.0,1.0,"{'Actionability': 0, 'Clarity': 0, 'Specificity': 0, 'Reproducibility': 0, 'ReasoningQuality': 0, 'TechnicalContext': 0, 'Ambiguity': 0, 'RepairReadiness': 0, 'RootCauseEvidence': 1, 'HiddenReproducibility': 0, 'ImpactScope': 0}","{'repair_difficulty': 5, 'ambiguity_count': 0, 'hidden_s2r_present': False, 'root_cause_evidence': 1, 'impact_scope': 0}","{'Actionability': -0.5244044240850757, 'Clarity': -0.5244044240850757, 'Specificity': -0.5244044240850757, 'Reproducibility': -0.5244044240850757, 'ReasoningQuality': -0.5244044240850757, 'TechnicalContext': -0.5244044240850757, 'Ambiguity': 2.097617696340303, 'RepairReadiness': 2.097617696340303, 'RootCauseEvidence': 0.0, 'HiddenReproducibility': -0.5244044240850757, 'ImpactScope': -0.5244044240850757}"
Gson-1,Gson,1.0,1.0,"{'Actionability': 4, 'Clarity': 2, 'Specificity': 1, 'Reproducibility': 1, 'ReasoningQuality': 2, 'TechnicalContext': 0, 'Ambiguity': 3, 'RepairReadiness': 1, 'RootCauseEvidence': 1, 'HiddenReproducibility': 1, 'ImpactScope': 1}","{'repair_difficulty': 4, 'ambiguity_count': 3, 'hidden_s2r_present': True, 'root_cause_evidence': 1, 'impact_scope': 1}","{'Actionability': 1.8738292224896533, 'Clarity': 0.2248595066987584, 'Specificity': -0.5996253511966891, 'Reproducibility': -0.5996253511966891, 'ReasoningQuality': 0.2248595066987584, 'TechnicalContext': -1.4241102090921367, 'Ambiguity': 0.2248595066987584, 'RepairReadiness': 1.8738292224896533, 'RootCauseEvidence': -0.5996253511966891, 'HiddenReproducibility': -0.5996253511966891, 'ImpactScope': -0.5996253511966891}"
Gson-10,Gson,1.0,1.0,"{'Actionability': 0, 'Clarity': 1, 'Specificity': 2, 'Reproducibility': 3, 'ReasoningQuality': 1, 'TechnicalContext': 0, 'Ambiguity': 1, 'RepairReadiness': 4, 'RootCauseEvidence': 1, 'HiddenReproducibility': 0, 'ImpactScope': 0}","{'repair_difficulty': 1, 'ambiguity_count': 1, 'hidden_s2r_present': False, 'root_cause_evidence': 1, 'impact_scope': 0}","{'Actionability': -0.9333456062030596, 'Clarity': -0.14359163172354766, 'Specificity': 0.6461623427559643, 'Reproducibility': 1.435916317235476, 'ReasoningQuality': -0.14359163172354766, 'TechnicalContext': -0.9333456062030596, 'Ambiguity': 2.225670291714988, 'RepairReadiness': -0.14359163172354766, 'RootCauseEvidence': -0.14359163172354766, 'HiddenReproducibility': -0.9333456062030596, 'ImpactScope': -0.9333456062030596}"
Gson-11,Gson,1.0,1.0,"{'Actionability': 0, 'Clarity': 0, 'Specificity': 0, 'Reproducibility': 0, 'ReasoningQuality': 0, 'TechnicalContext': 0, 'Ambiguity': 0, 'RepairReadiness': 1, 'RootCauseEvidence': 1, 'HiddenReproducibility': 0, 'ImpactScope': 0}","{'repair_difficulty': 4, 'ambiguity_count': 0, 'hidden_s2r_present': False, 'root_cause_evidence': 1, 'impact_scope': 0}","{'Actionability': -0.5255883312276367, 'Clarity': -0.5255883312276367, 'Specificity': -0.5255883312276367, 'Reproducibility': -0.5255883312276367, 'ReasoningQuality': -0.5255883312276367, 'TechnicalContext': -0.5255883312276367, 'Ambiguity': 2.3651474905243655, 'RepairReadiness': 1.7870003261739649, 'RootCauseEvidence': 0.052558833122763694, 'HiddenReproducibility': -0.5255883312276367, 'ImpactScope': -0.5255883312276367}"
Gson-12,Gson,1.0,1.0,"{'Actionability': 0, 'Clarity': 2, 'Specificity': 0, 'Reproducibility': 1, 'ReasoningQuality': 1, 'TechnicalContext': 0, 'Ambiguity': 0, 'RepairReadiness': 0, 'RootCauseEvidence': 1, 'HiddenReproducibility': 0, 'ImpactScope': 0}","{'repair_difficulty': 5, 'ambiguity_count': 0, 'hidden_s2r_present': False, 'root_cause_evidence': 1, 'impact_scope': 0}","{'Actionability': -0.7481320020807246, 'Clarity': 0.3491282676376716, 'Specificity': -0.7481320020807246, 'Reproducibility': -0.19950186722152652, 'ReasoningQuality': -0.19950186722152652, 'TechnicalContext': -0.7481320020807246, 'Ambiguity': 1.995018672215266, 'RepairReadiness': 1.995018672215266, 'RootCauseEvidence': -0.19950186722152652, 'HiddenReproducibility': -0.7481320020807246, 'ImpactScope': -0.7481320020807246}"
Gson-13,Gson,1.0,1.0,"{'Actionability': 0, 'Clarity': 2, 'Specificity': 1, 'Reproducibility': 1, 'ReasoningQuality': 1, 'TechnicalContext': 0, 'Ambiguity': 0, 'RepairReadiness': 3, 'RootCauseEvidence': 2, 'HiddenReproducibility': 0, 'ImpactScope': 1}","{'repair_difficulty': 2, 'ambiguity_count': 0, 'hidden_s2r_present': False, 'root_cause_evidence': 2, 'impact_scope': 1}","{'Actionability': -0.9977851578566089, 'Clarity': 0.4656330736664176, 'Specificity': -0.26607604209509567, 'Reproducibility': -0.26607604209509567, 'ReasoningQuality': -0.26607604209509567, 'TechnicalContext': -0.9977851578566089, 'Ambiguity': 2.6607604209509574, 'RepairReadiness': 0.4656330736664176, 'RootCauseEvidence': 0.4656330736664176, 'HiddenReproducibility': -0.9977851578566089, 'ImpactScope': -0.26607604209509567}"
Gson-14,Gson,1.0,1.0,"{'Actionability': 0, 'Clarity': 2, 'Specificity': 0, 'Reproducibility': 1, 'ReasoningQuality': 1, 'TechnicalContext': 1, 'Ambiguity': 0, 'RepairReadiness': 3, 'RootCauseEvidence': 3, 'HiddenReproducibility': 0, 'ImpactScope': 0}","{'repair_difficulty': 2, 'ambiguity_count': 0, 'hidden_s2r_present': False, 'root_cause_evidence': 3, 'impact_scope': 0}","{'Actionability': -0.9128709291752768, 'Clarity': 0.4260064336151293, 'Specificity': -0.9128709291752768, 'Reproducibility': -0.24343224778007377, 'ReasoningQuality': -0.24343224778007377, 'TechnicalContext': -0.24343224778007377, 'Ambiguity': 2.4343224778007384, 'RepairReadiness': 0.4260064336151293, 'RootCauseEvidence': 1.0954451150103324, 'HiddenReproducibility': -0.9128709291752768, 'ImpactScope': -0.9128709291752768}"
Gson-15,Gson,1.0,1.0,"{'Actionability': 0, 'Clarity': 0, 'Specificity': 0, 'Reproducibility': 0, 'ReasoningQuality': 0, 'TechnicalContext': 0, 'Ambiguity': 0, 'RepairReadiness': 0, 'RootCauseEvidence': 0, 'HiddenReproducibility': 0, 'ImpactScope': 0}","{'repair_difficulty': 5, 'ambiguity_count': 0, 'hidden_s2r_present': False, 'root_cause_evidence': 0, 'impact_scope': 0}","{'Actionability': -0.4714045207910317, 'Clarity': -0.4714045207910317, 'Specificity': -0.4714045207910317, 'Reproducibility': -0.4714045207910317, 'ReasoningQuality': -0.4714045207910317, 'TechnicalContext': -0.4714045207910317, 'Ambiguity': 2.121320343559643, 'RepairReadiness': 2.121320343559643, 'RootCauseEvidence': -0.4714045207910317, 'HiddenReproducibility': -0.4714045207910317, 'ImpactScope': -0.4714045207910317}"
Gson-16,Gson,1.0,1.0,"{'Actionability': 0, 'Clarity': 0, 'Specificity': 0, 'Reproducibility': 0, 'ReasoningQuality': 0, 'TechnicalContext': 0, 'Ambiguity': 0, 'RepairReadiness': 1, 'RootCauseEvidence': 0, 'HiddenReproducibility': 0, 'ImpactScope': 0}","{'repair_difficulty': 4, 'ambiguity_count': 0, 'hidden_s2r_present': False, 'root_cause_evidence': 0, 'impact_scope': 0}","{'Actionability': -0.46788772041903276, 'Clarity': -0.46788772041903276, 'Specificity': -0.46788772041903276, 'Reproducibility': -0.46788772041903276, 'ReasoningQuality': -0.46788772041903276, 'TechnicalContext': -0.46788772041903276, 'Ambiguity': 2.391426126586167, 'RepairReadiness': 1.819563357185127, 'RootCauseEvidence': -0.46788772041903276, 'HiddenReproducibility': -0.46788772041903276, 'ImpactScope': -0.46788772041903276}"
Gson-17,Gson,1.0,1.0,"{'Actionability': 0, 'Clarity': 1, 'Specificity': 0, 'Reproducibility': 0, 'ReasoningQuality': 0, 'TechnicalContext': 0, 'Ambiguity': 0, 'RepairReadiness': 0, 'RootCauseEvidence': 0, 'HiddenReproducibility': 0, 'ImpactScope': 0}","{'repair_difficulty': 5, 'ambiguity_count': 0, 'hidden_s2r_present': False, 'root_cause_evidence': 0, 'impact_scope': 0}","{'Actionability': -0.5244044240850757, 'Clarity': 0.0, 'Specificity': -0.5244044240850757, 'Reproducibility': -0.5244044240850757, 'ReasoningQuality': -0.5244044240850757, 'TechnicalContext': -0.5244044240850757, 'Ambiguity': 2.097617696340303, 'RepairReadiness': 2.097617696340303, 'RootCauseEvidence': -0.5244044240850757, 'HiddenReproducibility': -0.5244044240850757, 'ImpactScope': -0.5244044240850757}"
Gson-18,Gson,1.0,1.0,"{'Actionability': 0, 'Clarity': 1, 'Specificity': 0, 'Reproducibility': 0, 'ReasoningQuality': 1, 'TechnicalContext': 0, 'Ambiguity': 0, 'RepairReadiness': 1, 'RootCauseEvidence': 2, 'HiddenReproducibility': 0, 'ImpactScope': 0}","{'repair_difficulty': 4, 'ambiguity_count': 0, 'hidden_s2r_present': False, 'root_cause_evidence': 2, 'impact_scope': 0}","{'Actionability': -0.6968731476445666, 'Clarity': -0.10721125348377952, 'Specificity': -0.6968731476445666, 'Reproducibility': -0.6968731476445666, 'ReasoningQuality': -0.10721125348377952, 'TechnicalContext': -0.6968731476445666, 'Ambiguity': 2.251436323159369, 'RepairReadiness': 1.661774428998582, 'RootCauseEvidence': 0.48245064067700766, 'HiddenReproducibility': -0.6968731476445666, 'ImpactScope': -0.6968731476445666}"
Gson-2,Gson,1.0,1.0,"{'Actionability': 0, 'Clarity': 1, 'Specificity': 0, 'Reproducibility': 1, 'ReasoningQuality': 1, 'TechnicalContext': 0, 'Ambiguity': 0, 'RepairReadiness': 1, 'RootCauseEvidence': 1, 'HiddenReproducibility': 0, 'ImpactScope': 0}","{'repair_difficulty': 4, 'ambiguity_count': 0, 'hidden_s2r_present': False, 'root_cause_evidence': 1, 'impact_scope': 0}","{'Actionability': -0.7200034083082247, 'Clarity': -0.1107697551243423, 'Specificity': -0.7200034083082247, 'Reproducibility': -0.1107697551243423, 'ReasoningQuality': -0.1107697551243423, 'TechnicalContext': -0.7200034083082247, 'Ambiguity': 2.3261648576111877, 'RepairReadiness': 1.716931204427305, 'RootCauseEvidence': -0.1107697551243423, 'HiddenReproducibility': -0.7200034083082247, 'ImpactScope': -0.7200034083082247}"
Gson-3,Gson,1.0,1.0,"{'Actionability': 4, 'Clarity': 3, 'Specificity': 3, 'Reproducibility': 3, 'ReasoningQuality': 3, 'TechnicalContext': 0, 'Ambiguity': 4, 'RepairReadiness': 2, 'RootCauseEvidence': 1, 'HiddenReproducibility': 1, 'ImpactScope': 1}","{'repair_difficulty': 3, 'ambiguity_count': 4, 'hidden_s2r_present': True, 'root_cause_evidence': 1, 'impact_scope': 1}","{'Actionability': 1.5397947077242098, 'Clarity': 0.7332355751067665, 'Specificity': 0.7332355751067665, 'Reproducibility': 0.7332355751067665, 'ReasoningQuality': 0.7332355751067665, 'TechnicalContext': -1.6864418227455629, 'Ambiguity': -0.8798826901281197, 'RepairReadiness': 0.7332355751067665, 'RootCauseEvidence': -0.8798826901281197, 'HiddenReproducibility': -0.8798826901281197, 'ImpactScope': -0.8798826901281197}"
Gson-4,Gson,1.0,1.0,"{'Actionability': 0, 'Clarity': 1, 'Specificity': 0, 'Reproducibility': 1, 'ReasoningQuality': 1, 'TechnicalContext': 0, 'Ambiguity': 0, 'RepairReadiness': 0, 'RootCauseEvidence': 1, 'HiddenReproducibility': 0, 'ImpactScope': 0}","{'repair_difficulty': 5, 'ambiguity_count': 0, 'hidden_s2r_present': False, 'root_cause_evidence': 1, 'impact_scope': 0}","{'Actionability': -0.7017565899639198, 'Clarity': -0.15037641213512565, 'Specificity': -0.7017565899639198, 'Reproducibility': -0.15037641213512565, 'ReasoningQuality': -0.15037641213512565, 'TechnicalContext': -0.7017565899639198, 'Ambiguity': 2.055144299180051, 'RepairReadiness': 2.055144299180051, 'RootCauseEvidence': -0.15037641213512565, 'HiddenReproducibility': -0.7017565899639198, 'ImpactScope': -0.7017565899639198}"
Gson-5,Gson,1.0,1.0,"{'Actionability': 0, 'Clarity': 0, 'Specificity': 0, 'Reproducibility': 0, 'ReasoningQuality': 0, 'TechnicalContext': 0, 'Ambiguity': 0, 'RepairReadiness': 0, 'RootCauseEvidence': 0, 'HiddenReproducibility': 0, 'ImpactScope': 0}","{'repair_difficulty': 5, 'ambiguity_count': 0, 'hidden_s2r_present': False, 'root_cause_evidence': 0, 'impact_scope': 0}","{'Actionability': -0.4714045207910317, 'Clarity': -0.4714045207910317, 'Specificity': -0.4714045207910317, 'Reproducibility': -0.4714045207910317, 'ReasoningQuality': -0.4714045207910317, 'TechnicalContext': -0.4714045207910317, 'Ambiguity': 2.121320343559643, 'RepairReadiness': 2.121320343559643, 'RootCauseEvidence': -0.4714045207910317, 'HiddenReproducibility': -0.4714045207910317, 'ImpactScope': -0.4714045207910317}"
Gson-6,Gson,1.0,1.0,"{'Actionability': 0, 'Clarity': 0, 'Specificity': 0, 'Reproducibility': 0, 'ReasoningQuality': 0, 'TechnicalContext': 0, 'Ambiguity': 0, 'RepairReadiness': 0, 'RootCauseEvidence': 2, 'HiddenReproducibility': 0, 'ImpactScope': 1}","{'repair_difficulty': 5, 'ambiguity_count': 0, 'hidden_s2r_present': False, 'root_cause_evidence': 2, 'impact_scope': 1}","{'Actionability': -0.6225870853937484, 'Clarity': -0.6225870853937484, 'Specificity': -0.6225870853937484, 'Reproducibility': -0.6225870853937484, 'ReasoningQuality': -0.6225870853937484, 'TechnicalContext': -0.6225870853937484, 'Ambiguity': 2.011435198964418, 'RepairReadiness': 2.011435198964418, 'RootCauseEvidence': 0.4310218283495181, 'HiddenReproducibility': -0.6225870853937484, 'ImpactScope': -0.09578262852211517}"
Gson-7,Gson,1.0,1.0,"{'Actionability': 4, 'Clarity': 2, 'Specificity': 2, 'Reproducibility': 3, 'ReasoningQuality': 2, 'TechnicalContext': 0, 'Ambiguity': 3, 'RepairReadiness': 2, 'RootCauseEvidence': 1, 'HiddenReproducibility': 1, 'ImpactScope': 1}","{'repair_difficulty': 3, 'ambiguity_count': 3, 'hidden_s2r_present': True, 'root_cause_evidence': 1, 'impact_scope': 1}","{'Actionability': 1.930117124082385, 'Clarity': 0.08391813582966884, 'Specificity': 0.08391813582966884, 'Reproducibility': 1.007017629956027, 'ReasoningQuality': 0.08391813582966884, 'TechnicalContext': -1.7622808524230473, 'Ambiguity': 0.08391813582966884, 'RepairReadiness': 1.007017629956027, 'RootCauseEvidence': -0.8391813582966892, 'HiddenReproducibility': -0.8391813582966892, 'ImpactScope': -0.8391813582966892}"
Gson-8,Gson,1.0,1.0,"{'Actionability': 0, 'Clarity': 2, 'Specificity': 1, 'Reproducibility': 2, 'ReasoningQuality': 1, 'TechnicalContext': 0, 'Ambiguity': 0, 'RepairReadiness': 1, 'RootCauseEvidence': 1, 'HiddenReproducibility': 0, 'ImpactScope': 0}","{'repair_difficulty': 4, 'ambiguity_count': 0, 'hidden_s2r_present': False, 'root_cause_evidence': 1, 'impact_scope': 0}","{'Actionability': -0.900070320740819, 'Clarity': 0.33752637027780713, 'Specificity': -0.281271975231506, 'Reproducibility': 0.33752637027780713, 'ReasoningQuality': -0.281271975231506, 'TechnicalContext': -0.900070320740819, 'Ambiguity': 2.1939214068057464, 'RepairReadiness': 1.5751230612964333, 'RootCauseEvidence': -0.281271975231506, 'HiddenReproducibility': -0.900070320740819, 'ImpactScope': -0.900070320740819}"
Gson-9,Gson,1.0,1.0,"{'Actionability': 0, 'Clarity': 1, 'Specificity': 0, 'Reproducibility': 2, 'ReasoningQuality': 1, 'TechnicalContext': 0, 'Ambiguity': 0, 'RepairReadiness': 1, 'RootCauseEvidence': 1, 'HiddenReproducibility': 1, 'ImpactScope': 0}","{'repair_difficulty': 4, 'ambiguity_count': 0, 'hidden_s2r_present': True, 'root_cause_evidence': 1, 'impact_scope': 0}","{'Actionability': -0.8464989719746505, 'Clarity': -0.22573305919324008, 'Specificity': -0.8464989719746505, 'Reproducibility': 0.3950328535881703, 'ReasoningQuality': -0.22573305919324008, 'TechnicalContext': -0.8464989719746505, 'Ambiguity': 2.257330591932402, 'RepairReadiness': 1.6365646791509914, 'RootCauseEvidence': -0.22573305919324008, 'HiddenReproducibility': -0.22573305919324008, 'ImpactScope': -0.8464989719746505}"
JacksonCore-1,JacksonCore,1.0,1.0,"{'Actionability': 5, 'Clarity': 2, 'Specificity': 1, 'Reproducibility': 3, 'ReasoningQuality': 3, 'TechnicalContext': 0, 'Ambiguity': 3, 'RepairReadiness': 1, 'RootCauseEvidence': 1, 'HiddenReproducibility': 0, 'ImpactScope': 1}","{'repair_difficulty': 4, 'ambiguity_count': 3, 'hidden_s2r_present': False, 'root_cause_evidence': 1, 'impact_scope': 1}","{'Actionability': 1.9513309067639726, 'Clarity': 0.0, 'Specificity': -0.6504436355879909, 'Reproducibility': 0.6504436355879909, 'ReasoningQuality': 0.6504436355879909, 'TechnicalContext': -1.3008872711759818, 'Ambiguity': 0.0, 'RepairReadiness': 1.3008872711759818, 'RootCauseEvidence': -0.6504436355879909, 'HiddenReproducibility': -1.3008872711759818, 'ImpactScope': -0.6504436355879909}"
JacksonCore-10,JacksonCore,1.0,1.0,"{'Actionability': 2, 'Clarity': 3, 'Specificity': 2, 'Reproducibility': 3, 'ReasoningQuality': 1, 'TechnicalContext': 0, 'Ambiguity': 2, 'RepairReadiness': 2, 'RootCauseEvidence': 2, 'HiddenReproducibility': 1, 'ImpactScope': 0}","{'repair_difficulty': 3, 'ambiguity_count': 2, 'hidden_s2r_present': True, 'root_cause_evidence': 2, 'impact_scope': 0}","{'Actionability': 0.16329931618554527, 'Clarity': 1.061445555206044, 'Specificity': 0.16329931618554527, 'Reproducibility': 1.061445555206044, 'ReasoningQuality': -0.7348469228349535, 'TechnicalContext': -1.632993161855452, 'Ambiguity': 1.061445555206044, 'RepairReadiness': 1.061445555206044, 'RootCauseEvidence': 0.16329931618554527, 'HiddenReproducibility': -0.7348469228349535, 'ImpactScope': -1.632993161855452}"
JacksonCore-11,JacksonCore,1.0,1.0,"{'Actionability': 0, 'Clarity': 2, 'Specificity': 0, 'Reproducibility': 3, 'ReasoningQuality': 1, 'TechnicalContext': 0, 'Ambiguity': 1, 'RepairReadiness': 1, 'RootCauseEvidence': 1, 'HiddenReproducibility': 0, 'ImpactScope': 0}","{'repair_difficulty': 4, 'ambiguity_count': 1, 'hidden_s2r_present': False, 'root_cause_evidence': 1, 'impact_scope': 0}","{'Actionability': -0.8778086039709792, 'Clarity': 0.40964401518645704, 'Specificity': -0.8778086039709792, 'Reproducibility': 1.0533703247651751, 'ReasoningQuality': -0.23408229439226108, 'TechnicalContext': -0.8778086039709792, 'Ambiguity': 1.6970966343438934, 'RepairReadiness': 1.6970966343438934, 'RootCauseEvidence': -0.23408229439226108, 'HiddenReproducibility': -0.8778086039709792, 'ImpactScope': -0.8778086039709792}"
JacksonCore-12,JacksonCore,1.0,1.0,"{'Actionability': 0, 'Clarity': 1, 'Specificity': 1, 'Reproducibility': 1, 'ReasoningQuality': 1, 'TechnicalContext': 0, 'Ambiguity': 0, 'RepairReadiness': 1, 'RootCauseEvidence': 1, 'HiddenReproducibility': 0, 'ImpactScope': 0}","{'repair_difficulty': 4, 'ambiguity_count': 0, 'hidden_s2r_present': False, 'root_cause_evidence': 1, 'impact_scope': 0}","{'Actionability': -0.7951465679458908, 'Clarity': -0.17038855027411945, 'Specificity': -0.17038855027411945, 'Reproducibility': -0.17038855027411945, 'ReasoningQuality': -0.17038855027411945, 'TechnicalContext': -0.7951465679458908, 'Ambiguity': 2.328643520412966, 'RepairReadiness': 1.7038855027411945, 'RootCauseEvidence': -0.17038855027411945, 'HiddenReproducibility': -0.7951465679458908, 'ImpactScope': -0.7951465679458908}"
JacksonCore-13,JacksonCore,1.0,1.0,"{'Actionability': 0, 'Clarity': 0, 'Specificity': 0, 'Reproducibility': 0, 'ReasoningQuality': 0, 'TechnicalContext': 0, 'Ambiguity': 0, 'RepairReadiness': 0, 'RootCauseEvidence': 0, 'HiddenReproducibility': 0, 'ImpactScope': 0}","{'repair_difficulty': 5, 'ambiguity_count': 0, 'hidden_s2r_present': False, 'root_cause_evidence': 0, 'impact_scope': 0}","{'Actionability': -0.4714045207910317, 'Clarity': -0.4714045207910317, 'Specificity': -0.4714045207910317, 'Reproducibility': -0.4714045207910317, 'ReasoningQuality': -0.4714045207910317, 'TechnicalContext': -0.4714045207910317, 'Ambiguity': 2.121320343559643, 'RepairReadiness': 2.121320343559643, 'RootCauseEvidence': -0.4714045207910317, 'HiddenReproducibility': -0.4714045207910317, 'ImpactScope': -0.4714045207910317}"
JacksonCore-14,JacksonCore,1.0,1.0,"{'Actionability': 1, 'Clarity': 0, 'Specificity': 1, 'Reproducibility': 0, 'ReasoningQuality': 0, 'TechnicalContext': 0, 'Ambiguity': 0, 'RepairReadiness': 1, 'RootCauseEvidence': 1, 'HiddenReproducibility': 0, 'ImpactScope': 0}","{'repair_difficulty': 4, 'ambiguity_count': 0, 'hidden_s2r_present': False, 'root_cause_evidence': 1, 'impact_scope': 0}","{'Actionability': -0.05423261445466399, 'Clarity': -0.6507913734559684, 'Specificity': -0.05423261445466399, 'Reproducibility': -0.6507913734559684, 'ReasoningQuality': -0.6507913734559684, 'TechnicalContext': -0.6507913734559684, 'Ambiguity': 2.3320024215505537, 'RepairReadiness': 1.7354436625492493, 'RootCauseEvidence': -0.05423261445466399, 'HiddenReproducibility': -0.6507913734559684, 'ImpactScope': -0.6507913734559684}"
JacksonCore-15,JacksonCore,1.0,1.0,"{'Actionability': 2, 'Clarity': 0, 'Specificity': 1, 'Reproducibility': 0, 'ReasoningQuality': 0, 'TechnicalContext': 0, 'Ambiguity': 0, 'RepairReadiness': 1, 'RootCauseEvidence': 1, 'HiddenReproducibility': 0, 'ImpactScope': 0}","{'repair_difficulty': 4, 'ambiguity_count': 0, 'hidden_s2r_present': False, 'root_cause_evidence': 1, 'impact_scope': 0}","{'Actionability': 0.48245064067700766, 'Clarity': -0.6968731476445666, 'Specificity': -0.10721125348377952, 'Reproducibility': -0.6968731476445666, 'ReasoningQuality': -0.6968731476445666, 'TechnicalContext': -0.6968731476445666, 'Ambiguity': 2.251436323159369, 'RepairReadiness': 1.661774428998582, 'RootCauseEvidence': -0.10721125348377952, 'HiddenReproducibility': -0.6968731476445666, 'ImpactScope': -0.6968731476445666}"
JacksonCore-16,JacksonCore,1.0,1.0,"{'Actionability': 0, 'Clarity': 1, 'Specificity': 1, 'Reproducibility': 1, 'ReasoningQuality': 1, 'TechnicalContext': 0, 'Ambiguity': 0, 'RepairReadiness': 0, 'RootCauseEvidence': 2, 'HiddenReproducibility': 0, 'ImpactScope': 0}","{'repair_difficulty': 5, 'ambiguity_count': 0, 'hidden_s2r_present': False, 'root_cause_evidence': 2, 'impact_scope': 0}","{'Actionability': -0.8186312161546414, 'Clarity': -0.25582225504832545, 'Specificity': -0.25582225504832545, 'Reproducibility': -0.25582225504832545, 'ReasoningQuality': -0.25582225504832545, 'TechnicalContext': -0.8186312161546414, 'Ambiguity': 1.9954135893769382, 'RepairReadiness': 1.9954135893769382, 'RootCauseEvidence': 0.3069867060579905, 'HiddenReproducibility': -0.8186312161546414, 'ImpactScope': -0.8186312161546414}"
JacksonCore-17,JacksonCore,1.0,1.0,"{'Actionability': 0, 'Clarity': 0, 'Specificity': 0, 'Reproducibility': 0, 'ReasoningQuality': 0, 'TechnicalContext': 0, 'Ambiguity': 0, 'RepairReadiness': 0, 'RootCauseEvidence': 0, 'HiddenReproducibility': 0, 'ImpactScope': 0}","{'repair_difficulty': 5, 'ambiguity_count': 0, 'hidden_s2r_present': False, 'root_cause_evidence': 0, 'impact_scope': 0}","{'Actionability': -0.4714045207910317, 'Clarity': -0.4714045207910317, 'Specificity': -0.4714045207910317, 'Reproducibility': -0.4714045207910317, 'ReasoningQuality': -0.4714045207910317, 'TechnicalContext': -0.4714045207910317, 'Ambiguity': 2.121320343559643, 'RepairReadiness': 2.121320343559643, 'RootCauseEvidence': -0.4714045207910317, 'HiddenReproducibility': -0.4714045207910317, 'ImpactScope': -0.4714045207910317}"
JacksonCore-18,JacksonCore,1.0,1.0,"{'Actionability': 5, 'Clarity': 2, 'Specificity': 1, 'Reproducibility': 2, 'ReasoningQuality': 4, 'TechnicalContext': 0, 'Ambiguity': 2, 'RepairReadiness': 1, 'RootCauseEvidence': 1, 'HiddenReproducibility': 1, 'ImpactScope': 1}","{'repair_difficulty': 4, 'ambiguity_count': 2, 'hidden_s2r_present': True, 'root_cause_evidence': 1, 'impact_scope': 1}","{'Actionability': 1.8460231359437824, 'Clarity': -0.11909826683508262, 'Specificity': -0.7741387344280377, 'Reproducibility': -0.11909826683508262, 'ReasoningQuality': 1.1909826683508273, 'TechnicalContext': -1.4291792020209926, 'Ambiguity': 0.5359422007578724, 'RepairReadiness': 1.1909826683508273, 'RootCauseEvidence': -0.7741387344280377, 'HiddenReproducibility': -0.7741387344280377, 'ImpactScope': -0.7741387344280377}"
JacksonCore-19,JacksonCore,1.0,1.0,"{'Actionability': 0, 'Clarity': 1, 'Specificity': 1, 'Reproducibility': 1, 'ReasoningQuality': 1, 'TechnicalContext': 0, 'Ambiguity': 0, 'RepairReadiness': 1, 'RootCauseEvidence': 1, 'HiddenReproducibility': 0, 'ImpactScope': 0}","{'repair_difficulty': 4, 'ambiguity_count': 0, 'hidden_s2r_present': False, 'root_cause_evidence': 1, 'impact_scope': 0}","{'Actionability': -0.7951465679458908, 'Clarity': -0.17038855027411945, 'Specificity': -0.17038855027411945, 'Reproducibility': -0.17038855027411945, 'ReasoningQuality': -0.17038855027411945, 'TechnicalContext': -0.7951465679458908, 'Ambiguity': 2.328643520412966, 'RepairReadiness': 1.7038855027411945, 'RootCauseEvidence': -0.17038855027411945, 'HiddenReproducibility': -0.7951465679458908, 'ImpactScope': -0.7951465679458908}"
JacksonCore-2,JacksonCore,1.0,1.0,"{'Actionability': 0, 'Clarity': 1, 'Specificity': 0, 'Reproducibility': 1, 'ReasoningQuality': 1, 'TechnicalContext': 0, 'Ambiguity': 0, 'RepairReadiness': 0, 'RootCauseEvidence': 1, 'HiddenReproducibility': 0, 'ImpactScope': 0}","{'repair_difficulty': 5, 'ambiguity_count': 0, 'hidden_s2r_present': False, 'root_cause_evidence': 1, 'impact_scope': 0}","{'Actionability': -0.7017565899639198, 'Clarity': -0.15037641213512565, 'Specificity': -0.7017565899639198, 'Reproducibility': -0.15037641213512565, 'ReasoningQuality': -0.15037641213512565, 'TechnicalContext': -0.7017565899639198, 'Ambiguity': 2.055144299180051, 'RepairReadiness': 2.055144299180051, 'RootCauseEvidence': -0.15037641213512565, 'HiddenReproducibility': -0.7017565899639198, 'ImpactScope': -0.7017565899639198}"
JacksonCore-20,JacksonCore,1.0,1.0,"{'Actionability': 1, 'Clarity': 2, 'Specificity': 1, 'Reproducibility': 1, 'ReasoningQuality': 1, 'TechnicalContext': 0, 'Ambiguity': 0, 'RepairReadiness': 2, 'RootCauseEvidence': 1, 'HiddenReproducibility': 0, 'ImpactScope': 0}","{'repair_difficulty': 3, 'ambiguity_count': 0, 'hidden_s2r_present': False, 'root_cause_evidence': 1, 'impact_scope': 0}","{'Actionability': -0.25400025400038095, 'Clarity': 0.44450044450066684, 'Specificity': -0.25400025400038095, 'Reproducibility': -0.25400025400038095, 'ReasoningQuality': -0.25400025400038095, 'TechnicalContext': -0.9525009525014287, 'Ambiguity': 2.5400025400038104, 'RepairReadiness': 1.1430011430017146, 'RootCauseEvidence': -0.25400025400038095, 'HiddenReproducibility': -0.9525009525014287, 'ImpactScope': -0.9525009525014287}"
JacksonCore-21,JacksonCore,1.0,1.0,"{'Actionability': 0, 'Clarity': 1, 'Specificity': 0, 'Reproducibility': 1, 'ReasoningQuality': 1, 'TechnicalContext': 0, 'Ambiguity': 0, 'RepairReadiness': 0, 'RootCauseEvidence': 1, 'HiddenReproducibility': 0, 'ImpactScope': 0}","{'repair_difficulty': 5, 'ambiguity_count': 0, 'hidden_s2r_present': False, 'root_cause_evidence': 1, 'impact_scope': 0}","{'Actionability': -0.7017565899639198, 'Clarity': -0.15037641213512565, 'Specificity': -0.7017565899639198, 'Reproducibility': -0.15037641213512565, 'ReasoningQuality': -0.15037641213512565, 'TechnicalContext': -0.7017565899639198, 'Ambiguity': 2.055144299180051, 'RepairReadiness': 2.055144299180051, 'RootCauseEvidence': -0.15037641213512565, 'HiddenReproducibility': -0.7017565899639198, 'ImpactScope': -0.7017565899639198}"
JacksonCore-22,JacksonCore,1.0,1.0,"{'Actionability': 2, 'Clarity': 0, 'Specificity': 1, 'Reproducibility': 0, 'ReasoningQuality': 0, 'TechnicalContext': 0, 'Ambiguity': 0, 'RepairReadiness': 1, 'RootCauseEvidence': 1, 'HiddenReproducibility': 0, 'ImpactScope': 0}","{'repair_difficulty': 4, 'ambiguity_count': 0, 'hidden_s2r_present': False, 'root_cause_evidence': 1, 'impact_scope': 0}","{'Actionability': 0.48245064067700766, 'Clarity': -0.6968731476445666, 'Specificity': -0.10721125348377952, 'Reproducibility': -0.6968731476445666, 'ReasoningQuality': -0.6968731476445666, 'TechnicalContext': -0.6968731476445666, 'Ambiguity': 2.251436323159369, 'RepairReadiness': 1.661774428998582, 'RootCauseEvidence': -0.10721125348377952, 'HiddenReproducibility': -0.6968731476445666, 'ImpactScope': -0.6968731476445666}"
JacksonCore-23,JacksonCore,1.0,1.0,"{'Actionability': 0, 'Clarity': 2, 'Specificity': 1, 'Reproducibility': 1, 'ReasoningQuality': 1, 'TechnicalContext': 0, 'Ambiguity': 0, 'RepairReadiness': 1, 'RootCauseEvidence': 1, 'HiddenReproducibility': 0, 'ImpactScope': 0}","{'repair_difficulty': 4, 'ambiguity_count': 0, 'hidden_s2r_present': False, 'root_cause_evidence': 1, 'impact_scope': 0}","{'Actionability': -0.8464989719746505, 'Clarity': 0.3950328535881703, 'Specificity': -0.22573305919324008, 'Reproducibility': -0.22573305919324008, 'ReasoningQuality': -0.22573305919324008, 'TechnicalContext': -0.8464989719746505, 'Ambiguity': 2.257330591932402, 'RepairReadiness': 1.6365646791509914, 'RootCauseEvidence': -0.22573305919324008, 'HiddenReproducibility': -0.8464989719746505, 'ImpactScope': -0.8464989719746505}"
JacksonCore-24,JacksonCore,1.0,1.0,"{'Actionability': 1, 'Clarity': 2, 'Specificity': 1, 'Reproducibility': 3, 'ReasoningQuality': 2, 'TechnicalContext': 0, 'Ambiguity': 1, 'RepairReadiness': 2, 'RootCauseEvidence': 1, 'HiddenReproducibility': 0, 'ImpactScope': 1}","{'repair_difficulty': 3, 'ambiguity_count': 1, 'hidden_s2r_present': False, 'root_cause_evidence': 1, 'impact_scope': 1}","{'Actionability': -0.5188745216627709, 'Clarity': 0.2964997266644404, 'Specificity': -0.5188745216627709, 'Reproducibility': 1.1118739749916517, 'ReasoningQuality': 0.2964997266644404, 'TechnicalContext': -1.3342487699899823, 'Ambiguity': 1.9272482233188628, 'RepairReadiness': 1.1118739749916517, 'RootCauseEvidence': -0.5188745216627709, 'HiddenReproducibility': -1.3342487699899823, 'ImpactScope': -0.5188745216627709}"
JacksonCore-25,JacksonCore,1.0,1.0,"{'Actionability': 0, 'Clarity': 2, 'Specificity': 0, 'Reproducibility': 1, 'ReasoningQuality': 1, 'TechnicalContext': 0, 'Ambiguity': 0, 'RepairReadiness': 2, 'RootCauseEvidence': 1, 'HiddenReproducibility': 1, 'ImpactScope': 0}","{'repair_difficulty': 3, 'ambiguity_count': 0, 'hidden_s2r_present': True, 'root_cause_evidence': 1, 'impact_scope': 0}","{'Actionability': -0.8583950752789522, 'Clarity': 0.4905114715879727, 'Specificity': -0.8583950752789522, 'Reproducibility': -0.18394180184548975, 'ReasoningQuality': -0.18394180184548975, 'TechnicalContext': -0.8583950752789522, 'Ambiguity': 2.51387129188836, 'RepairReadiness': 1.164964745021435, 'RootCauseEvidence': -0.18394180184548975, 'HiddenReproducibility': -0.18394180184548975, 'ImpactScope': -0.8583950752789522}"
JacksonCore-26,JacksonCore,1.0,1.0,"{'Actionability': 4, 'Clarity': 2, 'Specificity': 1, 'Reproducibility': 2, 'ReasoningQuality': 3, 'TechnicalContext': 0, 'Ambiguity': 3, 'RepairReadiness': 2, 'RootCauseEvidence': 2, 'HiddenReproducibility': 0, 'ImpactScope': 1}","{'repair_difficulty': 3, 'ambiguity_count': 3, 'hidden_s2r_present': False, 'root_cause_evidence': 2, 'impact_scope': 1}","{'Actionability': 1.8299828439912558, 'Clarity': 0.15249857033260472, 'Specificity': -0.6862435664967209, 'Reproducibility': 0.15249857033260472, 'ReasoningQuality': 0.9912407071619304, 'TechnicalContext': -1.5249857033260465, 'Ambiguity': 0.15249857033260472, 'RepairReadiness': 0.9912407071619304, 'RootCauseEvidence': 0.15249857033260472, 'HiddenReproducibility': -1.5249857033260465, 'ImpactScope': -0.6862435664967209}"
JacksonCore-3,JacksonCore,1.0,1.0,"{'Actionability': 2, 'Clarity': 1, 'Specificity': 0, 'Reproducibility': 0, 'ReasoningQuality': 0, 'TechnicalContext': 0, 'Ambiguity': 0, 'RepairReadiness': 1, 'RootCauseEvidence': 1, 'HiddenReproducibility': 0, 'ImpactScope': 0}","{'repair_difficulty': 4, 'ambiguity_count': 0, 'hidden_s2r_present': False, 'root_cause_evidence': 1, 'impact_scope': 0}","{'Actionability': 0.48245064067700766, 'Clarity': -0.10721125348377952, 'Specificity': -0.6968731476445666, 'Reproducibility': -0.6968731476445666, 'ReasoningQuality': -0.6968731476445666, 'TechnicalContext': -0.6968731476445666, 'Ambiguity': 2.251436323159369, 'RepairReadiness': 1.661774428998582, 'RootCauseEvidence': -0.10721125348377952, 'HiddenReproducibility': -0.6968731476445666, 'ImpactScope': -0.6968731476445666}"
JacksonCore-4,JacksonCore,1.0,1.0,"{'Actionability': 0, 'Clarity': 1, 'Specificity': 1, 'Reproducibility': 4, 'ReasoningQuality': 2, 'TechnicalContext': 0, 'Ambiguity': 0, 'RepairReadiness': 1, 'RootCauseEvidence': 1, 'HiddenReproducibility': 0, 'ImpactScope': 0}","{'repair_difficulty': 4, 'ambiguity_count': 0, 'hidden_s2r_present': False, 'root_cause_evidence': 1, 'impact_scope': 0}","{'Actionability': -0.9233805168766387, 'Clarity': -0.359092423229804, 'Specificity': -0.359092423229804, 'Reproducibility': 1.3337718577107, 'ReasoningQuality': 0.20519567041703077, 'TechnicalContext': -0.9233805168766387, 'Ambiguity': 1.898059951357535, 'RepairReadiness': 1.3337718577107, 'RootCauseEvidence': -0.359092423229804, 'HiddenReproducibility': -0.9233805168766387, 'ImpactScope': -0.9233805168766387}"
JacksonCore-5,JacksonCore,1.0,1.0,"{'Actionability': 0, 'Clarity': 2, 'Specificity': 1, 'Reproducibility': 2, 'ReasoningQuality': 1, 'TechnicalContext': 0, 'Ambiguity': 0, 'RepairReadiness': 1, 'RootCauseEvidence': 2, 'HiddenReproducibility': 1, 'ImpactScope': 0}","{'repair_difficulty': 4, 'ambiguity_count': 0, 'hidden_s2r_present': True, 'root_cause_evidence': 2, 'impact_scope': 0}","{'Actionability': -1.0533703247651751, 'Clarity': 0.23408229439226108, 'Specificity': -0.40964401518645704, 'Reproducibility': 0.23408229439226108, 'ReasoningQuality': -0.40964401518645704, 'TechnicalContext': -1.0533703247651751, 'Ambiguity': 2.1652612231284154, 'RepairReadiness': 1.5215349135496972, 'RootCauseEvidence': 0.23408229439226108, 'HiddenReproducibility': -0.40964401518645704, 'ImpactScope': -1.0533703247651751}"
JacksonCore-6,JacksonCore,1.0,1.0,"{'Actionability': 0, 'Clarity': 0, 'Specificity': 0, 'Reproducibility': 0, 'ReasoningQuality': 0, 'TechnicalContext': 0, 'Ambiguity': 0, 'RepairReadiness': 0, 'RootCauseEvidence': 0, 'HiddenReproducibility': 0, 'ImpactScope': 0}","{'repair_difficulty': 5, 'ambiguity_count': 0, 'hidden_s2r_present': False, 'root_cause_evidence': 0, 'impact_scope': 0}","{'Actionability': -0.4714045207910317, 'Clarity': -0.4714045207910317, 'Specificity': -0.4714045207910317, 'Reproducibility': -0.4714045207910317, 'ReasoningQuality': -0.4714045207910317, 'TechnicalContext': -0.4714045207910317, 'Ambiguity': 2.121320343559643, 'RepairReadiness': 2.121320343559643, 'RootCauseEvidence': -0.4714045207910317, 'HiddenReproducibility': -0.4714045207910317, 'ImpactScope': -0.4714045207910317}"
JacksonCore-7,JacksonCore,1.0,1.0,"{'Actionability': 0, 'Clarity': 1, 'Specificity': 0, 'Reproducibility': 1, 'ReasoningQuality': 1, 'TechnicalContext': 0, 'Ambiguity': 0, 'RepairReadiness': 0, 'RootCauseEvidence': 1, 'HiddenReproducibility': 0, 'ImpactScope': 0}","{'repair_difficulty': 5, 'ambiguity_count': 0, 'hidden_s2r_present': False, 'root_cause_evidence': 1, 'impact_scope': 0}","{'Actionability': -0.7017565899639198, 'Clarity': -0.15037641213512565, 'Specificity': -0.7017565899639198, 'Reproducibility': -0.15037641213512565, 'ReasoningQuality': -0.15037641213512565, 'TechnicalContext': -0.7017565899639198, 'Ambiguity': 2.055144299180051, 'RepairReadiness': 2.055144299180051, 'RootCauseEvidence': -0.15037641213512565, 'HiddenReproducibility': -0.7017565899639198, 'ImpactScope': -0.7017565899639198}"
JacksonCore-8,JacksonCore,1.0,1.0,"{'Actionability': 0, 'Clarity': 0, 'Specificity': 1, 'Reproducibility': 2, 'ReasoningQuality': 0, 'TechnicalContext': 0, 'Ambiguity': 2, 'RepairReadiness': 1, 'RootCauseEvidence': 1, 'HiddenReproducibility': 1, 'ImpactScope': 0}","{'repair_difficulty': 4, 'ambiguity_count': 2, 'hidden_s2r_present': True, 'root_cause_evidence': 1, 'impact_scope': 0}","{'Actionability': -0.8320502943378436, 'Clarity': -0.8320502943378436, 'Specificity': -0.06933752452815357, 'Reproducibility': 0.6933752452815364, 'ReasoningQuality': -0.8320502943378436, 'TechnicalContext': -0.8320502943378436, 'Ambiguity': 1.4560880150912263, 'RepairReadiness': 2.2188007849009166, 'RootCauseEvidence': -0.06933752452815357, 'HiddenReproducibility': -0.06933752452815357, 'ImpactScope': -0.8320502943378436}"
JacksonCore-9,JacksonCore,1.0,1.0,"{'Actionability': 0, 'Clarity': 2, 'Specificity': 1, 'Reproducibility': 3, 'ReasoningQuality': 1, 'TechnicalContext': 0, 'Ambiguity': 1, 'RepairReadiness': 3, 'RootCauseEvidence': 1, 'HiddenReproducibility': 0, 'ImpactScope': 0}","{'repair_difficulty': 2, 'ambiguity_count': 1, 'hidden_s2r_present': False, 'root_cause_evidence': 1, 'impact_scope': 0}","{'Actionability': -0.9899494936611665, 'Clarity': 0.565685424949238, 'Specificity': -0.21213203435596423, 'Reproducibility': 1.3435028842544403, 'ReasoningQuality': -0.21213203435596423, 'TechnicalContext': -0.9899494936611665, 'Ambiguity': 2.121320343559643, 'RepairReadiness': 0.565685424949238, 'RootCauseEvidence': -0.21213203435596423, 'HiddenReproducibility': -0.9899494936611665, 'ImpactScope': -0.9899494936611665}"
JacksonDatabind-1,JacksonDatabind,1.0,1.0,"{'Actionability': 0, 'Clarity': 2, 'Specificity': 0, 'Reproducibility': 2, 'ReasoningQuality': 1, 'TechnicalContext': 0, 'Ambiguity': 1, 'RepairReadiness': 2, 'RootCauseEvidence': 1, 'HiddenReproducibility': 0, 'ImpactScope': 1}","{'repair_difficulty': 3, 'ambiguity_count': 1, 'hidden_s2r_present': False, 'root_cause_evidence': 1, 'impact_scope': 1}","{'Actionability': -0.9899494936611665, 'Clarity': 0.565685424949238, 'Specificity': -0.9899494936611665, 'Reproducibility': 0.565685424949238, 'ReasoningQuality': -0.21213203435596423, 'TechnicalContext': -0.9899494936611665, 'Ambiguity': 2.121320343559643, 'RepairReadiness': 1.3435028842544403, 'RootCauseEvidence': -0.21213203435596423, 'HiddenReproducibility': -0.9899494936611665, 'ImpactScope': -0.21213203435596423}"
JacksonDatabind-10,JacksonDatabind,1.0,1.0,"{'Actionability': 0, 'Clarity': 1, 'Specificity': 0, 'Reproducibility': 0, 'ReasoningQuality': 0, 'TechnicalContext': 0, 'Ambiguity': 0, 'RepairReadiness': 2, 'RootCauseEvidence': 2, 'HiddenReproducibility': 0, 'ImpactScope': 0}","{'repair_difficulty': 3, 'ambiguity_count': 0, 'hidden_s2r_present': False, 'root_cause_evidence': 2, 'impact_scope': 0}","{'Actionability': -0.6267831705280088, 'Clarity': 0.0, 'Specificity': -0.6267831705280088, 'Reproducibility': -0.6267831705280088, 'ReasoningQuality': -0.6267831705280088, 'TechnicalContext': -0.6267831705280088, 'Ambiguity': 2.507132682112035, 'RepairReadiness': 1.2535663410560176, 'RootCauseEvidence': 0.6267831705280088, 'HiddenReproducibility': -0.6267831705280088, 'ImpactScope': -0.6267831705280088}"
JacksonDatabind-100,JacksonDatabind,1.0,1.0,"{'Actionability': 0, 'Clarity': 0, 'Specificity': 0, 'Reproducibility': 2, 'ReasoningQuality': 0, 'TechnicalContext': 0, 'Ambiguity': 2, 'RepairReadiness': 2, 'RootCauseEvidence': 1, 'HiddenReproducibility': 0, 'ImpactScope': 0}","{'repair_difficulty': 3, 'ambiguity_count': 2, 'hidden_s2r_present': False, 'root_cause_evidence': 1, 'impact_scope': 0}","{'Actionability': -0.686243566496721, 'Clarity': -0.686243566496721, 'Specificity': -0.686243566496721, 'Reproducibility': 0.9912407071619301, 'ReasoningQuality': -0.686243566496721, 'TechnicalContext': -0.686243566496721, 'Ambiguity': 1.8299828439912558, 'RepairReadiness': 1.8299828439912558, 'RootCauseEvidence': 0.1524985703326046, 'HiddenReproducibility': -0.686243566496721, 'ImpactScope': -0.686243566496721}"
JacksonDatabind-101,JacksonDatabind,1.0,1.0,"{'Actionability': 0, 'Clarity': 1, 'Specificity': 0, 'Reproducibility': 3, 'ReasoningQuality': 1, 'TechnicalContext': 0, 'Ambiguity': 1, 'RepairReadiness': 2, 'RootCauseEvidence': 3, 'HiddenReproducibility': 0, 'ImpactScope': 0}","{'repair_difficulty': 3, 'ambiguity_count': 1, 'hidden_s2r_present': False, 'root_cause_evidence': 3, 'impact_scope': 0}","{'Actionability': -0.9128709291752768, 'Clarity': -0.24343224778007377, 'Specificity': -0.9128709291752768, 'Reproducibility': 1.0954451150103324, 'ReasoningQuality': -0.24343224778007377, 'TechnicalContext': -0.9128709291752768, 'Ambiguity': 1.7648837964055355, 'RepairReadiness': 1.0954451150103324, 'RootCauseEvidence': 1.0954451150103324, 'HiddenReproducibility': -0.9128709291752768, 'ImpactScope': -0.9128709291752768}"
JacksonDatabind-102,JacksonDatabind,1.0,1.0,"{'Actionability': 1, 'Clarity': 0, 'Specificity': 0, 'Reproducibility': 2, 'ReasoningQuality': 0, 'TechnicalContext': 1, 'Ambiguity': 1, 'RepairReadiness': 3, 'RootCauseEvidence': 2, 'HiddenReproducibility': 0, 'ImpactScope': 1}","{'repair_difficulty': 2, 'ambiguity_count': 1, 'hidden_s2r_present': False, 'root_cause_evidence': 2, 'impact_scope': 1}","{'Actionability': -0.15249857033260472, 'Clarity': -0.9912407071619304, 'Specificity': -0.9912407071619304, 'Reproducibility': 0.6862435664967209, 'ReasoningQuality': -0.9912407071619304, 'TechnicalContext': -0.15249857033260472, 'Ambiguity': 2.3637278401553723, 'RepairReadiness': 0.6862435664967209, 'RootCauseEvidence': 0.6862435664967209, 'HiddenReproducibility': -0.9912407071619304, 'ImpactScope': -0.15249857033260472}"
JacksonDatabind-103,JacksonDatabind,1.0,1.0,"{'Actionability': 0, 'Clarity': 0, 'Specificity': 0, 'Reproducibility': 0, 'ReasoningQuality': 0, 'TechnicalContext': 0, 'Ambiguity': 0, 'RepairReadiness': 0, 'RootCauseEvidence': 0, 'HiddenReproducibility': 0, 'ImpactScope': 0}","{'repair_difficulty': 5, 'ambiguity_count': 0, 'hidden_s2r_present': False, 'root_cause_evidence': 0, 'impact_scope': 0}","{'Actionability': -0.4714045207910317, 'Clarity': -0.4714045207910317, 'Specificity': -0.4714045207910317, 'Reproducibility': -0.4714045207910317, 'ReasoningQuality': -0.4714045207910317, 'TechnicalContext': -0.4714045207910317, 'Ambiguity': 2.121320343559643, 'RepairReadiness': 2.121320343559643, 'RootCauseEvidence': -0.4714045207910317, 'HiddenReproducibility': -0.4714045207910317, 'ImpactScope': -0.4714045207910317}"
JacksonDatabind-104,JacksonDatabind,1.0,1.0,"{'Actionability': 0, 'Clarity': 2, 'Specificity': 0, 'Reproducibility': 3, 'ReasoningQuality': 1, 'TechnicalContext': 0, 'Ambiguity': 1, 'RepairReadiness': 2, 'RootCauseEvidence': 1, 'HiddenReproducibility': 0, 'ImpactScope': 0}","{'repair_difficulty': 3, 'ambiguity_count': 1, 'hidden_s2r_present': False, 'root_cause_evidence': 1, 'impact_scope': 0}","{'Actionability': -0.8962581595302718, 'Clarity': 0.5121475197315839, 'Specificity': -0.8962581595302718, 'Reproducibility': 1.2163503593625118, 'ReasoningQuality': -0.19205531989934393, 'TechnicalContext': -0.8962581595302718, 'Ambiguity': 1.92055319899344, 'RepairReadiness': 1.2163503593625118, 'RootCauseEvidence': -0.19205531989934393, 'HiddenReproducibility': -0.8962581595302718, 'ImpactScope': -0.8962581595302718}"
JacksonDatabind-105,JacksonDatabind,1.0,1.0,"{'Actionability': 4, 'Clarity': 2, 'Specificity': 1, 'Reproducibility': 0, 'ReasoningQuality': 2, 'TechnicalContext': 0, 'Ambiguity': 2, 'RepairReadiness': 1, 'RootCauseEvidence': 1, 'HiddenReproducibility': 0, 'ImpactScope': 1}","{'repair_difficulty': 4, 'ambiguity_count': 2, 'hidden_s2r_present': False, 'root_cause_evidence': 1, 'impact_scope': 1}","{'Actionability': 1.6510016510024763, 'Clarity': 0.25400025400038095, 'Specificity': -0.44450044450066684, 'Reproducibility': -1.1430011430017146, 'ReasoningQuality': 0.25400025400038095, 'TechnicalContext': -1.1430011430017146, 'Ambiguity': 0.9525009525014287, 'RepairReadiness': 1.6510016510024763, 'RootCauseEvidence': -0.44450044450066684, 'HiddenReproducibility': -1.1430011430017146, 'ImpactScope': -0.44450044450066684}"
JacksonDatabind-106,JacksonDatabind,1.0,1.0,"{'Actionability': 0, 'Clarity': 3, 'Specificity': 2, 'Reproducibility': 4, 'ReasoningQuality': 1, 'TechnicalContext': 0, 'Ambiguity': 2, 'RepairReadiness': 4, 'RootCauseEvidence': 1, 'HiddenReproducibility': 1, 'ImpactScope': 2}","{'repair_difficulty': 1, 'ambiguity_count': 2, 'hidden_s2r_present': True, 'root_cause_evidence': 1, 'impact_scope': 2}","{'Actionability': -1.3342487699899823, 'Clarity': 1.1118739749916517, 'Specificity': 0.2964997266644404, 'Reproducibility': 1.9272482233188628, 'ReasoningQuality': -0.5188745216627709, 'TechnicalContext': -1.3342487699899823, 'Ambiguity': 1.1118739749916517, 'RepairReadiness': -0.5188745216627709, 'RootCauseEvidence': -0.5188745216627709, 'HiddenReproducibility': -0.5188745216627709, 'ImpactScope': 0.2964997266644404}"
JacksonDatabind-107,JacksonDatabind,1.0,1.0,"{'Actionability': 1, 'Clarity': 2, 'Specificity': 0, 'Reproducibility': 1, 'ReasoningQuality': 1, 'TechnicalContext': 0, 'Ambiguity': 0, 'RepairReadiness': 1, 'RootCauseEvidence': 1, 'HiddenReproducibility': 0, 'ImpactScope': 0}","{'repair_difficulty': 4, 'ambiguity_count': 0, 'hidden_s2r_present': False, 'root_cause_evidence': 1, 'impact_scope': 0}","{'Actionability': -0.22573305919324008, 'Clarity': 0.3950328535881703, 'Specificity': -0.8464989719746505, 'Reproducibility': -0.22573305919324008, 'ReasoningQuality': -0.22573305919324008, 'TechnicalContext': -0.8464989719746505, 'Ambiguity': 2.257330591932402, 'RepairReadiness': 1.6365646791509914, 'RootCauseEvidence': -0.22573305919324008, 'HiddenReproducibility': -0.8464989719746505, 'ImpactScope': -0.8464989719746505}"
JacksonDatabind-108,JacksonDatabind,1.0,1.0,"{'Actionability': 2, 'Clarity': 2, 'Specificity': 1, 'Reproducibility': 4, 'ReasoningQuality': 1, 'TechnicalContext': 0, 'Ambiguity': 2, 'RepairReadiness': 4, 'RootCauseEvidence': 1, 'HiddenReproducibility': 0, 'ImpactScope': 1}","{'repair_difficulty': 1, 'ambiguity_count': 2, 'hidden_s2r_present': False, 'root_cause_evidence': 1, 'impact_scope': 1}","{'Actionability': 0.4714045207910316, 'Clarity': 0.4714045207910316, 'Specificity': -0.3928371006591931, 'Reproducibility': 2.199887763691481, 'ReasoningQuality': -0.3928371006591931, 'TechnicalContext': -1.2570787221094177, 'Ambiguity': 1.3356461422412562, 'RepairReadiness': -0.3928371006591931, 'RootCauseEvidence': -0.3928371006591931, 'HiddenReproducibility': -1.2570787221094177, 'ImpactScope': -0.3928371006591931}"
JacksonDatabind-109,JacksonDatabind,1.0,1.0,"{'Actionability': 1, 'Clarity': 2, 'Specificity': 0, 'Reproducibility': 1, 'ReasoningQuality': 1, 'TechnicalContext': 0, 'Ambiguity': 0, 'RepairReadiness': 1, 'RootCauseEvidence': 1, 'HiddenReproducibility': 0, 'ImpactScope': 0}","{'repair_difficulty': 4, 'ambiguity_count': 0, 'hidden_s2r_present': False, 'root_cause_evidence': 1, 'impact_scope': 0}","{'Actionability': -0.22573305919324008, 'Clarity': 0.3950328535881703, 'Specificity': -0.8464989719746505, 'Reproducibility': -0.22573305919324008, 'ReasoningQuality': -0.22573305919324008, 'TechnicalContext': -0.8464989719746505, 'Ambiguity': 2.257330591932402, 'RepairReadiness': 1.6365646791509914, 'RootCauseEvidence': -0.22573305919324008, 'HiddenReproducibility': -0.8464989719746505, 'ImpactScope': -0.8464989719746505}"
JacksonDatabind-11,JacksonDatabind,1.0,1.0,"{'Actionability': 0, 'Clarity': 0, 'Specificity': 0, 'Reproducibility': 0, 'ReasoningQuality': 0, 'TechnicalContext': 0, 'Ambiguity': 0, 'RepairReadiness': 0, 'RootCauseEvidence': 0, 'HiddenReproducibility': 0, 'ImpactScope': 0}","{'repair_difficulty': 5, 'ambiguity_count': 0, 'hidden_s2r_present': False, 'root_cause_evidence': 0, 'impact_scope': 0}","{'Actionability': -0.4714045207910317, 'Clarity': -0.4714045207910317, 'Specificity': -0.4714045207910317, 'Reproducibility': -0.4714045207910317, 'ReasoningQuality': -0.4714045207910317, 'TechnicalContext': -0.4714045207910317, 'Ambiguity': 2.121320343559643, 'RepairReadiness': 2.121320343559643, 'RootCauseEvidence': -0.4714045207910317, 'HiddenReproducibility': -0.4714045207910317, 'ImpactScope': -0.4714045207910317}"
JacksonDatabind-110,JacksonDatabind,1.0,1.0,"{'Actionability': 0, 'Clarity': 2, 'Specificity': 1, 'Reproducibility': 1, 'ReasoningQuality': 2, 'TechnicalContext': 0, 'Ambiguity': 0, 'RepairReadiness': 2, 'RootCauseEvidence': 1, 'HiddenReproducibility': 0, 'ImpactScope': 0}","{'repair_difficulty': 3, 'ambiguity_count': 0, 'hidden_s2r_present': False, 'root_cause_evidence': 1, 'impact_scope': 0}","{'Actionability': -0.9128709291752768, 'Clarity': 0.4260064336151293, 'Specificity': -0.24343224778007377, 'Reproducibility': -0.24343224778007377, 'ReasoningQuality': 0.4260064336151293, 'TechnicalContext': -0.9128709291752768, 'Ambiguity': 2.4343224778007384, 'RepairReadiness': 1.0954451150103324, 'RootCauseEvidence': -0.24343224778007377, 'HiddenReproducibility': -0.9128709291752768, 'ImpactScope': -0.9128709291752768}"
JacksonDatabind-111,JacksonDatabind,1.0,1.0,"{'Actionability': 2, 'Clarity': 2, 'Specificity': 1, 'Reproducibility': 3, 'ReasoningQuality': 3, 'TechnicalContext': 0, 'Ambiguity': 2, 'RepairReadiness': 2, 'RootCauseEvidence': 2, 'HiddenReproducibility': 0, 'ImpactScope': 0}","{'repair_difficulty': 3, 'ambiguity_count': 2, 'hidden_s2r_present': False, 'root_cause_evidence': 2, 'impact_scope': 0}","{'Actionability': 0.2248595066987584, 'Clarity': 0.2248595066987584, 'Specificity': -0.5996253511966891, 'Reproducibility': 1.049344364594206, 'ReasoningQuality': 1.049344364594206, 'TechnicalContext': -1.4241102090921367, 'Ambiguity': 1.049344364594206, 'RepairReadiness': 1.049344364594206, 'RootCauseEvidence': 0.2248595066987584, 'HiddenReproducibility': -1.4241102090921367, 'ImpactScope': -1.4241102090921367}"
JacksonDatabind-112,JacksonDatabind,1.0,1.0,"{'Actionability': 0, 'Clarity': 2, 'Specificity': 1, 'Reproducibility': 3, 'ReasoningQuality': 1, 'TechnicalContext': 0, 'Ambiguity': 2, 'RepairReadiness': 1, 'RootCauseEvidence': 1, 'HiddenReproducibility': 0, 'ImpactScope': 0}","{'repair_difficulty': 4, 'ambiguity_count': 2, 'hidden_s2r_present': False, 'root_cause_evidence': 1, 'impact_scope': 0}","{'Actionability': -0.9977851578566089, 'Clarity': 0.4656330736664176, 'Specificity': -0.26607604209509567, 'Reproducibility': 1.1973421894279308, 'ReasoningQuality': -0.26607604209509567, 'TechnicalContext': -0.9977851578566089, 'Ambiguity': 1.1973421894279308, 'RepairReadiness': 1.9290513051894442, 'RootCauseEvidence': -0.26607604209509567, 'HiddenReproducibility': -0.9977851578566089, 'ImpactScope': -0.9977851578566089}"
JacksonDatabind-12,JacksonDatabind,1.0,1.0,"{'Actionability': 1, 'Clarity': 1, 'Specificity': 0, 'Reproducibility': 3, 'ReasoningQuality': 1, 'TechnicalContext': 0, 'Ambiguity': 2, 'RepairReadiness': 4, 'RootCauseEvidence': 1, 'HiddenReproducibility': 0, 'ImpactScope': 0}","{'repair_difficulty': 1, 'ambiguity_count': 2, 'hidden_s2r_present': False, 'root_cause_evidence': 1, 'impact_scope': 0}","{'Actionability': 0.0, 'Clarity': 0.0, 'Specificity': -0.9574271077563381, 'Reproducibility': 1.9148542155126762, 'ReasoningQuality': 0.0, 'TechnicalContext': -0.9574271077563381, 'Ambiguity': 1.9148542155126762, 'RepairReadiness': 0.0, 'RootCauseEvidence': 0.0, 'HiddenReproducibility': -0.9574271077563381, 'ImpactScope': -0.9574271077563381}"
JacksonDatabind-13,JacksonDatabind,1.0,1.0,"{'Actionability': 1, 'Clarity': 1, 'Specificity': 0, 'Reproducibility': 0, 'ReasoningQuality': 0, 'TechnicalContext': 0, 'Ambiguity': 0, 'RepairReadiness': 0, 'RootCauseEvidence': 1, 'HiddenReproducibility': 0, 'ImpactScope': 1}","{'repair_difficulty': 5, 'ambiguity_count': 0, 'hidden_s2r_present': False, 'root_cause_evidence': 1, 'impact_scope': 1}","{'Actionability': -0.15037641213512565, 'Clarity': -0.15037641213512565, 'Specificity': -0.7017565899639198, 'Reproducibility': -0.7017565899639198, 'ReasoningQuality': -0.7017565899639198, 'TechnicalContext': -0.7017565899639198, 'Ambiguity': 2.055144299180051, 'RepairReadiness': 2.055144299180051, 'RootCauseEvidence': -0.15037641213512565, 'HiddenReproducibility': -0.7017565899639198, 'ImpactScope': -0.15037641213512565}"
JacksonDatabind-14,JacksonDatabind,1.0,1.0,"{'Actionability': 4, 'Clarity': 1, 'Specificity': 1, 'Reproducibility': 2, 'ReasoningQuality': 3, 'TechnicalContext': 2, 'Ambiguity': 3, 'RepairReadiness': 1, 'RootCauseEvidence': 1, 'HiddenReproducibility': 0, 'ImpactScope': 2}","{'repair_difficulty': 4, 'ambiguity_count': 3, 'hidden_s2r_present': False, 'root_cause_evidence': 1, 'impact_scope': 2}","{'Actionability': 1.6583123951777, 'Clarity': -0.82915619758885, 'Specificity': -0.82915619758885, 'Reproducibility': 0.0, 'ReasoningQuality': 0.82915619758885, 'TechnicalContext': 0.0, 'Ambiguity': 0.0, 'RepairReadiness': 1.6583123951777, 'RootCauseEvidence': -0.82915619758885, 'HiddenReproducibility': -1.6583123951777, 'ImpactScope': 0.0}"
JacksonDatabind-15,JacksonDatabind,1.0,1.0,"{'Actionability': 0, 'Clarity': 0, 'Specificity': 0, 'Reproducibility': 0, 'ReasoningQuality': 0, 'TechnicalContext': 0, 'Ambiguity': 0, 'RepairReadiness': 2, 'RootCauseEvidence': 2, 'HiddenReproducibility': 0, 'ImpactScope': 0}","{'repair_difficulty': 3, 'ambiguity_count': 0, 'hidden_s2r_present': False, 'root_cause_evidence': 2, 'impact_scope': 0}","{'Actionability': -0.5607721540920442, 'Clarity': -0.5607721540920442, 'Specificity': -0.5607721540920442, 'Reproducibility': -0.5607721540920442, 'ReasoningQuality': -0.5607721540920442, 'TechnicalContext': -0.5607721540920442, 'Ambiguity': 2.523474693414199, 'RepairReadiness': 1.2897759544117016, 'RootCauseEvidence': 0.672926584910453, 'HiddenReproducibility': -0.5607721540920442, 'ImpactScope': -0.5607721540920442}"
JacksonDatabind-16,JacksonDatabind,1.0,1.0,"{'Actionability': 1, 'Clarity': 1, 'Specificity': 1, 'Reproducibility': 2, 'ReasoningQuality': 1, 'TechnicalContext': 0, 'Ambiguity': 0, 'RepairReadiness': 1, 'RootCauseEvidence': 1, 'HiddenReproducibility': 0, 'ImpactScope': 0}","{'repair_difficulty': 4, 'ambiguity_count': 0, 'hidden_s2r_present': False, 'root_cause_evidence': 1, 'impact_scope': 0}","{'Actionability': -0.2916059217599022, 'Clarity': -0.2916059217599022, 'Specificity': -0.2916059217599022, 'Reproducibility': 0.3499271061118826, 'ReasoningQuality': -0.2916059217599022, 'TechnicalContext': -0.933138949631687, 'Ambiguity': 2.274526189727237, 'RepairReadiness': 1.632993161855452, 'RootCauseEvidence': -0.2916059217599022, 'HiddenReproducibility': -0.933138949631687, 'ImpactScope': -0.933138949631687}"
JacksonDatabind-17,JacksonDatabind,1.0,1.0,"{'Actionability': 3, 'Clarity': 3, 'Specificity': 2, 'Reproducibility': 2, 'ReasoningQuality': 1, 'TechnicalContext': 0, 'Ambiguity': 2, 'RepairReadiness': 2, 'RootCauseEvidence': 3, 'HiddenReproducibility': 1, 'ImpactScope': 0}","{'repair_difficulty': 3, 'ambiguity_count': 2, 'hidden_s2r_present': True, 'root_cause_evidence': 3, 'impact_scope': 0}","{'Actionability': 0.9370425713316364, 'Clarity': 0.9370425713316364, 'Specificity': 0.07808688094430297, 'Reproducibility': 0.07808688094430297, 'ReasoningQuality': -0.7808688094430304, 'TechnicalContext': -1.6398244998303637, 'Ambiguity': 0.9370425713316364, 'RepairReadiness': 0.9370425713316364, 'RootCauseEvidence': 0.9370425713316364, 'HiddenReproducibility': -0.7808688094430304, 'ImpactScope': -1.6398244998303637}"
JacksonDatabind-18,JacksonDatabind,1.0,1.0,"{'Actionability': 0, 'Clarity': 0, 'Specificity': 0, 'Reproducibility': 0, 'ReasoningQuality': 0, 'TechnicalContext': 0, 'Ambiguity': 0, 'RepairReadiness': 0, 'RootCauseEvidence': 0, 'HiddenReproducibility': 0, 'ImpactScope': 0}","{'repair_difficulty': 5, 'ambiguity_count': 0, 'hidden_s2r_present': False, 'root_cause_evidence': 0, 'impact_scope': 0}","{'Actionability': -0.4714045207910317, 'Clarity': -0.4714045207910317, 'Specificity': -0.4714045207910317, 'Reproducibility': -0.4714045207910317, 'ReasoningQuality': -0.4714045207910317, 'TechnicalContext': -0.4714045207910317, 'Ambiguity': 2.121320343559643, 'RepairReadiness': 2.121320343559643, 'RootCauseEvidence': -0.4714045207910317, 'HiddenReproducibility': -0.4714045207910317, 'ImpactScope': -0.4714045207910317}"
JacksonDatabind-19,JacksonDatabind,1.0,1.0,"{'Actionability': 0, 'Clarity': 2, 'Specificity': 1, 'Reproducibility': 2, 'ReasoningQuality': 1, 'TechnicalContext': 0, 'Ambiguity': 0, 'RepairReadiness': 0, 'RootCauseEvidence': 1, 'HiddenReproducibility': 0, 'ImpactScope': 0}","{'repair_difficulty': 5, 'ambiguity_count': 0, 'hidden_s2r_present': False, 'root_cause_evidence': 1, 'impact_scope': 0}","{'Actionability': -0.8697956671643065, 'Clarity': 0.25582225504832545, 'Specificity': -0.3069867060579905, 'Reproducibility': 0.25582225504832545, 'ReasoningQuality': -0.3069867060579905, 'TechnicalContext': -0.8697956671643065, 'Ambiguity': 1.9442491383672733, 'RepairReadiness': 1.9442491383672733, 'RootCauseEvidence': -0.3069867060579905, 'HiddenReproducibility': -0.8697956671643065, 'ImpactScope': -0.8697956671643065}"
JacksonDatabind-2,JacksonDatabind,1.0,1.0,"{'Actionability': 0, 'Clarity': 1, 'Specificity': 1, 'Reproducibility': 1, 'ReasoningQuality': 1, 'TechnicalContext': 0, 'Ambiguity': 1, 'RepairReadiness': 1, 'RootCauseEvidence': 1, 'HiddenReproducibility': 0, 'ImpactScope': 1}","{'repair_difficulty': 4, 'ambiguity_count': 1, 'hidden_s2r_present': False, 'root_cause_evidence': 1, 'impact_scope': 1}","{'Actionability': -0.9396184772996339, 'Clarity': -0.20134681656420725, 'Specificity': -0.20134681656420725, 'Reproducibility': -0.20134681656420725, 'ReasoningQuality': -0.20134681656420725, 'TechnicalContext': -0.9396184772996339, 'Ambiguity': 2.013468165642073, 'RepairReadiness': 2.013468165642073, 'RootCauseEvidence': -0.20134681656420725, 'HiddenReproducibility': -0.9396184772996339, 'ImpactScope': -0.20134681656420725}"
JacksonDatabind-20,JacksonDatabind,1.0,1.0,"{'Actionability': 0, 'Clarity': 0, 'Specificity': 0, 'Reproducibility': 0, 'ReasoningQuality': 0, 'TechnicalContext': 0, 'Ambiguity': 0, 'RepairReadiness': 1, 'RootCauseEvidence': 1, 'HiddenReproducibility': 0, 'ImpactScope': 0}","{'repair_difficulty': 4, 'ambiguity_count': 0, 'hidden_s2r_present': False, 'root_cause_evidence': 1, 'impact_scope': 0}","{'Actionability': -0.5255883312276367, 'Clarity': -0.5255883312276367, 'Specificity': -0.5255883312276367, 'Reproducibility': -0.5255883312276367, 'ReasoningQuality': -0.5255883312276367, 'TechnicalContext': -0.5255883312276367, 'Ambiguity': 2.3651474905243655, 'RepairReadiness': 1.7870003261739649, 'RootCauseEvidence': 0.052558833122763694, 'HiddenReproducibility': -0.5255883312276367, 'ImpactScope': -0.5255883312276367}"
JacksonDatabind-21,JacksonDatabind,1.0,1.0,"{'Actionability': 1, 'Clarity': 2, 'Specificity': 1, 'Reproducibility': 1, 'ReasoningQuality': 1, 'TechnicalContext': 0, 'Ambiguity': 0, 'RepairReadiness': 0, 'RootCauseEvidence': 1, 'HiddenReproducibility': 0, 'ImpactScope': 0}","{'repair_difficulty': 5, 'ambiguity_count': 0, 'hidden_s2r_present': False, 'root_cause_evidence': 1, 'impact_scope': 0}","{'Actionability': -0.31622776601683794, 'Clarity': 0.26352313834736496, 'Specificity': -0.31622776601683794, 'Reproducibility': -0.31622776601683794, 'ReasoningQuality': -0.31622776601683794, 'TechnicalContext': -0.8959786703810408, 'Ambiguity': 2.002775851439974, 'RepairReadiness': 2.002775851439974, 'RootCauseEvidence': -0.31622776601683794, 'HiddenReproducibility': -0.8959786703810408, 'ImpactScope': -0.8959786703810408}"
JacksonDatabind-22,JacksonDatabind,1.0,1.0,"{'Actionability': 0, 'Clarity': 0, 'Specificity': 0, 'Reproducibility': 0, 'ReasoningQuality': 0, 'TechnicalContext': 0, 'Ambiguity': 0, 'RepairReadiness': 0, 'RootCauseEvidence': 0, 'HiddenReproducibility': 0, 'ImpactScope': 0}","{'repair_difficulty': 5, 'ambiguity_count': 0, 'hidden_s2r_present': False, 'root_cause_evidence': 0, 'impact_scope': 0}","{'Actionability': -0.4714045207910317, 'Clarity': -0.4714045207910317, 'Specificity': -0.4714045207910317, 'Reproducibility': -0.4714045207910317, 'ReasoningQuality': -0.4714045207910317, 'TechnicalContext': -0.4714045207910317, 'Ambiguity': 2.121320343559643, 'RepairReadiness': 2.121320343559643, 'RootCauseEvidence': -0.4714045207910317, 'HiddenReproducibility': -0.4714045207910317, 'ImpactScope': -0.4714045207910317}"
JacksonDatabind-23,JacksonDatabind,1.0,1.0,"{'Actionability': 0, 'Clarity': 0, 'Specificity': 0, 'Reproducibility': 1, 'ReasoningQuality': 0, 'TechnicalContext': 0, 'Ambiguity': 1, 'RepairReadiness': 0, 'RootCauseEvidence': 0, 'HiddenReproducibility': 0, 'ImpactScope': 0}","{'repair_difficulty': 5, 'ambiguity_count': 1, 'hidden_s2r_present': False, 'root_cause_evidence': 0, 'impact_scope': 0}","{'Actionability': -0.5255883312276367, 'Clarity': -0.5255883312276367, 'Specificity': -0.5255883312276367, 'Reproducibility': 0.052558833122763694, 'ReasoningQuality': -0.5255883312276367, 'TechnicalContext': -0.5255883312276367, 'Ambiguity': 1.7870003261739649, 'RepairReadiness': 2.3651474905243655, 'RootCauseEvidence': -0.5255883312276367, 'HiddenReproducibility': -0.5255883312276367, 'ImpactScope': -0.5255883312276367}"
JacksonDatabind-24,JacksonDatabind,1.0,1.0,"{'Actionability': 1, 'Clarity': 0, 'Specificity': 0, 'Reproducibility': 0, 'ReasoningQuality': 0, 'TechnicalContext': 1, 'Ambiguity': 0, 'RepairReadiness': 1, 'RootCauseEvidence': 2, 'HiddenReproducibility': 0, 'ImpactScope': 1}","{'repair_difficulty': 4, 'ambiguity_count': 0, 'hidden_s2r_present': False, 'root_cause_evidence': 2, 'impact_scope': 1}","{'Actionability': -0.16464638998453549, 'Clarity': -0.7683498199278324, 'Specificity': -0.7683498199278324, 'Reproducibility': -0.7683498199278324, 'ReasoningQuality': -0.7683498199278324, 'TechnicalContext': -0.16464638998453549, 'Ambiguity': 2.250167329788652, 'RepairReadiness': 1.6464638998453551, 'RootCauseEvidence': 0.4390570399587614, 'HiddenReproducibility': -0.7683498199278324, 'ImpactScope': -0.16464638998453549}"
JacksonDatabind-25,JacksonDatabind,1.0,1.0,"{'Actionability': 1, 'Clarity': 2, 'Specificity': 0, 'Reproducibility': 3, 'ReasoningQuality': 2, 'TechnicalContext': 0, 'Ambiguity': 1, 'RepairReadiness': 3, 'RootCauseEvidence': 3, 'HiddenReproducibility': 0, 'ImpactScope': 0}","{'repair_difficulty': 2, 'ambiguity_count': 1, 'hidden_s2r_present': False, 'root_cause_evidence': 3, 'impact_scope': 0}","{'Actionability': -0.39735970711951313, 'Clarity': 0.331133089266261, 'Specificity': -1.1258525035052873, 'Reproducibility': 1.059625885652035, 'ReasoningQuality': 0.331133089266261, 'TechnicalContext': -1.1258525035052873, 'Ambiguity': 1.7881186820378092, 'RepairReadiness': 0.331133089266261, 'RootCauseEvidence': 1.059625885652035, 'HiddenReproducibility': -1.1258525035052873, 'ImpactScope': -1.1258525035052873}"
JacksonDatabind-26,JacksonDatabind,1.0,1.0,"{'Actionability': 0, 'Clarity': 0, 'Specificity': 0, 'Reproducibility': 0, 'ReasoningQuality': 0, 'TechnicalContext': 0, 'Ambiguity': 0, 'RepairReadiness': 0, 'RootCauseEvidence': 0, 'HiddenReproducibility': 0, 'ImpactScope': 0}","{'repair_difficulty': 5, 'ambiguity_count': 0, 'hidden_s2r_present': False, 'root_cause_evidence': 0, 'impact_scope': 0}","{'Actionability': -0.4714045207910317, 'Clarity': -0.4714045207910317, 'Specificity': -0.4714045207910317, 'Reproducibility': -0.4714045207910317, 'ReasoningQuality': -0.4714045207910317, 'TechnicalContext': -0.4714045207910317, 'Ambiguity': 2.121320343559643, 'RepairReadiness': 2.121320343559643, 'RootCauseEvidence': -0.4714045207910317, 'HiddenReproducibility': -0.4714045207910317, 'ImpactScope': -0.4714045207910317}"
JacksonDatabind-27,JacksonDatabind,1.0,1.0,"{'Actionability': 0, 'Clarity': 0, 'Specificity': 0, 'Reproducibility': 0, 'ReasoningQuality': 0, 'TechnicalContext': 0, 'Ambiguity': 0, 'RepairReadiness': 0, 'RootCauseEvidence': 0, 'HiddenReproducibility': 0, 'ImpactScope': 0}","{'repair_difficulty': 5, 'ambiguity_count': 0, 'hidden_s2r_present': False, 'root_cause_evidence': 0, 'impact_scope': 0}","{'Actionability': -0.4714045207910317, 'Clarity': -0.4714045207910317, 'Specificity': -0.4714045207910317, 'Reproducibility': -0.4714045207910317, 'ReasoningQuality': -0.4714045207910317, 'TechnicalContext': -0.4714045207910317, 'Ambiguity': 2.121320343559643, 'RepairReadiness': 2.121320343559643, 'RootCauseEvidence': -0.4714045207910317, 'HiddenReproducibility': -0.4714045207910317, 'ImpactScope': -0.4714045207910317}"
JacksonDatabind-28,JacksonDatabind,1.0,1.0,"{'Actionability': 1, 'Clarity': 2, 'Specificity': 1, 'Reproducibility': 1, 'ReasoningQuality': 1, 'TechnicalContext': 0, 'Ambiguity': 0, 'RepairReadiness': 1, 'RootCauseEvidence': 1, 'HiddenReproducibility': 0, 'ImpactScope': 0}","{'repair_difficulty': 4, 'ambiguity_count': 0, 'hidden_s2r_present': False, 'root_cause_evidence': 1, 'impact_scope': 0}","{'Actionability': -0.2916059217599022, 'Clarity': 0.3499271061118826, 'Specificity': -0.2916059217599022, 'Reproducibility': -0.2916059217599022, 'ReasoningQuality': -0.2916059217599022, 'TechnicalContext': -0.933138949631687, 'Ambiguity': 2.274526189727237, 'RepairReadiness': 1.632993161855452, 'RootCauseEvidence': -0.2916059217599022, 'HiddenReproducibility': -0.933138949631687, 'ImpactScope': -0.933138949631687}"
JacksonDatabind-29,JacksonDatabind,1.0,1.0,"{'Actionability': 0, 'Clarity': 1, 'Specificity': 1, 'Reproducibility': 1, 'ReasoningQuality': 1, 'TechnicalContext': 0, 'Ambiguity': 0, 'RepairReadiness': 0, 'RootCauseEvidence': 1, 'HiddenReproducibility': 0, 'ImpactScope': 0}","{'repair_difficulty': 5, 'ambiguity_count': 0, 'hidden_s2r_present': False, 'root_cause_evidence': 1, 'impact_scope': 0}","{'Actionability': -0.7694837640638655, 'Clarity': -0.20519567041703077, 'Specificity': -0.20519567041703077, 'Reproducibility': -0.20519567041703077, 'ReasoningQuality': -0.20519567041703077, 'TechnicalContext': -0.7694837640638655, 'Ambiguity': 2.0519567041703084, 'RepairReadiness': 2.0519567041703084, 'RootCauseEvidence': -0.20519567041703077, 'HiddenReproducibility': -0.7694837640638655, 'ImpactScope': -0.7694837640638655}"
JacksonDatabind-3,JacksonDatabind,1.0,1.0,"{'Actionability': 0, 'Clarity': 2, 'Specificity': 2, 'Reproducibility': 2, 'ReasoningQuality': 1, 'TechnicalContext': 1, 'Ambiguity': 0, 'RepairReadiness': 1, 'RootCauseEvidence': 1, 'HiddenReproducibility': 1, 'ImpactScope': 1}","{'repair_difficulty': 4, 'ambiguity_count': 0, 'hidden_s2r_present': True, 'root_cause_evidence': 1, 'impact_scope': 1}","{'Actionability': -1.2964074471043288, 'Clarity': 0.1296407447104329, 'Specificity': 0.1296407447104329, 'Reproducibility': 0.1296407447104329, 'ReasoningQuality': -0.5833833511969478, 'TechnicalContext': -0.5833833511969478, 'Ambiguity': 2.2687130324325753, 'RepairReadiness': 1.5556889365251945, 'RootCauseEvidence': -0.5833833511969478, 'HiddenReproducibility': -0.5833833511969478, 'ImpactScope': -0.5833833511969478}"
JacksonDatabind-30,JacksonDatabind,1.0,1.0,"{'Actionability': 1, 'Clarity': 0, 'Specificity': 1, 'Reproducibility': 2, 'ReasoningQuality': 0, 'TechnicalContext': 0, 'Ambiguity': 1, 'RepairReadiness': 2, 'RootCauseEvidence': 1, 'HiddenReproducibility': 0, 'ImpactScope': 0}","{'repair_difficulty': 3, 'ambiguity_count': 1, 'hidden_s2r_present': False, 'root_cause_evidence': 1, 'impact_scope': 0}","{'Actionability': -0.06933752452815357, 'Clarity': -0.8320502943378436, 'Specificity': -0.06933752452815357, 'Reproducibility': 0.6933752452815364, 'ReasoningQuality': -0.8320502943378436, 'TechnicalContext': -0.8320502943378436, 'Ambiguity': 2.2188007849009166, 'RepairReadiness': 1.4560880150912263, 'RootCauseEvidence': -0.06933752452815357, 'HiddenReproducibility': -0.8320502943378436, 'ImpactScope': -0.8320502943378436}"
JacksonDatabind-31,JacksonDatabind,1.0,1.0,"{'Actionability': 5, 'Clarity': 2, 'Specificity': 1, 'Reproducibility': 4, 'ReasoningQuality': 3, 'TechnicalContext': 0, 'Ambiguity': 3, 'RepairReadiness': 2, 'RootCauseEvidence': 2, 'HiddenReproducibility': 1, 'ImpactScope': 1}","{'repair_difficulty': 3, 'ambiguity_count': 3, 'hidden_s2r_present': True, 'root_cause_evidence': 2, 'impact_scope': 1}","{'Actionability': 2.0094315430117096, 'Clarity': -0.12964074471043277, 'Specificity': -0.8426648406178135, 'Reproducibility': 1.2964074471043288, 'ReasoningQuality': 0.5833833511969481, 'TechnicalContext': -1.5556889365251945, 'Ambiguity': -0.12964074471043277, 'RepairReadiness': 0.5833833511969481, 'RootCauseEvidence': -0.12964074471043277, 'HiddenReproducibility': -0.8426648406178135, 'ImpactScope': -0.8426648406178135}"
JacksonDatabind-32,JacksonDatabind,1.0,1.0,"{'Actionability': 0, 'Clarity': 1, 'Specificity': 1, 'Reproducibility': 0, 'ReasoningQuality': 1, 'TechnicalContext': 0, 'Ambiguity': 0, 'RepairReadiness': 2, 'RootCauseEvidence': 1, 'HiddenReproducibility': 0, 'ImpactScope': 0}","{'repair_difficulty': 3, 'ambiguity_count': 0, 'hidden_s2r_present': False, 'root_cause_evidence': 1, 'impact_scope': 0}","{'Actionability': -0.7249465119962123, 'Clarity': -0.06041220933301764, 'Specificity': -0.06041220933301764, 'Reproducibility': -0.7249465119962123, 'ReasoningQuality': -0.06041220933301764, 'TechnicalContext': -0.7249465119962123, 'Ambiguity': 2.5977250013197613, 'RepairReadiness': 1.2686563959933717, 'RootCauseEvidence': -0.06041220933301764, 'HiddenReproducibility': -0.7249465119962123, 'ImpactScope': -0.7249465119962123}"
JacksonDatabind-33,JacksonDatabind,1.0,1.0,"{'Actionability': 0, 'Clarity': 2, 'Specificity': 1, 'Reproducibility': 1, 'ReasoningQuality': 1, 'TechnicalContext': 0, 'Ambiguity': 2, 'RepairReadiness': 1, 'RootCauseEvidence': 2, 'HiddenReproducibility': 0, 'ImpactScope': 0}","{'repair_difficulty': 4, 'ambiguity_count': 2, 'hidden_s2r_present': False, 'root_cause_evidence': 2, 'impact_scope': 0}","{'Actionability': -0.9899494936611665, 'Clarity': 0.565685424949238, 'Specificity': -0.21213203435596423, 'Reproducibility': -0.21213203435596423, 'ReasoningQuality': -0.21213203435596423, 'TechnicalContext': -0.9899494936611665, 'Ambiguity': 1.3435028842544403, 'RepairReadiness': 2.121320343559643, 'RootCauseEvidence': 0.565685424949238, 'HiddenReproducibility': -0.9899494936611665, 'ImpactScope': -0.9899494936611665}"
JacksonDatabind-34,JacksonDatabind,1.0,1.0,"{'Actionability': 0, 'Clarity': 1, 'Specificity': 0, 'Reproducibility': 0, 'ReasoningQuality': 0, 'TechnicalContext': 0, 'Ambiguity': 0, 'RepairReadiness': 0, 'RootCauseEvidence': 0, 'HiddenReproducibility': 0, 'ImpactScope': 0}","{'repair_difficulty': 5, 'ambiguity_count': 0, 'hidden_s2r_present': False, 'root_cause_evidence': 0, 'impact_scope': 0}","{'Actionability': -0.5244044240850757, 'Clarity': 0.0, 'Specificity': -0.5244044240850757, 'Reproducibility': -0.5244044240850757, 'ReasoningQuality': -0.5244044240850757, 'TechnicalContext': -0.5244044240850757, 'Ambiguity': 2.097617696340303, 'RepairReadiness': 2.097617696340303, 'RootCauseEvidence': -0.5244044240850757, 'HiddenReproducibility': -0.5244044240850757, 'ImpactScope': -0.5244044240850757}"
JacksonDatabind-35,JacksonDatabind,1.0,1.0,"{'Actionability': 0, 'Clarity': 2, 'Specificity': 0, 'Reproducibility': 1, 'ReasoningQuality': 1, 'TechnicalContext': 1, 'Ambiguity': 0, 'RepairReadiness': 0, 'RootCauseEvidence': 2, 'HiddenReproducibility': 0, 'ImpactScope': 0}","{'repair_difficulty': 5, 'ambiguity_count': 0, 'hidden_s2r_present': False, 'root_cause_evidence': 2, 'impact_scope': 0}","{'Actionability': -0.8697956671643065, 'Clarity': 0.25582225504832545, 'Specificity': -0.8697956671643065, 'Reproducibility': -0.3069867060579905, 'ReasoningQuality': -0.3069867060579905, 'TechnicalContext': -0.3069867060579905, 'Ambiguity': 1.9442491383672733, 'RepairReadiness': 1.9442491383672733, 'RootCauseEvidence': 0.25582225504832545, 'HiddenReproducibility': -0.8697956671643065, 'ImpactScope': -0.8697956671643065}"
JacksonDatabind-36,JacksonDatabind,1.0,1.0,"{'Actionability': 0, 'Clarity': 2, 'Specificity': 0, 'Reproducibility': 3, 'ReasoningQuality': 1, 'TechnicalContext': 0, 'Ambiguity': 1, 'RepairReadiness': 2, 'RootCauseEvidence': 1, 'HiddenReproducibility': 0, 'ImpactScope': 0}","{'repair_difficulty': 3, 'ambiguity_count': 1, 'hidden_s2r_present': False, 'root_cause_evidence': 1, 'impact_scope': 0}","{'Actionability': -0.8962581595302718, 'Clarity': 0.5121475197315839, 'Specificity': -0.8962581595302718, 'Reproducibility': 1.2163503593625118, 'ReasoningQuality': -0.19205531989934393, 'TechnicalContext': -0.8962581595302718, 'Ambiguity': 1.92055319899344, 'RepairReadiness': 1.2163503593625118, 'RootCauseEvidence': -0.19205531989934393, 'HiddenReproducibility': -0.8962581595302718, 'ImpactScope': -0.8962581595302718}"
JacksonDatabind-37,JacksonDatabind,1.0,1.0,"{'Actionability': 4, 'Clarity': 1, 'Specificity': 1, 'Reproducibility': 2, 'ReasoningQuality': 3, 'TechnicalContext': 1, 'Ambiguity': 3, 'RepairReadiness': 1, 'RootCauseEvidence': 2, 'HiddenReproducibility': 0, 'ImpactScope': 1}","{'repair_difficulty': 4, 'ambiguity_count': 3, 'hidden_s2r_present': False, 'root_cause_evidence': 2, 'impact_scope': 1}","{'Actionability': 1.6864418227455629, 'Clarity': -0.7332355751067665, 'Specificity': -0.7332355751067665, 'Reproducibility': 0.07332355751067658, 'ReasoningQuality': 0.8798826901281197, 'TechnicalContext': -0.7332355751067665, 'Ambiguity': 0.07332355751067658, 'RepairReadiness': 1.6864418227455629, 'RootCauseEvidence': 0.07332355751067658, 'HiddenReproducibility': -1.5397947077242098, 'ImpactScope': -0.7332355751067665}"
JacksonDatabind-38,JacksonDatabind,1.0,1.0,"{'Actionability': 4, 'Clarity': 3, 'Specificity': 1, 'Reproducibility': 3, 'ReasoningQuality': 3, 'TechnicalContext': 1, 'Ambiguity': 3, 'RepairReadiness': 2, 'RootCauseEvidence': 3, 'HiddenReproducibility': 0, 'ImpactScope': 1}","{'repair_difficulty': 3, 'ambiguity_count': 3, 'hidden_s2r_present': False, 'root_cause_evidence': 3, 'impact_scope': 1}","{'Actionability': 1.5249857033260468, 'Clarity': 0.6862435664967211, 'Specificity': -0.9912407071619301, 'Reproducibility': 0.6862435664967211, 'ReasoningQuality': 0.6862435664967211, 'TechnicalContext': -0.9912407071619301, 'Ambiguity': -0.15249857033260453, 'RepairReadiness': 0.6862435664967211, 'RootCauseEvidence': 0.6862435664967211, 'HiddenReproducibility': -1.8299828439912558, 'ImpactScope': -0.9912407071619301}"
JacksonDatabind-39,JacksonDatabind,1.0,1.0,"{'Actionability': 1, 'Clarity': 1, 'Specificity': 0, 'Reproducibility': 0, 'ReasoningQuality': 0, 'TechnicalContext': 0, 'Ambiguity': 0, 'RepairReadiness': 1, 'RootCauseEvidence': 1, 'HiddenReproducibility': 0, 'ImpactScope': 0}","{'repair_difficulty': 4, 'ambiguity_count': 0, 'hidden_s2r_present': False, 'root_cause_evidence': 1, 'impact_scope': 0}","{'Actionability': -0.05423261445466399, 'Clarity': -0.05423261445466399, 'Specificity': -0.6507913734559684, 'Reproducibility': -0.6507913734559684, 'ReasoningQuality': -0.6507913734559684, 'TechnicalContext': -0.6507913734559684, 'Ambiguity': 2.3320024215505537, 'RepairReadiness': 1.7354436625492493, 'RootCauseEvidence': -0.05423261445466399, 'HiddenReproducibility': -0.6507913734559684, 'ImpactScope': -0.6507913734559684}"
JacksonDatabind-4,JacksonDatabind,1.0,1.0,"{'Actionability': 1, 'Clarity': 2, 'Specificity': 0, 'Reproducibility': 1, 'ReasoningQuality': 1, 'TechnicalContext': 0, 'Ambiguity': 1, 'RepairReadiness': 0, 'RootCauseEvidence': 1, 'HiddenReproducibility': 0, 'ImpactScope': 0}","{'repair_difficulty': 5, 'ambiguity_count': 1, 'hidden_s2r_present': False, 'root_cause_evidence': 1, 'impact_scope': 0}","{'Actionability': -0.22573305919324008, 'Clarity': 0.3950328535881703, 'Specificity': -0.8464989719746505, 'Reproducibility': -0.22573305919324008, 'ReasoningQuality': -0.22573305919324008, 'TechnicalContext': -0.8464989719746505, 'Ambiguity': 1.6365646791509914, 'RepairReadiness': 2.257330591932402, 'RootCauseEvidence': -0.22573305919324008, 'HiddenReproducibility': -0.8464989719746505, 'ImpactScope': -0.8464989719746505}"
JacksonDatabind-40,JacksonDatabind,1.0,1.0,"{'Actionability': 0, 'Clarity': 1, 'Specificity': 1, 'Reproducibility': 0, 'ReasoningQuality': 0, 'TechnicalContext': 0, 'Ambiguity': 0, 'RepairReadiness': 1, 'RootCauseEvidence': 1, 'HiddenReproducibility': 0, 'ImpactScope': 0}","{'repair_difficulty': 4, 'ambiguity_count': 0, 'hidden_s2r_present': False, 'root_cause_evidence': 1, 'impact_scope': 0}","{'Actionability': -0.6507913734559684, 'Clarity': -0.05423261445466399, 'Specificity': -0.05423261445466399, 'Reproducibility': -0.6507913734559684, 'ReasoningQuality': -0.6507913734559684, 'TechnicalContext': -0.6507913734559684, 'Ambiguity': 2.3320024215505537, 'RepairReadiness': 1.7354436625492493, 'RootCauseEvidence': -0.05423261445466399, 'HiddenReproducibility': -0.6507913734559684, 'ImpactScope': -0.6507913734559684}"
JacksonDatabind-41,JacksonDatabind,1.0,1.0,"{'Actionability': 1, 'Clarity': 1, 'Specificity': 1, 'Reproducibility': 2, 'ReasoningQuality': 1, 'TechnicalContext': 0, 'Ambiguity': 0, 'RepairReadiness': 1, 'RootCauseEvidence': 1, 'HiddenReproducibility': 0, 'ImpactScope': 0}","{'repair_difficulty': 4, 'ambiguity_count': 0, 'hidden_s2r_present': False, 'root_cause_evidence': 1, 'impact_scope': 0}","{'Actionability': -0.2916059217599022, 'Clarity': -0.2916059217599022, 'Specificity': -0.2916059217599022, 'Reproducibility': 0.3499271061118826, 'ReasoningQuality': -0.2916059217599022, 'TechnicalContext': -0.933138949631687, 'Ambiguity': 2.274526189727237, 'RepairReadiness': 1.632993161855452, 'RootCauseEvidence': -0.2916059217599022, 'HiddenReproducibility': -0.933138949631687, 'ImpactScope': -0.933138949631687}"
JacksonDatabind-42,JacksonDatabind,1.0,1.0,"{'Actionability': 0, 'Clarity': 1, 'Specificity': 0, 'Reproducibility': 2, 'ReasoningQuality': 1, 'TechnicalContext': 0, 'Ambiguity': 1, 'RepairReadiness': 2, 'RootCauseEvidence': 2, 'HiddenReproducibility': 0, 'ImpactScope': 0}","{'repair_difficulty': 3, 'ambiguity_count': 1, 'hidden_s2r_present': False, 'root_cause_evidence': 2, 'impact_scope': 0}","{'Actionability': -0.8845379626717033, 'Clarity': -0.13608276348795437, 'Specificity': -0.8845379626717033, 'Reproducibility': 0.6123724356957945, 'ReasoningQuality': -0.13608276348795437, 'TechnicalContext': -0.8845379626717033, 'Ambiguity': 2.109282834063292, 'RepairReadiness': 1.3608276348795434, 'RootCauseEvidence': 0.6123724356957945, 'HiddenReproducibility': -0.8845379626717033, 'ImpactScope': -0.8845379626717033}"
JacksonDatabind-43,JacksonDatabind,1.0,1.0,"{'Actionability': 0, 'Clarity': 2, 'Specificity': 0, 'Reproducibility': 1, 'ReasoningQuality': 1, 'TechnicalContext': 0, 'Ambiguity': 0, 'RepairReadiness': 0, 'RootCauseEvidence': 1, 'HiddenReproducibility': 0, 'ImpactScope': 0}","{'repair_difficulty': 5, 'ambiguity_count': 0, 'hidden_s2r_present': False, 'root_cause_evidence': 1, 'impact_scope': 0}","{'Actionability': -0.7481320020807246, 'Clarity': 0.3491282676376716, 'Specificity': -0.7481320020807246, 'Reproducibility': -0.19950186722152652, 'ReasoningQuality': -0.19950186722152652, 'TechnicalContext': -0.7481320020807246, 'Ambiguity': 1.995018672215266, 'RepairReadiness': 1.995018672215266, 'RootCauseEvidence': -0.19950186722152652, 'HiddenReproducibility': -0.7481320020807246, 'ImpactScope': -0.7481320020807246}"
JacksonDatabind-44,JacksonDatabind,1.0,1.0,"{'Actionability': 0, 'Clarity': 0, 'Specificity': 0, 'Reproducibility': 0, 'ReasoningQuality': 0, 'TechnicalContext': 0, 'Ambiguity': 0, 'RepairReadiness': 1, 'RootCauseEvidence': 0, 'HiddenReproducibility': 0, 'ImpactScope': 0}","{'repair_difficulty': 4, 'ambiguity_count': 0, 'hidden_s2r_present': False, 'root_cause_evidence': 0, 'impact_scope': 0}","{'Actionability': -0.46788772041903276, 'Clarity': -0.46788772041903276, 'Specificity': -0.46788772041903276, 'Reproducibility': -0.46788772041903276, 'ReasoningQuality': -0.46788772041903276, 'TechnicalContext': -0.46788772041903276, 'Ambiguity': 2.391426126586167, 'RepairReadiness': 1.819563357185127, 'RootCauseEvidence': -0.46788772041903276, 'HiddenReproducibility': -0.46788772041903276, 'ImpactScope': -0.46788772041903276}"
JacksonDatabind-45,JacksonDatabind,1.0,1.0,"{'Actionability': 0, 'Clarity': 0, 'Specificity': 1, 'Reproducibility': 2, 'ReasoningQuality': 0, 'TechnicalContext': 0, 'Ambiguity': 1, 'RepairReadiness': 2, 'RootCauseEvidence': 1, 'HiddenReproducibility': 0, 'ImpactScope': 0}","{'repair_difficulty': 3, 'ambiguity_count': 1, 'hidden_s2r_present': False, 'root_cause_evidence': 1, 'impact_scope': 0}","{'Actionability': -0.7416198487095663, 'Clarity': -0.7416198487095663, 'Specificity': 0.0, 'Reproducibility': 0.7416198487095663, 'ReasoningQuality': -0.7416198487095663, 'TechnicalContext': -0.7416198487095663, 'Ambiguity': 2.224859546128699, 'RepairReadiness': 1.4832396974191326, 'RootCauseEvidence': 0.0, 'HiddenReproducibility': -0.7416198487095663, 'ImpactScope': -0.7416198487095663}"
JacksonDatabind-46,JacksonDatabind,1.0,1.0,"{'Actionability': 0, 'Clarity': 0, 'Specificity': 0, 'Reproducibility': 0, 'ReasoningQuality': 0, 'TechnicalContext': 0, 'Ambiguity': 1, 'RepairReadiness': 0, 'RootCauseEvidence': 0, 'HiddenReproducibility': 0, 'ImpactScope': 0}","{'repair_difficulty': 5, 'ambiguity_count': 1, 'hidden_s2r_present': False, 'root_cause_evidence': 0, 'impact_scope': 0}","{'Actionability': -0.46788772041903276, 'Clarity': -0.46788772041903276, 'Specificity': -0.46788772041903276, 'Reproducibility': -0.46788772041903276, 'ReasoningQuality': -0.46788772041903276, 'TechnicalContext': -0.46788772041903276, 'Ambiguity': 1.819563357185127, 'RepairReadiness': 2.391426126586167, 'RootCauseEvidence': -0.46788772041903276, 'HiddenReproducibility': -0.46788772041903276, 'ImpactScope': -0.46788772041903276}"
JacksonDatabind-47,JacksonDatabind,1.0,1.0,"{'Actionability': 0, 'Clarity': 2, 'Specificity': 0, 'Reproducibility': 1, 'ReasoningQuality': 1, 'TechnicalContext': 0, 'Ambiguity': 0, 'RepairReadiness': 2, 'RootCauseEvidence': 1, 'HiddenReproducibility': 0, 'ImpactScope': 0}","{'repair_difficulty': 3, 'ambiguity_count': 0, 'hidden_s2r_present': False, 'root_cause_evidence': 1, 'impact_scope': 0}","{'Actionability': -0.7741387344280378, 'Clarity': 0.5359422007578722, 'Specificity': -0.7741387344280378, 'Reproducibility': -0.11909826683508278, 'ReasoningQuality': -0.11909826683508278, 'TechnicalContext': -0.7741387344280378, 'Ambiguity': 2.5010636035367373, 'RepairReadiness': 1.1909826683508273, 'RootCauseEvidence': -0.11909826683508278, 'HiddenReproducibility': -0.7741387344280378, 'ImpactScope': -0.7741387344280378}"
JacksonDatabind-48,JacksonDatabind,1.0,1.0,"{'Actionability': 1, 'Clarity': 2, 'Specificity': 0, 'Reproducibility': 3, 'ReasoningQuality': 2, 'TechnicalContext': 0, 'Ambiguity': 1, 'RepairReadiness': 1, 'RootCauseEvidence': 1, 'HiddenReproducibility': 0, 'ImpactScope': 0}","{'repair_difficulty': 4, 'ambiguity_count': 1, 'hidden_s2r_present': False, 'root_cause_evidence': 1, 'impact_scope': 0}","{'Actionability': -0.36380343755449945, 'Clarity': 0.30316953129541624, 'Specificity': -1.0307764064044151, 'Reproducibility': 0.970142500145332, 'ReasoningQuality': 0.30316953129541624, 'TechnicalContext': -1.0307764064044151, 'Ambiguity': 1.6371154689952476, 'RepairReadiness': 1.6371154689952476, 'RootCauseEvidence': -0.36380343755449945, 'HiddenReproducibility': -1.0307764064044151, 'ImpactScope': -1.0307764064044151}"
JacksonDatabind-49,JacksonDatabind,1.0,1.0,"{'Actionability': 0, 'Clarity': 2, 'Specificity': 1, 'Reproducibility': 0, 'ReasoningQuality': 1, 'TechnicalContext': 0, 'Ambiguity': 1, 'RepairReadiness': 1, 'RootCauseEvidence': 2, 'HiddenReproducibility': 0, 'ImpactScope': 0}","{'repair_difficulty': 4, 'ambiguity_count': 1, 'hidden_s2r_present': False, 'root_cause_evidence': 2, 'impact_scope': 0}","{'Actionability': -0.8583950752789522, 'Clarity': 0.4905114715879727, 'Specificity': -0.18394180184548975, 'Reproducibility': -0.8583950752789522, 'ReasoningQuality': -0.18394180184548975, 'TechnicalContext': -0.8583950752789522, 'Ambiguity': 1.8394180184548978, 'RepairReadiness': 1.8394180184548978, 'RootCauseEvidence': 0.4905114715879727, 'HiddenReproducibility': -0.8583950752789522, 'ImpactScope': -0.8583950752789522}"
JacksonDatabind-5,JacksonDatabind,1.0,1.0,"{'Actionability': 1, 'Clarity': 2, 'Specificity': 2, 'Reproducibility': 4, 'ReasoningQuality': 2, 'TechnicalContext': 1, 'Ambiguity': 1, 'RepairReadiness': 2, 'RootCauseEvidence': 1, 'HiddenReproducibility': 1, 'ImpactScope': 1}","{'repair_difficulty': 3, 'ambiguity_count': 1, 'hidden_s2r_present': True, 'root_cause_evidence': 1, 'impact_scope': 1}","{'Actionability': -0.8864052604279183, 'Clarity': 0.0, 'Specificity': 0.0, 'Reproducibility': 1.7728105208558367, 'ReasoningQuality': 0.0, 'TechnicalContext': -0.8864052604279183, 'Ambiguity': 1.7728105208558367, 'RepairReadiness': 0.8864052604279183, 'RootCauseEvidence': -0.8864052604279183, 'HiddenReproducibility': -0.8864052604279183, 'ImpactScope': -0.8864052604279183}"
JacksonDatabind-50,JacksonDatabind,1.0,1.0,"{'Actionability': 0, 'Clarity': 1, 'Specificity': 0, 'Reproducibility': 0, 'ReasoningQuality': 1, 'TechnicalContext': 0, 'Ambiguity': 0, 'RepairReadiness': 1, 'RootCauseEvidence': 2, 'HiddenReproducibility': 1, 'ImpactScope': 1}","{'repair_difficulty': 4, 'ambiguity_count': 0, 'hidden_s2r_present': True, 'root_cause_evidence': 2, 'impact_scope': 1}","{'Actionability': -0.8464989719746505, 'Clarity': -0.22573305919324008, 'Specificity': -0.8464989719746505, 'Reproducibility': -0.8464989719746505, 'ReasoningQuality': -0.22573305919324008, 'TechnicalContext': -0.8464989719746505, 'Ambiguity': 2.257330591932402, 'RepairReadiness': 1.6365646791509914, 'RootCauseEvidence': 0.3950328535881703, 'HiddenReproducibility': -0.22573305919324008, 'ImpactScope': -0.22573305919324008}"
JacksonDatabind-51,JacksonDatabind,1.0,1.0,"{'Actionability': 1, 'Clarity': 2, 'Specificity': 1, 'Reproducibility': 1, 'ReasoningQuality': 1, 'TechnicalContext': 0, 'Ambiguity': 0, 'RepairReadiness': 1, 'RootCauseEvidence': 1, 'HiddenReproducibility': 0, 'ImpactScope': 0}","{'repair_difficulty': 4, 'ambiguity_count': 0, 'hidden_s2r_present': False, 'root_cause_evidence': 1, 'impact_scope': 0}","{'Actionability': -0.2916059217599022, 'Clarity': 0.3499271061118826, 'Specificity': -0.2916059217599022, 'Reproducibility': -0.2916059217599022, 'ReasoningQuality': -0.2916059217599022, 'TechnicalContext': -0.933138949631687, 'Ambiguity': 2.274526189727237, 'RepairReadiness': 1.632993161855452, 'RootCauseEvidence': -0.2916059217599022, 'HiddenReproducibility': -0.933138949631687, 'ImpactScope': -0.933138949631687}"
JacksonDatabind-52,JacksonDatabind,1.0,1.0,"{'Actionability': 0, 'Clarity': 0, 'Specificity': 1, 'Reproducibility': 1, 'ReasoningQuality': 0, 'TechnicalContext': 0, 'Ambiguity': 0, 'RepairReadiness': 1, 'RootCauseEvidence': 1, 'HiddenReproducibility': 0, 'ImpactScope': 0}","{'repair_difficulty': 4, 'ambiguity_count': 0, 'hidden_s2r_present': False, 'root_cause_evidence': 1, 'impact_scope': 0}","{'Actionability': -0.6507913734559684, 'Clarity': -0.6507913734559684, 'Specificity': -0.05423261445466399, 'Reproducibility': -0.05423261445466399, 'ReasoningQuality': -0.6507913734559684, 'TechnicalContext': -0.6507913734559684, 'Ambiguity': 2.3320024215505537, 'RepairReadiness': 1.7354436625492493, 'RootCauseEvidence': -0.05423261445466399, 'HiddenReproducibility': -0.6507913734559684, 'ImpactScope': -0.6507913734559684}"
JacksonDatabind-53,JacksonDatabind,1.0,1.0,"{'Actionability': 2, 'Clarity': 3, 'Specificity': 1, 'Reproducibility': 1, 'ReasoningQuality': 1, 'TechnicalContext': 0, 'Ambiguity': 1, 'RepairReadiness': 2, 'RootCauseEvidence': 1, 'HiddenReproducibility': 1, 'ImpactScope': 1}","{'repair_difficulty': 3, 'ambiguity_count': 1, 'hidden_s2r_present': True, 'root_cause_evidence': 1, 'impact_scope': 1}","{'Actionability': 0.3162277660168379, 'Clarity': 1.1858541225631423, 'Specificity': -0.5533985905294665, 'Reproducibility': -0.5533985905294665, 'ReasoningQuality': -0.5533985905294665, 'TechnicalContext': -1.4230249470757708, 'Ambiguity': 2.0554804791094465, 'RepairReadiness': 1.1858541225631423, 'RootCauseEvidence': -0.5533985905294665, 'HiddenReproducibility': -0.5533985905294665, 'ImpactScope': -0.5533985905294665}"
JacksonDatabind-54,JacksonDatabind,1.0,1.0,"{'Actionability': 0, 'Clarity': 2, 'Specificity': 0, 'Reproducibility': 2, 'ReasoningQuality': 1, 'TechnicalContext': 1, 'Ambiguity': 0, 'RepairReadiness': 1, 'RootCauseEvidence': 1, 'HiddenReproducibility': 0, 'ImpactScope': 1}","{'repair_difficulty': 4, 'ambiguity_count': 0, 'hidden_s2r_present': False, 'root_cause_evidence': 1, 'impact_scope': 1}","{'Actionability': -0.9914601339836674, 'Clarity': 0.2916059217599022, 'Specificity': -0.9914601339836674, 'Reproducibility': 0.2916059217599022, 'ReasoningQuality': -0.3499271061118826, 'TechnicalContext': -0.3499271061118826, 'Ambiguity': 2.2162050053752567, 'RepairReadiness': 1.5746719775034717, 'RootCauseEvidence': -0.3499271061118826, 'HiddenReproducibility': -0.9914601339836674, 'ImpactScope': -0.3499271061118826}"
JacksonDatabind-55,JacksonDatabind,1.0,1.0,"{'Actionability': 0, 'Clarity': 1, 'Specificity': 0, 'Reproducibility': 2, 'ReasoningQuality': 1, 'TechnicalContext': 0, 'Ambiguity': 0, 'RepairReadiness': 1, 'RootCauseEvidence': 1, 'HiddenReproducibility': 0, 'ImpactScope': 0}","{'repair_difficulty': 4, 'ambiguity_count': 0, 'hidden_s2r_present': False, 'root_cause_evidence': 1, 'impact_scope': 0}","{'Actionability': -0.7683498199278324, 'Clarity': -0.16464638998453549, 'Specificity': -0.7683498199278324, 'Reproducibility': 0.4390570399587614, 'ReasoningQuality': -0.16464638998453549, 'TechnicalContext': -0.7683498199278324, 'Ambiguity': 2.250167329788652, 'RepairReadiness': 1.6464638998453551, 'RootCauseEvidence': -0.16464638998453549, 'HiddenReproducibility': -0.7683498199278324, 'ImpactScope': -0.7683498199278324}"
JacksonDatabind-56,JacksonDatabind,1.0,1.0,"{'Actionability': 0, 'Clarity': 1, 'Specificity': 1, 'Reproducibility': 2, 'ReasoningQuality': 1, 'TechnicalContext': 0, 'Ambiguity': 0, 'RepairReadiness': 1, 'RootCauseEvidence': 1, 'HiddenReproducibility': 0, 'ImpactScope': 1}","{'repair_difficulty': 4, 'ambiguity_count': 0, 'hidden_s2r_present': False, 'root_cause_evidence': 1, 'impact_scope': 1}","{'Actionability': -0.933138949631687, 'Clarity': -0.2916059217599022, 'Specificity': -0.2916059217599022, 'Reproducibility': 0.3499271061118826, 'ReasoningQuality': -0.2916059217599022, 'TechnicalContext': -0.933138949631687, 'Ambiguity': 2.274526189727237, 'RepairReadiness': 1.632993161855452, 'RootCauseEvidence': -0.2916059217599022, 'HiddenReproducibility': -0.933138949631687, 'ImpactScope': -0.2916059217599022}"
JacksonDatabind-57,JacksonDatabind,1.0,1.0,"{'Actionability': 0, 'Clarity': 1, 'Specificity': 0, 'Reproducibility': 1, 'ReasoningQuality': 1, 'TechnicalContext': 0, 'Ambiguity': 0, 'RepairReadiness': 0, 'RootCauseEvidence': 1, 'HiddenReproducibility': 0, 'ImpactScope': 0}","{'repair_difficulty': 5, 'ambiguity_count': 0, 'hidden_s2r_present': False, 'root_cause_evidence': 1, 'impact_scope': 0}","{'Actionability': -0.7017565899639198, 'Clarity': -0.15037641213512565, 'Specificity': -0.7017565899639198, 'Reproducibility': -0.15037641213512565, 'ReasoningQuality': -0.15037641213512565, 'TechnicalContext': -0.7017565899639198, 'Ambiguity': 2.055144299180051, 'RepairReadiness': 2.055144299180051, 'RootCauseEvidence': -0.15037641213512565, 'HiddenReproducibility': -0.7017565899639198, 'ImpactScope': -0.7017565899639198}"
JacksonDatabind-58,JacksonDatabind,1.0,1.0,"{'Actionability': 1, 'Clarity': 2, 'Specificity': 0, 'Reproducibility': 1, 'ReasoningQuality': 1, 'TechnicalContext': 0, 'Ambiguity': 0, 'RepairReadiness': 2, 'RootCauseEvidence': 2, 'HiddenReproducibility': 0, 'ImpactScope': 0}","{'repair_difficulty': 3, 'ambiguity_count': 0, 'hidden_s2r_present': False, 'root_cause_evidence': 2, 'impact_scope': 0}","{'Actionability': -0.24343224778007377, 'Clarity': 0.4260064336151293, 'Specificity': -0.9128709291752768, 'Reproducibility': -0.24343224778007377, 'ReasoningQuality': -0.24343224778007377, 'TechnicalContext': -0.9128709291752768, 'Ambiguity': 2.4343224778007384, 'RepairReadiness': 1.0954451150103324, 'RootCauseEvidence': 0.4260064336151293, 'HiddenReproducibility': -0.9128709291752768, 'ImpactScope': -0.9128709291752768}"
JacksonDatabind-59,JacksonDatabind,1.0,1.0,"{'Actionability': 1, 'Clarity': 1, 'Specificity': 0, 'Reproducibility': 3, 'ReasoningQuality': 2, 'TechnicalContext': 2, 'Ambiguity': 1, 'RepairReadiness': 1, 'RootCauseEvidence': 1, 'HiddenReproducibility': 0, 'ImpactScope': 1}","{'repair_difficulty': 4, 'ambiguity_count': 1, 'hidden_s2r_present': False, 'root_cause_evidence': 1, 'impact_scope': 1}","{'Actionability': -0.5369248441712194, 'Clarity': -0.5369248441712194, 'Specificity': -1.275196504906646, 'Reproducibility': 0.9396184772996339, 'ReasoningQuality': 0.20134681656420725, 'TechnicalContext': 0.20134681656420725, 'Ambiguity': 1.6778901380350604, 'RepairReadiness': 1.6778901380350604, 'RootCauseEvidence': -0.5369248441712194, 'HiddenReproducibility': -1.275196504906646, 'ImpactScope': -0.5369248441712194}"
JacksonDatabind-6,JacksonDatabind,1.0,1.0,"{'Actionability': 0, 'Clarity': 1, 'Specificity': 1, 'Reproducibility': 0, 'ReasoningQuality': 0, 'TechnicalContext': 0, 'Ambiguity': 0, 'RepairReadiness': 1, 'RootCauseEvidence': 1, 'HiddenReproducibility': 0, 'ImpactScope': 0}","{'repair_difficulty': 4, 'ambiguity_count': 0, 'hidden_s2r_present': False, 'root_cause_evidence': 1, 'impact_scope': 0}","{'Actionability': -0.6507913734559684, 'Clarity': -0.05423261445466399, 'Specificity': -0.05423261445466399, 'Reproducibility': -0.6507913734559684, 'ReasoningQuality': -0.6507913734559684, 'TechnicalContext': -0.6507913734559684, 'Ambiguity': 2.3320024215505537, 'RepairReadiness': 1.7354436625492493, 'RootCauseEvidence': -0.05423261445466399, 'HiddenReproducibility': -0.6507913734559684, 'ImpactScope': -0.6507913734559684}"
JacksonDatabind-60,JacksonDatabind,1.0,1.0,"{'Actionability': 0, 'Clarity': 0, 'Specificity': 0, 'Reproducibility': 0, 'ReasoningQuality': 0, 'TechnicalContext': 0, 'Ambiguity': 0, 'RepairReadiness': 0, 'RootCauseEvidence': 0, 'HiddenReproducibility': 0, 'ImpactScope': 0}","{'repair_difficulty': 5, 'ambiguity_count': 0, 'hidden_s2r_present': False, 'root_cause_evidence': 0, 'impact_scope': 0}","{'Actionability': -0.4714045207910317, 'Clarity': -0.4714045207910317, 'Specificity': -0.4714045207910317, 'Reproducibility': -0.4714045207910317, 'ReasoningQuality': -0.4714045207910317, 'TechnicalContext': -0.4714045207910317, 'Ambiguity': 2.121320343559643, 'RepairReadiness': 2.121320343559643, 'RootCauseEvidence': -0.4714045207910317, 'HiddenReproducibility': -0.4714045207910317, 'ImpactScope': -0.4714045207910317}"
JacksonDatabind-61,JacksonDatabind,1.0,1.0,"{'Actionability': 1, 'Clarity': 2, 'Specificity': 1, 'Reproducibility': 2, 'ReasoningQuality': 1, 'TechnicalContext': 0, 'Ambiguity': 0, 'RepairReadiness': 1, 'RootCauseEvidence': 2, 'HiddenReproducibility': 0, 'ImpactScope': 0}","{'repair_difficulty': 4, 'ambiguity_count': 0, 'hidden_s2r_present': False, 'root_cause_evidence': 2, 'impact_scope': 0}","{'Actionability': -0.40964401518645704, 'Clarity': 0.23408229439226108, 'Specificity': -0.40964401518645704, 'Reproducibility': 0.23408229439226108, 'ReasoningQuality': -0.40964401518645704, 'TechnicalContext': -1.0533703247651751, 'Ambiguity': 2.1652612231284154, 'RepairReadiness': 1.5215349135496972, 'RootCauseEvidence': 0.23408229439226108, 'HiddenReproducibility': -1.0533703247651751, 'ImpactScope': -1.0533703247651751}"
JacksonDatabind-62,JacksonDatabind,1.0,1.0,"{'Actionability': 0, 'Clarity': 2, 'Specificity': 1, 'Reproducibility': 3, 'ReasoningQuality': 1, 'TechnicalContext': 0, 'Ambiguity': 3, 'RepairReadiness': 2, 'RootCauseEvidence': 1, 'HiddenReproducibility': 0, 'ImpactScope': 0}","{'repair_difficulty': 3, 'ambiguity_count': 3, 'hidden_s2r_present': False, 'root_cause_evidence': 1, 'impact_scope': 0}","{'Actionability': -1.061445555206044, 'Clarity': 0.7348469228349535, 'Specificity': -0.16329931618554527, 'Reproducibility': 1.632993161855452, 'ReasoningQuality': -0.16329931618554527, 'TechnicalContext': -1.061445555206044, 'Ambiguity': 0.7348469228349535, 'RepairReadiness': 1.632993161855452, 'RootCauseEvidence': -0.16329931618554527, 'HiddenReproducibility': -1.061445555206044, 'ImpactScope': -1.061445555206044}"
JacksonDatabind-63,JacksonDatabind,1.0,1.0,"{'Actionability': 0, 'Clarity': 0, 'Specificity': 0, 'Reproducibility': 0, 'ReasoningQuality': 0, 'TechnicalContext': 0, 'Ambiguity': 0, 'RepairReadiness': 0, 'RootCauseEvidence': 0, 'HiddenReproducibility': 0, 'ImpactScope': 0}","{'repair_difficulty': 5, 'ambiguity_count': 0, 'hidden_s2r_present': False, 'root_cause_evidence': 0, 'impact_scope': 0}","{'Actionability': -0.4714045207910317, 'Clarity': -0.4714045207910317, 'Specificity': -0.4714045207910317, 'Reproducibility': -0.4714045207910317, 'ReasoningQuality': -0.4714045207910317, 'TechnicalContext': -0.4714045207910317, 'Ambiguity': 2.121320343559643, 'RepairReadiness': 2.121320343559643, 'RootCauseEvidence': -0.4714045207910317, 'HiddenReproducibility': -0.4714045207910317, 'ImpactScope': -0.4714045207910317}"
JacksonDatabind-64,JacksonDatabind,1.0,1.0,"{'Actionability': 0, 'Clarity': 0, 'Specificity': 0, 'Reproducibility': 1, 'ReasoningQuality': 0, 'TechnicalContext': 0, 'Ambiguity': 0, 'RepairReadiness': 1, 'RootCauseEvidence': 1, 'HiddenReproducibility': 0, 'ImpactScope': 1}","{'repair_difficulty': 4, 'ambiguity_count': 0, 'hidden_s2r_present': False, 'root_cause_evidence': 1, 'impact_scope': 1}","{'Actionability': -0.6507913734559684, 'Clarity': -0.6507913734559684, 'Specificity': -0.6507913734559684, 'Reproducibility': -0.05423261445466399, 'ReasoningQuality': -0.6507913734559684, 'TechnicalContext': -0.6507913734559684, 'Ambiguity': 2.3320024215505537, 'RepairReadiness': 1.7354436625492493, 'RootCauseEvidence': -0.05423261445466399, 'HiddenReproducibility': -0.6507913734559684, 'ImpactScope': -0.05423261445466399}"
JacksonDatabind-66,JacksonDatabind,1.0,1.0,"{'Actionability': 1, 'Clarity': 1, 'Specificity': 0, 'Reproducibility': 1, 'ReasoningQuality': 1, 'TechnicalContext': 1, 'Ambiguity': 1, 'RepairReadiness': 1, 'RootCauseEvidence': 2, 'HiddenReproducibility': 0, 'ImpactScope': 0}","{'repair_difficulty': 4, 'ambiguity_count': 1, 'hidden_s2r_present': False, 'root_cause_evidence': 2, 'impact_scope': 0}","{'Actionability': -0.26607604209509567, 'Clarity': -0.26607604209509567, 'Specificity': -0.9977851578566089, 'Reproducibility': -0.26607604209509567, 'ReasoningQuality': -0.26607604209509567, 'TechnicalContext': -0.26607604209509567, 'Ambiguity': 1.9290513051894442, 'RepairReadiness': 1.9290513051894442, 'RootCauseEvidence': 0.4656330736664176, 'HiddenReproducibility': -0.9977851578566089, 'ImpactScope': -0.9977851578566089}"
JacksonDatabind-67,JacksonDatabind,1.0,1.0,"{'Actionability': 1, 'Clarity': 2, 'Specificity': 1, 'Reproducibility': 2, 'ReasoningQuality': 1, 'TechnicalContext': 1, 'Ambiguity': 0, 'RepairReadiness': 1, 'RootCauseEvidence': 1, 'HiddenReproducibility': 0, 'ImpactScope': 1}","{'repair_difficulty': 4, 'ambiguity_count': 0, 'hidden_s2r_present': False, 'root_cause_evidence': 1, 'impact_scope': 1}","{'Actionability': -0.5121475197315839, 'Clarity': 0.19205531989934393, 'Specificity': -0.5121475197315839, 'Reproducibility': 0.19205531989934393, 'ReasoningQuality': -0.5121475197315839, 'TechnicalContext': -0.5121475197315839, 'Ambiguity': 2.3046638387921274, 'RepairReadiness': 1.6004609991611995, 'RootCauseEvidence': -0.5121475197315839, 'HiddenReproducibility': -1.2163503593625118, 'ImpactScope': -0.5121475197315839}"
JacksonDatabind-68,JacksonDatabind,1.0,1.0,"{'Actionability': 5, 'Clarity': 3, 'Specificity': 2, 'Reproducibility': 1, 'ReasoningQuality': 3, 'TechnicalContext': 0, 'Ambiguity': 3, 'RepairReadiness': 1, 'RootCauseEvidence': 1, 'HiddenReproducibility': 0, 'ImpactScope': 1}","{'repair_difficulty': 4, 'ambiguity_count': 3, 'hidden_s2r_present': False, 'root_cause_evidence': 1, 'impact_scope': 1}","{'Actionability': 1.9513309067639726, 'Clarity': 0.6504436355879909, 'Specificity': 0.0, 'Reproducibility': -0.6504436355879909, 'ReasoningQuality': 0.6504436355879909, 'TechnicalContext': -1.3008872711759818, 'Ambiguity': 0.0, 'RepairReadiness': 1.3008872711759818, 'RootCauseEvidence': -0.6504436355879909, 'HiddenReproducibility': -1.3008872711759818, 'ImpactScope': -0.6504436355879909}"
JacksonDatabind-69,JacksonDatabind,1.0,1.0,"{'Actionability': 4, 'Clarity': 1, 'Specificity': 1, 'Reproducibility': 4, 'ReasoningQuality': 3, 'TechnicalContext': 0, 'Ambiguity': 4, 'RepairReadiness': 3, 'RootCauseEvidence': 2, 'HiddenReproducibility': 1, 'ImpactScope': 1}","{'repair_difficulty': 2, 'ambiguity_count': 4, 'hidden_s2r_present': True, 'root_cause_evidence': 2, 'impact_scope': 1}","{'Actionability': 1.7230995806825713, 'Clarity': -0.6461623427559643, 'Specificity': -0.6461623427559643, 'Reproducibility': 1.7230995806825713, 'ReasoningQuality': 0.9333456062030596, 'TechnicalContext': -1.435916317235476, 'Ambiguity': -0.6461623427559643, 'RepairReadiness': 0.14359163172354766, 'RootCauseEvidence': 0.14359163172354766, 'HiddenReproducibility': -0.6461623427559643, 'ImpactScope': -0.6461623427559643}"
JacksonDatabind-7,JacksonDatabind,1.0,1.0,"{'Actionability': 0, 'Clarity': 2, 'Specificity': 1, 'Reproducibility': 3, 'ReasoningQuality': 1, 'TechnicalContext': 0, 'Ambiguity': 3, 'RepairReadiness': 3, 'RootCauseEvidence': 2, 'HiddenReproducibility': 1, 'ImpactScope': 0}","{'repair_difficulty': 2, 'ambiguity_count': 3, 'hidden_s2r_present': True, 'root_cause_evidence': 2, 'impact_scope': 0}","{'Actionability': -1.3228756555322954, 'Clarity': 0.7559289460184545, 'Specificity': -0.28347335475692037, 'Reproducibility': 1.7953312467938294, 'ReasoningQuality': -0.28347335475692037, 'TechnicalContext': -1.3228756555322954, 'Ambiguity': 0.7559289460184545, 'RepairReadiness': 0.7559289460184545, 'RootCauseEvidence': 0.7559289460184545, 'HiddenReproducibility': -0.28347335475692037, 'ImpactScope': -1.3228756555322954}"
JacksonDatabind-70,JacksonDatabind,1.0,1.0,"{'Actionability': 0, 'Clarity': 0, 'Specificity': 0, 'Reproducibility': 0, 'ReasoningQuality': 0, 'TechnicalContext': 0, 'Ambiguity': 0, 'RepairReadiness': 0, 'RootCauseEvidence': 0, 'HiddenReproducibility': 0, 'ImpactScope': 0}","{'repair_difficulty': 5, 'ambiguity_count': 0, 'hidden_s2r_present': False, 'root_cause_evidence': 0, 'impact_scope': 0}","{'Actionability': -0.4714045207910317, 'Clarity': -0.4714045207910317, 'Specificity': -0.4714045207910317, 'Reproducibility': -0.4714045207910317, 'ReasoningQuality': -0.4714045207910317, 'TechnicalContext': -0.4714045207910317, 'Ambiguity': 2.121320343559643, 'RepairReadiness': 2.121320343559643, 'RootCauseEvidence': -0.4714045207910317, 'HiddenReproducibility': -0.4714045207910317, 'ImpactScope': -0.4714045207910317}"
JacksonDatabind-71,JacksonDatabind,1.0,1.0,"{'Actionability': 0, 'Clarity': 0, 'Specificity': 0, 'Reproducibility': 0, 'ReasoningQuality': 0, 'TechnicalContext': 0, 'Ambiguity': 0, 'RepairReadiness': 0, 'RootCauseEvidence': 0, 'HiddenReproducibility': 0, 'ImpactScope': 0}","{'repair_difficulty': 5, 'ambiguity_count': 0, 'hidden_s2r_present': False, 'root_cause_evidence': 0, 'impact_scope': 0}","{'Actionability': -0.4714045207910317, 'Clarity': -0.4714045207910317, 'Specificity': -0.4714045207910317, 'Reproducibility': -0.4714045207910317, 'ReasoningQuality': -0.4714045207910317, 'TechnicalContext': -0.4714045207910317, 'Ambiguity': 2.121320343559643, 'RepairReadiness': 2.121320343559643, 'RootCauseEvidence': -0.4714045207910317, 'HiddenReproducibility': -0.4714045207910317, 'ImpactScope': -0.4714045207910317}"
JacksonDatabind-72,JacksonDatabind,1.0,1.0,"{'Actionability': 0, 'Clarity': 0, 'Specificity': 0, 'Reproducibility': 1, 'ReasoningQuality': 0, 'TechnicalContext': 0, 'Ambiguity': 2, 'RepairReadiness': 0, 'RootCauseEvidence': 0, 'HiddenReproducibility': 0, 'ImpactScope': 0}","{'repair_difficulty': 5, 'ambiguity_count': 2, 'hidden_s2r_present': False, 'root_cause_evidence': 0, 'impact_scope': 0}","{'Actionability': -0.516185401208764, 'Clarity': -0.516185401208764, 'Specificity': -0.516185401208764, 'Reproducibility': 0.11470786693528084, 'ReasoningQuality': -0.516185401208764, 'TechnicalContext': -0.516185401208764, 'Ambiguity': 1.3764944032233704, 'RepairReadiness': 2.63828093951146, 'RootCauseEvidence': -0.516185401208764, 'HiddenReproducibility': -0.516185401208764, 'ImpactScope': -0.516185401208764}"
JacksonDatabind-73,JacksonDatabind,1.0,1.0,"{'Actionability': 0, 'Clarity': 1, 'Specificity': 1, 'Reproducibility': 1, 'ReasoningQuality': 1, 'TechnicalContext': 0, 'Ambiguity': 0, 'RepairReadiness': 1, 'RootCauseEvidence': 1, 'HiddenReproducibility': 1, 'ImpactScope': 0}","{'repair_difficulty': 4, 'ambiguity_count': 0, 'hidden_s2r_present': True, 'root_cause_evidence': 1, 'impact_scope': 0}","{'Actionability': -0.8778086039709792, 'Clarity': -0.23408229439226108, 'Specificity': -0.23408229439226108, 'Reproducibility': -0.23408229439226108, 'ReasoningQuality': -0.23408229439226108, 'TechnicalContext': -0.8778086039709792, 'Ambiguity': 2.3408229439226114, 'RepairReadiness': 1.6970966343438934, 'RootCauseEvidence': -0.23408229439226108, 'HiddenReproducibility': -0.23408229439226108, 'ImpactScope': -0.8778086039709792}"
JacksonDatabind-74,JacksonDatabind,1.0,1.0,"{'Actionability': 1, 'Clarity': 0, 'Specificity': 0, 'Reproducibility': 0, 'ReasoningQuality': 0, 'TechnicalContext': 0, 'Ambiguity': 0, 'RepairReadiness': 0, 'RootCauseEvidence': 1, 'HiddenReproducibility': 0, 'ImpactScope': 0}","{'repair_difficulty': 5, 'ambiguity_count': 0, 'hidden_s2r_present': False, 'root_cause_evidence': 1, 'impact_scope': 0}","{'Actionability': -0.048336824452283135, 'Clarity': -0.5800418934273981, 'Specificity': -0.5800418934273981, 'Reproducibility': -0.5800418934273981, 'ReasoningQuality': -0.5800418934273981, 'TechnicalContext': -0.5800418934273981, 'Ambiguity': 2.078483451448177, 'RepairReadiness': 2.078483451448177, 'RootCauseEvidence': -0.048336824452283135, 'HiddenReproducibility': -0.5800418934273981, 'ImpactScope': -0.5800418934273981}"
JacksonDatabind-75,JacksonDatabind,1.0,1.0,"{'Actionability': 0, 'Clarity': 1, 'Specificity': 0, 'Reproducibility': 2, 'ReasoningQuality': 1, 'TechnicalContext': 0, 'Ambiguity': 1, 'RepairReadiness': 2, 'RootCauseEvidence': 1, 'HiddenReproducibility': 0, 'ImpactScope': 0}","{'repair_difficulty': 3, 'ambiguity_count': 1, 'hidden_s2r_present': False, 'root_cause_evidence': 1, 'impact_scope': 0}","{'Actionability': -0.8320502943378436, 'Clarity': -0.06933752452815357, 'Specificity': -0.8320502943378436, 'Reproducibility': 0.6933752452815364, 'ReasoningQuality': -0.06933752452815357, 'TechnicalContext': -0.8320502943378436, 'Ambiguity': 2.2188007849009166, 'RepairReadiness': 1.4560880150912263, 'RootCauseEvidence': -0.06933752452815357, 'HiddenReproducibility': -0.8320502943378436, 'ImpactScope': -0.8320502943378436}"
JacksonDatabind-76,JacksonDatabind,1.0,1.0,"{'Actionability': 0, 'Clarity': 1, 'Specificity': 1, 'Reproducibility': 3, 'ReasoningQuality': 1, 'TechnicalContext': 1, 'Ambiguity': 0, 'RepairReadiness': 2, 'RootCauseEvidence': 1, 'HiddenReproducibility': 0, 'ImpactScope': 1}","{'repair_difficulty': 3, 'ambiguity_count': 0, 'hidden_s2r_present': False, 'root_cause_evidence': 1, 'impact_scope': 1}","{'Actionability': -1.075174404457249, 'Clarity': -0.37947331922020555, 'Specificity': -0.37947331922020555, 'Reproducibility': 1.0119288512538815, 'ReasoningQuality': -0.37947331922020555, 'TechnicalContext': -0.37947331922020555, 'Ambiguity': 2.4033310217279684, 'RepairReadiness': 1.0119288512538815, 'RootCauseEvidence': -0.37947331922020555, 'HiddenReproducibility': -1.075174404457249, 'ImpactScope': -0.37947331922020555}"
JacksonDatabind-77,JacksonDatabind,1.0,1.0,"{'Actionability': 0, 'Clarity': 0, 'Specificity': 0, 'Reproducibility': 0, 'ReasoningQuality': 0, 'TechnicalContext': 0, 'Ambiguity': 0, 'RepairReadiness': 0, 'RootCauseEvidence': 0, 'HiddenReproducibility': 0, 'ImpactScope': 0}","{'repair_difficulty': 5, 'ambiguity_count': 0, 'hidden_s2r_present': False, 'root_cause_evidence': 0, 'impact_scope': 0}","{'Actionability': -0.4714045207910317, 'Clarity': -0.4714045207910317, 'Specificity': -0.4714045207910317, 'Reproducibility': -0.4714045207910317, 'ReasoningQuality': -0.4714045207910317, 'TechnicalContext': -0.4714045207910317, 'Ambiguity': 2.121320343559643, 'RepairReadiness': 2.121320343559643, 'RootCauseEvidence': -0.4714045207910317, 'HiddenReproducibility': -0.4714045207910317, 'ImpactScope': -0.4714045207910317}"
JacksonDatabind-78,JacksonDatabind,1.0,1.0,"{'Actionability': 0, 'Clarity': 0, 'Specificity': 0, 'Reproducibility': 0, 'ReasoningQuality': 0, 'TechnicalContext': 0, 'Ambiguity': 0, 'RepairReadiness': 0, 'RootCauseEvidence': 0, 'HiddenReproducibility': 0, 'ImpactScope': 0}","{'repair_difficulty': 5, 'ambiguity_count': 0, 'hidden_s2r_present': False, 'root_cause_evidence': 0, 'impact_scope': 0}","{'Actionability': -0.4714045207910317, 'Clarity': -0.4714045207910317, 'Specificity': -0.4714045207910317, 'Reproducibility': -0.4714045207910317, 'ReasoningQuality': -0.4714045207910317, 'TechnicalContext': -0.4714045207910317, 'Ambiguity': 2.121320343559643, 'RepairReadiness': 2.121320343559643, 'RootCauseEvidence': -0.4714045207910317, 'HiddenReproducibility': -0.4714045207910317, 'ImpactScope': -0.4714045207910317}"
JacksonDatabind-79,JacksonDatabind,1.0,1.0,"{'Actionability': 0, 'Clarity': 1, 'Specificity': 0, 'Reproducibility': 2, 'ReasoningQuality': 2, 'TechnicalContext': 0, 'Ambiguity': 1, 'RepairReadiness': 3, 'RootCauseEvidence': 2, 'HiddenReproducibility': 0, 'ImpactScope': 0}","{'repair_difficulty': 2, 'ambiguity_count': 1, 'hidden_s2r_present': False, 'root_cause_evidence': 2, 'impact_scope': 0}","{'Actionability': -0.9333456062030596, 'Clarity': -0.14359163172354766, 'Specificity': -0.9333456062030596, 'Reproducibility': 0.6461623427559643, 'ReasoningQuality': 0.6461623427559643, 'TechnicalContext': -0.9333456062030596, 'Ambiguity': 2.225670291714988, 'RepairReadiness': 0.6461623427559643, 'RootCauseEvidence': 0.6461623427559643, 'HiddenReproducibility': -0.9333456062030596, 'ImpactScope': -0.9333456062030596}"
JacksonDatabind-8,JacksonDatabind,1.0,1.0,"{'Actionability': 0, 'Clarity': 1, 'Specificity': 0, 'Reproducibility': 0, 'ReasoningQuality': 0, 'TechnicalContext': 0, 'Ambiguity': 0, 'RepairReadiness': 0, 'RootCauseEvidence': 0, 'HiddenReproducibility': 0, 'ImpactScope': 0}","{'repair_difficulty': 5, 'ambiguity_count': 0, 'hidden_s2r_present': False, 'root_cause_evidence': 0, 'impact_scope': 0}","{'Actionability': -0.5244044240850757, 'Clarity': 0.0, 'Specificity': -0.5244044240850757, 'Reproducibility': -0.5244044240850757, 'ReasoningQuality': -0.5244044240850757, 'TechnicalContext': -0.5244044240850757, 'Ambiguity': 2.097617696340303, 'RepairReadiness': 2.097617696340303, 'RootCauseEvidence': -0.5244044240850757, 'HiddenReproducibility': -0.5244044240850757, 'ImpactScope': -0.5244044240850757}"
JacksonDatabind-80,JacksonDatabind,1.0,1.0,"{'Actionability': 0, 'Clarity': 0, 'Specificity': 0, 'Reproducibility': 0, 'ReasoningQuality': 0, 'TechnicalContext': 0, 'Ambiguity': 0, 'RepairReadiness': 0, 'RootCauseEvidence': 0, 'HiddenReproducibility': 0, 'ImpactScope': 0}","{'repair_difficulty': 5, 'ambiguity_count': 0, 'hidden_s2r_present': False, 'root_cause_evidence': 0, 'impact_scope': 0}","{'Actionability': -0.4714045207910317, 'Clarity': -0.4714045207910317, 'Specificity': -0.4714045207910317, 'Reproducibility': -0.4714045207910317, 'ReasoningQuality': -0.4714045207910317, 'TechnicalContext': -0.4714045207910317, 'Ambiguity': 2.121320343559643, 'RepairReadiness': 2.121320343559643, 'RootCauseEvidence': -0.4714045207910317, 'HiddenReproducibility': -0.4714045207910317, 'ImpactScope': -0.4714045207910317}"
JacksonDatabind-81,JacksonDatabind,1.0,1.0,"{'Actionability': 0, 'Clarity': 3, 'Specificity': 1, 'Reproducibility': 2, 'ReasoningQuality': 1, 'TechnicalContext': 1, 'Ambiguity': 0, 'RepairReadiness': 1, 'RootCauseEvidence': 1, 'HiddenReproducibility': 0, 'ImpactScope': 1}","{'repair_difficulty': 4, 'ambiguity_count': 0, 'hidden_s2r_present': False, 'root_cause_evidence': 1, 'impact_scope': 1}","{'Actionability': -1.1195857368787, 'Clarity': 0.8249579113843054, 'Specificity': -0.4714045207910317, 'Reproducibility': 0.17677669529663687, 'ReasoningQuality': -0.4714045207910317, 'TechnicalContext': -0.4714045207910317, 'Ambiguity': 2.1213203435596424, 'RepairReadiness': 1.4731391274719738, 'RootCauseEvidence': -0.4714045207910317, 'HiddenReproducibility': -1.1195857368787, 'ImpactScope': -0.4714045207910317}"
JacksonDatabind-82,JacksonDatabind,1.0,1.0,"{'Actionability': 0, 'Clarity': 1, 'Specificity': 0, 'Reproducibility': 0, 'ReasoningQuality': 0, 'TechnicalContext': 0, 'Ambiguity': 0, 'RepairReadiness': 1, 'RootCauseEvidence': 1, 'HiddenReproducibility': 0, 'ImpactScope': 0}","{'repair_difficulty': 4, 'ambiguity_count': 0, 'hidden_s2r_present': False, 'root_cause_evidence': 1, 'impact_scope': 0}","{'Actionability': -0.5863019699779287, 'Clarity': 0.0, 'Specificity': -0.5863019699779287, 'Reproducibility': -0.5863019699779287, 'ReasoningQuality': -0.5863019699779287, 'TechnicalContext': -0.5863019699779287, 'Ambiguity': 2.345207879911715, 'RepairReadiness': 1.758905909933786, 'RootCauseEvidence': 0.0, 'HiddenReproducibility': -0.5863019699779287, 'ImpactScope': -0.5863019699779287}"
JacksonDatabind-83,JacksonDatabind,1.0,1.0,"{'Actionability': 1, 'Clarity': 2, 'Specificity': 1, 'Reproducibility': 1, 'ReasoningQuality': 1, 'TechnicalContext': 0, 'Ambiguity': 0, 'RepairReadiness': 1, 'RootCauseEvidence': 2, 'HiddenReproducibility': 0, 'ImpactScope': 0}","{'repair_difficulty': 4, 'ambiguity_count': 0, 'hidden_s2r_present': False, 'root_cause_evidence': 2, 'impact_scope': 0}","{'Actionability': -0.3499271061118826, 'Clarity': 0.2916059217599022, 'Specificity': -0.3499271061118826, 'Reproducibility': -0.3499271061118826, 'ReasoningQuality': -0.3499271061118826, 'TechnicalContext': -0.9914601339836674, 'Ambiguity': 2.2162050053752567, 'RepairReadiness': 1.5746719775034717, 'RootCauseEvidence': 0.2916059217599022, 'HiddenReproducibility': -0.9914601339836674, 'ImpactScope': -0.9914601339836674}"
JacksonDatabind-84,JacksonDatabind,1.0,1.0,"{'Actionability': 0, 'Clarity': 1, 'Specificity': 0, 'Reproducibility': 2, 'ReasoningQuality': 1, 'TechnicalContext': 0, 'Ambiguity': 2, 'RepairReadiness': 2, 'RootCauseEvidence': 1, 'HiddenReproducibility': 1, 'ImpactScope': 1}","{'repair_difficulty': 3, 'ambiguity_count': 2, 'hidden_s2r_present': True, 'root_cause_evidence': 1, 'impact_scope': 1}","{'Actionability': -1.1490485194281397, 'Clarity': -0.17677669529663692, 'Specificity': -1.1490485194281397, 'Reproducibility': 0.7954951288348658, 'ReasoningQuality': -0.17677669529663692, 'TechnicalContext': -1.1490485194281397, 'Ambiguity': 1.7677669529663687, 'RepairReadiness': 1.7677669529663687, 'RootCauseEvidence': -0.17677669529663692, 'HiddenReproducibility': -0.17677669529663692, 'ImpactScope': -0.17677669529663692}"
JacksonDatabind-85,JacksonDatabind,1.0,1.0,"{'Actionability': 1, 'Clarity': 2, 'Specificity': 1, 'Reproducibility': 1, 'ReasoningQuality': 1, 'TechnicalContext': 0, 'Ambiguity': 0, 'RepairReadiness': 1, 'RootCauseEvidence': 1, 'HiddenReproducibility': 0, 'ImpactScope': 0}","{'repair_difficulty': 4, 'ambiguity_count': 0, 'hidden_s2r_present': False, 'root_cause_evidence': 1, 'impact_scope': 0}","{'Actionability': -0.2916059217599022, 'Clarity': 0.3499271061118826, 'Specificity': -0.2916059217599022, 'Reproducibility': -0.2916059217599022, 'ReasoningQuality': -0.2916059217599022, 'TechnicalContext': -0.933138949631687, 'Ambiguity': 2.274526189727237, 'RepairReadiness': 1.632993161855452, 'RootCauseEvidence': -0.2916059217599022, 'HiddenReproducibility': -0.933138949631687, 'ImpactScope': -0.933138949631687}"
JacksonDatabind-86,JacksonDatabind,1.0,1.0,"{'Actionability': 0, 'Clarity': 1, 'Specificity': 0, 'Reproducibility': 2, 'ReasoningQuality': 1, 'TechnicalContext': 0, 'Ambiguity': 2, 'RepairReadiness': 2, 'RootCauseEvidence': 1, 'HiddenReproducibility': 1, 'ImpactScope': 1}","{'repair_difficulty': 3, 'ambiguity_count': 2, 'hidden_s2r_present': True, 'root_cause_evidence': 1, 'impact_scope': 1}","{'Actionability': -1.1490485194281397, 'Clarity': -0.17677669529663692, 'Specificity': -1.1490485194281397, 'Reproducibility': 0.7954951288348658, 'ReasoningQuality': -0.17677669529663692, 'TechnicalContext': -1.1490485194281397, 'Ambiguity': 1.7677669529663687, 'RepairReadiness': 1.7677669529663687, 'RootCauseEvidence': -0.17677669529663692, 'HiddenReproducibility': -0.17677669529663692, 'ImpactScope': -0.17677669529663692}"
JacksonDatabind-87,JacksonDatabind,1.0,1.0,"{'Actionability': 0, 'Clarity': 0, 'Specificity': 0, 'Reproducibility': 1, 'ReasoningQuality': 0, 'TechnicalContext': 0, 'Ambiguity': 0, 'RepairReadiness': 1, 'RootCauseEvidence': 1, 'HiddenReproducibility': 0, 'ImpactScope': 0}","{'repair_difficulty': 4, 'ambiguity_count': 0, 'hidden_s2r_present': False, 'root_cause_evidence': 1, 'impact_scope': 0}","{'Actionability': -0.5863019699779287, 'Clarity': -0.5863019699779287, 'Specificity': -0.5863019699779287, 'Reproducibility': 0.0, 'ReasoningQuality': -0.5863019699779287, 'TechnicalContext': -0.5863019699779287, 'Ambiguity': 2.345207879911715, 'RepairReadiness': 1.758905909933786, 'RootCauseEvidence': 0.0, 'HiddenReproducibility': -0.5863019699779287, 'ImpactScope': -0.5863019699779287}"
JacksonDatabind-88,JacksonDatabind,1.0,1.0,"{'Actionability': 4, 'Clarity': 2, 'Specificity': 1, 'Reproducibility': 1, 'ReasoningQuality': 2, 'TechnicalContext': 0, 'Ambiguity': 2, 'RepairReadiness': 1, 'RootCauseEvidence': 1, 'HiddenReproducibility': 1, 'ImpactScope': 1}","{'repair_difficulty': 4, 'ambiguity_count': 2, 'hidden_s2r_present': True, 'root_cause_evidence': 1, 'impact_scope': 1}","{'Actionability': 1.7230995806825713, 'Clarity': 0.14359163172354766, 'Specificity': -0.6461623427559643, 'Reproducibility': -0.6461623427559643, 'ReasoningQuality': 0.14359163172354766, 'TechnicalContext': -1.435916317235476, 'Ambiguity': 0.9333456062030596, 'RepairReadiness': 1.7230995806825713, 'RootCauseEvidence': -0.6461623427559643, 'HiddenReproducibility': -0.6461623427559643, 'ImpactScope': -0.6461623427559643}"
JacksonDatabind-9,JacksonDatabind,1.0,1.0,"{'Actionability': 0, 'Clarity': 1, 'Specificity': 0, 'Reproducibility': 0, 'ReasoningQuality': 0, 'TechnicalContext': 0, 'Ambiguity': 0, 'RepairReadiness': 1, 'RootCauseEvidence': 1, 'HiddenReproducibility': 0, 'ImpactScope': 0}","{'repair_difficulty': 4, 'ambiguity_count': 0, 'hidden_s2r_present': False, 'root_cause_evidence': 1, 'impact_scope': 0}","{'Actionability': -0.5863019699779287, 'Clarity': 0.0, 'Specificity': -0.5863019699779287, 'Reproducibility': -0.5863019699779287, 'ReasoningQuality': -0.5863019699779287, 'TechnicalContext': -0.5863019699779287, 'Ambiguity': 2.345207879911715, 'RepairReadiness': 1.758905909933786, 'RootCauseEvidence': 0.0, 'HiddenReproducibility': -0.5863019699779287, 'ImpactScope': -0.5863019699779287}"
JacksonDatabind-90,JacksonDatabind,1.0,1.0,"{'Actionability': 4, 'Clarity': 3, 'Specificity': 2, 'Reproducibility': 3, 'ReasoningQuality': 4, 'TechnicalContext': 0, 'Ambiguity': 4, 'RepairReadiness': 3, 'RootCauseEvidence': 1, 'HiddenReproducibility': 0, 'ImpactScope': 1}","{'repair_difficulty': 2, 'ambiguity_count': 4, 'hidden_s2r_present': False, 'root_cause_evidence': 1, 'impact_scope': 1}","{'Actionability': 1.51657508881031, 'Clarity': 0.7912565680749444, 'Specificity': 0.06593804733957864, 'Reproducibility': 0.7912565680749444, 'ReasoningQuality': 1.51657508881031, 'TechnicalContext': -1.3846989941311527, 'Ambiguity': -0.6593804733957871, 'RepairReadiness': 0.06593804733957864, 'RootCauseEvidence': -0.6593804733957871, 'HiddenReproducibility': -1.3846989941311527, 'ImpactScope': -0.6593804733957871}"
JacksonDatabind-91,JacksonDatabind,1.0,1.0,"{'Actionability': 1, 'Clarity': 2, 'Specificity': 0, 'Reproducibility': 2, 'ReasoningQuality': 1, 'TechnicalContext': 0, 'Ambiguity': 1, 'RepairReadiness': 1, 'RootCauseEvidence': 1, 'HiddenReproducibility': 0, 'ImpactScope': 0}","{'repair_difficulty': 4, 'ambiguity_count': 1, 'hidden_s2r_present': False, 'root_cause_evidence': 1, 'impact_scope': 0}","{'Actionability': -0.25400025400038095, 'Clarity': 0.44450044450066684, 'Specificity': -0.9525009525014287, 'Reproducibility': 0.44450044450066684, 'ReasoningQuality': -0.25400025400038095, 'TechnicalContext': -0.9525009525014287, 'Ambiguity': 1.8415018415027626, 'RepairReadiness': 1.8415018415027626, 'RootCauseEvidence': -0.25400025400038095, 'HiddenReproducibility': -0.9525009525014287, 'ImpactScope': -0.9525009525014287}"
JacksonDatabind-92,JacksonDatabind,1.0,1.0,"{'Actionability': 4, 'Clarity': 1, 'Specificity': 1, 'Reproducibility': 2, 'ReasoningQuality': 3, 'TechnicalContext': 1, 'Ambiguity': 2, 'RepairReadiness': 0, 'RootCauseEvidence': 1, 'HiddenReproducibility': 0, 'ImpactScope': 2}","{'repair_difficulty': 5, 'ambiguity_count': 2, 'hidden_s2r_present': False, 'root_cause_evidence': 1, 'impact_scope': 2}","{'Actionability': 1.3228756555322954, 'Clarity': -0.7559289460184544, 'Specificity': -0.7559289460184544, 'Reproducibility': -0.06299407883487115, 'ReasoningQuality': 0.6299407883487121, 'TechnicalContext': -0.7559289460184544, 'Ambiguity': 0.6299407883487121, 'RepairReadiness': 2.0158105227158787, 'RootCauseEvidence': -0.7559289460184544, 'HiddenReproducibility': -1.4488638132020377, 'ImpactScope': -0.06299407883487115}"
JacksonDatabind-93,JacksonDatabind,1.0,1.0,"{'Actionability': 1, 'Clarity': 1, 'Specificity': 1, 'Reproducibility': 1, 'ReasoningQuality': 1, 'TechnicalContext': 1, 'Ambiguity': 0, 'RepairReadiness': 1, 'RootCauseEvidence': 2, 'HiddenReproducibility': 0, 'ImpactScope': 0}","{'repair_difficulty': 4, 'ambiguity_count': 0, 'hidden_s2r_present': False, 'root_cause_evidence': 2, 'impact_scope': 0}","{'Actionability': -0.36380343755449945, 'Clarity': -0.36380343755449945, 'Specificity': -0.36380343755449945, 'Reproducibility': -0.36380343755449945, 'ReasoningQuality': -0.36380343755449945, 'TechnicalContext': -0.36380343755449945, 'Ambiguity': 2.3040884378451634, 'RepairReadiness': 1.6371154689952476, 'RootCauseEvidence': 0.30316953129541624, 'HiddenReproducibility': -1.0307764064044151, 'ImpactScope': -1.0307764064044151}"
JacksonDatabind-94,JacksonDatabind,1.0,1.0,"{'Actionability': 4, 'Clarity': 1, 'Specificity': 1, 'Reproducibility': 2, 'ReasoningQuality': 3, 'TechnicalContext': 0, 'Ambiguity': 2, 'RepairReadiness': 1, 'RootCauseEvidence': 1, 'HiddenReproducibility': 0, 'ImpactScope': 1}","{'repair_difficulty': 4, 'ambiguity_count': 2, 'hidden_s2r_present': False, 'root_cause_evidence': 1, 'impact_scope': 1}","{'Actionability': 1.5556889365251945, 'Clarity': -0.5833833511969478, 'Specificity': -0.5833833511969478, 'Reproducibility': 0.1296407447104329, 'ReasoningQuality': 0.8426648406178138, 'TechnicalContext': -1.2964074471043288, 'Ambiguity': 0.8426648406178138, 'RepairReadiness': 1.5556889365251945, 'RootCauseEvidence': -0.5833833511969478, 'HiddenReproducibility': -1.2964074471043288, 'ImpactScope': -0.5833833511969478}"
JacksonDatabind-95,JacksonDatabind,1.0,1.0,"{'Actionability': 1, 'Clarity': 1, 'Specificity': 1, 'Reproducibility': 2, 'ReasoningQuality': 0, 'TechnicalContext': 0, 'Ambiguity': 2, 'RepairReadiness': 2, 'RootCauseEvidence': 1, 'HiddenReproducibility': 0, 'ImpactScope': 0}","{'repair_difficulty': 3, 'ambiguity_count': 2, 'hidden_s2r_present': False, 'root_cause_evidence': 1, 'impact_scope': 0}","{'Actionability': -0.08391813582966884, 'Clarity': -0.08391813582966884, 'Specificity': -0.08391813582966884, 'Reproducibility': 0.8391813582966892, 'ReasoningQuality': -1.007017629956027, 'TechnicalContext': -1.007017629956027, 'Ambiguity': 1.7622808524230473, 'RepairReadiness': 1.7622808524230473, 'RootCauseEvidence': -0.08391813582966884, 'HiddenReproducibility': -1.007017629956027, 'ImpactScope': -1.007017629956027}"
JacksonDatabind-96,JacksonDatabind,1.0,1.0,"{'Actionability': 0, 'Clarity': 0, 'Specificity': 0, 'Reproducibility': 0, 'ReasoningQuality': 0, 'TechnicalContext': 0, 'Ambiguity': 0, 'RepairReadiness': 0, 'RootCauseEvidence': 0, 'HiddenReproducibility': 0, 'ImpactScope': 0}","{'repair_difficulty': 5, 'ambiguity_count': 0, 'hidden_s2r_present': False, 'root_cause_evidence': 0, 'impact_scope': 0}","{'Actionability': -0.4714045207910317, 'Clarity': -0.4714045207910317, 'Specificity': -0.4714045207910317, 'Reproducibility': -0.4714045207910317, 'ReasoningQuality': -0.4714045207910317, 'TechnicalContext': -0.4714045207910317, 'Ambiguity': 2.121320343559643, 'RepairReadiness': 2.121320343559643, 'RootCauseEvidence': -0.4714045207910317, 'HiddenReproducibility': -0.4714045207910317, 'ImpactScope': -0.4714045207910317}"
JacksonDatabind-97,JacksonDatabind,1.0,1.0,"{'Actionability': 0, 'Clarity': 1, 'Specificity': 1, 'Reproducibility': 2, 'ReasoningQuality': 1, 'TechnicalContext': 0, 'Ambiguity': 1, 'RepairReadiness': 2, 'RootCauseEvidence': 1, 'HiddenReproducibility': 0, 'ImpactScope': 1}","{'repair_difficulty': 3, 'ambiguity_count': 1, 'hidden_s2r_present': False, 'root_cause_evidence': 1, 'impact_scope': 1}","{'Actionability': -1.049344364594206, 'Clarity': -0.2248595066987584, 'Specificity': -0.2248595066987584, 'Reproducibility': 0.5996253511966891, 'ReasoningQuality': -0.2248595066987584, 'TechnicalContext': -1.049344364594206, 'Ambiguity': 2.2485950669875843, 'RepairReadiness': 1.4241102090921367, 'RootCauseEvidence': -0.2248595066987584, 'HiddenReproducibility': -1.049344364594206, 'ImpactScope': -0.2248595066987584}"
JacksonDatabind-98,JacksonDatabind,1.0,1.0,"{'Actionability': 1, 'Clarity': 2, 'Specificity': 1, 'Reproducibility': 2, 'ReasoningQuality': 1, 'TechnicalContext': 1, 'Ambiguity': 0, 'RepairReadiness': 2, 'RootCauseEvidence': 2, 'HiddenReproducibility': 0, 'ImpactScope': 1}","{'repair_difficulty': 3, 'ambiguity_count': 0, 'hidden_s2r_present': False, 'root_cause_evidence': 2, 'impact_scope': 1}","{'Actionability': -0.565685424949238, 'Clarity': 0.21213203435596423, 'Specificity': -0.565685424949238, 'Reproducibility': 0.21213203435596423, 'ReasoningQuality': -0.565685424949238, 'TechnicalContext': -0.565685424949238, 'Ambiguity': 2.5455844122715705, 'RepairReadiness': 0.9899494936611665, 'RootCauseEvidence': 0.21213203435596423, 'HiddenReproducibility': -1.3435028842544403, 'ImpactScope': -0.565685424949238}"
JacksonDatabind-99,JacksonDatabind,1.0,1.0,"{'Actionability': 0, 'Clarity': 1, 'Specificity': 0, 'Reproducibility': 2, 'ReasoningQuality': 0, 'TechnicalContext': 0, 'Ambiguity': 1, 'RepairReadiness': 2, 'RootCauseEvidence': 1, 'HiddenReproducibility': 0, 'ImpactScope': 0}","{'repair_difficulty': 3, 'ambiguity_count': 1, 'hidden_s2r_present': False, 'root_cause_evidence': 1, 'impact_scope': 0}","{'Actionability': -0.7416198487095663, 'Clarity': 0.0, 'Specificity': -0.7416198487095663, 'Reproducibility': 0.7416198487095663, 'ReasoningQuality': -0.7416198487095663, 'TechnicalContext': -0.7416198487095663, 'Ambiguity': 2.224859546128699, 'RepairReadiness': 1.4832396974191326, 'RootCauseEvidence': 0.0, 'HiddenReproducibility': -0.7416198487095663, 'ImpactScope': -0.7416198487095663}"
JacksonXml-1,JacksonXml,1.0,1.0,"{'Actionability': 0, 'Clarity': 2, 'Specificity': 1, 'Reproducibility': 3, 'ReasoningQuality': 2, 'TechnicalContext': 0, 'Ambiguity': 1, 'RepairReadiness': 2, 'RootCauseEvidence': 2, 'HiddenReproducibility': 0, 'ImpactScope': 1}","{'repair_difficulty': 3, 'ambiguity_count': 1, 'hidden_s2r_present': False, 'root_cause_evidence': 2, 'impact_scope': 1}","{'Actionability': -1.260252075625209, 'Clarity': 0.2800560168056019, 'Specificity': -0.4900980294098035, 'Reproducibility': 1.0502100630210072, 'ReasoningQuality': 0.2800560168056019, 'TechnicalContext': -1.260252075625209, 'Ambiguity': 1.8203641092364125, 'RepairReadiness': 1.0502100630210072, 'RootCauseEvidence': 0.2800560168056019, 'HiddenReproducibility': -1.260252075625209, 'ImpactScope': -0.4900980294098035}"
JacksonXml-2,JacksonXml,1.0,1.0,"{'Actionability': 0, 'Clarity': 1, 'Specificity': 0, 'Reproducibility': 2, 'ReasoningQuality': 1, 'TechnicalContext': 0, 'Ambiguity': 0, 'RepairReadiness': 1, 'RootCauseEvidence': 1, 'HiddenReproducibility': 0, 'ImpactScope': 0}","{'repair_difficulty': 4, 'ambiguity_count': 0, 'hidden_s2r_present': False, 'root_cause_evidence': 1, 'impact_scope': 0}","{'Actionability': -0.7683498199278324, 'Clarity': -0.16464638998453549, 'Specificity': -0.7683498199278324, 'Reproducibility': 0.4390570399587614, 'ReasoningQuality': -0.16464638998453549, 'TechnicalContext': -0.7683498199278324, 'Ambiguity': 2.250167329788652, 'RepairReadiness': 1.6464638998453551, 'RootCauseEvidence': -0.16464638998453549, 'HiddenReproducibility': -0.7683498199278324, 'ImpactScope': -0.7683498199278324}"
JacksonXml-3,JacksonXml,1.0,1.0,"{'Actionability': 0, 'Clarity': 1, 'Specificity': 0, 'Reproducibility': 1, 'ReasoningQuality': 1, 'TechnicalContext': 0, 'Ambiguity': 0, 'RepairReadiness': 0, 'RootCauseEvidence': 1, 'HiddenReproducibility': 0, 'ImpactScope': 0}","{'repair_difficulty': 5, 'ambiguity_count': 0, 'hidden_s2r_present': False, 'root_cause_evidence': 1, 'impact_scope': 0}","{'Actionability': -0.7017565899639198, 'Clarity': -0.15037641213512565, 'Specificity': -0.7017565899639198, 'Reproducibility': -0.15037641213512565, 'ReasoningQuality': -0.15037641213512565, 'TechnicalContext': -0.7017565899639198, 'Ambiguity': 2.055144299180051, 'RepairReadiness': 2.055144299180051, 'RootCauseEvidence': -0.15037641213512565, 'HiddenReproducibility': -0.7017565899639198, 'ImpactScope': -0.7017565899639198}"
JacksonXml-4,JacksonXml,1.0,1.0,"{'Actionability': 2, 'Clarity': 1, 'Specificity': 1, 'Reproducibility': 0, 'ReasoningQuality': 0, 'TechnicalContext': 1, 'Ambiguity': 0, 'RepairReadiness': 0, 'RootCauseEvidence': 2, 'HiddenReproducibility': 0, 'ImpactScope': 0}","{'repair_difficulty': 5, 'ambiguity_count': 0, 'hidden_s2r_present': False, 'root_cause_evidence': 2, 'impact_scope': 0}","{'Actionability': 0.25582225504832545, 'Clarity': -0.3069867060579905, 'Specificity': -0.3069867060579905, 'Reproducibility': -0.8697956671643065, 'ReasoningQuality': -0.8697956671643065, 'TechnicalContext': -0.3069867060579905, 'Ambiguity': 1.9442491383672733, 'RepairReadiness': 1.9442491383672733, 'RootCauseEvidence': 0.25582225504832545, 'HiddenReproducibility': -0.8697956671643065, 'ImpactScope': -0.8697956671643065}"
JacksonXml-5,JacksonXml,1.0,1.0,"{'Actionability': 1, 'Clarity': 1, 'Specificity': 1, 'Reproducibility': 1, 'ReasoningQuality': 1, 'TechnicalContext': 0, 'Ambiguity': 1, 'RepairReadiness': 1, 'RootCauseEvidence': 2, 'HiddenReproducibility': 0, 'ImpactScope': 0}","{'repair_difficulty': 4, 'ambiguity_count': 1, 'hidden_s2r_present': False, 'root_cause_evidence': 2, 'impact_scope': 0}","{'Actionability': -0.26607604209509567, 'Clarity': -0.26607604209509567, 'Specificity': -0.26607604209509567, 'Reproducibility': -0.26607604209509567, 'ReasoningQuality': -0.26607604209509567, 'TechnicalContext': -0.9977851578566089, 'Ambiguity': 1.9290513051894442, 'RepairReadiness': 1.9290513051894442, 'RootCauseEvidence': 0.4656330736664176, 'HiddenReproducibility': -0.9977851578566089, 'ImpactScope': -0.9977851578566089}"
JacksonXml-6,JacksonXml,1.0,1.0,"{'Actionability': 4, 'Clarity': 2, 'Specificity': 1, 'Reproducibility': 2, 'ReasoningQuality': 3, 'TechnicalContext': 0, 'Ambiguity': 2, 'RepairReadiness': 1, 'RootCauseEvidence': 1, 'HiddenReproducibility': 0, 'ImpactScope': 1}","{'repair_difficulty': 4, 'ambiguity_count': 2, 'hidden_s2r_present': False, 'root_cause_evidence': 1, 'impact_scope': 1}","{'Actionability': 1.51657508881031, 'Clarity': 0.06593804733957864, 'Specificity': -0.6593804733957871, 'Reproducibility': 0.06593804733957864, 'ReasoningQuality': 0.7912565680749444, 'TechnicalContext': -1.3846989941311527, 'Ambiguity': 0.7912565680749444, 'RepairReadiness': 1.51657508881031, 'RootCauseEvidence': -0.6593804733957871, 'HiddenReproducibility': -1.3846989941311527, 'ImpactScope': -0.6593804733957871}"
Jsoup-1,Jsoup,1.0,1.0,"{'Actionability': 0, 'Clarity': 0, 'Specificity': 0, 'Reproducibility': 0, 'ReasoningQuality': 0, 'TechnicalContext': 0, 'Ambiguity': 1, 'RepairReadiness': 0, 'RootCauseEvidence': 0, 'HiddenReproducibility': 0, 'ImpactScope': 0}","{'repair_difficulty': 5, 'ambiguity_count': 1, 'hidden_s2r_present': False, 'root_cause_evidence': 0, 'impact_scope': 0}","{'Actionability': -0.46788772041903276, 'Clarity': -0.46788772041903276, 'Specificity': -0.46788772041903276, 'Reproducibility': -0.46788772041903276, 'ReasoningQuality': -0.46788772041903276, 'TechnicalContext': -0.46788772041903276, 'Ambiguity': 1.819563357185127, 'RepairReadiness': 2.391426126586167, 'RootCauseEvidence': -0.46788772041903276, 'HiddenReproducibility': -0.46788772041903276, 'ImpactScope': -0.46788772041903276}"
Jsoup-10,Jsoup,1.0,1.0,"{'Actionability': 0, 'Clarity': 0, 'Specificity': 0, 'Reproducibility': 0, 'ReasoningQuality': 0, 'TechnicalContext': 0, 'Ambiguity': 0, 'RepairReadiness': 1, 'RootCauseEvidence': 1, 'HiddenReproducibility': 0, 'ImpactScope': 0}","{'repair_difficulty': 4, 'ambiguity_count': 0, 'hidden_s2r_present': False, 'root_cause_evidence': 1, 'impact_scope': 0}","{'Actionability': -0.5255883312276367, 'Clarity': -0.5255883312276367, 'Specificity': -0.5255883312276367, 'Reproducibility': -0.5255883312276367, 'ReasoningQuality': -0.5255883312276367, 'TechnicalContext': -0.5255883312276367, 'Ambiguity': 2.3651474905243655, 'RepairReadiness': 1.7870003261739649, 'RootCauseEvidence': 0.052558833122763694, 'HiddenReproducibility': -0.5255883312276367, 'ImpactScope': -0.5255883312276367}"
Jsoup-11,Jsoup,1.0,1.0,"{'Actionability': 0, 'Clarity': 0, 'Specificity': 0, 'Reproducibility': 0, 'ReasoningQuality': 0, 'TechnicalContext': 0, 'Ambiguity': 0, 'RepairReadiness': 0, 'RootCauseEvidence': 1, 'HiddenReproducibility': 0, 'ImpactScope': 0}","{'repair_difficulty': 5, 'ambiguity_count': 0, 'hidden_s2r_present': False, 'root_cause_evidence': 1, 'impact_scope': 0}","{'Actionability': -0.5244044240850757, 'Clarity': -0.5244044240850757, 'Specificity': -0.5244044240850757, 'Reproducibility': -0.5244044240850757, 'ReasoningQuality': -0.5244044240850757, 'TechnicalContext': -0.5244044240850757, 'Ambiguity': 2.097617696340303, 'RepairReadiness': 2.097617696340303, 'RootCauseEvidence': 0.0, 'HiddenReproducibility': -0.5244044240850757, 'ImpactScope': -0.5244044240850757}"
Jsoup-12,Jsoup,1.0,1.0,"{'Actionability': 0, 'Clarity': 0, 'Specificity': 0, 'Reproducibility': 0, 'ReasoningQuality': 0, 'TechnicalContext': 0, 'Ambiguity': 0, 'RepairReadiness': 0, 'RootCauseEvidence': 0, 'HiddenReproducibility': 0, 'ImpactScope': 0}","{'repair_difficulty': 5, 'ambiguity_count': 0, 'hidden_s2r_present': False, 'root_cause_evidence': 0, 'impact_scope': 0}","{'Actionability': -0.4714045207910317, 'Clarity': -0.4714045207910317, 'Specificity': -0.4714045207910317, 'Reproducibility': -0.4714045207910317, 'ReasoningQuality': -0.4714045207910317, 'TechnicalContext': -0.4714045207910317, 'Ambiguity': 2.121320343559643, 'RepairReadiness': 2.121320343559643, 'RootCauseEvidence': -0.4714045207910317, 'HiddenReproducibility': -0.4714045207910317, 'ImpactScope': -0.4714045207910317}"
Jsoup-13,Jsoup,1.0,1.0,"{'Actionability': 0, 'Clarity': 1, 'Specificity': 0, 'Reproducibility': 1, 'ReasoningQuality': 1, 'TechnicalContext': 0, 'Ambiguity': 0, 'RepairReadiness': 0, 'RootCauseEvidence': 1, 'HiddenReproducibility': 0, 'ImpactScope': 0}","{'repair_difficulty': 5, 'ambiguity_count': 0, 'hidden_s2r_present': False, 'root_cause_evidence': 1, 'impact_scope': 0}","{'Actionability': -0.7017565899639198, 'Clarity': -0.15037641213512565, 'Specificity': -0.7017565899639198, 'Reproducibility': -0.15037641213512565, 'ReasoningQuality': -0.15037641213512565, 'TechnicalContext': -0.7017565899639198, 'Ambiguity': 2.055144299180051, 'RepairReadiness': 2.055144299180051, 'RootCauseEvidence': -0.15037641213512565, 'HiddenReproducibility': -0.7017565899639198, 'ImpactScope': -0.7017565899639198}"
Jsoup-14,Jsoup,1.0,1.0,"{'Actionability': 0, 'Clarity': 1, 'Specificity': 0, 'Reproducibility': 2, 'ReasoningQuality': 1, 'TechnicalContext': 0, 'Ambiguity': 0, 'RepairReadiness': 1, 'RootCauseEvidence': 1, 'HiddenReproducibility': 1, 'ImpactScope': 0}","{'repair_difficulty': 4, 'ambiguity_count': 0, 'hidden_s2r_present': True, 'root_cause_evidence': 1, 'impact_scope': 0}","{'Actionability': -0.8464989719746505, 'Clarity': -0.22573305919324008, 'Specificity': -0.8464989719746505, 'Reproducibility': 0.3950328535881703, 'ReasoningQuality': -0.22573305919324008, 'TechnicalContext': -0.8464989719746505, 'Ambiguity': 2.257330591932402, 'RepairReadiness': 1.6365646791509914, 'RootCauseEvidence': -0.22573305919324008, 'HiddenReproducibility': -0.22573305919324008, 'ImpactScope': -0.8464989719746505}"
Jsoup-15,Jsoup,1.0,1.0,"{'Actionability': 1, 'Clarity': 1, 'Specificity': 0, 'Reproducibility': 1, 'ReasoningQuality': 1, 'TechnicalContext': 0, 'Ambiguity': 0, 'RepairReadiness': 1, 'RootCauseEvidence': 1, 'HiddenReproducibility': 0, 'ImpactScope': 0}","{'repair_difficulty': 4, 'ambiguity_count': 0, 'hidden_s2r_present': False, 'root_cause_evidence': 1, 'impact_scope': 0}","{'Actionability': -0.17038855027411945, 'Clarity': -0.17038855027411945, 'Specificity': -0.7951465679458908, 'Reproducibility': -0.17038855027411945, 'ReasoningQuality': -0.17038855027411945, 'TechnicalContext': -0.7951465679458908, 'Ambiguity': 2.328643520412966, 'RepairReadiness': 1.7038855027411945, 'RootCauseEvidence': -0.17038855027411945, 'HiddenReproducibility': -0.7951465679458908, 'ImpactScope': -0.7951465679458908}"
Jsoup-16,Jsoup,1.0,1.0,"{'Actionability': 0, 'Clarity': 0, 'Specificity': 0, 'Reproducibility': 0, 'ReasoningQuality': 0, 'TechnicalContext': 0, 'Ambiguity': 0, 'RepairReadiness': 0, 'RootCauseEvidence': 1, 'HiddenReproducibility': 0, 'ImpactScope': 0}","{'repair_difficulty': 5, 'ambiguity_count': 0, 'hidden_s2r_present': False, 'root_cause_evidence': 1, 'impact_scope': 0}","{'Actionability': -0.5244044240850757, 'Clarity': -0.5244044240850757, 'Specificity': -0.5244044240850757, 'Reproducibility': -0.5244044240850757, 'ReasoningQuality': -0.5244044240850757, 'TechnicalContext': -0.5244044240850757, 'Ambiguity': 2.097617696340303, 'RepairReadiness': 2.097617696340303, 'RootCauseEvidence': 0.0, 'HiddenReproducibility': -0.5244044240850757, 'ImpactScope': -0.5244044240850757}"
Jsoup-17,Jsoup,1.0,1.0,"{'Actionability': 0, 'Clarity': 1, 'Specificity': 1, 'Reproducibility': 2, 'ReasoningQuality': 1, 'TechnicalContext': 0, 'Ambiguity': 2, 'RepairReadiness': 0, 'RootCauseEvidence': 3, 'HiddenReproducibility': 0, 'ImpactScope': 0}","{'repair_difficulty': 5, 'ambiguity_count': 2, 'hidden_s2r_present': False, 'root_cause_evidence': 3, 'impact_scope': 0}","{'Actionability': -0.933138949631687, 'Clarity': -0.2916059217599022, 'Specificity': -0.2916059217599022, 'Reproducibility': 0.3499271061118826, 'ReasoningQuality': -0.2916059217599022, 'TechnicalContext': -0.933138949631687, 'Ambiguity': 0.9914601339836674, 'RepairReadiness': 2.274526189727237, 'RootCauseEvidence': 0.9914601339836674, 'HiddenReproducibility': -0.933138949631687, 'ImpactScope': -0.933138949631687}"
Jsoup-18,Jsoup,1.0,1.0,"{'Actionability': 0, 'Clarity': 0, 'Specificity': 0, 'Reproducibility': 1, 'ReasoningQuality': 0, 'TechnicalContext': 0, 'Ambiguity': 1, 'RepairReadiness': 0, 'RootCauseEvidence': 0, 'HiddenReproducibility': 1, 'ImpactScope': 0}","{'repair_difficulty': 5, 'ambiguity_count': 1, 'hidden_s2r_present': True, 'root_cause_evidence': 0, 'impact_scope': 0}","{'Actionability': -0.5863019699779287, 'Clarity': -0.5863019699779287, 'Specificity': -0.5863019699779287, 'Reproducibility': 0.0, 'ReasoningQuality': -0.5863019699779287, 'TechnicalContext': -0.5863019699779287, 'Ambiguity': 1.758905909933786, 'RepairReadiness': 2.345207879911715, 'RootCauseEvidence': -0.5863019699779287, 'HiddenReproducibility': 0.0, 'ImpactScope': -0.5863019699779287}"
Jsoup-19,Jsoup,1.0,1.0,"{'Actionability': 0, 'Clarity': 3, 'Specificity': 0, 'Reproducibility': 2, 'ReasoningQuality': 3, 'TechnicalContext': 0, 'Ambiguity': 0, 'RepairReadiness': 0, 'RootCauseEvidence': 2, 'HiddenReproducibility': 0, 'ImpactScope': 1}","{'repair_difficulty': 5, 'ambiguity_count': 0, 'hidden_s2r_present': False, 'root_cause_evidence': 2, 'impact_scope': 1}","{'Actionability': -1.042212500669477, 'Clarity': 0.5955500003825581, 'Specificity': -1.042212500669477, 'Reproducibility': 0.04962916669854647, 'ReasoningQuality': 0.5955500003825581, 'TechnicalContext': -1.042212500669477, 'Ambiguity': 1.6873916677505816, 'RepairReadiness': 1.6873916677505816, 'RootCauseEvidence': 0.04962916669854647, 'HiddenReproducibility': -1.042212500669477, 'ImpactScope': -0.4962916669854652}"
Jsoup-2,Jsoup,1.0,1.0,"{'Actionability': 0, 'Clarity': 2, 'Specificity': 0, 'Reproducibility': 1, 'ReasoningQuality': 1, 'TechnicalContext': 0, 'Ambiguity': 0, 'RepairReadiness': 0, 'RootCauseEvidence': 1, 'HiddenReproducibility': 0, 'ImpactScope': 0}","{'repair_difficulty': 5, 'ambiguity_count': 0, 'hidden_s2r_present': False, 'root_cause_evidence': 1, 'impact_scope': 0}","{'Actionability': -0.7481320020807246, 'Clarity': 0.3491282676376716, 'Specificity': -0.7481320020807246, 'Reproducibility': -0.19950186722152652, 'ReasoningQuality': -0.19950186722152652, 'TechnicalContext': -0.7481320020807246, 'Ambiguity': 1.995018672215266, 'RepairReadiness': 1.995018672215266, 'RootCauseEvidence': -0.19950186722152652, 'HiddenReproducibility': -0.7481320020807246, 'ImpactScope': -0.7481320020807246}"
Jsoup-20,Jsoup,1.0,1.0,"{'Actionability': 0, 'Clarity': 2, 'Specificity': 0, 'Reproducibility': 1, 'ReasoningQuality': 1, 'TechnicalContext': 0, 'Ambiguity': 0, 'RepairReadiness': 0, 'RootCauseEvidence': 1, 'HiddenReproducibility': 0, 'ImpactScope': 0}","{'repair_difficulty': 5, 'ambiguity_count': 0, 'hidden_s2r_present': False, 'root_cause_evidence': 1, 'impact_scope': 0}","{'Actionability': -0.7481320020807246, 'Clarity': 0.3491282676376716, 'Specificity': -0.7481320020807246, 'Reproducibility': -0.19950186722152652, 'ReasoningQuality': -0.19950186722152652, 'TechnicalContext': -0.7481320020807246, 'Ambiguity': 1.995018672215266, 'RepairReadiness': 1.995018672215266, 'RootCauseEvidence': -0.19950186722152652, 'HiddenReproducibility': -0.7481320020807246, 'ImpactScope': -0.7481320020807246}"
Jsoup-21,Jsoup,1.0,1.0,"{'Actionability': 1, 'Clarity': 2, 'Specificity': 1, 'Reproducibility': 1, 'ReasoningQuality': 1, 'TechnicalContext': 0, 'Ambiguity': 0, 'RepairReadiness': 1, 'RootCauseEvidence': 2, 'HiddenReproducibility': 1, 'ImpactScope': 1}","{'repair_difficulty': 4, 'ambiguity_count': 0, 'hidden_s2r_present': True, 'root_cause_evidence': 2, 'impact_scope': 1}","{'Actionability': -0.5121475197315839, 'Clarity': 0.19205531989934393, 'Specificity': -0.5121475197315839, 'Reproducibility': -0.5121475197315839, 'ReasoningQuality': -0.5121475197315839, 'TechnicalContext': -1.2163503593625118, 'Ambiguity': 2.3046638387921274, 'RepairReadiness': 1.6004609991611995, 'RootCauseEvidence': 0.19205531989934393, 'HiddenReproducibility': -0.5121475197315839, 'ImpactScope': -0.5121475197315839}"
Jsoup-22,Jsoup,1.0,1.0,"{'Actionability': 0, 'Clarity': 0, 'Specificity': 1, 'Reproducibility': 1, 'ReasoningQuality': 0, 'TechnicalContext': 0, 'Ambiguity': 0, 'RepairReadiness': 1, 'RootCauseEvidence': 1, 'HiddenReproducibility': 0, 'ImpactScope': 0}","{'repair_difficulty': 4, 'ambiguity_count': 0, 'hidden_s2r_present': False, 'root_cause_evidence': 1, 'impact_scope': 0}","{'Actionability': -0.6507913734559684, 'Clarity': -0.6507913734559684, 'Specificity': -0.05423261445466399, 'Reproducibility': -0.05423261445466399, 'ReasoningQuality': -0.6507913734559684, 'TechnicalContext': -0.6507913734559684, 'Ambiguity': 2.3320024215505537, 'RepairReadiness': 1.7354436625492493, 'RootCauseEvidence': -0.05423261445466399, 'HiddenReproducibility': -0.6507913734559684, 'ImpactScope': -0.6507913734559684}"
Jsoup-23,Jsoup,1.0,1.0,"{'Actionability': 0, 'Clarity': 0, 'Specificity': 0, 'Reproducibility': 0, 'ReasoningQuality': 0, 'TechnicalContext': 0, 'Ambiguity': 0, 'RepairReadiness': 1, 'RootCauseEvidence': 1, 'HiddenReproducibility': 0, 'ImpactScope': 0}","{'repair_difficulty': 4, 'ambiguity_count': 0, 'hidden_s2r_present': False, 'root_cause_evidence': 1, 'impact_scope': 0}","{'Actionability': -0.5255883312276367, 'Clarity': -0.5255883312276367, 'Specificity': -0.5255883312276367, 'Reproducibility': -0.5255883312276367, 'ReasoningQuality': -0.5255883312276367, 'TechnicalContext': -0.5255883312276367, 'Ambiguity': 2.3651474905243655, 'RepairReadiness': 1.7870003261739649, 'RootCauseEvidence': 0.052558833122763694, 'HiddenReproducibility': -0.5255883312276367, 'ImpactScope': -0.5255883312276367}"
Jsoup-24,Jsoup,1.0,1.0,"{'Actionability': 0, 'Clarity': 0, 'Specificity': 1, 'Reproducibility': 1, 'ReasoningQuality': 0, 'TechnicalContext': 0, 'Ambiguity': 3, 'RepairReadiness': 0, 'RootCauseEvidence': 1, 'HiddenReproducibility': 0, 'ImpactScope': 0}","{'repair_difficulty': 5, 'ambiguity_count': 3, 'hidden_s2r_present': False, 'root_cause_evidence': 1, 'impact_scope': 0}","{'Actionability': -0.629940788348712, 'Clarity': -0.629940788348712, 'Specificity': 0.06299407883487122, 'Reproducibility': 0.06299407883487122, 'ReasoningQuality': -0.629940788348712, 'TechnicalContext': -0.629940788348712, 'Ambiguity': 0.7559289460184544, 'RepairReadiness': 2.834733547569204, 'RootCauseEvidence': 0.06299407883487122, 'HiddenReproducibility': -0.629940788348712, 'ImpactScope': -0.629940788348712}"
Jsoup-25,Jsoup,1.0,1.0,"{'Actionability': 0, 'Clarity': 0, 'Specificity': 1, 'Reproducibility': 1, 'ReasoningQuality': 0, 'TechnicalContext': 0, 'Ambiguity': 0, 'RepairReadiness': 1, 'RootCauseEvidence': 1, 'HiddenReproducibility': 0, 'ImpactScope': 0}","{'repair_difficulty': 4, 'ambiguity_count': 0, 'hidden_s2r_present': False, 'root_cause_evidence': 1, 'impact_scope': 0}","{'Actionability': -0.6507913734559684, 'Clarity': -0.6507913734559684, 'Specificity': -0.05423261445466399, 'Reproducibility': -0.05423261445466399, 'ReasoningQuality': -0.6507913734559684, 'TechnicalContext': -0.6507913734559684, 'Ambiguity': 2.3320024215505537, 'RepairReadiness': 1.7354436625492493, 'RootCauseEvidence': -0.05423261445466399, 'HiddenReproducibility': -0.6507913734559684, 'ImpactScope': -0.6507913734559684}"
Jsoup-26,Jsoup,1.0,1.0,"{'Actionability': 0, 'Clarity': 1, 'Specificity': 0, 'Reproducibility': 2, 'ReasoningQuality': 1, 'TechnicalContext': 0, 'Ambiguity': 1, 'RepairReadiness': 1, 'RootCauseEvidence': 2, 'HiddenReproducibility': 0, 'ImpactScope': 0}","{'repair_difficulty': 4, 'ambiguity_count': 1, 'hidden_s2r_present': False, 'root_cause_evidence': 2, 'impact_scope': 0}","{'Actionability': -0.8583950752789522, 'Clarity': -0.18394180184548975, 'Specificity': -0.8583950752789522, 'Reproducibility': 0.4905114715879727, 'ReasoningQuality': -0.18394180184548975, 'TechnicalContext': -0.8583950752789522, 'Ambiguity': 1.8394180184548978, 'RepairReadiness': 1.8394180184548978, 'RootCauseEvidence': 0.4905114715879727, 'HiddenReproducibility': -0.8583950752789522, 'ImpactScope': -0.8583950752789522}"
Jsoup-27,Jsoup,1.0,1.0,"{'Actionability': 0, 'Clarity': 1, 'Specificity': 1, 'Reproducibility': 1, 'ReasoningQuality': 1, 'TechnicalContext': 0, 'Ambiguity': 0, 'RepairReadiness': 1, 'RootCauseEvidence': 1, 'HiddenReproducibility': 0, 'ImpactScope': 1}","{'repair_difficulty': 4, 'ambiguity_count': 0, 'hidden_s2r_present': False, 'root_cause_evidence': 1, 'impact_scope': 1}","{'Actionability': -0.8778086039709792, 'Clarity': -0.23408229439226108, 'Specificity': -0.23408229439226108, 'Reproducibility': -0.23408229439226108, 'ReasoningQuality': -0.23408229439226108, 'TechnicalContext': -0.8778086039709792, 'Ambiguity': 2.3408229439226114, 'RepairReadiness': 1.6970966343438934, 'RootCauseEvidence': -0.23408229439226108, 'HiddenReproducibility': -0.8778086039709792, 'ImpactScope': -0.23408229439226108}"
Jsoup-28,Jsoup,1.0,1.0,"{'Actionability': 0, 'Clarity': 1, 'Specificity': 0, 'Reproducibility': 2, 'ReasoningQuality': 1, 'TechnicalContext': 0, 'Ambiguity': 1, 'RepairReadiness': 2, 'RootCauseEvidence': 1, 'HiddenReproducibility': 0, 'ImpactScope': 0}","{'repair_difficulty': 3, 'ambiguity_count': 1, 'hidden_s2r_present': False, 'root_cause_evidence': 1, 'impact_scope': 0}","{'Actionability': -0.8320502943378436, 'Clarity': -0.06933752452815357, 'Specificity': -0.8320502943378436, 'Reproducibility': 0.6933752452815364, 'ReasoningQuality': -0.06933752452815357, 'TechnicalContext': -0.8320502943378436, 'Ambiguity': 2.2188007849009166, 'RepairReadiness': 1.4560880150912263, 'RootCauseEvidence': -0.06933752452815357, 'HiddenReproducibility': -0.8320502943378436, 'ImpactScope': -0.8320502943378436}"
Jsoup-29,Jsoup,1.0,1.0,"{'Actionability': 0, 'Clarity': 2, 'Specificity': 1, 'Reproducibility': 1, 'ReasoningQuality': 1, 'TechnicalContext': 0, 'Ambiguity': 0, 'RepairReadiness': 1, 'RootCauseEvidence': 1, 'HiddenReproducibility': 0, 'ImpactScope': 0}","{'repair_difficulty': 4, 'ambiguity_count': 0, 'hidden_s2r_present': False, 'root_cause_evidence': 1, 'impact_scope': 0}","{'Actionability': -0.8464989719746505, 'Clarity': 0.3950328535881703, 'Specificity': -0.22573305919324008, 'Reproducibility': -0.22573305919324008, 'ReasoningQuality': -0.22573305919324008, 'TechnicalContext': -0.8464989719746505, 'Ambiguity': 2.257330591932402, 'RepairReadiness': 1.6365646791509914, 'RootCauseEvidence': -0.22573305919324008, 'HiddenReproducibility': -0.8464989719746505, 'ImpactScope': -0.8464989719746505}"
Jsoup-3,Jsoup,1.0,1.0,"{'Actionability': 0, 'Clarity': 0, 'Specificity': 0, 'Reproducibility': 0, 'ReasoningQuality': 0, 'TechnicalContext': 0, 'Ambiguity': 0, 'RepairReadiness': 0, 'RootCauseEvidence': 1, 'HiddenReproducibility': 0, 'ImpactScope': 0}","{'repair_difficulty': 5, 'ambiguity_count': 0, 'hidden_s2r_present': False, 'root_cause_evidence': 1, 'impact_scope': 0}","{'Actionability': -0.5244044240850757, 'Clarity': -0.5244044240850757, 'Specificity': -0.5244044240850757, 'Reproducibility': -0.5244044240850757, 'ReasoningQuality': -0.5244044240850757, 'TechnicalContext': -0.5244044240850757, 'Ambiguity': 2.097617696340303, 'RepairReadiness': 2.097617696340303, 'RootCauseEvidence': 0.0, 'HiddenReproducibility': -0.5244044240850757, 'ImpactScope': -0.5244044240850757}"
Jsoup-30,Jsoup,1.0,1.0,"{'Actionability': 0, 'Clarity': 2, 'Specificity': 1, 'Reproducibility': 2, 'ReasoningQuality': 1, 'TechnicalContext': 0, 'Ambiguity': 0, 'RepairReadiness': 1, 'RootCauseEvidence': 2, 'HiddenReproducibility': 0, 'ImpactScope': 0}","{'repair_difficulty': 4, 'ambiguity_count': 0, 'hidden_s2r_present': False, 'root_cause_evidence': 2, 'impact_scope': 0}","{'Actionability': -0.9563247157871202, 'Clarity': 0.281271975231506, 'Specificity': -0.33752637027780713, 'Reproducibility': 0.281271975231506, 'ReasoningQuality': -0.33752637027780713, 'TechnicalContext': -0.9563247157871202, 'Ambiguity': 2.1376670117594454, 'RepairReadiness': 1.518868666250132, 'RootCauseEvidence': 0.281271975231506, 'HiddenReproducibility': -0.9563247157871202, 'ImpactScope': -0.9563247157871202}"
Jsoup-31,Jsoup,1.0,1.0,"{'Actionability': 0, 'Clarity': 0, 'Specificity': 0, 'Reproducibility': 0, 'ReasoningQuality': 0, 'TechnicalContext': 0, 'Ambiguity': 0, 'RepairReadiness': 0, 'RootCauseEvidence': 1, 'HiddenReproducibility': 0, 'ImpactScope': 0}","{'repair_difficulty': 5, 'ambiguity_count': 0, 'hidden_s2r_present': False, 'root_cause_evidence': 1, 'impact_scope': 0}","{'Actionability': -0.5244044240850757, 'Clarity': -0.5244044240850757, 'Specificity': -0.5244044240850757, 'Reproducibility': -0.5244044240850757, 'ReasoningQuality': -0.5244044240850757, 'TechnicalContext': -0.5244044240850757, 'Ambiguity': 2.097617696340303, 'RepairReadiness': 2.097617696340303, 'RootCauseEvidence': 0.0, 'HiddenReproducibility': -0.5244044240850757, 'ImpactScope': -0.5244044240850757}"
Jsoup-32,Jsoup,1.0,1.0,"{'Actionability': 0, 'Clarity': 1, 'Specificity': 0, 'Reproducibility': 2, 'ReasoningQuality': 1, 'TechnicalContext': 0, 'Ambiguity': 0, 'RepairReadiness': 1, 'RootCauseEvidence': 1, 'HiddenReproducibility': 0, 'ImpactScope': 0}","{'repair_difficulty': 4, 'ambiguity_count': 0, 'hidden_s2r_present': False, 'root_cause_evidence': 1, 'impact_scope': 0}","{'Actionability': -0.7683498199278324, 'Clarity': -0.16464638998453549, 'Specificity': -0.7683498199278324, 'Reproducibility': 0.4390570399587614, 'ReasoningQuality': -0.16464638998453549, 'TechnicalContext': -0.7683498199278324, 'Ambiguity': 2.250167329788652, 'RepairReadiness': 1.6464638998453551, 'RootCauseEvidence': -0.16464638998453549, 'HiddenReproducibility': -0.7683498199278324, 'ImpactScope': -0.7683498199278324}"
Jsoup-33,Jsoup,1.0,1.0,"{'Actionability': 0, 'Clarity': 1, 'Specificity': 1, 'Reproducibility': 1, 'ReasoningQuality': 1, 'TechnicalContext': 0, 'Ambiguity': 0, 'RepairReadiness': 0, 'RootCauseEvidence': 1, 'HiddenReproducibility': 0, 'ImpactScope': 0}","{'repair_difficulty': 5, 'ambiguity_count': 0, 'hidden_s2r_present': False, 'root_cause_evidence': 1, 'impact_scope': 0}","{'Actionability': -0.7694837640638655, 'Clarity': -0.20519567041703077, 'Specificity': -0.20519567041703077, 'Reproducibility': -0.20519567041703077, 'ReasoningQuality': -0.20519567041703077, 'TechnicalContext': -0.7694837640638655, 'Ambiguity': 2.0519567041703084, 'RepairReadiness': 2.0519567041703084, 'RootCauseEvidence': -0.20519567041703077, 'HiddenReproducibility': -0.7694837640638655, 'ImpactScope': -0.7694837640638655}"
Jsoup-34,Jsoup,1.0,1.0,"{'Actionability': 0, 'Clarity': 0, 'Specificity': 0, 'Reproducibility': 0, 'ReasoningQuality': 0, 'TechnicalContext': 0, 'Ambiguity': 0, 'RepairReadiness': 0, 'RootCauseEvidence': 1, 'HiddenReproducibility': 0, 'ImpactScope': 0}","{'repair_difficulty': 5, 'ambiguity_count': 0, 'hidden_s2r_present': False, 'root_cause_evidence': 1, 'impact_scope': 0}","{'Actionability': -0.5244044240850757, 'Clarity': -0.5244044240850757, 'Specificity': -0.5244044240850757, 'Reproducibility': -0.5244044240850757, 'ReasoningQuality': -0.5244044240850757, 'TechnicalContext': -0.5244044240850757, 'Ambiguity': 2.097617696340303, 'RepairReadiness': 2.097617696340303, 'RootCauseEvidence': 0.0, 'HiddenReproducibility': -0.5244044240850757, 'ImpactScope': -0.5244044240850757}"
Jsoup-35,Jsoup,1.0,1.0,"{'Actionability': 0, 'Clarity': 0, 'Specificity': 1, 'Reproducibility': 0, 'ReasoningQuality': 0, 'TechnicalContext': 0, 'Ambiguity': 0, 'RepairReadiness': 1, 'RootCauseEvidence': 1, 'HiddenReproducibility': 1, 'ImpactScope': 0}","{'repair_difficulty': 4, 'ambiguity_count': 0, 'hidden_s2r_present': True, 'root_cause_evidence': 1, 'impact_scope': 0}","{'Actionability': -0.6507913734559684, 'Clarity': -0.6507913734559684, 'Specificity': -0.05423261445466399, 'Reproducibility': -0.6507913734559684, 'ReasoningQuality': -0.6507913734559684, 'TechnicalContext': -0.6507913734559684, 'Ambiguity': 2.3320024215505537, 'RepairReadiness': 1.7354436625492493, 'RootCauseEvidence': -0.05423261445466399, 'HiddenReproducibility': -0.05423261445466399, 'ImpactScope': -0.6507913734559684}"
Jsoup-36,Jsoup,1.0,1.0,"{'Actionability': 0, 'Clarity': 0, 'Specificity': 1, 'Reproducibility': 1, 'ReasoningQuality': 0, 'TechnicalContext': 0, 'Ambiguity': 0, 'RepairReadiness': 3, 'RootCauseEvidence': 1, 'HiddenReproducibility': 0, 'ImpactScope': 0}","{'repair_difficulty': 2, 'ambiguity_count': 0, 'hidden_s2r_present': False, 'root_cause_evidence': 1, 'impact_scope': 0}","{'Actionability': -0.629940788348712, 'Clarity': -0.629940788348712, 'Specificity': 0.06299407883487122, 'Reproducibility': 0.06299407883487122, 'ReasoningQuality': -0.629940788348712, 'TechnicalContext': -0.629940788348712, 'Ambiguity': 2.834733547569204, 'RepairReadiness': 0.7559289460184544, 'RootCauseEvidence': 0.06299407883487122, 'HiddenReproducibility': -0.629940788348712, 'ImpactScope': -0.629940788348712}"
Jsoup-37,Jsoup,1.0,1.0,"{'Actionability': 0, 'Clarity': 1, 'Specificity': 0, 'Reproducibility': 1, 'ReasoningQuality': 1, 'TechnicalContext': 0, 'Ambiguity': 0, 'RepairReadiness': 0, 'RootCauseEvidence': 1, 'HiddenReproducibility': 0, 'ImpactScope': 0}","{'repair_difficulty': 5, 'ambiguity_count': 0, 'hidden_s2r_present': False, 'root_cause_evidence': 1, 'impact_scope': 0}","{'Actionability': -0.7017565899639198, 'Clarity': -0.15037641213512565, 'Specificity': -0.7017565899639198, 'Reproducibility': -0.15037641213512565, 'ReasoningQuality': -0.15037641213512565, 'TechnicalContext': -0.7017565899639198, 'Ambiguity': 2.055144299180051, 'RepairReadiness': 2.055144299180051, 'RootCauseEvidence': -0.15037641213512565, 'HiddenReproducibility': -0.7017565899639198, 'ImpactScope': -0.7017565899639198}"
Jsoup-38,Jsoup,1.0,1.0,"{'Actionability': 0, 'Clarity': 1, 'Specificity': 1, 'Reproducibility': 0, 'ReasoningQuality': 0, 'TechnicalContext': 0, 'Ambiguity': 2, 'RepairReadiness': 1, 'RootCauseEvidence': 1, 'HiddenReproducibility': 0, 'ImpactScope': 0}","{'repair_difficulty': 4, 'ambiguity_count': 2, 'hidden_s2r_present': False, 'root_cause_evidence': 1, 'impact_scope': 0}","{'Actionability': -0.6933752452815364, 'Clarity': 0.06933752452815366, 'Specificity': 0.06933752452815366, 'Reproducibility': -0.6933752452815364, 'ReasoningQuality': -0.6933752452815364, 'TechnicalContext': -0.6933752452815364, 'Ambiguity': 1.5947630641475337, 'RepairReadiness': 2.3574758339572237, 'RootCauseEvidence': 0.06933752452815366, 'HiddenReproducibility': -0.6933752452815364, 'ImpactScope': -0.6933752452815364}"
Jsoup-39,Jsoup,1.0,1.0,"{'Actionability': 0, 'Clarity': 1, 'Specificity': 0, 'Reproducibility': 1, 'ReasoningQuality': 0, 'TechnicalContext': 0, 'Ambiguity': 0, 'RepairReadiness': 0, 'RootCauseEvidence': 1, 'HiddenReproducibility': 0, 'ImpactScope': 0}","{'repair_difficulty': 5, 'ambiguity_count': 0, 'hidden_s2r_present': False, 'root_cause_evidence': 1, 'impact_scope': 0}","{'Actionability': -0.6389151433378876, 'Clarity': -0.09829463743659811, 'Specificity': -0.6389151433378876, 'Reproducibility': -0.09829463743659811, 'ReasoningQuality': -0.6389151433378876, 'TechnicalContext': -0.6389151433378876, 'Ambiguity': 2.06418738616856, 'RepairReadiness': 2.06418738616856, 'RootCauseEvidence': -0.09829463743659811, 'HiddenReproducibility': -0.6389151433378876, 'ImpactScope': -0.6389151433378876}"
Jsoup-4,Jsoup,1.0,1.0,"{'Actionability': 0, 'Clarity': 1, 'Specificity': 0, 'Reproducibility': 1, 'ReasoningQuality': 1, 'TechnicalContext': 0, 'Ambiguity': 0, 'RepairReadiness': 1, 'RootCauseEvidence': 1, 'HiddenReproducibility': 0, 'ImpactScope': 1}","{'repair_difficulty': 4, 'ambiguity_count': 0, 'hidden_s2r_present': False, 'root_cause_evidence': 1, 'impact_scope': 1}","{'Actionability': -0.7951465679458908, 'Clarity': -0.17038855027411945, 'Specificity': -0.7951465679458908, 'Reproducibility': -0.17038855027411945, 'ReasoningQuality': -0.17038855027411945, 'TechnicalContext': -0.7951465679458908, 'Ambiguity': 2.328643520412966, 'RepairReadiness': 1.7038855027411945, 'RootCauseEvidence': -0.17038855027411945, 'HiddenReproducibility': -0.7951465679458908, 'ImpactScope': -0.17038855027411945}"
Jsoup-40,Jsoup,1.0,1.0,"{'Actionability': 0, 'Clarity': 1, 'Specificity': 0, 'Reproducibility': 2, 'ReasoningQuality': 1, 'TechnicalContext': 0, 'Ambiguity': 2, 'RepairReadiness': 1, 'RootCauseEvidence': 1, 'HiddenReproducibility': 0, 'ImpactScope': 0}","{'repair_difficulty': 4, 'ambiguity_count': 2, 'hidden_s2r_present': False, 'root_cause_evidence': 1, 'impact_scope': 0}","{'Actionability': -0.8320502943378436, 'Clarity': -0.06933752452815357, 'Specificity': -0.8320502943378436, 'Reproducibility': 0.6933752452815364, 'ReasoningQuality': -0.06933752452815357, 'TechnicalContext': -0.8320502943378436, 'Ambiguity': 1.4560880150912263, 'RepairReadiness': 2.2188007849009166, 'RootCauseEvidence': -0.06933752452815357, 'HiddenReproducibility': -0.8320502943378436, 'ImpactScope': -0.8320502943378436}"
Jsoup-41,Jsoup,1.0,1.0,"{'Actionability': 0, 'Clarity': 2, 'Specificity': 1, 'Reproducibility': 2, 'ReasoningQuality': 1, 'TechnicalContext': 0, 'Ambiguity': 0, 'RepairReadiness': 1, 'RootCauseEvidence': 1, 'HiddenReproducibility': 0, 'ImpactScope': 0}","{'repair_difficulty': 4, 'ambiguity_count': 0, 'hidden_s2r_present': False, 'root_cause_evidence': 1, 'impact_scope': 0}","{'Actionability': -0.900070320740819, 'Clarity': 0.33752637027780713, 'Specificity': -0.281271975231506, 'Reproducibility': 0.33752637027780713, 'ReasoningQuality': -0.281271975231506, 'TechnicalContext': -0.900070320740819, 'Ambiguity': 2.1939214068057464, 'RepairReadiness': 1.5751230612964333, 'RootCauseEvidence': -0.281271975231506, 'HiddenReproducibility': -0.900070320740819, 'ImpactScope': -0.900070320740819}"
Jsoup-42,Jsoup,1.0,1.0,"{'Actionability': 0, 'Clarity': 2, 'Specificity': 1, 'Reproducibility': 3, 'ReasoningQuality': 1, 'TechnicalContext': 0, 'Ambiguity': 2, 'RepairReadiness': 3, 'RootCauseEvidence': 1, 'HiddenReproducibility': 0, 'ImpactScope': 0}","{'repair_difficulty': 2, 'ambiguity_count': 2, 'hidden_s2r_present': False, 'root_cause_evidence': 1, 'impact_scope': 0}","{'Actionability': -1.061445555206044, 'Clarity': 0.7348469228349535, 'Specificity': -0.16329931618554527, 'Reproducibility': 1.632993161855452, 'ReasoningQuality': -0.16329931618554527, 'TechnicalContext': -1.061445555206044, 'Ambiguity': 1.632993161855452, 'RepairReadiness': 0.7348469228349535, 'RootCauseEvidence': -0.16329931618554527, 'HiddenReproducibility': -1.061445555206044, 'ImpactScope': -1.061445555206044}"
Jsoup-43,Jsoup,1.0,1.0,"{'Actionability': 0, 'Clarity': 1, 'Specificity': 1, 'Reproducibility': 2, 'ReasoningQuality': 1, 'TechnicalContext': 0, 'Ambiguity': 0, 'RepairReadiness': 0, 'RootCauseEvidence': 1, 'HiddenReproducibility': 0, 'ImpactScope': 0}","{'repair_difficulty': 5, 'ambiguity_count': 0, 'hidden_s2r_present': False, 'root_cause_evidence': 1, 'impact_scope': 0}","{'Actionability': -0.8186312161546414, 'Clarity': -0.25582225504832545, 'Specificity': -0.25582225504832545, 'Reproducibility': 0.3069867060579905, 'ReasoningQuality': -0.25582225504832545, 'TechnicalContext': -0.8186312161546414, 'Ambiguity': 1.9954135893769382, 'RepairReadiness': 1.9954135893769382, 'RootCauseEvidence': -0.25582225504832545, 'HiddenReproducibility': -0.8186312161546414, 'ImpactScope': -0.8186312161546414}"
Jsoup-44,Jsoup,1.0,1.0,"{'Actionability': 0, 'Clarity': 2, 'Specificity': 1, 'Reproducibility': 3, 'ReasoningQuality': 1, 'TechnicalContext': 0, 'Ambiguity': 1, 'RepairReadiness': 1, 'RootCauseEvidence': 1, 'HiddenReproducibility': 1, 'ImpactScope': 1}","{'repair_difficulty': 4, 'ambiguity_count': 1, 'hidden_s2r_present': True, 'root_cause_evidence': 1, 'impact_scope': 1}","{'Actionability': -1.1973421894279308, 'Clarity': 0.26607604209509567, 'Specificity': -0.4656330736664176, 'Reproducibility': 0.9977851578566089, 'ReasoningQuality': -0.4656330736664176, 'TechnicalContext': -1.1973421894279308, 'Ambiguity': 1.729494273618122, 'RepairReadiness': 1.729494273618122, 'RootCauseEvidence': -0.4656330736664176, 'HiddenReproducibility': -0.4656330736664176, 'ImpactScope': -0.4656330736664176}"
Jsoup-45,Jsoup,1.0,1.0,"{'Actionability': 0, 'Clarity': 0, 'Specificity': 0, 'Reproducibility': 0, 'ReasoningQuality': 0, 'TechnicalContext': 0, 'Ambiguity': 0, 'RepairReadiness': 0, 'RootCauseEvidence': 0, 'HiddenReproducibility': 0, 'ImpactScope': 0}","{'repair_difficulty': 5, 'ambiguity_count': 0, 'hidden_s2r_present': False, 'root_cause_evidence': 0, 'impact_scope': 0}","{'Actionability': -0.4714045207910317, 'Clarity': -0.4714045207910317, 'Specificity': -0.4714045207910317, 'Reproducibility': -0.4714045207910317, 'ReasoningQuality': -0.4714045207910317, 'TechnicalContext': -0.4714045207910317, 'Ambiguity': 2.121320343559643, 'RepairReadiness': 2.121320343559643, 'RootCauseEvidence': -0.4714045207910317, 'HiddenReproducibility': -0.4714045207910317, 'ImpactScope': -0.4714045207910317}"
Jsoup-46,Jsoup,1.0,1.0,"{'Actionability': 0, 'Clarity': 2, 'Specificity': 1, 'Reproducibility': 3, 'ReasoningQuality': 1, 'TechnicalContext': 0, 'Ambiguity': 4, 'RepairReadiness': 2, 'RootCauseEvidence': 1, 'HiddenReproducibility': 0, 'ImpactScope': 1}","{'repair_difficulty': 3, 'ambiguity_count': 4, 'hidden_s2r_present': False, 'root_cause_evidence': 1, 'impact_scope': 1}","{'Actionability': -1.1490485194281397, 'Clarity': 0.7954951288348658, 'Specificity': -0.17677669529663692, 'Reproducibility': 1.7677669529663687, 'ReasoningQuality': -0.17677669529663692, 'TechnicalContext': -1.1490485194281397, 'Ambiguity': -0.17677669529663692, 'RepairReadiness': 1.7677669529663687, 'RootCauseEvidence': -0.17677669529663692, 'HiddenReproducibility': -1.1490485194281397, 'ImpactScope': -0.17677669529663692}"
Jsoup-47,Jsoup,1.0,1.0,"{'Actionability': 0, 'Clarity': 0, 'Specificity': 0, 'Reproducibility': 0, 'ReasoningQuality': 0, 'TechnicalContext': 0, 'Ambiguity': 0, 'RepairReadiness': 0, 'RootCauseEvidence': 1, 'HiddenReproducibility': 0, 'ImpactScope': 0}","{'repair_difficulty': 5, 'ambiguity_count': 0, 'hidden_s2r_present': False, 'root_cause_evidence': 1, 'impact_scope': 0}","{'Actionability': -0.5244044240850757, 'Clarity': -0.5244044240850757, 'Specificity': -0.5244044240850757, 'Reproducibility': -0.5244044240850757, 'ReasoningQuality': -0.5244044240850757, 'TechnicalContext': -0.5244044240850757, 'Ambiguity': 2.097617696340303, 'RepairReadiness': 2.097617696340303, 'RootCauseEvidence': 0.0, 'HiddenReproducibility': -0.5244044240850757, 'ImpactScope': -0.5244044240850757}"
Jsoup-48,Jsoup,1.0,1.0,"{'Actionability': 0, 'Clarity': 1, 'Specificity': 0, 'Reproducibility': 0, 'ReasoningQuality': 0, 'TechnicalContext': 0, 'Ambiguity': 0, 'RepairReadiness': 0, 'RootCauseEvidence': 2, 'HiddenReproducibility': 1, 'ImpactScope': 0}","{'repair_difficulty': 5, 'ambiguity_count': 0, 'hidden_s2r_present': True, 'root_cause_evidence': 2, 'impact_scope': 0}","{'Actionability': -0.6831300510639732, 'Clarity': -0.14638501094227996, 'Specificity': -0.6831300510639732, 'Reproducibility': -0.6831300510639732, 'ReasoningQuality': -0.6831300510639732, 'TechnicalContext': -0.6831300510639732, 'Ambiguity': 2.000595149544493, 'RepairReadiness': 2.000595149544493, 'RootCauseEvidence': 0.39036002917941326, 'HiddenReproducibility': -0.14638501094227996, 'ImpactScope': -0.6831300510639732}"
Jsoup-49,Jsoup,1.0,1.0,"{'Actionability': 0, 'Clarity': 2, 'Specificity': 1, 'Reproducibility': 2, 'ReasoningQuality': 1, 'TechnicalContext': 0, 'Ambiguity': 1, 'RepairReadiness': 2, 'RootCauseEvidence': 1, 'HiddenReproducibility': 0, 'ImpactScope': 0}","{'repair_difficulty': 3, 'ambiguity_count': 1, 'hidden_s2r_present': False, 'root_cause_evidence': 1, 'impact_scope': 0}","{'Actionability': -0.9899494936611665, 'Clarity': 0.565685424949238, 'Specificity': -0.21213203435596423, 'Reproducibility': 0.565685424949238, 'ReasoningQuality': -0.21213203435596423, 'TechnicalContext': -0.9899494936611665, 'Ambiguity': 2.121320343559643, 'RepairReadiness': 1.3435028842544403, 'RootCauseEvidence': -0.21213203435596423, 'HiddenReproducibility': -0.9899494936611665, 'ImpactScope': -0.9899494936611665}"
Jsoup-5,Jsoup,1.0,1.0,"{'Actionability': 0, 'Clarity': 0, 'Specificity': 0, 'Reproducibility': 0, 'ReasoningQuality': 0, 'TechnicalContext': 0, 'Ambiguity': 0, 'RepairReadiness': 1, 'RootCauseEvidence': 1, 'HiddenReproducibility': 0, 'ImpactScope': 0}","{'repair_difficulty': 4, 'ambiguity_count': 0, 'hidden_s2r_present': False, 'root_cause_evidence': 1, 'impact_scope': 0}","{'Actionability': -0.5255883312276367, 'Clarity': -0.5255883312276367, 'Specificity': -0.5255883312276367, 'Reproducibility': -0.5255883312276367, 'ReasoningQuality': -0.5255883312276367, 'TechnicalContext': -0.5255883312276367, 'Ambiguity': 2.3651474905243655, 'RepairReadiness': 1.7870003261739649, 'RootCauseEvidence': 0.052558833122763694, 'HiddenReproducibility': -0.5255883312276367, 'ImpactScope': -0.5255883312276367}"
Jsoup-50,Jsoup,1.0,1.0,"{'Actionability': 0, 'Clarity': 1, 'Specificity': 1, 'Reproducibility': 1, 'ReasoningQuality': 1, 'TechnicalContext': 0, 'Ambiguity': 1, 'RepairReadiness': 2, 'RootCauseEvidence': 1, 'HiddenReproducibility': 1, 'ImpactScope': 1}","{'repair_difficulty': 3, 'ambiguity_count': 1, 'hidden_s2r_present': True, 'root_cause_evidence': 1, 'impact_scope': 1}","{'Actionability': -1.12089707663561, 'Clarity': -0.2401922307076307, 'Specificity': -0.2401922307076307, 'Reproducibility': -0.2401922307076307, 'ReasoningQuality': -0.2401922307076307, 'TechnicalContext': -1.12089707663561, 'Ambiguity': 2.4019223070763074, 'RepairReadiness': 1.5212174611483278, 'RootCauseEvidence': -0.2401922307076307, 'HiddenReproducibility': -0.2401922307076307, 'ImpactScope': -0.2401922307076307}"
Jsoup-51,Jsoup,1.0,1.0,"{'Actionability': 0, 'Clarity': 0, 'Specificity': 0, 'Reproducibility': 0, 'ReasoningQuality': 0, 'TechnicalContext': 0, 'Ambiguity': 0, 'RepairReadiness': 0, 'RootCauseEvidence': 0, 'HiddenReproducibility': 0, 'ImpactScope': 0}","{'repair_difficulty': 5, 'ambiguity_count': 0, 'hidden_s2r_present': False, 'root_cause_evidence': 0, 'impact_scope': 0}","{'Actionability': -0.4714045207910317, 'Clarity': -0.4714045207910317, 'Specificity': -0.4714045207910317, 'Reproducibility': -0.4714045207910317, 'ReasoningQuality': -0.4714045207910317, 'TechnicalContext': -0.4714045207910317, 'Ambiguity': 2.121320343559643, 'RepairReadiness': 2.121320343559643, 'RootCauseEvidence': -0.4714045207910317, 'HiddenReproducibility': -0.4714045207910317, 'ImpactScope': -0.4714045207910317}"
Jsoup-52,Jsoup,1.0,1.0,"{'Actionability': 0, 'Clarity': 0, 'Specificity': 0, 'Reproducibility': 0, 'ReasoningQuality': 0, 'TechnicalContext': 0, 'Ambiguity': 0, 'RepairReadiness': 0, 'RootCauseEvidence': 1, 'HiddenReproducibility': 1, 'ImpactScope': 0}","{'repair_difficulty': 5, 'ambiguity_count': 0, 'hidden_s2r_present': True, 'root_cause_evidence': 1, 'impact_scope': 0}","{'Actionability': -0.5800418934273981, 'Clarity': -0.5800418934273981, 'Specificity': -0.5800418934273981, 'Reproducibility': -0.5800418934273981, 'ReasoningQuality': -0.5800418934273981, 'TechnicalContext': -0.5800418934273981, 'Ambiguity': 2.078483451448177, 'RepairReadiness': 2.078483451448177, 'RootCauseEvidence': -0.048336824452283135, 'HiddenReproducibility': -0.048336824452283135, 'ImpactScope': -0.5800418934273981}"
Jsoup-53,Jsoup,1.0,1.0,"{'Actionability': 0, 'Clarity': 0, 'Specificity': 0, 'Reproducibility': 0, 'ReasoningQuality': 0, 'TechnicalContext': 0, 'Ambiguity': 0, 'RepairReadiness': 0, 'RootCauseEvidence': 0, 'HiddenReproducibility': 0, 'ImpactScope': 0}","{'repair_difficulty': 5, 'ambiguity_count': 0, 'hidden_s2r_present': False, 'root_cause_evidence': 0, 'impact_scope': 0}","{'Actionability': -0.4714045207910317, 'Clarity': -0.4714045207910317, 'Specificity': -0.4714045207910317, 'Reproducibility': -0.4714045207910317, 'ReasoningQuality': -0.4714045207910317, 'TechnicalContext': -0.4714045207910317, 'Ambiguity': 2.121320343559643, 'RepairReadiness': 2.121320343559643, 'RootCauseEvidence': -0.4714045207910317, 'HiddenReproducibility': -0.4714045207910317, 'ImpactScope': -0.4714045207910317}"
Jsoup-54,Jsoup,1.0,1.0,"{'Actionability': 0, 'Clarity': 1, 'Specificity': 0, 'Reproducibility': 1, 'ReasoningQuality': 1, 'TechnicalContext': 0, 'Ambiguity': 0, 'RepairReadiness': 0, 'RootCauseEvidence': 1, 'HiddenReproducibility': 1, 'ImpactScope': 0}","{'repair_difficulty': 5, 'ambiguity_count': 0, 'hidden_s2r_present': True, 'root_cause_evidence': 1, 'impact_scope': 0}","{'Actionability': -0.7694837640638655, 'Clarity': -0.20519567041703077, 'Specificity': -0.7694837640638655, 'Reproducibility': -0.20519567041703077, 'ReasoningQuality': -0.20519567041703077, 'TechnicalContext': -0.7694837640638655, 'Ambiguity': 2.0519567041703084, 'RepairReadiness': 2.0519567041703084, 'RootCauseEvidence': -0.20519567041703077, 'HiddenReproducibility': -0.20519567041703077, 'ImpactScope': -0.7694837640638655}"
Jsoup-55,Jsoup,1.0,1.0,"{'Actionability': 0, 'Clarity': 1, 'Specificity': 0, 'Reproducibility': 2, 'ReasoningQuality': 0, 'TechnicalContext': 0, 'Ambiguity': 1, 'RepairReadiness': 2, 'RootCauseEvidence': 1, 'HiddenReproducibility': 1, 'ImpactScope': 0}","{'repair_difficulty': 3, 'ambiguity_count': 1, 'hidden_s2r_present': True, 'root_cause_evidence': 1, 'impact_scope': 0}","{'Actionability': -0.8320502943378436, 'Clarity': -0.06933752452815357, 'Specificity': -0.8320502943378436, 'Reproducibility': 0.6933752452815364, 'ReasoningQuality': -0.8320502943378436, 'TechnicalContext': -0.8320502943378436, 'Ambiguity': 2.2188007849009166, 'RepairReadiness': 1.4560880150912263, 'RootCauseEvidence': -0.06933752452815357, 'HiddenReproducibility': -0.06933752452815357, 'ImpactScope': -0.8320502943378436}"
Jsoup-56,Jsoup,1.0,1.0,"{'Actionability': 0, 'Clarity': 0, 'Specificity': 1, 'Reproducibility': 0, 'ReasoningQuality': 0, 'TechnicalContext': 0, 'Ambiguity': 1, 'RepairReadiness': 0, 'RootCauseEvidence': 1, 'HiddenReproducibility': 0, 'ImpactScope': 0}","{'repair_difficulty': 5, 'ambiguity_count': 1, 'hidden_s2r_present': False, 'root_cause_evidence': 1, 'impact_scope': 0}","{'Actionability': -0.5863019699779287, 'Clarity': -0.5863019699779287, 'Specificity': 0.0, 'Reproducibility': -0.5863019699779287, 'ReasoningQuality': -0.5863019699779287, 'TechnicalContext': -0.5863019699779287, 'Ambiguity': 1.758905909933786, 'RepairReadiness': 2.345207879911715, 'RootCauseEvidence': 0.0, 'HiddenReproducibility': -0.5863019699779287, 'ImpactScope': -0.5863019699779287}"
Jsoup-57,Jsoup,1.0,1.0,"{'Actionability': 0, 'Clarity': 0, 'Specificity': 0, 'Reproducibility': 0, 'ReasoningQuality': 1, 'TechnicalContext': 0, 'Ambiguity': 0, 'RepairReadiness': 2, 'RootCauseEvidence': 1, 'HiddenReproducibility': 0, 'ImpactScope': 0}","{'repair_difficulty': 3, 'ambiguity_count': 0, 'hidden_s2r_present': False, 'root_cause_evidence': 1, 'impact_scope': 0}","{'Actionability': -0.5812381937190964, 'Clarity': -0.5812381937190964, 'Specificity': -0.5812381937190964, 'Reproducibility': -0.5812381937190964, 'ReasoningQuality': 0.058123819371909656, 'TechnicalContext': -0.5812381937190964, 'Ambiguity': 2.6155718717359338, 'RepairReadiness': 1.3368478455539217, 'RootCauseEvidence': 0.058123819371909656, 'HiddenReproducibility': -0.5812381937190964, 'ImpactScope': -0.5812381937190964}"
Jsoup-58,Jsoup,1.0,1.0,"{'Actionability': 0, 'Clarity': 0, 'Specificity': 0, 'Reproducibility': 0, 'ReasoningQuality': 0, 'TechnicalContext': 0, 'Ambiguity': 0, 'RepairReadiness': 1, 'RootCauseEvidence': 2, 'HiddenReproducibility': 0, 'ImpactScope': 1}","{'repair_difficulty': 4, 'ambiguity_count': 0, 'hidden_s2r_present': False, 'root_cause_evidence': 2, 'impact_scope': 1}","{'Actionability': -0.630705997473164, 'Clarity': -0.630705997473164, 'Specificity': -0.630705997473164, 'Reproducibility': -0.630705997473164, 'ReasoningQuality': -0.630705997473164, 'TechnicalContext': -0.630705997473164, 'Ambiguity': 2.260029824278838, 'RepairReadiness': 1.6818826599284376, 'RootCauseEvidence': 0.5255883312276368, 'HiddenReproducibility': -0.630705997473164, 'ImpactScope': -0.052558833122763625}"
Jsoup-59,Jsoup,1.0,1.0,"{'Actionability': 0, 'Clarity': 2, 'Specificity': 1, 'Reproducibility': 1, 'ReasoningQuality': 1, 'TechnicalContext': 0, 'Ambiguity': 2, 'RepairReadiness': 0, 'RootCauseEvidence': 1, 'HiddenReproducibility': 0, 'ImpactScope': 1}","{'repair_difficulty': 5, 'ambiguity_count': 2, 'hidden_s2r_present': False, 'root_cause_evidence': 1, 'impact_scope': 1}","{'Actionability': -0.9525009525014287, 'Clarity': 0.44450044450066684, 'Specificity': -0.25400025400038095, 'Reproducibility': -0.25400025400038095, 'ReasoningQuality': -0.25400025400038095, 'TechnicalContext': -0.9525009525014287, 'Ambiguity': 1.1430011430017146, 'RepairReadiness': 2.5400025400038104, 'RootCauseEvidence': -0.25400025400038095, 'HiddenReproducibility': -0.9525009525014287, 'ImpactScope': -0.25400025400038095}"
Jsoup-6,Jsoup,1.0,1.0,"{'Actionability': 0, 'Clarity': 0, 'Specificity': 0, 'Reproducibility': 0, 'ReasoningQuality': 0, 'TechnicalContext': 0, 'Ambiguity': 0, 'RepairReadiness': 0, 'RootCauseEvidence': 0, 'HiddenReproducibility': 0, 'ImpactScope': 0}","{'repair_difficulty': 5, 'ambiguity_count': 0, 'hidden_s2r_present': False, 'root_cause_evidence': 0, 'impact_scope': 0}","{'Actionability': -0.4714045207910317, 'Clarity': -0.4714045207910317, 'Specificity': -0.4714045207910317, 'Reproducibility': -0.4714045207910317, 'ReasoningQuality': -0.4714045207910317, 'TechnicalContext': -0.4714045207910317, 'Ambiguity': 2.121320343559643, 'RepairReadiness': 2.121320343559643, 'RootCauseEvidence': -0.4714045207910317, 'HiddenReproducibility': -0.4714045207910317, 'ImpactScope': -0.4714045207910317}"
Jsoup-60,Jsoup,1.0,1.0,"{'Actionability': 0, 'Clarity': 2, 'Specificity': 1, 'Reproducibility': 2, 'ReasoningQuality': 1, 'TechnicalContext': 0, 'Ambiguity': 2, 'RepairReadiness': 0, 'RootCauseEvidence': 1, 'HiddenReproducibility': 0, 'ImpactScope': 0}","{'repair_difficulty': 5, 'ambiguity_count': 2, 'hidden_s2r_present': False, 'root_cause_evidence': 1, 'impact_scope': 0}","{'Actionability': -0.9128709291752768, 'Clarity': 0.4260064336151293, 'Specificity': -0.24343224778007377, 'Reproducibility': 0.4260064336151293, 'ReasoningQuality': -0.24343224778007377, 'TechnicalContext': -0.9128709291752768, 'Ambiguity': 1.0954451150103324, 'RepairReadiness': 2.4343224778007384, 'RootCauseEvidence': -0.24343224778007377, 'HiddenReproducibility': -0.9128709291752768, 'ImpactScope': -0.9128709291752768}"
Jsoup-61,Jsoup,1.0,1.0,"{'Actionability': 0, 'Clarity': 1, 'Specificity': 1, 'Reproducibility': 2, 'ReasoningQuality': 1, 'TechnicalContext': 0, 'Ambiguity': 1, 'RepairReadiness': 2, 'RootCauseEvidence': 2, 'HiddenReproducibility': 1, 'ImpactScope': 0}","{'repair_difficulty': 3, 'ambiguity_count': 1, 'hidden_s2r_present': True, 'root_cause_evidence': 2, 'impact_scope': 0}","{'Actionability': -1.1118739749916517, 'Clarity': -0.2964997266644404, 'Specificity': -0.2964997266644404, 'Reproducibility': 0.5188745216627709, 'ReasoningQuality': -0.2964997266644404, 'TechnicalContext': -1.1118739749916517, 'Ambiguity': 2.1496230183171936, 'RepairReadiness': 1.3342487699899823, 'RootCauseEvidence': 0.5188745216627709, 'HiddenReproducibility': -0.2964997266644404, 'ImpactScope': -1.1118739749916517}"
Jsoup-62,Jsoup,1.0,1.0,"{'Actionability': 0, 'Clarity': 0, 'Specificity': 0, 'Reproducibility': 0, 'ReasoningQuality': 0, 'TechnicalContext': 0, 'Ambiguity': 0, 'RepairReadiness': 0, 'RootCauseEvidence': 0, 'HiddenReproducibility': 0, 'ImpactScope': 0}","{'repair_difficulty': 5, 'ambiguity_count': 0, 'hidden_s2r_present': False, 'root_cause_evidence': 0, 'impact_scope': 0}","{'Actionability': -0.4714045207910317, 'Clarity': -0.4714045207910317, 'Specificity': -0.4714045207910317, 'Reproducibility': -0.4714045207910317, 'ReasoningQuality': -0.4714045207910317, 'TechnicalContext': -0.4714045207910317, 'Ambiguity': 2.121320343559643, 'RepairReadiness': 2.121320343559643, 'RootCauseEvidence': -0.4714045207910317, 'HiddenReproducibility': -0.4714045207910317, 'ImpactScope': -0.4714045207910317}"
Jsoup-63,Jsoup,1.0,1.0,"{'Actionability': 0, 'Clarity': 0, 'Specificity': 0, 'Reproducibility': 0, 'ReasoningQuality': 0, 'TechnicalContext': 0, 'Ambiguity': 0, 'RepairReadiness': 1, 'RootCauseEvidence': 1, 'HiddenReproducibility': 0, 'ImpactScope': 0}","{'repair_difficulty': 4, 'ambiguity_count': 0, 'hidden_s2r_present': False, 'root_cause_evidence': 1, 'impact_scope': 0}","{'Actionability': -0.5255883312276367, 'Clarity': -0.5255883312276367, 'Specificity': -0.5255883312276367, 'Reproducibility': -0.5255883312276367, 'ReasoningQuality': -0.5255883312276367, 'TechnicalContext': -0.5255883312276367, 'Ambiguity': 2.3651474905243655, 'RepairReadiness': 1.7870003261739649, 'RootCauseEvidence': 0.052558833122763694, 'HiddenReproducibility': -0.5255883312276367, 'ImpactScope': -0.5255883312276367}"
Jsoup-64,Jsoup,1.0,1.0,"{'Actionability': 0, 'Clarity': 1, 'Specificity': 1, 'Reproducibility': 1, 'ReasoningQuality': 1, 'TechnicalContext': 0, 'Ambiguity': 0, 'RepairReadiness': 0, 'RootCauseEvidence': 1, 'HiddenReproducibility': 0, 'ImpactScope': 0}","{'repair_difficulty': 5, 'ambiguity_count': 0, 'hidden_s2r_present': False, 'root_cause_evidence': 1, 'impact_scope': 0}","{'Actionability': -0.7694837640638655, 'Clarity': -0.20519567041703077, 'Specificity': -0.20519567041703077, 'Reproducibility': -0.20519567041703077, 'ReasoningQuality': -0.20519567041703077, 'TechnicalContext': -0.7694837640638655, 'Ambiguity': 2.0519567041703084, 'RepairReadiness': 2.0519567041703084, 'RootCauseEvidence': -0.20519567041703077, 'HiddenReproducibility': -0.7694837640638655, 'ImpactScope': -0.7694837640638655}"
Jsoup-65,Jsoup,1.0,1.0,"{'Actionability': 1, 'Clarity': 1, 'Specificity': 1, 'Reproducibility': 2, 'ReasoningQuality': 2, 'TechnicalContext': 0, 'Ambiguity': 1, 'RepairReadiness': 2, 'RootCauseEvidence': 2, 'HiddenReproducibility': 1, 'ImpactScope': 0}","{'repair_difficulty': 3, 'ambiguity_count': 1, 'hidden_s2r_present': True, 'root_cause_evidence': 2, 'impact_scope': 0}","{'Actionability': -0.4714045207910316, 'Clarity': -0.4714045207910316, 'Specificity': -0.4714045207910316, 'Reproducibility': 0.3928371006591931, 'ReasoningQuality': 0.3928371006591931, 'TechnicalContext': -1.3356461422412562, 'Ambiguity': 2.1213203435596424, 'RepairReadiness': 1.2570787221094177, 'RootCauseEvidence': 0.3928371006591931, 'HiddenReproducibility': -0.4714045207910316, 'ImpactScope': -1.3356461422412562}"
Jsoup-66,Jsoup,1.0,1.0,"{'Actionability': 0, 'Clarity': 1, 'Specificity': 0, 'Reproducibility': 1, 'ReasoningQuality': 1, 'TechnicalContext': 0, 'Ambiguity': 0, 'RepairReadiness': 1, 'RootCauseEvidence': 1, 'HiddenReproducibility': 0, 'ImpactScope': 0}","{'repair_difficulty': 4, 'ambiguity_count': 0, 'hidden_s2r_present': False, 'root_cause_evidence': 1, 'impact_scope': 0}","{'Actionability': -0.7200034083082247, 'Clarity': -0.1107697551243423, 'Specificity': -0.7200034083082247, 'Reproducibility': -0.1107697551243423, 'ReasoningQuality': -0.1107697551243423, 'TechnicalContext': -0.7200034083082247, 'Ambiguity': 2.3261648576111877, 'RepairReadiness': 1.716931204427305, 'RootCauseEvidence': -0.1107697551243423, 'HiddenReproducibility': -0.7200034083082247, 'ImpactScope': -0.7200034083082247}"
Jsoup-67,Jsoup,1.0,1.0,"{'Actionability': 0, 'Clarity': 1, 'Specificity': 0, 'Reproducibility': 1, 'ReasoningQuality': 1, 'TechnicalContext': 0, 'Ambiguity': 0, 'RepairReadiness': 0, 'RootCauseEvidence': 1, 'HiddenReproducibility': 0, 'ImpactScope': 0}","{'repair_difficulty': 5, 'ambiguity_count': 0, 'hidden_s2r_present': False, 'root_cause_evidence': 1, 'impact_scope': 0}","{'Actionability': -0.7017565899639198, 'Clarity': -0.15037641213512565, 'Specificity': -0.7017565899639198, 'Reproducibility': -0.15037641213512565, 'ReasoningQuality': -0.15037641213512565, 'TechnicalContext': -0.7017565899639198, 'Ambiguity': 2.055144299180051, 'RepairReadiness': 2.055144299180051, 'RootCauseEvidence': -0.15037641213512565, 'HiddenReproducibility': -0.7017565899639198, 'ImpactScope': -0.7017565899639198}"
Jsoup-68,Jsoup,1.0,1.0,"{'Actionability': 0, 'Clarity': 0, 'Specificity': 0, 'Reproducibility': 0, 'ReasoningQuality': 0, 'TechnicalContext': 0, 'Ambiguity': 0, 'RepairReadiness': 0, 'RootCauseEvidence': 0, 'HiddenReproducibility': 0, 'ImpactScope': 0}","{'repair_difficulty': 5, 'ambiguity_count': 0, 'hidden_s2r_present': False, 'root_cause_evidence': 0, 'impact_scope': 0}","{'Actionability': -0.4714045207910317, 'Clarity': -0.4714045207910317, 'Specificity': -0.4714045207910317, 'Reproducibility': -0.4714045207910317, 'ReasoningQuality': -0.4714045207910317, 'TechnicalContext': -0.4714045207910317, 'Ambiguity': 2.121320343559643, 'RepairReadiness': 2.121320343559643, 'RootCauseEvidence': -0.4714045207910317, 'HiddenReproducibility': -0.4714045207910317, 'ImpactScope': -0.4714045207910317}"
Jsoup-69,Jsoup,1.0,1.0,"{'Actionability': 4, 'Clarity': 2, 'Specificity': 1, 'Reproducibility': 3, 'ReasoningQuality': 2, 'TechnicalContext': 0, 'Ambiguity': 3, 'RepairReadiness': 2, 'RootCauseEvidence': 1, 'HiddenReproducibility': 1, 'ImpactScope': 1}","{'repair_difficulty': 3, 'ambiguity_count': 3, 'hidden_s2r_present': True, 'root_cause_evidence': 1, 'impact_scope': 1}","{'Actionability': 1.9595917942265424, 'Clarity': 0.16329931618554527, 'Specificity': -0.7348469228349535, 'Reproducibility': 1.061445555206044, 'ReasoningQuality': 0.16329931618554527, 'TechnicalContext': -1.632993161855452, 'Ambiguity': 0.16329931618554527, 'RepairReadiness': 1.061445555206044, 'RootCauseEvidence': -0.7348469228349535, 'HiddenReproducibility': -0.7348469228349535, 'ImpactScope': -0.7348469228349535}"
Jsoup-7,Jsoup,1.0,1.0,"{'Actionability': 0, 'Clarity': 0, 'Specificity': 0, 'Reproducibility': 0, 'ReasoningQuality': 0, 'TechnicalContext': 0, 'Ambiguity': 0, 'RepairReadiness': 0, 'RootCauseEvidence': 1, 'HiddenReproducibility': 0, 'ImpactScope': 0}","{'repair_difficulty': 5, 'ambiguity_count': 0, 'hidden_s2r_present': False, 'root_cause_evidence': 1, 'impact_scope': 0}","{'Actionability': -0.5244044240850757, 'Clarity': -0.5244044240850757, 'Specificity': -0.5244044240850757, 'Reproducibility': -0.5244044240850757, 'ReasoningQuality': -0.5244044240850757, 'TechnicalContext': -0.5244044240850757, 'Ambiguity': 2.097617696340303, 'RepairReadiness': 2.097617696340303, 'RootCauseEvidence': 0.0, 'HiddenReproducibility': -0.5244044240850757, 'ImpactScope': -0.5244044240850757}"
Jsoup-70,Jsoup,1.0,1.0,"{'Actionability': 0, 'Clarity': 0, 'Specificity': 1, 'Reproducibility': 1, 'ReasoningQuality': 0, 'TechnicalContext': 0, 'Ambiguity': 2, 'RepairReadiness': 1, 'RootCauseEvidence': 1, 'HiddenReproducibility': 0, 'ImpactScope': 0}","{'repair_difficulty': 4, 'ambiguity_count': 2, 'hidden_s2r_present': False, 'root_cause_evidence': 1, 'impact_scope': 0}","{'Actionability': -0.6933752452815364, 'Clarity': -0.6933752452815364, 'Specificity': 0.06933752452815366, 'Reproducibility': 0.06933752452815366, 'ReasoningQuality': -0.6933752452815364, 'TechnicalContext': -0.6933752452815364, 'Ambiguity': 1.5947630641475337, 'RepairReadiness': 2.3574758339572237, 'RootCauseEvidence': 0.06933752452815366, 'HiddenReproducibility': -0.6933752452815364, 'ImpactScope': -0.6933752452815364}"
Jsoup-71,Jsoup,1.0,1.0,"{'Actionability': 0, 'Clarity': 0, 'Specificity': 0, 'Reproducibility': 0, 'ReasoningQuality': 0, 'TechnicalContext': 0, 'Ambiguity': 0, 'RepairReadiness': 0, 'RootCauseEvidence': 0, 'HiddenReproducibility': 0, 'ImpactScope': 0}","{'repair_difficulty': 5, 'ambiguity_count': 0, 'hidden_s2r_present': False, 'root_cause_evidence': 0, 'impact_scope': 0}","{'Actionability': -0.4714045207910317, 'Clarity': -0.4714045207910317, 'Specificity': -0.4714045207910317, 'Reproducibility': -0.4714045207910317, 'ReasoningQuality': -0.4714045207910317, 'TechnicalContext': -0.4714045207910317, 'Ambiguity': 2.121320343559643, 'RepairReadiness': 2.121320343559643, 'RootCauseEvidence': -0.4714045207910317, 'HiddenReproducibility': -0.4714045207910317, 'ImpactScope': -0.4714045207910317}"
Jsoup-72,Jsoup,1.0,1.0,"{'Actionability': 0, 'Clarity': 0, 'Specificity': 0, 'Reproducibility': 0, 'ReasoningQuality': 0, 'TechnicalContext': 0, 'Ambiguity': 0, 'RepairReadiness': 0, 'RootCauseEvidence': 0, 'HiddenReproducibility': 0, 'ImpactScope': 0}","{'repair_difficulty': 5, 'ambiguity_count': 0, 'hidden_s2r_present': False, 'root_cause_evidence': 0, 'impact_scope': 0}","{'Actionability': -0.4714045207910317, 'Clarity': -0.4714045207910317, 'Specificity': -0.4714045207910317, 'Reproducibility': -0.4714045207910317, 'ReasoningQuality': -0.4714045207910317, 'TechnicalContext': -0.4714045207910317, 'Ambiguity': 2.121320343559643, 'RepairReadiness': 2.121320343559643, 'RootCauseEvidence': -0.4714045207910317, 'HiddenReproducibility': -0.4714045207910317, 'ImpactScope': -0.4714045207910317}"
Jsoup-73,Jsoup,1.0,1.0,"{'Actionability': 0, 'Clarity': 0, 'Specificity': 0, 'Reproducibility': 0, 'ReasoningQuality': 0, 'TechnicalContext': 0, 'Ambiguity': 1, 'RepairReadiness': 0, 'RootCauseEvidence': 0, 'HiddenReproducibility': 0, 'ImpactScope': 0}","{'repair_difficulty': 5, 'ambiguity_count': 1, 'hidden_s2r_present': False, 'root_cause_evidence': 0, 'impact_scope': 0}","{'Actionability': -0.46788772041903276, 'Clarity': -0.46788772041903276, 'Specificity': -0.46788772041903276, 'Reproducibility': -0.46788772041903276, 'ReasoningQuality': -0.46788772041903276, 'TechnicalContext': -0.46788772041903276, 'Ambiguity': 1.819563357185127, 'RepairReadiness': 2.391426126586167, 'RootCauseEvidence': -0.46788772041903276, 'HiddenReproducibility': -0.46788772041903276, 'ImpactScope': -0.46788772041903276}"
Jsoup-74,Jsoup,1.0,1.0,"{'Actionability': 0, 'Clarity': 1, 'Specificity': 1, 'Reproducibility': 1, 'ReasoningQuality': 1, 'TechnicalContext': 0, 'Ambiguity': 0, 'RepairReadiness': 0, 'RootCauseEvidence': 1, 'HiddenReproducibility': 0, 'ImpactScope': 0}","{'repair_difficulty': 5, 'ambiguity_count': 0, 'hidden_s2r_present': False, 'root_cause_evidence': 1, 'impact_scope': 0}","{'Actionability': -0.7694837640638655, 'Clarity': -0.20519567041703077, 'Specificity': -0.20519567041703077, 'Reproducibility': -0.20519567041703077, 'ReasoningQuality': -0.20519567041703077, 'TechnicalContext': -0.7694837640638655, 'Ambiguity': 2.0519567041703084, 'RepairReadiness': 2.0519567041703084, 'RootCauseEvidence': -0.20519567041703077, 'HiddenReproducibility': -0.7694837640638655, 'ImpactScope': -0.7694837640638655}"
Jsoup-75,Jsoup,1.0,1.0,"{'Actionability': 1, 'Clarity': 1, 'Specificity': 1, 'Reproducibility': 2, 'ReasoningQuality': 2, 'TechnicalContext': 0, 'Ambiguity': 0, 'RepairReadiness': 0, 'RootCauseEvidence': 1, 'HiddenReproducibility': 0, 'ImpactScope': 0}","{'repair_difficulty': 5, 'ambiguity_count': 0, 'hidden_s2r_present': False, 'root_cause_evidence': 1, 'impact_scope': 0}","{'Actionability': -0.369961495807183, 'Clarity': -0.369961495807183, 'Specificity': -0.369961495807183, 'Reproducibility': 0.21140656903267593, 'ReasoningQuality': 0.21140656903267593, 'TechnicalContext': -0.951329560647042, 'Ambiguity': 1.9555107635522526, 'RepairReadiness': 1.9555107635522526, 'RootCauseEvidence': -0.369961495807183, 'HiddenReproducibility': -0.951329560647042, 'ImpactScope': -0.951329560647042}"
Jsoup-76,Jsoup,1.0,1.0,"{'Actionability': 0, 'Clarity': 0, 'Specificity': 1, 'Reproducibility': 3, 'ReasoningQuality': 0, 'TechnicalContext': 0, 'Ambiguity': 1, 'RepairReadiness': 1, 'RootCauseEvidence': 1, 'HiddenReproducibility': 0, 'ImpactScope': 0}","{'repair_difficulty': 4, 'ambiguity_count': 1, 'hidden_s2r_present': False, 'root_cause_evidence': 1, 'impact_scope': 0}","{'Actionability': -0.7456011350793257, 'Clarity': -0.7456011350793257, 'Specificity': -0.11470786693528091, 'Reproducibility': 1.1470786693528088, 'ReasoningQuality': -0.7456011350793257, 'TechnicalContext': -0.7456011350793257, 'Ambiguity': 1.7779719374968537, 'RepairReadiness': 1.7779719374968537, 'RootCauseEvidence': -0.11470786693528091, 'HiddenReproducibility': -0.7456011350793257, 'ImpactScope': -0.7456011350793257}"
Jsoup-77,Jsoup,1.0,1.0,"{'Actionability': 0, 'Clarity': 0, 'Specificity': 0, 'Reproducibility': 0, 'ReasoningQuality': 0, 'TechnicalContext': 0, 'Ambiguity': 0, 'RepairReadiness': 0, 'RootCauseEvidence': 0, 'HiddenReproducibility': 0, 'ImpactScope': 0}","{'repair_difficulty': 5, 'ambiguity_count': 0, 'hidden_s2r_present': False, 'root_cause_evidence': 0, 'impact_scope': 0}","{'Actionability': -0.4714045207910317, 'Clarity': -0.4714045207910317, 'Specificity': -0.4714045207910317, 'Reproducibility': -0.4714045207910317, 'ReasoningQuality': -0.4714045207910317, 'TechnicalContext': -0.4714045207910317, 'Ambiguity': 2.121320343559643, 'RepairReadiness': 2.121320343559643, 'RootCauseEvidence': -0.4714045207910317, 'HiddenReproducibility': -0.4714045207910317, 'ImpactScope': -0.4714045207910317}"
Jsoup-78,Jsoup,1.0,1.0,"{'Actionability': 1, 'Clarity': 3, 'Specificity': 1, 'Reproducibility': 1, 'ReasoningQuality': 1, 'TechnicalContext': 0, 'Ambiguity': 0, 'RepairReadiness': 0, 'RootCauseEvidence': 2, 'HiddenReproducibility': 0, 'ImpactScope': 1}","{'repair_difficulty': 5, 'ambiguity_count': 0, 'hidden_s2r_present': False, 'root_cause_evidence': 2, 'impact_scope': 1}","{'Actionability': -0.48245064067700766, 'Clarity': 0.6968731476445666, 'Specificity': -0.48245064067700766, 'Reproducibility': -0.48245064067700766, 'ReasoningQuality': -0.48245064067700766, 'TechnicalContext': -1.072112534837795, 'Ambiguity': 1.8761969359661408, 'RepairReadiness': 1.8761969359661408, 'RootCauseEvidence': 0.10721125348377952, 'HiddenReproducibility': -1.072112534837795, 'ImpactScope': -0.48245064067700766}"
Jsoup-79,Jsoup,1.0,1.0,"{'Actionability': 0, 'Clarity': 1, 'Specificity': 1, 'Reproducibility': 1, 'ReasoningQuality': 1, 'TechnicalContext': 0, 'Ambiguity': 0, 'RepairReadiness': 0, 'RootCauseEvidence': 2, 'HiddenReproducibility': 0, 'ImpactScope': 0}","{'repair_difficulty': 5, 'ambiguity_count': 0, 'hidden_s2r_present': False, 'root_cause_evidence': 2, 'impact_scope': 0}","{'Actionability': -0.8186312161546414, 'Clarity': -0.25582225504832545, 'Specificity': -0.25582225504832545, 'Reproducibility': -0.25582225504832545, 'ReasoningQuality': -0.25582225504832545, 'TechnicalContext': -0.8186312161546414, 'Ambiguity': 1.9954135893769382, 'RepairReadiness': 1.9954135893769382, 'RootCauseEvidence': 0.3069867060579905, 'HiddenReproducibility': -0.8186312161546414, 'ImpactScope': -0.8186312161546414}"
Jsoup-8,Jsoup,1.0,1.0,"{'Actionability': 0, 'Clarity': 1, 'Specificity': 1, 'Reproducibility': 1, 'ReasoningQuality': 1, 'TechnicalContext': 0, 'Ambiguity': 0, 'RepairReadiness': 1, 'RootCauseEvidence': 1, 'HiddenReproducibility': 0, 'ImpactScope': 0}","{'repair_difficulty': 4, 'ambiguity_count': 0, 'hidden_s2r_present': False, 'root_cause_evidence': 1, 'impact_scope': 0}","{'Actionability': -0.7951465679458908, 'Clarity': -0.17038855027411945, 'Specificity': -0.17038855027411945, 'Reproducibility': -0.17038855027411945, 'ReasoningQuality': -0.17038855027411945, 'TechnicalContext': -0.7951465679458908, 'Ambiguity': 2.328643520412966, 'RepairReadiness': 1.7038855027411945, 'RootCauseEvidence': -0.17038855027411945, 'HiddenReproducibility': -0.7951465679458908, 'ImpactScope': -0.7951465679458908}"
Jsoup-80,Jsoup,1.0,1.0,"{'Actionability': 0, 'Clarity': 0, 'Specificity': 0, 'Reproducibility': 0, 'ReasoningQuality': 0, 'TechnicalContext': 0, 'Ambiguity': 0, 'RepairReadiness': 0, 'RootCauseEvidence': 0, 'HiddenReproducibility': 0, 'ImpactScope': 0}","{'repair_difficulty': 5, 'ambiguity_count': 0, 'hidden_s2r_present': False, 'root_cause_evidence': 0, 'impact_scope': 0}","{'Actionability': -0.4714045207910317, 'Clarity': -0.4714045207910317, 'Specificity': -0.4714045207910317, 'Reproducibility': -0.4714045207910317, 'ReasoningQuality': -0.4714045207910317, 'TechnicalContext': -0.4714045207910317, 'Ambiguity': 2.121320343559643, 'RepairReadiness': 2.121320343559643, 'RootCauseEvidence': -0.4714045207910317, 'HiddenReproducibility': -0.4714045207910317, 'ImpactScope': -0.4714045207910317}"
Jsoup-81,Jsoup,1.0,1.0,"{'Actionability': 0, 'Clarity': 0, 'Specificity': 0, 'Reproducibility': 0, 'ReasoningQuality': 0, 'TechnicalContext': 0, 'Ambiguity': 1, 'RepairReadiness': 0, 'RootCauseEvidence': 0, 'HiddenReproducibility': 0, 'ImpactScope': 0}","{'repair_difficulty': 5, 'ambiguity_count': 1, 'hidden_s2r_present': False, 'root_cause_evidence': 0, 'impact_scope': 0}","{'Actionability': -0.46788772041903276, 'Clarity': -0.46788772041903276, 'Specificity': -0.46788772041903276, 'Reproducibility': -0.46788772041903276, 'ReasoningQuality': -0.46788772041903276, 'TechnicalContext': -0.46788772041903276, 'Ambiguity': 1.819563357185127, 'RepairReadiness': 2.391426126586167, 'RootCauseEvidence': -0.46788772041903276, 'HiddenReproducibility': -0.46788772041903276, 'ImpactScope': -0.46788772041903276}"
Jsoup-82,Jsoup,1.0,1.0,"{'Actionability': 0, 'Clarity': 0, 'Specificity': 0, 'Reproducibility': 0, 'ReasoningQuality': 0, 'TechnicalContext': 0, 'Ambiguity': 0, 'RepairReadiness': 0, 'RootCauseEvidence': 0, 'HiddenReproducibility': 0, 'ImpactScope': 0}","{'repair_difficulty': 5, 'ambiguity_count': 0, 'hidden_s2r_present': False, 'root_cause_evidence': 0, 'impact_scope': 0}","{'Actionability': -0.4714045207910317, 'Clarity': -0.4714045207910317, 'Specificity': -0.4714045207910317, 'Reproducibility': -0.4714045207910317, 'ReasoningQuality': -0.4714045207910317, 'TechnicalContext': -0.4714045207910317, 'Ambiguity': 2.121320343559643, 'RepairReadiness': 2.121320343559643, 'RootCauseEvidence': -0.4714045207910317, 'HiddenReproducibility': -0.4714045207910317, 'ImpactScope': -0.4714045207910317}"
Jsoup-83,Jsoup,1.0,1.0,"{'Actionability': 0, 'Clarity': 2, 'Specificity': 0, 'Reproducibility': 2, 'ReasoningQuality': 1, 'TechnicalContext': 0, 'Ambiguity': 0, 'RepairReadiness': 3, 'RootCauseEvidence': 2, 'HiddenReproducibility': 1, 'ImpactScope': 0}","{'repair_difficulty': 2, 'ambiguity_count': 0, 'hidden_s2r_present': True, 'root_cause_evidence': 2, 'impact_scope': 0}","{'Actionability': -0.9525009525014287, 'Clarity': 0.44450044450066684, 'Specificity': -0.9525009525014287, 'Reproducibility': 0.44450044450066684, 'ReasoningQuality': -0.25400025400038095, 'TechnicalContext': -0.9525009525014287, 'Ambiguity': 2.5400025400038104, 'RepairReadiness': 0.44450044450066684, 'RootCauseEvidence': 0.44450044450066684, 'HiddenReproducibility': -0.25400025400038095, 'ImpactScope': -0.9525009525014287}"
Jsoup-84,Jsoup,1.0,1.0,"{'Actionability': 0, 'Clarity': 2, 'Specificity': 1, 'Reproducibility': 2, 'ReasoningQuality': 1, 'TechnicalContext': 0, 'Ambiguity': 1, 'RepairReadiness': 2, 'RootCauseEvidence': 2, 'HiddenReproducibility': 0, 'ImpactScope': 1}","{'repair_difficulty': 3, 'ambiguity_count': 1, 'hidden_s2r_present': False, 'root_cause_evidence': 2, 'impact_scope': 1}","{'Actionability': -1.179535649239177, 'Clarity': 0.44232586846469135, 'Specificity': -0.36860489038724287, 'Reproducibility': 0.44232586846469135, 'ReasoningQuality': -0.36860489038724287, 'TechnicalContext': -1.179535649239177, 'Ambiguity': 2.06418738616856, 'RepairReadiness': 1.2532566273166255, 'RootCauseEvidence': 0.44232586846469135, 'HiddenReproducibility': -1.179535649239177, 'ImpactScope': -0.36860489038724287}"
Jsoup-85,Jsoup,1.0,1.0,"{'Actionability': 1, 'Clarity': 0, 'Specificity': 0, 'Reproducibility': 1, 'ReasoningQuality': 0, 'TechnicalContext': 0, 'Ambiguity': 0, 'RepairReadiness': 0, 'RootCauseEvidence': 1, 'HiddenReproducibility': 0, 'ImpactScope': 0}","{'repair_difficulty': 5, 'ambiguity_count': 0, 'hidden_s2r_present': False, 'root_cause_evidence': 1, 'impact_scope': 0}","{'Actionability': -0.09829463743659811, 'Clarity': -0.6389151433378876, 'Specificity': -0.6389151433378876, 'Reproducibility': -0.09829463743659811, 'ReasoningQuality': -0.6389151433378876, 'TechnicalContext': -0.6389151433378876, 'Ambiguity': 2.06418738616856, 'RepairReadiness': 2.06418738616856, 'RootCauseEvidence': -0.09829463743659811, 'HiddenReproducibility': -0.6389151433378876, 'ImpactScope': -0.6389151433378876}"
Jsoup-86,Jsoup,1.0,1.0,"{'Actionability': 0, 'Clarity': 1, 'Specificity': 0, 'Reproducibility': 0, 'ReasoningQuality': 0, 'TechnicalContext': 0, 'Ambiguity': 0, 'RepairReadiness': 0, 'RootCauseEvidence': 1, 'HiddenReproducibility': 0, 'ImpactScope': 0}","{'repair_difficulty': 5, 'ambiguity_count': 0, 'hidden_s2r_present': False, 'root_cause_evidence': 1, 'impact_scope': 0}","{'Actionability': -0.5800418934273981, 'Clarity': -0.048336824452283135, 'Specificity': -0.5800418934273981, 'Reproducibility': -0.5800418934273981, 'ReasoningQuality': -0.5800418934273981, 'TechnicalContext': -0.5800418934273981, 'Ambiguity': 2.078483451448177, 'RepairReadiness': 2.078483451448177, 'RootCauseEvidence': -0.048336824452283135, 'HiddenReproducibility': -0.5800418934273981, 'ImpactScope': -0.5800418934273981}"
Jsoup-87,Jsoup,1.0,1.0,"{'Actionability': 0, 'Clarity': 0, 'Specificity': 0, 'Reproducibility': 1, 'ReasoningQuality': 0, 'TechnicalContext': 0, 'Ambiguity': 1, 'RepairReadiness': 1, 'RootCauseEvidence': 1, 'HiddenReproducibility': 0, 'ImpactScope': 0}","{'repair_difficulty': 4, 'ambiguity_count': 1, 'hidden_s2r_present': False, 'root_cause_evidence': 1, 'impact_scope': 0}","{'Actionability': -0.604122093330177, 'Clarity': -0.604122093330177, 'Specificity': -0.604122093330177, 'Reproducibility': 0.06041220933301772, 'ReasoningQuality': -0.604122093330177, 'TechnicalContext': -0.604122093330177, 'Ambiguity': 2.0540151173226016, 'RepairReadiness': 2.0540151173226016, 'RootCauseEvidence': 0.06041220933301772, 'HiddenReproducibility': -0.604122093330177, 'ImpactScope': -0.604122093330177}"
Jsoup-88,Jsoup,1.0,1.0,"{'Actionability': 0, 'Clarity': 0, 'Specificity': 0, 'Reproducibility': 0, 'ReasoningQuality': 0, 'TechnicalContext': 0, 'Ambiguity': 1, 'RepairReadiness': 0, 'RootCauseEvidence': 0, 'HiddenReproducibility': 0, 'ImpactScope': 0}","{'repair_difficulty': 5, 'ambiguity_count': 1, 'hidden_s2r_present': False, 'root_cause_evidence': 0, 'impact_scope': 0}","{'Actionability': -0.46788772041903276, 'Clarity': -0.46788772041903276, 'Specificity': -0.46788772041903276, 'Reproducibility': -0.46788772041903276, 'ReasoningQuality': -0.46788772041903276, 'TechnicalContext': -0.46788772041903276, 'Ambiguity': 1.819563357185127, 'RepairReadiness': 2.391426126586167, 'RootCauseEvidence': -0.46788772041903276, 'HiddenReproducibility': -0.46788772041903276, 'ImpactScope': -0.46788772041903276}"
Jsoup-89,Jsoup,1.0,1.0,"{'Actionability': 0, 'Clarity': 0, 'Specificity': 0, 'Reproducibility': 0, 'ReasoningQuality': 0, 'TechnicalContext': 0, 'Ambiguity': 0, 'RepairReadiness': 0, 'RootCauseEvidence': 0, 'HiddenReproducibility': 0, 'ImpactScope': 0}","{'repair_difficulty': 5, 'ambiguity_count': 0, 'hidden_s2r_present': False, 'root_cause_evidence': 0, 'impact_scope': 0}","{'Actionability': -0.4714045207910317, 'Clarity': -0.4714045207910317, 'Specificity': -0.4714045207910317, 'Reproducibility': -0.4714045207910317, 'ReasoningQuality': -0.4714045207910317, 'TechnicalContext': -0.4714045207910317, 'Ambiguity': 2.121320343559643, 'RepairReadiness': 2.121320343559643, 'RootCauseEvidence': -0.4714045207910317, 'HiddenReproducibility': -0.4714045207910317, 'ImpactScope': -0.4714045207910317}"
Jsoup-9,Jsoup,1.0,1.0,"{'Actionability': 0, 'Clarity': 3, 'Specificity': 0, 'Reproducibility': 2, 'ReasoningQuality': 1, 'TechnicalContext': 0, 'Ambiguity': 0, 'RepairReadiness': 1, 'RootCauseEvidence': 2, 'HiddenReproducibility': 0, 'ImpactScope': 0}","{'repair_difficulty': 4, 'ambiguity_count': 0, 'hidden_s2r_present': False, 'root_cause_evidence': 2, 'impact_scope': 0}","{'Actionability': -0.8959786703810408, 'Clarity': 0.8432740427115679, 'Specificity': -0.8959786703810408, 'Reproducibility': 0.26352313834736496, 'ReasoningQuality': -0.31622776601683794, 'TechnicalContext': -0.8959786703810408, 'Ambiguity': 2.002775851439974, 'RepairReadiness': 1.4230249470757708, 'RootCauseEvidence': 0.26352313834736496, 'HiddenReproducibility': -0.8959786703810408, 'ImpactScope': -0.8959786703810408}"
Jsoup-90,Jsoup,1.0,1.0,"{'Actionability': 0, 'Clarity': 0, 'Specificity': 0, 'Reproducibility': 0, 'ReasoningQuality': 0, 'TechnicalContext': 0, 'Ambiguity': 0, 'RepairReadiness': 0, 'RootCauseEvidence': 0, 'HiddenReproducibility': 0, 'ImpactScope': 0}","{'repair_difficulty': 5, 'ambiguity_count': 0, 'hidden_s2r_present': False, 'root_cause_evidence': 0, 'impact_scope': 0}","{'Actionability': -0.4714045207910317, 'Clarity': -0.4714045207910317, 'Specificity': -0.4714045207910317, 'Reproducibility': -0.4714045207910317, 'ReasoningQuality': -0.4714045207910317, 'TechnicalContext': -0.4714045207910317, 'Ambiguity': 2.121320343559643, 'RepairReadiness': 2.121320343559643, 'RootCauseEvidence': -0.4714045207910317, 'HiddenReproducibility': -0.4714045207910317, 'ImpactScope': -0.4714045207910317}"
Jsoup-91,Jsoup,1.0,1.0,"{'Actionability': 4, 'Clarity': 2, 'Specificity': 1, 'Reproducibility': 2, 'ReasoningQuality': 3, 'TechnicalContext': 0, 'Ambiguity': 2, 'RepairReadiness': 2, 'RootCauseEvidence': 2, 'HiddenReproducibility': 0, 'ImpactScope': 1}","{'repair_difficulty': 3, 'ambiguity_count': 2, 'hidden_s2r_present': False, 'root_cause_evidence': 2, 'impact_scope': 1}","{'Actionability': 1.6864418227455629, 'Clarity': 0.07332355751067658, 'Specificity': -0.7332355751067665, 'Reproducibility': 0.07332355751067658, 'ReasoningQuality': 0.8798826901281197, 'TechnicalContext': -1.5397947077242098, 'Ambiguity': 0.8798826901281197, 'RepairReadiness': 0.8798826901281197, 'RootCauseEvidence': 0.07332355751067658, 'HiddenReproducibility': -1.5397947077242098, 'ImpactScope': -0.7332355751067665}"
Jsoup-92,Jsoup,1.0,1.0,"{'Actionability': 0, 'Clarity': 0, 'Specificity': 0, 'Reproducibility': 0, 'ReasoningQuality': 0, 'TechnicalContext': 0, 'Ambiguity': 0, 'RepairReadiness': 0, 'RootCauseEvidence': 1, 'HiddenReproducibility': 0, 'ImpactScope': 0}","{'repair_difficulty': 5, 'ambiguity_count': 0, 'hidden_s2r_present': False, 'root_cause_evidence': 1, 'impact_scope': 0}","{'Actionability': -0.5244044240850757, 'Clarity': -0.5244044240850757, 'Specificity': -0.5244044240850757, 'Reproducibility': -0.5244044240850757, 'ReasoningQuality': -0.5244044240850757, 'TechnicalContext': -0.5244044240850757, 'Ambiguity': 2.097617696340303, 'RepairReadiness': 2.097617696340303, 'RootCauseEvidence': 0.0, 'HiddenReproducibility': -0.5244044240850757, 'ImpactScope': -0.5244044240850757}"
Jsoup-93,Jsoup,1.0,1.0,"{'Actionability': 0, 'Clarity': 0, 'Specificity': 0, 'Reproducibility': 2, 'ReasoningQuality': 0, 'TechnicalContext': 0, 'Ambiguity': 1, 'RepairReadiness': 2, 'RootCauseEvidence': 1, 'HiddenReproducibility': 0, 'ImpactScope': 0}","{'repair_difficulty': 3, 'ambiguity_count': 1, 'hidden_s2r_present': False, 'root_cause_evidence': 1, 'impact_scope': 0}","{'Actionability': -0.659380473395787, 'Clarity': -0.659380473395787, 'Specificity': -0.659380473395787, 'Reproducibility': 0.7912565680749444, 'ReasoningQuality': -0.659380473395787, 'TechnicalContext': -0.659380473395787, 'Ambiguity': 2.241893609545676, 'RepairReadiness': 1.51657508881031, 'RootCauseEvidence': 0.06593804733957873, 'HiddenReproducibility': -0.659380473395787, 'ImpactScope': -0.659380473395787}"
JxPath-1,JxPath,1.0,1.0,"{'Actionability': 1, 'Clarity': 2, 'Specificity': 1, 'Reproducibility': 1, 'ReasoningQuality': 1, 'TechnicalContext': 0, 'Ambiguity': 0, 'RepairReadiness': 1, 'RootCauseEvidence': 2, 'HiddenReproducibility': 0, 'ImpactScope': 0}","{'repair_difficulty': 4, 'ambiguity_count': 0, 'hidden_s2r_present': False, 'root_cause_evidence': 2, 'impact_scope': 0}","{'Actionability': -0.3499271061118826, 'Clarity': 0.2916059217599022, 'Specificity': -0.3499271061118826, 'Reproducibility': -0.3499271061118826, 'ReasoningQuality': -0.3499271061118826, 'TechnicalContext': -0.9914601339836674, 'Ambiguity': 2.2162050053752567, 'RepairReadiness': 1.5746719775034717, 'RootCauseEvidence': 0.2916059217599022, 'HiddenReproducibility': -0.9914601339836674, 'ImpactScope': -0.9914601339836674}"
JxPath-10,JxPath,1.0,1.0,"{'Actionability': 1, 'Clarity': 1, 'Specificity': 2, 'Reproducibility': 2, 'ReasoningQuality': 1, 'TechnicalContext': 0, 'Ambiguity': 1, 'RepairReadiness': 2, 'RootCauseEvidence': 1, 'HiddenReproducibility': 0, 'ImpactScope': 0}","{'repair_difficulty': 3, 'ambiguity_count': 1, 'hidden_s2r_present': False, 'root_cause_evidence': 1, 'impact_scope': 0}","{'Actionability': -0.2964997266644404, 'Clarity': -0.2964997266644404, 'Specificity': 0.5188745216627709, 'Reproducibility': 0.5188745216627709, 'ReasoningQuality': -0.2964997266644404, 'TechnicalContext': -1.1118739749916517, 'Ambiguity': 2.1496230183171936, 'RepairReadiness': 1.3342487699899823, 'RootCauseEvidence': -0.2964997266644404, 'HiddenReproducibility': -1.1118739749916517, 'ImpactScope': -1.1118739749916517}"
JxPath-11,JxPath,1.0,1.0,"{'Actionability': 0, 'Clarity': 2, 'Specificity': 1, 'Reproducibility': 1, 'ReasoningQuality': 1, 'TechnicalContext': 0, 'Ambiguity': 0, 'RepairReadiness': 0, 'RootCauseEvidence': 2, 'HiddenReproducibility': 0, 'ImpactScope': 0}","{'repair_difficulty': 5, 'ambiguity_count': 0, 'hidden_s2r_present': False, 'root_cause_evidence': 2, 'impact_scope': 0}","{'Actionability': -0.8697956671643065, 'Clarity': 0.25582225504832545, 'Specificity': -0.3069867060579905, 'Reproducibility': -0.3069867060579905, 'ReasoningQuality': -0.3069867060579905, 'TechnicalContext': -0.8697956671643065, 'Ambiguity': 1.9442491383672733, 'RepairReadiness': 1.9442491383672733, 'RootCauseEvidence': 0.25582225504832545, 'HiddenReproducibility': -0.8697956671643065, 'ImpactScope': -0.8697956671643065}"
JxPath-12,JxPath,1.0,1.0,"{'Actionability': 0, 'Clarity': 2, 'Specificity': 1, 'Reproducibility': 1, 'ReasoningQuality': 1, 'TechnicalContext': 0, 'Ambiguity': 0, 'RepairReadiness': 0, 'RootCauseEvidence': 2, 'HiddenReproducibility': 0, 'ImpactScope': 0}","{'repair_difficulty': 5, 'ambiguity_count': 0, 'hidden_s2r_present': False, 'root_cause_evidence': 2, 'impact_scope': 0}","{'Actionability': -0.8697956671643065, 'Clarity': 0.25582225504832545, 'Specificity': -0.3069867060579905, 'Reproducibility': -0.3069867060579905, 'ReasoningQuality': -0.3069867060579905, 'TechnicalContext': -0.8697956671643065, 'Ambiguity': 1.9442491383672733, 'RepairReadiness': 1.9442491383672733, 'RootCauseEvidence': 0.25582225504832545, 'HiddenReproducibility': -0.8697956671643065, 'ImpactScope': -0.8697956671643065}"
JxPath-13,JxPath,1.0,1.0,"{'Actionability': 0, 'Clarity': 2, 'Specificity': 1, 'Reproducibility': 1, 'ReasoningQuality': 1, 'TechnicalContext': 0, 'Ambiguity': 0, 'RepairReadiness': 0, 'RootCauseEvidence': 2, 'HiddenReproducibility': 0, 'ImpactScope': 0}","{'repair_difficulty': 5, 'ambiguity_count': 0, 'hidden_s2r_present': False, 'root_cause_evidence': 2, 'impact_scope': 0}","{'Actionability': -0.8697956671643065, 'Clarity': 0.25582225504832545, 'Specificity': -0.3069867060579905, 'Reproducibility': -0.3069867060579905, 'ReasoningQuality': -0.3069867060579905, 'TechnicalContext': -0.8697956671643065, 'Ambiguity': 1.9442491383672733, 'RepairReadiness': 1.9442491383672733, 'RootCauseEvidence': 0.25582225504832545, 'HiddenReproducibility': -0.8697956671643065, 'ImpactScope': -0.8697956671643065}"
JxPath-14,JxPath,1.0,1.0,"{'Actionability': 0, 'Clarity': 0, 'Specificity': 0, 'Reproducibility': 0, 'ReasoningQuality': 0, 'TechnicalContext': 0, 'Ambiguity': 0, 'RepairReadiness': 0, 'RootCauseEvidence': 0, 'HiddenReproducibility': 0, 'ImpactScope': 0}","{'repair_difficulty': 5, 'ambiguity_count': 0, 'hidden_s2r_present': False, 'root_cause_evidence': 0, 'impact_scope': 0}","{'Actionability': -0.4714045207910317, 'Clarity': -0.4714045207910317, 'Specificity': -0.4714045207910317, 'Reproducibility': -0.4714045207910317, 'ReasoningQuality': -0.4714045207910317, 'TechnicalContext': -0.4714045207910317, 'Ambiguity': 2.121320343559643, 'RepairReadiness': 2.121320343559643, 'RootCauseEvidence': -0.4714045207910317, 'HiddenReproducibility': -0.4714045207910317, 'ImpactScope': -0.4714045207910317}"
JxPath-15,JxPath,1.0,1.0,"{'Actionability': 0, 'Clarity': 0, 'Specificity': 1, 'Reproducibility': 2, 'ReasoningQuality': 0, 'TechnicalContext': 0, 'Ambiguity': 1, 'RepairReadiness': 1, 'RootCauseEvidence': 1, 'HiddenReproducibility': 0, 'ImpactScope': 0}","{'repair_difficulty': 4, 'ambiguity_count': 1, 'hidden_s2r_present': False, 'root_cause_evidence': 1, 'impact_scope': 0}","{'Actionability': -0.7249465119962123, 'Clarity': -0.7249465119962123, 'Specificity': -0.06041220933301764, 'Reproducibility': 0.6041220933301771, 'ReasoningQuality': -0.7249465119962123, 'TechnicalContext': -0.7249465119962123, 'Ambiguity': 1.9331906986565663, 'RepairReadiness': 1.9331906986565663, 'RootCauseEvidence': -0.06041220933301764, 'HiddenReproducibility': -0.7249465119962123, 'ImpactScope': -0.7249465119962123}"
JxPath-16,JxPath,1.0,1.0,"{'Actionability': 0, 'Clarity': 1, 'Specificity': 1, 'Reproducibility': 1, 'ReasoningQuality': 1, 'TechnicalContext': 0, 'Ambiguity': 0, 'RepairReadiness': 1, 'RootCauseEvidence': 2, 'HiddenReproducibility': 0, 'ImpactScope': 0}","{'repair_difficulty': 4, 'ambiguity_count': 0, 'hidden_s2r_present': False, 'root_cause_evidence': 2, 'impact_scope': 0}","{'Actionability': -0.8464989719746505, 'Clarity': -0.22573305919324008, 'Specificity': -0.22573305919324008, 'Reproducibility': -0.22573305919324008, 'ReasoningQuality': -0.22573305919324008, 'TechnicalContext': -0.8464989719746505, 'Ambiguity': 2.257330591932402, 'RepairReadiness': 1.6365646791509914, 'RootCauseEvidence': 0.3950328535881703, 'HiddenReproducibility': -0.8464989719746505, 'ImpactScope': -0.8464989719746505}"
JxPath-17,JxPath,1.0,1.0,"{'Actionability': 0, 'Clarity': 0, 'Specificity': 0, 'Reproducibility': 0, 'ReasoningQuality': 0, 'TechnicalContext': 0, 'Ambiguity': 0, 'RepairReadiness': 0, 'RootCauseEvidence': 0, 'HiddenReproducibility': 0, 'ImpactScope': 0}","{'repair_difficulty': 5, 'ambiguity_count': 0, 'hidden_s2r_present': False, 'root_cause_evidence': 0, 'impact_scope': 0}","{'Actionability': -0.4714045207910317, 'Clarity': -0.4714045207910317, 'Specificity': -0.4714045207910317, 'Reproducibility': -0.4714045207910317, 'ReasoningQuality': -0.4714045207910317, 'TechnicalContext': -0.4714045207910317, 'Ambiguity': 2.121320343559643, 'RepairReadiness': 2.121320343559643, 'RootCauseEvidence': -0.4714045207910317, 'HiddenReproducibility': -0.4714045207910317, 'ImpactScope': -0.4714045207910317}"
JxPath-18,JxPath,1.0,1.0,"{'Actionability': 1, 'Clarity': 0, 'Specificity': 0, 'Reproducibility': 0, 'ReasoningQuality': 0, 'TechnicalContext': 0, 'Ambiguity': 0, 'RepairReadiness': 1, 'RootCauseEvidence': 1, 'HiddenReproducibility': 0, 'ImpactScope': 0}","{'repair_difficulty': 4, 'ambiguity_count': 0, 'hidden_s2r_present': False, 'root_cause_evidence': 1, 'impact_scope': 0}","{'Actionability': 0.0, 'Clarity': -0.5863019699779287, 'Specificity': -0.5863019699779287, 'Reproducibility': -0.5863019699779287, 'ReasoningQuality': -0.5863019699779287, 'TechnicalContext': -0.5863019699779287, 'Ambiguity': 2.345207879911715, 'RepairReadiness': 1.758905909933786, 'RootCauseEvidence': 0.0, 'HiddenReproducibility': -0.5863019699779287, 'ImpactScope': -0.5863019699779287}"
JxPath-19,JxPath,1.0,1.0,"{'Actionability': 1, 'Clarity': 1, 'Specificity': 0, 'Reproducibility': 2, 'ReasoningQuality': 1, 'TechnicalContext': 0, 'Ambiguity': 0, 'RepairReadiness': 1, 'RootCauseEvidence': 2, 'HiddenReproducibility': 1, 'ImpactScope': 0}","{'repair_difficulty': 4, 'ambiguity_count': 0, 'hidden_s2r_present': True, 'root_cause_evidence': 2, 'impact_scope': 0}","{'Actionability': -0.3499271061118826, 'Clarity': -0.3499271061118826, 'Specificity': -0.9914601339836674, 'Reproducibility': 0.2916059217599022, 'ReasoningQuality': -0.3499271061118826, 'TechnicalContext': -0.9914601339836674, 'Ambiguity': 2.2162050053752567, 'RepairReadiness': 1.5746719775034717, 'RootCauseEvidence': 0.2916059217599022, 'HiddenReproducibility': -0.3499271061118826, 'ImpactScope': -0.9914601339836674}"
JxPath-2,JxPath,1.0,1.0,"{'Actionability': 1, 'Clarity': 2, 'Specificity': 1, 'Reproducibility': 1, 'ReasoningQuality': 1, 'TechnicalContext': 0, 'Ambiguity': 0, 'RepairReadiness': 2, 'RootCauseEvidence': 2, 'HiddenReproducibility': 0, 'ImpactScope': 0}","{'repair_difficulty': 3, 'ambiguity_count': 0, 'hidden_s2r_present': False, 'root_cause_evidence': 2, 'impact_scope': 0}","{'Actionability': -0.316227766016838, 'Clarity': 0.37947331922020555, 'Specificity': -0.316227766016838, 'Reproducibility': -0.316227766016838, 'ReasoningQuality': -0.316227766016838, 'TechnicalContext': -1.0119288512538815, 'Ambiguity': 2.466576574931336, 'RepairReadiness': 1.075174404457249, 'RootCauseEvidence': 0.37947331922020555, 'HiddenReproducibility': -1.0119288512538815, 'ImpactScope': -1.0119288512538815}"
JxPath-20,JxPath,1.0,1.0,"{'Actionability': 1, 'Clarity': 0, 'Specificity': 0, 'Reproducibility': 0, 'ReasoningQuality': 0, 'TechnicalContext': 0, 'Ambiguity': 0, 'RepairReadiness': 0, 'RootCauseEvidence': 1, 'HiddenReproducibility': 0, 'ImpactScope': 0}","{'repair_difficulty': 5, 'ambiguity_count': 0, 'hidden_s2r_present': False, 'root_cause_evidence': 1, 'impact_scope': 0}","{'Actionability': -0.048336824452283135, 'Clarity': -0.5800418934273981, 'Specificity': -0.5800418934273981, 'Reproducibility': -0.5800418934273981, 'ReasoningQuality': -0.5800418934273981, 'TechnicalContext': -0.5800418934273981, 'Ambiguity': 2.078483451448177, 'RepairReadiness': 2.078483451448177, 'RootCauseEvidence': -0.048336824452283135, 'HiddenReproducibility': -0.5800418934273981, 'ImpactScope': -0.5800418934273981}"
JxPath-21,JxPath,1.0,1.0,"{'Actionability': 0, 'Clarity': 1, 'Specificity': 0, 'Reproducibility': 0, 'ReasoningQuality': 0, 'TechnicalContext': 0, 'Ambiguity': 0, 'RepairReadiness': 0, 'RootCauseEvidence': 0, 'HiddenReproducibility': 0, 'ImpactScope': 0}","{'repair_difficulty': 5, 'ambiguity_count': 0, 'hidden_s2r_present': False, 'root_cause_evidence': 0, 'impact_scope': 0}","{'Actionability': -0.5244044240850757, 'Clarity': 0.0, 'Specificity': -0.5244044240850757, 'Reproducibility': -0.5244044240850757, 'ReasoningQuality': -0.5244044240850757, 'TechnicalContext': -0.5244044240850757, 'Ambiguity': 2.097617696340303, 'RepairReadiness': 2.097617696340303, 'RootCauseEvidence': -0.5244044240850757, 'HiddenReproducibility': -0.5244044240850757, 'ImpactScope': -0.5244044240850757}"
JxPath-22,JxPath,1.0,1.0,"{'Actionability': 0, 'Clarity': 1, 'Specificity': 1, 'Reproducibility': 2, 'ReasoningQuality': 1, 'TechnicalContext': 0, 'Ambiguity': 0, 'RepairReadiness': 0, 'RootCauseEvidence': 2, 'HiddenReproducibility': 0, 'ImpactScope': 0}","{'repair_difficulty': 5, 'ambiguity_count': 0, 'hidden_s2r_present': False, 'root_cause_evidence': 2, 'impact_scope': 0}","{'Actionability': -0.8697956671643065, 'Clarity': -0.3069867060579905, 'Specificity': -0.3069867060579905, 'Reproducibility': 0.25582225504832545, 'ReasoningQuality': -0.3069867060579905, 'TechnicalContext': -0.8697956671643065, 'Ambiguity': 1.9442491383672733, 'RepairReadiness': 1.9442491383672733, 'RootCauseEvidence': 0.25582225504832545, 'HiddenReproducibility': -0.8697956671643065, 'ImpactScope': -0.8697956671643065}"
JxPath-3,JxPath,1.0,1.0,"{'Actionability': 1, 'Clarity': 2, 'Specificity': 1, 'Reproducibility': 2, 'ReasoningQuality': 1, 'TechnicalContext': 0, 'Ambiguity': 0, 'RepairReadiness': 2, 'RootCauseEvidence': 1, 'HiddenReproducibility': 0, 'ImpactScope': 1}","{'repair_difficulty': 3, 'ambiguity_count': 0, 'hidden_s2r_present': False, 'root_cause_evidence': 1, 'impact_scope': 1}","{'Actionability': -0.39735970711951313, 'Clarity': 0.331133089266261, 'Specificity': -0.39735970711951313, 'Reproducibility': 0.331133089266261, 'ReasoningQuality': -0.39735970711951313, 'TechnicalContext': -1.1258525035052873, 'Ambiguity': 2.516611478423583, 'RepairReadiness': 1.059625885652035, 'RootCauseEvidence': -0.39735970711951313, 'HiddenReproducibility': -1.1258525035052873, 'ImpactScope': -0.39735970711951313}"
JxPath-4,JxPath,1.0,1.0,"{'Actionability': 0, 'Clarity': 0, 'Specificity': 0, 'Reproducibility': 0, 'ReasoningQuality': 0, 'TechnicalContext': 0, 'Ambiguity': 0, 'RepairReadiness': 0, 'RootCauseEvidence': 0, 'HiddenReproducibility': 0, 'ImpactScope': 0}","{'repair_difficulty': 5, 'ambiguity_count': 0, 'hidden_s2r_present': False, 'root_cause_evidence': 0, 'impact_scope': 0}","{'Actionability': -0.4714045207910317, 'Clarity': -0.4714045207910317, 'Specificity': -0.4714045207910317, 'Reproducibility': -0.4714045207910317, 'ReasoningQuality': -0.4714045207910317, 'TechnicalContext': -0.4714045207910317, 'Ambiguity': 2.121320343559643, 'RepairReadiness': 2.121320343559643, 'RootCauseEvidence': -0.4714045207910317, 'HiddenReproducibility': -0.4714045207910317, 'ImpactScope': -0.4714045207910317}"
JxPath-5,JxPath,1.0,1.0,"{'Actionability': 1, 'Clarity': 2, 'Specificity': 1, 'Reproducibility': 2, 'ReasoningQuality': 1, 'TechnicalContext': 0, 'Ambiguity': 0, 'RepairReadiness': 0, 'RootCauseEvidence': 1, 'HiddenReproducibility': 0, 'ImpactScope': 0}","{'repair_difficulty': 5, 'ambiguity_count': 0, 'hidden_s2r_present': False, 'root_cause_evidence': 1, 'impact_scope': 0}","{'Actionability': -0.369961495807183, 'Clarity': 0.21140656903267593, 'Specificity': -0.369961495807183, 'Reproducibility': 0.21140656903267593, 'ReasoningQuality': -0.369961495807183, 'TechnicalContext': -0.951329560647042, 'Ambiguity': 1.9555107635522526, 'RepairReadiness': 1.9555107635522526, 'RootCauseEvidence': -0.369961495807183, 'HiddenReproducibility': -0.951329560647042, 'ImpactScope': -0.951329560647042}"
JxPath-6,JxPath,1.0,1.0,"{'Actionability': 1, 'Clarity': 2, 'Specificity': 1, 'Reproducibility': 2, 'ReasoningQuality': 1, 'TechnicalContext': 0, 'Ambiguity': 0, 'RepairReadiness': 1, 'RootCauseEvidence': 1, 'HiddenReproducibility': 0, 'ImpactScope': 0}","{'repair_difficulty': 4, 'ambiguity_count': 0, 'hidden_s2r_present': False, 'root_cause_evidence': 1, 'impact_scope': 0}","{'Actionability': -0.3499271061118826, 'Clarity': 0.2916059217599022, 'Specificity': -0.3499271061118826, 'Reproducibility': 0.2916059217599022, 'ReasoningQuality': -0.3499271061118826, 'TechnicalContext': -0.9914601339836674, 'Ambiguity': 2.2162050053752567, 'RepairReadiness': 1.5746719775034717, 'RootCauseEvidence': -0.3499271061118826, 'HiddenReproducibility': -0.9914601339836674, 'ImpactScope': -0.9914601339836674}"
JxPath-7,JxPath,1.0,1.0,"{'Actionability': 1, 'Clarity': 1, 'Specificity': 2, 'Reproducibility': 2, 'ReasoningQuality': 1, 'TechnicalContext': 0, 'Ambiguity': 1, 'RepairReadiness': 2, 'RootCauseEvidence': 1, 'HiddenReproducibility': 0, 'ImpactScope': 0}","{'repair_difficulty': 3, 'ambiguity_count': 1, 'hidden_s2r_present': False, 'root_cause_evidence': 1, 'impact_scope': 0}","{'Actionability': -0.2964997266644404, 'Clarity': -0.2964997266644404, 'Specificity': 0.5188745216627709, 'Reproducibility': 0.5188745216627709, 'ReasoningQuality': -0.2964997266644404, 'TechnicalContext': -1.1118739749916517, 'Ambiguity': 2.1496230183171936, 'RepairReadiness': 1.3342487699899823, 'RootCauseEvidence': -0.2964997266644404, 'HiddenReproducibility': -1.1118739749916517, 'ImpactScope': -1.1118739749916517}"
JxPath-8,JxPath,1.0,1.0,"{'Actionability': 0, 'Clarity': 0, 'Specificity': 0, 'Reproducibility': 0, 'ReasoningQuality': 0, 'TechnicalContext': 0, 'Ambiguity': 0, 'RepairReadiness': 0, 'RootCauseEvidence': 0, 'HiddenReproducibility': 0, 'ImpactScope': 0}","{'repair_difficulty': 5, 'ambiguity_count': 0, 'hidden_s2r_present': False, 'root_cause_evidence': 0, 'impact_scope': 0}","{'Actionability': -0.4714045207910317, 'Clarity': -0.4714045207910317, 'Specificity': -0.4714045207910317, 'Reproducibility': -0.4714045207910317, 'ReasoningQuality': -0.4714045207910317, 'TechnicalContext': -0.4714045207910317, 'Ambiguity': 2.121320343559643, 'RepairReadiness': 2.121320343559643, 'RootCauseEvidence': -0.4714045207910317, 'HiddenReproducibility': -0.4714045207910317, 'ImpactScope': -0.4714045207910317}"
JxPath-9,JxPath,1.0,1.0,"{'Actionability': 0, 'Clarity': 0, 'Specificity': 0, 'Reproducibility': 0, 'ReasoningQuality': 0, 'TechnicalContext': 0, 'Ambiguity': 0, 'RepairReadiness': 0, 'RootCauseEvidence': 0, 'HiddenReproducibility': 0, 'ImpactScope': 0}","{'repair_difficulty': 5, 'ambiguity_count': 0, 'hidden_s2r_present': False, 'root_cause_evidence': 0, 'impact_scope': 0}","{'Actionability': -0.4714045207910317, 'Clarity': -0.4714045207910317, 'Specificity': -0.4714045207910317, 'Reproducibility': -0.4714045207910317, 'ReasoningQuality': -0.4714045207910317, 'TechnicalContext': -0.4714045207910317, 'Ambiguity': 2.121320343559643, 'RepairReadiness': 2.121320343559643, 'RootCauseEvidence': -0.4714045207910317, 'HiddenReproducibility': -0.4714045207910317, 'ImpactScope': -0.4714045207910317}"
Lang-1,Lang,1.0,1.0,"{'Actionability': 0, 'Clarity': 2, 'Specificity': 1, 'Reproducibility': 1, 'ReasoningQuality': 1, 'TechnicalContext': 0, 'Ambiguity': 0, 'RepairReadiness': 1, 'RootCauseEvidence': 1, 'HiddenReproducibility': 0, 'ImpactScope': 0}","{'repair_difficulty': 4, 'ambiguity_count': 0, 'hidden_s2r_present': False, 'root_cause_evidence': 1, 'impact_scope': 0}","{'Actionability': -0.8464989719746505, 'Clarity': 0.3950328535881703, 'Specificity': -0.22573305919324008, 'Reproducibility': -0.22573305919324008, 'ReasoningQuality': -0.22573305919324008, 'TechnicalContext': -0.8464989719746505, 'Ambiguity': 2.257330591932402, 'RepairReadiness': 1.6365646791509914, 'RootCauseEvidence': -0.22573305919324008, 'HiddenReproducibility': -0.8464989719746505, 'ImpactScope': -0.8464989719746505}"
Lang-10,Lang,1.0,1.0,"{'Actionability': 0, 'Clarity': 2, 'Specificity': 1, 'Reproducibility': 1, 'ReasoningQuality': 1, 'TechnicalContext': 0, 'Ambiguity': 0, 'RepairReadiness': 0, 'RootCauseEvidence': 1, 'HiddenReproducibility': 0, 'ImpactScope': 0}","{'repair_difficulty': 5, 'ambiguity_count': 0, 'hidden_s2r_present': False, 'root_cause_evidence': 1, 'impact_scope': 0}","{'Actionability': -0.8186312161546414, 'Clarity': 0.3069867060579905, 'Specificity': -0.25582225504832545, 'Reproducibility': -0.25582225504832545, 'ReasoningQuality': -0.25582225504832545, 'TechnicalContext': -0.8186312161546414, 'Ambiguity': 1.9954135893769382, 'RepairReadiness': 1.9954135893769382, 'RootCauseEvidence': -0.25582225504832545, 'HiddenReproducibility': -0.8186312161546414, 'ImpactScope': -0.8186312161546414}"
Lang-11,Lang,1.0,1.0,"{'Actionability': 0, 'Clarity': 2, 'Specificity': 0, 'Reproducibility': 1, 'ReasoningQuality': 1, 'TechnicalContext': 0, 'Ambiguity': 0, 'RepairReadiness': 0, 'RootCauseEvidence': 1, 'HiddenReproducibility': 0, 'ImpactScope': 1}","{'repair_difficulty': 5, 'ambiguity_count': 0, 'hidden_s2r_present': False, 'root_cause_evidence': 1, 'impact_scope': 1}","{'Actionability': -0.8186312161546414, 'Clarity': 0.3069867060579905, 'Specificity': -0.8186312161546414, 'Reproducibility': -0.25582225504832545, 'ReasoningQuality': -0.25582225504832545, 'TechnicalContext': -0.8186312161546414, 'Ambiguity': 1.9954135893769382, 'RepairReadiness': 1.9954135893769382, 'RootCauseEvidence': -0.25582225504832545, 'HiddenReproducibility': -0.8186312161546414, 'ImpactScope': -0.25582225504832545}"
Lang-12,Lang,1.0,1.0,"{'Actionability': 0, 'Clarity': 1, 'Specificity': 0, 'Reproducibility': 1, 'ReasoningQuality': 1, 'TechnicalContext': 0, 'Ambiguity': 1, 'RepairReadiness': 1, 'RootCauseEvidence': 1, 'HiddenReproducibility': 0, 'ImpactScope': 0}","{'repair_difficulty': 4, 'ambiguity_count': 1, 'hidden_s2r_present': False, 'root_cause_evidence': 1, 'impact_scope': 0}","{'Actionability': -0.7559289460184544, 'Clarity': -0.06299407883487115, 'Specificity': -0.7559289460184544, 'Reproducibility': -0.06299407883487115, 'ReasoningQuality': -0.06299407883487115, 'TechnicalContext': -0.7559289460184544, 'Ambiguity': 2.0158105227158787, 'RepairReadiness': 2.0158105227158787, 'RootCauseEvidence': -0.06299407883487115, 'HiddenReproducibility': -0.7559289460184544, 'ImpactScope': -0.7559289460184544}"
Lang-13,Lang,1.0,1.0,"{'Actionability': 4, 'Clarity': 2, 'Specificity': 1, 'Reproducibility': 2, 'ReasoningQuality': 3, 'TechnicalContext': 0, 'Ambiguity': 4, 'RepairReadiness': 2, 'RootCauseEvidence': 2, 'HiddenReproducibility': 1, 'ImpactScope': 1}","{'repair_difficulty': 3, 'ambiguity_count': 4, 'hidden_s2r_present': True, 'root_cause_evidence': 2, 'impact_scope': 1}","{'Actionability': 1.9595917942265424, 'Clarity': 0.16329931618554527, 'Specificity': -0.7348469228349535, 'Reproducibility': 0.16329931618554527, 'ReasoningQuality': 1.061445555206044, 'TechnicalContext': -1.632993161855452, 'Ambiguity': -0.7348469228349535, 'RepairReadiness': 1.061445555206044, 'RootCauseEvidence': 0.16329931618554527, 'HiddenReproducibility': -0.7348469228349535, 'ImpactScope': -0.7348469228349535}"
Lang-14,Lang,1.0,1.0,"{'Actionability': 0, 'Clarity': 1, 'Specificity': 1, 'Reproducibility': 3, 'ReasoningQuality': 1, 'TechnicalContext': 0, 'Ambiguity': 1, 'RepairReadiness': 3, 'RootCauseEvidence': 1, 'HiddenReproducibility': 0, 'ImpactScope': 1}","{'repair_difficulty': 2, 'ambiguity_count': 1, 'hidden_s2r_present': False, 'root_cause_evidence': 1, 'impact_scope': 1}","{'Actionability': -1.049344364594206, 'Clarity': -0.2248595066987584, 'Specificity': -0.2248595066987584, 'Reproducibility': 1.4241102090921367, 'ReasoningQuality': -0.2248595066987584, 'TechnicalContext': -1.049344364594206, 'Ambiguity': 2.2485950669875843, 'RepairReadiness': 0.5996253511966891, 'RootCauseEvidence': -0.2248595066987584, 'HiddenReproducibility': -1.049344364594206, 'ImpactScope': -0.2248595066987584}"
Lang-15,Lang,1.0,1.0,"{'Actionability': 4, 'Clarity': 1, 'Specificity': 1, 'Reproducibility': 0, 'ReasoningQuality': 2, 'TechnicalContext': 0, 'Ambiguity': 2, 'RepairReadiness': 2, 'RootCauseEvidence': 2, 'HiddenReproducibility': 0, 'ImpactScope': 1}","{'repair_difficulty': 3, 'ambiguity_count': 2, 'hidden_s2r_present': False, 'root_cause_evidence': 2, 'impact_scope': 1}","{'Actionability': 1.8811791385873675, 'Clarity': -0.41803980857497053, 'Specificity': -0.41803980857497053, 'Reproducibility': -1.1844461242957498, 'ReasoningQuality': 0.34836650714580886, 'TechnicalContext': -1.1844461242957498, 'Ambiguity': 1.1147728228665883, 'RepairReadiness': 1.1147728228665883, 'RootCauseEvidence': 0.34836650714580886, 'HiddenReproducibility': -1.1844461242957498, 'ImpactScope': -0.41803980857497053}"
Lang-16,Lang,1.0,1.0,"{'Actionability': 0, 'Clarity': 0, 'Specificity': 0, 'Reproducibility': 0, 'ReasoningQuality': 0, 'TechnicalContext': 0, 'Ambiguity': 0, 'RepairReadiness': 0, 'RootCauseEvidence': 0, 'HiddenReproducibility': 0, 'ImpactScope': 0}","{'repair_difficulty': 5, 'ambiguity_count': 0, 'hidden_s2r_present': False, 'root_cause_evidence': 0, 'impact_scope': 0}","{'Actionability': -0.4714045207910317, 'Clarity': -0.4714045207910317, 'Specificity': -0.4714045207910317, 'Reproducibility': -0.4714045207910317, 'ReasoningQuality': -0.4714045207910317, 'TechnicalContext': -0.4714045207910317, 'Ambiguity': 2.121320343559643, 'RepairReadiness': 2.121320343559643, 'RootCauseEvidence': -0.4714045207910317, 'HiddenReproducibility': -0.4714045207910317, 'ImpactScope': -0.4714045207910317}"
Lang-17,Lang,1.0,1.0,"{'Actionability': 0, 'Clarity': 1, 'Specificity': 1, 'Reproducibility': 0, 'ReasoningQuality': 0, 'TechnicalContext': 0, 'Ambiguity': 2, 'RepairReadiness': 1, 'RootCauseEvidence': 2, 'HiddenReproducibility': 0, 'ImpactScope': 0}","{'repair_difficulty': 4, 'ambiguity_count': 2, 'hidden_s2r_present': False, 'root_cause_evidence': 2, 'impact_scope': 0}","{'Actionability': -0.7416198487095663, 'Clarity': 0.0, 'Specificity': 0.0, 'Reproducibility': -0.7416198487095663, 'ReasoningQuality': -0.7416198487095663, 'TechnicalContext': -0.7416198487095663, 'Ambiguity': 1.4832396974191326, 'RepairReadiness': 2.224859546128699, 'RootCauseEvidence': 0.7416198487095663, 'HiddenReproducibility': -0.7416198487095663, 'ImpactScope': -0.7416198487095663}"
Lang-19,Lang,1.0,1.0,"{'Actionability': 0, 'Clarity': 0, 'Specificity': 1, 'Reproducibility': 0, 'ReasoningQuality': 0, 'TechnicalContext': 0, 'Ambiguity': 2, 'RepairReadiness': 0, 'RootCauseEvidence': 1, 'HiddenReproducibility': 0, 'ImpactScope': 0}","{'repair_difficulty': 5, 'ambiguity_count': 2, 'hidden_s2r_present': False, 'root_cause_evidence': 1, 'impact_scope': 0}","{'Actionability': -0.5812381937190964, 'Clarity': -0.5812381937190964, 'Specificity': 0.058123819371909656, 'Reproducibility': -0.5812381937190964, 'ReasoningQuality': -0.5812381937190964, 'TechnicalContext': -0.5812381937190964, 'Ambiguity': 1.3368478455539217, 'RepairReadiness': 2.6155718717359338, 'RootCauseEvidence': 0.058123819371909656, 'HiddenReproducibility': -0.5812381937190964, 'ImpactScope': -0.5812381937190964}"
Lang-20,Lang,1.0,1.0,"{'Actionability': 0, 'Clarity': 0, 'Specificity': 0, 'Reproducibility': 0, 'ReasoningQuality': 0, 'TechnicalContext': 0, 'Ambiguity': 0, 'RepairReadiness': 0, 'RootCauseEvidence': 0, 'HiddenReproducibility': 0, 'ImpactScope': 0}","{'repair_difficulty': 5, 'ambiguity_count': 0, 'hidden_s2r_present': False, 'root_cause_evidence': 0, 'impact_scope': 0}","{'Actionability': -0.4714045207910317, 'Clarity': -0.4714045207910317, 'Specificity': -0.4714045207910317, 'Reproducibility': -0.4714045207910317, 'ReasoningQuality': -0.4714045207910317, 'TechnicalContext': -0.4714045207910317, 'Ambiguity': 2.121320343559643, 'RepairReadiness': 2.121320343559643, 'RootCauseEvidence': -0.4714045207910317, 'HiddenReproducibility': -0.4714045207910317, 'ImpactScope': -0.4714045207910317}"
Lang-21,Lang,1.0,1.0,"{'Actionability': 0, 'Clarity': 0, 'Specificity': 0, 'Reproducibility': 1, 'ReasoningQuality': 0, 'TechnicalContext': 0, 'Ambiguity': 0, 'RepairReadiness': 2, 'RootCauseEvidence': 2, 'HiddenReproducibility': 1, 'ImpactScope': 0}","{'repair_difficulty': 3, 'ambiguity_count': 0, 'hidden_s2r_present': True, 'root_cause_evidence': 2, 'impact_scope': 0}","{'Actionability': -0.6974858324629156, 'Clarity': -0.6974858324629156, 'Specificity': -0.6974858324629156, 'Reproducibility': -0.05812381937190959, 'ReasoningQuality': -0.6974858324629156, 'TechnicalContext': -0.6974858324629156, 'Ambiguity': 2.4993242329921146, 'RepairReadiness': 1.2206002068101025, 'RootCauseEvidence': 0.5812381937190965, 'HiddenReproducibility': -0.05812381937190959, 'ImpactScope': -0.6974858324629156}"
Lang-22,Lang,1.0,1.0,"{'Actionability': 0, 'Clarity': 2, 'Specificity': 1, 'Reproducibility': 3, 'ReasoningQuality': 2, 'TechnicalContext': 0, 'Ambiguity': 0, 'RepairReadiness': 1, 'RootCauseEvidence': 1, 'HiddenReproducibility': 1, 'ImpactScope': 0}","{'repair_difficulty': 4, 'ambiguity_count': 0, 'hidden_s2r_present': True, 'root_cause_evidence': 1, 'impact_scope': 0}","{'Actionability': -1.0791274850694232, 'Clarity': 0.17038855027411945, 'Specificity': -0.4543694673976519, 'Reproducibility': 0.7951465679458908, 'ReasoningQuality': 0.17038855027411945, 'TechnicalContext': -1.0791274850694232, 'Ambiguity': 2.0446626032894333, 'RepairReadiness': 1.419904585617662, 'RootCauseEvidence': -0.4543694673976519, 'HiddenReproducibility': -0.4543694673976519, 'ImpactScope': -1.0791274850694232}"
Lang-23,Lang,1.0,1.0,"{'Actionability': 0, 'Clarity': 1, 'Specificity': 1, 'Reproducibility': 1, 'ReasoningQuality': 1, 'TechnicalContext': 0, 'Ambiguity': 0, 'RepairReadiness': 1, 'RootCauseEvidence': 1, 'HiddenReproducibility': 1, 'ImpactScope': 0}","{'repair_difficulty': 4, 'ambiguity_count': 0, 'hidden_s2r_present': True, 'root_cause_evidence': 1, 'impact_scope': 0}","{'Actionability': -0.8778086039709792, 'Clarity': -0.23408229439226108, 'Specificity': -0.23408229439226108, 'Reproducibility': -0.23408229439226108, 'ReasoningQuality': -0.23408229439226108, 'TechnicalContext': -0.8778086039709792, 'Ambiguity': 2.3408229439226114, 'RepairReadiness': 1.6970966343438934, 'RootCauseEvidence': -0.23408229439226108, 'HiddenReproducibility': -0.23408229439226108, 'ImpactScope': -0.8778086039709792}"
Lang-24,Lang,1.0,1.0,"{'Actionability': 0, 'Clarity': 0, 'Specificity': 0, 'Reproducibility': 0, 'ReasoningQuality': 0, 'TechnicalContext': 0, 'Ambiguity': 0, 'RepairReadiness': 0, 'RootCauseEvidence': 1, 'HiddenReproducibility': 0, 'ImpactScope': 0}","{'repair_difficulty': 5, 'ambiguity_count': 0, 'hidden_s2r_present': False, 'root_cause_evidence': 1, 'impact_scope': 0}","{'Actionability': -0.5244044240850757, 'Clarity': -0.5244044240850757, 'Specificity': -0.5244044240850757, 'Reproducibility': -0.5244044240850757, 'ReasoningQuality': -0.5244044240850757, 'TechnicalContext': -0.5244044240850757, 'Ambiguity': 2.097617696340303, 'RepairReadiness': 2.097617696340303, 'RootCauseEvidence': 0.0, 'HiddenReproducibility': -0.5244044240850757, 'ImpactScope': -0.5244044240850757}"
Lang-26,Lang,1.0,1.0,"{'Actionability': 0, 'Clarity': 2, 'Specificity': 0, 'Reproducibility': 2, 'ReasoningQuality': 1, 'TechnicalContext': 0, 'Ambiguity': 0, 'RepairReadiness': 2, 'RootCauseEvidence': 2, 'HiddenReproducibility': 1, 'ImpactScope': 0}","{'repair_difficulty': 3, 'ambiguity_count': 0, 'hidden_s2r_present': True, 'root_cause_evidence': 2, 'impact_scope': 0}","{'Actionability': -0.970142500145332, 'Clarity': 0.36380343755449945, 'Specificity': -0.970142500145332, 'Reproducibility': 0.36380343755449945, 'ReasoningQuality': -0.30316953129541624, 'TechnicalContext': -0.970142500145332, 'Ambiguity': 2.3647223441042464, 'RepairReadiness': 1.0307764064044151, 'RootCauseEvidence': 0.36380343755449945, 'HiddenReproducibility': -0.30316953129541624, 'ImpactScope': -0.970142500145332}"
Lang-27,Lang,1.0,1.0,"{'Actionability': 0, 'Clarity': 0, 'Specificity': 0, 'Reproducibility': 0, 'ReasoningQuality': 0, 'TechnicalContext': 0, 'Ambiguity': 0, 'RepairReadiness': 0, 'RootCauseEvidence': 0, 'HiddenReproducibility': 0, 'ImpactScope': 0}","{'repair_difficulty': 5, 'ambiguity_count': 0, 'hidden_s2r_present': False, 'root_cause_evidence': 0, 'impact_scope': 0}","{'Actionability': -0.4714045207910317, 'Clarity': -0.4714045207910317, 'Specificity': -0.4714045207910317, 'Reproducibility': -0.4714045207910317, 'ReasoningQuality': -0.4714045207910317, 'TechnicalContext': -0.4714045207910317, 'Ambiguity': 2.121320343559643, 'RepairReadiness': 2.121320343559643, 'RootCauseEvidence': -0.4714045207910317, 'HiddenReproducibility': -0.4714045207910317, 'ImpactScope': -0.4714045207910317}"
Lang-28,Lang,1.0,1.0,"{'Actionability': 0, 'Clarity': 1, 'Specificity': 0, 'Reproducibility': 0, 'ReasoningQuality': 0, 'TechnicalContext': 0, 'Ambiguity': 0, 'RepairReadiness': 2, 'RootCauseEvidence': 0, 'HiddenReproducibility': 0, 'ImpactScope': 0}","{'repair_difficulty': 3, 'ambiguity_count': 0, 'hidden_s2r_present': False, 'root_cause_evidence': 0, 'impact_scope': 0}","{'Actionability': -0.516185401208764, 'Clarity': 0.11470786693528084, 'Specificity': -0.516185401208764, 'Reproducibility': -0.516185401208764, 'ReasoningQuality': -0.516185401208764, 'TechnicalContext': -0.516185401208764, 'Ambiguity': 2.63828093951146, 'RepairReadiness': 1.3764944032233704, 'RootCauseEvidence': -0.516185401208764, 'HiddenReproducibility': -0.516185401208764, 'ImpactScope': -0.516185401208764}"
Lang-29,Lang,1.0,1.0,"{'Actionability': 0, 'Clarity': 2, 'Specificity': 0, 'Reproducibility': 1, 'ReasoningQuality': 1, 'TechnicalContext': 0, 'Ambiguity': 0, 'RepairReadiness': 0, 'RootCauseEvidence': 2, 'HiddenReproducibility': 0, 'ImpactScope': 0}","{'repair_difficulty': 5, 'ambiguity_count': 0, 'hidden_s2r_present': False, 'root_cause_evidence': 2, 'impact_scope': 0}","{'Actionability': -0.7960297521679913, 'Clarity': 0.2985111570629967, 'Specificity': -0.7960297521679913, 'Reproducibility': -0.24875929755249732, 'ReasoningQuality': -0.24875929755249732, 'TechnicalContext': -0.7960297521679913, 'Ambiguity': 1.9403225209094788, 'RepairReadiness': 1.9403225209094788, 'RootCauseEvidence': 0.2985111570629967, 'HiddenReproducibility': -0.7960297521679913, 'ImpactScope': -0.7960297521679913}"
Lang-3,Lang,1.0,1.0,"{'Actionability': 0, 'Clarity': 0, 'Specificity': 1, 'Reproducibility': 0, 'ReasoningQuality': 0, 'TechnicalContext': 0, 'Ambiguity': 0, 'RepairReadiness': 0, 'RootCauseEvidence': 2, 'HiddenReproducibility': 0, 'ImpactScope': 0}","{'repair_difficulty': 5, 'ambiguity_count': 0, 'hidden_s2r_present': False, 'root_cause_evidence': 2, 'impact_scope': 0}","{'Actionability': -0.6225870853937484, 'Clarity': -0.6225870853937484, 'Specificity': -0.09578262852211517, 'Reproducibility': -0.6225870853937484, 'ReasoningQuality': -0.6225870853937484, 'TechnicalContext': -0.6225870853937484, 'Ambiguity': 2.011435198964418, 'RepairReadiness': 2.011435198964418, 'RootCauseEvidence': 0.4310218283495181, 'HiddenReproducibility': -0.6225870853937484, 'ImpactScope': -0.6225870853937484}"
Lang-30,Lang,1.0,1.0,"{'Actionability': 0, 'Clarity': 2, 'Specificity': 1, 'Reproducibility': 1, 'ReasoningQuality': 2, 'TechnicalContext': 0, 'Ambiguity': 2, 'RepairReadiness': 3, 'RootCauseEvidence': 2, 'HiddenReproducibility': 0, 'ImpactScope': 1}","{'repair_difficulty': 2, 'ambiguity_count': 2, 'hidden_s2r_present': False, 'root_cause_evidence': 2, 'impact_scope': 1}","{'Actionability': -1.3228756555322954, 'Clarity': 0.7559289460184545, 'Specificity': -0.28347335475692037, 'Reproducibility': -0.28347335475692037, 'ReasoningQuality': 0.7559289460184545, 'TechnicalContext': -1.3228756555322954, 'Ambiguity': 1.7953312467938294, 'RepairReadiness': 0.7559289460184545, 'RootCauseEvidence': 0.7559289460184545, 'HiddenReproducibility': -1.3228756555322954, 'ImpactScope': -0.28347335475692037}"
Lang-31,Lang,1.0,1.0,"{'Actionability': 0, 'Clarity': 2, 'Specificity': 1, 'Reproducibility': 1, 'ReasoningQuality': 2, 'TechnicalContext': 0, 'Ambiguity': 2, 'RepairReadiness': 3, 'RootCauseEvidence': 2, 'HiddenReproducibility': 0, 'ImpactScope': 1}","{'repair_difficulty': 2, 'ambiguity_count': 2, 'hidden_s2r_present': False, 'root_cause_evidence': 2, 'impact_scope': 1}","{'Actionability': -1.3228756555322954, 'Clarity': 0.7559289460184545, 'Specificity': -0.28347335475692037, 'Reproducibility': -0.28347335475692037, 'ReasoningQuality': 0.7559289460184545, 'TechnicalContext': -1.3228756555322954, 'Ambiguity': 1.7953312467938294, 'RepairReadiness': 0.7559289460184545, 'RootCauseEvidence': 0.7559289460184545, 'HiddenReproducibility': -1.3228756555322954, 'ImpactScope': -0.28347335475692037}"
Lang-32,Lang,1.0,1.0,"{'Actionability': 0, 'Clarity': 1, 'Specificity': 1, 'Reproducibility': 1, 'ReasoningQuality': 1, 'TechnicalContext': 0, 'Ambiguity': 0, 'RepairReadiness': 1, 'RootCauseEvidence': 2, 'HiddenReproducibility': 1, 'ImpactScope': 0}","{'repair_difficulty': 4, 'ambiguity_count': 0, 'hidden_s2r_present': True, 'root_cause_evidence': 2, 'impact_scope': 0}","{'Actionability': -0.933138949631687, 'Clarity': -0.2916059217599022, 'Specificity': -0.2916059217599022, 'Reproducibility': -0.2916059217599022, 'ReasoningQuality': -0.2916059217599022, 'TechnicalContext': -0.933138949631687, 'Ambiguity': 2.274526189727237, 'RepairReadiness': 1.632993161855452, 'RootCauseEvidence': 0.3499271061118826, 'HiddenReproducibility': -0.2916059217599022, 'ImpactScope': -0.933138949631687}"
Lang-33,Lang,1.0,1.0,"{'Actionability': 0, 'Clarity': 0, 'Specificity': 0, 'Reproducibility': 0, 'ReasoningQuality': 0, 'TechnicalContext': 0, 'Ambiguity': 0, 'RepairReadiness': 0, 'RootCauseEvidence': 0, 'HiddenReproducibility': 0, 'ImpactScope': 0}","{'repair_difficulty': 5, 'ambiguity_count': 0, 'hidden_s2r_present': False, 'root_cause_evidence': 0, 'impact_scope': 0}","{'Actionability': -0.4714045207910317, 'Clarity': -0.4714045207910317, 'Specificity': -0.4714045207910317, 'Reproducibility': -0.4714045207910317, 'ReasoningQuality': -0.4714045207910317, 'TechnicalContext': -0.4714045207910317, 'Ambiguity': 2.121320343559643, 'RepairReadiness': 2.121320343559643, 'RootCauseEvidence': -0.4714045207910317, 'HiddenReproducibility': -0.4714045207910317, 'ImpactScope': -0.4714045207910317}"
Lang-34,Lang,1.0,1.0,"{'Actionability': 0, 'Clarity': 1, 'Specificity': 1, 'Reproducibility': 1, 'ReasoningQuality': 1, 'TechnicalContext': 0, 'Ambiguity': 0, 'RepairReadiness': 1, 'RootCauseEvidence': 2, 'HiddenReproducibility': 1, 'ImpactScope': 0}","{'repair_difficulty': 4, 'ambiguity_count': 0, 'hidden_s2r_present': True, 'root_cause_evidence': 2, 'impact_scope': 0}","{'Actionability': -0.933138949631687, 'Clarity': -0.2916059217599022, 'Specificity': -0.2916059217599022, 'Reproducibility': -0.2916059217599022, 'ReasoningQuality': -0.2916059217599022, 'TechnicalContext': -0.933138949631687, 'Ambiguity': 2.274526189727237, 'RepairReadiness': 1.632993161855452, 'RootCauseEvidence': 0.3499271061118826, 'HiddenReproducibility': -0.2916059217599022, 'ImpactScope': -0.933138949631687}"
Lang-35,Lang,1.0,1.0,"{'Actionability': 0, 'Clarity': 2, 'Specificity': 1, 'Reproducibility': 3, 'ReasoningQuality': 1, 'TechnicalContext': 0, 'Ambiguity': 2, 'RepairReadiness': 2, 'RootCauseEvidence': 1, 'HiddenReproducibility': 0, 'ImpactScope': 0}","{'repair_difficulty': 3, 'ambiguity_count': 2, 'hidden_s2r_present': False, 'root_cause_evidence': 1, 'impact_scope': 0}","{'Actionability': -1.049344364594206, 'Clarity': 0.5996253511966891, 'Specificity': -0.2248595066987584, 'Reproducibility': 1.4241102090921367, 'ReasoningQuality': -0.2248595066987584, 'TechnicalContext': -1.049344364594206, 'Ambiguity': 1.4241102090921367, 'RepairReadiness': 1.4241102090921367, 'RootCauseEvidence': -0.2248595066987584, 'HiddenReproducibility': -1.049344364594206, 'ImpactScope': -1.049344364594206}"
Lang-36,Lang,1.0,1.0,"{'Actionability': 0, 'Clarity': 0, 'Specificity': 0, 'Reproducibility': 0, 'ReasoningQuality': 0, 'TechnicalContext': 0, 'Ambiguity': 0, 'RepairReadiness': 1, 'RootCauseEvidence': 2, 'HiddenReproducibility': 0, 'ImpactScope': 0}","{'repair_difficulty': 4, 'ambiguity_count': 0, 'hidden_s2r_present': False, 'root_cause_evidence': 2, 'impact_scope': 0}","{'Actionability': -0.568796458994521, 'Clarity': -0.568796458994521, 'Specificity': -0.568796458994521, 'Reproducibility': -0.568796458994521, 'ReasoningQuality': -0.568796458994521, 'TechnicalContext': -0.568796458994521, 'Ambiguity': 2.275185835978084, 'RepairReadiness': 1.7063893769835632, 'RootCauseEvidence': 0.568796458994521, 'HiddenReproducibility': -0.568796458994521, 'ImpactScope': -0.568796458994521}"
Lang-37,Lang,1.0,1.0,"{'Actionability': 0, 'Clarity': 1, 'Specificity': 1, 'Reproducibility': 2, 'ReasoningQuality': 1, 'TechnicalContext': 0, 'Ambiguity': 0, 'RepairReadiness': 0, 'RootCauseEvidence': 1, 'HiddenReproducibility': 0, 'ImpactScope': 0}","{'repair_difficulty': 5, 'ambiguity_count': 0, 'hidden_s2r_present': False, 'root_cause_evidence': 1, 'impact_scope': 0}","{'Actionability': -0.8186312161546414, 'Clarity': -0.25582225504832545, 'Specificity': -0.25582225504832545, 'Reproducibility': 0.3069867060579905, 'ReasoningQuality': -0.25582225504832545, 'TechnicalContext': -0.8186312161546414, 'Ambiguity': 1.9954135893769382, 'RepairReadiness': 1.9954135893769382, 'RootCauseEvidence': -0.25582225504832545, 'HiddenReproducibility': -0.8186312161546414, 'ImpactScope': -0.8186312161546414}"
Lang-38,Lang,1.0,1.0,"{'Actionability': 0, 'Clarity': 1, 'Specificity': 0, 'Reproducibility': 0, 'ReasoningQuality': 0, 'TechnicalContext': 0, 'Ambiguity': 0, 'RepairReadiness': 1, 'RootCauseEvidence': 1, 'HiddenReproducibility': 1, 'ImpactScope': 0}","{'repair_difficulty': 4, 'ambiguity_count': 0, 'hidden_s2r_present': True, 'root_cause_evidence': 1, 'impact_scope': 0}","{'Actionability': -0.6507913734559684, 'Clarity': -0.05423261445466399, 'Specificity': -0.6507913734559684, 'Reproducibility': -0.6507913734559684, 'ReasoningQuality': -0.6507913734559684, 'TechnicalContext': -0.6507913734559684, 'Ambiguity': 2.3320024215505537, 'RepairReadiness': 1.7354436625492493, 'RootCauseEvidence': -0.05423261445466399, 'HiddenReproducibility': -0.05423261445466399, 'ImpactScope': -0.6507913734559684}"
Lang-39,Lang,1.0,1.0,"{'Actionability': 0, 'Clarity': 0, 'Specificity': 1, 'Reproducibility': 3, 'ReasoningQuality': 0, 'TechnicalContext': 0, 'Ambiguity': 2, 'RepairReadiness': 2, 'RootCauseEvidence': 2, 'HiddenReproducibility': 1, 'ImpactScope': 0}","{'repair_difficulty': 3, 'ambiguity_count': 2, 'hidden_s2r_present': True, 'root_cause_evidence': 2, 'impact_scope': 0}","{'Actionability': -0.9333456062030596, 'Clarity': -0.9333456062030596, 'Specificity': -0.14359163172354766, 'Reproducibility': 1.435916317235476, 'ReasoningQuality': -0.9333456062030596, 'TechnicalContext': -0.9333456062030596, 'Ambiguity': 1.435916317235476, 'RepairReadiness': 1.435916317235476, 'RootCauseEvidence': 0.6461623427559643, 'HiddenReproducibility': -0.14359163172354766, 'ImpactScope': -0.9333456062030596}"
Lang-4,Lang,1.0,1.0,"{'Actionability': 0, 'Clarity': 2, 'Specificity': 1, 'Reproducibility': 3, 'ReasoningQuality': 1, 'TechnicalContext': 0, 'Ambiguity': 3, 'RepairReadiness': 3, 'RootCauseEvidence': 2, 'HiddenReproducibility': 0, 'ImpactScope': 0}","{'repair_difficulty': 2, 'ambiguity_count': 3, 'hidden_s2r_present': False, 'root_cause_evidence': 2, 'impact_scope': 0}","{'Actionability': -1.1490485194281397, 'Clarity': 0.7954951288348658, 'Specificity': -0.17677669529663692, 'Reproducibility': 1.7677669529663687, 'ReasoningQuality': -0.17677669529663692, 'TechnicalContext': -1.1490485194281397, 'Ambiguity': 0.7954951288348658, 'RepairReadiness': 0.7954951288348658, 'RootCauseEvidence': 0.7954951288348658, 'HiddenReproducibility': -1.1490485194281397, 'ImpactScope': -1.1490485194281397}"
Lang-40,Lang,1.0,1.0,"{'Actionability': 0, 'Clarity': 0, 'Specificity': 0, 'Reproducibility': 0, 'ReasoningQuality': 0, 'TechnicalContext': 0, 'Ambiguity': 0, 'RepairReadiness': 0, 'RootCauseEvidence': 0, 'HiddenReproducibility': 0, 'ImpactScope': 0}","{'repair_difficulty': 5, 'ambiguity_count': 0, 'hidden_s2r_present': False, 'root_cause_evidence': 0, 'impact_scope': 0}","{'Actionability': -0.4714045207910317, 'Clarity': -0.4714045207910317, 'Specificity': -0.4714045207910317, 'Reproducibility': -0.4714045207910317, 'ReasoningQuality': -0.4714045207910317, 'TechnicalContext': -0.4714045207910317, 'Ambiguity': 2.121320343559643, 'RepairReadiness': 2.121320343559643, 'RootCauseEvidence': -0.4714045207910317, 'HiddenReproducibility': -0.4714045207910317, 'ImpactScope': -0.4714045207910317}"
Lang-41,Lang,1.0,1.0,"{'Actionability': 0, 'Clarity': 0, 'Specificity': 0, 'Reproducibility': 0, 'ReasoningQuality': 0, 'TechnicalContext': 0, 'Ambiguity': 0, 'RepairReadiness': 1, 'RootCauseEvidence': 1, 'HiddenReproducibility': 0, 'ImpactScope': 0}","{'repair_difficulty': 4, 'ambiguity_count': 0, 'hidden_s2r_present': False, 'root_cause_evidence': 1, 'impact_scope': 0}","{'Actionability': -0.5255883312276367, 'Clarity': -0.5255883312276367, 'Specificity': -0.5255883312276367, 'Reproducibility': -0.5255883312276367, 'ReasoningQuality': -0.5255883312276367, 'TechnicalContext': -0.5255883312276367, 'Ambiguity': 2.3651474905243655, 'RepairReadiness': 1.7870003261739649, 'RootCauseEvidence': 0.052558833122763694, 'HiddenReproducibility': -0.5255883312276367, 'ImpactScope': -0.5255883312276367}"
Lang-42,Lang,1.0,1.0,"{'Actionability': 0, 'Clarity': 1, 'Specificity': 1, 'Reproducibility': 1, 'ReasoningQuality': 0, 'TechnicalContext': 0, 'Ambiguity': 0, 'RepairReadiness': 2, 'RootCauseEvidence': 1, 'HiddenReproducibility': 0, 'ImpactScope': 0}","{'repair_difficulty': 3, 'ambiguity_count': 0, 'hidden_s2r_present': False, 'root_cause_evidence': 1, 'impact_scope': 0}","{'Actionability': -0.7249465119962123, 'Clarity': -0.06041220933301764, 'Specificity': -0.06041220933301764, 'Reproducibility': -0.06041220933301764, 'ReasoningQuality': -0.7249465119962123, 'TechnicalContext': -0.7249465119962123, 'Ambiguity': 2.5977250013197613, 'RepairReadiness': 1.2686563959933717, 'RootCauseEvidence': -0.06041220933301764, 'HiddenReproducibility': -0.7249465119962123, 'ImpactScope': -0.7249465119962123}"
Lang-43,Lang,1.0,1.0,"{'Actionability': 0, 'Clarity': 2, 'Specificity': 1, 'Reproducibility': 1, 'ReasoningQuality': 1, 'TechnicalContext': 0, 'Ambiguity': 0, 'RepairReadiness': 1, 'RootCauseEvidence': 2, 'HiddenReproducibility': 0, 'ImpactScope': 0}","{'repair_difficulty': 4, 'ambiguity_count': 0, 'hidden_s2r_present': False, 'root_cause_evidence': 2, 'impact_scope': 0}","{'Actionability': -0.900070320740819, 'Clarity': 0.33752637027780713, 'Specificity': -0.281271975231506, 'Reproducibility': -0.281271975231506, 'ReasoningQuality': -0.281271975231506, 'TechnicalContext': -0.900070320740819, 'Ambiguity': 2.1939214068057464, 'RepairReadiness': 1.5751230612964333, 'RootCauseEvidence': 0.33752637027780713, 'HiddenReproducibility': -0.900070320740819, 'ImpactScope': -0.900070320740819}"
Lang-44,Lang,1.0,1.0,"{'Actionability': 0, 'Clarity': 0, 'Specificity': 1, 'Reproducibility': 0, 'ReasoningQuality': 0, 'TechnicalContext': 0, 'Ambiguity': 0, 'RepairReadiness': 0, 'RootCauseEvidence': 1, 'HiddenReproducibility': 0, 'ImpactScope': 0}","{'repair_difficulty': 5, 'ambiguity_count': 0, 'hidden_s2r_present': False, 'root_cause_evidence': 1, 'impact_scope': 0}","{'Actionability': -0.5800418934273981, 'Clarity': -0.5800418934273981, 'Specificity': -0.048336824452283135, 'Reproducibility': -0.5800418934273981, 'ReasoningQuality': -0.5800418934273981, 'TechnicalContext': -0.5800418934273981, 'Ambiguity': 2.078483451448177, 'RepairReadiness': 2.078483451448177, 'RootCauseEvidence': -0.048336824452283135, 'HiddenReproducibility': -0.5800418934273981, 'ImpactScope': -0.5800418934273981}"
Lang-45,Lang,1.0,1.0,"{'Actionability': 0, 'Clarity': 0, 'Specificity': 0, 'Reproducibility': 0, 'ReasoningQuality': 0, 'TechnicalContext': 0, 'Ambiguity': 0, 'RepairReadiness': 0, 'RootCauseEvidence': 1, 'HiddenReproducibility': 1, 'ImpactScope': 0}","{'repair_difficulty': 5, 'ambiguity_count': 0, 'hidden_s2r_present': True, 'root_cause_evidence': 1, 'impact_scope': 0}","{'Actionability': -0.5800418934273981, 'Clarity': -0.5800418934273981, 'Specificity': -0.5800418934273981, 'Reproducibility': -0.5800418934273981, 'ReasoningQuality': -0.5800418934273981, 'TechnicalContext': -0.5800418934273981, 'Ambiguity': 2.078483451448177, 'RepairReadiness': 2.078483451448177, 'RootCauseEvidence': -0.048336824452283135, 'HiddenReproducibility': -0.048336824452283135, 'ImpactScope': -0.5800418934273981}"
Lang-46,Lang,1.0,1.0,"{'Actionability': 0, 'Clarity': 2, 'Specificity': 1, 'Reproducibility': 3, 'ReasoningQuality': 1, 'TechnicalContext': 0, 'Ambiguity': 1, 'RepairReadiness': 2, 'RootCauseEvidence': 1, 'HiddenReproducibility': 1, 'ImpactScope': 1}","{'repair_difficulty': 3, 'ambiguity_count': 1, 'hidden_s2r_present': True, 'root_cause_evidence': 1, 'impact_scope': 1}","{'Actionability': -1.2532566273166255, 'Clarity': 0.36860489038724287, 'Specificity': -0.44232586846469135, 'Reproducibility': 1.179535649239177, 'ReasoningQuality': -0.44232586846469135, 'TechnicalContext': -1.2532566273166255, 'Ambiguity': 1.9904664080911112, 'RepairReadiness': 1.179535649239177, 'RootCauseEvidence': -0.44232586846469135, 'HiddenReproducibility': -0.44232586846469135, 'ImpactScope': -0.44232586846469135}"
Lang-47,Lang,1.0,1.0,"{'Actionability': 0, 'Clarity': 0, 'Specificity': 0, 'Reproducibility': 0, 'ReasoningQuality': 0, 'TechnicalContext': 0, 'Ambiguity': 0, 'RepairReadiness': 0, 'RootCauseEvidence': 0, 'HiddenReproducibility': 0, 'ImpactScope': 0}","{'repair_difficulty': 5, 'ambiguity_count': 0, 'hidden_s2r_present': False, 'root_cause_evidence': 0, 'impact_scope': 0}","{'Actionability': -0.4714045207910317, 'Clarity': -0.4714045207910317, 'Specificity': -0.4714045207910317, 'Reproducibility': -0.4714045207910317, 'ReasoningQuality': -0.4714045207910317, 'TechnicalContext': -0.4714045207910317, 'Ambiguity': 2.121320343559643, 'RepairReadiness': 2.121320343559643, 'RootCauseEvidence': -0.4714045207910317, 'HiddenReproducibility': -0.4714045207910317, 'ImpactScope': -0.4714045207910317}"
Lang-49,Lang,1.0,1.0,"{'Actionability': 0, 'Clarity': 0, 'Specificity': 0, 'Reproducibility': 0, 'ReasoningQuality': 0, 'TechnicalContext': 0, 'Ambiguity': 0, 'RepairReadiness': 0, 'RootCauseEvidence': 0, 'HiddenReproducibility': 0, 'ImpactScope': 0}","{'repair_difficulty': 5, 'ambiguity_count': 0, 'hidden_s2r_present': False, 'root_cause_evidence': 0, 'impact_scope': 0}","{'Actionability': -0.4714045207910317, 'Clarity': -0.4714045207910317, 'Specificity': -0.4714045207910317, 'Reproducibility': -0.4714045207910317, 'ReasoningQuality': -0.4714045207910317, 'TechnicalContext': -0.4714045207910317, 'Ambiguity': 2.121320343559643, 'RepairReadiness': 2.121320343559643, 'RootCauseEvidence': -0.4714045207910317, 'HiddenReproducibility': -0.4714045207910317, 'ImpactScope': -0.4714045207910317}"
Lang-5,Lang,1.0,1.0,"{'Actionability': 0, 'Clarity': 2, 'Specificity': 1, 'Reproducibility': 1, 'ReasoningQuality': 1, 'TechnicalContext': 0, 'Ambiguity': 1, 'RepairReadiness': 0, 'RootCauseEvidence': 1, 'HiddenReproducibility': 1, 'ImpactScope': 0}","{'repair_difficulty': 5, 'ambiguity_count': 1, 'hidden_s2r_present': True, 'root_cause_evidence': 1, 'impact_scope': 0}","{'Actionability': -0.933138949631687, 'Clarity': 0.3499271061118826, 'Specificity': -0.2916059217599022, 'Reproducibility': -0.2916059217599022, 'ReasoningQuality': -0.2916059217599022, 'TechnicalContext': -0.933138949631687, 'Ambiguity': 1.632993161855452, 'RepairReadiness': 2.274526189727237, 'RootCauseEvidence': -0.2916059217599022, 'HiddenReproducibility': -0.2916059217599022, 'ImpactScope': -0.933138949631687}"
Lang-50,Lang,1.0,1.0,"{'Actionability': 0, 'Clarity': 1, 'Specificity': 0, 'Reproducibility': 1, 'ReasoningQuality': 1, 'TechnicalContext': 0, 'Ambiguity': 0, 'RepairReadiness': 0, 'RootCauseEvidence': 1, 'HiddenReproducibility': 0, 'ImpactScope': 0}","{'repair_difficulty': 5, 'ambiguity_count': 0, 'hidden_s2r_present': False, 'root_cause_evidence': 1, 'impact_scope': 0}","{'Actionability': -0.7017565899639198, 'Clarity': -0.15037641213512565, 'Specificity': -0.7017565899639198, 'Reproducibility': -0.15037641213512565, 'ReasoningQuality': -0.15037641213512565, 'TechnicalContext': -0.7017565899639198, 'Ambiguity': 2.055144299180051, 'RepairReadiness': 2.055144299180051, 'RootCauseEvidence': -0.15037641213512565, 'HiddenReproducibility': -0.7017565899639198, 'ImpactScope': -0.7017565899639198}"
Lang-51,Lang,1.0,1.0,"{'Actionability': 0, 'Clarity': 2, 'Specificity': 0, 'Reproducibility': 1, 'ReasoningQuality': 1, 'TechnicalContext': 0, 'Ambiguity': 0, 'RepairReadiness': 0, 'RootCauseEvidence': 2, 'HiddenReproducibility': 0, 'ImpactScope': 0}","{'repair_difficulty': 5, 'ambiguity_count': 0, 'hidden_s2r_present': False, 'root_cause_evidence': 2, 'impact_scope': 0}","{'Actionability': -0.7960297521679913, 'Clarity': 0.2985111570629967, 'Specificity': -0.7960297521679913, 'Reproducibility': -0.24875929755249732, 'ReasoningQuality': -0.24875929755249732, 'TechnicalContext': -0.7960297521679913, 'Ambiguity': 1.9403225209094788, 'RepairReadiness': 1.9403225209094788, 'RootCauseEvidence': 0.2985111570629967, 'HiddenReproducibility': -0.7960297521679913, 'ImpactScope': -0.7960297521679913}"
Lang-52,Lang,1.0,1.0,"{'Actionability': 0, 'Clarity': 0, 'Specificity': 0, 'Reproducibility': 0, 'ReasoningQuality': 0, 'TechnicalContext': 0, 'Ambiguity': 0, 'RepairReadiness': 2, 'RootCauseEvidence': 1, 'HiddenReproducibility': 0, 'ImpactScope': 0}","{'repair_difficulty': 3, 'ambiguity_count': 0, 'hidden_s2r_present': False, 'root_cause_evidence': 1, 'impact_scope': 0}","{'Actionability': -0.516185401208764, 'Clarity': -0.516185401208764, 'Specificity': -0.516185401208764, 'Reproducibility': -0.516185401208764, 'ReasoningQuality': -0.516185401208764, 'TechnicalContext': -0.516185401208764, 'Ambiguity': 2.63828093951146, 'RepairReadiness': 1.3764944032233704, 'RootCauseEvidence': 0.11470786693528084, 'HiddenReproducibility': -0.516185401208764, 'ImpactScope': -0.516185401208764}"
Lang-53,Lang,1.0,1.0,"{'Actionability': 0, 'Clarity': 0, 'Specificity': 0, 'Reproducibility': 1, 'ReasoningQuality': 0, 'TechnicalContext': 0, 'Ambiguity': 1, 'RepairReadiness': 1, 'RootCauseEvidence': 0, 'HiddenReproducibility': 0, 'ImpactScope': 0}","{'repair_difficulty': 4, 'ambiguity_count': 1, 'hidden_s2r_present': False, 'root_cause_evidence': 0, 'impact_scope': 0}","{'Actionability': -0.5359422007578724, 'Clarity': -0.5359422007578724, 'Specificity': -0.5359422007578724, 'Reproducibility': 0.1190982668350827, 'ReasoningQuality': -0.5359422007578724, 'TechnicalContext': -0.5359422007578724, 'Ambiguity': 2.084219669613948, 'RepairReadiness': 2.084219669613948, 'RootCauseEvidence': -0.5359422007578724, 'HiddenReproducibility': -0.5359422007578724, 'ImpactScope': -0.5359422007578724}"
Lang-54,Lang,1.0,1.0,"{'Actionability': 0, 'Clarity': 2, 'Specificity': 0, 'Reproducibility': 1, 'ReasoningQuality': 1, 'TechnicalContext': 0, 'Ambiguity': 0, 'RepairReadiness': 1, 'RootCauseEvidence': 1, 'HiddenReproducibility': 0, 'ImpactScope': 0}","{'repair_difficulty': 4, 'ambiguity_count': 0, 'hidden_s2r_present': False, 'root_cause_evidence': 1, 'impact_scope': 0}","{'Actionability': -0.7683498199278324, 'Clarity': 0.4390570399587614, 'Specificity': -0.7683498199278324, 'Reproducibility': -0.16464638998453549, 'ReasoningQuality': -0.16464638998453549, 'TechnicalContext': -0.7683498199278324, 'Ambiguity': 2.250167329788652, 'RepairReadiness': 1.6464638998453551, 'RootCauseEvidence': -0.16464638998453549, 'HiddenReproducibility': -0.7683498199278324, 'ImpactScope': -0.7683498199278324}"
Lang-55,Lang,1.0,1.0,"{'Actionability': 0, 'Clarity': 0, 'Specificity': 1, 'Reproducibility': 0, 'ReasoningQuality': 0, 'TechnicalContext': 0, 'Ambiguity': 0, 'RepairReadiness': 0, 'RootCauseEvidence': 1, 'HiddenReproducibility': 1, 'ImpactScope': 1}","{'repair_difficulty': 5, 'ambiguity_count': 0, 'hidden_s2r_present': True, 'root_cause_evidence': 1, 'impact_scope': 1}","{'Actionability': -0.7017565899639198, 'Clarity': -0.7017565899639198, 'Specificity': -0.15037641213512565, 'Reproducibility': -0.7017565899639198, 'ReasoningQuality': -0.7017565899639198, 'TechnicalContext': -0.7017565899639198, 'Ambiguity': 2.055144299180051, 'RepairReadiness': 2.055144299180051, 'RootCauseEvidence': -0.15037641213512565, 'HiddenReproducibility': -0.15037641213512565, 'ImpactScope': -0.15037641213512565}"
Lang-56,Lang,1.0,1.0,"{'Actionability': 4, 'Clarity': 2, 'Specificity': 1, 'Reproducibility': 2, 'ReasoningQuality': 3, 'TechnicalContext': 0, 'Ambiguity': 2, 'RepairReadiness': 1, 'RootCauseEvidence': 1, 'HiddenReproducibility': 1, 'ImpactScope': 1}","{'repair_difficulty': 4, 'ambiguity_count': 2, 'hidden_s2r_present': True, 'root_cause_evidence': 1, 'impact_scope': 1}","{'Actionability': 1.563471919941143, 'Clarity': 0.0, 'Specificity': -0.7817359599705715, 'Reproducibility': 0.0, 'ReasoningQuality': 0.7817359599705715, 'TechnicalContext': -1.563471919941143, 'Ambiguity': 0.7817359599705715, 'RepairReadiness': 1.563471919941143, 'RootCauseEvidence': -0.7817359599705715, 'HiddenReproducibility': -0.7817359599705715, 'ImpactScope': -0.7817359599705715}"
Lang-57,Lang,1.0,1.0,"{'Actionability': 0, 'Clarity': 1, 'Specificity': 0, 'Reproducibility': 1, 'ReasoningQuality': 1, 'TechnicalContext': 0, 'Ambiguity': 0, 'RepairReadiness': 0, 'RootCauseEvidence': 2, 'HiddenReproducibility': 1, 'ImpactScope': 0}","{'repair_difficulty': 5, 'ambiguity_count': 0, 'hidden_s2r_present': True, 'root_cause_evidence': 2, 'impact_scope': 0}","{'Actionability': -0.8186312161546414, 'Clarity': -0.25582225504832545, 'Specificity': -0.8186312161546414, 'Reproducibility': -0.25582225504832545, 'ReasoningQuality': -0.25582225504832545, 'TechnicalContext': -0.8186312161546414, 'Ambiguity': 1.9954135893769382, 'RepairReadiness': 1.9954135893769382, 'RootCauseEvidence': 0.3069867060579905, 'HiddenReproducibility': -0.25582225504832545, 'ImpactScope': -0.8186312161546414}"
Lang-58,Lang,1.0,1.0,"{'Actionability': 0, 'Clarity': 0, 'Specificity': 0, 'Reproducibility': 0, 'ReasoningQuality': 0, 'TechnicalContext': 0, 'Ambiguity': 0, 'RepairReadiness': 0, 'RootCauseEvidence': 1, 'HiddenReproducibility': 0, 'ImpactScope': 0}","{'repair_difficulty': 5, 'ambiguity_count': 0, 'hidden_s2r_present': False, 'root_cause_evidence': 1, 'impact_scope': 0}","{'Actionability': -0.5244044240850757, 'Clarity': -0.5244044240850757, 'Specificity': -0.5244044240850757, 'Reproducibility': -0.5244044240850757, 'ReasoningQuality': -0.5244044240850757, 'TechnicalContext': -0.5244044240850757, 'Ambiguity': 2.097617696340303, 'RepairReadiness': 2.097617696340303, 'RootCauseEvidence': 0.0, 'HiddenReproducibility': -0.5244044240850757, 'ImpactScope': -0.5244044240850757}"
Lang-59,Lang,1.0,1.0,"{'Actionability': 0, 'Clarity': 0, 'Specificity': 0, 'Reproducibility': 0, 'ReasoningQuality': 0, 'TechnicalContext': 0, 'Ambiguity': 0, 'RepairReadiness': 2, 'RootCauseEvidence': 2, 'HiddenReproducibility': 1, 'ImpactScope': 0}","{'repair_difficulty': 3, 'ambiguity_count': 0, 'hidden_s2r_present': True, 'root_cause_evidence': 2, 'impact_scope': 0}","{'Actionability': -0.6267831705280088, 'Clarity': -0.6267831705280088, 'Specificity': -0.6267831705280088, 'Reproducibility': -0.6267831705280088, 'ReasoningQuality': -0.6267831705280088, 'TechnicalContext': -0.6267831705280088, 'Ambiguity': 2.507132682112035, 'RepairReadiness': 1.2535663410560176, 'RootCauseEvidence': 0.6267831705280088, 'HiddenReproducibility': 0.0, 'ImpactScope': -0.6267831705280088}"
Lang-6,Lang,1.0,1.0,"{'Actionability': 2, 'Clarity': 2, 'Specificity': 1, 'Reproducibility': 1, 'ReasoningQuality': 1, 'TechnicalContext': 1, 'Ambiguity': 0, 'RepairReadiness': 1, 'RootCauseEvidence': 1, 'HiddenReproducibility': 0, 'ImpactScope': 0}","{'repair_difficulty': 4, 'ambiguity_count': 0, 'hidden_s2r_present': False, 'root_cause_evidence': 1, 'impact_scope': 0}","{'Actionability': 0.24343224778007377, 'Clarity': 0.24343224778007377, 'Specificity': -0.4260064336151293, 'Reproducibility': -0.4260064336151293, 'ReasoningQuality': -0.4260064336151293, 'TechnicalContext': -0.4260064336151293, 'Ambiguity': 2.251748291965683, 'RepairReadiness': 1.5823096105704797, 'RootCauseEvidence': -0.4260064336151293, 'HiddenReproducibility': -1.0954451150103324, 'ImpactScope': -1.0954451150103324}"
Lang-60,Lang,1.0,1.0,"{'Actionability': 0, 'Clarity': 1, 'Specificity': 1, 'Reproducibility': 2, 'ReasoningQuality': 1, 'TechnicalContext': 0, 'Ambiguity': 2, 'RepairReadiness': 0, 'RootCauseEvidence': 1, 'HiddenReproducibility': 0, 'ImpactScope': 0}","{'repair_difficulty': 5, 'ambiguity_count': 2, 'hidden_s2r_present': False, 'root_cause_evidence': 1, 'impact_scope': 0}","{'Actionability': -0.8583950752789522, 'Clarity': -0.18394180184548975, 'Specificity': -0.18394180184548975, 'Reproducibility': 0.4905114715879727, 'ReasoningQuality': -0.18394180184548975, 'TechnicalContext': -0.8583950752789522, 'Ambiguity': 1.164964745021435, 'RepairReadiness': 2.51387129188836, 'RootCauseEvidence': -0.18394180184548975, 'HiddenReproducibility': -0.8583950752789522, 'ImpactScope': -0.8583950752789522}"
Lang-61,Lang,1.0,1.0,"{'Actionability': 0, 'Clarity': 2, 'Specificity': 1, 'Reproducibility': 2, 'ReasoningQuality': 1, 'TechnicalContext': 0, 'Ambiguity': 0, 'RepairReadiness': 1, 'RootCauseEvidence': 2, 'HiddenReproducibility': 0, 'ImpactScope': 0}","{'repair_difficulty': 4, 'ambiguity_count': 0, 'hidden_s2r_present': False, 'root_cause_evidence': 2, 'impact_scope': 0}","{'Actionability': -0.9563247157871202, 'Clarity': 0.281271975231506, 'Specificity': -0.33752637027780713, 'Reproducibility': 0.281271975231506, 'ReasoningQuality': -0.33752637027780713, 'TechnicalContext': -0.9563247157871202, 'Ambiguity': 2.1376670117594454, 'RepairReadiness': 1.518868666250132, 'RootCauseEvidence': 0.281271975231506, 'HiddenReproducibility': -0.9563247157871202, 'ImpactScope': -0.9563247157871202}"
Lang-62,Lang,1.0,1.0,"{'Actionability': 0, 'Clarity': 0, 'Specificity': 0, 'Reproducibility': 0, 'ReasoningQuality': 0, 'TechnicalContext': 0, 'Ambiguity': 0, 'RepairReadiness': 0, 'RootCauseEvidence': 0, 'HiddenReproducibility': 0, 'ImpactScope': 0}","{'repair_difficulty': 5, 'ambiguity_count': 0, 'hidden_s2r_present': False, 'root_cause_evidence': 0, 'impact_scope': 0}","{'Actionability': -0.4714045207910317, 'Clarity': -0.4714045207910317, 'Specificity': -0.4714045207910317, 'Reproducibility': -0.4714045207910317, 'ReasoningQuality': -0.4714045207910317, 'TechnicalContext': -0.4714045207910317, 'Ambiguity': 2.121320343559643, 'RepairReadiness': 2.121320343559643, 'RootCauseEvidence': -0.4714045207910317, 'HiddenReproducibility': -0.4714045207910317, 'ImpactScope': -0.4714045207910317}"
Lang-63,Lang,1.0,1.0,"{'Actionability': 0, 'Clarity': 1, 'Specificity': 0, 'Reproducibility': 1, 'ReasoningQuality': 1, 'TechnicalContext': 0, 'Ambiguity': 0, 'RepairReadiness': 1, 'RootCauseEvidence': 1, 'HiddenReproducibility': 0, 'ImpactScope': 0}","{'repair_difficulty': 4, 'ambiguity_count': 0, 'hidden_s2r_present': False, 'root_cause_evidence': 1, 'impact_scope': 0}","{'Actionability': -0.7200034083082247, 'Clarity': -0.1107697551243423, 'Specificity': -0.7200034083082247, 'Reproducibility': -0.1107697551243423, 'ReasoningQuality': -0.1107697551243423, 'TechnicalContext': -0.7200034083082247, 'Ambiguity': 2.3261648576111877, 'RepairReadiness': 1.716931204427305, 'RootCauseEvidence': -0.1107697551243423, 'HiddenReproducibility': -0.7200034083082247, 'ImpactScope': -0.7200034083082247}"
Lang-64,Lang,1.0,1.0,"{'Actionability': 0, 'Clarity': 0, 'Specificity': 0, 'Reproducibility': 1, 'ReasoningQuality': 0, 'TechnicalContext': 0, 'Ambiguity': 0, 'RepairReadiness': 1, 'RootCauseEvidence': 1, 'HiddenReproducibility': 0, 'ImpactScope': 0}","{'repair_difficulty': 4, 'ambiguity_count': 0, 'hidden_s2r_present': False, 'root_cause_evidence': 1, 'impact_scope': 0}","{'Actionability': -0.5863019699779287, 'Clarity': -0.5863019699779287, 'Specificity': -0.5863019699779287, 'Reproducibility': 0.0, 'ReasoningQuality': -0.5863019699779287, 'TechnicalContext': -0.5863019699779287, 'Ambiguity': 2.345207879911715, 'RepairReadiness': 1.758905909933786, 'RootCauseEvidence': 0.0, 'HiddenReproducibility': -0.5863019699779287, 'ImpactScope': -0.5863019699779287}"
Lang-65,Lang,1.0,1.0,"{'Actionability': 0, 'Clarity': 1, 'Specificity': 0, 'Reproducibility': 1, 'ReasoningQuality': 1, 'TechnicalContext': 0, 'Ambiguity': 0, 'RepairReadiness': 0, 'RootCauseEvidence': 1, 'HiddenReproducibility': 1, 'ImpactScope': 0}","{'repair_difficulty': 5, 'ambiguity_count': 0, 'hidden_s2r_present': True, 'root_cause_evidence': 1, 'impact_scope': 0}","{'Actionability': -0.7694837640638655, 'Clarity': -0.20519567041703077, 'Specificity': -0.7694837640638655, 'Reproducibility': -0.20519567041703077, 'ReasoningQuality': -0.20519567041703077, 'TechnicalContext': -0.7694837640638655, 'Ambiguity': 2.0519567041703084, 'RepairReadiness': 2.0519567041703084, 'RootCauseEvidence': -0.20519567041703077, 'HiddenReproducibility': -0.20519567041703077, 'ImpactScope': -0.7694837640638655}"
Lang-7,Lang,1.0,1.0,"{'Actionability': 0, 'Clarity': 2, 'Specificity': 0, 'Reproducibility': 1, 'ReasoningQuality': 1, 'TechnicalContext': 0, 'Ambiguity': 0, 'RepairReadiness': 0, 'RootCauseEvidence': 1, 'HiddenReproducibility': 1, 'ImpactScope': 0}","{'repair_difficulty': 5, 'ambiguity_count': 0, 'hidden_s2r_present': True, 'root_cause_evidence': 1, 'impact_scope': 0}","{'Actionability': -0.8186312161546414, 'Clarity': 0.3069867060579905, 'Specificity': -0.8186312161546414, 'Reproducibility': -0.25582225504832545, 'ReasoningQuality': -0.25582225504832545, 'TechnicalContext': -0.8186312161546414, 'Ambiguity': 1.9954135893769382, 'RepairReadiness': 1.9954135893769382, 'RootCauseEvidence': -0.25582225504832545, 'HiddenReproducibility': -0.25582225504832545, 'ImpactScope': -0.8186312161546414}"
Lang-8,Lang,1.0,1.0,"{'Actionability': 0, 'Clarity': 2, 'Specificity': 0, 'Reproducibility': 1, 'ReasoningQuality': 1, 'TechnicalContext': 0, 'Ambiguity': 0, 'RepairReadiness': 2, 'RootCauseEvidence': 1, 'HiddenReproducibility': 1, 'ImpactScope': 0}","{'repair_difficulty': 3, 'ambiguity_count': 0, 'hidden_s2r_present': True, 'root_cause_evidence': 1, 'impact_scope': 0}","{'Actionability': -0.8583950752789522, 'Clarity': 0.4905114715879727, 'Specificity': -0.8583950752789522, 'Reproducibility': -0.18394180184548975, 'ReasoningQuality': -0.18394180184548975, 'TechnicalContext': -0.8583950752789522, 'Ambiguity': 2.51387129188836, 'RepairReadiness': 1.164964745021435, 'RootCauseEvidence': -0.18394180184548975, 'HiddenReproducibility': -0.18394180184548975, 'ImpactScope': -0.8583950752789522}"
Lang-9,Lang,1.0,1.0,"{'Actionability': 0, 'Clarity': 1, 'Specificity': 0, 'Reproducibility': 1, 'ReasoningQuality': 1, 'TechnicalContext': 0, 'Ambiguity': 0, 'RepairReadiness': 1, 'RootCauseEvidence': 1, 'HiddenReproducibility': 0, 'ImpactScope': 0}","{'repair_difficulty': 4, 'ambiguity_count': 0, 'hidden_s2r_present': False, 'root_cause_evidence': 1, 'impact_scope': 0}","{'Actionability': -0.7200034083082247, 'Clarity': -0.1107697551243423, 'Specificity': -0.7200034083082247, 'Reproducibility': -0.1107697551243423, 'ReasoningQuality': -0.1107697551243423, 'TechnicalContext': -0.7200034083082247, 'Ambiguity': 2.3261648576111877, 'RepairReadiness': 1.716931204427305, 'RootCauseEvidence': -0.1107697551243423, 'HiddenReproducibility': -0.7200034083082247, 'ImpactScope': -0.7200034083082247}"
Math-1,Math,1.0,1.0,"{'Actionability': 0, 'Clarity': 0, 'Specificity': 0, 'Reproducibility': 0, 'ReasoningQuality': 0, 'TechnicalContext': 0, 'Ambiguity': 0, 'RepairReadiness': 0, 'RootCauseEvidence': 0, 'HiddenReproducibility': 0, 'ImpactScope': 0}","{'repair_difficulty': 5, 'ambiguity_count': 0, 'hidden_s2r_present': False, 'root_cause_evidence': 0, 'impact_scope': 0}","{'Actionability': -0.4714045207910317, 'Clarity': -0.4714045207910317, 'Specificity': -0.4714045207910317, 'Reproducibility': -0.4714045207910317, 'ReasoningQuality': -0.4714045207910317, 'TechnicalContext': -0.4714045207910317, 'Ambiguity': 2.121320343559643, 'RepairReadiness': 2.121320343559643, 'RootCauseEvidence': -0.4714045207910317, 'HiddenReproducibility': -0.4714045207910317, 'ImpactScope': -0.4714045207910317}"
Math-10,Math,1.0,1.0,"{'Actionability': 0, 'Clarity': 1, 'Specificity': 0, 'Reproducibility': 1, 'ReasoningQuality': 1, 'TechnicalContext': 0, 'Ambiguity': 0, 'RepairReadiness': 0, 'RootCauseEvidence': 1, 'HiddenReproducibility': 0, 'ImpactScope': 0}","{'repair_difficulty': 5, 'ambiguity_count': 0, 'hidden_s2r_present': False, 'root_cause_evidence': 1, 'impact_scope': 0}","{'Actionability': -0.7017565899639198, 'Clarity': -0.15037641213512565, 'Specificity': -0.7017565899639198, 'Reproducibility': -0.15037641213512565, 'ReasoningQuality': -0.15037641213512565, 'TechnicalContext': -0.7017565899639198, 'Ambiguity': 2.055144299180051, 'RepairReadiness': 2.055144299180051, 'RootCauseEvidence': -0.15037641213512565, 'HiddenReproducibility': -0.7017565899639198, 'ImpactScope': -0.7017565899639198}"
Math-100,Math,1.0,1.0,"{'Actionability': 0, 'Clarity': 2, 'Specificity': 1, 'Reproducibility': 2, 'ReasoningQuality': 1, 'TechnicalContext': 0, 'Ambiguity': 1, 'RepairReadiness': 2, 'RootCauseEvidence': 1, 'HiddenReproducibility': 1, 'ImpactScope': 0}","{'repair_difficulty': 3, 'ambiguity_count': 1, 'hidden_s2r_present': True, 'root_cause_evidence': 1, 'impact_scope': 0}","{'Actionability': -1.1118739749916517, 'Clarity': 0.5188745216627709, 'Specificity': -0.2964997266644404, 'Reproducibility': 0.5188745216627709, 'ReasoningQuality': -0.2964997266644404, 'TechnicalContext': -1.1118739749916517, 'Ambiguity': 2.1496230183171936, 'RepairReadiness': 1.3342487699899823, 'RootCauseEvidence': -0.2964997266644404, 'HiddenReproducibility': -0.2964997266644404, 'ImpactScope': -1.1118739749916517}"
Math-101,Math,1.0,1.0,"{'Actionability': 0, 'Clarity': 0, 'Specificity': 1, 'Reproducibility': 1, 'ReasoningQuality': 0, 'TechnicalContext': 0, 'Ambiguity': 2, 'RepairReadiness': 1, 'RootCauseEvidence': 1, 'HiddenReproducibility': 0, 'ImpactScope': 0}","{'repair_difficulty': 4, 'ambiguity_count': 2, 'hidden_s2r_present': False, 'root_cause_evidence': 1, 'impact_scope': 0}","{'Actionability': -0.6933752452815364, 'Clarity': -0.6933752452815364, 'Specificity': 0.06933752452815366, 'Reproducibility': 0.06933752452815366, 'ReasoningQuality': -0.6933752452815364, 'TechnicalContext': -0.6933752452815364, 'Ambiguity': 1.5947630641475337, 'RepairReadiness': 2.3574758339572237, 'RootCauseEvidence': 0.06933752452815366, 'HiddenReproducibility': -0.6933752452815364, 'ImpactScope': -0.6933752452815364}"
Math-102,Math,1.0,1.0,"{'Actionability': 0, 'Clarity': 1, 'Specificity': 1, 'Reproducibility': 4, 'ReasoningQuality': 2, 'TechnicalContext': 0, 'Ambiguity': 1, 'RepairReadiness': 2, 'RootCauseEvidence': 2, 'HiddenReproducibility': 0, 'ImpactScope': 0}","{'repair_difficulty': 3, 'ambiguity_count': 1, 'hidden_s2r_present': False, 'root_cause_evidence': 2, 'impact_scope': 0}","{'Actionability': -1.0307764064044151, 'Clarity': -0.36380343755449945, 'Specificity': -0.36380343755449945, 'Reproducibility': 1.6371154689952476, 'ReasoningQuality': 0.30316953129541624, 'TechnicalContext': -1.0307764064044151, 'Ambiguity': 1.6371154689952476, 'RepairReadiness': 0.970142500145332, 'RootCauseEvidence': 0.30316953129541624, 'HiddenReproducibility': -1.0307764064044151, 'ImpactScope': -1.0307764064044151}"
Math-103,Math,1.0,1.0,"{'Actionability': 0, 'Clarity': 0, 'Specificity': 0, 'Reproducibility': 0, 'ReasoningQuality': 0, 'TechnicalContext': 0, 'Ambiguity': 0, 'RepairReadiness': 0, 'RootCauseEvidence': 1, 'HiddenReproducibility': 0, 'ImpactScope': 0}","{'repair_difficulty': 5, 'ambiguity_count': 0, 'hidden_s2r_present': False, 'root_cause_evidence': 1, 'impact_scope': 0}","{'Actionability': -0.5244044240850757, 'Clarity': -0.5244044240850757, 'Specificity': -0.5244044240850757, 'Reproducibility': -0.5244044240850757, 'ReasoningQuality': -0.5244044240850757, 'TechnicalContext': -0.5244044240850757, 'Ambiguity': 2.097617696340303, 'RepairReadiness': 2.097617696340303, 'RootCauseEvidence': 0.0, 'HiddenReproducibility': -0.5244044240850757, 'ImpactScope': -0.5244044240850757}"
Math-104,Math,1.0,1.0,"{'Actionability': 0, 'Clarity': 1, 'Specificity': 1, 'Reproducibility': 1, 'ReasoningQuality': 1, 'TechnicalContext': 0, 'Ambiguity': 0, 'RepairReadiness': 0, 'RootCauseEvidence': 1, 'HiddenReproducibility': 0, 'ImpactScope': 0}","{'repair_difficulty': 5, 'ambiguity_count': 0, 'hidden_s2r_present': False, 'root_cause_evidence': 1, 'impact_scope': 0}","{'Actionability': -0.7694837640638655, 'Clarity': -0.20519567041703077, 'Specificity': -0.20519567041703077, 'Reproducibility': -0.20519567041703077, 'ReasoningQuality': -0.20519567041703077, 'TechnicalContext': -0.7694837640638655, 'Ambiguity': 2.0519567041703084, 'RepairReadiness': 2.0519567041703084, 'RootCauseEvidence': -0.20519567041703077, 'HiddenReproducibility': -0.7694837640638655, 'ImpactScope': -0.7694837640638655}"
Math-105,Math,1.0,1.0,"{'Actionability': 0, 'Clarity': 0, 'Specificity': 0, 'Reproducibility': 0, 'ReasoningQuality': 0, 'TechnicalContext': 0, 'Ambiguity': 0, 'RepairReadiness': 0, 'RootCauseEvidence': 0, 'HiddenReproducibility': 0, 'ImpactScope': 0}","{'repair_difficulty': 5, 'ambiguity_count': 0, 'hidden_s2r_present': False, 'root_cause_evidence': 0, 'impact_scope': 0}","{'Actionability': -0.4714045207910317, 'Clarity': -0.4714045207910317, 'Specificity': -0.4714045207910317, 'Reproducibility': -0.4714045207910317, 'ReasoningQuality': -0.4714045207910317, 'TechnicalContext': -0.4714045207910317, 'Ambiguity': 2.121320343559643, 'RepairReadiness': 2.121320343559643, 'RootCauseEvidence': -0.4714045207910317, 'HiddenReproducibility': -0.4714045207910317, 'ImpactScope': -0.4714045207910317}"
Math-106,Math,1.0,1.0,"{'Actionability': 0, 'Clarity': 2, 'Specificity': 1, 'Reproducibility': 1, 'ReasoningQuality': 1, 'TechnicalContext': 0, 'Ambiguity': 0, 'RepairReadiness': 1, 'RootCauseEvidence': 1, 'HiddenReproducibility': 0, 'ImpactScope': 0}","{'repair_difficulty': 4, 'ambiguity_count': 0, 'hidden_s2r_present': False, 'root_cause_evidence': 1, 'impact_scope': 0}","{'Actionability': -0.8464989719746505, 'Clarity': 0.3950328535881703, 'Specificity': -0.22573305919324008, 'Reproducibility': -0.22573305919324008, 'ReasoningQuality': -0.22573305919324008, 'TechnicalContext': -0.8464989719746505, 'Ambiguity': 2.257330591932402, 'RepairReadiness': 1.6365646791509914, 'RootCauseEvidence': -0.22573305919324008, 'HiddenReproducibility': -0.8464989719746505, 'ImpactScope': -0.8464989719746505}"
Math-11,Math,1.0,1.0,"{'Actionability': 0, 'Clarity': 0, 'Specificity': 0, 'Reproducibility': 0, 'ReasoningQuality': 0, 'TechnicalContext': 0, 'Ambiguity': 0, 'RepairReadiness': 0, 'RootCauseEvidence': 1, 'HiddenReproducibility': 0, 'ImpactScope': 0}","{'repair_difficulty': 5, 'ambiguity_count': 0, 'hidden_s2r_present': False, 'root_cause_evidence': 1, 'impact_scope': 0}","{'Actionability': -0.5244044240850757, 'Clarity': -0.5244044240850757, 'Specificity': -0.5244044240850757, 'Reproducibility': -0.5244044240850757, 'ReasoningQuality': -0.5244044240850757, 'TechnicalContext': -0.5244044240850757, 'Ambiguity': 2.097617696340303, 'RepairReadiness': 2.097617696340303, 'RootCauseEvidence': 0.0, 'HiddenReproducibility': -0.5244044240850757, 'ImpactScope': -0.5244044240850757}"
Math-12,Math,1.0,1.0,"{'Actionability': 0, 'Clarity': 1, 'Specificity': 1, 'Reproducibility': 1, 'ReasoningQuality': 1, 'TechnicalContext': 0, 'Ambiguity': 0, 'RepairReadiness': 0, 'RootCauseEvidence': 2, 'HiddenReproducibility': 0, 'ImpactScope': 0}","{'repair_difficulty': 5, 'ambiguity_count': 0, 'hidden_s2r_present': False, 'root_cause_evidence': 2, 'impact_scope': 0}","{'Actionability': -0.8186312161546414, 'Clarity': -0.25582225504832545, 'Specificity': -0.25582225504832545, 'Reproducibility': -0.25582225504832545, 'ReasoningQuality': -0.25582225504832545, 'TechnicalContext': -0.8186312161546414, 'Ambiguity': 1.9954135893769382, 'RepairReadiness': 1.9954135893769382, 'RootCauseEvidence': 0.3069867060579905, 'HiddenReproducibility': -0.8186312161546414, 'ImpactScope': -0.8186312161546414}"
Math-13,Math,1.0,1.0,"{'Actionability': 0, 'Clarity': 2, 'Specificity': 0, 'Reproducibility': 1, 'ReasoningQuality': 1, 'TechnicalContext': 0, 'Ambiguity': 0, 'RepairReadiness': 1, 'RootCauseEvidence': 1, 'HiddenReproducibility': 0, 'ImpactScope': 0}","{'repair_difficulty': 4, 'ambiguity_count': 0, 'hidden_s2r_present': False, 'root_cause_evidence': 1, 'impact_scope': 0}","{'Actionability': -0.7683498199278324, 'Clarity': 0.4390570399587614, 'Specificity': -0.7683498199278324, 'Reproducibility': -0.16464638998453549, 'ReasoningQuality': -0.16464638998453549, 'TechnicalContext': -0.7683498199278324, 'Ambiguity': 2.250167329788652, 'RepairReadiness': 1.6464638998453551, 'RootCauseEvidence': -0.16464638998453549, 'HiddenReproducibility': -0.7683498199278324, 'ImpactScope': -0.7683498199278324}"
Math-14,Math,1.0,1.0,"{'Actionability': 0, 'Clarity': 2, 'Specificity': 0, 'Reproducibility': 1, 'ReasoningQuality': 1, 'TechnicalContext': 0, 'Ambiguity': 0, 'RepairReadiness': 1, 'RootCauseEvidence': 1, 'HiddenReproducibility': 0, 'ImpactScope': 0}","{'repair_difficulty': 4, 'ambiguity_count': 0, 'hidden_s2r_present': False, 'root_cause_evidence': 1, 'impact_scope': 0}","{'Actionability': -0.7683498199278324, 'Clarity': 0.4390570399587614, 'Specificity': -0.7683498199278324, 'Reproducibility': -0.16464638998453549, 'ReasoningQuality': -0.16464638998453549, 'TechnicalContext': -0.7683498199278324, 'Ambiguity': 2.250167329788652, 'RepairReadiness': 1.6464638998453551, 'RootCauseEvidence': -0.16464638998453549, 'HiddenReproducibility': -0.7683498199278324, 'ImpactScope': -0.7683498199278324}"
Math-15,Math,1.0,1.0,"{'Actionability': 0, 'Clarity': 1, 'Specificity': 1, 'Reproducibility': 0, 'ReasoningQuality': 0, 'TechnicalContext': 0, 'Ambiguity': 0, 'RepairReadiness': 0, 'RootCauseEvidence': 0, 'HiddenReproducibility': 0, 'ImpactScope': 0}","{'repair_difficulty': 5, 'ambiguity_count': 0, 'hidden_s2r_present': False, 'root_cause_evidence': 0, 'impact_scope': 0}","{'Actionability': -0.5800418934273981, 'Clarity': -0.048336824452283135, 'Specificity': -0.048336824452283135, 'Reproducibility': -0.5800418934273981, 'ReasoningQuality': -0.5800418934273981, 'TechnicalContext': -0.5800418934273981, 'Ambiguity': 2.078483451448177, 'RepairReadiness': 2.078483451448177, 'RootCauseEvidence': -0.5800418934273981, 'HiddenReproducibility': -0.5800418934273981, 'ImpactScope': -0.5800418934273981}"
Math-16,Math,1.0,1.0,"{'Actionability': 4, 'Clarity': 2, 'Specificity': 1, 'Reproducibility': 2, 'ReasoningQuality': 3, 'TechnicalContext': 0, 'Ambiguity': 2, 'RepairReadiness': 0, 'RootCauseEvidence': 1, 'HiddenReproducibility': 0, 'ImpactScope': 1}","{'repair_difficulty': 5, 'ambiguity_count': 2, 'hidden_s2r_present': False, 'root_cause_evidence': 1, 'impact_scope': 1}","{'Actionability': 1.3008872711759818, 'Clarity': 0.0, 'Specificity': -0.6504436355879909, 'Reproducibility': 0.0, 'ReasoningQuality': 0.6504436355879909, 'TechnicalContext': -1.3008872711759818, 'Ambiguity': 0.6504436355879909, 'RepairReadiness': 1.9513309067639726, 'RootCauseEvidence': -0.6504436355879909, 'HiddenReproducibility': -1.3008872711759818, 'ImpactScope': -0.6504436355879909}"
Math-17,Math,1.0,1.0,"{'Actionability': 0, 'Clarity': 0, 'Specificity': 0, 'Reproducibility': 0, 'ReasoningQuality': 0, 'TechnicalContext': 0, 'Ambiguity': 0, 'RepairReadiness': 1, 'RootCauseEvidence': 1, 'HiddenReproducibility': 0, 'ImpactScope': 1}","{'repair_difficulty': 4, 'ambiguity_count': 0, 'hidden_s2r_present': False, 'root_cause_evidence': 1, 'impact_scope': 1}","{'Actionability': -0.5863019699779287, 'Clarity': -0.5863019699779287, 'Specificity': -0.5863019699779287, 'Reproducibility': -0.5863019699779287, 'ReasoningQuality': -0.5863019699779287, 'TechnicalContext': -0.5863019699779287, 'Ambiguity': 2.345207879911715, 'RepairReadiness': 1.758905909933786, 'RootCauseEvidence': 0.0, 'HiddenReproducibility': -0.5863019699779287, 'ImpactScope': 0.0}"
Math-18,Math,1.0,1.0,"{'Actionability': 0, 'Clarity': 1, 'Specificity': 0, 'Reproducibility': 1, 'ReasoningQuality': 1, 'TechnicalContext': 0, 'Ambiguity': 0, 'RepairReadiness': 0, 'RootCauseEvidence': 2, 'HiddenReproducibility': 0, 'ImpactScope': 1}","{'repair_difficulty': 5, 'ambiguity_count': 0, 'hidden_s2r_present': False, 'root_cause_evidence': 2, 'impact_scope': 1}","{'Actionability': -0.8186312161546414, 'Clarity': -0.25582225504832545, 'Specificity': -0.8186312161546414, 'Reproducibility': -0.25582225504832545, 'ReasoningQuality': -0.25582225504832545, 'TechnicalContext': -0.8186312161546414, 'Ambiguity': 1.9954135893769382, 'RepairReadiness': 1.9954135893769382, 'RootCauseEvidence': 0.3069867060579905, 'HiddenReproducibility': -0.8186312161546414, 'ImpactScope': -0.25582225504832545}"
Math-19,Math,1.0,1.0,"{'Actionability': 0, 'Clarity': 2, 'Specificity': 0, 'Reproducibility': 1, 'ReasoningQuality': 1, 'TechnicalContext': 0, 'Ambiguity': 0, 'RepairReadiness': 1, 'RootCauseEvidence': 1, 'HiddenReproducibility': 0, 'ImpactScope': 1}","{'repair_difficulty': 4, 'ambiguity_count': 0, 'hidden_s2r_present': False, 'root_cause_evidence': 1, 'impact_scope': 1}","{'Actionability': -0.8464989719746505, 'Clarity': 0.3950328535881703, 'Specificity': -0.8464989719746505, 'Reproducibility': -0.22573305919324008, 'ReasoningQuality': -0.22573305919324008, 'TechnicalContext': -0.8464989719746505, 'Ambiguity': 2.257330591932402, 'RepairReadiness': 1.6365646791509914, 'RootCauseEvidence': -0.22573305919324008, 'HiddenReproducibility': -0.8464989719746505, 'ImpactScope': -0.22573305919324008}"
Math-2,Math,1.0,1.0,"{'Actionability': 0, 'Clarity': 1, 'Specificity': 0, 'Reproducibility': 1, 'ReasoningQuality': 1, 'TechnicalContext': 0, 'Ambiguity': 0, 'RepairReadiness': 2, 'RootCauseEvidence': 1, 'HiddenReproducibility': 1, 'ImpactScope': 1}","{'repair_difficulty': 3, 'ambiguity_count': 0, 'hidden_s2r_present': True, 'root_cause_evidence': 1, 'impact_scope': 1}","{'Actionability': -0.8962581595302718, 'Clarity': -0.19205531989934393, 'Specificity': -0.8962581595302718, 'Reproducibility': -0.19205531989934393, 'ReasoningQuality': -0.19205531989934393, 'TechnicalContext': -0.8962581595302718, 'Ambiguity': 2.624756038624368, 'RepairReadiness': 1.2163503593625118, 'RootCauseEvidence': -0.19205531989934393, 'HiddenReproducibility': -0.19205531989934393, 'ImpactScope': -0.19205531989934393}"
Math-20,Math,1.0,1.0,"{'Actionability': 0, 'Clarity': 2, 'Specificity': 1, 'Reproducibility': 1, 'ReasoningQuality': 1, 'TechnicalContext': 0, 'Ambiguity': 0, 'RepairReadiness': 0, 'RootCauseEvidence': 1, 'HiddenReproducibility': 0, 'ImpactScope': 1}","{'repair_difficulty': 5, 'ambiguity_count': 0, 'hidden_s2r_present': False, 'root_cause_evidence': 1, 'impact_scope': 1}","{'Actionability': -0.8959786703810408, 'Clarity': 0.26352313834736496, 'Specificity': -0.31622776601683794, 'Reproducibility': -0.31622776601683794, 'ReasoningQuality': -0.31622776601683794, 'TechnicalContext': -0.8959786703810408, 'Ambiguity': 2.002775851439974, 'RepairReadiness': 2.002775851439974, 'RootCauseEvidence': -0.31622776601683794, 'HiddenReproducibility': -0.8959786703810408, 'ImpactScope': -0.31622776601683794}"
Math-21,Math,1.0,1.0,"{'Actionability': 0, 'Clarity': 1, 'Specificity': 1, 'Reproducibility': 2, 'ReasoningQuality': 1, 'TechnicalContext': 0, 'Ambiguity': 0, 'RepairReadiness': 2, 'RootCauseEvidence': 2, 'HiddenReproducibility': 0, 'ImpactScope': 0}","{'repair_difficulty': 3, 'ambiguity_count': 0, 'hidden_s2r_present': False, 'root_cause_evidence': 2, 'impact_scope': 0}","{'Actionability': -0.9128709291752768, 'Clarity': -0.24343224778007377, 'Specificity': -0.24343224778007377, 'Reproducibility': 0.4260064336151293, 'ReasoningQuality': -0.24343224778007377, 'TechnicalContext': -0.9128709291752768, 'Ambiguity': 2.4343224778007384, 'RepairReadiness': 1.0954451150103324, 'RootCauseEvidence': 0.4260064336151293, 'HiddenReproducibility': -0.9128709291752768, 'ImpactScope': -0.9128709291752768}"
Math-22,Math,1.0,1.0,"{'Actionability': 0, 'Clarity': 1, 'Specificity': 1, 'Reproducibility': 1, 'ReasoningQuality': 1, 'TechnicalContext': 0, 'Ambiguity': 0, 'RepairReadiness': 2, 'RootCauseEvidence': 1, 'HiddenReproducibility': 0, 'ImpactScope': 0}","{'repair_difficulty': 3, 'ambiguity_count': 0, 'hidden_s2r_present': False, 'root_cause_evidence': 1, 'impact_scope': 0}","{'Actionability': -0.806225774829855, 'Clarity': -0.1240347345892085, 'Specificity': -0.1240347345892085, 'Reproducibility': -0.1240347345892085, 'ReasoningQuality': -0.1240347345892085, 'TechnicalContext': -0.806225774829855, 'Ambiguity': 2.604729426373378, 'RepairReadiness': 1.2403473458920844, 'RootCauseEvidence': -0.1240347345892085, 'HiddenReproducibility': -0.806225774829855, 'ImpactScope': -0.806225774829855}"
Math-23,Math,1.0,1.0,"{'Actionability': 4, 'Clarity': 1, 'Specificity': 1, 'Reproducibility': 0, 'ReasoningQuality': 2, 'TechnicalContext': 0, 'Ambiguity': 2, 'RepairReadiness': 0, 'RootCauseEvidence': 1, 'HiddenReproducibility': 0, 'ImpactScope': 1}","{'repair_difficulty': 5, 'ambiguity_count': 2, 'hidden_s2r_present': False, 'root_cause_evidence': 1, 'impact_scope': 1}","{'Actionability': 1.4672648847560608, 'Clarity': -0.3950328535881703, 'Specificity': -0.3950328535881703, 'Reproducibility': -1.0157987663695807, 'ReasoningQuality': 0.22573305919324008, 'TechnicalContext': -1.0157987663695807, 'Ambiguity': 0.8464989719746505, 'RepairReadiness': 2.088030797537471, 'RootCauseEvidence': -0.3950328535881703, 'HiddenReproducibility': -1.0157987663695807, 'ImpactScope': -0.3950328535881703}"
Math-24,Math,1.0,1.0,"{'Actionability': 4, 'Clarity': 1, 'Specificity': 1, 'Reproducibility': 0, 'ReasoningQuality': 2, 'TechnicalContext': 0, 'Ambiguity': 2, 'RepairReadiness': 0, 'RootCauseEvidence': 1, 'HiddenReproducibility': 0, 'ImpactScope': 1}","{'repair_difficulty': 5, 'ambiguity_count': 2, 'hidden_s2r_present': False, 'root_cause_evidence': 1, 'impact_scope': 1}","{'Actionability': 1.4672648847560608, 'Clarity': -0.3950328535881703, 'Specificity': -0.3950328535881703, 'Reproducibility': -1.0157987663695807, 'ReasoningQuality': 0.22573305919324008, 'TechnicalContext': -1.0157987663695807, 'Ambiguity': 0.8464989719746505, 'RepairReadiness': 2.088030797537471, 'RootCauseEvidence': -0.3950328535881703, 'HiddenReproducibility': -1.0157987663695807, 'ImpactScope': -0.3950328535881703}"
Math-25,Math,1.0,1.0,"{'Actionability': 0, 'Clarity': 0, 'Specificity': 0, 'Reproducibility': 0, 'ReasoningQuality': 0, 'TechnicalContext': 0, 'Ambiguity': 0, 'RepairReadiness': 1, 'RootCauseEvidence': 1, 'HiddenReproducibility': 0, 'ImpactScope': 0}","{'repair_difficulty': 4, 'ambiguity_count': 0, 'hidden_s2r_present': False, 'root_cause_evidence': 1, 'impact_scope': 0}","{'Actionability': -0.5255883312276367, 'Clarity': -0.5255883312276367, 'Specificity': -0.5255883312276367, 'Reproducibility': -0.5255883312276367, 'ReasoningQuality': -0.5255883312276367, 'TechnicalContext': -0.5255883312276367, 'Ambiguity': 2.3651474905243655, 'RepairReadiness': 1.7870003261739649, 'RootCauseEvidence': 0.052558833122763694, 'HiddenReproducibility': -0.5255883312276367, 'ImpactScope': -0.5255883312276367}"
Math-26,Math,1.0,1.0,"{'Actionability': 0, 'Clarity': 2, 'Specificity': 2, 'Reproducibility': 2, 'ReasoningQuality': 1, 'TechnicalContext': 0, 'Ambiguity': 1, 'RepairReadiness': 2, 'RootCauseEvidence': 2, 'HiddenReproducibility': 1, 'ImpactScope': 1}","{'repair_difficulty': 3, 'ambiguity_count': 1, 'hidden_s2r_present': True, 'root_cause_evidence': 2, 'impact_scope': 1}","{'Actionability': -1.4230249470757708, 'Clarity': 0.3162277660168379, 'Specificity': 0.3162277660168379, 'Reproducibility': 0.3162277660168379, 'ReasoningQuality': -0.5533985905294665, 'TechnicalContext': -1.4230249470757708, 'Ambiguity': 2.0554804791094465, 'RepairReadiness': 1.1858541225631423, 'RootCauseEvidence': 0.3162277660168379, 'HiddenReproducibility': -0.5533985905294665, 'ImpactScope': -0.5533985905294665}"
Math-27,Math,1.0,1.0,"{'Actionability': 0, 'Clarity': 1, 'Specificity': 1, 'Reproducibility': 2, 'ReasoningQuality': 1, 'TechnicalContext': 0, 'Ambiguity': 0, 'RepairReadiness': 1, 'RootCauseEvidence': 2, 'HiddenReproducibility': 1, 'ImpactScope': 0}","{'repair_difficulty': 4, 'ambiguity_count': 0, 'hidden_s2r_present': True, 'root_cause_evidence': 2, 'impact_scope': 0}","{'Actionability': -0.9914601339836674, 'Clarity': -0.3499271061118826, 'Specificity': -0.3499271061118826, 'Reproducibility': 0.2916059217599022, 'ReasoningQuality': -0.3499271061118826, 'TechnicalContext': -0.9914601339836674, 'Ambiguity': 2.2162050053752567, 'RepairReadiness': 1.5746719775034717, 'RootCauseEvidence': 0.2916059217599022, 'HiddenReproducibility': -0.3499271061118826, 'ImpactScope': -0.9914601339836674}"
Math-28,Math,1.0,1.0,"{'Actionability': 0, 'Clarity': 2, 'Specificity': 1, 'Reproducibility': 3, 'ReasoningQuality': 1, 'TechnicalContext': 0, 'Ambiguity': 1, 'RepairReadiness': 2, 'RootCauseEvidence': 1, 'HiddenReproducibility': 0, 'ImpactScope': 1}","{'repair_difficulty': 3, 'ambiguity_count': 1, 'hidden_s2r_present': False, 'root_cause_evidence': 1, 'impact_scope': 1}","{'Actionability': -1.1147728228665883, 'Clarity': 0.41803980857497053, 'Specificity': -0.34836650714580886, 'Reproducibility': 1.1844461242957498, 'ReasoningQuality': -0.34836650714580886, 'TechnicalContext': -1.1147728228665883, 'Ambiguity': 1.9508524400165292, 'RepairReadiness': 1.1844461242957498, 'RootCauseEvidence': -0.34836650714580886, 'HiddenReproducibility': -1.1147728228665883, 'ImpactScope': -0.34836650714580886}"
Math-29,Math,1.0,1.0,"{'Actionability': 0, 'Clarity': 2, 'Specificity': 1, 'Reproducibility': 1, 'ReasoningQuality': 1, 'TechnicalContext': 0, 'Ambiguity': 0, 'RepairReadiness': 0, 'RootCauseEvidence': 1, 'HiddenReproducibility': 1, 'ImpactScope': 0}","{'repair_difficulty': 5, 'ambiguity_count': 0, 'hidden_s2r_present': True, 'root_cause_evidence': 1, 'impact_scope': 0}","{'Actionability': -0.8959786703810408, 'Clarity': 0.26352313834736496, 'Specificity': -0.31622776601683794, 'Reproducibility': -0.31622776601683794, 'ReasoningQuality': -0.31622776601683794, 'TechnicalContext': -0.8959786703810408, 'Ambiguity': 2.002775851439974, 'RepairReadiness': 2.002775851439974, 'RootCauseEvidence': -0.31622776601683794, 'HiddenReproducibility': -0.31622776601683794, 'ImpactScope': -0.8959786703810408}"
Math-3,Math,1.0,1.0,"{'Actionability': 0, 'Clarity': 1, 'Specificity': 0, 'Reproducibility': 1, 'ReasoningQuality': 1, 'TechnicalContext': 0, 'Ambiguity': 0, 'RepairReadiness': 0, 'RootCauseEvidence': 2, 'HiddenReproducibility': 0, 'ImpactScope': 0}","{'repair_difficulty': 5, 'ambiguity_count': 0, 'hidden_s2r_present': False, 'root_cause_evidence': 2, 'impact_scope': 0}","{'Actionability': -0.7481320020807246, 'Clarity': -0.19950186722152652, 'Specificity': -0.7481320020807246, 'Reproducibility': -0.19950186722152652, 'ReasoningQuality': -0.19950186722152652, 'TechnicalContext': -0.7481320020807246, 'Ambiguity': 1.995018672215266, 'RepairReadiness': 1.995018672215266, 'RootCauseEvidence': 0.3491282676376716, 'HiddenReproducibility': -0.7481320020807246, 'ImpactScope': -0.7481320020807246}"
Math-30,Math,1.0,1.0,"{'Actionability': 2, 'Clarity': 2, 'Specificity': 0, 'Reproducibility': 1, 'ReasoningQuality': 1, 'TechnicalContext': 1, 'Ambiguity': 0, 'RepairReadiness': 2, 'RootCauseEvidence': 1, 'HiddenReproducibility': 0, 'ImpactScope': 0}","{'repair_difficulty': 3, 'ambiguity_count': 0, 'hidden_s2r_present': False, 'root_cause_evidence': 1, 'impact_scope': 0}","{'Actionability': 0.37947331922020555, 'Clarity': 0.37947331922020555, 'Specificity': -1.0119288512538815, 'Reproducibility': -0.316227766016838, 'ReasoningQuality': -0.316227766016838, 'TechnicalContext': -0.316227766016838, 'Ambiguity': 2.466576574931336, 'RepairReadiness': 1.075174404457249, 'RootCauseEvidence': -0.316227766016838, 'HiddenReproducibility': -1.0119288512538815, 'ImpactScope': -1.0119288512538815}"
Math-31,Math,1.0,1.0,"{'Actionability': 0, 'Clarity': 1, 'Specificity': 1, 'Reproducibility': 2, 'ReasoningQuality': 0, 'TechnicalContext': 0, 'Ambiguity': 1, 'RepairReadiness': 2, 'RootCauseEvidence': 2, 'HiddenReproducibility': 0, 'ImpactScope': 0}","{'repair_difficulty': 3, 'ambiguity_count': 1, 'hidden_s2r_present': False, 'root_cause_evidence': 2, 'impact_scope': 0}","{'Actionability': -0.8845379626717033, 'Clarity': -0.13608276348795437, 'Specificity': -0.13608276348795437, 'Reproducibility': 0.6123724356957945, 'ReasoningQuality': -0.8845379626717033, 'TechnicalContext': -0.8845379626717033, 'Ambiguity': 2.109282834063292, 'RepairReadiness': 1.3608276348795434, 'RootCauseEvidence': 0.6123724356957945, 'HiddenReproducibility': -0.8845379626717033, 'ImpactScope': -0.8845379626717033}"
Math-32,Math,1.0,1.0,"{'Actionability': 0, 'Clarity': 3, 'Specificity': 1, 'Reproducibility': 1, 'ReasoningQuality': 1, 'TechnicalContext': 0, 'Ambiguity': 0, 'RepairReadiness': 2, 'RootCauseEvidence': 2, 'HiddenReproducibility': 0, 'ImpactScope': 0}","{'repair_difficulty': 3, 'ambiguity_count': 0, 'hidden_s2r_present': False, 'root_cause_evidence': 2, 'impact_scope': 0}","{'Actionability': -0.933138949631687, 'Clarity': 0.9914601339836674, 'Specificity': -0.2916059217599022, 'Reproducibility': -0.2916059217599022, 'ReasoningQuality': -0.2916059217599022, 'TechnicalContext': -0.933138949631687, 'Ambiguity': 2.274526189727237, 'RepairReadiness': 0.9914601339836674, 'RootCauseEvidence': 0.3499271061118826, 'HiddenReproducibility': -0.933138949631687, 'ImpactScope': -0.933138949631687}"
Math-33,Math,1.0,1.0,"{'Actionability': 0, 'Clarity': 0, 'Specificity': 0, 'Reproducibility': 0, 'ReasoningQuality': 0, 'TechnicalContext': 0, 'Ambiguity': 0, 'RepairReadiness': 0, 'RootCauseEvidence': 0, 'HiddenReproducibility': 0, 'ImpactScope': 0}","{'repair_difficulty': 5, 'ambiguity_count': 0, 'hidden_s2r_present': False, 'root_cause_evidence': 0, 'impact_scope': 0}","{'Actionability': -0.4714045207910317, 'Clarity': -0.4714045207910317, 'Specificity': -0.4714045207910317, 'Reproducibility': -0.4714045207910317, 'ReasoningQuality': -0.4714045207910317, 'TechnicalContext': -0.4714045207910317, 'Ambiguity': 2.121320343559643, 'RepairReadiness': 2.121320343559643, 'RootCauseEvidence': -0.4714045207910317, 'HiddenReproducibility': -0.4714045207910317, 'ImpactScope': -0.4714045207910317}"
Math-34,Math,1.0,1.0,"{'Actionability': 0, 'Clarity': 0, 'Specificity': 0, 'Reproducibility': 0, 'ReasoningQuality': 0, 'TechnicalContext': 0, 'Ambiguity': 0, 'RepairReadiness': 0, 'RootCauseEvidence': 1, 'HiddenReproducibility': 0, 'ImpactScope': 0}","{'repair_difficulty': 5, 'ambiguity_count': 0, 'hidden_s2r_present': False, 'root_cause_evidence': 1, 'impact_scope': 0}","{'Actionability': -0.5244044240850757, 'Clarity': -0.5244044240850757, 'Specificity': -0.5244044240850757, 'Reproducibility': -0.5244044240850757, 'ReasoningQuality': -0.5244044240850757, 'TechnicalContext': -0.5244044240850757, 'Ambiguity': 2.097617696340303, 'RepairReadiness': 2.097617696340303, 'RootCauseEvidence': 0.0, 'HiddenReproducibility': -0.5244044240850757, 'ImpactScope': -0.5244044240850757}"
Math-35,Math,1.0,1.0,"{'Actionability': 0, 'Clarity': 0, 'Specificity': 0, 'Reproducibility': 0, 'ReasoningQuality': 0, 'TechnicalContext': 0, 'Ambiguity': 0, 'RepairReadiness': 0, 'RootCauseEvidence': 1, 'HiddenReproducibility': 0, 'ImpactScope': 0}","{'repair_difficulty': 5, 'ambiguity_count': 0, 'hidden_s2r_present': False, 'root_cause_evidence': 1, 'impact_scope': 0}","{'Actionability': -0.5244044240850757, 'Clarity': -0.5244044240850757, 'Specificity': -0.5244044240850757, 'Reproducibility': -0.5244044240850757, 'ReasoningQuality': -0.5244044240850757, 'TechnicalContext': -0.5244044240850757, 'Ambiguity': 2.097617696340303, 'RepairReadiness': 2.097617696340303, 'RootCauseEvidence': 0.0, 'HiddenReproducibility': -0.5244044240850757, 'ImpactScope': -0.5244044240850757}"
Math-36,Math,1.0,1.0,"{'Actionability': 0, 'Clarity': 1, 'Specificity': 0, 'Reproducibility': 0, 'ReasoningQuality': 0, 'TechnicalContext': 0, 'Ambiguity': 0, 'RepairReadiness': 1, 'RootCauseEvidence': 1, 'HiddenReproducibility': 0, 'ImpactScope': 1}","{'repair_difficulty': 4, 'ambiguity_count': 0, 'hidden_s2r_present': False, 'root_cause_evidence': 1, 'impact_scope': 1}","{'Actionability': -0.6507913734559684, 'Clarity': -0.05423261445466399, 'Specificity': -0.6507913734559684, 'Reproducibility': -0.6507913734559684, 'ReasoningQuality': -0.6507913734559684, 'TechnicalContext': -0.6507913734559684, 'Ambiguity': 2.3320024215505537, 'RepairReadiness': 1.7354436625492493, 'RootCauseEvidence': -0.05423261445466399, 'HiddenReproducibility': -0.6507913734559684, 'ImpactScope': -0.05423261445466399}"
Math-37,Math,1.0,1.0,"{'Actionability': 0, 'Clarity': 2, 'Specificity': 1, 'Reproducibility': 2, 'ReasoningQuality': 1, 'TechnicalContext': 0, 'Ambiguity': 0, 'RepairReadiness': 0, 'RootCauseEvidence': 1, 'HiddenReproducibility': 0, 'ImpactScope': 0}","{'repair_difficulty': 5, 'ambiguity_count': 0, 'hidden_s2r_present': False, 'root_cause_evidence': 1, 'impact_scope': 0}","{'Actionability': -0.8697956671643065, 'Clarity': 0.25582225504832545, 'Specificity': -0.3069867060579905, 'Reproducibility': 0.25582225504832545, 'ReasoningQuality': -0.3069867060579905, 'TechnicalContext': -0.8697956671643065, 'Ambiguity': 1.9442491383672733, 'RepairReadiness': 1.9442491383672733, 'RootCauseEvidence': -0.3069867060579905, 'HiddenReproducibility': -0.8697956671643065, 'ImpactScope': -0.8697956671643065}"
Math-38,Math,1.0,1.0,"{'Actionability': 0, 'Clarity': 0, 'Specificity': 2, 'Reproducibility': 1, 'ReasoningQuality': 0, 'TechnicalContext': 0, 'Ambiguity': 0, 'RepairReadiness': 1, 'RootCauseEvidence': 2, 'HiddenReproducibility': 0, 'ImpactScope': 0}","{'repair_difficulty': 4, 'ambiguity_count': 0, 'hidden_s2r_present': False, 'root_cause_evidence': 2, 'impact_scope': 0}","{'Actionability': -0.7440916048338274, 'Clarity': -0.7440916048338274, 'Specificity': 0.4251952027621871, 'Reproducibility': -0.15944820103582014, 'ReasoningQuality': -0.7440916048338274, 'TechnicalContext': -0.7440916048338274, 'Ambiguity': 2.179125414156209, 'RepairReadiness': 1.5944820103582018, 'RootCauseEvidence': 0.4251952027621871, 'HiddenReproducibility': -0.7440916048338274, 'ImpactScope': -0.7440916048338274}"
Math-39,Math,1.0,1.0,"{'Actionability': 0, 'Clarity': 2, 'Specificity': 0, 'Reproducibility': 1, 'ReasoningQuality': 1, 'TechnicalContext': 0, 'Ambiguity': 0, 'RepairReadiness': 0, 'RootCauseEvidence': 1, 'HiddenReproducibility': 0, 'ImpactScope': 0}","{'repair_difficulty': 5, 'ambiguity_count': 0, 'hidden_s2r_present': False, 'root_cause_evidence': 1, 'impact_scope': 0}","{'Actionability': -0.7481320020807246, 'Clarity': 0.3491282676376716, 'Specificity': -0.7481320020807246, 'Reproducibility': -0.19950186722152652, 'ReasoningQuality': -0.19950186722152652, 'TechnicalContext': -0.7481320020807246, 'Ambiguity': 1.995018672215266, 'RepairReadiness': 1.995018672215266, 'RootCauseEvidence': -0.19950186722152652, 'HiddenReproducibility': -0.7481320020807246, 'ImpactScope': -0.7481320020807246}"
Math-4,Math,1.0,1.0,"{'Actionability': 0, 'Clarity': 1, 'Specificity': 1, 'Reproducibility': 1, 'ReasoningQuality': 1, 'TechnicalContext': 0, 'Ambiguity': 0, 'RepairReadiness': 1, 'RootCauseEvidence': 1, 'HiddenReproducibility': 1, 'ImpactScope': 0}","{'repair_difficulty': 4, 'ambiguity_count': 0, 'hidden_s2r_present': True, 'root_cause_evidence': 1, 'impact_scope': 0}","{'Actionability': -0.8778086039709792, 'Clarity': -0.23408229439226108, 'Specificity': -0.23408229439226108, 'Reproducibility': -0.23408229439226108, 'ReasoningQuality': -0.23408229439226108, 'TechnicalContext': -0.8778086039709792, 'Ambiguity': 2.3408229439226114, 'RepairReadiness': 1.6970966343438934, 'RootCauseEvidence': -0.23408229439226108, 'HiddenReproducibility': -0.23408229439226108, 'ImpactScope': -0.8778086039709792}"
Math-40,Math,1.0,1.0,"{'Actionability': 1, 'Clarity': 1, 'Specificity': 1, 'Reproducibility': 1, 'ReasoningQuality': 1, 'TechnicalContext': 0, 'Ambiguity': 0, 'RepairReadiness': 0, 'RootCauseEvidence': 2, 'HiddenReproducibility': 0, 'ImpactScope': 0}","{'repair_difficulty': 5, 'ambiguity_count': 0, 'hidden_s2r_present': False, 'root_cause_evidence': 2, 'impact_scope': 0}","{'Actionability': -0.31622776601683794, 'Clarity': -0.31622776601683794, 'Specificity': -0.31622776601683794, 'Reproducibility': -0.31622776601683794, 'ReasoningQuality': -0.31622776601683794, 'TechnicalContext': -0.8959786703810408, 'Ambiguity': 2.002775851439974, 'RepairReadiness': 2.002775851439974, 'RootCauseEvidence': 0.26352313834736496, 'HiddenReproducibility': -0.8959786703810408, 'ImpactScope': -0.8959786703810408}"
Math-41,Math,1.0,1.0,"{'Actionability': 0, 'Clarity': 2, 'Specificity': 0, 'Reproducibility': 1, 'ReasoningQuality': 1, 'TechnicalContext': 0, 'Ambiguity': 0, 'RepairReadiness': 2, 'RootCauseEvidence': 1, 'HiddenReproducibility': 0, 'ImpactScope': 0}","{'repair_difficulty': 3, 'ambiguity_count': 0, 'hidden_s2r_present': False, 'root_cause_evidence': 1, 'impact_scope': 0}","{'Actionability': -0.7741387344280378, 'Clarity': 0.5359422007578722, 'Specificity': -0.7741387344280378, 'Reproducibility': -0.11909826683508278, 'ReasoningQuality': -0.11909826683508278, 'TechnicalContext': -0.7741387344280378, 'Ambiguity': 2.5010636035367373, 'RepairReadiness': 1.1909826683508273, 'RootCauseEvidence': -0.11909826683508278, 'HiddenReproducibility': -0.7741387344280378, 'ImpactScope': -0.7741387344280378}"
Math-42,Math,1.0,1.0,"{'Actionability': 0, 'Clarity': 2, 'Specificity': 1, 'Reproducibility': 2, 'ReasoningQuality': 1, 'TechnicalContext': 0, 'Ambiguity': 0, 'RepairReadiness': 0, 'RootCauseEvidence': 2, 'HiddenReproducibility': 0, 'ImpactScope': 0}","{'repair_difficulty': 5, 'ambiguity_count': 0, 'hidden_s2r_present': False, 'root_cause_evidence': 2, 'impact_scope': 0}","{'Actionability': -0.9233805168766387, 'Clarity': 0.20519567041703077, 'Specificity': -0.359092423229804, 'Reproducibility': 0.20519567041703077, 'ReasoningQuality': -0.359092423229804, 'TechnicalContext': -0.9233805168766387, 'Ambiguity': 1.898059951357535, 'RepairReadiness': 1.898059951357535, 'RootCauseEvidence': 0.20519567041703077, 'HiddenReproducibility': -0.9233805168766387, 'ImpactScope': -0.9233805168766387}"
Math-43,Math,1.0,1.0,"{'Actionability': 0, 'Clarity': 1, 'Specificity': 0, 'Reproducibility': 1, 'ReasoningQuality': 1, 'TechnicalContext': 0, 'Ambiguity': 0, 'RepairReadiness': 1, 'RootCauseEvidence': 1, 'HiddenReproducibility': 0, 'ImpactScope': 0}","{'repair_difficulty': 4, 'ambiguity_count': 0, 'hidden_s2r_present': False, 'root_cause_evidence': 1, 'impact_scope': 0}","{'Actionability': -0.7200034083082247, 'Clarity': -0.1107697551243423, 'Specificity': -0.7200034083082247, 'Reproducibility': -0.1107697551243423, 'ReasoningQuality': -0.1107697551243423, 'TechnicalContext': -0.7200034083082247, 'Ambiguity': 2.3261648576111877, 'RepairReadiness': 1.716931204427305, 'RootCauseEvidence': -0.1107697551243423, 'HiddenReproducibility': -0.7200034083082247, 'ImpactScope': -0.7200034083082247}"
Math-44,Math,1.0,1.0,"{'Actionability': 1, 'Clarity': 2, 'Specificity': 1, 'Reproducibility': 1, 'ReasoningQuality': 1, 'TechnicalContext': 0, 'Ambiguity': 0, 'RepairReadiness': 0, 'RootCauseEvidence': 1, 'HiddenReproducibility': 1, 'ImpactScope': 0}","{'repair_difficulty': 5, 'ambiguity_count': 0, 'hidden_s2r_present': True, 'root_cause_evidence': 1, 'impact_scope': 0}","{'Actionability': -0.38188130791298674, 'Clarity': 0.2182178902359923, 'Specificity': -0.38188130791298674, 'Reproducibility': -0.38188130791298674, 'ReasoningQuality': -0.38188130791298674, 'TechnicalContext': -0.9819805060619657, 'Ambiguity': 2.018515484682929, 'RepairReadiness': 2.018515484682929, 'RootCauseEvidence': -0.38188130791298674, 'HiddenReproducibility': -0.38188130791298674, 'ImpactScope': -0.9819805060619657}"
Math-45,Math,1.0,1.0,"{'Actionability': 1, 'Clarity': 1, 'Specificity': 0, 'Reproducibility': 1, 'ReasoningQuality': 1, 'TechnicalContext': 0, 'Ambiguity': 0, 'RepairReadiness': 1, 'RootCauseEvidence': 1, 'HiddenReproducibility': 0, 'ImpactScope': 0}","{'repair_difficulty': 4, 'ambiguity_count': 0, 'hidden_s2r_present': False, 'root_cause_evidence': 1, 'impact_scope': 0}","{'Actionability': -0.17038855027411945, 'Clarity': -0.17038855027411945, 'Specificity': -0.7951465679458908, 'Reproducibility': -0.17038855027411945, 'ReasoningQuality': -0.17038855027411945, 'TechnicalContext': -0.7951465679458908, 'Ambiguity': 2.328643520412966, 'RepairReadiness': 1.7038855027411945, 'RootCauseEvidence': -0.17038855027411945, 'HiddenReproducibility': -0.7951465679458908, 'ImpactScope': -0.7951465679458908}"
Math-46,Math,1.0,1.0,"{'Actionability': 0, 'Clarity': 0, 'Specificity': 1, 'Reproducibility': 0, 'ReasoningQuality': 0, 'TechnicalContext': 0, 'Ambiguity': 0, 'RepairReadiness': 1, 'RootCauseEvidence': 1, 'HiddenReproducibility': 0, 'ImpactScope': 0}","{'repair_difficulty': 4, 'ambiguity_count': 0, 'hidden_s2r_present': False, 'root_cause_evidence': 1, 'impact_scope': 0}","{'Actionability': -0.5863019699779287, 'Clarity': -0.5863019699779287, 'Specificity': 0.0, 'Reproducibility': -0.5863019699779287, 'ReasoningQuality': -0.5863019699779287, 'TechnicalContext': -0.5863019699779287, 'Ambiguity': 2.345207879911715, 'RepairReadiness': 1.758905909933786, 'RootCauseEvidence': 0.0, 'HiddenReproducibility': -0.5863019699779287, 'ImpactScope': -0.5863019699779287}"
Math-47,Math,1.0,1.0,"{'Actionability': 0, 'Clarity': 0, 'Specificity': 1, 'Reproducibility': 0, 'ReasoningQuality': 0, 'TechnicalContext': 0, 'Ambiguity': 0, 'RepairReadiness': 1, 'RootCauseEvidence': 1, 'HiddenReproducibility': 0, 'ImpactScope': 0}","{'repair_difficulty': 4, 'ambiguity_count': 0, 'hidden_s2r_present': False, 'root_cause_evidence': 1, 'impact_scope': 0}","{'Actionability': -0.5863019699779287, 'Clarity': -0.5863019699779287, 'Specificity': 0.0, 'Reproducibility': -0.5863019699779287, 'ReasoningQuality': -0.5863019699779287, 'TechnicalContext': -0.5863019699779287, 'Ambiguity': 2.345207879911715, 'RepairReadiness': 1.758905909933786, 'RootCauseEvidence': 0.0, 'HiddenReproducibility': -0.5863019699779287, 'ImpactScope': -0.5863019699779287}"
Math-48,Math,1.0,1.0,"{'Actionability': 0, 'Clarity': 0, 'Specificity': 0, 'Reproducibility': 0, 'ReasoningQuality': 0, 'TechnicalContext': 0, 'Ambiguity': 0, 'RepairReadiness': 0, 'RootCauseEvidence': 2, 'HiddenReproducibility': 1, 'ImpactScope': 0}","{'repair_difficulty': 5, 'ambiguity_count': 0, 'hidden_s2r_present': True, 'root_cause_evidence': 2, 'impact_scope': 0}","{'Actionability': -0.6225870853937484, 'Clarity': -0.6225870853937484, 'Specificity': -0.6225870853937484, 'Reproducibility': -0.6225870853937484, 'ReasoningQuality': -0.6225870853937484, 'TechnicalContext': -0.6225870853937484, 'Ambiguity': 2.011435198964418, 'RepairReadiness': 2.011435198964418, 'RootCauseEvidence': 0.4310218283495181, 'HiddenReproducibility': -0.09578262852211517, 'ImpactScope': -0.6225870853937484}"
Math-49,Math,1.0,1.0,"{'Actionability': 0, 'Clarity': 0, 'Specificity': 0, 'Reproducibility': 0, 'ReasoningQuality': 0, 'TechnicalContext': 0, 'Ambiguity': 0, 'RepairReadiness': 1, 'RootCauseEvidence': 1, 'HiddenReproducibility': 1, 'ImpactScope': 0}","{'repair_difficulty': 4, 'ambiguity_count': 0, 'hidden_s2r_present': True, 'root_cause_evidence': 1, 'impact_scope': 0}","{'Actionability': -0.5863019699779287, 'Clarity': -0.5863019699779287, 'Specificity': -0.5863019699779287, 'Reproducibility': -0.5863019699779287, 'ReasoningQuality': -0.5863019699779287, 'TechnicalContext': -0.5863019699779287, 'Ambiguity': 2.345207879911715, 'RepairReadiness': 1.758905909933786, 'RootCauseEvidence': 0.0, 'HiddenReproducibility': 0.0, 'ImpactScope': -0.5863019699779287}"
Math-5,Math,1.0,1.0,"{'Actionability': 0, 'Clarity': 0, 'Specificity': 0, 'Reproducibility': 0, 'ReasoningQuality': 0, 'TechnicalContext': 0, 'Ambiguity': 0, 'RepairReadiness': 0, 'RootCauseEvidence': 0, 'HiddenReproducibility': 0, 'ImpactScope': 0}","{'repair_difficulty': 5, 'ambiguity_count': 0, 'hidden_s2r_present': False, 'root_cause_evidence': 0, 'impact_scope': 0}","{'Actionability': -0.4714045207910317, 'Clarity': -0.4714045207910317, 'Specificity': -0.4714045207910317, 'Reproducibility': -0.4714045207910317, 'ReasoningQuality': -0.4714045207910317, 'TechnicalContext': -0.4714045207910317, 'Ambiguity': 2.121320343559643, 'RepairReadiness': 2.121320343559643, 'RootCauseEvidence': -0.4714045207910317, 'HiddenReproducibility': -0.4714045207910317, 'ImpactScope': -0.4714045207910317}"
Math-50,Math,1.0,1.0,"{'Actionability': 0, 'Clarity': 0, 'Specificity': 0, 'Reproducibility': 0, 'ReasoningQuality': 0, 'TechnicalContext': 0, 'Ambiguity': 0, 'RepairReadiness': 0, 'RootCauseEvidence': 2, 'HiddenReproducibility': 1, 'ImpactScope': 0}","{'repair_difficulty': 5, 'ambiguity_count': 0, 'hidden_s2r_present': True, 'root_cause_evidence': 2, 'impact_scope': 0}","{'Actionability': -0.6225870853937484, 'Clarity': -0.6225870853937484, 'Specificity': -0.6225870853937484, 'Reproducibility': -0.6225870853937484, 'ReasoningQuality': -0.6225870853937484, 'TechnicalContext': -0.6225870853937484, 'Ambiguity': 2.011435198964418, 'RepairReadiness': 2.011435198964418, 'RootCauseEvidence': 0.4310218283495181, 'HiddenReproducibility': -0.09578262852211517, 'ImpactScope': -0.6225870853937484}"
Math-51,Math,1.0,1.0,"{'Actionability': 0, 'Clarity': 0, 'Specificity': 0, 'Reproducibility': 0, 'ReasoningQuality': 0, 'TechnicalContext': 0, 'Ambiguity': 0, 'RepairReadiness': 0, 'RootCauseEvidence': 2, 'HiddenReproducibility': 1, 'ImpactScope': 0}","{'repair_difficulty': 5, 'ambiguity_count': 0, 'hidden_s2r_present': True, 'root_cause_evidence': 2, 'impact_scope': 0}","{'Actionability': -0.6225870853937484, 'Clarity': -0.6225870853937484, 'Specificity': -0.6225870853937484, 'Reproducibility': -0.6225870853937484, 'ReasoningQuality': -0.6225870853937484, 'TechnicalContext': -0.6225870853937484, 'Ambiguity': 2.011435198964418, 'RepairReadiness': 2.011435198964418, 'RootCauseEvidence': 0.4310218283495181, 'HiddenReproducibility': -0.09578262852211517, 'ImpactScope': -0.6225870853937484}"
Math-52,Math,1.0,1.0,"{'Actionability': 0, 'Clarity': 2, 'Specificity': 0, 'Reproducibility': 2, 'ReasoningQuality': 1, 'TechnicalContext': 0, 'Ambiguity': 0, 'RepairReadiness': 1, 'RootCauseEvidence': 2, 'HiddenReproducibility': 0, 'ImpactScope': 0}","{'repair_difficulty': 4, 'ambiguity_count': 0, 'hidden_s2r_present': False, 'root_cause_evidence': 2, 'impact_scope': 0}","{'Actionability': -0.8702852691526738, 'Clarity': 0.32635697593225266, 'Specificity': -0.8702852691526738, 'Reproducibility': 0.32635697593225266, 'ReasoningQuality': -0.27196414661021057, 'TechnicalContext': -0.8702852691526738, 'Ambiguity': 2.1213203435596424, 'RepairReadiness': 1.5229992210171792, 'RootCauseEvidence': 0.32635697593225266, 'HiddenReproducibility': -0.8702852691526738, 'ImpactScope': -0.8702852691526738}"
Math-53,Math,1.0,1.0,"{'Actionability': 0, 'Clarity': 2, 'Specificity': 1, 'Reproducibility': 2, 'ReasoningQuality': 1, 'TechnicalContext': 0, 'Ambiguity': 0, 'RepairReadiness': 1, 'RootCauseEvidence': 1, 'HiddenReproducibility': 0, 'ImpactScope': 0}","{'repair_difficulty': 4, 'ambiguity_count': 0, 'hidden_s2r_present': False, 'root_cause_evidence': 1, 'impact_scope': 0}","{'Actionability': -0.900070320740819, 'Clarity': 0.33752637027780713, 'Specificity': -0.281271975231506, 'Reproducibility': 0.33752637027780713, 'ReasoningQuality': -0.281271975231506, 'TechnicalContext': -0.900070320740819, 'Ambiguity': 2.1939214068057464, 'RepairReadiness': 1.5751230612964333, 'RootCauseEvidence': -0.281271975231506, 'HiddenReproducibility': -0.900070320740819, 'ImpactScope': -0.900070320740819}"
Math-54,Math,1.0,1.0,"{'Actionability': 0, 'Clarity': 2, 'Specificity': 0, 'Reproducibility': 1, 'ReasoningQuality': 1, 'TechnicalContext': 0, 'Ambiguity': 0, 'RepairReadiness': 2, 'RootCauseEvidence': 2, 'HiddenReproducibility': 1, 'ImpactScope': 0}","{'repair_difficulty': 3, 'ambiguity_count': 0, 'hidden_s2r_present': True, 'root_cause_evidence': 2, 'impact_scope': 0}","{'Actionability': -0.9128709291752768, 'Clarity': 0.4260064336151293, 'Specificity': -0.9128709291752768, 'Reproducibility': -0.24343224778007377, 'ReasoningQuality': -0.24343224778007377, 'TechnicalContext': -0.9128709291752768, 'Ambiguity': 2.4343224778007384, 'RepairReadiness': 1.0954451150103324, 'RootCauseEvidence': 0.4260064336151293, 'HiddenReproducibility': -0.24343224778007377, 'ImpactScope': -0.9128709291752768}"
Math-55,Math,1.0,1.0,"{'Actionability': 0, 'Clarity': 1, 'Specificity': 0, 'Reproducibility': 1, 'ReasoningQuality': 0, 'TechnicalContext': 0, 'Ambiguity': 0, 'RepairReadiness': 2, 'RootCauseEvidence': 1, 'HiddenReproducibility': 0, 'ImpactScope': 0}","{'repair_difficulty': 3, 'ambiguity_count': 0, 'hidden_s2r_present': False, 'root_cause_evidence': 1, 'impact_scope': 0}","{'Actionability': -0.6504436355879909, 'Clarity': 0.0, 'Specificity': -0.6504436355879909, 'Reproducibility': 0.0, 'ReasoningQuality': -0.6504436355879909, 'TechnicalContext': -0.6504436355879909, 'Ambiguity': 2.6017745423519636, 'RepairReadiness': 1.3008872711759818, 'RootCauseEvidence': 0.0, 'HiddenReproducibility': -0.6504436355879909, 'ImpactScope': -0.6504436355879909}"
Math-56,Math,1.0,1.0,"{'Actionability': 0, 'Clarity': 0, 'Specificity': 0, 'Reproducibility': 0, 'ReasoningQuality': 0, 'TechnicalContext': 0, 'Ambiguity': 0, 'RepairReadiness': 0, 'RootCauseEvidence': 0, 'HiddenReproducibility': 0, 'ImpactScope': 0}","{'repair_difficulty': 5, 'ambiguity_count': 0, 'hidden_s2r_present': False, 'root_cause_evidence': 0, 'impact_scope': 0}","{'Actionability': -0.4714045207910317, 'Clarity': -0.4714045207910317, 'Specificity': -0.4714045207910317, 'Reproducibility': -0.4714045207910317, 'ReasoningQuality': -0.4714045207910317, 'TechnicalContext': -0.4714045207910317, 'Ambiguity': 2.121320343559643, 'RepairReadiness': 2.121320343559643, 'RootCauseEvidence': -0.4714045207910317, 'HiddenReproducibility': -0.4714045207910317, 'ImpactScope': -0.4714045207910317}"
Math-57,Math,1.0,1.0,"{'Actionability': 0, 'Clarity': 0, 'Specificity': 0, 'Reproducibility': 2, 'ReasoningQuality': 0, 'TechnicalContext': 0, 'Ambiguity': 1, 'RepairReadiness': 1, 'RootCauseEvidence': 3, 'HiddenReproducibility': 1, 'ImpactScope': 1}","{'repair_difficulty': 4, 'ambiguity_count': 1, 'hidden_s2r_present': True, 'root_cause_evidence': 3, 'impact_scope': 1}","{'Actionability': -0.8778086039709792, 'Clarity': -0.8778086039709792, 'Specificity': -0.8778086039709792, 'Reproducibility': 0.40964401518645704, 'ReasoningQuality': -0.8778086039709792, 'TechnicalContext': -0.8778086039709792, 'Ambiguity': 1.6970966343438934, 'RepairReadiness': 1.6970966343438934, 'RootCauseEvidence': 1.0533703247651751, 'HiddenReproducibility': -0.23408229439226108, 'ImpactScope': -0.23408229439226108}"
Math-58,Math,1.0,1.0,"{'Actionability': 0, 'Clarity': 0, 'Specificity': 0, 'Reproducibility': 3, 'ReasoningQuality': 1, 'TechnicalContext': 0, 'Ambiguity': 1, 'RepairReadiness': 1, 'RootCauseEvidence': 1, 'HiddenReproducibility': 0, 'ImpactScope': 0}","{'repair_difficulty': 4, 'ambiguity_count': 1, 'hidden_s2r_present': False, 'root_cause_evidence': 1, 'impact_scope': 0}","{'Actionability': -0.7456011350793257, 'Clarity': -0.7456011350793257, 'Specificity': -0.7456011350793257, 'Reproducibility': 1.1470786693528088, 'ReasoningQuality': -0.11470786693528091, 'TechnicalContext': -0.7456011350793257, 'Ambiguity': 1.7779719374968537, 'RepairReadiness': 1.7779719374968537, 'RootCauseEvidence': -0.11470786693528091, 'HiddenReproducibility': -0.7456011350793257, 'ImpactScope': -0.7456011350793257}"
Math-59,Math,1.0,1.0,"{'Actionability': 0, 'Clarity': 0, 'Specificity': 1, 'Reproducibility': 0, 'ReasoningQuality': 0, 'TechnicalContext': 0, 'Ambiguity': 0, 'RepairReadiness': 0, 'RootCauseEvidence': 2, 'HiddenReproducibility': 1, 'ImpactScope': 0}","{'repair_difficulty': 5, 'ambiguity_count': 0, 'hidden_s2r_present': True, 'root_cause_evidence': 2, 'impact_scope': 0}","{'Actionability': -0.6831300510639732, 'Clarity': -0.6831300510639732, 'Specificity': -0.14638501094227996, 'Reproducibility': -0.6831300510639732, 'ReasoningQuality': -0.6831300510639732, 'TechnicalContext': -0.6831300510639732, 'Ambiguity': 2.000595149544493, 'RepairReadiness': 2.000595149544493, 'RootCauseEvidence': 0.39036002917941326, 'HiddenReproducibility': -0.14638501094227996, 'ImpactScope': -0.6831300510639732}"
Math-6,Math,1.0,1.0,"{'Actionability': 4, 'Clarity': 1, 'Specificity': 1, 'Reproducibility': 0, 'ReasoningQuality': 2, 'TechnicalContext': 0, 'Ambiguity': 2, 'RepairReadiness': 2, 'RootCauseEvidence': 1, 'HiddenReproducibility': 0, 'ImpactScope': 1}","{'repair_difficulty': 3, 'ambiguity_count': 2, 'hidden_s2r_present': False, 'root_cause_evidence': 1, 'impact_scope': 1}","{'Actionability': 1.9508524400165292, 'Clarity': -0.34836650714580886, 'Specificity': -0.34836650714580886, 'Reproducibility': -1.1147728228665883, 'ReasoningQuality': 0.41803980857497053, 'TechnicalContext': -1.1147728228665883, 'Ambiguity': 1.1844461242957498, 'RepairReadiness': 1.1844461242957498, 'RootCauseEvidence': -0.34836650714580886, 'HiddenReproducibility': -1.1147728228665883, 'ImpactScope': -0.34836650714580886}"
Math-60,Math,1.0,1.0,"{'Actionability': 0, 'Clarity': 1, 'Specificity': 0, 'Reproducibility': 1, 'ReasoningQuality': 1, 'TechnicalContext': 0, 'Ambiguity': 0, 'RepairReadiness': 1, 'RootCauseEvidence': 1, 'HiddenReproducibility': 0, 'ImpactScope': 0}","{'repair_difficulty': 4, 'ambiguity_count': 0, 'hidden_s2r_present': False, 'root_cause_evidence': 1, 'impact_scope': 0}","{'Actionability': -0.7200034083082247, 'Clarity': -0.1107697551243423, 'Specificity': -0.7200034083082247, 'Reproducibility': -0.1107697551243423, 'ReasoningQuality': -0.1107697551243423, 'TechnicalContext': -0.7200034083082247, 'Ambiguity': 2.3261648576111877, 'RepairReadiness': 1.716931204427305, 'RootCauseEvidence': -0.1107697551243423, 'HiddenReproducibility': -0.7200034083082247, 'ImpactScope': -0.7200034083082247}"
Math-61,Math,1.0,1.0,"{'Actionability': 0, 'Clarity': 2, 'Specificity': 1, 'Reproducibility': 3, 'ReasoningQuality': 2, 'TechnicalContext': 1, 'Ambiguity': 1, 'RepairReadiness': 2, 'RootCauseEvidence': 1, 'HiddenReproducibility': 0, 'ImpactScope': 0}","{'repair_difficulty': 3, 'ambiguity_count': 1, 'hidden_s2r_present': False, 'root_cause_evidence': 1, 'impact_scope': 0}","{'Actionability': -1.1844461242957498, 'Clarity': 0.34836650714580886, 'Specificity': -0.41803980857497053, 'Reproducibility': 1.1147728228665883, 'ReasoningQuality': 0.34836650714580886, 'TechnicalContext': -0.41803980857497053, 'Ambiguity': 1.8811791385873675, 'RepairReadiness': 1.1147728228665883, 'RootCauseEvidence': -0.41803980857497053, 'HiddenReproducibility': -1.1844461242957498, 'ImpactScope': -1.1844461242957498}"
Math-62,Math,1.0,1.0,"{'Actionability': 0, 'Clarity': 2, 'Specificity': 1, 'Reproducibility': 4, 'ReasoningQuality': 2, 'TechnicalContext': 0, 'Ambiguity': 2, 'RepairReadiness': 3, 'RootCauseEvidence': 2, 'HiddenReproducibility': 1, 'ImpactScope': 2}","{'repair_difficulty': 2, 'ambiguity_count': 2, 'hidden_s2r_present': True, 'root_cause_evidence': 2, 'impact_scope': 2}","{'Actionability': -1.5212174611483278, 'Clarity': 0.2401922307076307, 'Specificity': -0.6405126152203486, 'Reproducibility': 2.001601922563589, 'ReasoningQuality': 0.2401922307076307, 'TechnicalContext': -1.5212174611483278, 'Ambiguity': 1.12089707663561, 'RepairReadiness': 0.2401922307076307, 'RootCauseEvidence': 0.2401922307076307, 'HiddenReproducibility': -0.6405126152203486, 'ImpactScope': 0.2401922307076307}"
Math-63,Math,1.0,1.0,"{'Actionability': 0, 'Clarity': 1, 'Specificity': 0, 'Reproducibility': 2, 'ReasoningQuality': 1, 'TechnicalContext': 0, 'Ambiguity': 0, 'RepairReadiness': 0, 'RootCauseEvidence': 1, 'HiddenReproducibility': 0, 'ImpactScope': 0}","{'repair_difficulty': 5, 'ambiguity_count': 0, 'hidden_s2r_present': False, 'root_cause_evidence': 1, 'impact_scope': 0}","{'Actionability': -0.7481320020807246, 'Clarity': -0.19950186722152652, 'Specificity': -0.7481320020807246, 'Reproducibility': 0.3491282676376716, 'ReasoningQuality': -0.19950186722152652, 'TechnicalContext': -0.7481320020807246, 'Ambiguity': 1.995018672215266, 'RepairReadiness': 1.995018672215266, 'RootCauseEvidence': -0.19950186722152652, 'HiddenReproducibility': -0.7481320020807246, 'ImpactScope': -0.7481320020807246}"
Math-64,Math,1.0,1.0,"{'Actionability': 0, 'Clarity': 2, 'Specificity': 0, 'Reproducibility': 1, 'ReasoningQuality': 1, 'TechnicalContext': 0, 'Ambiguity': 1, 'RepairReadiness': 1, 'RootCauseEvidence': 1, 'HiddenReproducibility': 0, 'ImpactScope': 0}","{'repair_difficulty': 4, 'ambiguity_count': 1, 'hidden_s2r_present': False, 'root_cause_evidence': 1, 'impact_scope': 0}","{'Actionability': -0.806225774829855, 'Clarity': 0.558156305651438, 'Specificity': -0.806225774829855, 'Reproducibility': -0.1240347345892085, 'ReasoningQuality': -0.1240347345892085, 'TechnicalContext': -0.806225774829855, 'Ambiguity': 1.9225383861327312, 'RepairReadiness': 1.9225383861327312, 'RootCauseEvidence': -0.1240347345892085, 'HiddenReproducibility': -0.806225774829855, 'ImpactScope': -0.806225774829855}"
Math-65,Math,1.0,1.0,"{'Actionability': 0, 'Clarity': 1, 'Specificity': 1, 'Reproducibility': 1, 'ReasoningQuality': 0, 'TechnicalContext': 0, 'Ambiguity': 2, 'RepairReadiness': 1, 'RootCauseEvidence': 1, 'HiddenReproducibility': 0, 'ImpactScope': 1}","{'repair_difficulty': 4, 'ambiguity_count': 2, 'hidden_s2r_present': False, 'root_cause_evidence': 1, 'impact_scope': 1}","{'Actionability': -0.8798826901281197, 'Clarity': -0.07332355751067658, 'Specificity': -0.07332355751067658, 'Reproducibility': -0.07332355751067658, 'ReasoningQuality': -0.8798826901281197, 'TechnicalContext': -0.8798826901281197, 'Ambiguity': 1.5397947077242098, 'RepairReadiness': 2.346353840341653, 'RootCauseEvidence': -0.07332355751067658, 'HiddenReproducibility': -0.8798826901281197, 'ImpactScope': -0.07332355751067658}"
Math-66,Math,1.0,1.0,"{'Actionability': 0, 'Clarity': 1, 'Specificity': 1, 'Reproducibility': 1, 'ReasoningQuality': 1, 'TechnicalContext': 0, 'Ambiguity': 0, 'RepairReadiness': 2, 'RootCauseEvidence': 1, 'HiddenReproducibility': 1, 'ImpactScope': 0}","{'repair_difficulty': 3, 'ambiguity_count': 0, 'hidden_s2r_present': True, 'root_cause_evidence': 1, 'impact_scope': 0}","{'Actionability': -0.8962581595302718, 'Clarity': -0.19205531989934393, 'Specificity': -0.19205531989934393, 'Reproducibility': -0.19205531989934393, 'ReasoningQuality': -0.19205531989934393, 'TechnicalContext': -0.8962581595302718, 'Ambiguity': 2.624756038624368, 'RepairReadiness': 1.2163503593625118, 'RootCauseEvidence': -0.19205531989934393, 'HiddenReproducibility': -0.19205531989934393, 'ImpactScope': -0.8962581595302718}"
Math-67,Math,1.0,1.0,"{'Actionability': 1, 'Clarity': 1, 'Specificity': 1, 'Reproducibility': 1, 'ReasoningQuality': 1, 'TechnicalContext': 0, 'Ambiguity': 0, 'RepairReadiness': 0, 'RootCauseEvidence': 1, 'HiddenReproducibility': 0, 'ImpactScope': 0}","{'repair_difficulty': 5, 'ambiguity_count': 0, 'hidden_s2r_present': False, 'root_cause_evidence': 1, 'impact_scope': 0}","{'Actionability': -0.26352313834736496, 'Clarity': -0.26352313834736496, 'Specificity': -0.26352313834736496, 'Reproducibility': -0.26352313834736496, 'ReasoningQuality': -0.26352313834736496, 'TechnicalContext': -0.8432740427115679, 'Ambiguity': 2.0554804791094465, 'RepairReadiness': 2.0554804791094465, 'RootCauseEvidence': -0.26352313834736496, 'HiddenReproducibility': -0.8432740427115679, 'ImpactScope': -0.8432740427115679}"
Math-68,Math,1.0,1.0,"{'Actionability': 0, 'Clarity': 0, 'Specificity': 0, 'Reproducibility': 0, 'ReasoningQuality': 0, 'TechnicalContext': 0, 'Ambiguity': 0, 'RepairReadiness': 0, 'RootCauseEvidence': 1, 'HiddenReproducibility': 0, 'ImpactScope': 0}","{'repair_difficulty': 5, 'ambiguity_count': 0, 'hidden_s2r_present': False, 'root_cause_evidence': 1, 'impact_scope': 0}","{'Actionability': -0.5244044240850757, 'Clarity': -0.5244044240850757, 'Specificity': -0.5244044240850757, 'Reproducibility': -0.5244044240850757, 'ReasoningQuality': -0.5244044240850757, 'TechnicalContext': -0.5244044240850757, 'Ambiguity': 2.097617696340303, 'RepairReadiness': 2.097617696340303, 'RootCauseEvidence': 0.0, 'HiddenReproducibility': -0.5244044240850757, 'ImpactScope': -0.5244044240850757}"
Math-69,Math,1.0,1.0,"{'Actionability': 0, 'Clarity': 2, 'Specificity': 1, 'Reproducibility': 2, 'ReasoningQuality': 1, 'TechnicalContext': 0, 'Ambiguity': 0, 'RepairReadiness': 2, 'RootCauseEvidence': 2, 'HiddenReproducibility': 0, 'ImpactScope': 0}","{'repair_difficulty': 3, 'ambiguity_count': 0, 'hidden_s2r_present': False, 'root_cause_evidence': 2, 'impact_scope': 0}","{'Actionability': -0.970142500145332, 'Clarity': 0.36380343755449945, 'Specificity': -0.30316953129541624, 'Reproducibility': 0.36380343755449945, 'ReasoningQuality': -0.30316953129541624, 'TechnicalContext': -0.970142500145332, 'Ambiguity': 2.3647223441042464, 'RepairReadiness': 1.0307764064044151, 'RootCauseEvidence': 0.36380343755449945, 'HiddenReproducibility': -0.970142500145332, 'ImpactScope': -0.970142500145332}"
Math-7,Math,1.0,1.0,"{'Actionability': 0, 'Clarity': 2, 'Specificity': 1, 'Reproducibility': 2, 'ReasoningQuality': 1, 'TechnicalContext': 0, 'Ambiguity': 1, 'RepairReadiness': 1, 'RootCauseEvidence': 1, 'HiddenReproducibility': 1, 'ImpactScope': 1}","{'repair_difficulty': 4, 'ambiguity_count': 1, 'hidden_s2r_present': True, 'root_cause_evidence': 1, 'impact_scope': 1}","{'Actionability': -1.1844461242957498, 'Clarity': 0.34836650714580886, 'Specificity': -0.41803980857497053, 'Reproducibility': 0.34836650714580886, 'ReasoningQuality': -0.41803980857497053, 'TechnicalContext': -1.1844461242957498, 'Ambiguity': 1.8811791385873675, 'RepairReadiness': 1.8811791385873675, 'RootCauseEvidence': -0.41803980857497053, 'HiddenReproducibility': -0.41803980857497053, 'ImpactScope': -0.41803980857497053}"
Math-70,Math,1.0,1.0,"{'Actionability': 0, 'Clarity': 0, 'Specificity': 0, 'Reproducibility': 1, 'ReasoningQuality': 0, 'TechnicalContext': 0, 'Ambiguity': 0, 'RepairReadiness': 0, 'RootCauseEvidence': 1, 'HiddenReproducibility': 1, 'ImpactScope': 0}","{'repair_difficulty': 5, 'ambiguity_count': 0, 'hidden_s2r_present': True, 'root_cause_evidence': 1, 'impact_scope': 0}","{'Actionability': -0.6389151433378876, 'Clarity': -0.6389151433378876, 'Specificity': -0.6389151433378876, 'Reproducibility': -0.09829463743659811, 'ReasoningQuality': -0.6389151433378876, 'TechnicalContext': -0.6389151433378876, 'Ambiguity': 2.06418738616856, 'RepairReadiness': 2.06418738616856, 'RootCauseEvidence': -0.09829463743659811, 'HiddenReproducibility': -0.09829463743659811, 'ImpactScope': -0.6389151433378876}"
Math-71,Math,1.0,1.0,"{'Actionability': 0, 'Clarity': 1, 'Specificity': 1, 'Reproducibility': 2, 'ReasoningQuality': 1, 'TechnicalContext': 0, 'Ambiguity': 0, 'RepairReadiness': 1, 'RootCauseEvidence': 1, 'HiddenReproducibility': 1, 'ImpactScope': 0}","{'repair_difficulty': 4, 'ambiguity_count': 0, 'hidden_s2r_present': True, 'root_cause_evidence': 1, 'impact_scope': 0}","{'Actionability': -0.933138949631687, 'Clarity': -0.2916059217599022, 'Specificity': -0.2916059217599022, 'Reproducibility': 0.3499271061118826, 'ReasoningQuality': -0.2916059217599022, 'TechnicalContext': -0.933138949631687, 'Ambiguity': 2.274526189727237, 'RepairReadiness': 1.632993161855452, 'RootCauseEvidence': -0.2916059217599022, 'HiddenReproducibility': -0.2916059217599022, 'ImpactScope': -0.933138949631687}"
Math-72,Math,1.0,1.0,"{'Actionability': 0, 'Clarity': 0, 'Specificity': 0, 'Reproducibility': 1, 'ReasoningQuality': 0, 'TechnicalContext': 0, 'Ambiguity': 0, 'RepairReadiness': 0, 'RootCauseEvidence': 2, 'HiddenReproducibility': 0, 'ImpactScope': 0}","{'repair_difficulty': 5, 'ambiguity_count': 0, 'hidden_s2r_present': False, 'root_cause_evidence': 2, 'impact_scope': 0}","{'Actionability': -0.6225870853937484, 'Clarity': -0.6225870853937484, 'Specificity': -0.6225870853937484, 'Reproducibility': -0.09578262852211517, 'ReasoningQuality': -0.6225870853937484, 'TechnicalContext': -0.6225870853937484, 'Ambiguity': 2.011435198964418, 'RepairReadiness': 2.011435198964418, 'RootCauseEvidence': 0.4310218283495181, 'HiddenReproducibility': -0.6225870853937484, 'ImpactScope': -0.6225870853937484}"
Math-73,Math,1.0,1.0,"{'Actionability': 0, 'Clarity': 0, 'Specificity': 1, 'Reproducibility': 0, 'ReasoningQuality': 0, 'TechnicalContext': 0, 'Ambiguity': 0, 'RepairReadiness': 0, 'RootCauseEvidence': 1, 'HiddenReproducibility': 0, 'ImpactScope': 0}","{'repair_difficulty': 5, 'ambiguity_count': 0, 'hidden_s2r_present': False, 'root_cause_evidence': 1, 'impact_scope': 0}","{'Actionability': -0.5800418934273981, 'Clarity': -0.5800418934273981, 'Specificity': -0.048336824452283135, 'Reproducibility': -0.5800418934273981, 'ReasoningQuality': -0.5800418934273981, 'TechnicalContext': -0.5800418934273981, 'Ambiguity': 2.078483451448177, 'RepairReadiness': 2.078483451448177, 'RootCauseEvidence': -0.048336824452283135, 'HiddenReproducibility': -0.5800418934273981, 'ImpactScope': -0.5800418934273981}"
Math-74,Math,1.0,1.0,"{'Actionability': 0, 'Clarity': 2, 'Specificity': 1, 'Reproducibility': 2, 'ReasoningQuality': 1, 'TechnicalContext': 0, 'Ambiguity': 0, 'RepairReadiness': 3, 'RootCauseEvidence': 1, 'HiddenReproducibility': 1, 'ImpactScope': 1}","{'repair_difficulty': 2, 'ambiguity_count': 0, 'hidden_s2r_present': True, 'root_cause_evidence': 1, 'impact_scope': 1}","{'Actionability': -1.1147728228665883, 'Clarity': 0.41803980857497053, 'Specificity': -0.34836650714580886, 'Reproducibility': 0.41803980857497053, 'ReasoningQuality': -0.34836650714580886, 'TechnicalContext': -1.1147728228665883, 'Ambiguity': 2.7172587557373085, 'RepairReadiness': 0.41803980857497053, 'RootCauseEvidence': -0.34836650714580886, 'HiddenReproducibility': -0.34836650714580886, 'ImpactScope': -0.34836650714580886}"
Math-75,Math,1.0,1.0,"{'Actionability': 0, 'Clarity': 0, 'Specificity': 1, 'Reproducibility': 1, 'ReasoningQuality': 0, 'TechnicalContext': 0, 'Ambiguity': 0, 'RepairReadiness': 1, 'RootCauseEvidence': 2, 'HiddenReproducibility': 0, 'ImpactScope': 0}","{'repair_difficulty': 4, 'ambiguity_count': 0, 'hidden_s2r_present': False, 'root_cause_evidence': 2, 'impact_scope': 0}","{'Actionability': -0.6968731476445666, 'Clarity': -0.6968731476445666, 'Specificity': -0.10721125348377952, 'Reproducibility': -0.10721125348377952, 'ReasoningQuality': -0.6968731476445666, 'TechnicalContext': -0.6968731476445666, 'Ambiguity': 2.251436323159369, 'RepairReadiness': 1.661774428998582, 'RootCauseEvidence': 0.48245064067700766, 'HiddenReproducibility': -0.6968731476445666, 'ImpactScope': -0.6968731476445666}"
Math-76,Math,1.0,1.0,"{'Actionability': 0, 'Clarity': 0, 'Specificity': 1, 'Reproducibility': 1, 'ReasoningQuality': 0, 'TechnicalContext': 0, 'Ambiguity': 0, 'RepairReadiness': 1, 'RootCauseEvidence': 1, 'HiddenReproducibility': 0, 'ImpactScope': 0}","{'repair_difficulty': 4, 'ambiguity_count': 0, 'hidden_s2r_present': False, 'root_cause_evidence': 1, 'impact_scope': 0}","{'Actionability': -0.6507913734559684, 'Clarity': -0.6507913734559684, 'Specificity': -0.05423261445466399, 'Reproducibility': -0.05423261445466399, 'ReasoningQuality': -0.6507913734559684, 'TechnicalContext': -0.6507913734559684, 'Ambiguity': 2.3320024215505537, 'RepairReadiness': 1.7354436625492493, 'RootCauseEvidence': -0.05423261445466399, 'HiddenReproducibility': -0.6507913734559684, 'ImpactScope': -0.6507913734559684}"
Math-77,Math,1.0,1.0,"{'Actionability': 0, 'Clarity': 1, 'Specificity': 1, 'Reproducibility': 3, 'ReasoningQuality': 1, 'TechnicalContext': 0, 'Ambiguity': 1, 'RepairReadiness': 4, 'RootCauseEvidence': 1, 'HiddenReproducibility': 0, 'ImpactScope': 0}","{'repair_difficulty': 1, 'ambiguity_count': 1, 'hidden_s2r_present': False, 'root_cause_evidence': 1, 'impact_scope': 0}","{'Actionability': -0.8798826901281197, 'Clarity': -0.07332355751067658, 'Specificity': -0.07332355751067658, 'Reproducibility': 1.5397947077242098, 'ReasoningQuality': -0.07332355751067658, 'TechnicalContext': -0.8798826901281197, 'Ambiguity': 2.346353840341653, 'RepairReadiness': -0.07332355751067658, 'RootCauseEvidence': -0.07332355751067658, 'HiddenReproducibility': -0.8798826901281197, 'ImpactScope': -0.8798826901281197}"
Math-78,Math,1.0,1.0,"{'Actionability': 0, 'Clarity': 1, 'Specificity': 1, 'Reproducibility': 2, 'ReasoningQuality': 1, 'TechnicalContext': 0, 'Ambiguity': 0, 'RepairReadiness': 0, 'RootCauseEvidence': 2, 'HiddenReproducibility': 1, 'ImpactScope': 1}","{'repair_difficulty': 5, 'ambiguity_count': 0, 'hidden_s2r_present': True, 'root_cause_evidence': 2, 'impact_scope': 1}","{'Actionability': -1.0427604699020583, 'Clarity': -0.4390570399587614, 'Specificity': -0.4390570399587614, 'Reproducibility': 0.16464638998453549, 'ReasoningQuality': -0.4390570399587614, 'TechnicalContext': -1.0427604699020583, 'Ambiguity': 1.975756679814426, 'RepairReadiness': 1.975756679814426, 'RootCauseEvidence': 0.16464638998453549, 'HiddenReproducibility': -0.4390570399587614, 'ImpactScope': -0.4390570399587614}"
Math-79,Math,1.0,1.0,"{'Actionability': 0, 'Clarity': 1, 'Specificity': 0, 'Reproducibility': 1, 'ReasoningQuality': 1, 'TechnicalContext': 0, 'Ambiguity': 0, 'RepairReadiness': 1, 'RootCauseEvidence': 1, 'HiddenReproducibility': 0, 'ImpactScope': 0}","{'repair_difficulty': 4, 'ambiguity_count': 0, 'hidden_s2r_present': False, 'root_cause_evidence': 1, 'impact_scope': 0}","{'Actionability': -0.7200034083082247, 'Clarity': -0.1107697551243423, 'Specificity': -0.7200034083082247, 'Reproducibility': -0.1107697551243423, 'ReasoningQuality': -0.1107697551243423, 'TechnicalContext': -0.7200034083082247, 'Ambiguity': 2.3261648576111877, 'RepairReadiness': 1.716931204427305, 'RootCauseEvidence': -0.1107697551243423, 'HiddenReproducibility': -0.7200034083082247, 'ImpactScope': -0.7200034083082247}"
Math-8,Math,1.0,1.0,"{'Actionability': 0, 'Clarity': 0, 'Specificity': 0, 'Reproducibility': 0, 'ReasoningQuality': 0, 'TechnicalContext': 0, 'Ambiguity': 0, 'RepairReadiness': 0, 'RootCauseEvidence': 0, 'HiddenReproducibility': 0, 'ImpactScope': 0}","{'repair_difficulty': 5, 'ambiguity_count': 0, 'hidden_s2r_present': False, 'root_cause_evidence': 0, 'impact_scope': 0}","{'Actionability': -0.4714045207910317, 'Clarity': -0.4714045207910317, 'Specificity': -0.4714045207910317, 'Reproducibility': -0.4714045207910317, 'ReasoningQuality': -0.4714045207910317, 'TechnicalContext': -0.4714045207910317, 'Ambiguity': 2.121320343559643, 'RepairReadiness': 2.121320343559643, 'RootCauseEvidence': -0.4714045207910317, 'HiddenReproducibility': -0.4714045207910317, 'ImpactScope': -0.4714045207910317}"
Math-80,Math,1.0,1.0,"{'Actionability': 0, 'Clarity': 0, 'Specificity': 0, 'Reproducibility': 1, 'ReasoningQuality': 0, 'TechnicalContext': 0, 'Ambiguity': 0, 'RepairReadiness': 0, 'RootCauseEvidence': 1, 'HiddenReproducibility': 1, 'ImpactScope': 0}","{'repair_difficulty': 5, 'ambiguity_count': 0, 'hidden_s2r_present': True, 'root_cause_evidence': 1, 'impact_scope': 0}","{'Actionability': -0.6389151433378876, 'Clarity': -0.6389151433378876, 'Specificity': -0.6389151433378876, 'Reproducibility': -0.09829463743659811, 'ReasoningQuality': -0.6389151433378876, 'TechnicalContext': -0.6389151433378876, 'Ambiguity': 2.06418738616856, 'RepairReadiness': 2.06418738616856, 'RootCauseEvidence': -0.09829463743659811, 'HiddenReproducibility': -0.09829463743659811, 'ImpactScope': -0.6389151433378876}"
Math-81,Math,1.0,1.0,"{'Actionability': 0, 'Clarity': 1, 'Specificity': 0, 'Reproducibility': 2, 'ReasoningQuality': 1, 'TechnicalContext': 0, 'Ambiguity': 1, 'RepairReadiness': 1, 'RootCauseEvidence': 1, 'HiddenReproducibility': 1, 'ImpactScope': 1}","{'repair_difficulty': 4, 'ambiguity_count': 1, 'hidden_s2r_present': True, 'root_cause_evidence': 1, 'impact_scope': 1}","{'Actionability': -0.9977851578566089, 'Clarity': -0.26607604209509567, 'Specificity': -0.9977851578566089, 'Reproducibility': 0.4656330736664176, 'ReasoningQuality': -0.26607604209509567, 'TechnicalContext': -0.9977851578566089, 'Ambiguity': 1.9290513051894442, 'RepairReadiness': 1.9290513051894442, 'RootCauseEvidence': -0.26607604209509567, 'HiddenReproducibility': -0.26607604209509567, 'ImpactScope': -0.26607604209509567}"
Math-82,Math,1.0,1.0,"{'Actionability': 0, 'Clarity': 0, 'Specificity': 0, 'Reproducibility': 3, 'ReasoningQuality': 0, 'TechnicalContext': 0, 'Ambiguity': 1, 'RepairReadiness': 1, 'RootCauseEvidence': 1, 'HiddenReproducibility': 0, 'ImpactScope': 0}","{'repair_difficulty': 4, 'ambiguity_count': 1, 'hidden_s2r_present': False, 'root_cause_evidence': 1, 'impact_scope': 0}","{'Actionability': -0.672926584910453, 'Clarity': -0.672926584910453, 'Specificity': -0.672926584910453, 'Reproducibility': 1.177621523593293, 'ReasoningQuality': -0.672926584910453, 'TechnicalContext': -0.672926584910453, 'Ambiguity': 1.7944708930945417, 'RepairReadiness': 1.7944708930945417, 'RootCauseEvidence': -0.05607721540920437, 'HiddenReproducibility': -0.672926584910453, 'ImpactScope': -0.672926584910453}"
Math-83,Math,1.0,1.0,"{'Actionability': 0, 'Clarity': 1, 'Specificity': 1, 'Reproducibility': 2, 'ReasoningQuality': 1, 'TechnicalContext': 0, 'Ambiguity': 1, 'RepairReadiness': 2, 'RootCauseEvidence': 1, 'HiddenReproducibility': 1, 'ImpactScope': 0}","{'repair_difficulty': 3, 'ambiguity_count': 1, 'hidden_s2r_present': True, 'root_cause_evidence': 1, 'impact_scope': 0}","{'Actionability': -1.049344364594206, 'Clarity': -0.2248595066987584, 'Specificity': -0.2248595066987584, 'Reproducibility': 0.5996253511966891, 'ReasoningQuality': -0.2248595066987584, 'TechnicalContext': -1.049344364594206, 'Ambiguity': 2.2485950669875843, 'RepairReadiness': 1.4241102090921367, 'RootCauseEvidence': -0.2248595066987584, 'HiddenReproducibility': -0.2248595066987584, 'ImpactScope': -1.049344364594206}"
Math-84,Math,1.0,1.0,"{'Actionability': 0, 'Clarity': 0, 'Specificity': 0, 'Reproducibility': 0, 'ReasoningQuality': 0, 'TechnicalContext': 0, 'Ambiguity': 0, 'RepairReadiness': 1, 'RootCauseEvidence': 1, 'HiddenReproducibility': 0, 'ImpactScope': 0}","{'repair_difficulty': 4, 'ambiguity_count': 0, 'hidden_s2r_present': False, 'root_cause_evidence': 1, 'impact_scope': 0}","{'Actionability': -0.5255883312276367, 'Clarity': -0.5255883312276367, 'Specificity': -0.5255883312276367, 'Reproducibility': -0.5255883312276367, 'ReasoningQuality': -0.5255883312276367, 'TechnicalContext': -0.5255883312276367, 'Ambiguity': 2.3651474905243655, 'RepairReadiness': 1.7870003261739649, 'RootCauseEvidence': 0.052558833122763694, 'HiddenReproducibility': -0.5255883312276367, 'ImpactScope': -0.5255883312276367}"
Math-85,Math,1.0,1.0,"{'Actionability': 0, 'Clarity': 0, 'Specificity': 0, 'Reproducibility': 0, 'ReasoningQuality': 0, 'TechnicalContext': 0, 'Ambiguity': 0, 'RepairReadiness': 1, 'RootCauseEvidence': 1, 'HiddenReproducibility': 1, 'ImpactScope': 0}","{'repair_difficulty': 4, 'ambiguity_count': 0, 'hidden_s2r_present': True, 'root_cause_evidence': 1, 'impact_scope': 0}","{'Actionability': -0.5863019699779287, 'Clarity': -0.5863019699779287, 'Specificity': -0.5863019699779287, 'Reproducibility': -0.5863019699779287, 'ReasoningQuality': -0.5863019699779287, 'TechnicalContext': -0.5863019699779287, 'Ambiguity': 2.345207879911715, 'RepairReadiness': 1.758905909933786, 'RootCauseEvidence': 0.0, 'HiddenReproducibility': 0.0, 'ImpactScope': -0.5863019699779287}"
Math-86,Math,1.0,1.0,"{'Actionability': 0, 'Clarity': 1, 'Specificity': 1, 'Reproducibility': 3, 'ReasoningQuality': 1, 'TechnicalContext': 0, 'Ambiguity': 1, 'RepairReadiness': 1, 'RootCauseEvidence': 2, 'HiddenReproducibility': 0, 'ImpactScope': 0}","{'repair_difficulty': 4, 'ambiguity_count': 1, 'hidden_s2r_present': False, 'root_cause_evidence': 2, 'impact_scope': 0}","{'Actionability': -0.970142500145332, 'Clarity': -0.30316953129541624, 'Specificity': -0.30316953129541624, 'Reproducibility': 1.0307764064044151, 'ReasoningQuality': -0.30316953129541624, 'TechnicalContext': -0.970142500145332, 'Ambiguity': 1.697749375254331, 'RepairReadiness': 1.697749375254331, 'RootCauseEvidence': 0.36380343755449945, 'HiddenReproducibility': -0.970142500145332, 'ImpactScope': -0.970142500145332}"
Math-87,Math,1.0,1.0,"{'Actionability': 0, 'Clarity': 1, 'Specificity': 0, 'Reproducibility': 1, 'ReasoningQuality': 1, 'TechnicalContext': 0, 'Ambiguity': 0, 'RepairReadiness': 2, 'RootCauseEvidence': 2, 'HiddenReproducibility': 1, 'ImpactScope': 0}","{'repair_difficulty': 3, 'ambiguity_count': 0, 'hidden_s2r_present': True, 'root_cause_evidence': 2, 'impact_scope': 0}","{'Actionability': -0.8583950752789522, 'Clarity': -0.18394180184548975, 'Specificity': -0.8583950752789522, 'Reproducibility': -0.18394180184548975, 'ReasoningQuality': -0.18394180184548975, 'TechnicalContext': -0.8583950752789522, 'Ambiguity': 2.51387129188836, 'RepairReadiness': 1.164964745021435, 'RootCauseEvidence': 0.4905114715879727, 'HiddenReproducibility': -0.18394180184548975, 'ImpactScope': -0.8583950752789522}"
Math-88,Math,1.0,1.0,"{'Actionability': 4, 'Clarity': 2, 'Specificity': 1, 'Reproducibility': 1, 'ReasoningQuality': 2, 'TechnicalContext': 0, 'Ambiguity': 2, 'RepairReadiness': 1, 'RootCauseEvidence': 1, 'HiddenReproducibility': 0, 'ImpactScope': 1}","{'repair_difficulty': 4, 'ambiguity_count': 2, 'hidden_s2r_present': False, 'root_cause_evidence': 1, 'impact_scope': 1}","{'Actionability': 1.6778901380350604, 'Clarity': 0.20134681656420725, 'Specificity': -0.5369248441712194, 'Reproducibility': -0.5369248441712194, 'ReasoningQuality': 0.20134681656420725, 'TechnicalContext': -1.275196504906646, 'Ambiguity': 0.9396184772996339, 'RepairReadiness': 1.6778901380350604, 'RootCauseEvidence': -0.5369248441712194, 'HiddenReproducibility': -1.275196504906646, 'ImpactScope': -0.5369248441712194}"
Math-89,Math,1.0,1.0,"{'Actionability': 0, 'Clarity': 2, 'Specificity': 1, 'Reproducibility': 2, 'ReasoningQuality': 1, 'TechnicalContext': 0, 'Ambiguity': 1, 'RepairReadiness': 3, 'RootCauseEvidence': 2, 'HiddenReproducibility': 1, 'ImpactScope': 0}","{'repair_difficulty': 2, 'ambiguity_count': 1, 'hidden_s2r_present': True, 'root_cause_evidence': 2, 'impact_scope': 0}","{'Actionability': -1.1858541225631423, 'Clarity': 0.5533985905294665, 'Specificity': -0.3162277660168379, 'Reproducibility': 0.5533985905294665, 'ReasoningQuality': -0.3162277660168379, 'TechnicalContext': -1.1858541225631423, 'Ambiguity': 2.2926513036220753, 'RepairReadiness': 0.5533985905294665, 'RootCauseEvidence': 0.5533985905294665, 'HiddenReproducibility': -0.3162277660168379, 'ImpactScope': -1.1858541225631423}"
Math-9,Math,1.0,1.0,"{'Actionability': 0, 'Clarity': 0, 'Specificity': 0, 'Reproducibility': 0, 'ReasoningQuality': 0, 'TechnicalContext': 0, 'Ambiguity': 0, 'RepairReadiness': 0, 'RootCauseEvidence': 1, 'HiddenReproducibility': 0, 'ImpactScope': 0}","{'repair_difficulty': 5, 'ambiguity_count': 0, 'hidden_s2r_present': False, 'root_cause_evidence': 1, 'impact_scope': 0}","{'Actionability': -0.5244044240850757, 'Clarity': -0.5244044240850757, 'Specificity': -0.5244044240850757, 'Reproducibility': -0.5244044240850757, 'ReasoningQuality': -0.5244044240850757, 'TechnicalContext': -0.5244044240850757, 'Ambiguity': 2.097617696340303, 'RepairReadiness': 2.097617696340303, 'RootCauseEvidence': 0.0, 'HiddenReproducibility': -0.5244044240850757, 'ImpactScope': -0.5244044240850757}"
Math-90,Math,1.0,1.0,"{'Actionability': 0, 'Clarity': 2, 'Specificity': 1, 'Reproducibility': 2, 'ReasoningQuality': 1, 'TechnicalContext': 0, 'Ambiguity': 1, 'RepairReadiness': 3, 'RootCauseEvidence': 2, 'HiddenReproducibility': 1, 'ImpactScope': 0}","{'repair_difficulty': 2, 'ambiguity_count': 1, 'hidden_s2r_present': True, 'root_cause_evidence': 2, 'impact_scope': 0}","{'Actionability': -1.1858541225631423, 'Clarity': 0.5533985905294665, 'Specificity': -0.3162277660168379, 'Reproducibility': 0.5533985905294665, 'ReasoningQuality': -0.3162277660168379, 'TechnicalContext': -1.1858541225631423, 'Ambiguity': 2.2926513036220753, 'RepairReadiness': 0.5533985905294665, 'RootCauseEvidence': 0.5533985905294665, 'HiddenReproducibility': -0.3162277660168379, 'ImpactScope': -1.1858541225631423}"
Math-91,Math,1.0,1.0,"{'Actionability': 0, 'Clarity': 0, 'Specificity': 0, 'Reproducibility': 1, 'ReasoningQuality': 0, 'TechnicalContext': 0, 'Ambiguity': 0, 'RepairReadiness': 0, 'RootCauseEvidence': 1, 'HiddenReproducibility': 0, 'ImpactScope': 0}","{'repair_difficulty': 5, 'ambiguity_count': 0, 'hidden_s2r_present': False, 'root_cause_evidence': 1, 'impact_scope': 0}","{'Actionability': -0.5800418934273981, 'Clarity': -0.5800418934273981, 'Specificity': -0.5800418934273981, 'Reproducibility': -0.048336824452283135, 'ReasoningQuality': -0.5800418934273981, 'TechnicalContext': -0.5800418934273981, 'Ambiguity': 2.078483451448177, 'RepairReadiness': 2.078483451448177, 'RootCauseEvidence': -0.048336824452283135, 'HiddenReproducibility': -0.5800418934273981, 'ImpactScope': -0.5800418934273981}"
Math-92,Math,1.0,1.0,"{'Actionability': 0, 'Clarity': 2, 'Specificity': 1, 'Reproducibility': 3, 'ReasoningQuality': 1, 'TechnicalContext': 0, 'Ambiguity': 1, 'RepairReadiness': 2, 'RootCauseEvidence': 1, 'HiddenReproducibility': 0, 'ImpactScope': 0}","{'repair_difficulty': 3, 'ambiguity_count': 1, 'hidden_s2r_present': False, 'root_cause_evidence': 1, 'impact_scope': 0}","{'Actionability': -0.9977851578566089, 'Clarity': 0.4656330736664176, 'Specificity': -0.26607604209509567, 'Reproducibility': 1.1973421894279308, 'ReasoningQuality': -0.26607604209509567, 'TechnicalContext': -0.9977851578566089, 'Ambiguity': 1.9290513051894442, 'RepairReadiness': 1.1973421894279308, 'RootCauseEvidence': -0.26607604209509567, 'HiddenReproducibility': -0.9977851578566089, 'ImpactScope': -0.9977851578566089}"
Math-93,Math,1.0,1.0,"{'Actionability': 0, 'Clarity': 1, 'Specificity': 0, 'Reproducibility': 1, 'ReasoningQuality': 1, 'TechnicalContext': 0, 'Ambiguity': 0, 'RepairReadiness': 1, 'RootCauseEvidence': 2, 'HiddenReproducibility': 0, 'ImpactScope': 0}","{'repair_difficulty': 4, 'ambiguity_count': 0, 'hidden_s2r_present': False, 'root_cause_evidence': 2, 'impact_scope': 0}","{'Actionability': -0.7683498199278324, 'Clarity': -0.16464638998453549, 'Specificity': -0.7683498199278324, 'Reproducibility': -0.16464638998453549, 'ReasoningQuality': -0.16464638998453549, 'TechnicalContext': -0.7683498199278324, 'Ambiguity': 2.250167329788652, 'RepairReadiness': 1.6464638998453551, 'RootCauseEvidence': 0.4390570399587614, 'HiddenReproducibility': -0.7683498199278324, 'ImpactScope': -0.7683498199278324}"
Math-94,Math,1.0,1.0,"{'Actionability': 0, 'Clarity': 1, 'Specificity': 1, 'Reproducibility': 1, 'ReasoningQuality': 1, 'TechnicalContext': 0, 'Ambiguity': 0, 'RepairReadiness': 0, 'RootCauseEvidence': 1, 'HiddenReproducibility': 0, 'ImpactScope': 0}","{'repair_difficulty': 5, 'ambiguity_count': 0, 'hidden_s2r_present': False, 'root_cause_evidence': 1, 'impact_scope': 0}","{'Actionability': -0.7694837640638655, 'Clarity': -0.20519567041703077, 'Specificity': -0.20519567041703077, 'Reproducibility': -0.20519567041703077, 'ReasoningQuality': -0.20519567041703077, 'TechnicalContext': -0.7694837640638655, 'Ambiguity': 2.0519567041703084, 'RepairReadiness': 2.0519567041703084, 'RootCauseEvidence': -0.20519567041703077, 'HiddenReproducibility': -0.7694837640638655, 'ImpactScope': -0.7694837640638655}"
Math-95,Math,1.0,1.0,"{'Actionability': 0, 'Clarity': 2, 'Specificity': 1, 'Reproducibility': 2, 'ReasoningQuality': 1, 'TechnicalContext': 0, 'Ambiguity': 1, 'RepairReadiness': 0, 'RootCauseEvidence': 1, 'HiddenReproducibility': 0, 'ImpactScope': 0}","{'repair_difficulty': 5, 'ambiguity_count': 1, 'hidden_s2r_present': False, 'root_cause_evidence': 1, 'impact_scope': 0}","{'Actionability': -0.900070320740819, 'Clarity': 0.33752637027780713, 'Specificity': -0.281271975231506, 'Reproducibility': 0.33752637027780713, 'ReasoningQuality': -0.281271975231506, 'TechnicalContext': -0.900070320740819, 'Ambiguity': 1.5751230612964333, 'RepairReadiness': 2.1939214068057464, 'RootCauseEvidence': -0.281271975231506, 'HiddenReproducibility': -0.900070320740819, 'ImpactScope': -0.900070320740819}"
Math-96,Math,1.0,1.0,"{'Actionability': 0, 'Clarity': 2, 'Specificity': 1, 'Reproducibility': 2, 'ReasoningQuality': 1, 'TechnicalContext': 0, 'Ambiguity': 0, 'RepairReadiness': 1, 'RootCauseEvidence': 1, 'HiddenReproducibility': 1, 'ImpactScope': 0}","{'repair_difficulty': 4, 'ambiguity_count': 0, 'hidden_s2r_present': True, 'root_cause_evidence': 1, 'impact_scope': 0}","{'Actionability': -0.9914601339836674, 'Clarity': 0.2916059217599022, 'Specificity': -0.3499271061118826, 'Reproducibility': 0.2916059217599022, 'ReasoningQuality': -0.3499271061118826, 'TechnicalContext': -0.9914601339836674, 'Ambiguity': 2.2162050053752567, 'RepairReadiness': 1.5746719775034717, 'RootCauseEvidence': -0.3499271061118826, 'HiddenReproducibility': -0.3499271061118826, 'ImpactScope': -0.9914601339836674}"
Math-97,Math,1.0,1.0,"{'Actionability': 0, 'Clarity': 2, 'Specificity': 0, 'Reproducibility': 1, 'ReasoningQuality': 1, 'TechnicalContext': 0, 'Ambiguity': 0, 'RepairReadiness': 2, 'RootCauseEvidence': 3, 'HiddenReproducibility': 0, 'ImpactScope': 0}","{'repair_difficulty': 3, 'ambiguity_count': 0, 'hidden_s2r_present': False, 'root_cause_evidence': 3, 'impact_scope': 0}","{'Actionability': -0.8464989719746505, 'Clarity': 0.3950328535881703, 'Specificity': -0.8464989719746505, 'Reproducibility': -0.22573305919324008, 'ReasoningQuality': -0.22573305919324008, 'TechnicalContext': -0.8464989719746505, 'Ambiguity': 2.257330591932402, 'RepairReadiness': 1.0157987663695807, 'RootCauseEvidence': 1.0157987663695807, 'HiddenReproducibility': -0.8464989719746505, 'ImpactScope': -0.8464989719746505}"
Math-98,Math,1.0,1.0,"{'Actionability': 0, 'Clarity': 2, 'Specificity': 1, 'Reproducibility': 2, 'ReasoningQuality': 1, 'TechnicalContext': 0, 'Ambiguity': 0, 'RepairReadiness': 1, 'RootCauseEvidence': 1, 'HiddenReproducibility': 0, 'ImpactScope': 0}","{'repair_difficulty': 4, 'ambiguity_count': 0, 'hidden_s2r_present': False, 'root_cause_evidence': 1, 'impact_scope': 0}","{'Actionability': -0.900070320740819, 'Clarity': 0.33752637027780713, 'Specificity': -0.281271975231506, 'Reproducibility': 0.33752637027780713, 'ReasoningQuality': -0.281271975231506, 'TechnicalContext': -0.900070320740819, 'Ambiguity': 2.1939214068057464, 'RepairReadiness': 1.5751230612964333, 'RootCauseEvidence': -0.281271975231506, 'HiddenReproducibility': -0.900070320740819, 'ImpactScope': -0.900070320740819}"
Math-99,Math,1.0,1.0,"{'Actionability': 0, 'Clarity': 0, 'Specificity': 0, 'Reproducibility': 0, 'ReasoningQuality': 0, 'TechnicalContext': 0, 'Ambiguity': 0, 'RepairReadiness': 0, 'RootCauseEvidence': 1, 'HiddenReproducibility': 0, 'ImpactScope': 0}","{'repair_difficulty': 5, 'ambiguity_count': 0, 'hidden_s2r_present': False, 'root_cause_evidence': 1, 'impact_scope': 0}","{'Actionability': -0.5244044240850757, 'Clarity': -0.5244044240850757, 'Specificity': -0.5244044240850757, 'Reproducibility': -0.5244044240850757, 'ReasoningQuality': -0.5244044240850757, 'TechnicalContext': -0.5244044240850757, 'Ambiguity': 2.097617696340303, 'RepairReadiness': 2.097617696340303, 'RootCauseEvidence': 0.0, 'HiddenReproducibility': -0.5244044240850757, 'ImpactScope': -0.5244044240850757}"
Mockito-1,Mockito,1.0,1.0,"{'Actionability': 0, 'Clarity': 0, 'Specificity': 0, 'Reproducibility': 0, 'ReasoningQuality': 0, 'TechnicalContext': 0, 'Ambiguity': 0, 'RepairReadiness': 1, 'RootCauseEvidence': 1, 'HiddenReproducibility': 0, 'ImpactScope': 0}","{'repair_difficulty': 4, 'ambiguity_count': 0, 'hidden_s2r_present': False, 'root_cause_evidence': 1, 'impact_scope': 0}","{'Actionability': -0.5255883312276367, 'Clarity': -0.5255883312276367, 'Specificity': -0.5255883312276367, 'Reproducibility': -0.5255883312276367, 'ReasoningQuality': -0.5255883312276367, 'TechnicalContext': -0.5255883312276367, 'Ambiguity': 2.3651474905243655, 'RepairReadiness': 1.7870003261739649, 'RootCauseEvidence': 0.052558833122763694, 'HiddenReproducibility': -0.5255883312276367, 'ImpactScope': -0.5255883312276367}"
Mockito-10,Mockito,1.0,1.0,"{'Actionability': 0, 'Clarity': 1, 'Specificity': 1, 'Reproducibility': 2, 'ReasoningQuality': 1, 'TechnicalContext': 0, 'Ambiguity': 0, 'RepairReadiness': 2, 'RootCauseEvidence': 1, 'HiddenReproducibility': 0, 'ImpactScope': 0}","{'repair_difficulty': 3, 'ambiguity_count': 0, 'hidden_s2r_present': False, 'root_cause_evidence': 1, 'impact_scope': 0}","{'Actionability': -0.8583950752789522, 'Clarity': -0.18394180184548975, 'Specificity': -0.18394180184548975, 'Reproducibility': 0.4905114715879727, 'ReasoningQuality': -0.18394180184548975, 'TechnicalContext': -0.8583950752789522, 'Ambiguity': 2.51387129188836, 'RepairReadiness': 1.164964745021435, 'RootCauseEvidence': -0.18394180184548975, 'HiddenReproducibility': -0.8583950752789522, 'ImpactScope': -0.8583950752789522}"
Mockito-11,Mockito,1.0,1.0,"{'Actionability': 0, 'Clarity': 3, 'Specificity': 1, 'Reproducibility': 4, 'ReasoningQuality': 3, 'TechnicalContext': 0, 'Ambiguity': 0, 'RepairReadiness': 2, 'RootCauseEvidence': 3, 'HiddenReproducibility': 0, 'ImpactScope': 1}","{'repair_difficulty': 3, 'ambiguity_count': 0, 'hidden_s2r_present': False, 'root_cause_evidence': 3, 'impact_scope': 1}","{'Actionability': -1.2473501324572729, 'Clarity': 0.5423261445466404, 'Specificity': -0.6507913734559684, 'Reproducibility': 1.138884903547945, 'ReasoningQuality': 0.5423261445466404, 'TechnicalContext': -1.2473501324572729, 'Ambiguity': 1.7354436625492493, 'RepairReadiness': 0.5423261445466404, 'RootCauseEvidence': 0.5423261445466404, 'HiddenReproducibility': -1.2473501324572729, 'ImpactScope': -0.6507913734559684}"
Mockito-12,Mockito,1.0,1.0,"{'Actionability': 0, 'Clarity': 0, 'Specificity': 0, 'Reproducibility': 0, 'ReasoningQuality': 0, 'TechnicalContext': 0, 'Ambiguity': 0, 'RepairReadiness': 1, 'RootCauseEvidence': 1, 'HiddenReproducibility': 0, 'ImpactScope': 0}","{'repair_difficulty': 4, 'ambiguity_count': 0, 'hidden_s2r_present': False, 'root_cause_evidence': 1, 'impact_scope': 0}","{'Actionability': -0.5255883312276367, 'Clarity': -0.5255883312276367, 'Specificity': -0.5255883312276367, 'Reproducibility': -0.5255883312276367, 'ReasoningQuality': -0.5255883312276367, 'TechnicalContext': -0.5255883312276367, 'Ambiguity': 2.3651474905243655, 'RepairReadiness': 1.7870003261739649, 'RootCauseEvidence': 0.052558833122763694, 'HiddenReproducibility': -0.5255883312276367, 'ImpactScope': -0.5255883312276367}"
Mockito-13,Mockito,1.0,1.0,"{'Actionability': 0, 'Clarity': 0, 'Specificity': 0, 'Reproducibility': 0, 'ReasoningQuality': 0, 'TechnicalContext': 0, 'Ambiguity': 0, 'RepairReadiness': 1, 'RootCauseEvidence': 1, 'HiddenReproducibility': 0, 'ImpactScope': 0}","{'repair_difficulty': 4, 'ambiguity_count': 0, 'hidden_s2r_present': False, 'root_cause_evidence': 1, 'impact_scope': 0}","{'Actionability': -0.5255883312276367, 'Clarity': -0.5255883312276367, 'Specificity': -0.5255883312276367, 'Reproducibility': -0.5255883312276367, 'ReasoningQuality': -0.5255883312276367, 'TechnicalContext': -0.5255883312276367, 'Ambiguity': 2.3651474905243655, 'RepairReadiness': 1.7870003261739649, 'RootCauseEvidence': 0.052558833122763694, 'HiddenReproducibility': -0.5255883312276367, 'ImpactScope': -0.5255883312276367}"
Mockito-14,Mockito,1.0,1.0,"{'Actionability': 0, 'Clarity': 0, 'Specificity': 0, 'Reproducibility': 0, 'ReasoningQuality': 0, 'TechnicalContext': 0, 'Ambiguity': 0, 'RepairReadiness': 1, 'RootCauseEvidence': 1, 'HiddenReproducibility': 0, 'ImpactScope': 0}","{'repair_difficulty': 4, 'ambiguity_count': 0, 'hidden_s2r_present': False, 'root_cause_evidence': 1, 'impact_scope': 0}","{'Actionability': -0.5255883312276367, 'Clarity': -0.5255883312276367, 'Specificity': -0.5255883312276367, 'Reproducibility': -0.5255883312276367, 'ReasoningQuality': -0.5255883312276367, 'TechnicalContext': -0.5255883312276367, 'Ambiguity': 2.3651474905243655, 'RepairReadiness': 1.7870003261739649, 'RootCauseEvidence': 0.052558833122763694, 'HiddenReproducibility': -0.5255883312276367, 'ImpactScope': -0.5255883312276367}"
Mockito-15,Mockito,1.0,1.0,"{'Actionability': 0, 'Clarity': 0, 'Specificity': 0, 'Reproducibility': 0, 'ReasoningQuality': 0, 'TechnicalContext': 0, 'Ambiguity': 0, 'RepairReadiness': 1, 'RootCauseEvidence': 1, 'HiddenReproducibility': 0, 'ImpactScope': 0}","{'repair_difficulty': 4, 'ambiguity_count': 0, 'hidden_s2r_present': False, 'root_cause_evidence': 1, 'impact_scope': 0}","{'Actionability': -0.5255883312276367, 'Clarity': -0.5255883312276367, 'Specificity': -0.5255883312276367, 'Reproducibility': -0.5255883312276367, 'ReasoningQuality': -0.5255883312276367, 'TechnicalContext': -0.5255883312276367, 'Ambiguity': 2.3651474905243655, 'RepairReadiness': 1.7870003261739649, 'RootCauseEvidence': 0.052558833122763694, 'HiddenReproducibility': -0.5255883312276367, 'ImpactScope': -0.5255883312276367}"
Mockito-16,Mockito,1.0,1.0,"{'Actionability': 0, 'Clarity': 0, 'Specificity': 0, 'Reproducibility': 0, 'ReasoningQuality': 0, 'TechnicalContext': 0, 'Ambiguity': 0, 'RepairReadiness': 1, 'RootCauseEvidence': 1, 'HiddenReproducibility': 0, 'ImpactScope': 0}","{'repair_difficulty': 4, 'ambiguity_count': 0, 'hidden_s2r_present': False, 'root_cause_evidence': 1, 'impact_scope': 0}","{'Actionability': -0.5255883312276367, 'Clarity': -0.5255883312276367, 'Specificity': -0.5255883312276367, 'Reproducibility': -0.5255883312276367, 'ReasoningQuality': -0.5255883312276367, 'TechnicalContext': -0.5255883312276367, 'Ambiguity': 2.3651474905243655, 'RepairReadiness': 1.7870003261739649, 'RootCauseEvidence': 0.052558833122763694, 'HiddenReproducibility': -0.5255883312276367, 'ImpactScope': -0.5255883312276367}"
Mockito-17,Mockito,1.0,1.0,"{'Actionability': 0, 'Clarity': 0, 'Specificity': 0, 'Reproducibility': 0, 'ReasoningQuality': 0, 'TechnicalContext': 0, 'Ambiguity': 0, 'RepairReadiness': 1, 'RootCauseEvidence': 1, 'HiddenReproducibility': 0, 'ImpactScope': 0}","{'repair_difficulty': 4, 'ambiguity_count': 0, 'hidden_s2r_present': False, 'root_cause_evidence': 1, 'impact_scope': 0}","{'Actionability': -0.5255883312276367, 'Clarity': -0.5255883312276367, 'Specificity': -0.5255883312276367, 'Reproducibility': -0.5255883312276367, 'ReasoningQuality': -0.5255883312276367, 'TechnicalContext': -0.5255883312276367, 'Ambiguity': 2.3651474905243655, 'RepairReadiness': 1.7870003261739649, 'RootCauseEvidence': 0.052558833122763694, 'HiddenReproducibility': -0.5255883312276367, 'ImpactScope': -0.5255883312276367}"
Mockito-18,Mockito,1.0,1.0,"{'Actionability': 0, 'Clarity': 1, 'Specificity': 0, 'Reproducibility': 3, 'ReasoningQuality': 1, 'TechnicalContext': 0, 'Ambiguity': 1, 'RepairReadiness': 3, 'RootCauseEvidence': 1, 'HiddenReproducibility': 0, 'ImpactScope': 0}","{'repair_difficulty': 2, 'ambiguity_count': 1, 'hidden_s2r_present': False, 'root_cause_evidence': 1, 'impact_scope': 0}","{'Actionability': -0.8320502943378436, 'Clarity': -0.06933752452815357, 'Specificity': -0.8320502943378436, 'Reproducibility': 1.4560880150912263, 'ReasoningQuality': -0.06933752452815357, 'TechnicalContext': -0.8320502943378436, 'Ambiguity': 2.2188007849009166, 'RepairReadiness': 0.6933752452815364, 'RootCauseEvidence': -0.06933752452815357, 'HiddenReproducibility': -0.8320502943378436, 'ImpactScope': -0.8320502943378436}"
Mockito-19,Mockito,1.0,1.0,"{'Actionability': 0, 'Clarity': 2, 'Specificity': 1, 'Reproducibility': 1, 'ReasoningQuality': 1, 'TechnicalContext': 0, 'Ambiguity': 0, 'RepairReadiness': 2, 'RootCauseEvidence': 2, 'HiddenReproducibility': 0, 'ImpactScope': 0}","{'repair_difficulty': 3, 'ambiguity_count': 0, 'hidden_s2r_present': False, 'root_cause_evidence': 2, 'impact_scope': 0}","{'Actionability': -0.9128709291752768, 'Clarity': 0.4260064336151293, 'Specificity': -0.24343224778007377, 'Reproducibility': -0.24343224778007377, 'ReasoningQuality': -0.24343224778007377, 'TechnicalContext': -0.9128709291752768, 'Ambiguity': 2.4343224778007384, 'RepairReadiness': 1.0954451150103324, 'RootCauseEvidence': 0.4260064336151293, 'HiddenReproducibility': -0.9128709291752768, 'ImpactScope': -0.9128709291752768}"
Mockito-2,Mockito,1.0,1.0,"{'Actionability': 0, 'Clarity': 0, 'Specificity': 0, 'Reproducibility': 0, 'ReasoningQuality': 0, 'TechnicalContext': 0, 'Ambiguity': 1, 'RepairReadiness': 1, 'RootCauseEvidence': 0, 'HiddenReproducibility': 0, 'ImpactScope': 0}","{'repair_difficulty': 4, 'ambiguity_count': 1, 'hidden_s2r_present': False, 'root_cause_evidence': 0, 'impact_scope': 0}","{'Actionability': -0.4714045207910317, 'Clarity': -0.4714045207910317, 'Specificity': -0.4714045207910317, 'Reproducibility': -0.4714045207910317, 'ReasoningQuality': -0.4714045207910317, 'TechnicalContext': -0.4714045207910317, 'Ambiguity': 2.1213203435596424, 'RepairReadiness': 2.1213203435596424, 'RootCauseEvidence': -0.4714045207910317, 'HiddenReproducibility': -0.4714045207910317, 'ImpactScope': -0.4714045207910317}"
Mockito-20,Mockito,1.0,1.0,"{'Actionability': 1, 'Clarity': 3, 'Specificity': 1, 'Reproducibility': 3, 'ReasoningQuality': 1, 'TechnicalContext': 1, 'Ambiguity': 1, 'RepairReadiness': 2, 'RootCauseEvidence': 2, 'HiddenReproducibility': 0, 'ImpactScope': 0}","{'repair_difficulty': 3, 'ambiguity_count': 1, 'hidden_s2r_present': False, 'root_cause_evidence': 2, 'impact_scope': 0}","{'Actionability': -0.565685424949238, 'Clarity': 0.9899494936611665, 'Specificity': -0.565685424949238, 'Reproducibility': 0.9899494936611665, 'ReasoningQuality': -0.565685424949238, 'TechnicalContext': -0.565685424949238, 'Ambiguity': 1.7677669529663684, 'RepairReadiness': 0.9899494936611665, 'RootCauseEvidence': 0.21213203435596423, 'HiddenReproducibility': -1.3435028842544403, 'ImpactScope': -1.3435028842544403}"
Mockito-21,Mockito,1.0,1.0,"{'Actionability': 1, 'Clarity': 3, 'Specificity': 1, 'Reproducibility': 3, 'ReasoningQuality': 1, 'TechnicalContext': 1, 'Ambiguity': 1, 'RepairReadiness': 2, 'RootCauseEvidence': 2, 'HiddenReproducibility': 0, 'ImpactScope': 0}","{'repair_difficulty': 3, 'ambiguity_count': 1, 'hidden_s2r_present': False, 'root_cause_evidence': 2, 'impact_scope': 0}","{'Actionability': -0.565685424949238, 'Clarity': 0.9899494936611665, 'Specificity': -0.565685424949238, 'Reproducibility': 0.9899494936611665, 'ReasoningQuality': -0.565685424949238, 'TechnicalContext': -0.565685424949238, 'Ambiguity': 1.7677669529663684, 'RepairReadiness': 0.9899494936611665, 'RootCauseEvidence': 0.21213203435596423, 'HiddenReproducibility': -1.3435028842544403, 'ImpactScope': -1.3435028842544403}"
Mockito-22,Mockito,1.0,1.0,"{'Actionability': 0, 'Clarity': 0, 'Specificity': 0, 'Reproducibility': 0, 'ReasoningQuality': 0, 'TechnicalContext': 0, 'Ambiguity': 0, 'RepairReadiness': 1, 'RootCauseEvidence': 1, 'HiddenReproducibility': 0, 'ImpactScope': 0}","{'repair_difficulty': 4, 'ambiguity_count': 0, 'hidden_s2r_present': False, 'root_cause_evidence': 1, 'impact_scope': 0}","{'Actionability': -0.5255883312276367, 'Clarity': -0.5255883312276367, 'Specificity': -0.5255883312276367, 'Reproducibility': -0.5255883312276367, 'ReasoningQuality': -0.5255883312276367, 'TechnicalContext': -0.5255883312276367, 'Ambiguity': 2.3651474905243655, 'RepairReadiness': 1.7870003261739649, 'RootCauseEvidence': 0.052558833122763694, 'HiddenReproducibility': -0.5255883312276367, 'ImpactScope': -0.5255883312276367}"
Mockito-23,Mockito,1.0,1.0,"{'Actionability': 0, 'Clarity': 0, 'Specificity': 0, 'Reproducibility': 0, 'ReasoningQuality': 0, 'TechnicalContext': 0, 'Ambiguity': 0, 'RepairReadiness': 1, 'RootCauseEvidence': 1, 'HiddenReproducibility': 0, 'ImpactScope': 0}","{'repair_difficulty': 4, 'ambiguity_count': 0, 'hidden_s2r_present': False, 'root_cause_evidence': 1, 'impact_scope': 0}","{'Actionability': -0.5255883312276367, 'Clarity': -0.5255883312276367, 'Specificity': -0.5255883312276367, 'Reproducibility': -0.5255883312276367, 'ReasoningQuality': -0.5255883312276367, 'TechnicalContext': -0.5255883312276367, 'Ambiguity': 2.3651474905243655, 'RepairReadiness': 1.7870003261739649, 'RootCauseEvidence': 0.052558833122763694, 'HiddenReproducibility': -0.5255883312276367, 'ImpactScope': -0.5255883312276367}"
Mockito-24,Mockito,1.0,1.0,"{'Actionability': 0, 'Clarity': 0, 'Specificity': 0, 'Reproducibility': 0, 'ReasoningQuality': 0, 'TechnicalContext': 0, 'Ambiguity': 0, 'RepairReadiness': 1, 'RootCauseEvidence': 1, 'HiddenReproducibility': 0, 'ImpactScope': 0}","{'repair_difficulty': 4, 'ambiguity_count': 0, 'hidden_s2r_present': False, 'root_cause_evidence': 1, 'impact_scope': 0}","{'Actionability': -0.5255883312276367, 'Clarity': -0.5255883312276367, 'Specificity': -0.5255883312276367, 'Reproducibility': -0.5255883312276367, 'ReasoningQuality': -0.5255883312276367, 'TechnicalContext': -0.5255883312276367, 'Ambiguity': 2.3651474905243655, 'RepairReadiness': 1.7870003261739649, 'RootCauseEvidence': 0.052558833122763694, 'HiddenReproducibility': -0.5255883312276367, 'ImpactScope': -0.5255883312276367}"
Mockito-25,Mockito,1.0,1.0,"{'Actionability': 0, 'Clarity': 0, 'Specificity': 0, 'Reproducibility': 0, 'ReasoningQuality': 0, 'TechnicalContext': 0, 'Ambiguity': 0, 'RepairReadiness': 1, 'RootCauseEvidence': 1, 'HiddenReproducibility': 0, 'ImpactScope': 0}","{'repair_difficulty': 4, 'ambiguity_count': 0, 'hidden_s2r_present': False, 'root_cause_evidence': 1, 'impact_scope': 0}","{'Actionability': -0.5255883312276367, 'Clarity': -0.5255883312276367, 'Specificity': -0.5255883312276367, 'Reproducibility': -0.5255883312276367, 'ReasoningQuality': -0.5255883312276367, 'TechnicalContext': -0.5255883312276367, 'Ambiguity': 2.3651474905243655, 'RepairReadiness': 1.7870003261739649, 'RootCauseEvidence': 0.052558833122763694, 'HiddenReproducibility': -0.5255883312276367, 'ImpactScope': -0.5255883312276367}"
Mockito-26,Mockito,1.0,1.0,"{'Actionability': 0, 'Clarity': 0, 'Specificity': 0, 'Reproducibility': 0, 'ReasoningQuality': 0, 'TechnicalContext': 0, 'Ambiguity': 0, 'RepairReadiness': 1, 'RootCauseEvidence': 1, 'HiddenReproducibility': 0, 'ImpactScope': 0}","{'repair_difficulty': 4, 'ambiguity_count': 0, 'hidden_s2r_present': False, 'root_cause_evidence': 1, 'impact_scope': 0}","{'Actionability': -0.5255883312276367, 'Clarity': -0.5255883312276367, 'Specificity': -0.5255883312276367, 'Reproducibility': -0.5255883312276367, 'ReasoningQuality': -0.5255883312276367, 'TechnicalContext': -0.5255883312276367, 'Ambiguity': 2.3651474905243655, 'RepairReadiness': 1.7870003261739649, 'RootCauseEvidence': 0.052558833122763694, 'HiddenReproducibility': -0.5255883312276367, 'ImpactScope': -0.5255883312276367}"
Mockito-27,Mockito,1.0,1.0,"{'Actionability': 0, 'Clarity': 0, 'Specificity': 0, 'Reproducibility': 0, 'ReasoningQuality': 0, 'TechnicalContext': 0, 'Ambiguity': 0, 'RepairReadiness': 1, 'RootCauseEvidence': 1, 'HiddenReproducibility': 0, 'ImpactScope': 0}","{'repair_difficulty': 4, 'ambiguity_count': 0, 'hidden_s2r_present': False, 'root_cause_evidence': 1, 'impact_scope': 0}","{'Actionability': -0.5255883312276367, 'Clarity': -0.5255883312276367, 'Specificity': -0.5255883312276367, 'Reproducibility': -0.5255883312276367, 'ReasoningQuality': -0.5255883312276367, 'TechnicalContext': -0.5255883312276367, 'Ambiguity': 2.3651474905243655, 'RepairReadiness': 1.7870003261739649, 'RootCauseEvidence': 0.052558833122763694, 'HiddenReproducibility': -0.5255883312276367, 'ImpactScope': -0.5255883312276367}"
Mockito-28,Mockito,1.0,1.0,"{'Actionability': 0, 'Clarity': 0, 'Specificity': 0, 'Reproducibility': 0, 'ReasoningQuality': 0, 'TechnicalContext': 0, 'Ambiguity': 0, 'RepairReadiness': 1, 'RootCauseEvidence': 1, 'HiddenReproducibility': 0, 'ImpactScope': 0}","{'repair_difficulty': 4, 'ambiguity_count': 0, 'hidden_s2r_present': False, 'root_cause_evidence': 1, 'impact_scope': 0}","{'Actionability': -0.5255883312276367, 'Clarity': -0.5255883312276367, 'Specificity': -0.5255883312276367, 'Reproducibility': -0.5255883312276367, 'ReasoningQuality': -0.5255883312276367, 'TechnicalContext': -0.5255883312276367, 'Ambiguity': 2.3651474905243655, 'RepairReadiness': 1.7870003261739649, 'RootCauseEvidence': 0.052558833122763694, 'HiddenReproducibility': -0.5255883312276367, 'ImpactScope': -0.5255883312276367}"
Mockito-29,Mockito,1.0,1.0,"{'Actionability': 0, 'Clarity': 0, 'Specificity': 0, 'Reproducibility': 0, 'ReasoningQuality': 0, 'TechnicalContext': 0, 'Ambiguity': 0, 'RepairReadiness': 1, 'RootCauseEvidence': 1, 'HiddenReproducibility': 0, 'ImpactScope': 0}","{'repair_difficulty': 4, 'ambiguity_count': 0, 'hidden_s2r_present': False, 'root_cause_evidence': 1, 'impact_scope': 0}","{'Actionability': -0.5255883312276367, 'Clarity': -0.5255883312276367, 'Specificity': -0.5255883312276367, 'Reproducibility': -0.5255883312276367, 'ReasoningQuality': -0.5255883312276367, 'TechnicalContext': -0.5255883312276367, 'Ambiguity': 2.3651474905243655, 'RepairReadiness': 1.7870003261739649, 'RootCauseEvidence': 0.052558833122763694, 'HiddenReproducibility': -0.5255883312276367, 'ImpactScope': -0.5255883312276367}"
Mockito-3,Mockito,1.0,1.0,"{'Actionability': 0, 'Clarity': 0, 'Specificity': 0, 'Reproducibility': 0, 'ReasoningQuality': 0, 'TechnicalContext': 0, 'Ambiguity': 0, 'RepairReadiness': 1, 'RootCauseEvidence': 1, 'HiddenReproducibility': 0, 'ImpactScope': 0}","{'repair_difficulty': 4, 'ambiguity_count': 0, 'hidden_s2r_present': False, 'root_cause_evidence': 1, 'impact_scope': 0}","{'Actionability': -0.5255883312276367, 'Clarity': -0.5255883312276367, 'Specificity': -0.5255883312276367, 'Reproducibility': -0.5255883312276367, 'ReasoningQuality': -0.5255883312276367, 'TechnicalContext': -0.5255883312276367, 'Ambiguity': 2.3651474905243655, 'RepairReadiness': 1.7870003261739649, 'RootCauseEvidence': 0.052558833122763694, 'HiddenReproducibility': -0.5255883312276367, 'ImpactScope': -0.5255883312276367}"
Mockito-30,Mockito,1.0,1.0,"{'Actionability': 0, 'Clarity': 0, 'Specificity': 0, 'Reproducibility': 0, 'ReasoningQuality': 0, 'TechnicalContext': 0, 'Ambiguity': 0, 'RepairReadiness': 1, 'RootCauseEvidence': 1, 'HiddenReproducibility': 0, 'ImpactScope': 0}","{'repair_difficulty': 4, 'ambiguity_count': 0, 'hidden_s2r_present': False, 'root_cause_evidence': 1, 'impact_scope': 0}","{'Actionability': -0.5255883312276367, 'Clarity': -0.5255883312276367, 'Specificity': -0.5255883312276367, 'Reproducibility': -0.5255883312276367, 'ReasoningQuality': -0.5255883312276367, 'TechnicalContext': -0.5255883312276367, 'Ambiguity': 2.3651474905243655, 'RepairReadiness': 1.7870003261739649, 'RootCauseEvidence': 0.052558833122763694, 'HiddenReproducibility': -0.5255883312276367, 'ImpactScope': -0.5255883312276367}"
Mockito-31,Mockito,1.0,1.0,"{'Actionability': 0, 'Clarity': 0, 'Specificity': 0, 'Reproducibility': 0, 'ReasoningQuality': 0, 'TechnicalContext': 0, 'Ambiguity': 0, 'RepairReadiness': 1, 'RootCauseEvidence': 1, 'HiddenReproducibility': 0, 'ImpactScope': 0}","{'repair_difficulty': 4, 'ambiguity_count': 0, 'hidden_s2r_present': False, 'root_cause_evidence': 1, 'impact_scope': 0}","{'Actionability': -0.5255883312276367, 'Clarity': -0.5255883312276367, 'Specificity': -0.5255883312276367, 'Reproducibility': -0.5255883312276367, 'ReasoningQuality': -0.5255883312276367, 'TechnicalContext': -0.5255883312276367, 'Ambiguity': 2.3651474905243655, 'RepairReadiness': 1.7870003261739649, 'RootCauseEvidence': 0.052558833122763694, 'HiddenReproducibility': -0.5255883312276367, 'ImpactScope': -0.5255883312276367}"
Mockito-32,Mockito,1.0,1.0,"{'Actionability': 0, 'Clarity': 0, 'Specificity': 0, 'Reproducibility': 0, 'ReasoningQuality': 0, 'TechnicalContext': 0, 'Ambiguity': 0, 'RepairReadiness': 1, 'RootCauseEvidence': 1, 'HiddenReproducibility': 0, 'ImpactScope': 0}","{'repair_difficulty': 4, 'ambiguity_count': 0, 'hidden_s2r_present': False, 'root_cause_evidence': 1, 'impact_scope': 0}","{'Actionability': -0.5255883312276367, 'Clarity': -0.5255883312276367, 'Specificity': -0.5255883312276367, 'Reproducibility': -0.5255883312276367, 'ReasoningQuality': -0.5255883312276367, 'TechnicalContext': -0.5255883312276367, 'Ambiguity': 2.3651474905243655, 'RepairReadiness': 1.7870003261739649, 'RootCauseEvidence': 0.052558833122763694, 'HiddenReproducibility': -0.5255883312276367, 'ImpactScope': -0.5255883312276367}"
Mockito-33,Mockito,1.0,1.0,"{'Actionability': 0, 'Clarity': 0, 'Specificity': 0, 'Reproducibility': 0, 'ReasoningQuality': 0, 'TechnicalContext': 0, 'Ambiguity': 0, 'RepairReadiness': 1, 'RootCauseEvidence': 1, 'HiddenReproducibility': 0, 'ImpactScope': 0}","{'repair_difficulty': 4, 'ambiguity_count': 0, 'hidden_s2r_present': False, 'root_cause_evidence': 1, 'impact_scope': 0}","{'Actionability': -0.5255883312276367, 'Clarity': -0.5255883312276367, 'Specificity': -0.5255883312276367, 'Reproducibility': -0.5255883312276367, 'ReasoningQuality': -0.5255883312276367, 'TechnicalContext': -0.5255883312276367, 'Ambiguity': 2.3651474905243655, 'RepairReadiness': 1.7870003261739649, 'RootCauseEvidence': 0.052558833122763694, 'HiddenReproducibility': -0.5255883312276367, 'ImpactScope': -0.5255883312276367}"
Mockito-34,Mockito,1.0,1.0,"{'Actionability': 0, 'Clarity': 0, 'Specificity': 0, 'Reproducibility': 0, 'ReasoningQuality': 0, 'TechnicalContext': 0, 'Ambiguity': 0, 'RepairReadiness': 1, 'RootCauseEvidence': 1, 'HiddenReproducibility': 0, 'ImpactScope': 0}","{'repair_difficulty': 4, 'ambiguity_count': 0, 'hidden_s2r_present': False, 'root_cause_evidence': 1, 'impact_scope': 0}","{'Actionability': -0.5255883312276367, 'Clarity': -0.5255883312276367, 'Specificity': -0.5255883312276367, 'Reproducibility': -0.5255883312276367, 'ReasoningQuality': -0.5255883312276367, 'TechnicalContext': -0.5255883312276367, 'Ambiguity': 2.3651474905243655, 'RepairReadiness': 1.7870003261739649, 'RootCauseEvidence': 0.052558833122763694, 'HiddenReproducibility': -0.5255883312276367, 'ImpactScope': -0.5255883312276367}"
Mockito-35,Mockito,1.0,1.0,"{'Actionability': 0, 'Clarity': 0, 'Specificity': 0, 'Reproducibility': 0, 'ReasoningQuality': 0, 'TechnicalContext': 0, 'Ambiguity': 0, 'RepairReadiness': 1, 'RootCauseEvidence': 1, 'HiddenReproducibility': 0, 'ImpactScope': 0}","{'repair_difficulty': 4, 'ambiguity_count': 0, 'hidden_s2r_present': False, 'root_cause_evidence': 1, 'impact_scope': 0}","{'Actionability': -0.5255883312276367, 'Clarity': -0.5255883312276367, 'Specificity': -0.5255883312276367, 'Reproducibility': -0.5255883312276367, 'ReasoningQuality': -0.5255883312276367, 'TechnicalContext': -0.5255883312276367, 'Ambiguity': 2.3651474905243655, 'RepairReadiness': 1.7870003261739649, 'RootCauseEvidence': 0.052558833122763694, 'HiddenReproducibility': -0.5255883312276367, 'ImpactScope': -0.5255883312276367}"
Mockito-36,Mockito,1.0,1.0,"{'Actionability': 0, 'Clarity': 0, 'Specificity': 0, 'Reproducibility': 0, 'ReasoningQuality': 0, 'TechnicalContext': 0, 'Ambiguity': 0, 'RepairReadiness': 1, 'RootCauseEvidence': 1, 'HiddenReproducibility': 0, 'ImpactScope': 0}","{'repair_difficulty': 4, 'ambiguity_count': 0, 'hidden_s2r_present': False, 'root_cause_evidence': 1, 'impact_scope': 0}","{'Actionability': -0.5255883312276367, 'Clarity': -0.5255883312276367, 'Specificity': -0.5255883312276367, 'Reproducibility': -0.5255883312276367, 'ReasoningQuality': -0.5255883312276367, 'TechnicalContext': -0.5255883312276367, 'Ambiguity': 2.3651474905243655, 'RepairReadiness': 1.7870003261739649, 'RootCauseEvidence': 0.052558833122763694, 'HiddenReproducibility': -0.5255883312276367, 'ImpactScope': -0.5255883312276367}"
Mockito-37,Mockito,1.0,1.0,"{'Actionability': 0, 'Clarity': 0, 'Specificity': 0, 'Reproducibility': 0, 'ReasoningQuality': 0, 'TechnicalContext': 0, 'Ambiguity': 0, 'RepairReadiness': 1, 'RootCauseEvidence': 1, 'HiddenReproducibility': 0, 'ImpactScope': 0}","{'repair_difficulty': 4, 'ambiguity_count': 0, 'hidden_s2r_present': False, 'root_cause_evidence': 1, 'impact_scope': 0}","{'Actionability': -0.5255883312276367, 'Clarity': -0.5255883312276367, 'Specificity': -0.5255883312276367, 'Reproducibility': -0.5255883312276367, 'ReasoningQuality': -0.5255883312276367, 'TechnicalContext': -0.5255883312276367, 'Ambiguity': 2.3651474905243655, 'RepairReadiness': 1.7870003261739649, 'RootCauseEvidence': 0.052558833122763694, 'HiddenReproducibility': -0.5255883312276367, 'ImpactScope': -0.5255883312276367}"
Mockito-38,Mockito,1.0,1.0,"{'Actionability': 0, 'Clarity': 0, 'Specificity': 0, 'Reproducibility': 0, 'ReasoningQuality': 0, 'TechnicalContext': 0, 'Ambiguity': 0, 'RepairReadiness': 1, 'RootCauseEvidence': 1, 'HiddenReproducibility': 0, 'ImpactScope': 0}","{'repair_difficulty': 4, 'ambiguity_count': 0, 'hidden_s2r_present': False, 'root_cause_evidence': 1, 'impact_scope': 0}","{'Actionability': -0.5255883312276367, 'Clarity': -0.5255883312276367, 'Specificity': -0.5255883312276367, 'Reproducibility': -0.5255883312276367, 'ReasoningQuality': -0.5255883312276367, 'TechnicalContext': -0.5255883312276367, 'Ambiguity': 2.3651474905243655, 'RepairReadiness': 1.7870003261739649, 'RootCauseEvidence': 0.052558833122763694, 'HiddenReproducibility': -0.5255883312276367, 'ImpactScope': -0.5255883312276367}"
Mockito-4,Mockito,1.0,1.0,"{'Actionability': 0, 'Clarity': 0, 'Specificity': 0, 'Reproducibility': 0, 'ReasoningQuality': 0, 'TechnicalContext': 0, 'Ambiguity': 1, 'RepairReadiness': 0, 'RootCauseEvidence': 0, 'HiddenReproducibility': 0, 'ImpactScope': 0}","{'repair_difficulty': 5, 'ambiguity_count': 1, 'hidden_s2r_present': False, 'root_cause_evidence': 0, 'impact_scope': 0}","{'Actionability': -0.46788772041903276, 'Clarity': -0.46788772041903276, 'Specificity': -0.46788772041903276, 'Reproducibility': -0.46788772041903276, 'ReasoningQuality': -0.46788772041903276, 'TechnicalContext': -0.46788772041903276, 'Ambiguity': 1.819563357185127, 'RepairReadiness': 2.391426126586167, 'RootCauseEvidence': -0.46788772041903276, 'HiddenReproducibility': -0.46788772041903276, 'ImpactScope': -0.46788772041903276}"
Mockito-5,Mockito,1.0,1.0,"{'Actionability': 4, 'Clarity': 2, 'Specificity': 2, 'Reproducibility': 2, 'ReasoningQuality': 3, 'TechnicalContext': 1, 'Ambiguity': 2, 'RepairReadiness': 1, 'RootCauseEvidence': 2, 'HiddenReproducibility': 0, 'ImpactScope': 2}","{'repair_difficulty': 4, 'ambiguity_count': 2, 'hidden_s2r_present': False, 'root_cause_evidence': 2, 'impact_scope': 2}","{'Actionability': 1.5212174611483278, 'Clarity': -0.2401922307076309, 'Specificity': -0.2401922307076309, 'Reproducibility': -0.2401922307076309, 'ReasoningQuality': 0.6405126152203484, 'TechnicalContext': -1.1208970766356101, 'Ambiguity': 0.6405126152203484, 'RepairReadiness': 1.5212174611483278, 'RootCauseEvidence': -0.2401922307076309, 'HiddenReproducibility': -2.0016019225635895, 'ImpactScope': -0.2401922307076309}"
Mockito-6,Mockito,1.0,1.0,"{'Actionability': 0, 'Clarity': 1, 'Specificity': 1, 'Reproducibility': 3, 'ReasoningQuality': 1, 'TechnicalContext': 0, 'Ambiguity': 2, 'RepairReadiness': 3, 'RootCauseEvidence': 1, 'HiddenReproducibility': 1, 'ImpactScope': 0}","{'repair_difficulty': 2, 'ambiguity_count': 2, 'hidden_s2r_present': True, 'root_cause_evidence': 1, 'impact_scope': 0}","{'Actionability': -1.1490485194281397, 'Clarity': -0.17677669529663692, 'Specificity': -0.17677669529663692, 'Reproducibility': 1.7677669529663687, 'ReasoningQuality': -0.17677669529663692, 'TechnicalContext': -1.1490485194281397, 'Ambiguity': 1.7677669529663687, 'RepairReadiness': 0.7954951288348658, 'RootCauseEvidence': -0.17677669529663692, 'HiddenReproducibility': -0.17677669529663692, 'ImpactScope': -1.1490485194281397}"
Mockito-7,Mockito,1.0,1.0,"{'Actionability': 3, 'Clarity': 2, 'Specificity': 1, 'Reproducibility': 2, 'ReasoningQuality': 2, 'TechnicalContext': 0, 'Ambiguity': 0, 'RepairReadiness': 1, 'RootCauseEvidence': 1, 'HiddenReproducibility': 0, 'ImpactScope': 0}","{'repair_difficulty': 4, 'ambiguity_count': 0, 'hidden_s2r_present': False, 'root_cause_evidence': 1, 'impact_scope': 0}","{'Actionability': 0.7456011350793257, 'Clarity': 0.11470786693528091, 'Specificity': -0.5161854012087639, 'Reproducibility': 0.11470786693528091, 'ReasoningQuality': 0.11470786693528091, 'TechnicalContext': -1.1470786693528088, 'Ambiguity': 2.007387671367415, 'RepairReadiness': 1.3764944032233704, 'RootCauseEvidence': -0.5161854012087639, 'HiddenReproducibility': -1.1470786693528088, 'ImpactScope': -1.1470786693528088}"
Mockito-8,Mockito,1.0,1.0,"{'Actionability': 0, 'Clarity': 1, 'Specificity': 2, 'Reproducibility': 1, 'ReasoningQuality': 1, 'TechnicalContext': 0, 'Ambiguity': 0, 'RepairReadiness': 1, 'RootCauseEvidence': 2, 'HiddenReproducibility': 0, 'ImpactScope': 2}","{'repair_difficulty': 4, 'ambiguity_count': 0, 'hidden_s2r_present': False, 'root_cause_evidence': 2, 'impact_scope': 2}","{'Actionability': -1.0533703247651751, 'Clarity': -0.40964401518645704, 'Specificity': 0.23408229439226108, 'Reproducibility': -0.40964401518645704, 'ReasoningQuality': -0.40964401518645704, 'TechnicalContext': -1.0533703247651751, 'Ambiguity': 2.1652612231284154, 'RepairReadiness': 1.5215349135496972, 'RootCauseEvidence': 0.23408229439226108, 'HiddenReproducibility': -1.0533703247651751, 'ImpactScope': 0.23408229439226108}"
Mockito-9,Mockito,1.0,1.0,"{'Actionability': 0, 'Clarity': 1, 'Specificity': 1, 'Reproducibility': 0, 'ReasoningQuality': 0, 'TechnicalContext': 0, 'Ambiguity': 0, 'RepairReadiness': 1, 'RootCauseEvidence': 1, 'HiddenReproducibility': 0, 'ImpactScope': 0}","{'repair_difficulty': 4, 'ambiguity_count': 0, 'hidden_s2r_present': False, 'root_cause_evidence': 1, 'impact_scope': 0}","{'Actionability': -0.6507913734559684, 'Clarity': -0.05423261445466399, 'Specificity': -0.05423261445466399, 'Reproducibility': -0.6507913734559684, 'ReasoningQuality': -0.6507913734559684, 'TechnicalContext': -0.6507913734559684, 'Ambiguity': 2.3320024215505537, 'RepairReadiness': 1.7354436625492493, 'RootCauseEvidence': -0.05423261445466399, 'HiddenReproducibility': -0.6507913734559684, 'ImpactScope': -0.6507913734559684}"
Time-1,Time,1.0,1.0,"{'Actionability': 0, 'Clarity': 1, 'Specificity': 0, 'Reproducibility': 1, 'ReasoningQuality': 1, 'TechnicalContext': 0, 'Ambiguity': 0, 'RepairReadiness': 0, 'RootCauseEvidence': 2, 'HiddenReproducibility': 0, 'ImpactScope': 0}","{'repair_difficulty': 5, 'ambiguity_count': 0, 'hidden_s2r_present': False, 'root_cause_evidence': 2, 'impact_scope': 0}","{'Actionability': -0.7481320020807246, 'Clarity': -0.19950186722152652, 'Specificity': -0.7481320020807246, 'Reproducibility': -0.19950186722152652, 'ReasoningQuality': -0.19950186722152652, 'TechnicalContext': -0.7481320020807246, 'Ambiguity': 1.995018672215266, 'RepairReadiness': 1.995018672215266, 'RootCauseEvidence': 0.3491282676376716, 'HiddenReproducibility': -0.7481320020807246, 'ImpactScope': -0.7481320020807246}"
Time-10,Time,1.0,1.0,"{'Actionability': 0, 'Clarity': 0, 'Specificity': 0, 'Reproducibility': 0, 'ReasoningQuality': 0, 'TechnicalContext': 0, 'Ambiguity': 0, 'RepairReadiness': 0, 'RootCauseEvidence': 0, 'HiddenReproducibility': 0, 'ImpactScope': 0}","{'repair_difficulty': 5, 'ambiguity_count': 0, 'hidden_s2r_present': False, 'root_cause_evidence': 0, 'impact_scope': 0}","{'Actionability': -0.4714045207910317, 'Clarity': -0.4714045207910317, 'Specificity': -0.4714045207910317, 'Reproducibility': -0.4714045207910317, 'ReasoningQuality': -0.4714045207910317, 'TechnicalContext': -0.4714045207910317, 'Ambiguity': 2.121320343559643, 'RepairReadiness': 2.121320343559643, 'RootCauseEvidence': -0.4714045207910317, 'HiddenReproducibility': -0.4714045207910317, 'ImpactScope': -0.4714045207910317}"
Time-11,Time,1.0,1.0,"{'Actionability': 0, 'Clarity': 1, 'Specificity': 1, 'Reproducibility': 1, 'ReasoningQuality': 1, 'TechnicalContext': 0, 'Ambiguity': 0, 'RepairReadiness': 1, 'RootCauseEvidence': 2, 'HiddenReproducibility': 0, 'ImpactScope': 0}","{'repair_difficulty': 4, 'ambiguity_count': 0, 'hidden_s2r_present': False, 'root_cause_evidence': 2, 'impact_scope': 0}","{'Actionability': -0.8464989719746505, 'Clarity': -0.22573305919324008, 'Specificity': -0.22573305919324008, 'Reproducibility': -0.22573305919324008, 'ReasoningQuality': -0.22573305919324008, 'TechnicalContext': -0.8464989719746505, 'Ambiguity': 2.257330591932402, 'RepairReadiness': 1.6365646791509914, 'RootCauseEvidence': 0.3950328535881703, 'HiddenReproducibility': -0.8464989719746505, 'ImpactScope': -0.8464989719746505}"
Time-12,Time,1.0,1.0,"{'Actionability': 0, 'Clarity': 0, 'Specificity': 0, 'Reproducibility': 0, 'ReasoningQuality': 0, 'TechnicalContext': 0, 'Ambiguity': 0, 'RepairReadiness': 0, 'RootCauseEvidence': 0, 'HiddenReproducibility': 0, 'ImpactScope': 0}","{'repair_difficulty': 5, 'ambiguity_count': 0, 'hidden_s2r_present': False, 'root_cause_evidence': 0, 'impact_scope': 0}","{'Actionability': -0.4714045207910317, 'Clarity': -0.4714045207910317, 'Specificity': -0.4714045207910317, 'Reproducibility': -0.4714045207910317, 'ReasoningQuality': -0.4714045207910317, 'TechnicalContext': -0.4714045207910317, 'Ambiguity': 2.121320343559643, 'RepairReadiness': 2.121320343559643, 'RootCauseEvidence': -0.4714045207910317, 'HiddenReproducibility': -0.4714045207910317, 'ImpactScope': -0.4714045207910317}"
Time-13,Time,1.0,1.0,"{'Actionability': 0, 'Clarity': 0, 'Specificity': 0, 'Reproducibility': 0, 'ReasoningQuality': 0, 'TechnicalContext': 0, 'Ambiguity': 0, 'RepairReadiness': 2, 'RootCauseEvidence': 1, 'HiddenReproducibility': 0, 'ImpactScope': 0}","{'repair_difficulty': 3, 'ambiguity_count': 0, 'hidden_s2r_present': False, 'root_cause_evidence': 1, 'impact_scope': 0}","{'Actionability': -0.516185401208764, 'Clarity': -0.516185401208764, 'Specificity': -0.516185401208764, 'Reproducibility': -0.516185401208764, 'ReasoningQuality': -0.516185401208764, 'TechnicalContext': -0.516185401208764, 'Ambiguity': 2.63828093951146, 'RepairReadiness': 1.3764944032233704, 'RootCauseEvidence': 0.11470786693528084, 'HiddenReproducibility': -0.516185401208764, 'ImpactScope': -0.516185401208764}"
Time-14,Time,1.0,1.0,"{'Actionability': 0, 'Clarity': 1, 'Specificity': 0, 'Reproducibility': 2, 'ReasoningQuality': 1, 'TechnicalContext': 0, 'Ambiguity': 1, 'RepairReadiness': 1, 'RootCauseEvidence': 1, 'HiddenReproducibility': 0, 'ImpactScope': 0}","{'repair_difficulty': 4, 'ambiguity_count': 1, 'hidden_s2r_present': False, 'root_cause_evidence': 1, 'impact_scope': 0}","{'Actionability': -0.806225774829855, 'Clarity': -0.1240347345892085, 'Specificity': -0.806225774829855, 'Reproducibility': 0.558156305651438, 'ReasoningQuality': -0.1240347345892085, 'TechnicalContext': -0.806225774829855, 'Ambiguity': 1.9225383861327312, 'RepairReadiness': 1.9225383861327312, 'RootCauseEvidence': -0.1240347345892085, 'HiddenReproducibility': -0.806225774829855, 'ImpactScope': -0.806225774829855}"
Time-15,Time,1.0,1.0,"{'Actionability': 4, 'Clarity': 1, 'Specificity': 1, 'Reproducibility': 1, 'ReasoningQuality': 3, 'TechnicalContext': 0, 'Ambiguity': 2, 'RepairReadiness': 0, 'RootCauseEvidence': 1, 'HiddenReproducibility': 1, 'ImpactScope': 1}","{'repair_difficulty': 5, 'ambiguity_count': 2, 'hidden_s2r_present': True, 'root_cause_evidence': 1, 'impact_scope': 1}","{'Actionability': 1.389480814659407, 'Clarity': -0.6041220933301771, 'Specificity': -0.6041220933301771, 'Reproducibility': -0.6041220933301771, 'ReasoningQuality': 0.7249465119962123, 'TechnicalContext': -1.2686563959933717, 'Ambiguity': 0.7249465119962123, 'RepairReadiness': 2.0540151173226016, 'RootCauseEvidence': -0.6041220933301771, 'HiddenReproducibility': -0.6041220933301771, 'ImpactScope': -0.6041220933301771}"
Time-16,Time,1.0,1.0,"{'Actionability': 1, 'Clarity': 0, 'Specificity': 1, 'Reproducibility': 2, 'ReasoningQuality': 0, 'TechnicalContext': 0, 'Ambiguity': 1, 'RepairReadiness': 2, 'RootCauseEvidence': 1, 'HiddenReproducibility': 0, 'ImpactScope': 0}","{'repair_difficulty': 3, 'ambiguity_count': 1, 'hidden_s2r_present': False, 'root_cause_evidence': 1, 'impact_scope': 0}","{'Actionability': -0.06933752452815357, 'Clarity': -0.8320502943378436, 'Specificity': -0.06933752452815357, 'Reproducibility': 0.6933752452815364, 'ReasoningQuality': -0.8320502943378436, 'TechnicalContext': -0.8320502943378436, 'Ambiguity': 2.2188007849009166, 'RepairReadiness': 1.4560880150912263, 'RootCauseEvidence': -0.06933752452815357, 'HiddenReproducibility': -0.8320502943378436, 'ImpactScope': -0.8320502943378436}"
Time-17,Time,1.0,1.0,"{'Actionability': 0, 'Clarity': 2, 'Specificity': 1, 'Reproducibility': 2, 'ReasoningQuality': 1, 'TechnicalContext': 0, 'Ambiguity': 1, 'RepairReadiness': 1, 'RootCauseEvidence': 2, 'HiddenReproducibility': 1, 'ImpactScope': 0}","{'repair_difficulty': 4, 'ambiguity_count': 1, 'hidden_s2r_present': True, 'root_cause_evidence': 2, 'impact_scope': 0}","{'Actionability': -1.1258525035052873, 'Clarity': 0.331133089266261, 'Specificity': -0.39735970711951313, 'Reproducibility': 0.331133089266261, 'ReasoningQuality': -0.39735970711951313, 'TechnicalContext': -1.1258525035052873, 'Ambiguity': 1.7881186820378092, 'RepairReadiness': 1.7881186820378092, 'RootCauseEvidence': 0.331133089266261, 'HiddenReproducibility': -0.39735970711951313, 'ImpactScope': -1.1258525035052873}"
Time-18,Time,1.0,1.0,"{'Actionability': 0, 'Clarity': 0, 'Specificity': 1, 'Reproducibility': 0, 'ReasoningQuality': 0, 'TechnicalContext': 0, 'Ambiguity': 0, 'RepairReadiness': 0, 'RootCauseEvidence': 1, 'HiddenReproducibility': 0, 'ImpactScope': 0}","{'repair_difficulty': 5, 'ambiguity_count': 0, 'hidden_s2r_present': False, 'root_cause_evidence': 1, 'impact_scope': 0}","{'Actionability': -0.5800418934273981, 'Clarity': -0.5800418934273981, 'Specificity': -0.048336824452283135, 'Reproducibility': -0.5800418934273981, 'ReasoningQuality': -0.5800418934273981, 'TechnicalContext': -0.5800418934273981, 'Ambiguity': 2.078483451448177, 'RepairReadiness': 2.078483451448177, 'RootCauseEvidence': -0.048336824452283135, 'HiddenReproducibility': -0.5800418934273981, 'ImpactScope': -0.5800418934273981}"
Time-19,Time,1.0,1.0,"{'Actionability': 0, 'Clarity': 2, 'Specificity': 1, 'Reproducibility': 2, 'ReasoningQuality': 1, 'TechnicalContext': 0, 'Ambiguity': 1, 'RepairReadiness': 2, 'RootCauseEvidence': 1, 'HiddenReproducibility': 0, 'ImpactScope': 0}","{'repair_difficulty': 3, 'ambiguity_count': 1, 'hidden_s2r_present': False, 'root_cause_evidence': 1, 'impact_scope': 0}","{'Actionability': -0.9899494936611665, 'Clarity': 0.565685424949238, 'Specificity': -0.21213203435596423, 'Reproducibility': 0.565685424949238, 'ReasoningQuality': -0.21213203435596423, 'TechnicalContext': -0.9899494936611665, 'Ambiguity': 2.121320343559643, 'RepairReadiness': 1.3435028842544403, 'RootCauseEvidence': -0.21213203435596423, 'HiddenReproducibility': -0.9899494936611665, 'ImpactScope': -0.9899494936611665}"
Time-2,Time,1.0,1.0,"{'Actionability': 0, 'Clarity': 1, 'Specificity': 0, 'Reproducibility': 1, 'ReasoningQuality': 1, 'TechnicalContext': 0, 'Ambiguity': 0, 'RepairReadiness': 0, 'RootCauseEvidence': 2, 'HiddenReproducibility': 0, 'ImpactScope': 0}","{'repair_difficulty': 5, 'ambiguity_count': 0, 'hidden_s2r_present': False, 'root_cause_evidence': 2, 'impact_scope': 0}","{'Actionability': -0.7481320020807246, 'Clarity': -0.19950186722152652, 'Specificity': -0.7481320020807246, 'Reproducibility': -0.19950186722152652, 'ReasoningQuality': -0.19950186722152652, 'TechnicalContext': -0.7481320020807246, 'Ambiguity': 1.995018672215266, 'RepairReadiness': 1.995018672215266, 'RootCauseEvidence': 0.3491282676376716, 'HiddenReproducibility': -0.7481320020807246, 'ImpactScope': -0.7481320020807246}"
Time-20,Time,1.0,1.0,"{'Actionability': 0, 'Clarity': 1, 'Specificity': 2, 'Reproducibility': 2, 'ReasoningQuality': 1, 'TechnicalContext': 0, 'Ambiguity': 0, 'RepairReadiness': 1, 'RootCauseEvidence': 1, 'HiddenReproducibility': 0, 'ImpactScope': 1}","{'repair_difficulty': 4, 'ambiguity_count': 0, 'hidden_s2r_present': False, 'root_cause_evidence': 1, 'impact_scope': 1}","{'Actionability': -0.9914601339836674, 'Clarity': -0.3499271061118826, 'Specificity': 0.2916059217599022, 'Reproducibility': 0.2916059217599022, 'ReasoningQuality': -0.3499271061118826, 'TechnicalContext': -0.9914601339836674, 'Ambiguity': 2.2162050053752567, 'RepairReadiness': 1.5746719775034717, 'RootCauseEvidence': -0.3499271061118826, 'HiddenReproducibility': -0.9914601339836674, 'ImpactScope': -0.3499271061118826}"
Time-22,Time,1.0,1.0,"{'Actionability': 0, 'Clarity': 3, 'Specificity': 1, 'Reproducibility': 4, 'ReasoningQuality': 1, 'TechnicalContext': 0, 'Ambiguity': 1, 'RepairReadiness': 4, 'RootCauseEvidence': 2, 'HiddenReproducibility': 1, 'ImpactScope': 0}","{'repair_difficulty': 1, 'ambiguity_count': 1, 'hidden_s2r_present': True, 'root_cause_evidence': 2, 'impact_scope': 0}","{'Actionability': -1.075174404457249, 'Clarity': 1.0119288512538815, 'Specificity': -0.37947331922020555, 'Reproducibility': 1.707629936490925, 'ReasoningQuality': -0.37947331922020555, 'TechnicalContext': -1.075174404457249, 'Ambiguity': 1.707629936490925, 'RepairReadiness': -0.37947331922020555, 'RootCauseEvidence': 0.316227766016838, 'HiddenReproducibility': -0.37947331922020555, 'ImpactScope': -1.075174404457249}"
Time-23,Time,1.0,1.0,"{'Actionability': 0, 'Clarity': 1, 'Specificity': 1, 'Reproducibility': 1, 'ReasoningQuality': 1, 'TechnicalContext': 0, 'Ambiguity': 0, 'RepairReadiness': 2, 'RootCauseEvidence': 2, 'HiddenReproducibility': 1, 'ImpactScope': 0}","{'repair_difficulty': 3, 'ambiguity_count': 0, 'hidden_s2r_present': True, 'root_cause_evidence': 2, 'impact_scope': 0}","{'Actionability': -0.9525009525014287, 'Clarity': -0.25400025400038095, 'Specificity': -0.25400025400038095, 'Reproducibility': -0.25400025400038095, 'ReasoningQuality': -0.25400025400038095, 'TechnicalContext': -0.9525009525014287, 'Ambiguity': 2.5400025400038104, 'RepairReadiness': 1.1430011430017146, 'RootCauseEvidence': 0.44450044450066684, 'HiddenReproducibility': -0.25400025400038095, 'ImpactScope': -0.9525009525014287}"
Time-24,Time,1.0,1.0,"{'Actionability': 0, 'Clarity': 1, 'Specificity': 0, 'Reproducibility': 1, 'ReasoningQuality': 1, 'TechnicalContext': 0, 'Ambiguity': 0, 'RepairReadiness': 2, 'RootCauseEvidence': 1, 'HiddenReproducibility': 0, 'ImpactScope': 0}","{'repair_difficulty': 3, 'ambiguity_count': 0, 'hidden_s2r_present': False, 'root_cause_evidence': 1, 'impact_scope': 0}","{'Actionability': -0.7249465119962123, 'Clarity': -0.06041220933301764, 'Specificity': -0.7249465119962123, 'Reproducibility': -0.06041220933301764, 'ReasoningQuality': -0.06041220933301764, 'TechnicalContext': -0.7249465119962123, 'Ambiguity': 2.5977250013197613, 'RepairReadiness': 1.2686563959933717, 'RootCauseEvidence': -0.06041220933301764, 'HiddenReproducibility': -0.7249465119962123, 'ImpactScope': -0.7249465119962123}"
Time-25,Time,1.0,1.0,"{'Actionability': 0, 'Clarity': 1, 'Specificity': 1, 'Reproducibility': 1, 'ReasoningQuality': 1, 'TechnicalContext': 0, 'Ambiguity': 0, 'RepairReadiness': 2, 'RootCauseEvidence': 1, 'HiddenReproducibility': 0, 'ImpactScope': 0}","{'repair_difficulty': 3, 'ambiguity_count': 0, 'hidden_s2r_present': False, 'root_cause_evidence': 1, 'impact_scope': 0}","{'Actionability': -0.806225774829855, 'Clarity': -0.1240347345892085, 'Specificity': -0.1240347345892085, 'Reproducibility': -0.1240347345892085, 'ReasoningQuality': -0.1240347345892085, 'TechnicalContext': -0.806225774829855, 'Ambiguity': 2.604729426373378, 'RepairReadiness': 1.2403473458920844, 'RootCauseEvidence': -0.1240347345892085, 'HiddenReproducibility': -0.806225774829855, 'ImpactScope': -0.806225774829855}"
Time-26,Time,1.0,1.0,"{'Actionability': 0, 'Clarity': 3, 'Specificity': 1, 'Reproducibility': 3, 'ReasoningQuality': 1, 'TechnicalContext': 0, 'Ambiguity': 2, 'RepairReadiness': 3, 'RootCauseEvidence': 1, 'HiddenReproducibility': 0, 'ImpactScope': 0}","{'repair_difficulty': 2, 'ambiguity_count': 2, 'hidden_s2r_present': False, 'root_cause_evidence': 1, 'impact_scope': 0}","{'Actionability': -1.049344364594206, 'Clarity': 1.4241102090921367, 'Specificity': -0.2248595066987584, 'Reproducibility': 1.4241102090921367, 'ReasoningQuality': -0.2248595066987584, 'TechnicalContext': -1.049344364594206, 'Ambiguity': 1.4241102090921367, 'RepairReadiness': 0.5996253511966891, 'RootCauseEvidence': -0.2248595066987584, 'HiddenReproducibility': -1.049344364594206, 'ImpactScope': -1.049344364594206}"
Time-27,Time,1.0,1.0,"{'Actionability': 0, 'Clarity': 1, 'Specificity': 0, 'Reproducibility': 1, 'ReasoningQuality': 1, 'TechnicalContext': 0, 'Ambiguity': 0, 'RepairReadiness': 0, 'RootCauseEvidence': 1, 'HiddenReproducibility': 0, 'ImpactScope': 0}","{'repair_difficulty': 5, 'ambiguity_count': 0, 'hidden_s2r_present': False, 'root_cause_evidence': 1, 'impact_scope': 0}","{'Actionability': -0.7017565899639198, 'Clarity': -0.15037641213512565, 'Specificity': -0.7017565899639198, 'Reproducibility': -0.15037641213512565, 'ReasoningQuality': -0.15037641213512565, 'TechnicalContext': -0.7017565899639198, 'Ambiguity': 2.055144299180051, 'RepairReadiness': 2.055144299180051, 'RootCauseEvidence': -0.15037641213512565, 'HiddenReproducibility': -0.7017565899639198, 'ImpactScope': -0.7017565899639198}"
Time-3,Time,1.0,1.0,"{'Actionability': 0, 'Clarity': 2, 'Specificity': 0, 'Reproducibility': 2, 'ReasoningQuality': 1, 'TechnicalContext': 0, 'Ambiguity': 0, 'RepairReadiness': 1, 'RootCauseEvidence': 1, 'HiddenReproducibility': 0, 'ImpactScope': 0}","{'repair_difficulty': 4, 'ambiguity_count': 0, 'hidden_s2r_present': False, 'root_cause_evidence': 1, 'impact_scope': 0}","{'Actionability': -0.8183170883849714, 'Clarity': 0.38188130791298674, 'Specificity': -0.8183170883849714, 'Reproducibility': 0.38188130791298674, 'ReasoningQuality': -0.2182178902359923, 'TechnicalContext': -0.8183170883849714, 'Ambiguity': 2.182178902359924, 'RepairReadiness': 1.582079704210945, 'RootCauseEvidence': -0.2182178902359923, 'HiddenReproducibility': -0.8183170883849714, 'ImpactScope': -0.8183170883849714}"
Time-4,Time,1.0,1.0,"{'Actionability': 0, 'Clarity': 1, 'Specificity': 1, 'Reproducibility': 0, 'ReasoningQuality': 0, 'TechnicalContext': 0, 'Ambiguity': 0, 'RepairReadiness': 0, 'RootCauseEvidence': 1, 'HiddenReproducibility': 0, 'ImpactScope': 0}","{'repair_difficulty': 5, 'ambiguity_count': 0, 'hidden_s2r_present': False, 'root_cause_evidence': 1, 'impact_scope': 0}","{'Actionability': -0.6389151433378876, 'Clarity': -0.09829463743659811, 'Specificity': -0.09829463743659811, 'Reproducibility': -0.6389151433378876, 'ReasoningQuality': -0.6389151433378876, 'TechnicalContext': -0.6389151433378876, 'Ambiguity': 2.06418738616856, 'RepairReadiness': 2.06418738616856, 'RootCauseEvidence': -0.09829463743659811, 'HiddenReproducibility': -0.6389151433378876, 'ImpactScope': -0.6389151433378876}"
Time-5,Time,1.0,1.0,"{'Actionability': 1, 'Clarity': 1, 'Specificity': 0, 'Reproducibility': 1, 'ReasoningQuality': 1, 'TechnicalContext': 0, 'Ambiguity': 0, 'RepairReadiness': 1, 'RootCauseEvidence': 1, 'HiddenReproducibility': 0, 'ImpactScope': 0}","{'repair_difficulty': 4, 'ambiguity_count': 0, 'hidden_s2r_present': False, 'root_cause_evidence': 1, 'impact_scope': 0}","{'Actionability': -0.17038855027411945, 'Clarity': -0.17038855027411945, 'Specificity': -0.7951465679458908, 'Reproducibility': -0.17038855027411945, 'ReasoningQuality': -0.17038855027411945, 'TechnicalContext': -0.7951465679458908, 'Ambiguity': 2.328643520412966, 'RepairReadiness': 1.7038855027411945, 'RootCauseEvidence': -0.17038855027411945, 'HiddenReproducibility': -0.7951465679458908, 'ImpactScope': -0.7951465679458908}"
Time-6,Time,1.0,1.0,"{'Actionability': 0, 'Clarity': 0, 'Specificity': 1, 'Reproducibility': 2, 'ReasoningQuality': 0, 'TechnicalContext': 0, 'Ambiguity': 1, 'RepairReadiness': 1, 'RootCauseEvidence': 1, 'HiddenReproducibility': 0, 'ImpactScope': 0}","{'repair_difficulty': 4, 'ambiguity_count': 1, 'hidden_s2r_present': False, 'root_cause_evidence': 1, 'impact_scope': 0}","{'Actionability': -0.7249465119962123, 'Clarity': -0.7249465119962123, 'Specificity': -0.06041220933301764, 'Reproducibility': 0.6041220933301771, 'ReasoningQuality': -0.7249465119962123, 'TechnicalContext': -0.7249465119962123, 'Ambiguity': 1.9331906986565663, 'RepairReadiness': 1.9331906986565663, 'RootCauseEvidence': -0.06041220933301764, 'HiddenReproducibility': -0.7249465119962123, 'ImpactScope': -0.7249465119962123}"
Time-7,Time,1.0,1.0,"{'Actionability': 4, 'Clarity': 2, 'Specificity': 1, 'Reproducibility': 1, 'ReasoningQuality': 2, 'TechnicalContext': 0, 'Ambiguity': 2, 'RepairReadiness': 0, 'RootCauseEvidence': 1, 'HiddenReproducibility': 1, 'ImpactScope': 1}","{'repair_difficulty': 5, 'ambiguity_count': 2, 'hidden_s2r_present': True, 'root_cause_evidence': 1, 'impact_scope': 1}","{'Actionability': 1.4488638132020377, 'Clarity': 0.06299407883487115, 'Specificity': -0.6299407883487121, 'Reproducibility': -0.6299407883487121, 'ReasoningQuality': 0.06299407883487115, 'TechnicalContext': -1.3228756555322954, 'Ambiguity': 0.7559289460184544, 'RepairReadiness': 2.141798680385621, 'RootCauseEvidence': -0.6299407883487121, 'HiddenReproducibility': -0.6299407883487121, 'ImpactScope': -0.6299407883487121}"
Time-8,Time,1.0,1.0,"{'Actionability': 0, 'Clarity': 2, 'Specificity': 0, 'Reproducibility': 1, 'ReasoningQuality': 1, 'TechnicalContext': 0, 'Ambiguity': 0, 'RepairReadiness': 0, 'RootCauseEvidence': 1, 'HiddenReproducibility': 0, 'ImpactScope': 0}","{'repair_difficulty': 5, 'ambiguity_count': 0, 'hidden_s2r_present': False, 'root_cause_evidence': 1, 'impact_scope': 0}","{'Actionability': -0.7481320020807246, 'Clarity': 0.3491282676376716, 'Specificity': -0.7481320020807246, 'Reproducibility': -0.19950186722152652, 'ReasoningQuality': -0.19950186722152652, 'TechnicalContext': -0.7481320020807246, 'Ambiguity': 1.995018672215266, 'RepairReadiness': 1.995018672215266, 'RootCauseEvidence': -0.19950186722152652, 'HiddenReproducibility': -0.7481320020807246, 'ImpactScope': -0.7481320020807246}"
Time-9,Time,1.0,1.0,"{'Actionability': 0, 'Clarity': 0, 'Specificity': 0, 'Reproducibility': 0, 'ReasoningQuality': 0, 'TechnicalContext': 0, 'Ambiguity': 0, 'RepairReadiness': 0, 'RootCauseEvidence': 1, 'HiddenReproducibility': 0, 'ImpactScope': 0}","{'repair_difficulty': 5, 'ambiguity_count': 0, 'hidden_s2r_present': False, 'root_cause_evidence': 1, 'impact_scope': 0}","{'Actionability': -0.5244044240850757, 'Clarity': -0.5244044240850757, 'Specificity': -0.5244044240850757, 'Reproducibility': -0.5244044240850757, 'ReasoningQuality': -0.5244044240850757, 'TechnicalContext': -0.5244044240850757, 'Ambiguity': 2.097617696340303, 'RepairReadiness': 2.097617696340303, 'RootCauseEvidence': 0.0, 'HiddenReproducibility': -0.5244044240850757, 'ImpactScope': -0.5244044240850757}"
